acc_x,acc_y,acc_z,gyro_x,gyro_y,gyro_z,class
7285,-3270,5552,5,5,20,2
7355,-3266,5480,0,2,9,2
7406,-3256,5427,1,7,9,2
7379,-3266,5521,11,15,11,2
7342,-3310,5646,17,10,7,2
7348,-3332,5627,21,2,-6,2
7381,-3314,5610,20,-1,-16,2
7374,-3263,5670,15,2,-12,2
7339,-3257,5739,5,1,-6,2
7297,-3286,5724,-1,-6,4,2
7270,-3317,5674,-2,-10,9,2
7251,-3294,5624,4,-13,6,2
7239,-3257,5549,8,-18,6,2
7271,-3247,5450,0,-19,21,2
7273,-3313,5366,-11,-10,34,2
7271,-3377,5299,-17,0,33,2
7300,-3450,5273,-21,6,22,2
7304,-3495,5294,-15,9,1,2
7325,-3481,5339,1,14,-11,2
7387,-3475,5400,19,15,-19,2
7415,-3413,5478,35,17,-32,2
7430,-3269,5555,40,19,-45,2
7443,-3171,5634,36,20,-50,2
7433,-3077,5675,28,20,-40,2
7427,-2998,5650,25,20,-27,2
7448,-2960,5621,21,20,-11,2
7461,-2995,5610,14,15,9,2
7473,-3085,5561,10,14,22,2
7491,-3135,5581,11,16,29,2
7504,-3199,5606,11,18,26,2
7447,-3226,5636,11,23,19,2
7332,-3294,5745,9,28,20,2
7236,-3380,5877,6,25,14,2
7145,-3416,5931,11,15,-6,2
7114,-3320,5901,23,2,-31,2
7192,-3176,5845,34,-10,-38,2
7302,-3065,5735,36,-18,-26,2
7385,-3034,5633,31,-23,-6,2
7494,-3100,5572,18,-19,6,2
7474,-3155,5583,4,-5,9,2
7403,-3199,5618,-4,6,4,2
7358,-3237,5680,-8,10,5,2
7360,-3227,5759,-4,2,-2,2
7407,-3156,5795,7,-9,-14,2
7423,-3023,5769,15,-18,-23,2
7423,-2930,5697,15,-26,-20,2
7427,-2934,5636,2,-29,-13,2
7406,-2961,5591,-13,-25,-11,2
7379,-3040,5585,-29,-11,15,2
7346,-3046,5536,-15,3,-1,2
7354,-3031,5518,-25,7,-4,2
7379,-3016,5506,-25,12,4,2
7381,-3059,5482,-18,16,21,2
7386,-3087,5475,-7,20,27,2
7356,-3101,5497,0,23,24,2
7346,-3088,5583,-1,27,23,2
7291,-3092,5628,-14,34,27,2
7261,-3155,5628,-29,38,29,2
7253,-3220,5607,-39,37,32,2
7279,-3278,5609,-31,36,37,2
7264,-3334,5572,-11,31,30,2
7269,-3281,5531,12,27,18,2
7278,-3203,5533,26,26,11,2
7302,-3178,5552,20,32,9,2
7266,-3191,5590,3,39,5,2
7247,-3219,5616,-9,46,9,2
7307,-3252,5625,-9,45,19,2
7343,-3313,5595,-1,41,22,2
7349,-3314,5565,15,39,18,2
7358,-3264,5594,26,42,15,2
7369,-3211,5697,20,48,15,2
7304,-3213,5832,5,50,21,2
7257,-3330,5875,-12,45,30,2
7257,-3378,5842,-17,37,30,2
7331,-3363,5723,-3,28,23,2
7405,-3287,5587,17,26,18,2
7416,-3187,5594,28,33,18,2
7340,-3124,5748,21,44,30,2
7258,-3185,5879,2,47,53,2
7207,-3348,5960,-19,43,69,2
7166,-3519,5946,-27,33,63,2
7142,-3586,5869,-19,24,51,2
7161,-3560,5814,-8,19,42,2
7187,-3531,5797,-2,20,33,2
7212,-3460,5754,0,21,28,2
7257,-3373,5712,0,27,29,2
7269,-3342,5703,-9,38,34,2
7212,-3367,5773,-22,47,49,2
7149,-3456,5912,-36,55,62,2
7082,-3539,5998,-45,58,63,2
7061,-3543,5991,-50,52,51,2
7041,-3515,5983,-56,45,31,2
7051,-3464,5970,-61,38,17,2
7095,-3374,5870,-64,33,11,2
7133,-3330,5749,-64,27,17,2
7166,-3350,5642,-65,28,28,2
7158,-3369,5613,-63,33,31,2
7125,-3372,5648,-61,34,25,2
7124,-3375,5695,-60,32,14,2
7119,-3354,5710,-60,31,4,2
7119,-3354,5710,-60,31,4,2
7166,-3317,5741,-61,30,5,2
7144,-3343,5778,-63,23,10,2
7101,-3386,5755,-63,14,4,2
7112,-3363,5698,-61,4,-6,2
7138,-3328,5625,-54,-2,-14,2
7186,-3317,5584,-43,-9,-22,2
7182,-3270,5594,-30,-16,-33,2
7181,-3205,5624,-16,-21,-32,2
7227,-3173,5634,-12,-21,-19,2
7209,-3159,5637,-19,-20,-9,2
7180,-3187,5577,-27,-21,-4,2
7188,-3299,5754,36,-40,-15,2
7188,-3299,5754,36,-40,-15,2
7231,-3300,5668,35,-39,-21,2
7265,-3270,5570,33,-29,-22,2
7275,-3269,5517,33,-13,-19,2
7266,-3255,5509,31,3,-20,2
7265,-3196,5584,34,18,-15,2
7239,-3203,5707,28,30,1,2
7234,-3238,5863,17,23,-10,2
7258,-3219,5864,11,21,6,2
7276,-3300,5845,0,15,10,2
7276,-3326,5796,-5,10,7,2
7318,-3331,5722,-3,4,6,2
7362,-3337,5686,5,-1,4,2
7357,-3334,5713,12,-4,2,2
7326,-3317,5763,17,-7,0,2
7328,-3122,5842,21,-26,4,2
7113,-3379,5783,21,-39,15,2
7106,-3360,5767,18,-41,23,2
7066,-3383,5759,11,-37,33,2
7023,-3465,5745,1,-36,33,2
6970,-3527,5747,-5,-36,19,2
6967,-3571,5736,-6,-41,5,2
6988,-3603,5710,-3,-44,-6,2
7014,-3599,5638,3,-48,-25,2
7034,-3521,5561,9,-44,-47,2
7070,-3435,5560,12,-35,-61,2
7120,-3341,5612,10,-29,-71,2
7156,-3238,5616,10,-25,-78,2
7205,-3141,5578,11,-21,-67,2
7271,-3132,5521,11,-18,-45,2
7291,-3166,5462,10,-12,-27,2
7312,-3191,5448,8,-2,-20,2
7321,-3209,5466,5,6,-17,2
7332,-3210,5488,6,9,-13,2
7376,-3190,5457,13,17,-9,2
7388,-3184,5508,34,27,-14,2
7178,-3453,5735,7,-5,19,2
7172,-3486,5707,12,-5,17,2
7146,-3493,5684,21,-6,6,2
7149,-3470,5668,27,-8,-4,2
7180,-3426,5695,27,-9,-14,2
7218,-3369,5706,26,-7,-33,2
7267,-3243,5701,24,-4,-41,2
7321,-3180,5727,21,-3,-28,2
7306,-3215,5748,20,-4,-11,2
7286,-3245,5763,18,-4,-5,2
7292,-3241,5758,15,-6,-6,2
7308,-3231,5706,16,-9,-2,2
7302,-3197,5704,15,-5,0,2
7131,-3362,5757,-5,-24,12,2
7131,-3362,5757,-5,-24,12,2
7161,-3385,5688,5,-26,11,2
7164,-3396,5637,14,-26,4,2
7157,-3362,5660,18,-23,-4,2
7173,-3300,5713,13,-19,-7,2
7188,-3306,5717,4,-13,-9,2
7178,-3319,5681,-3,-7,-12,2
7178,-3298,5704,-5,-2,-17,2
7190,-3274,5736,-2,-1,-13,2
7200,-3240,5733,6,-4,-8,2
7233,-3247,5737,9,-7,-3,2
7239,-3256,5736,7,-10,-3,2
7230,-3269,5820,-17,-6,0,2
7211,-3349,5755,-19,-9,1,2
7212,-3338,5686,-11,-11,-8,2
7236,-3276,5661,1,-13,-16,2
7278,-3223,5648,8,-14,-16,2
7279,-3226,5663,4,-12,-15,2
7270,-3235,5695,-2,-10,-9,2
7264,-3221,5719,-11,-5,-4,2
7248,-3240,5757,-15,-2,-4,2
7255,-3249,5757,-9,-5,4,2
7289,-3284,5742,1,-12,12,2
7310,-3283,5717,10,-17,14,2
7308,-3257,5698,13,-18,11,2
7292,-3220,5704,12,-18,2,2
7282,-3217,5698,0,-18,-6,2
7279,-3190,5707,-5,-13,-6,2
7186,-3269,5754,-1,-10,12,2
7200,-3257,5727,2,-13,13,2
7243,-3256,5678,6,-13,15,2
7258,-3246,5686,8,-10,17,2
7243,-3245,5700,5,-8,17,2
7254,-3293,5728,4,-6,18,2
7252,-3314,5727,2,-3,12,2
7216,-3312,5730,3,-2,3,2
7217,-3292,5721,8,-2,0,2
7229,-3266,5700,14,-2,1,2
7203,-3243,5704,13,-2,-3,2
7216,-3197,5700,8,0,-2,2
7239,-3211,5737,5,2,4,2
7240,-3251,5791,1,2,11,2
7219,-3292,5809,1,0,16,2
7219,-3317,5809,0,-4,15,2
7219,-3288,5777,1,-7,11,2
7225,-3275,5748,2,-11,10,2
7235,-3404,5731,-6,0,17,2
7221,-3373,5722,-3,0,5,2
7223,-3335,5710,0,-1,0,2
7230,-3306,5694,2,-3,2,2
7230,-3276,5694,1,-1,2,2
7210,-3290,5737,-4,-2,-8,2
7239,-3239,5754,-5,-3,-19,2
7288,-3201,5721,-4,-3,-14,2
7294,-3205,5695,2,-4,-4,2
7290,-3185,5670,6,-7,-1,2
7283,-3155,5639,6,-4,-1,2
7257,-3155,5660,1,0,2,2
7230,-3198,5722,-6,1,4,2
7222,-3216,5758,-11,0,2,2
7252,-3233,5752,-10,1,9,2
7269,-3304,5780,-9,-2,18,2
7234,-3367,5802,-4,-5,19,2
7219,-3365,5785,0,-11,11,2
7230,-3325,5747,2,-15,7,2
7245,-3295,5693,1,-15,5,2
7240,-3282,5685,-1,-12,5,2
7204,-3304,5722,-3,-10,9,2
7168,-3287,5736,-5,-12,11,2
7210,-3307,5644,-4,-12,1,2
7212,-3312,5627,-5,-6,-5,2
7228,-3261,5633,-9,0,-9,2
7239,-3244,5657,-11,3,-5,2
7247,-3261,5689,-7,4,-2,2
7271,-3261,5722,-1,4,2,2
7245,-3270,5745,2,1,11,2
7225,-3276,5764,0,0,13,2
7221,-3281,5745,-4,-1,9,2
7255,-3293,5701,-7,-4,4,2
7231,-3277,5688,-7,-5,-1,2
7231,-3277,5688,-7,-5,-1,2
7204,-3282,5692,-3,-5,-2,2
7211,-3275,5700,0,-5,-4,2
7215,-3281,5749,3,-6,-3,2
7227,-3282,5782,1,-6,3,2
7237,-3299,5769,-7,-5,11,2
7234,-3314,5764,-16,-3,12,2
7224,-3344,5767,-20,-5,12,2
7227,-3317,5698,-15,-10,11,2
7252,-3305,5622,-9,-10,11,2
7248,-3302,5607,-1,-6,11,2
7231,-3320,5621,2,-2,10,2
7223,-3313,5717,-3,3,-17,2
7242,-3271,5745,-1,0,-17,2
7275,-3241,5715,0,-7,-16,2
7249,-3215,5674,3,-9,-13,2
7239,-3174,5680,4,-9,-14,2
7260,-3128,5705,0,-7,-15,2
7290,-3122,5710,-2,-7,-10,2
7278,-3142,5712,-1,-8,8,2
7229,-3296,5723,-3,-6,26,2
7236,-3317,5741,-3,-6,26,2
7227,-3363,5752,-5,-6,26,2
7207,-3378,5728,-6,-6,22,2
7185,-3399,5710,-6,-8,18,2
7198,-3417,5712,-2,-11,14,2
7180,-3425,5705,2,-11,6,2
7173,-3409,5689,5,-12,-6,2
7194,-3357,5706,6,-12,-12,2
7224,-3312,5675,3,-8,-9,2
7227,-3300,5630,-2,-4,-8,2
7240,-3283,5608,-4,0,-8,2
7255,-3246,5667,-3,3,-6,2
7252,-3226,5731,0,3,-3,2
7253,-3228,5776,3,-1,1,2
7252,-3253,5788,4,-6,7,2
7249,-3274,5737,-3,-9,8,2
7241,-3290,5688,-5,-8,5,2
7239,-3300,5686,-4,-8,0,2
7231,-3289,5667,-5,-4,0,2
7231,-3289,5667,-5,-4,0,2
7211,-3304,5695,-8,-2,0,2
7211,-3287,5713,-3,-2,3,2
7243,-3287,5689,6,-5,4,2
7270,-3268,5643,15,-8,3,2
7271,-3257,5638,13,-5,-3,2
7258,-3234,5681,4,-1,-8,2
7270,-3207,5688,-2,4,-4,2
7267,-3217,5757,-6,5,2,2
7233,-3271,5753,-2,-2,15,2
7233,-3271,5753,-2,-2,15,2
7237,-3307,5719,5,-6,25,2
7253,-3343,5686,7,-6,26,2
7230,-3335,5667,4,-5,17,2
7223,-3324,5699,0,-5,12,2
7233,-3359,5674,-4,-4,12,2
7201,-3401,5646,-8,0,4,2
7179,-3384,5709,-3,3,-5,2
7187,-3389,5748,1,1,-6,2
7217,-3351,5759,2,-4,-4,2
7237,-3316,5728,3,-6,-4,2
7266,-3301,5695,2,-5,-1,2
7246,-3301,5685,0,-2,-1,2
7233,-3304,5668,-4,0,-9,2
7229,-3288,5688,-2,3,-16,2
7231,-3269,5695,3,3,-11,2
7224,-3261,5691,9,1,-6,2
7231,-3268,5728,11,0,-6,2
7231,-3239,5755,13,-2,-12,2
7259,-3174,5736,9,-6,-11,2
7277,-3185,5674,1,-6,-1,2
7273,-3216,5658,-4,-2,4,2
7241,-3243,5706,-7,1,10,2
7224,-3268,5763,-4,0,14,2
7234,-3293,5777,0,-6,15,2
7243,-3288,5748,2,-9,15,2
7243,-3311,5711,6,-14,17,2
7236,-3330,5707,7,-13,19,2
7198,-3369,5689,3,-10,19,2
7169,-3404,5709,-1,-7,16,2
7157,-3423,5717,-4,-8,12,2
7149,-3433,5727,-8,-7,2,2
7180,-3421,5664,-6,-7,-14,2
7199,-3353,5646,-2,-7,-22,2
7217,-3300,5655,5,-6,-17,2
7270,-3282,5646,10,-4,-7,2
7269,-3281,5666,7,-2,-4,2
7237,-3253,5670,5,-1,-3,2
7239,-3235,5670,3,0,-1,2
7249,-3223,5669,3,3,1,2
7251,-3233,5727,0,4,3,2
7242,-3256,5777,0,2,3,2
7242,-3256,5777,0,2,3,2
7242,-3277,5755,0,0,1,2
7261,-3283,5731,2,-4,1,2
7263,-3281,5713,3,-7,0,2
7252,-3281,5724,4,-6,-2,2
7241,-3272,5721,3,-9,0,2
7219,-3269,5670,4,-11,2,2
7228,-3253,5634,2,-9,5,2
7239,-3275,5625,1,-2,11,2
7221,-3308,5667,1,3,10,2
7198,-3322,5737,0,3,9,2
7218,-3301,5687,5,-4,-2,2
7218,-3301,5687,5,-4,-2,2
7231,-3324,5687,4,-4,2,2
7218,-3367,5699,-1,-1,6,2
7217,-3391,5704,-3,2,1,2
7192,-3378,5723,-3,4,-5,2
7195,-3349,5746,-1,2,-9,2
7215,-3307,5731,2,0,-8,2
7245,-3269,5704,5,0,-4,2
7231,-3217,5699,8,2,-1,2
7231,-3217,5699,8,2,-1,2
7218,-3213,5772,6,1,-1,2
7219,-3191,5820,3,0,0,2
7243,-3176,5840,-2,1,4,2
7271,-3215,5806,-7,-4,9,2
7252,-3253,5760,-7,-5,13,2
7239,-3275,5740,-5,-6,15,2
7224,-3289,5760,-2,-9,15,2
7193,-3325,5740,-6,-15,7,2
7193,-3325,5740,-6,-15,7,2
7185,-3337,5682,-11,-14,8,2
7190,-3363,5648,-11,-11,6,2
7213,-3371,5646,-9,-9,3,2
7221,-3345,5621,-5,-9,3,2
7240,-3345,5585,-1,-7,3,2
7247,-3328,5590,0,-3,-2,2
7216,-3295,5652,1,2,-10,2
7213,-3278,5707,0,1,-10,2
7241,-3266,5681,4,-2,-9,2
7245,-3258,5652,10,0,-7,2
7246,-3234,5692,14,1,-7,2
7249,-3208,5710,14,0,-2,2
7246,-3209,5729,11,2,2,2
7239,-3228,5748,3,4,3,2
7201,-3238,5803,-1,1,6,2
7211,-3284,5780,-2,-5,5,2
7211,-3282,5748,0,-11,6,2
7234,-3265,5730,5,-14,11,2
7246,-3271,5688,4,-12,16,2
7223,-3272,5680,0,-6,23,2
7190,-3329,5728,-5,-2,26,2
7190,-3385,5758,-10,-2,27,2
7176,-3427,5740,-10,-4,19,2
7179,-3460,5733,-5,-8,9,2
7194,-3442,5719,4,-12,3,2
7200,-3402,5662,11,-15,-5,2
7219,-3331,5624,13,-14,-11,2
7230,-3292,5624,10,-10,-10,2
7219,-3270,5663,7,-3,-7,2
7223,-3247,5688,3,2,-2,2
7204,-3262,5706,2,2,4,2
7219,-3277,5707,1,4,9,2
7228,-3275,5700,0,3,10,2
7231,-3228,5697,2,1,2,2
7231,-3228,5697,2,1,2,2
7248,-3243,5686,3,0,8,2
7224,-3264,5777,0,-3,4,2
7224,-3264,5777,0,-3,4,2
7265,-3271,5715,-2,-5,14,2
7253,-3292,5682,-4,-4,20,2
7225,-3320,5688,-3,-2,19,2
7235,-3338,5697,-1,0,15,2
7201,-3368,5713,-3,-1,13,2
7173,-3362,5780,-7,0,9,2
7161,-3373,5842,-6,-6,6,2
7179,-3369,5773,0,-14,3,2
7187,-3354,5650,-8,-1,-2,2
7198,-3328,5667,-3,-1,-8,2
7218,-3295,5679,6,-2,-4,2
7234,-3210,5722,4,3,1,2
7224,-3228,5724,-1,6,7,2
7201,-3278,5718,-4,4,12,2
7182,-3361,5737,-4,2,17,2
7173,-3381,5777,0,0,11,2
7164,-3355,5825,2,-2,1,2
7182,-3336,5807,4,-6,1,2
7213,-3328,5780,2,-7,1,2
7215,-3308,5763,-2,-7,1,2
7207,-3316,5747,-5,-11,0,2
7205,-3343,5722,-12,-10,-4,2
7191,-3355,5680,-15,-12,-5,2
7216,-3359,5636,-11,-8,-3,2
7216,-3359,5636,-11,-8,-3,2
7249,-3343,5597,-5,-4,1,2
7223,-3338,5619,2,-3,2,2
7236,-3331,5610,8,0,-1,2
7224,-3320,5656,12,3,-7,2
7215,-3263,5719,15,4,-13,2
7199,-3197,5766,12,4,-13,2
7206,-3202,5792,6,3,-5,2
7219,-3215,5792,2,1,5,2
7243,-3226,5796,0,0,10,2
7212,-3262,5802,0,-3,10,2
7199,-3270,5837,2,-8,8,2
7210,-3276,5856,-3,-14,6,2
7215,-3265,5783,-10,-20,2,2
7134,-3451,5695,-5,-15,13,2
7134,-3451,5695,-5,-15,13,2
7142,-3478,5685,-7,-14,3,2
7161,-3426,5701,-7,-13,-18,2
7190,-3344,5692,-7,-13,-28,2
7203,-3304,5672,-4,-11,-17,2
7219,-3314,5679,-3,-8,-7,2
7242,-3325,5666,-4,-7,-7,2
7279,-3306,5610,-3,-4,-9,2
7271,-3280,5606,1,1,-6,2
7253,-3276,5651,0,4,-3,2
7236,-3283,5678,-3,4,-3,2
7198,-3304,5717,-2,4,-1,2
7191,-3302,5777,-8,5,0,2
7219,-3328,5813,-25,2,2,2
7204,-3430,5712,-20,-4,-6,2
7204,-3430,5712,-20,-4,-6,2
7242,-3360,5713,-2,-11,-23,2
7224,-3226,5773,-15,-13,-5,2
7224,-3226,5773,-15,-13,-5,2
7205,-3256,5694,-27,-16,-1,2
7218,-3276,5618,-23,-17,0,2
7242,-3287,5585,-9,-16,0,2
7251,-3255,5620,6,-18,0,2
7228,-3265,5626,9,-13,2,2
7218,-3277,5703,4,-7,-1,2
7229,-3256,5728,-3,-3,-4,2
7254,-3255,5703,-9,-4,0,2
7239,-3283,5643,-10,-6,10,2
7230,-3318,5606,-8,-9,12,2
7245,-3329,5596,0,-7,10,2
7216,-3341,5634,2,-3,9,2
7197,-3369,5655,2,0,9,2
7210,-3375,5700,3,0,6,2
7218,-3337,5724,8,0,-1,2
7230,-3275,5733,12,-5,-2,2
7224,-3265,5729,12,-4,2,2
7230,-3263,5758,9,-3,4,2
7242,-3237,5742,2,0,4,2
7230,-3268,5725,-4,-1,14,2
7218,-3328,5723,-9,-1,20,2
7190,-3401,5751,-7,0,18,2
7174,-3428,5786,-4,-4,10,2
7173,-3427,5800,4,-11,-3,2
7192,-3362,5802,6,-17,-12,2
7213,-3324,5790,4,-20,-10,2
7248,-3296,5698,-5,-21,-2,2
7243,-3374,5520,-14,-8,2,2
7243,-3374,5520,-14,-8,2,2
7217,-3375,5553,-6,-2,-3,2
7221,-3337,5604,4,-1,-6,2
7240,-3290,5626,11,0,-7,2
7248,-3253,5657,13,1,-8,2
7239,-3215,5704,13,2,-11,2
7247,-3184,5743,11,1,-11,2
7254,-3208,5747,4,0,-8,2
7258,-3221,5763,0,-1,-1,2
7241,-3258,5801,-2,-2,5,2
7239,-3295,5803,-3,-7,2,2
7246,-3270,5779,-3,-12,2,2
7246,-3284,5770,-4,-12,10,2
7215,-3316,5753,-5,-15,15,2
7176,-3357,5763,-6,-16,15,2
7169,-3389,5777,-8,-17,12,2
7175,-3377,5773,-10,-18,6,2
7258,-3351,5763,-12,-21,6,2
7195,-3367,5717,-13,-23,11,2
7200,-3407,5715,-15,-23,9,2
7222,-3420,5774,-21,-22,-3,2
7241,-3379,5812,-25,-22,-19,2
7285,-3305,5806,-29,-25,-12,2
7298,-3336,5803,-26,-28,2,2
7290,-3383,5812,-20,-34,5,2
7290,-3337,5808,-15,-39,-3,2
7330,-3287,5821,-15,-45,-6,2
7338,-3229,5822,-25,-49,0,2
7360,-3245,5828,-38,-50,11,2
7428,-3283,5856,-50,-49,23,2
7485,-3319,5894,-57,-52,35,2
7528,-3341,5974,-59,-61,41,2
7625,-3335,6135,-52,-76,46,2
7768,-3300,6508,-49,-106,58,2
7868,-3166,6824,-56,-158,85,2
7868,-3166,6824,-56,-158,85,2
7896,-3106,6912,-87,-202,120,2
8004,-3217,7064,-141,-243,174,2
8116,-3375,6939,-145,-310,230,2
8299,-3563,6987,-99,-364,255,2
8426,-1756,7197,199,-2968,2678,2
8426,-1756,7197,199,-2968,2678,2
7728,-2330,6058,855,-3494,3319,2
7503,-3417,4799,1866,-3842,3898,2
7203,-4204,3838,2941,-4050,4414,2
6872,-4401,3575,3996,-4065,4837,2
6208,-5105,4188,4745,-4030,5034,2
5047,-5803,4506,5167,-4031,5180,2
3566,-6428,4216,5818,-3835,5142,2
2724,-7203,3571,6182,-3706,4926,2
1570,-8844,1288,5689,-3903,4563,2
22,-10719,-1315,5123,-3913,4129,2
-1158,-13508,-2767,4805,-3669,3417,2
-2072,-17281,-3332,4477,-3411,1913,2
-3231,-20647,-3446,4171,-3080,-152,2
-3720,-22977,-3563,3925,-2557,-2370,2
-3328,-25145,-4040,3465,-2139,-4823,2
-3526,-26031,-5850,2811,-1758,-7346,2
-6408,-28900,-11989,-3334,1444,-17453,2
-6408,-28900,-11989,-3334,1444,-17453,2
-12300,-26442,-10764,-5470,2944,-17453,2
-18204,-22531,-6630,-7493,4661,-17453,2
-23502,-18380,381,-8645,6251,-17453,2
-30595,-15908,5948,-8096,7471,-17453,2
28340,-11105,6799,-5855,8251,-17283,2
26309,-1397,5693,-3398,9034,-14223,2
26974,11413,10708,-1219,10212,-11614,2
-32576,28508,24481,31,10933,-10932,2
-29035,-26310,-31146,-515,9431,-11503,2
-29760,-31201,31029,-2094,5499,-10068,2
-24859,14862,25720,-3085,2299,-4643,2
-18358,-889,21311,-935,2042,-640,2
-15620,-2462,16917,1251,2447,-257,2
-16083,4811,15891,727,1423,-912,2
-15872,11408,16932,-679,58,-1193,2
-13978,13067,16890,-937,-506,-381,2
-10945,10218,15360,-382,-582,824,2
-7847,5759,13871,74,-624,1418,2
-6016,3373,12501,511,-588,1313,2
-5514,3682,10770,945,-555,1063,2
-5257,5006,8937,1055,-644,980,2
-4106,6089,7665,288,-593,1087,2
-3969,5674,7934,226,-459,1126,2
-4087,4999,8099,333,-284,1121,2
-4479,4960,8418,384,-158,1174,2
-5104,5302,8910,395,-108,1313,2
-6027,5924,9423,480,-71,1554,2
-6917,6887,9908,545,-103,1917,2
-7752,7818,10375,300,-400,2348,2
-8035,8196,10780,-246,-965,2841,2
-7831,8403,10880,-654,-1494,3441,2
-7259,9014,10999,-876,-1894,4157,2
-6499,8746,11605,-940,-2228,4879,2
-5729,6787,11927,-397,-2283,5421,2
-5284,5656,11846,496,-2090,5811,2
-5497,6659,11752,1064,-2049,6331,2
-5570,7868,11637,1109,-2307,6889,2
-5685,8037,11885,506,-2824,7338,2
-5745,7348,12397,-564,-3608,7688,2
-4699,6870,12130,-1630,-4390,7869,2
-3377,7025,10758,-2569,-4811,7830,2
-2231,7045,8936,-3489,-4939,7696,2
-1425,6622,7334,-4355,-4799,7275,2
-1747,4647,7122,-5223,-4740,6284,2
-1877,3002,7583,-6079,-4949,4970,2
-2092,2697,7389,-6751,-5245,3722,2
-2334,3401,6755,-7109,-5519,2688,2
-1347,5054,4952,-7205,-5686,2048,2
152,6474,2157,-7190,-5715,2005,2
1945,5942,-887,-7055,-5608,2333,2
3217,3530,-3645,-6594,-5366,2741,2
3575,553,-5247,-5876,-5075,3087,2
4410,-2195,-6836,-4994,-4723,3191,2
5405,-4018,-7922,-4122,-4212,2943,2
6023,-5114,-8965,-3550,-3667,2514,2
6730,-5894,-10679,-3280,-3211,2034,2
7452,-6952,-12719,-2986,-2680,1578,2
8107,-8278,-13822,-2508,-1962,1124,2
8567,-9841,-13534,-1939,-1262,566,2
8892,-10204,-12227,-1277,-683,-121,2
9130,-8923,-10263,-534,-231,-548,2
9659,-8492,-8104,260,92,-606,2
9850,-8487,-5603,851,353,-544,2
9539,-8111,-3079,1223,519,-541,2
9524,-7271,-1235,1456,599,-472,2
9671,-6423,-23,1563,662,-321,2
9463,-5881,1271,1536,715,-123,2
9068,-5469,2303,1416,712,5,2
8814,-5259,2834,1218,649,-31,2
8616,-4386,3395,639,581,-604,2
8616,-4386,3395,639,581,-604,2
8599,-3973,3847,603,618,-718,2
8608,-3482,4273,642,633,-767,2
8661,-2820,4549,697,602,-760,2
8710,-2133,4594,734,533,-673,2
8842,-1511,4503,751,444,-478,2
9013,-1388,4480,728,354,-208,2
9049,-1541,4376,656,259,11,2
8844,-1793,4162,570,184,152,2
8537,-2444,4140,450,114,174,2
8309,-2622,3814,281,59,72,2
8397,-2584,3579,147,75,14,2
8615,-2621,3392,44,105,-34,2
8773,-2433,3094,-18,118,-68,2
8885,-2361,2877,-17,140,-25,2
8983,-2379,2839,43,156,66,2
8789,-2497,3027,140,157,167,2
8612,-2788,3251,215,142,257,2
8478,-3061,3565,260,126,282,2
8438,-3149,3811,275,117,259,2
8412,-3178,3982,267,112,246,2
8363,-3247,4045,219,88,209,2
8310,-3264,3964,147,60,153,2
8322,-3221,3863,88,48,128,2
8457,-3389,3764,69,45,206,2
8457,-3389,3764,69,45,206,2
8443,-3609,3782,90,37,229,2
8388,-3700,3833,112,29,217,2
8348,-3697,3808,128,28,213,2
8317,-3725,3721,115,26,195,2
8219,-3776,3670,87,23,150,2
8192,-3778,3635,66,25,101,2
8121,-3820,3678,49,29,55,2
8133,-3829,3709,35,22,-1,2
8231,-3714,3717,22,20,-37,2
8290,-3617,3749,21,33,-34,2
8381,-3557,3757,26,46,-10,2
8427,-3484,3713,29,58,33,2
8414,-3451,3675,30,65,86,2
8385,-3476,3606,35,69,141,2
8321,-3566,3551,44,72,179,2
8195,-3781,3602,37,69,169,2
8090,-3909,3650,26,58,95,2
8073,-3803,3574,30,51,15,2
8175,-3706,3624,37,56,-8,2
8209,-3732,3713,37,58,-30,2
8215,-3644,3747,25,61,-46,2
8263,-3605,3794,15,69,-23,2
8294,-3566,3836,28,78,3,2
8292,-3538,3866,49,85,36,2
8232,-3580,3990,57,83,55,2
8190,-3680,4075,44,64,37,2
8211,-3707,4061,30,37,-14,2
8304,-3544,3805,12,12,-78,2
8371,-3537,3748,20,15,-74,2
8366,-3537,3759,29,14,-69,2
8388,-3565,4102,75,13,5,2
8348,-3571,4125,48,1,-13,2
8354,-3480,4084,20,-6,-25,2
8405,-3435,3997,4,-13,-15,2
8364,-3432,3966,-5,-21,3,2
8327,-3506,3927,-9,-31,18,2
8320,-3524,3923,-9,-38,25,2
8357,-3533,3873,-5,-42,40,2
8357,-3563,3836,-4,-44,58,2
8339,-3580,3772,-9,-43,70,2
8333,-3567,3663,-15,-38,77,2
8281,-3599,3617,-13,-31,88,2
8151,-3590,3875,-17,-46,-36,2
8266,-3567,3780,-20,-49,-25,2
8356,-3530,3657,-31,-45,-14,2
8336,-3494,3567,-37,-35,0,2
8333,-3508,3537,-34,-22,25,2
8282,-3565,3583,-20,-16,48,2
8238,-3618,3663,-5,-9,58,2
8233,-3702,3756,4,-8,45,2
8231,-3748,3773,1,-19,-2,2
8209,-3636,3793,8,-23,-35,2
8251,-3648,3832,11,-29,-56,2
8256,-3556,3824,1,-37,-80,2
8335,-3451,3798,-10,-32,-68,2
8372,-3445,3793,-21,-23,-39,2
8348,-3499,3852,-17,-23,-10,2
8344,-3545,3889,0,-29,9,2
8358,-3618,3638,-27,-38,-19,2
8268,-3593,3652,-42,-31,-13,2
8265,-3591,3685,-57,-30,-3,2
8272,-3592,3697,-67,-33,0,2
8272,-3592,3697,-67,-33,0,2
8293,-3617,3627,-72,-39,0,2
8328,-3593,3524,-64,-42,-7,2
8376,-3541,3487,-46,-37,-6,2
8354,-3575,3554,-38,-36,-5,2
8267,-3596,3653,-37,-37,-19,2
8249,-3583,3713,-36,-43,-38,2
8476,-3375,3932,0,-59,18,2
8476,-3375,3932,0,-59,18,2
8496,-3441,3929,-16,-64,36,2
8552,-3492,3858,-23,-73,56,2
8619,-3556,3821,-18,-79,84,2
8694,-3617,3797,-7,-87,120,2
8849,-3713,3707,18,-98,164,2
9003,-3794,3566,65,-104,206,2
9006,-3666,3445,156,-120,256,2
9006,-3301,3681,285,-192,348,2
9065,-3214,3939,410,-342,576,2
9296,-3456,3691,589,-513,893,2
9786,-5336,434,2800,-1566,1461,2
8893,-6190,-785,3445,-1610,1429,2
8042,-7188,-2077,4078,-1603,1222,2
7320,-7944,-3979,4741,-1604,827,2
6682,-9356,-6464,5320,-1657,271,2
6095,-11812,-9628,5712,-1793,-585,2
5484,-15153,-13163,5869,-1887,-1931,2
4611,-19522,-16388,5870,-1510,-4020,2
3304,-24128,-19330,5523,-213,-6773,2
1118,-25637,-19348,4206,1663,-9385,2
-3361,-24421,-17393,1673,3510,-11746,2
-7429,-22689,-14235,-1778,4924,-13341,2
-10664,-19011,-10340,-4350,5997,-14018,2
-15067,-12597,-6981,-5321,7140,-14110,2
-19545,-7239,-3963,-5481,8634,-14150,2
-23783,-3955,-833,-5215,10398,-13978,2
-28856,8,3958,-4852,12153,-13163,2
32397,5010,12435,-4593,13524,-12156,2
32347,11567,24942,-4615,14073,-11026,2
-31442,15623,-28572,-4538,12995,-9374,2
-32080,13263,-26310,-2562,9888,-6670,2
-26832,6715,-28905,-21,5768,-3114,2
-20016,938,26830,1863,2962,-523,2
-12082,4993,14384,-1716,-1103,-1319,2
-9872,6067,13653,-1630,-1231,-1110,2
-7860,6286,13255,-854,-802,-449,2
-6805,6271,12968,180,-121,208,2
-6563,6818,12534,909,348,724,2
-6352,7138,12046,1216,475,1059,2
-5692,6772,11619,1146,281,1417,2
-4598,5282,10953,875,-61,1632,2
-3505,3228,10258,528,-349,1352,2
-2955,2104,9842,213,-485,764,2
-3088,2741,9932,-19,-515,333,2
-3515,3802,10334,-92,-498,226,2
-3911,4284,10745,-46,-500,304,2
-4243,4519,10911,-12,-577,501,2
-4600,4813,10832,11,-688,800,2
-4995,5427,10546,37,-813,1245,2
-5296,5543,10115,3,-941,1786,2
-5215,4472,10009,-229,-1049,2046,2
-5245,3520,10564,-502,-1046,1853,2
-5937,3386,11702,-519,-890,1545,2
-6601,4170,13099,-352,-772,1384,2
-7236,5098,14346,-226,-866,1543,2
-7689,5650,15289,-88,-1182,1847,2
-7605,6064,15839,-39,-1679,2402,2
-7685,6213,15968,3,-2298,3205,2
-7753,5839,16033,70,-2932,4036,2
-7337,5518,15960,19,-3552,4801,2
-7071,5473,15575,-51,-4157,5314,2
-6926,5236,15356,-124,-4709,5623,2
-7306,4928,15579,-313,-5328,6177,2
-7170,4066,15805,-492,-6091,6934,2
-6148,3313,15457,-468,-6734,7303,2
-5280,3539,14038,-562,-7091,7189,2
-5124,4113,12036,-1030,-7142,6628,2
-4543,4552,10983,-1913,-7055,5794,2
-3829,4619,10571,-2968,-7013,4857,2
-3108,4611,9920,-3924,-7076,4004,2
-2881,4923,8542,-4672,-7159,3413,2
-2701,5515,6792,-5071,-7177,3041,2
-1116,5784,4585,-5141,-7114,2739,2
243,5848,1928,-5178,-6993,2707,2
466,5305,-289,-5303,-6857,2808,2
602,3682,-2254,-5324,-6774,2929,2
861,2400,-5001,-5089,-6611,3291,2
1149,1267,-7496,-4697,-6203,3811,2
1723,-300,-9817,-4221,-5697,4205,2
2601,-2467,-12619,-3735,-5172,4108,2
3211,-4535,-14966,-3285,-4546,3484,2
3070,-6023,-16076,-2748,-3865,2607,2
2989,-6575,-16540,-2092,-3217,1856,2
3533,-6500,-17116,-1460,-2612,1475,2
4757,-6377,-17833,-1015,-2021,1359,2
5996,-6440,-18277,-733,-1409,1285,2
6769,-6782,-17860,-591,-789,1180,2
6769,-6782,-17860,-591,-789,1180,2
6879,-7325,-16388,-424,-219,1072,2
6805,-7965,-13939,-179,277,888,2
6502,-8186,-11040,75,675,621,2
6317,-8202,-8030,279,999,302,2
6930,-7780,-168,415,1379,-704,2
6930,-7780,-168,415,1379,-704,2
7272,-6781,1432,412,1349,-998,2
7830,-6029,2650,576,1286,-1101,2
8345,-5514,3480,708,1177,-1086,2
9614,-2862,2002,808,-39,-368,2
9505,-3022,1489,669,-111,-257,2
9372,-3201,1027,507,-132,-192,2
9105,-3432,843,384,-124,-136,2
8948,-3745,735,290,-127,-111,2
8838,-3836,598,218,-133,-112,2
8883,-3844,509,178,-132,-75,2
8889,-3980,-82,63,-65,150,2
8706,-4085,-143,66,-49,211,2
8547,-4180,-185,74,-31,260,2
8393,-4421,-88,67,-7,303,2
8259,-4751,-19,46,14,295,2
8121,-4902,56,31,32,229,2
8087,-5105,130,2,35,140,2
8168,-5020,129,6,41,74,2
8292,-4790,114,82,58,67,2
8435,-4761,179,147,79,110,2
8451,-4868,271,175,97,136,2
8373,-4893,411,181,113,134,2
8162,-4919,700,182,126,140,2
8105,-5102,875,161,119,127,2
8193,-5197,900,125,108,68,2
8298,-5047,818,95,104,-26,2
8443,-4828,774,98,110,-76,2
8581,-4726,776,110,99,-96,2
8616,-4564,769,119,78,-113,2
8611,-4376,810,120,76,-82,2
8597,-4428,782,109,79,-5,2
8521,-4619,739,71,84,51,2
8429,-4817,693,23,94,61,2
8376,-4923,670,-5,102,35,2
8364,-4948,703,-14,110,-1,2
8348,-4953,787,-7,103,-38,2
8412,-4881,806,12,94,-84,2
8515,-4649,803,54,92,-82,2
8619,-4507,820,98,93,-27,2
8581,-4522,882,133,95,38,2
8560,-4616,903,135,93,91,2
8509,-4686,911,124,89,122,2
8423,-4778,913,87,83,126,2
8338,-4855,839,38,76,102,2
8316,-4933,719,-6,71,55,2
8367,-4941,617,-29,74,-11,2
8445,-4814,598,-17,83,-65,2
8547,-4719,678,26,89,-74,2
8587,-4652,814,75,87,-52,2
8613,-4629,877,115,75,-21,2
8593,-4644,972,137,70,18,2
8494,-4693,1047,135,63,49,2
8423,-4771,1048,111,51,56,2
8383,-4801,1017,76,44,39,2
8378,-4795,1052,42,45,13,2
8387,-4787,1109,21,42,-20,2
8399,-4746,1106,11,25,-54,2
8492,-4634,1022,16,5,-76,2
8579,-4522,905,29,0,-69,2
8651,-4468,855,34,4,-45,2
8631,-4462,855,30,9,-13,2
8587,-4522,875,18,12,9,2
8545,-4586,908,6,12,18,2
8523,-4618,906,-6,6,19,2
8547,-4592,869,0,7,29,2
8521,-4660,881,13,9,37,2
8455,-4741,918,17,0,19,2
8396,-4762,1016,12,-1,-3,2
8396,-4790,1070,13,-2,-15,2
8486,-4780,1083,17,-11,-16,2
8537,-4721,1003,21,-20,-12,2
8553,-4679,942,23,-19,-2,2
8520,-4656,902,22,-12,11,2
8472,-4660,852,21,-11,23,2
8385,-4715,860,26,-12,25,2
8347,-4757,963,29,-14,18,2
8391,-4750,996,29,-17,9,2
8441,-4722,975,18,-17,-1,2
8457,-4655,897,1,-18,-17,2
8494,-4605,877,-10,-10,-25,2
8529,-4580,890,-11,-3,-23,2
8565,-4582,927,-4,-3,-7,2
8585,-4646,978,-1,-7,7,2
8534,-4692,973,0,-9,22,2
8469,-4768,957,-11,-10,26,2
8450,-4794,872,-29,-11,10,2
8452,-4752,788,-37,-8,-3,2
8442,-4729,816,-28,-4,-4,2
8461,-4717,881,-9,-9,-4,2
8451,-4715,961,6,-19,-5,2
8467,-4753,938,1,-31,-9,2
8467,-4753,938,1,-31,-9,2
8502,-4778,858,-10,-31,-18,2
8487,-4762,799,-19,-24,-30,2
8413,-4753,812,-22,-18,-35,2
8403,-4759,818,-27,-26,-47,2
8460,-4656,748,-2,-34,-45,2
8535,-4599,733,15,-22,-40,2
8504,-4569,824,24,-10,-33,2
8508,-4559,889,31,-8,-22,2
8523,-4532,870,38,-18,-13,2
8535,-4533,872,46,-16,7,2
8451,-4635,981,37,-9,30,2
8388,-4734,1041,19,-12,31,2
8485,-4726,942,9,-26,7,2
8569,-4658,824,15,-30,5,2
8579,-4585,786,20,-29,2,2
8552,-4543,784,19,-23,2,2
8529,-4537,769,17,-16,5,2
8545,-4552,814,25,-12,19,2
8548,-4662,889,36,-13,38,2
8512,-4695,936,42,-15,48,2
8493,-4702,948,36,-16,54,2
8497,-4674,893,17,-15,54,2
8480,-4636,806,-1,-11,55,2
8436,-4728,767,-20,-10,47,2
8394,-4800,745,-30,-12,15,2
8401,-4770,756,-23,-13,-12,2
8461,-4749,761,-9,-11,-18,2
8485,-4738,802,5,-9,-12,2
8512,-4738,815,12,-7,-6,2
8522,-4709,812,13,-5,-1,2
8506,-4682,849,13,-2,6,2
8478,-4649,860,9,-3,13,2
8523,-4654,840,-6,-6,25,2
8587,-4698,756,-19,0,39,2
8575,-4746,707,-22,11,45,2
8595,-4795,729,-9,13,43,2
8621,-4824,872,13,10,36,2
8636,-4826,1019,29,-2,37,2
8734,-4865,1097,35,-21,41,2
8868,-4877,1094,37,-42,40,2
8973,-4872,1085,35,-66,43,2
9051,-4883,1041,37,-93,51,2
9125,-4908,974,27,-117,68,2
9120,-4947,822,4,-135,102,2
7963,-6747,-14503,1956,-400,-2948,2
7963,-6747,-14503,1956,-400,-2948,2
7907,-7193,-19085,3066,-76,-3816,2
7332,-7770,-23469,3637,605,-5124,2
5438,-8845,-26872,3541,1964,-6464,2
2587,-10024,-28706,2971,3571,-7468,2
-957,-10800,-29401,2052,5103,-8321,2
-4953,-11165,-28282,915,6686,-8904,2
-7886,-11831,-24907,-182,8370,-9074,2
-9670,-12064,-20320,-887,9880,-9544,2
-12978,-10012,-16245,-1393,11226,-10267,2
-19696,-7424,-12285,-1959,12869,-11074,2
-28949,-5826,-5552,-2742,14920,-11775,2
28375,-3544,4722,-3813,17011,-11402,2
26309,871,16961,-4607,17453,-9463,2
26309,4641,29032,-4485,17453,-6776,2
26365,5589,-27559,-2970,16785,-3731,2
27852,7884,-26310,-852,12887,-805,2
-31473,2436,-27827,615,8103,602,2
-24763,-4243,31392,789,4105,199,2
-19680,3942,23362,-1700,-919,-2223,2
-19680,3942,23362,-1700,-919,-2223,2
-17115,7579,20190,-1650,-2046,-2072,2
-13416,8746,16804,-723,-2125,-991,2
-10259,8124,14482,90,-1683,207,2
-8035,6739,13525,400,-1257,1064,2
-6719,5541,12945,483,-1058,1588,2
-5619,4454,11749,683,-1001,1762,2
-4721,4102,10216,863,-943,1652,2
-4247,4172,9200,755,-908,1358,2
-4110,4271,8972,413,-953,1047,2
-4282,4588,9038,287,-934,900,2
-4656,4972,9233,343,-850,973,2
-5141,5159,9638,338,-782,1201,2
-5667,5265,10292,306,-737,1532,2
-6298,5543,11067,307,-731,1994,2
-7060,6079,11801,366,-796,2627,2
-7771,6826,12439,425,-966,3432,2
-8110,7057,12903,382,-1279,4288,2
-7862,6444,13331,119,-1786,4842,2
-7018,5684,13594,-327,-2465,4996,2
-6053,5019,13474,-622,-3095,4961,2
-5214,4662,12957,-474,-3474,4813,2
-4829,4719,12257,-201,-3663,4749,2
-4618,4905,11872,-97,-3783,4867,2
-4547,4927,11794,-183,-3936,5160,2
-4764,4537,12085,-315,-4223,5502,2
-4886,3954,12974,-565,-4690,5931,2
-4721,3539,13725,-854,-5294,6485,2
-4030,3253,13792,-1037,-5847,6693,2
-3265,3348,12901,-1307,-6282,6525,2
-3057,3805,11640,-2030,-6542,6328,2
-3057,3805,11640,-2030,-6542,6328,2
-3173,4227,10371,-3208,-6736,6149,2
-2814,4368,9185,-4377,-6862,5670,2
-2379,4320,7527,-5402,-6932,4978,2
-2508,4091,5601,-6244,-6997,4316,2
-1916,4379,3336,-6739,-6996,4009,2
2912,-561,-11927,-4947,-6429,4582,2
2912,-561,-11927,-4947,-6429,4582,2
4189,-4077,-14275,-3477,-5689,4527,2
3963,-6561,-14757,-2023,-4940,4342,2
3338,-8771,-15652,-895,-4165,4096,2
3415,-10285,-15319,-151,-3208,3493,2
3313,-10953,-13811,75,-2250,2543,2
3808,-11138,-12217,-44,-1485,1453,2
5205,-10332,-11283,-359,-909,534,2
6652,-8524,-10356,-817,-339,-151,2
7284,-6941,-9572,-1301,213,-409,2
7442,-7272,-8521,-1520,709,-363,2
7670,-7947,-7199,-1489,1090,-353,2
7418,-7945,25,158,1158,-551,2
7418,-7945,25,158,1158,-551,2
7774,-7595,1407,583,984,-637,2
8087,-6970,2583,860,865,-742,2
8342,-6182,3447,979,772,-819,2
8698,-5454,3919,927,681,-836,2
9024,-4767,4061,760,609,-781,2
9089,-4285,4164,558,571,-635,2
8907,-4120,4198,334,521,-466,2
8760,-4139,3934,110,425,-324,2
8725,-4307,3442,-53,315,-221,2
8631,-4444,2977,-113,221,-157,2
8537,-4474,2606,-91,137,-103,2
8564,-4547,2354,-26,76,-45,2
8516,-4601,1595,69,-32,9,2
8516,-4601,1595,69,-32,9,2
8445,-4686,1456,49,-27,1,2
8437,-4643,1359,26,-3,-13,2
8430,-4549,1272,4,24,0,2
8275,-4629,1421,-11,51,43,2
8063,-4817,1720,-9,70,61,2
8035,-4877,1910,13,57,62,2
8107,-4919,1965,23,34,70,2
8168,-5164,1710,-6,-2,34,2
8168,-5164,1710,-6,-2,34,2
8123,-5148,1568,-12,-1,5,2
8174,-5073,1438,-3,-3,-14,2
8250,-4970,1313,19,3,-18,2
8224,-4903,1391,46,22,-7,2
8158,-4865,1635,64,36,0,2
8117,-4883,1873,65,37,13,2
8051,-4983,2067,54,25,28,2
8097,-5049,2086,35,4,31,2
8217,-5016,1919,15,-11,25,2
8256,-5002,1786,3,-10,20,2
8215,-5036,1698,-5,-11,10,2
8229,-5026,1571,-5,-14,0,2
8314,-5013,1491,8,-8,0,2
8318,-5018,1575,25,2,10,2
8317,-5031,1654,41,6,22,2
8363,-4993,1677,58,3,38,2
8344,-4964,1733,72,7,63,2
8225,-4959,1867,81,4,82,2
8152,-4962,1878,74,-14,85,2
8190,-4976,1825,45,-30,68,2
8223,-5017,1783,12,-25,52,2
8226,-5084,1802,-9,-13,45,2
8203,-5103,1793,-20,-14,45,2
8186,-5162,1759,-28,-21,56,2
8141,-5183,1652,-38,-26,63,2
8126,-5189,1569,-47,-26,59,2
8132,-5187,1449,-47,-22,47,2
8109,-5168,1459,-25,-15,39,2
8115,-5141,1495,5,-13,28,2
8112,-5067,1662,31,-9,10,2
8128,-5004,1777,47,-15,5,2
8153,-4987,1784,39,-34,-1,2
8236,-4962,1702,8,-42,-3,2
8285,-4996,1641,-29,-32,7,2
8248,-5049,1521,-53,-21,22,2
8231,-5120,1428,-47,-17,34,2
8214,-5153,1470,-14,-15,43,2
8183,-5099,1593,27,-19,45,2
8203,-5043,1658,44,-30,45,2
8165,-5018,1733,32,-35,41,2
8124,-5069,1680,-4,-37,34,2
8115,-5104,1666,-37,-33,19,2
8109,-5121,1672,-44,-27,11,2
8146,-5153,1677,-27,-32,18,2
8166,-5120,1599,-5,-45,25,2
8219,-5084,1488,7,-47,42,2
8212,-5060,1435,6,-35,63,2
8142,-5098,1418,-12,-20,76,2
8047,-5191,1410,-28,-11,77,2
7988,-5324,1442,-34,-2,72,2
7915,-5427,1538,-26,0,54,2
8039,-5195,1656,21,0,-14,2
8096,-5044,1693,32,-2,-6,2
8096,-5044,1693,32,-2,-6,2
8108,-4994,1714,30,-4,11,2
8150,-5004,1693,18,-7,23,2
8194,-5026,1618,-3,-5,31,2
8158,-5079,1539,-22,-1,37,2
8086,-5195,1624,10,7,4,2
8086,-5195,1624,10,7,4,2
8072,-5189,1713,14,10,9,2
8063,-5213,1816,9,7,11,2
8110,-5178,1837,-1,1,8,2
8156,-5136,1741,-15,-2,9,2
8140,-5162,1740,-26,-2,12,2
8169,-5200,1793,-30,-5,14,2
8190,-5158,1757,-29,-13,13,2
8201,-5140,1672,-27,-22,18,2
8215,-5160,1579,-25,-28,28,2
8132,-5217,1494,-27,-31,26,2
8042,-5223,1498,-34,-28,12,2
8077,-5218,1449,-39,-20,7,2
8133,-5238,1432,-41,-12,7,2
8154,-5244,1485,-35,-6,4,2
8189,-5235,1570,-19,-6,7,2
8178,-5250,1713,-2,-10,18,2
8171,-5273,1831,5,-18,18,2
8199,-5288,1887,5,-35,17,2
8244,-5312,1887,3,-52,20,2
8257,-5318,1889,3,-64,20,2
8212,-5302,1923,-1,-77,20,2
8367,-5318,946,35,-134,33,2
8367,-5318,946,35,-134,33,2
8277,-5299,687,170,-157,24,2
8060,-5467,204,357,-181,29,2
7666,-6450,-451,633,-295,-53,2
7574,-7987,-2068,982,-570,-491,2
7830,-9074,-4954,1423,-890,-1367,2
8293,-9848,-7570,2009,-948,-2749,2
8087,-9116,-9696,2329,-819,-3994,2
8114,-7118,-13134,2525,-517,-4880,2
7959,-5097,-16904,2817,-107,-5349,2
7464,-6469,-21633,2757,626,-5760,2
-6148,-15781,-21939,-3378,7216,-10404,2
-6148,-15781,-21939,-3378,7216,-10404,2
-8984,-14899,-18784,-4013,9139,-10662,2
-14117,-11491,-14265,-4174,11435,-10891,2
-21728,-7516,-7490,-4171,14098,-11177,2
-28934,-3167,1830,-4467,16330,-10636,2
32369,1403,15170,-5513,17084,-8379,2
31914,2284,29700,-6181,16630,-5732,2
31416,-1677,-26310,-5346,14841,-3357,2
32446,-3800,-26310,-2944,11072,-744,2
-26879,-3027,-26488,190,5725,862,2
-19437,-4577,-30242,958,1102,385,2
-16026,853,25342,-441,-1226,-965,2
-13842,6129,20706,-2152,-2299,-1646,2
-10046,6393,18637,-2260,-2440,-1374,2
-6119,4642,16508,-1343,-2025,-465,2
-3749,4034,14778,-151,-1241,476,2
-2938,4810,13385,946,-362,1184,2
-2582,5491,12511,1374,120,1564,2
-2066,4966,12217,1001,13,1646,2
-1092,3494,12067,325,-434,1500,2
-81,2090,11518,19,-794,1229,2
615,833,10756,198,-830,903,2
599,876,10389,401,-668,593,2
-64,2053,10452,323,-605,461,2
-458,2703,10593,320,-606,503,2
-682,2620,10544,568,-493,651,2
-993,2801,10503,803,-336,922,2
-1313,3138,10719,1006,-159,1232,2
-1745,3513,11055,1225,33,1629,2
-1990,3023,11344,1236,66,1981,2
-1911,1811,11994,658,-275,1992,2
-1877,1218,12870,-182,-831,1772,2
-2015,1169,13557,-632,-1302,1469,2
-2255,1478,14031,-737,-1659,1217,2
-2609,1965,14375,-656,-1907,1159,2
-3330,2244,14692,-459,-2113,1311,2
-3885,2324,15434,-364,-2414,1649,2
-4154,2424,16354,-140,-2790,2199,2
-4802,1667,17769,664,-4010,3623,2
-4977,2108,18665,950,-4764,4397,2
-5664,2766,19503,1136,-5686,5497,2
-5876,2584,19692,1585,-6568,6706,2
-5122,3266,18200,1901,-7062,7585,2
-4350,4130,15292,1119,-7329,7688,2
-3603,4693,12352,-631,-7480,7112,2
-2607,4452,10545,-2616,-7630,6207,2
1362,4246,1737,-5050,-7450,3192,2
1194,3407,-428,-4934,-7252,2756,2
1337,2442,-3029,-4468,-7126,2840,2
1778,1382,-5894,-3797,-6797,3338,2
2687,-189,-8127,-3231,-6216,3928,2
3468,-1982,-9932,-2771,-5438,4262,2
3770,-4346,-10811,-2394,-4697,4066,2
3770,-4346,-10811,-2394,-4697,4066,2
3748,-6174,-11255,-2014,-4089,3427,2
3574,-6960,-11820,-1722,-3520,2611,2
3914,-7140,-12323,-1639,-2962,1762,2
4522,-6733,-12959,-1599,-2409,1039,2
5219,-6294,-13786,-1498,-1914,560,2
5654,-6077,-14237,-1323,-1440,355,2
6288,-6189,-14354,-1108,-960,347,2
6754,-6571,-13978,-808,-489,443,2
6893,-7115,-12870,-468,-63,494,2
6814,-7343,-11067,-111,301,495,2
6842,-7519,-1665,613,1209,-195,2
6842,-7519,-1665,613,1209,-195,2
7237,-6860,-58,629,1303,-512,2
7714,-6160,1161,609,1332,-811,2
8098,-5296,2136,593,1309,-950,2
8537,-4644,2873,657,1261,-918,2
8796,-4240,3457,747,1145,-818,2
8904,-3932,3798,820,950,-708,2
9058,-3647,3828,847,714,-588,2
9262,-3357,3526,830,483,-461,2
9367,-3101,3007,763,303,-318,2
9352,-3020,2494,641,200,-176,2
9123,-3255,2236,484,170,-62,2
8771,-4127,1716,23,111,51,2
8771,-4127,1716,23,111,51,2
8766,-4346,1667,25,87,80,2
8765,-4462,1455,49,55,98,2
8779,-4581,1233,55,22,88,2
8723,-4539,1009,43,17,62,2
8694,-4419,912,43,43,70,2
8628,-4432,901,58,76,112,2
8461,-4531,1047,59,99,160,2
8300,-4658,1225,59,106,194,2
8139,-4829,1397,68,97,207,2
8089,-5023,1444,78,69,190,2
8116,-5129,1459,98,44,141,2
8129,-5141,1513,113,27,74,2
8145,-5141,1561,107,11,-11,2
8242,-4905,1531,87,0,-87,2
8388,-4726,1494,74,6,-103,2
8480,-4625,1376,52,13,-91,2
8470,-4658,1300,117,27,7,2
8470,-4658,1300,117,27,7,2
8517,-4573,1243,140,15,2,2
8503,-4534,1395,142,23,18,2
8388,-4599,1618,119,29,26,2
8373,-4690,1690,87,15,23,2
8512,-4767,1654,52,-2,-2,2
8624,-4732,1610,35,-15,-23,2
8680,-4711,1573,28,-21,-21,2
8663,-4713,1549,22,-28,-2,2
8655,-4683,1488,15,-29,19,2
8625,-4665,1386,12,-28,39,2
8547,-4687,1349,12,-22,61,2
8486,-4689,1334,13,-18,79,2
8419,-4715,1314,10,-19,89,2
8387,-4796,1350,-1,-17,87,2
8414,-4814,1313,-15,-18,75,2
8332,-4813,1337,-21,-15,68,2
8236,-4957,1426,-27,-20,63,2
8241,-5007,1389,-36,-30,35,2
8275,-4989,1304,-38,-29,6,2
8329,-4901,1282,-36,-19,-9,2
8334,-4837,1273,-27,-15,-8,2
8339,-4794,1218,-20,-21,-1,2
8418,-4745,1085,-18,-20,0,2
8520,-4604,966,-10,-5,-3,2
8614,-4489,952,10,16,6,2
8561,-4422,1043,34,33,38,2
8498,-4468,1145,55,32,75,2
8502,-4557,1231,67,28,104,2
8420,-4658,1375,60,35,121,2
8447,-4887,1325,-18,-37,22,2
8437,-4836,1254,-17,-31,12,2
8424,-4786,1300,0,-21,15,2
8431,-4721,1284,18,-25,28,2
8452,-4653,1217,29,-29,46,2
8400,-4622,1175,27,-25,72,2
8335,-4708,1182,12,-15,93,2
8309,-4767,1186,-3,-6,93,2
8277,-4788,1191,-13,-3,86,2
8273,-4916,1203,-16,-2,82,2
8263,-5045,1270,-15,-2,62,2
8244,-5012,1328,-5,-3,34,2
8308,-4974,1346,5,-4,26,2
8310,-4952,1388,10,-6,28,2
8249,-4966,1423,3,-12,23,2
8286,-4972,1282,-8,-22,7,2
8350,-4916,1041,-18,-28,-19,2
8500,-4811,889,-11,-15,-28,2
8638,-4800,990,3,14,-3,2
8554,-4801,1204,21,38,25,2
8335,-4816,1379,35,40,45,2
8193,-4877,1543,34,25,54,2
8195,-4880,1616,25,7,46,2
8195,-4880,1616,25,7,46,2
8256,-4885,1613,6,-15,29,2
8329,-4851,1523,-14,-34,10,2
8371,-4813,1450,-21,-39,2,2
8235,-4825,1167,-5,-34,54,2
8235,-4825,1167,-5,-34,54,2
8166,-4901,1198,-19,-27,47,2
8180,-4915,1106,-25,-30,26,2
8248,-4920,1058,-15,-28,14,2
8280,-4901,1097,2,-18,5,2
8306,-4810,1157,15,-11,1,2
8280,-4804,1289,18,-4,8,2
8255,-4863,1334,7,-7,15,2
8268,-4881,1252,-8,-12,13,2
8334,-4885,1127,-12,-8,14,2
8314,-4938,1146,-6,2,25,2
8273,-4969,1213,2,4,35,2
8320,-4976,1241,10,3,31,2
8306,-4968,1308,14,3,19,2
8243,-5023,1504,13,-1,4,2
8487,-5049,1392,-12,-111,3,2
8487,-5049,1392,-12,-111,3,2
8454,-5043,1061,-34,-113,-8,2
8365,-5049,713,-49,-108,-18,2
8218,-5121,138,-55,-110,-69,2
7910,-5433,-895,-38,-140,-277,2
7832,-5885,-2867,2,-218,-797,2
8026,-5949,-5868,96,-283,-1473,2
9863,-5302,-19048,2462,876,-5577,2
9863,-5302,-19048,2462,876,-5577,2
8426,-5581,-21868,2733,1738,-6182,2
6207,-6131,-22915,2338,2948,-6596,2
3857,-6493,-22314,1714,4278,-7099,2
1304,-6711,-21034,799,5534,-7647,2
-663,-6398,-19927,-284,6772,-8156,2
-2296,-6757,-17718,-1466,8034,-8550,2
-3884,-7425,-14759,-2494,9325,-8924,2
-7243,-6751,-11256,-3633,10417,-9227,2
-12289,-5559,-6259,-4857,11319,-9225,2
-17103,-5231,39,-5504,12478,-8607,2
-21220,-5585,7088,-5607,13872,-6996,2
-24944,-5104,15986,-5186,14942,-4818,2
-28329,-3668,27760,-4079,14923,-2422,2
-28348,-2645,-27113,-2522,13161,-442,2
-26161,-3107,-26310,-1172,9592,425,2
-22569,-2425,-26914,-241,5068,105,2
-18884,-1255,32565,-238,1369,-499,2
-12698,3610,21183,-1088,-1250,-850,2
-9794,4456,18695,-991,-1356,-358,2
-6719,3147,16676,-653,-1247,243,2
-4380,2316,15188,-155,-945,701,2
-3125,2403,14239,264,-643,1046,2
-2564,2758,13389,612,-455,1289,2
-2160,3120,12354,793,-439,1482,2
-1556,2800,11419,753,-547,1667,2
-687,1632,10762,729,-590,1727,2
-20,550,10310,868,-483,1597,2
265,192,9982,959,-392,1296,2
31,681,9918,733,-464,1045,2
-271,1138,10014,464,-580,868,2
-469,1338,10148,336,-638,774,2
-701,1802,10356,285,-667,823,2
-933,2108,10591,267,-731,1013,2
-1023,2197,10599,256,-849,1364,2
-1000,1986,10327,290,-955,1714,2
-648,987,10218,247,-1032,1786,2
-294,154,10527,151,-1066,1557,2
-266,398,10846,183,-1071,1320,2
-270,632,11059,270,-1098,1155,2
-323,1010,11159,300,-1188,1052,2
-606,1509,11242,300,-1293,1069,2
-938,1680,11596,355,-1323,1120,2
-1182,2218,12086,469,-1316,1261,2
-1318,2589,12611,587,-1416,1523,2
-1462,2533,13124,743,-1652,1898,2
-1732,2742,13568,975,-1978,2460,2
-1776,3380,13877,1149,-2462,3187,2
-1698,4154,13893,1290,-3038,4038,2
-1800,4434,13612,1564,-3536,4941,2
-1954,3541,13357,1871,-3831,5875,2
-2219,2165,13774,2016,-4051,6653,2
-2330,634,14639,1688,-4573,6940,2
-2081,-593,14844,923,-5305,6641,2
-353,75,13665,134,-5745,5983,2
392,1946,12453,-621,-5769,5366,2
849,3680,11752,-1503,-5794,4565,2
676,5225,10583,-2657,-5961,3718,2
1059,6199,9093,-3832,-6207,2945,2
1825,6408,6482,-4557,-6429,2548,2
3422,5411,3289,-4721,-6429,2444,2
4702,4459,420,-4833,-6193,2549,2
5299,3377,-2248,-4987,-5851,2785,2
5956,1368,-5056,-4624,-5389,2889,2
6119,-834,-6658,-3735,-4750,2870,2
5859,-2655,-6930,-2875,-4101,2701,2
7792,-7320,-4719,-292,516,293,2
7792,-7320,-4719,-292,516,293,2
7911,-7127,-3241,-92,718,19,2
8109,-6787,-1632,97,890,-194,2
8213,-6379,-19,243,1004,-367,2
8363,-5959,1393,359,1043,-496,2
8577,-5397,2486,443,1020,-572,2
8757,-4820,3250,483,925,-568,2
9003,-4416,3693,506,773,-493,2
9259,-3994,3730,508,603,-395,2
9374,-3600,3480,476,446,-296,2
9288,-3474,3186,408,320,-219,2
9160,-3409,2843,316,230,-205,2
9146,-3192,2443,235,180,-198,2
9182,-3085,2227,154,166,-161,2
9105,-3177,2166,77,163,-128,2
9028,-3213,2042,34,151,-113,2
9022,-3107,1834,23,139,-84,2
8991,-3017,1695,33,137,-25,2
8925,-3114,1823,50,152,55,2
8867,-3423,2031,74,158,119,2
8832,-3549,2063,95,139,117,2
8852,-3480,2001,107,119,112,2
8836,-3447,1983,109,115,132,2
8728,-3476,2053,94,117,158,2
8651,-3657,2171,57,109,173,2
8642,-3863,2200,18,93,156,2
8595,-3975,2244,1,80,137,2
8575,-4095,2256,-1,58,124,2
8639,-4103,2122,2,35,123,2
8725,-4114,1913,2,24,121,2
8740,-4113,1849,7,38,118,2
8685,-4128,1982,29,57,115,2
8625,-4125,2067,56,51,107,2
8699,-4043,2054,72,35,93,2
8740,-3975,2051,72,29,87,2
8633,-4048,2181,58,34,83,2
8836,-4096,1951,-24,-43,-19,2
8582,-4039,2215,36,14,37,2
8523,-4164,2332,10,-3,31,2
8563,-4229,2329,-13,-16,6,2
8691,-4158,2248,-20,-22,-10,2
8789,-4037,2114,-8,-31,-2,2
8764,-3975,2014,2,-39,18,2
8736,-4003,1939,-1,-46,38,2
8769,-3986,1831,-10,-42,44,2
8746,-3980,1836,-21,-26,51,2
8710,-4036,1859,-29,-17,68,2
8692,-4154,1835,-38,-18,80,2
8688,-4173,1681,-43,-21,70,2
8618,-4164,1689,-36,-8,68,2
8505,-4254,1885,-30,1,69,2
8609,-4211,1909,-14,-20,25,2
8729,-4139,1898,-12,-13,19,2
8696,-4112,1953,-11,-5,27,2
8713,-3984,1720,9,-38,22,2
8715,-4018,1670,10,-25,42,2
8648,-4041,1685,4,-3,45,2
8576,-4028,1715,7,11,49,2
8535,-4103,1801,11,18,67,2
8496,-4175,1889,16,18,69,2
8480,-4240,2014,15,8,58,2
8505,-4309,2042,5,-4,33,2
8608,-4306,1958,-5,-11,4,2
8681,-4211,1885,-8,-11,-12,2
8712,-4158,1902,1,-3,-5,2
8685,-4113,1960,15,-3,12,2
8699,-4079,1930,19,-10,34,2
8701,-4072,1905,12,-6,56,2
8660,-4109,1920,0,0,73,2
8601,-4246,1980,-11,3,77,2
8500,-4344,2059,-22,-6,54,2
8516,-4340,2059,-27,-17,36,2
8547,-4327,2027,-29,-26,23,2
8596,-4284,1987,-32,-33,8,2
8634,-4218,1899,-34,-35,7,2
8649,-4198,1836,-31,-29,18,2
8523,-4228,1933,9,-27,56,2
8523,-4228,1933,9,-27,56,2
8506,-4288,1994,0,-37,36,2
8482,-4253,1952,-35,-46,0,2
8567,-4218,1816,-71,-46,-13,2
8662,-4241,1686,-81,-36,-13,2
8672,-4264,1660,-63,-31,-10,2
8664,-4219,1666,-35,-30,-14,2
8699,-4150,1671,-7,-28,-7,2
8685,-4109,1749,6,-18,5,2
8649,-4113,1848,9,-13,15,2
8642,-4096,1861,3,-17,28,2
8614,-4115,1836,-2,-17,38,2
8496,-4239,1916,-18,-21,28,2
8467,-4259,1862,-35,-36,4,2
8627,-4166,1670,-44,-45,-14,2
8771,-4150,1632,-44,-32,-7,2
8624,-4236,1847,-35,-18,-2,2
8510,-4248,1968,-15,-28,0,2
8613,-4231,1887,-2,-47,4,2
8737,-4160,1758,0,-50,9,2
8662,-4183,1843,-14,-38,19,2
8524,-4301,1901,-30,-40,18,2
8572,-4266,1739,-30,-56,8,2
8705,-4211,1565,-23,-60,4,2
8662,-4258,1601,-21,-47,4,2
8577,-4324,1720,-25,-44,-17,2
8619,-4218,1660,-25,-52,-41,2
8832,-4106,1508,-21,-51,-36,2
8668,-4114,1626,-14,-15,3,2
8560,-4229,1660,-13,-23,19,2
8616,-4233,1526,-14,-33,12,2
8735,-4189,1489,-10,-15,6,2
8746,-4155,1697,4,10,14,2
8693,-4124,1898,25,13,37,2
8573,-4149,2050,31,-4,58,2
8537,-4204,2049,20,-23,67,2
8571,-4326,1740,-34,-47,18,2
8584,-4286,1699,-20,-51,-2,2
8654,-4235,1710,-4,-52,-2,2
8675,-4201,1737,4,-48,7,2
8633,-4203,1763,-2,-43,18,2
8603,-4218,1788,-14,-38,32,2
8627,-4260,1735,-21,-41,43,2
8657,-4283,1608,-19,-44,49,2
8625,-4264,1535,-8,-41,51,2
8539,-4308,1587,-4,-38,49,2
8529,-4359,1611,-13,-42,32,2
8552,-4327,1544,-25,-41,0,2
8636,-4273,1541,-31,-33,-13,2
8679,-4255,1565,-25,-24,-4,2
8715,-4265,1567,-14,-21,10,2
8699,-4259,1622,-5,-14,21,2
8652,-4251,1690,2,-9,29,2
8608,-4252,1801,7,-9,39,2
8587,-4289,1892,11,-18,43,2
8615,-4308,2008,13,-26,43,2
8650,-4308,2071,19,-39,39,2
8638,-4321,2135,30,-64,40,2
8640,-4295,2168,28,-91,42,2
8700,-4319,1758,-57,-126,53,2
8652,-4417,1623,-72,-131,56,2
8643,-4500,1430,-77,-139,49,2
8669,-4462,1200,-78,-139,33,2
8693,-4450,955,-79,-124,30,2
8676,-4454,774,-73,-95,34,2
8622,-4465,567,-52,-69,34,2
8048,-4054,-1423,431,35,-166,2
8048,-4054,-1423,431,35,-166,2
8549,-4692,-2587,516,-52,-298,2
8674,-4834,-4817,533,-149,-638,2
9093,-4316,-7971,676,-10,-1237,2
8316,-5437,-11400,982,69,-2039,2
8263,-5340,-15992,1626,259,-2581,2
8511,-6450,-21255,2000,601,-3696,2
8060,-8294,-26133,1849,1411,-5224,2
6749,-9328,-28513,1564,2801,-7082,2
2832,-9067,-28289,1031,4283,-8962,2
-1634,-8256,-25949,-272,5759,-10245,2
-5760,-9439,-22433,-2417,7381,-10720,2
-8724,-12459,-17166,-4247,9490,-10476,2
-12234,-12906,-11089,-4960,12024,-10096,2
-18043,-11324,-4251,-4735,14600,-10137,2
-25038,-9015,3269,-4375,16812,-9605,2
-29629,-4428,11339,-4223,17453,-7312,2
-31975,37,23580,-4381,17453,-4248,2
32630,2340,-27410,-4411,16262,-1921,2
32589,1812,-26310,-3213,11967,-402,2
-25428,-3244,-26494,-1422,5878,210,2
-17134,-9001,-31055,1,1193,-159,2
-13794,-5527,23899,-93,-1010,-1307,2
-13118,2182,18627,-1300,-2051,-2116,2
-11120,5687,16114,-1678,-2293,-1743,2
-7836,4834,13507,-851,-1623,-653,2
-4958,3149,12402,-5,-480,315,2
-3826,2913,13460,374,493,863,2
-3793,3786,14924,662,940,1196,2
-3793,3786,14924,662,940,1196,2
-3732,4389,14957,984,902,1418,2
-3154,3956,14060,973,513,1526,2
-2275,2755,13367,687,46,1561,2
-1480,1434,12964,533,-275,1505,2
-885,457,12599,534,-473,1365,2
-770,357,11971,649,-570,1179,2
-828,357,11487,654,-623,971,2
-1154,930,11424,541,-632,896,2
-1588,1576,11546,561,-556,939,2
-2080,1889,11676,654,-466,1103,2
-2419,1970,12046,609,-451,1421,2
-2859,1936,12702,429,-545,1936,2
-3454,1982,13350,259,-767,2652,2
-3851,1859,13946,83,-1173,3298,2
-3894,1640,14570,-71,-1701,3700,2
-3651,1394,15046,145,-2089,3886,2
-3347,944,14978,697,-2310,3880,2
-3395,1242,14601,1279,-2484,3839,2
-4243,3295,15991,1684,-3481,5055,2
-4243,3295,15991,1684,-3481,5055,2
-4070,3899,16093,1571,-4093,5441,2
-4132,4088,15723,1318,-4746,5747,2
-4273,4248,15056,1004,-5214,5991,2
-4692,4368,15194,536,-5598,6185,2
-3962,4411,15395,-141,-6076,6284,2
-3435,4552,14901,-951,-6474,6119,2
-2579,5180,13707,-1850,-6834,5732,2
-2027,5795,12003,-2870,-7060,5314,2
-1580,5862,10387,-3898,-7236,4893,2
-859,5579,8302,-4634,-7442,4379,2
90,5219,5476,-5065,-7564,3930,2
314,4731,2655,-5351,-7579,3779,2
764,4097,-666,-5486,-7482,3775,2
1684,2563,-4896,-5347,-7147,3841,2
2742,949,-8741,-5046,-6571,3762,2
2741,-561,-11848,-4624,-5881,3589,2
2251,-2830,-14794,-4051,-5095,3310,2
2195,-5191,-17510,-3321,-4327,2911,2
2342,-7237,-19501,-2527,-3582,2425,2
2748,-8742,-20614,-1752,-2803,1839,2
9577,-3537,1587,-186,-12,-95,2
9577,-3537,1587,-186,-12,-95,2
9365,-3790,921,-271,-37,-41,2
8828,-4721,630,-70,28,-19,2
8828,-4721,630,-70,28,-19,2
8663,-4761,988,38,41,-9,2
8575,-4802,1241,120,25,-9,2
8651,-4687,1229,136,4,-21,2
8753,-4483,1131,115,16,-19,2
8710,-4356,1131,92,48,8,2
8461,-4298,1227,70,63,57,2
8397,-4392,1194,50,55,110,2
8522,-4315,1277,15,102,131,2
8522,-4315,1277,15,102,131,2
8419,-4386,1410,22,104,155,2
8292,-4575,1525,33,80,141,2
8224,-4624,1528,36,49,80,2
8326,-4552,1440,36,36,32,2
8449,-4466,1318,39,39,2,2
8514,-4344,1280,51,44,-19,2
8540,-4237,1318,72,49,-30,2
8570,-4079,1334,99,45,-24,2
8666,-3940,1301,112,35,4,2
8709,-3919,1344,112,35,43,2
8593,-4083,1519,104,40,65,2
8517,-4200,1696,86,29,47,2
8589,-4178,1728,75,9,34,2
8700,-4181,1708,68,-3,47,2
8680,-4298,1684,61,-14,65,2
8602,-4458,1642,34,-30,54,2
8559,-4510,1545,9,-31,41,2
8563,-4604,1497,0,-21,51,2
8546,-4705,1488,1,-16,64,2
8524,-4753,1444,10,-16,72,2
8589,-4731,1352,22,-16,77,2
8646,-4655,1262,40,-6,85,2
8549,-4624,1330,55,9,101,2
8401,-4666,1484,56,10,115,2
8426,-4770,1516,38,-4,93,2
8542,-4728,1486,5,-4,46,2
8594,-4696,1600,-13,12,31,2
8576,-4710,1673,-19,8,37,2
8576,-4710,1673,-19,8,37,2
8524,-4721,1596,-19,-12,41,2
8452,-4555,1369,2,3,66,2
8452,-4555,1369,2,3,66,2
8382,-4586,1403,8,-3,61,2
8363,-4577,1397,7,-17,38,2
8373,-4514,1338,-4,-18,26,2
8371,-4547,1241,-47,-3,20,2
8552,-4476,1073,44,21,13,2
8552,-4476,1073,44,21,13,2
8576,-4422,1145,56,37,15,2
8437,-4513,1363,54,49,15,2
8391,-4553,1521,35,46,-1,2
8473,-4565,1521,20,38,-2,2
8572,-4569,1432,11,34,4,2
8549,-4649,1495,14,31,7,2
8503,-4752,1559,22,18,-7,2
8498,-4705,1555,33,5,-39,2
8602,-4575,1509,48,0,-45,2
8676,-4483,1501,54,6,-30,2
8590,-4431,1648,52,15,-4,2
8466,-4468,1772,38,6,24,2
8402,-4555,1745,18,-13,41,2
8491,-4616,1624,-2,-28,36,2
8540,-4610,1507,-14,-28,30,2
8448,-4654,1498,-17,-26,36,2
8387,-4725,1494,-18,-36,37,2
8393,-4731,1435,-19,-42,21,2
8415,-4708,1373,-23,-39,8,2
8473,-4680,1308,-31,-34,6,2
8515,-4630,1183,-36,-21,7,2
8516,-4617,1127,-27,-3,21,2
8517,-4614,1177,-4,9,27,2
8498,-4573,1215,16,10,23,2
8393,-4592,1347,21,10,16,2
8340,-4573,1496,13,10,-2,2
8523,-4547,1356,-46,9,-4,2
8436,-4599,1495,0,1,6,2
8436,-4599,1495,0,1,6,2
8454,-4605,1466,-13,-7,-5,2
8479,-4575,1382,-23,-15,-23,2
8528,-4507,1361,-29,-14,-30,2
8559,-4492,1425,-26,-6,-21,2
8571,-4454,1447,-18,-7,-4,2
8630,-4438,1368,-6,-18,16,2
8615,-4477,1292,2,-19,37,2
8424,-4709,1320,-18,-10,37,2
8424,-4709,1320,-18,-10,37,2
8395,-4714,1302,-30,-12,12,2
8394,-4716,1314,-30,-9,2,2
8444,-4711,1289,-21,-6,0,2
8470,-4671,1341,-3,-1,-5,2
8502,-4585,1448,15,2,-2,2
8563,-4539,1484,28,-2,11,2
8637,-4490,1435,30,-4,29,2
8591,-4500,1446,25,1,44,2
8484,-4597,1496,10,1,53,2
8385,-4708,1508,-5,-8,38,2
8357,-4720,1513,-17,-14,12,2
8431,-4732,1517,-21,-20,-2,2
8490,-4691,1531,-19,-25,-8,2
8548,-4682,1540,-16,-28,-2,2
8585,-4709,1513,-13,-37,13,2
8596,-4750,1477,-14,-43,26,2
7697,-5320,-2140,667,-290,-385,2
7579,-5725,-3759,876,-395,-875,2
8365,-7259,-5889,828,-413,-2119,2
7429,-7745,-9001,540,-479,-3428,2
7771,-8023,-12745,479,-303,-5055,2
8488,-7198,-16878,546,14,-6936,2
7863,-5338,-21439,345,549,-8421,2
6234,-5185,-25760,190,1873,-9304,2
3323,-5346,-27264,-114,3566,-9623,2
-533,-5091,-26432,-1136,5126,-9090,2
-2515,-6472,-23694,-2507,6769,-8385,2
-2995,-8061,-20075,-3625,8342,-7951,2
-4904,-9720,-16307,-4226,9898,-8006,2
-8723,-9603,-12274,-4532,11584,-8445,2
-21945,-8112,-272,-5797,15052,-9043,2
-28098,-5359,8727,-6639,16411,-7522,2
-28098,-5359,8727,-6639,16411,-7522,2
-31675,-1972,19756,-6868,16940,-4905,2
32536,-3061,32311,-6078,16116,-1925,2
-32268,-5085,-26310,-3348,13902,337,2
-28555,-7286,-26310,-805,9701,1398,2
-23574,-7257,-28278,723,5216,1292,2
-19992,-3447,29383,771,2079,345,2
-17065,120,23271,-847,-183,-790,2
-11217,3918,18074,-1552,-1780,-1024,2
-11217,3918,18074,-1552,-1780,-1024,2
-7928,3717,15572,-833,-1656,-359,2
-5494,3444,13780,-135,-1193,366,2
-4302,3942,12417,578,-526,956,2
-3835,4830,11509,1025,-25,1377,2
-3323,4869,11081,932,95,1728,2
-2304,3249,10834,443,-113,1885,2
-3228,3203,10351,578,-448,1533,2
-7678,4957,18021,643,-2825,2949,2
-7678,4957,18021,643,-2825,2949,2
-8011,4476,19410,841,-3857,3805,2
-7953,3680,20081,1334,-5094,4854,2
-7483,3290,19464,1964,-6158,5865,2
-6980,3251,18153,2351,-6796,6515,2
-6690,3682,17014,2199,-7185,6874,2
-5958,4479,15858,1450,-7607,6862,2
-4377,4927,14193,365,-7968,6502,2
-2302,6243,11788,-750,-8040,5844,2
-1383,7125,9909,-2020,-7944,4990,2
-688,6912,8418,-3146,-7929,4102,2
-401,6602,6290,-3801,-7930,3632,2
-221,6167,3942,-4054,-7791,3872,2
548,6162,1004,-3991,-7534,4643,2
930,5016,-2146,-3921,-7271,5410,2
1183,2771,-5238,-3974,-7046,5840,2
1557,122,-8103,-3924,-6638,5832,2
1873,-2123,-10108,-3581,-5916,5470,2
2106,-4048,-11214,-3076,-5047,4930,2
1953,-5804,-11733,-2580,-4270,4284,2
2097,-7140,-11929,-2121,-3626,3470,2
2871,-7458,-12664,-1808,-3128,2644,2
3883,-7205,-14054,-1580,-2670,1968,2
5618,-7667,-15631,-736,-1102,1048,2
6264,-8256,-7173,35,1132,201,2
6264,-8256,-7173,35,1132,201,2
6459,-7720,-4883,196,1385,-140,2
6687,-7022,-2668,399,1531,-418,2
7139,-6403,-673,631,1580,-607,2
7606,-5830,1107,887,1557,-734,2
7863,-5293,2656,1130,1456,-804,2
8148,-4829,3828,1293,1293,-838,2
9099,-3377,5185,1126,759,-797,2
9244,-3110,5108,918,581,-690,2
9347,-2934,4713,692,380,-562,2
9460,-2845,4061,486,199,-404,2
9557,-2953,3239,321,68,-228,2
9520,-3138,2425,200,-7,-70,2
9323,-3354,1893,102,-41,58,2
9107,-3697,1527,17,-49,156,2
8941,-4022,1187,-40,-49,205,2
8759,-4324,970,-76,-34,221,2
8587,-4659,889,-90,-5,195,2
8493,-4816,911,-69,30,145,2
8449,-4857,1060,-25,64,99,2
8233,-4589,1351,52,21,2,2
8435,-4668,1447,46,13,51,2
8435,-4668,1447,46,13,51,2
8488,-4798,1710,8,17,66,2
8488,-4798,1710,8,17,66,2
8485,-4826,1725,10,0,80,2
8473,-4875,1608,3,-15,96,2
8476,-4926,1377,-5,-22,102,2
8424,-4954,1313,-11,-10,96,2
8369,-4986,1410,3,6,88,2
8296,-5049,1523,20,3,54,2
8217,-4950,1620,28,-18,5,2
8277,-4837,1620,23,-33,-20,2
8401,-4749,1613,2,-38,-28,2
8474,-4667,1517,-30,-38,-18,2
8520,-4670,1392,-59,-30,3,2
8487,-4714,1355,-67,-20,27,2
8409,-4783,1383,-46,-16,39,2
8395,-4843,1405,-12,-34,35,2
8367,-4793,1460,17,-49,14,2
8340,-4710,1494,30,-60,-3,2
8382,-4662,1466,29,-72,-15,2
8438,-4568,1361,15,-79,-19,2
8479,-4527,1313,0,-73,-2,2
8479,-4559,1243,-4,-67,22,2
8493,-4625,1200,-5,-61,47,2
8433,-4705,1230,-4,-51,65,2
8342,-4788,1310,-7,-45,63,2
8260,-4793,1233,-35,-47,-1,2
8260,-4793,1233,-35,-47,-1,2
8308,-4753,1132,-36,-46,-13,2
8389,-4709,1033,-28,-43,-12,2
8458,-4665,1095,24,-13,29,2
8299,-4804,1446,-7,9,41,2
8299,-4804,1446,-7,9,41,2
8253,-4837,1442,-25,6,23,2
8292,-4911,1430,-27,0,19,2
8312,-4734,1237,4,-22,-6,2
8304,-4725,1290,24,-26,5,2
8287,-4745,1307,28,-27,18,2
8312,-4769,1267,10,-23,13,2
8327,-4782,1194,-10,-21,2,2
8344,-4768,1176,-20,-13,-3,2
8357,-4756,1143,-17,-5,0,2
8377,-4781,1112,-10,-4,5,2
8417,-4843,1095,-4,-4,-5,2
8417,-4794,1139,7,6,-18,2
8389,-4789,1273,20,13,-15,2
8391,-4806,1403,26,4,-5,2
8414,-4793,1407,26,-5,-1,2
8359,-4800,1449,15,-10,6,2
8358,-4836,1459,-2,-16,9,2
8346,-4941,1492,-25,-45,9,2
8345,-5010,1394,-47,-45,-3,2
8333,-5045,1353,-55,-44,-15,2
8342,-5031,1272,-37,-48,-26,2
8387,-4959,1174,-13,-55,-35,2
8450,-4847,1017,3,-54,-33,2
8478,-4788,1027,7,-31,-20,2
8481,-4756,1124,4,-6,-4,2
8414,-4734,1182,-1,2,16,2
8304,-4848,1148,-7,-6,35,2
8287,-4963,1013,-7,-17,35,2
8290,-4998,909,-4,-11,18,2
8254,-5005,827,0,-5,-2,2
8293,-6471,-16792,813,880,-4640,2
8293,-6471,-16792,813,880,-4640,2
8492,-6891,-20182,782,1869,-5878,2
6863,-6511,-22028,622,3146,-6849,2
4917,-6440,-22558,492,4413,-7620,2
2711,-6507,-22217,255,5766,-8341,2
-143,-6089,-19864,-279,6971,-8813,2
-2782,-4432,-16713,-1187,7955,-8838,2
-4216,-2806,-13588,-2020,9106,-8919,2
-6802,-3158,-10285,-2975,10296,-9495,2
-11767,-3997,-5851,-4086,11643,-10050,2
-17805,-3375,-252,-4760,13379,-9882,2
-23570,-3245,7362,-5332,14988,-8346,2
-27018,-2592,18252,-5540,15826,-5239,2
-28329,-2400,30798,-4512,15469,-1808,2
-28325,-2937,-26310,-2525,13684,500,2
-26641,-4235,-26310,-547,10093,1395,2
-21423,-6226,-27888,829,5658,975,2
-16577,-4811,30257,1077,2295,-41,2
-14145,-827,23659,101,290,-873,2
-11978,2840,20645,-727,-789,-1337,2
-9432,4059,18513,-817,-1290,-1085,2
-6511,3448,16124,-480,-1446,-482,2
-4152,2791,13929,-71,-1332,65,2
-2865,2790,12196,387,-974,442,2
-2360,3482,10911,762,-563,714,2
-1954,3504,10191,863,-288,928,2
-1357,2978,9981,820,-111,979,2
-966,2625,9894,783,-2,937,2
-679,2169,9947,572,-68,810,2
-583,1863,10145,345,-191,637,2
-848,1892,10252,329,-243,495,2
-1312,2305,10330,341,-279,449,2
-1808,2475,10413,315,-340,508,2
-2202,2434,10507,314,-389,629,2
-2445,2449,10751,282,-437,810,2
-2686,2658,10907,269,-502,1052,2
-2778,2565,11152,151,-624,1296,2
-2724,2358,11445,-31,-782,1573,2
-2667,1968,11652,-43,-891,1784,2
-2785,1596,11985,67,-903,1863,2
-3136,1923,12587,149,-924,2037,2
-3694,2352,13429,242,-1063,2351,2
-4373,2882,14381,304,-1382,2911,2
-5273,3271,15283,384,-1960,3732,2
-5997,3737,15945,740,-2591,4525,2
-6691,4444,16522,1036,-3283,5360,2
-7081,4698,17309,1362,-4022,6189,2
-7342,4813,18076,1787,-4675,7161,2
-7665,4265,18874,1962,-5342,8021,2
-7115,4163,19024,1723,-6014,8368,2
-6051,5294,17836,915,-6496,8160,2
-5219,6171,15883,-449,-6891,7442,2
-3717,6295,14663,-2076,-7293,6166,2
-2697,6289,13184,-3351,-7637,4851,2
-1727,6827,11192,-4070,-7862,3731,2
-1393,7240,9069,-4517,-7944,3237,2
-1333,7677,6796,-4808,-7956,3574,2
-646,7896,3505,-5001,-8026,4322,2
-191,6636,83,-5241,-8045,5077,2
-184,3802,-4494,-5450,-7937,5405,2
1449,-124,-7910,-5018,-7422,4910,2
1109,-1012,-8839,-4491,-6916,4352,2
161,-2326,-11977,-4301,-6457,4064,2
126,-4915,-14517,-3733,-5615,3657,2
389,-7173,-16260,-3267,-4659,3068,2
1285,-8062,-18376,-3108,-3771,2282,2
2438,-7996,-20639,-3012,-2925,1527,2
3462,-7771,-22531,-2834,-2097,991,2
4667,-7720,-23988,-2530,-1326,674,2
5522,-7528,-23924,-1990,-548,512,2
5868,-7399,-21850,-1238,214,454,2
5873,-7441,-18065,-484,881,442,2
5794,-7425,-13297,102,1437,360,2
5682,-7201,-8232,504,1867,156,2
5709,-6794,-3521,747,2147,-125,2
5888,-6460,537,899,2257,-394,2
6214,-6232,3652,1012,2175,-663,2
6830,-5528,5741,1102,1921,-915,2
7834,-4454,6737,1098,1584,-1043,2
8759,-3521,6850,989,1226,-996,2
9245,-3001,6440,834,889,-849,2
9646,-3101,1565,-47,-19,-211,2
8372,-5041,336,198,62,25,2
8432,-4932,393,256,43,13,2
8502,-4810,380,310,29,13,2
8481,-4634,440,346,27,27,2
8253,-4678,609,339,19,64,2
8079,-4969,646,290,-4,59,2
8065,-5023,541,226,-4,-10,2
8065,-5023,541,226,-4,-10,2
8218,-4897,486,185,23,-73,2
8309,-4725,541,170,46,-117,2
8377,-4564,512,175,37,-151,2
8518,-4352,310,191,13,-178,2
8698,-4125,96,207,5,-174,2
8758,-4012,-14,207,16,-134,2
8685,-4145,125,181,117,13,2
8685,-4145,125,181,117,13,2
8536,-4623,724,126,94,4,2
8536,-4623,724,126,94,4,2
8566,-4569,708,103,104,-3,2
8565,-4546,609,88,108,15,2
8607,-4515,386,80,105,48,2
8697,-4589,177,83,120,82,2
8631,-4677,268,109,154,108,2
8457,-4848,525,149,169,115,2
8420,-5023,699,192,155,85,2
8437,-4992,832,230,136,37,2
8475,-4884,952,247,128,5,2
8488,-4764,1053,240,123,-12,2
8358,-4807,583,155,168,-22,2
8347,-4764,811,180,185,-53,2
8344,-4673,1203,208,202,-74,2
8363,-4576,1507,225,198,-86,2
8435,-4448,1630,216,165,-79,2
8539,-4356,1492,186,129,-51,2
8545,-4308,1197,145,111,-14,2
8486,-4388,894,102,115,19,2
8402,-4617,768,75,136,30,2
8309,-4720,952,111,167,-22,2
8433,-4683,1078,146,160,-43,2
8522,-4626,1246,167,161,-57,2
8543,-4517,1431,168,167,-67,2
8575,-4397,1471,154,163,-58,2
8613,-4337,1376,127,155,-37,2
8584,-4321,1219,94,146,-12,2
8499,-4387,1016,58,148,16,2
8403,-4512,950,30,162,36,2
8291,-4685,921,15,178,36,2
8221,-4854,1017,17,193,12,2
8163,-4909,1187,38,208,-30,2
8491,-4503,1874,152,183,-54,2
8540,-4443,1844,146,167,-43,2
8514,-4415,1857,116,167,-28,2
8484,-4419,1868,73,174,-16,2
8379,-4479,1819,21,170,-18,2
8332,-4515,1714,-25,162,-33,2
8376,-4522,1642,-43,164,-43,2
8463,-4568,1667,-32,163,-45,2
8626,-4543,1661,2,149,-47,2
8776,-4490,1650,42,136,-41,2
8887,-4436,1725,66,132,-31,2
8873,-4411,1857,67,134,-19,2
8819,-4456,2023,48,128,-9,2
8564,-4551,1765,-66,-38,24,2
8518,-4559,1701,-74,-55,23,2
8488,-4555,1631,-82,-67,18,2
8482,-4563,1555,-82,-71,17,2
8490,-4587,1462,-74,-76,15,2
8514,-4565,1404,-58,-79,15,2
8520,-4510,1331,-41,-76,23,2
8472,-4453,1241,-38,-72,31,2
8472,-4436,1104,-60,-62,41,2
8496,-4459,901,-85,-38,52,2
8444,-4523,757,-98,-10,62,2
8385,-4664,711,-87,19,67,2
8294,-4735,816,-56,44,54,2
8241,-4756,945,-26,51,29,2
8320,-4750,897,-12,54,6,2
8388,-4755,772,-12,73,-14,2
8372,-4746,594,-16,103,-39,2
8341,-4778,404,-6,131,-84,2
8323,-5026,197,37,127,-165,2
8117,-5054,-532,108,77,-374,2
8061,-5211,-1823,266,35,-724,2
8190,-5676,-3240,503,20,-1229,2
8190,-5676,-3240,503,20,-1229,2
9360,-6414,-5661,509,97,-2395,2
8876,-6337,-7933,621,360,-3569,2
8937,-5590,-10711,870,637,-4324,2
8936,-5345,-14730,1110,1210,-5129,2
2066,-4443,-18796,-1230,5851,-8839,2
2066,-4443,-18796,-1230,5851,-8839,2
537,-3081,-17049,-2157,7234,-9083,2
-1438,-3150,-15064,-3003,8738,-8912,2
-7500,-3326,-7903,-4291,11292,-8110,2
-12636,-3125,-3152,-5186,11919,-7699,2
-18197,-4594,3715,-6452,12566,-6477,2
-22381,-6597,13045,-6446,13712,-4614,2
-25924,-7300,25057,-4751,14272,-2204,2
-26480,-5254,-28781,-2528,13235,562,2
-24494,-2942,-26310,-550,10242,2280,2
-20585,-3384,-28248,691,6122,2335,2
-15994,-3845,29024,552,2752,1488,2
-13044,-1794,22710,-656,773,501,2
-10743,693,20465,-1400,-100,-259,2
-8305,2102,18759,-1267,-462,-481,2
-5569,2114,16211,-851,-723,-286,2
-3568,1944,13671,-383,-740,45,2
-2840,2699,11844,108,-410,386,2
-2614,3723,10795,507,51,732,2
-2332,4168,10489,608,352,1064,2
-1654,3512,10678,412,380,1279,2
-808,1963,10707,217,304,1223,2
-290,730,10536,209,308,938,2
-379,411,10628,112,267,633,2
-658,341,11140,-147,77,354,2
-967,687,11573,-251,-102,125,2
-1341,1174,11578,-159,-216,81,2
-1539,1353,11254,-16,-300,165,2
-1629,1491,10813,108,-345,329,2
-1653,1579,10270,176,-346,542,2
-1359,972,9933,124,-334,654,2
-980,345,10022,66,-249,560,2
-932,336,10354,117,-98,383,2
-1149,766,10723,178,-17,235,2
-1357,1004,11122,174,-71,124,2
-1458,1005,11403,172,-194,108,2
-1563,896,11432,263,-308,167,2
-1716,1019,11334,389,-386,226,2
-1860,1355,11302,462,-460,292,2
-2032,1711,11195,501,-552,396,2
-2211,1905,11138,495,-650,544,2
-2353,2015,11266,470,-718,754,2
-2343,1725,11497,480,-770,923,2
-2528,1189,11887,514,-834,919,2
-3039,1017,12553,594,-891,854,2
-3957,914,13659,648,-1002,900,2
-4963,878,15058,718,-1233,1039,2
-5855,529,16392,866,-1653,1302,2
-6755,739,17773,1017,-2271,1709,2
-8024,925,19923,1173,-3199,2409,2
-9288,567,22890,1597,-4588,3414,2
-11151,-299,26140,2404,-6360,4448,2
-13096,-1049,29098,3397,-8231,5431,2
-13057,1983,28315,4292,-9678,6387,2
-11694,7873,22212,3418,-10658,6773,2
-8537,12477,13061,1070,-10859,6655,2
-3383,15567,5846,-1328,-10340,6245,2
685,14226,1744,-3146,-9878,5602,2
1400,11460,-2710,-4053,-9586,5692,2
274,7844,-7266,-4005,-9101,6107,2
287,4051,-10676,-3399,-8303,6690,2
878,1288,-13306,-2743,-7321,7524,2
1810,-1598,-15350,-2207,-6195,7932,2
2310,-4868,-15713,-1477,-5124,7321,2
1959,-7470,-15229,-519,-4039,6423,2
2486,-9049,-14059,-124,-3236,5365,2
3080,-9841,-12513,112,-2597,3981,2
3900,-9358,-11363,109,-2094,2664,2
4693,-8482,-10642,-238,-1644,1731,2
5029,-7525,-9979,-749,-1160,1210,2
5559,-6915,-9197,-1161,-637,999,2
6164,-7082,-8230,-1444,-158,935,2
6733,-7534,-7405,-1632,192,841,2
6750,-7792,-6403,-1546,417,704,2
6514,-8024,-4998,-1200,563,556,2
6158,-8101,-3323,-727,634,408,2
6490,-7665,-1935,-304,699,135,2
6945,-7194,-600,-54,779,-268,2
7415,-6524,420,47,808,-595,2
7952,-5700,1288,97,851,-841,2
8358,-4800,2053,156,861,-955,2
8856,-4290,1246,54,28,47,2
8765,-4419,1292,78,12,82,2
8736,-4516,1176,76,-1,111,2
8736,-4516,1176,76,-1,111,2
8669,-4617,1115,54,-2,138,2
8473,-4898,1359,31,16,158,2
8354,-5075,1601,22,29,128,2
8414,-4957,1573,13,21,76,2
8616,-4755,1308,3,12,55,2
8703,-4649,1112,-10,20,79,2
8522,-4759,1206,-14,39,112,2
8303,-4931,1331,1,41,98,2
8288,-4854,1245,20,20,42,2
8457,-4640,978,34,4,-1,2
8561,-4474,881,38,15,-8,2
8457,-4456,1092,42,49,2,2
8400,-4438,1309,49,63,7,2
8402,-4416,1421,51,56,6,2
8417,-4434,1534,51,46,1,2
8469,-4346,1543,52,34,2,2
8563,-4263,1444,45,20,13,2
8644,-4245,1303,41,20,38,2
8612,-4236,1205,50,33,66,2
8464,-4241,1194,64,43,90,2
8329,-4328,1297,70,42,110,2
8379,-4441,1385,66,39,125,2
8406,-4591,1340,53,38,121,2
8406,-4677,1260,35,36,86,2
8382,-4679,1262,32,49,56,2
8402,-4689,1385,52,68,57,2
8384,-4740,1546,76,70,69,2
8312,-4793,1612,92,54,72,2
8311,-4843,1602,99,31,60,2
8413,-4867,1465,83,9,22,2
8533,-4772,1322,63,15,-2,2
8595,-4744,1327,49,43,7,2
8618,-4782,1380,47,60,34,2
8479,-4929,1573,-17,33,45,2
8479,-4929,1573,-17,33,45,2
8431,-4935,1618,-5,38,49,2
8376,-4890,1671,14,28,38,2
8418,-4757,1577,29,11,21,2
8467,-4647,1513,41,14,27,2
8341,-4604,1664,39,27,37,2
8305,-4576,1737,26,18,40,2
8411,-4562,1660,4,3,45,2
8441,-4583,1541,-23,-1,55,2
8378,-4642,1346,-40,-3,64,2
8371,-4659,1187,-42,0,69,2
8385,-4647,1106,-24,13,71,2
8405,-4780,1418,18,52,93,2
8405,-4780,1418,18,52,93,2
8378,-4818,1478,42,54,96,2
8364,-4770,1461,64,52,95,2
8300,-4757,1608,80,58,98,2
8170,-4829,1856,82,54,100,2
8231,-4872,1913,71,32,98,2
8340,-4889,1807,46,7,81,2
8412,-4884,1674,26,3,68,2
8390,-4904,1662,14,16,64,2
8354,-4901,1628,11,20,61,2
8332,-4909,1570,18,19,52,2
8338,-4851,1559,33,20,44,2
8274,-4830,1630,49,24,37,2
8245,-4841,1691,46,16,35,2
8298,-4816,1658,28,6,34,2
8322,-4836,1604,1,6,38,2
8318,-4903,1500,-23,10,48,2
8299,-4947,1419,-30,14,50,2
8249,-4982,1473,-19,21,50,2
8231,-5017,1579,-5,21,44,2
8304,-4940,1589,9,17,29,2
8365,-4853,1573,12,13,26,2
8339,-4854,1635,9,20,26,2
8239,-4840,1713,5,20,18,2
8256,-4820,1680,0,9,19,2
8275,-4807,1613,-1,5,20,2
8255,-4818,1626,1,9,19,2
8244,-4802,1654,0,8,18,2
8305,-4774,1658,-3,7,23,2
8226,-4837,1731,-6,7,32,2
8168,-4954,1740,-16,-6,28,2
8249,-4939,1570,-18,-23,6,2
8377,-4854,1403,-12,-22,-9,2
8401,-4800,1397,0,-7,-4,2
8305,-4836,1533,3,0,5,2
8316,-4898,1581,-1,0,6,2
8359,-4907,1690,-1,5,-6,2
8359,-4909,1874,3,3,-14,2
8457,-4854,1831,3,-33,0,2
8293,-4890,1483,-17,-62,17,2
8300,-4885,1417,-23,-55,16,2
8269,-4877,1395,-25,-45,16,2
8208,-4950,1380,-19,-22,27,2
8208,-4950,1380,-19,-22,27,2
8244,-4936,1322,-13,-13,26,2
8254,-4927,1304,-1,0,27,2
8130,-4903,1436,12,5,24,2
8066,-4931,1569,19,-1,17,2
8156,-4945,1545,11,-18,3,2
8280,-4945,1442,-2,-17,-13,2
8341,-4913,1338,-11,-1,-21,2
8330,-4896,1241,-5,6,-14,2
8300,-4915,1051,8,7,-2,2
8292,-4905,800,25,18,-1,2
8275,-4837,523,53,47,-4,2
8223,-4817,150,90,76,-10,2
8158,-4830,-420,147,95,-36,2
9265,-3861,-17585,853,1296,-4973,2
9265,-3861,-17585,853,1296,-4973,2
7850,-4376,-20745,858,2065,-5463,2
6414,-5448,-23840,899,3104,-6073,2
3800,-6861,-24900,955,4468,-7054,2
943,-8451,-23496,500,5778,-8265,2
-970,-7623,-20910,-706,7012,-9453,2
-3608,-6659,-17796,-2177,8561,-10823,2
-8288,-6736,-13255,-3881,10659,-11623,2
-15137,-6241,-7166,-5312,12975,-11622,2
-19840,-5243,823,-5833,14743,-10309,2
-22483,-5045,9338,-6330,15713,-6983,2
-17002,-6666,-28587,44,3210,532,2
-17002,-6666,-28587,44,3210,532,2
-14061,-3781,28099,126,630,-18,2
-11618,9,21197,-278,-316,-209,2
-8952,1650,18532,-678,-500,-100,2
-6123,1019,17450,-803,-491,214,2
-4054,727,16405,-463,-348,559,2
-2549,846,15159,157,-105,771,2
-1497,863,13759,818,162,823,2
-599,1528,11212,920,72,972,2
-599,1528,11212,920,72,972,2
-49,796,11093,1008,69,972,2
68,487,10705,1168,76,944,2
-69,359,10276,1003,-64,833,2
-16,44,10212,567,-298,586,2
-238,310,10411,198,-471,318,2
-694,762,10653,126,-511,190,2
-1017,1012,10829,231,-485,223,2
-1310,1267,10868,337,-477,401,2
-1619,1647,10921,408,-486,634,2
-1924,1568,11022,541,-456,910,2
-3561,1082,14034,401,-1107,2603,2
-3561,1082,14034,401,-1107,2603,2
-4331,1097,14429,569,-1346,3142,2
-4941,1109,15048,622,-1721,3689,2
-5561,2054,16192,770,-2225,4470,2
-6267,2473,17921,1193,-2869,5271,2
-6844,2094,20243,1582,-3794,5945,2
-7585,2384,22775,1835,-5136,6816,2
-8621,1751,24064,2237,-6668,7765,2
-9550,1387,23383,2135,-7921,8071,2
-8345,2245,20389,913,-8641,7398,2
-4781,5254,15791,-785,-8607,6157,2
-1740,8068,12342,-2576,-8269,4680,2
102,8945,9353,-4049,-8147,3039,2
1267,8652,5879,-4750,-8250,1964,2
2529,8314,1292,-4735,-8250,1991,2
2913,7623,-2683,-4386,-7901,2914,2
2998,5761,-5644,-3956,-7513,4006,2
2729,2917,-8196,-3568,-7136,4940,2
2104,-122,-10419,-3158,-6578,5577,2
2552,-3265,-12579,-2584,-5732,5603,2
2761,-5640,-13435,-2025,-4728,5070,2
2601,-6979,-13795,-1839,-3763,4318,2
2838,-8193,-13950,-1854,-2871,3357,2
3524,-8643,-14131,-1880,-2097,2362,2
4460,-8425,-14364,-1783,-1490,1568,2
5197,-7899,-14069,-1626,-982,1026,2
6371,-7659,-9041,111,446,623,2
6963,-6768,1976,804,1163,-508,2
7512,-5982,2988,761,1162,-764,2
7976,-5229,3627,742,1111,-899,2
8430,-4703,3943,745,1006,-917,2
8818,-4308,4059,771,862,-850,2
9092,-3929,4132,803,694,-722,2
9229,-3699,4059,814,514,-564,2
9324,-3612,3919,782,363,-410,2
9313,-3600,3680,702,243,-291,2
9313,-3600,3680,702,243,-291,2
9200,-3566,3340,566,149,-208,2
9091,-3768,3086,402,96,-127,2
9018,-4037,2877,258,88,-84,2
8481,-4468,2239,-37,106,131,2
8481,-4468,2239,-37,106,131,2
8213,-4842,2353,-47,106,143,2
8129,-4867,2193,-43,84,105,2
8215,-4825,1908,-34,74,93,2
8311,-4755,1608,-26,90,110,2
8412,-4674,1306,-34,128,140,2
7953,-5085,2273,146,151,162,2
8020,-4831,2677,89,135,-38,2
8020,-4831,2677,89,135,-38,2
8128,-4665,2663,126,105,-43,2
8147,-4533,2698,147,84,-32,2
8195,-4478,2666,135,64,-10,2
8297,-4431,2564,107,61,14,2
8306,-4515,2651,71,77,39,2
8224,-4740,2779,38,80,53,2
8163,-4822,2746,12,62,31,2
8190,-4817,2634,-1,42,15,2
8311,-4836,2519,5,39,29,2
8376,-4855,2500,18,46,48,2
8373,-4822,2408,33,52,64,2
8314,-4764,2334,49,58,91,2
8099,-4857,2525,57,62,122,2
7956,-5032,2766,53,55,140,2
7951,-5226,2814,38,31,127,2
7996,-5066,2558,22,103,31,2
7996,-5066,2558,22,103,31,2
7975,-5016,2595,22,107,34,2
7963,-5045,2718,15,103,40,2
8012,-5117,2830,21,94,41,2
8039,-5108,2850,34,75,27,2
8050,-5049,2824,37,51,6,2
8049,-4897,2628,-17,43,49,2
8273,-4789,2273,14,3,76,2
8105,-4834,2376,25,28,112,2
7741,-5066,2643,25,26,128,2
7612,-5181,2753,12,1,104,2
7715,-5203,2713,-6,-10,65,2
7871,-5118,2594,-19,-11,29,2
7974,-5047,2523,-18,-9,19,2
8025,-4993,2423,-9,-4,36,2
7965,-5099,2673,29,24,9,2
7880,-5146,2719,12,14,5,2
7891,-5147,2676,-12,8,-10,2
7931,-5121,2657,-26,10,-21,2
7934,-5118,2695,-22,10,-15,2
7969,-5130,2722,-13,0,-3,2
8063,-5099,2644,-3,-10,2,2
8050,-5048,2618,3,-10,7,2
7968,-5042,2685,0,-8,12,2
7932,-5041,2715,-11,-17,12,2
7932,-5031,2656,-26,-27,3,2
7963,-5008,2536,-38,-32,-3,2
7989,-5016,2445,-37,-29,3,2
7980,-5039,2423,-28,-25,4,2
7917,-5035,2493,-19,-21,7,2
7908,-5051,2525,-13,-19,13,2
7970,-5041,2546,-14,-20,14,2
7899,-5144,2542,-7,-25,16,2
7934,-5110,2529,-2,-33,3,2
7995,-5056,2461,-5,-37,4,2
8000,-5066,2413,-11,-31,14,2
7966,-5115,2399,-22,-27,24,2
7966,-5115,2399,-22,-27,24,2
7921,-5206,2346,-31,-23,23,2
7917,-5230,2267,-29,-21,8,2
7927,-5238,2151,-21,-19,1,2
7887,-5239,2062,-14,-12,-1,2
7928,-6945,-2077,276,-16,-1285,2
8328,-4236,-12982,1195,638,-5603,2
8328,-4236,-12982,1195,638,-5603,2
8004,-5037,-16066,1184,1376,-6394,2
7046,-5840,-18639,486,2510,-7253,2
4719,-6179,-20053,-1028,3723,-8009,2
2377,-6195,-19449,-2786,5017,-8900,2
1333,-5166,-17661,-4158,6549,-9463,2
-815,-5194,-15186,-5171,8195,-9043,2
-3040,-4644,-12265,-5511,9809,-8701,2
-7784,-3223,-8133,-5657,11383,-8866,2
-13859,-3338,-2814,-5795,12971,-8312,2
-18261,-4170,3402,-5680,14331,-6219,2
-21880,-5748,12014,-5147,15101,-3387,2
-23848,-6669,23232,-4513,15072,-765,2
-25138,-6778,-30600,-3443,13860,1216,2
-24112,-6973,-26310,-1816,10845,2270,2
-21389,-8038,-26391,-49,6539,2237,2
-16278,-7160,-32463,599,2282,1050,2
-11925,-4841,23740,-639,-395,-247,2
-9860,-937,19204,-1371,-1232,-950,2
-7753,1091,16820,-1006,-1146,-847,2
-4838,640,14888,-651,-960,-356,2
-3006,447,13673,-241,-565,170,2
-2425,1161,12773,491,54,647,2
-2203,1749,11834,993,463,1032,2
-1732,1514,11256,989,504,1257,2
-991,554,11019,832,421,1244,2
-527,111,10850,702,323,1049,2
-328,23,10816,466,120,803,2
-345,-40,10716,284,-102,639,2
-586,10,10337,247,-249,533,2
-798,124,9876,200,-357,410,2
-913,190,9507,102,-409,312,2
-1022,379,9457,35,-381,298,2
-1227,828,9495,78,-308,420,2
-1358,1048,9343,178,-240,597,2
-1380,824,9304,256,-168,742,2
-1222,234,9520,312,-67,776,2
-1235,88,10017,371,55,735,2
-1424,140,10598,389,100,784,2
-1606,-63,11111,354,22,851,2
-1680,-262,11572,296,-105,828,2
-2124,-3,11970,303,-206,830,2
-2820,454,12498,287,-312,1014,2
-3559,640,13227,275,-459,1489,2
-4387,527,13980,362,-627,2242,2
-5778,695,14977,566,-873,3204,2
-7401,1600,16858,772,-1480,4299,2
-9216,2206,19510,1464,-2346,5407,2
-11900,1666,26140,2869,-4914,7556,2
-12973,1239,27634,2970,-6772,8314,2
-14131,1213,27785,1989,-8476,8388,2
-13792,3968,25558,200,-9615,7772,2
-11924,8231,21422,-1594,-10181,6671,2
-7342,11532,16381,-3355,-10316,5248,2
-1399,13666,10298,-4897,-10127,3827,2
3257,15149,3873,-6024,-9525,3242,2
3811,13877,-863,-6570,-8909,3816,2
2570,9529,-4035,-6488,-8318,4973,2
1533,4230,-6318,-6092,-7582,5940,2
1605,293,-8510,-5477,-6730,6084,2
2322,-2273,-9833,-4565,-5886,5293,2
1735,-3665,-10303,-3827,-5173,4230,2
762,-5814,-10749,-2548,-4056,2605,2
1594,-5892,-11294,-2061,-3632,2070,2
2716,-5844,-11991,-1735,-3206,1663,2
4622,-6165,-12897,-1379,-1651,1080,2
4975,-6562,-12735,-1363,-1152,892,2
5382,-6938,-12308,-1320,-701,700,2
5710,-7285,-11486,-1181,-294,534,2
5892,-7561,-10245,-920,54,396,2
5925,-7796,-8729,-567,323,286,2
5992,-7861,-7071,-174,528,141,2
6107,-7576,-5265,213,682,-27,2
6300,-7219,-3387,540,799,-165,2
6635,-6997,-1674,780,876,-295,2
6973,-6712,-155,925,911,-448,2
7321,-6222,1114,986,928,-590,2
7571,-5770,2361,1005,927,-676,2
7865,-5384,3286,979,868,-715,2
8136,-5080,3811,903,755,-700,2
8344,-4901,3994,804,607,-670,2
8638,-4653,3761,692,431,-627,2
8970,-4405,3359,584,281,-530,2
9111,-4290,2956,499,174,-380,2
9115,-4292,2664,429,93,-213,2
9115,-4292,2664,429,93,-213,2
9119,-4343,2371,359,34,-70,2
8855,-4411,2215,272,7,34,2
8470,-4756,2109,163,-15,94,2
8286,-4903,1770,30,-46,70,2
8412,-4843,1280,-90,-47,53,2
8515,-5055,993,-157,-9,95,2
8026,-5202,1182,211,139,20,2
8026,-5202,1182,211,139,20,2
8072,-5154,1389,267,132,48,2
8004,-5182,1659,291,127,67,2
7764,-5437,2015,271,109,53,2
7969,-5389,1130,36,47,21,2
7875,-5490,1324,53,48,35,2
7904,-5535,1446,69,44,27,2
8020,-5525,1550,78,44,20,2
8104,-5528,1667,79,46,32,2
7945,-5486,1825,77,44,45,2
7750,-5496,1976,67,26,64,2
7753,-5554,1939,49,-5,83,2
7762,-5597,1757,17,-34,75,2
7814,-5590,1551,-9,-45,55,2
7897,-5559,1322,-22,-41,44,2
7927,-5555,1211,-15,-29,49,2
7948,-5561,1139,4,-19,62,2
7938,-5593,1149,28,-12,75,2
7871,-5618,1201,46,-5,86,2
7764,-5691,1313,54,0,83,2
7648,-5694,1424,47,5,66,2
7624,-5737,1482,27,3,36,2
7903,-5572,1393,-13,9,-4,2
7884,-5582,1399,-12,12,-7,2
7899,-5582,1389,2,13,-4,2
7928,-5546,1409,22,14,4,2
7850,-5569,1496,33,10,12,2
7834,-5628,1534,34,2,17,2
7874,-5618,1459,27,-3,4,2
7920,-5542,1435,20,0,-5,2
7880,-5531,1517,21,6,4,2
7866,-5537,1596,26,0,12,2
7866,-5551,1612,27,-18,17,2
7862,-5571,1588,25,-30,9,2
7871,-5552,1541,21,-37,-3,2
7922,-5518,1438,16,-43,-5,2
7987,-5475,1324,14,-42,3,2
7975,-5487,1215,10,-36,21,2
7903,-5543,1144,4,-27,30,2
7812,-5595,1113,2,-15,30,2
7801,-5640,1106,1,-2,18,2
7752,-5643,1303,3,13,-6,2
7808,-5554,1667,12,0,0,2
7808,-5554,1667,12,0,0,2
7656,-5644,693,-43,0,-46,2
7656,-5644,693,-43,0,-46,2
7733,-5624,427,-41,21,-52,2
7735,-5638,123,-34,51,-59,2
7655,-5616,-90,-23,91,-72,2
7580,-5637,-314,-16,137,-87,2
7512,-5573,-633,-13,187,-118,2
7394,-5439,-1067,-11,242,-191,2
7641,-5474,-11303,31,65,-2549,2
7641,-5474,-11303,31,65,-2549,2
9295,-5913,-16172,19,373,-4243,2
9579,-5505,-21201,11,919,-5669,2
9431,-5027,-24571,62,2252,-6861,2
8033,-3876,-25680,-350,3582,-7934,2
4822,-3596,-26548,-1482,4760,-8719,2
221,-5551,-25022,-2762,6230,-9370,2
-1666,-4207,-21244,-3873,8065,-10257,2
-4049,-2206,-16756,-5229,9880,-11361,2
-10873,-2152,-10940,-6494,11549,-11198,2
-17637,-3416,-4133,-6873,13521,-9597,2
-20396,-6468,2552,-6078,15306,-6510,2
-21607,-10125,10234,-4726,16447,-2316,2
-23833,-11498,19227,-3700,16745,756,2
-25021,-11151,29122,-3077,15575,2215,2
-22884,-11330,-27005,-2459,12673,2929,2
-20477,-9581,-26310,-702,9015,2878,2
-17822,-8491,-29676,200,4836,2185,2
-13866,-7637,27289,-124,1543,1232,2
-11135,-4837,21383,-857,3,437,2
-9495,-1228,18931,-972,-273,18,2
-7289,180,17564,-713,-246,-10,2
-5069,284,16204,-425,-238,236,2
-3296,225,14937,-5,-113,528,2
-2360,591,13844,508,194,805,2
-2060,1336,12980,809,467,1004,2
-1656,1532,12568,822,594,1076,2
-1333,1619,12550,751,625,1167,2
-1051,1180,12660,632,531,1307,2
-860,339,12756,555,395,1449,2
-768,-784,12733,645,325,1505,2
-961,-1513,12762,741,282,1450,2
-1545,-1798,13077,672,170,1409,2
-2335,-1901,13717,502,-27,1406,2
-3170,-1786,14652,330,-270,1541,2
-3809,-1764,15391,268,-565,1959,2
-4834,-1272,15599,395,-894,2461,2
-5893,-1049,15737,379,-1340,2984,2
-6857,-1189,16430,413,-1864,3534,2
-7875,-217,18060,599,-2457,4120,2
-9261,-13,21049,790,-3353,4821,2
-10613,-2153,24972,1004,-4823,5478,2
-11754,-5062,27881,911,-7166,5560,2
-13609,-8172,28987,167,-9878,4605,2
-15200,-7820,27949,-676,-11879,3054,2
-15772,-1027,23795,-826,-12371,1627,2
-14225,7167,18398,-793,-11875,1119,2
-8739,14895,12188,-1260,-11202,1400,2
-2649,17773,6765,-2619,-10673,1905,2
1240,16095,2340,-4113,-10273,2407,2
1697,12978,-2096,-5048,-9742,3110,2
1788,8567,-4835,-5289,-9014,3823,2
2115,5156,-7024,-4942,-8231,4297,2
2537,2765,-10041,-4285,-7442,4301,2
3500,857,-12975,-3565,-6727,3929,2
3100,-37,-14388,-2513,-5857,3502,2
2024,-1902,-14611,-1523,-5045,3117,2
1589,-4260,-15006,-838,-4435,2711,2
1735,-5320,-15122,-194,-3848,2199,2
2630,-5328,-15238,230,-3256,1699,2
3727,-5041,-15305,319,-2620,1319,2
4719,-4484,-15028,325,-1933,1107,2
5535,-4464,-14277,190,-1276,1030,2
6039,-4526,-13164,-40,-684,1024,2
6220,-5011,-11733,-209,-155,1023,2
6031,-5777,-10122,-354,274,954,2
5930,-6354,-8378,-384,615,771,2
6460,-6466,-2886,162,1276,-2,2
7041,-6045,-1124,431,1411,-246,2
7356,-5620,509,670,1429,-409,2
7867,-5217,1739,858,1349,-471,2
8396,-4758,2677,1024,1239,-507,2
8758,-4236,3296,1149,1107,-498,2
9046,-3934,3678,1204,947,-445,2
9216,-3623,3918,1178,780,-377,2
9296,-3511,4089,1112,608,-286,2
9462,-3668,3949,964,426,-226,2
9531,-3697,3561,739,264,-224,2
9666,-3591,2936,467,154,-243,2
9784,-3387,2558,260,118,-191,2
9753,-3472,2257,91,101,-108,2
9617,-3599,1950,-52,62,-9,2
9487,-3903,1631,-150,22,91,2
8068,-5383,1189,-82,-55,366,2
8068,-5383,1189,-82,-55,366,2
8051,-5086,536,27,45,104,2
8051,-5086,536,27,45,104,2
7720,-4999,565,26,59,61,2
7758,-4986,627,20,72,20,2
8073,-4874,682,25,108,-12,2
8347,-4710,762,47,141,-39,2
8514,-4541,876,87,169,-43,2
8236,-4565,2238,227,133,50,2
8406,-4409,2232,228,82,54,2
8605,-4351,2203,204,55,72,2
8681,-4355,2183,156,44,82,2
8644,-4294,2104,105,33,93,2
8585,-4309,2031,71,15,123,2
8441,-4474,2000,49,-15,159,2
8383,-4698,1924,27,-57,170,2
8437,-4778,1731,13,-82,165,2
8487,-4840,1528,5,-85,172,2
8445,-4957,1442,-1,-75,178,2
8367,-5056,1436,1,-72,183,2
8231,-5190,1565,7,-78,184,2
8120,-5250,1589,7,-99,166,2
8181,-5176,1429,0,-118,140,2
8322,-5108,1253,-15,-113,133,2
8387,-5092,1200,-36,-87,153,2
8223,-5269,1300,-57,-64,176,2
7994,-5463,1349,-72,-66,162,2
7875,-5533,1308,-75,-79,113,2
7854,-5585,1276,-67,-80,58,2
7962,-5467,1218,-54,-74,-1,2
8156,-5220,1113,-42,-66,-41,2
8284,-5043,1077,-26,-49,-50,2
8243,-4923,1140,-5,-34,-37,2
8117,-4922,1227,5,-43,-18,2
8206,-4931,1139,12,-59,-10,2
8340,-4832,940,15,-55,-7,2
8450,-4733,818,12,-29,1,2
8379,-4702,882,11,3,21,2
8146,-4820,1163,1,17,38,2
8023,-4999,1319,-20,3,27,2
8111,-4995,1217,-42,-13,-6,2
8328,-4935,1106,-45,-6,-23,2
8430,-4898,1154,-26,9,-12,2
8406,-4880,1225,1,17,13,2
8271,-4935,1301,19,17,44,2
8156,-4939,1330,25,15,62,2
8141,-4928,1285,20,12,64,2
8168,-4899,1213,9,11,65,2
8138,-4972,1219,-3,12,59,2
8144,-5055,1207,-17,5,38,2
8272,-5013,1072,-20,4,19,2
8400,-4963,936,-15,17,12,2
8405,-5010,963,-3,36,12,2
8305,-5008,1106,14,49,3,2
8241,-5017,1320,27,51,5,2
8158,-5108,1625,28,47,15,2
8148,-5178,1813,17,29,9,2
8278,-5120,1740,-3,0,-6,2
8409,-5049,1547,-19,-19,-10,2
8387,-5060,1464,-23,-26,-5,2
8340,-4952,1125,6,-41,35,2
8215,-5039,1097,-7,-44,40,2
8176,-5047,996,-31,-43,21,2
8178,-5069,943,-50,-28,7,2
8205,-5142,966,-47,-12,-2,2
8188,-5093,1049,-25,-1,-12,2
8180,-5043,1179,4,0,-11,2
8220,-4987,1280,24,-6,-3,2
8278,-4931,1322,29,-11,2,2
8286,-4891,1341,24,-9,12,2
8287,-4952,1309,17,-12,26,2
8237,-5011,1280,9,-15,27,2
8213,-5030,1255,1,-14,17,2
8194,-5071,1310,-6,-12,1,2
8154,-5120,1397,-11,-16,-17,2
8195,-5086,1432,-7,-29,-36,2
8340,-4975,1416,5,-44,-44,2
8417,-4893,1383,23,-49,-31,2
8233,-4988,1381,12,-74,12,2
8233,-4988,1381,12,-74,12,2
8261,-5024,1277,-11,-79,3,2
8243,-5042,1150,-32,-79,-1,2
8230,-5080,1045,-38,-78,-4,2
8290,-5189,1005,-14,-77,-7,2
8290,-5189,1005,-14,-77,-7,2
8275,-5189,926,3,-77,-21,2
8249,-5121,733,19,-73,-37,2
8120,-4911,505,42,-64,-72,2
7890,-4427,71,109,-66,-167,2
7685,-4061,-203,275,-71,-236,2
8065,-4980,-84,420,-50,-193,2
8170,-5654,-606,471,-84,-324,2
8611,-5862,-1582,444,-167,-869,2
8344,-5387,-3604,293,-133,-1432,2
8572,-6663,-5047,547,50,-2320,2
8572,-6663,-5047,547,50,-2320,2
9414,-3420,-10804,401,983,-6971,2
9414,-3420,-10804,401,983,-6971,2
7841,-2243,-12636,305,1564,-7592,2
6550,638,-14014,175,2303,-7651,2
5572,2035,-15544,-378,3252,-7492,2
4345,606,-15645,-1330,4237,-7093,2
3128,-742,-15055,-1920,5557,-6098,2
2004,-1675,-13737,-2333,7036,-5565,2
1027,-2242,-11672,-2754,8355,-5408,2
-1006,-1631,-9241,-3159,9462,-5361,2
-3885,-915,-6167,-3588,10322,-5018,2
-6832,-907,-2287,-4057,10997,-3927,2
-9481,-2381,2343,-4186,11754,-2812,2
-11753,-3885,7374,-3754,12613,-1866,2
-13668,-4916,13028,-2989,13181,-898,2
-15110,-4662,19095,-2047,13291,-133,2
-17390,-3004,25305,-1281,12511,591,2
-18103,-2338,30613,-826,10435,1139,2
-16520,-3620,32474,-250,7527,1293,2
-14257,-4492,30209,488,4866,1008,2
-12004,-4301,26388,617,2774,390,2
-10619,-2268,23487,162,1263,-291,2
-9736,369,21543,-372,141,-833,2
-8385,1996,19411,-551,-700,-997,2
-6365,2068,17117,-555,-1245,-841,2
-4587,1691,15252,-460,-1434,-584,2
-3681,1516,14090,-221,-1294,-325,2
-3281,1363,13916,91,-982,-18,2
-3213,950,14536,392,-753,439,2
-3295,306,15385,730,-721,990,2
-3782,-360,15987,1045,-881,1488,2
-4643,-556,16558,1083,-1211,2007,2
-5806,-126,17386,1037,-1665,2656,2
-7149,717,18929,1169,-2389,3346,2
-8408,341,21523,1509,-3457,4166,2
-9747,723,24161,2286,-4759,5215,2
-10946,1204,25477,3081,-6368,6397,2
-11686,942,24644,3321,-8117,7615,2
-11484,1054,21644,2326,-9838,8397,2
-10849,2158,16876,422,-10790,8428,2
-9228,3828,12781,-1478,-11029,7509,2
-6482,4692,9724,-3005,-11044,5998,2
-2891,5940,7028,-4039,-10634,4558,2
1048,7986,2995,-4596,-9672,3820,2
3508,8903,-1562,-4969,-8492,3731,2
5638,7610,-3845,-5211,-7218,3809,2
4387,5844,-3076,-5442,-6355,4300,2
3107,1899,-4725,-5384,-5948,4570,2
3083,-1693,-6234,-4384,-5373,4260,2
3669,-2591,-6611,-3412,-4844,3504,2
3530,-2152,-7816,-2707,-4458,2812,2
3484,-2463,-9274,-2160,-4119,2350,2
3717,-2901,-10564,-1694,-3752,2015,2
3984,-3280,-11857,-1303,-3379,1741,2
4386,-3510,-13046,-1096,-2964,1496,2
4812,-3620,-13951,-1005,-2478,1282,2
5108,-3921,-14447,-1012,-1935,1130,2
5466,-4482,-14581,-1016,-1384,1024,2
5865,-5035,-14341,-958,-858,878,2
6222,-5335,-13562,-825,-381,723,2
6563,-5798,-12328,-591,50,599,2
6730,-6220,-10642,-257,409,437,2
6915,-6292,-8517,105,694,234,2
7729,-5626,409,1044,1262,-53,2
7729,-5626,409,1044,1262,-53,2
7913,-5293,2269,1084,1252,-65,2
7944,-5226,3751,1045,1174,-131,2
8118,-5223,4559,939,997,-214,2
8481,-4968,4704,817,781,-269,2
8735,-4818,4488,695,577,-283,2
9045,-4671,3907,566,382,-282,2
9361,-4405,3108,449,229,-258,2
9407,-4251,2341,350,118,-209,2
9318,-4322,1634,257,34,-161,2
9289,-4320,966,167,-17,-129,2
9229,-4100,436,107,-23,-79,2
9094,-4067,295,71,6,8,2
8784,-4430,356,18,33,99,2
8594,-4659,311,-33,42,135,2
8600,-4725,233,-69,53,159,2
8439,-4872,328,-83,72,194,2
8032,-5444,539,-11,61,253,2
8093,-5405,519,30,68,232,2
8171,-5340,609,65,89,222,2
8140,-5317,750,89,108,214,2
8078,-5327,848,92,112,186,2
8012,-5297,970,79,109,140,2
7989,-5203,1095,73,112,116,2
8017,-5159,1162,76,106,125,2
8193,-5090,1091,102,56,168,2
8200,-5199,1102,100,44,156,2
8176,-5138,1037,95,30,117,2
8142,-5042,1097,83,32,95,2
8063,-5092,1209,63,30,93,2
8065,-5231,1239,38,10,72,2
8163,-5193,1133,21,-9,31,2
8163,-5193,1133,21,-9,31,2
8293,-5081,1000,27,-17,11,2
8382,-4970,865,44,-19,25,2
8292,-4994,803,55,-20,51,2
8144,-5068,797,50,-25,52,2
8151,-5069,730,43,-22,50,2
8259,-5102,706,35,-1,69,2
8193,-5177,828,30,25,99,2
7989,-5309,978,27,29,126,2
7938,-5444,925,13,9,129,2
8031,-5456,707,-4,3,110,2
8136,-5406,563,-11,26,102,2
8110,-5412,572,-3,54,103,2
8117,-5348,585,19,61,101,2
8135,-5250,598,50,67,115,2
8017,-5235,706,68,71,139,2
7895,-5382,853,59,69,145,2
7915,-5481,905,30,67,117,2
8011,-5427,889,5,74,83,2
8095,-5382,893,-3,83,73,2
8133,-5390,963,5,90,82,2
8096,-5424,1048,28,86,91,2
8061,-5433,1070,45,73,82,2
8073,-5382,1075,58,69,70,2
8098,-5315,1087,70,67,62,2
8121,-5249,1110,80,63,64,2
8170,-5235,1097,82,56,84,2
8186,-5279,1091,78,55,104,2
8085,-5340,1125,67,57,109,2
7931,-5400,1235,47,49,97,2
8145,-5443,979,5,9,48,2
8145,-5443,979,5,9,48,2
7834,-5525,1058,14,-2,51,2
7834,-5525,1058,14,-2,51,2
7863,-5541,1030,15,-6,43,2
7932,-5514,994,13,-4,33,2
7951,-5454,1019,13,1,30,2
7931,-5457,1091,12,4,34,2
7853,-5510,1213,8,1,34,2
7842,-5542,1259,-1,-12,28,2
7935,-5549,1155,-14,-25,16,2
8054,-5546,982,-24,-23,9,2
8109,-5504,873,-20,-14,3,2
8105,-5431,830,-1,-4,8,2
8086,-5407,840,19,4,23,2
7848,-5484,1169,26,5,38,2
7848,-5484,1169,26,5,38,2
7869,-5545,1182,9,-3,28,2
7895,-5588,1162,-6,-12,18,2
7914,-5601,1131,-15,-12,6,2
7923,-5604,1168,-17,-15,-1,2
7941,-5604,1168,-11,-21,-1,2
7958,-5608,1102,-3,-33,-3,2
7970,-5603,562,20,-35,-38,2
7398,-5989,-683,92,47,-369,2
7398,-5989,-683,92,47,-369,2
7263,-6384,-1115,159,19,-734,2
7172,-7094,-2482,158,-68,-1470,2
8717,-7179,-4266,385,-12,-2932,2
9132,-5566,-5348,599,33,-4097,2
9190,-4264,-6763,836,117,-4742,2
8054,-1162,-10831,553,1741,-6494,2
5456,-1861,-11153,49,2387,-6467,2
5733,-621,-11869,-677,3293,-6529,2
5151,173,-13009,-1563,4473,-7104,2
3723,57,-13006,-2500,5535,-7234,2
2730,153,-11538,-3445,6604,-6816,2
1656,-363,-9967,-3942,7748,-6210,2
420,-972,-8712,-3857,8821,-5772,2
-2206,-435,-6924,-3503,9926,-5252,2
-4757,-808,-4090,-3283,10900,-4511,2
-6966,-1841,-673,-3095,11861,-3701,2
-10202,-1903,3755,-3166,12604,-2764,2
-13707,-1698,9507,-3264,12994,-1630,2
-16413,-2426,16124,-2811,13016,-408,2
-17376,-3210,23632,-1923,12338,926,2
-17655,-3595,30364,-1111,10861,2207,2
-16728,-5604,-31248,-349,8478,2681,2
-10840,-1424,24720,-931,-581,-729,2
-9453,445,22739,-973,-1492,-1131,2
-9453,445,22739,-973,-1492,-1131,2
-7626,1393,20441,-749,-2078,-1015,2
-5855,1528,18256,-491,-2393,-613,2
-4227,1168,16771,-186,-2426,-14,2
-3290,1119,15822,278,-2265,773,2
-3020,1344,15285,798,-2098,1697,2
-3080,1121,14919,1239,-2069,2658,2
-3422,622,14868,1494,-2281,3583,2
-3577,126,15560,1788,-2677,4317,2
-4369,-924,17150,2526,-3026,4728,2
-5913,-1430,19651,3131,-3508,5037,2
-7206,58,21856,3160,-4623,5380,2
-7891,1665,22265,2878,-6267,5730,2
-8796,2891,21044,1989,-7937,6180,2
-9383,2730,19528,642,-9339,6756,2
-8597,3134,16724,-375,-10028,7179,2
-6601,5135,12627,-1034,-10101,7085,2
-3990,6149,8074,-1911,-9825,6817,2
-1422,6609,4438,-2979,-9252,6492,2
1353,6107,1179,-3994,-8548,6168,2
4110,-1725,-7559,-4868,-4917,3183,2
4110,-1725,-7559,-4868,-4917,3183,2
4382,-2883,-8107,-3890,-4309,2641,2
4674,-3037,-9243,-3031,-3929,2193,2
4520,-3307,-10251,-2240,-3608,1954,2
4380,-3961,-11172,-1511,-3339,1813,2
4654,-4476,-12033,-884,-3042,1598,2
4908,-4296,-12658,-488,-2670,1447,2
5255,-4532,-13044,-319,-2200,1351,2
5549,-5193,-12990,-317,-1669,1193,2
5820,-5645,-12537,-368,-1155,960,2
6075,-5898,-11673,-427,-675,713,2
6349,-5986,-10561,-454,-267,485,2
6691,-5813,-9385,-436,79,303,2
6921,-5791,-8036,-366,381,201,2
7148,-5903,-6471,-208,625,183,2
7314,-5955,-4822,29,810,182,2
7397,-5885,-3014,302,916,156,2
8558,-4854,-37,-46,111,-3,2
8558,-4854,-37,-46,111,-3,2
8112,-5394,344,29,124,132,2
8112,-5394,344,29,124,132,2
7944,-5373,481,48,121,150,2
7832,-5582,583,27,104,173,2
7843,-5755,513,-13,92,150,2
7944,-5773,426,-42,109,101,2
8031,-5736,483,-36,140,77,2
8042,-5609,565,13,155,76,2
8016,-5551,706,71,147,101,2
7952,-5593,858,123,127,128,2
7813,-5604,972,142,99,106,2
7739,-5485,1016,132,72,58,2
7741,-5411,1096,97,61,23,2
7823,-5474,1064,44,43,-12,2
7999,-5390,877,-1,31,-57,2
8158,-5281,798,-17,41,-60,2
8186,-5280,766,-6,50,-34,2
8134,-5272,755,17,44,-18,2
8158,-5205,699,42,33,-9,2
8269,-5092,590,64,32,10,2
8274,-4995,526,83,38,47,2
8072,-5045,633,84,36,103,2
8057,-5259,636,70,20,145,2
8095,-5320,544,50,16,143,2
8031,-5351,566,33,34,148,2
7922,-5498,677,21,49,164,2
7818,-5773,788,-1,43,154,2
7744,-5895,820,-27,35,96,2
7798,-5910,799,-34,29,54,2
7959,-5873,719,-26,25,40,2
8011,-5819,641,-3,26,37,2
7983,-5743,603,24,28,42,2
7794,-5582,660,70,38,51,2
7919,-5508,687,58,25,10,2
8069,-5443,650,32,28,0,2
8152,-5514,701,16,48,12,2
8117,-5546,794,14,62,20,2
8126,-5510,824,23,53,32,2
8145,-5481,788,35,45,53,2
8157,-5276,572,37,26,24,2
7769,-5636,735,-6,2,41,2
7769,-5636,735,-6,2,41,2
7865,-5628,603,-26,0,9,2
7944,-5561,453,-28,14,-1,2
8007,-5522,368,-18,34,7,2
8056,-5490,404,7,50,23,2
8057,-5479,557,44,61,46,2
7990,-5506,776,88,67,76,2
7860,-5559,996,108,58,95,2
7813,-5604,1100,94,36,89,2
7838,-5615,1061,60,19,71,2
7939,-5650,932,22,11,50,2
7957,-5704,812,-5,16,22,2
7964,-5674,748,-17,25,1,2
7945,-5673,763,-7,29,0,2
7922,-5703,821,13,25,11,2
7976,-5723,848,32,18,21,2
8008,-5693,913,44,18,24,2
7958,-5645,1017,51,18,26,2
7865,-5588,1075,45,7,26,2
7849,-5579,1084,29,-7,25,2
7795,-5627,1059,1,-21,11,2
7830,-5624,943,-26,-29,-3,2
7885,-5638,797,-42,-27,-3,2
7911,-5672,681,-43,-20,-3,2
7945,-5619,596,-22,-12,0,2
7975,-5567,536,6,-5,10,2
7983,-5488,553,31,5,26,2
7770,-5621,840,-6,5,5,2
7770,-5621,840,-6,5,5,2
7859,-5670,853,-21,9,-7,2
7935,-5676,915,-18,10,-17,2
7964,-5651,924,-3,5,-17,2
7957,-5613,919,15,-2,0,2
7938,-5610,924,19,-10,13,2
7943,-5604,877,12,-10,17,2
7878,-5594,840,-3,-12,14,2
7841,-5655,793,-12,-15,15,2
7838,-5695,768,-14,-20,9,2
7871,-5705,770,-7,-22,-10,2
7913,-5680,804,4,-23,-26,2
7965,-5633,805,15,-23,-31,2
7956,-5585,788,18,-28,-31,2
7954,-5554,763,14,-27,-21,2
7976,-5558,683,14,-23,-9,2
7939,-5577,700,18,-17,0,2
7863,-5615,751,24,-14,4,2
7863,-5594,748,30,-18,-1,2
7934,-5518,758,15,-17,-2,2
7968,-5570,602,-8,-1,28,2
7911,-5633,615,-21,22,28,2
7812,-5704,744,10,12,0,2
7844,-5621,770,16,9,-22,2
7895,-5572,781,17,11,-28,2
7932,-5577,811,20,9,-29,2
7957,-5588,899,25,5,-25,2
7925,-5622,962,28,4,-12,2
7934,-5628,985,29,0,-5,2
7921,-5534,729,-8,-15,-3,2
7860,-5600,683,-20,-10,0,2
7819,-5688,671,-28,-4,-8,2
7830,-5724,675,-25,0,-22,2
7879,-5734,755,-10,9,-30,2
7933,-5693,835,11,8,-41,2
7993,-5566,806,27,0,-56,2
8063,-5424,766,35,0,-50,2
7945,-5418,808,4,17,5,2
7881,-5510,743,-10,18,16,2
7799,-5625,758,-22,16,14,2
7812,-5717,803,-20,15,0,2
7907,-5685,836,0,11,-18,2
7974,-5612,873,24,4,-30,2
8008,-5533,936,48,-4,-32,2
8032,-5508,969,57,-11,-20,2
7980,-5524,986,56,-11,-11,2
7964,-5478,972,44,-9,-6,2
7915,-5493,948,21,-6,6,2
7914,-5566,890,-2,-3,16,2
7909,-5622,809,-17,-2,9,2
7956,-5567,636,-7,0,16,2
7890,-5596,583,-5,5,22,2
7765,-5650,553,-5,10,19,2
7686,-5700,441,-2,8,7,2
7909,-5593,-93,44,22,-18,2
7913,-5581,-415,89,46,-6,2
7755,-5637,-903,153,65,0,2
7755,-5637,-903,153,65,0,2
7544,-5673,-1895,266,52,-11,2
7315,-5982,-3614,455,8,-70,2
6951,-6682,-6278,782,-54,-347,2
7787,-6695,-18052,2093,3185,-7270,2
7787,-6695,-18052,2093,3185,-7270,2
6437,-4957,-18564,2316,4304,-7943,2
5643,-3587,-17890,1928,5498,-8437,2
3053,-2193,-15954,1095,6787,-9072,2
-1145,-373,-12584,-193,8074,-9657,2
-1675,3924,-8958,-1518,9324,-10114,2
-5742,2986,-4896,-2844,10068,-9975,2
-9433,1192,-353,-3743,11042,-9274,2
-11827,237,3902,-4114,12183,-7938,2
-13652,-1375,8399,-4539,12716,-6059,2
-14662,-2889,13859,-4158,12549,-3880,2
-14602,-2828,19520,-3006,11965,-1616,2
-15354,-2247,24483,-1783,10666,296,2
-15054,-3574,27759,-795,8652,1407,2
-13342,-5270,28452,2,6377,1568,2
-11255,-4947,26331,531,4343,1234,2
-9810,-3705,23246,559,2802,733,2
-8730,-1863,20861,288,1687,186,2
-7840,-342,19689,-165,892,-193,2
-6713,685,19054,-435,297,-427,2
-5515,1702,18182,-330,-112,-398,2
-4403,2268,16889,11,-385,-153,2
-3409,2269,15409,380,-512,157,2
-2634,2257,14002,749,-461,426,2
-2238,2506,13237,947,-313,663,2
-2145,2615,13363,915,-205,922,2
-2152,2225,14031,790,-239,1252,2
-2509,1687,14753,818,-379,1673,2
-2972,1401,15294,900,-606,2218,2
-3691,1632,15719,951,-996,2782,2
-4589,2225,16303,764,-1600,3356,2
-5740,2672,16969,685,-2336,4018,2
-6846,2571,17715,873,-3202,4753,2
-7709,2518,18829,1047,-4087,5524,2
-8245,2045,20497,1137,-5006,6247,2
-8915,932,22457,1193,-6110,6994,2
-9331,-266,23710,1096,-7426,7417,2
-9144,-591,23457,614,-8790,7327,2
-9217,1054,20870,-186,-9831,6884,2
-8068,3196,16215,-1348,-10232,6019,2
-5923,5825,11651,-2381,-9900,5134,2
-3068,7893,8652,-3331,-9499,4320,2
-338,8468,5039,-4079,-9123,3676,2
2391,8534,990,-4481,-8620,3321,2
3600,8014,-2906,-4715,-8062,3477,2
4012,6188,-6316,-4757,-7520,3891,2
3810,3688,-8794,-4461,-6913,4452,2
3578,998,-11054,-3781,-6223,4996,2
3252,-1890,-12623,-2902,-5442,5192,2
2486,-4110,-13379,-2056,-4646,4999,2
2563,-6191,-13617,-1315,-3941,4272,2
2911,-6854,-13136,-989,-3411,3211,2
2205,-6320,-13944,-1140,-3052,2475,2
2317,-6872,-15584,-1244,-2539,1993,2
3181,-7207,-16727,-1291,-1851,1555,2
4018,-7065,-17494,-1402,-1125,1201,2
4923,-7027,-17249,-1402,-399,906,2
5575,-7027,-16008,-1212,226,703,2
5746,-6942,-13853,-843,724,568,2
5682,-6888,-11048,-328,1098,496,2
5493,-6884,-7726,208,1368,438,2
5474,-6957,-4261,642,1542,331,2
5747,-6889,-1102,932,1613,127,2
6238,-6463,1472,1103,1579,-74,2
6723,-6058,3348,1163,1467,-190,2
7391,-5571,4395,1131,1292,-265,2
8148,-5095,4806,1032,1101,-296,2
8551,-4960,4810,894,944,-253,2
8636,-4902,4682,750,788,-227,2
8831,-4822,4218,613,615,-207,2
9025,-4771,3512,477,458,-160,2
9004,-4934,2820,353,332,-126,2
9027,-4926,2128,246,236,-131,2
9038,-4807,1502,162,186,-102,2
9002,-4891,1078,94,170,-32,2
8956,-5027,808,40,167,36,2
8796,-5127,742,12,168,113,2
8643,-5348,810,-3,165,198,2
8526,-5583,851,-14,159,271,2
8400,-5755,821,-27,160,317,2
8182,-5832,758,-37,165,347,2
7719,-6069,901,-32,166,362,2
7388,-6471,1035,-18,140,308,2
7342,-6459,963,3,114,204,2
7477,-6249,764,27,110,128,2
7629,-6113,729,43,126,99,2
7436,-6168,1163,54,154,104,2
7264,-6240,1492,71,158,100,2
7315,-6122,1480,77,133,63,2
7477,-5869,1227,79,110,32,2
7658,-5603,872,94,112,29,2
7836,-5322,526,113,129,54,2
8013,-5077,111,137,162,102,2
8018,-4957,-67,162,211,169,2
7711,-5099,292,176,264,221,2
7441,-5279,679,183,290,224,2
7701,-5649,2014,149,338,125,2
7701,-5649,2014,149,338,125,2
7747,-5727,2314,144,314,115,2
7817,-5742,2394,131,271,117,2
7837,-5812,2379,104,229,140,2
7799,-5915,2338,67,202,170,2
7729,-6020,2230,28,185,191,2
7558,-6216,2182,-2,174,192,2
7437,-6372,2093,-25,156,157,2
7411,-6331,2032,-31,135,109,2
7467,-6311,2033,-28,125,81,2
7507,-6284,2081,-19,104,60,2
7546,-6275,2133,-12,72,58,2
7561,-6319,2103,-1,43,61,2
7534,-6305,2059,9,21,59,2
7545,-6258,2039,12,3,61,2
7565,-6233,1987,10,-7,69,2
7600,-6161,1910,3,-13,75,2
7460,-6125,1921,-7,-23,75,2
7392,-6184,1926,-27,-38,52,2
7428,-6129,1892,-44,-52,12,2
7528,-6077,1807,-60,-66,-15,2
7641,-6003,1704,-70,-80,-26,2
7727,-5937,1588,-66,-85,-15,2
7768,-5893,1458,-60,-83,8,2
7691,-5867,1361,-56,-79,33,2
7600,-5867,1274,-51,-74,56,2
7565,-5865,1187,-44,-70,73,2
7543,-5885,1185,-43,-61,78,2
7434,-5954,1314,-49,-47,77,2
7326,-6065,1409,-62,-46,61,2
7356,-6108,1345,-78,-53,29,2
7427,-6103,1278,-79,-53,0,2
7455,-6073,1303,-68,-45,-23,2
7540,-5965,1290,-48,-45,-32,2
7568,-5875,1265,-28,-46,-23,2
7574,-5855,1237,-17,-45,-12,2
7611,-5832,1168,-17,-40,-7,2
7625,-5801,1168,-15,-26,5,2
7527,-5825,1252,-17,-10,27,2
7375,-5925,1425,-19,-6,37,2
7365,-6003,1474,-27,-25,29,2
7628,-5766,1266,7,-19,7,2
7658,-5747,1252,22,-26,30,2
7691,-5743,1239,30,-20,58,2
7531,-5986,1222,-4,-17,-5,2
7534,-5938,1158,9,-13,9,2
7558,-5927,1104,9,0,27,2
7579,-5943,1042,5,17,47,2
7423,-5977,1143,3,37,61,2
7266,-6107,1266,-11,40,62,2
7259,-6204,1230,-20,34,29,2
7407,-6142,1173,-18,33,-14,2
7550,-6083,1168,1,39,-35,2
7413,-6122,1665,-12,9,24,2
7453,-6192,1561,-29,-10,-1,2
7466,-6213,1459,-33,-25,-35,2
7564,-6165,1431,-22,-29,-58,2
7648,-6080,1404,-7,-33,-61,2
7665,-6021,1392,2,-35,-51,2
7612,-6003,1426,5,-35,-33,2
7557,-6007,1417,-3,-35,-15,2
7504,-6159,1219,-40,-31,-47,2
7495,-6083,1210,-35,-29,-63,2
7575,-6010,1182,-22,-27,-62,2
7598,-5947,1166,-8,-21,-54,2
7528,-5933,1206,-5,-13,-41,2
7526,-5976,1249,-12,-9,-33,2
7531,-6070,1230,-19,-3,-35,2
7544,-6101,1253,-19,3,-50,2
7518,-6076,1349,-7,9,-57,2
7527,-6047,1449,4,1,-59,2
7556,-5986,1523,10,-6,-61,2
7563,-5956,1575,4,-12,-60,2
7570,-5924,1525,-10,-22,-60,2
7589,-5893,1430,-22,-23,-60,2
7581,-5954,1272,-40,-14,-72,2
7537,-5936,1156,-44,-15,-90,2
7449,-5900,1052,-43,-15,-94,2
7462,-5899,907,-36,-12,-103,2
7444,-5946,717,-33,-4,-127,2
7382,-5986,487,-22,1,-184,2
7365,-5935,209,20,5,-253,2
7294,-6000,70,93,13,-344,2
7145,-6144,-228,139,0,-560,2
7145,-6144,-228,139,0,-560,2
6920,-6186,-946,174,-62,-941,2
7235,-6844,-2960,167,-182,-1732,2
7989,-6518,-5336,359,-195,-2893,2
7782,-5221,-8275,589,-234,-3703,2
7987,-5025,-11685,1033,-190,-4445,2
8734,-4666,-18988,1535,634,-6126,2
8734,-4666,-18988,1535,634,-6126,2
8797,-4423,-20630,919,1467,-7231,2
770,-3316,-21086,-2056,6130,-10417,2
-786,-2660,-18504,-3307,8335,-10535,2
-4240,-4090,-15002,-4760,10064,-9838,2
-7923,-3634,-10315,-5344,11536,-8645,2
-12113,-3770,-4540,-4469,13278,-7385,2
-15045,-4889,1497,-3770,15128,-5769,2
-19123,-5369,7427,-3437,16316,-3561,2
-22515,-4677,16146,-3661,16228,-1600,2
-24141,-4488,26717,-3777,15269,-208,2
-24656,-4128,-28929,-2843,13253,931,2
-22949,-4977,-26310,-1537,9699,1675,2
-18326,-8068,-26810,-548,4823,1719,2
-13775,-8790,31945,-218,564,745,2
-11017,-5420,24176,-656,-1439,-827,2
-10032,-377,20676,-1371,-2157,-1687,2
-8668,2683,18810,-1410,-2362,-1733,2
-6086,3106,16787,-1057,-2378,-1271,2
-3560,2408,14797,-442,-2054,-484,2
-1391,2521,13553,1342,-224,1730,2
-1520,2683,14116,1221,-271,2479,2
-1637,1705,14593,951,-622,3229,2
-1883,311,14946,765,-1092,3896,2
-2314,-877,15204,713,-1678,4487,2
-2978,-1138,15510,799,-2266,4927,2
-3689,-108,16324,956,-2997,5254,2
-4197,464,17662,1087,-3868,5613,2
-4650,14,19313,1413,-4748,6037,2
-4545,-494,20463,1993,-5699,6602,2
-4452,-632,19840,2333,-6606,7238,2
-5073,-49,17915,1968,-7362,7583,2
-5341,-123,15724,716,-7872,7464,2
-308,1128,10436,-3527,-7606,3849,2
1453,2965,8081,-4131,-7371,2319,2
6749,3738,-1620,-4365,-5321,2128,2
6451,2864,-2235,-4239,-4718,2948,2
6117,69,-3138,-4068,-4272,3262,2
5660,-2384,-3812,-3412,-3885,2979,2
5244,-3270,-4251,-2572,-3614,2469,2
5496,-3177,-5081,-1966,-3400,1992,2
5852,-2941,-6058,-1554,-3169,1620,2
6089,-2667,-7052,-1319,-2919,1414,2
6044,-2921,-8164,-1172,-2647,1404,2
5845,-3359,-9160,-1069,-2371,1489,2
5788,-4025,-10326,-988,-2074,1590,2
5848,-4654,-11200,-944,-1688,1653,2
5929,-5321,-11655,-882,-1226,1633,2
5816,-6126,-11470,-796,-749,1495,2
5960,-6927,-10798,-659,-314,1213,2
6324,-7073,-9703,-470,52,868,2
6640,-7005,-8285,-253,353,567,2
6844,-6889,-6548,-13,594,349,2
6992,-6719,-4714,211,776,219,2
7046,-6571,-2909,397,906,166,2
7020,-6605,-1161,539,989,140,2
6980,-6756,483,660,1020,104,2
7102,-6784,1923,768,1001,38,2
7381,-6615,3102,846,932,-78,2
7670,-6306,3890,883,816,-198,2
7953,-5973,4301,877,665,-296,2
8291,-5463,4388,814,508,-352,2
8590,-4976,4194,711,372,-337,2
9001,-4440,2782,257,106,-112,2
9001,-4440,2782,257,106,-112,2
9037,-4294,2181,116,75,-23,2
8642,-4523,1999,-3,72,92,2
8299,-5002,1784,-89,44,152,2
8220,-5130,1270,-143,4,144,2
8284,-5093,724,-169,-10,159,2
8381,-5191,335,-178,15,214,2
8221,-5310,338,-171,75,278,2
7680,-5575,654,-130,126,339,2
7356,-5970,820,-70,119,362,2
7324,-6027,731,-16,96,320,2
7425,-5947,653,33,104,281,2
7488,-5958,912,78,149,268,2
7350,-6117,1462,113,195,273,2
7072,-6347,1974,123,199,248,2
7016,-6498,2208,111,166,181,2
7084,-6447,2260,96,138,95,2
7333,-5718,2120,76,44,158,2
7333,-5718,2120,76,44,158,2
7350,-5855,2006,9,13,108,2
7520,-5844,1686,-32,6,51,2
7804,-5846,1571,-30,27,37,2
7820,-5815,1766,14,53,50,2
7558,-5881,2089,49,42,68,2
7479,-5912,2147,51,1,70,2
7577,-5875,1987,28,-27,66,2
7703,-6158,1766,-55,-3,131,2
7703,-6158,1766,-55,-3,131,2
7667,-6174,1598,-49,-6,144,2
7582,-6142,1425,-27,-10,152,2
7423,-6105,1421,-8,-15,152,2
7413,-6104,1453,0,-16,141,2
7488,-6051,1495,-1,-8,125,2
7441,-6144,1696,-44,-16,-25,2
7441,-6144,1696,-44,-16,-25,2
7623,-5983,1611,-32,-16,-38,2
7732,-5801,1500,-10,-11,-15,2
7771,-5705,1431,13,-2,28,2
7557,-5771,1550,34,13,104,2
7557,-5771,1550,34,13,104,2
7526,-5788,1561,34,9,112,2
7543,-5751,1523,37,4,123,2
7427,-5822,1604,35,-4,135,2
7356,-5941,1677,22,-15,123,2
7364,-5946,1647,1,-22,88,2
7398,-5970,1602,-15,-18,74,2
7437,-6008,1596,-22,-10,73,2
7391,-6168,1656,25,-4,117,2
7391,-6168,1656,25,-4,117,2
7348,-6173,1683,46,-12,122,2
7303,-6189,1704,54,-18,119,2
7279,-6211,1685,46,-28,105,2
7255,-6225,1652,26,-31,78,2
7231,-6237,1626,-2,-33,38,2
7292,-6217,1579,-18,-29,9,2
7418,-6147,1489,-25,-25,-5,2
7486,-6094,1437,-19,-19,0,2
7501,-6087,1468,-5,-9,17,2
7518,-6094,1491,5,-4,38,2
7212,-6393,1970,-14,-23,15,2
7212,-6393,1970,-14,-23,15,2
7342,-6314,1857,-30,-38,-27,2
7476,-6161,1759,-36,-39,-43,2
7526,-6087,1716,-30,-36,-28,2
7526,-6050,1648,-21,-39,-3,2
7484,-6021,1568,-14,-42,22,2
7349,-6027,1539,-10,-41,38,2
7273,-6069,1610,-22,-47,38,2
7288,-6099,1497,-49,-53,44,2
7269,-6265,1399,-69,-50,33,2
7258,-6353,1388,-78,-39,-9,2
7295,-6267,1426,-60,-28,-42,2
7361,-6209,1527,-29,-22,-41,2
7422,-6155,1646,-1,-31,-31,2
7472,-6063,1653,18,-42,-24,2
7495,-5967,1632,27,-46,-12,2
7471,-5950,1629,22,-51,2,2
7455,-5965,1598,6,-57,8,2
7441,-6013,1551,-17,-55,7,2
7413,-6087,1586,-39,-47,1,2
7431,-6119,1601,-51,-46,-9,2
7488,-6106,1540,-46,-55,-13,2
7526,-6098,1491,-34,-60,-1,2
7504,-6108,1444,-23,-64,17,2
7488,-6120,1405,-20,-67,23,2
7427,-6153,1430,-20,-67,24,2
7470,-6252,1509,-43,-92,-28,2
7470,-6252,1509,-43,-92,-28,2
7497,-6179,1405,-58,-88,-42,2
7476,-6146,1375,-60,-79,-37,2
7479,-6138,1374,-51,-79,-21,2
7489,-6130,1295,-41,-87,-13,2
7506,-6087,1199,-30,-88,-14,2
7442,-6113,1224,-23,-82,-15,2
7374,-6148,1272,-21,-76,-23,2
7336,-6129,1321,-19,-76,-29,2
7289,-6195,1304,-28,-82,-44,2
7338,-6215,1140,-40,-85,-78,2
7428,-6207,946,-44,-79,-109,2
7430,-6237,790,-46,-78,-163,2
7460,-6239,666,-46,-75,-258,2
7405,-6173,512,-60,-90,-402,2
7470,-6300,262,-52,-101,-616,2
8061,-6055,-1434,-67,-132,-2841,2
8107,-6511,-1417,231,-117,-3656,2
8572,-6702,-1884,435,-52,-4624,2
8874,-5784,-2990,454,-7,-5477,2
9231,-4073,-3853,538,187,-6116,2
9231,-4073,-3853,538,187,-6116,2
9603,-2438,-4471,606,517,-6570,2
9217,-1656,-5065,566,897,-6714,2
7885,-769,-5597,250,1315,-6468,2
7199,1461,-6125,-941,2669,-6165,2
7199,1461,-6125,-941,2669,-6165,2
6686,1069,-5792,-1161,3289,-5700,2
6025,650,-5377,-1054,4023,-5201,2
5536,-229,-5104,-1026,4680,-4654,2
5305,-502,-5160,-865,5415,-4159,2
4923,-67,-4907,-981,6065,-3646,2
4282,167,-4547,-1172,6674,-3012,2
4071,-535,-3913,-1244,7193,-2564,2
3453,-949,-2887,-1511,7745,-2565,2
2023,-612,-1593,-1707,8366,-2700,2
351,-114,75,-1837,8903,-2753,2
-1737,384,2097,-2050,9333,-2597,2
-3984,1285,4708,-2183,9637,-2227,2
-6313,1845,8146,-2382,9888,-1700,2
-8475,1665,12070,-2124,9985,-1204,2
-9784,1679,16135,-1676,9596,-573,2
-10510,1200,19679,-1223,8645,305,2
-10751,-11,22187,-732,7373,1017,2
-10721,-855,23366,-312,5983,1241,2
-10361,-1191,23469,-166,4496,1034,2
-9823,-811,22806,-115,3128,672,2
-9352,237,21737,-116,1964,368,2
-8814,1583,20534,-196,983,180,2
-7842,2261,19060,-252,179,88,2
-6355,2044,17426,-225,-396,76,2
-5037,1869,15992,-168,-728,98,2
-4181,2168,15013,-36,-841,183,2
-3513,2050,14374,144,-861,308,2
-2990,1851,14018,346,-850,450,2
-2624,1624,13840,524,-863,645,2
-2424,1410,13648,675,-929,812,2
-2437,1181,13540,708,-1063,945,2
-2500,1006,13706,549,-1262,1074,2
-2803,1249,14083,357,-1508,1295,2
-3281,1486,14515,268,-1842,1678,2
-3930,1914,14991,361,-2284,2263,2
-4531,2457,15499,725,-2865,3035,2
-4947,2772,15829,1430,-3574,3857,2
-5223,3269,16008,2062,-4361,4792,2
-5286,3786,15810,2374,-5208,5917,2
-5412,3658,15216,2430,-5864,6979,2
-5439,3593,14807,1980,-6369,7997,2
-5079,3375,14588,1210,-6910,8887,2
-4503,2739,13823,486,-7292,9139,2
-3584,2150,12179,-559,-7413,8679,2
-2139,2236,10111,-2225,-7424,7711,2
-239,2631,8182,-3952,-7418,6149,2
1853,3134,6666,-5034,-7190,4523,2
2734,4266,5625,-5471,-6702,3472,2
3514,5084,4116,-5638,-6310,3174,2
4793,5008,1406,-5784,-5940,3264,2
5120,-2964,-4541,-4396,-3937,2036,2
5255,-4406,-8692,-2205,-2583,844,2
5255,-4406,-8692,-2205,-2583,844,2
5808,-4274,-9823,-1855,-2340,789,2
6244,-4300,-10832,-1531,-2059,821,2
6567,-4568,-11724,-1234,-1752,818,2
6817,-4811,-12319,-996,-1431,705,2
6958,-4896,-12449,-796,-1076,533,2
6981,-5042,-12004,-609,-697,388,2
6952,-5195,-11041,-392,-338,265,2
6955,-5314,-9672,-155,-23,155,2
7090,-5293,-8061,58,245,83,2
7241,-5276,-6425,217,481,56,2
7324,-5358,-4733,316,686,39,2
7497,-5462,-108,530,924,-87,2
7660,-5518,1022,612,861,-67,2
7664,-5630,1841,699,735,-75,2
7758,-5656,2249,756,542,-139,2
7957,-5424,2115,754,333,-245,2
8298,-5001,1588,701,177,-330,2
8680,-4593,1069,599,95,-351,2
8953,-4290,639,454,70,-325,2
9120,-4029,246,296,77,-250,2
9089,-3940,52,145,96,-120,2
8885,-4148,-74,21,102,15,2
8700,-4460,-322,-62,73,110,2
8542,-4740,-512,-99,46,161,2
8456,-4966,-604,-86,36,197,2
8305,-5215,-541,-55,28,206,2
8120,-5449,-464,-33,10,173,2
8000,-5530,-444,-18,-4,120,2
7977,-5528,-474,-8,-12,86,2
8002,-5539,-554,1,-12,85,2
7783,-5342,-385,38,75,-39,2
7783,-5342,-385,38,75,-39,2
7856,-5299,-264,20,83,-58,2
7947,-5260,-126,14,88,-54,2
7988,-5243,-86,18,82,-39,2
8036,-5195,-125,20,73,-27,2
8104,-5124,-240,19,69,-9,2
8153,-5090,-397,20,70,12,2
8176,-5042,-547,22,75,28,2
8194,-5072,-641,22,81,43,2
8156,-5214,-682,24,91,35,2
8078,-5256,-617,25,101,-3,2
8024,-5233,-465,31,107,-35,2
8150,-5195,-389,43,102,-45,2
8290,-5127,-305,52,94,-36,2
8429,-5084,-286,53,93,-5,2
8442,-5057,-265,44,96,49,2
8348,-5180,-227,34,103,101,2
8303,-5260,-223,29,107,134,2
8254,-5292,-227,27,104,165,2
8169,-5367,-244,31,94,186,2
8087,-5579,-186,27,84,176,2
7994,-5679,-135,15,73,120,2
7986,-5630,-92,-2,64,59,2
8026,-5638,-47,-15,60,28,2
8081,-5579,-96,-15,50,10,2
8141,-5473,-175,-13,41,3,2
8187,-5415,-235,-6,41,14,2
8206,-5393,-208,2,49,34,2
8241,-5365,-226,4,49,53,2
8230,-5347,-276,0,50,66,2
8168,-5348,-299,-14,54,63,2
8090,-5372,-281,-28,59,54,2
8030,-5391,-276,-33,54,36,2
8089,-5397,-295,-27,42,13,2
8127,-5352,-324,-21,35,-8,2
8183,-5285,-339,-15,39,-13,2
8114,-5218,-167,2,35,35,2
8114,-5218,-167,2,35,35,2
8056,-5247,-156,0,33,27,2
8056,-5254,-177,-6,21,-3,2
8096,-5183,-172,-12,19,-31,2
8140,-5171,-122,-10,25,-31,2
8196,-5160,-150,-3,17,-24,2
8244,-5140,-256,2,9,-18,2
8261,-5127,-276,9,17,-5,2
8229,-5118,-216,20,27,18,2
8213,-5109,-197,27,26,39,2
8174,-5136,-185,30,21,60,2
8099,-5202,-169,25,18,73,2
8060,-5286,-207,10,16,66,2
7994,-5401,-246,-11,15,36,2
8019,-5397,-322,-27,19,-1,2
8133,-5379,-385,-30,28,-13,2
8188,-5373,-421,-18,35,-9,2
8189,-5309,-390,7,42,1,2
8194,-5276,-326,31,48,21,2
8186,-5265,-247,44,52,39,2
8168,-5292,-184,45,59,54,2
8011,-5405,-38,36,61,49,2
7903,-5438,86,12,52,11,2
7944,-5432,126,-6,43,-15,2
8067,-5435,101,-15,31,-28,2
8186,-5360,-5,-9,16,-37,2
8278,-5293,-111,2,7,-35,2
8288,-5245,-114,13,12,-18,2
8215,-5249,-65,20,14,0,2
8164,-5218,-65,21,9,13,2
8127,-5218,-138,13,8,28,2
8080,-5282,-162,1,9,41,2
8099,-5427,-172,-13,12,44,2
8073,-5506,-191,-23,15,18,2
8111,-5475,-155,-15,19,-1,2
8126,-5439,-77,2,22,0,2
8065,-5406,40,20,17,4,2
8055,-5395,114,26,3,13,2
8090,-5376,19,-1,-19,-4,2
8146,-5373,-69,-17,-19,1,2
8166,-5414,-213,-25,-16,7,2
8132,-5468,-319,-27,-13,5,2
8029,-5515,-344,-21,-4,-5,2
7975,-5529,-317,-18,-2,-24,2
7976,-5408,-306,-17,-2,-41,2
8038,-5243,-146,10,45,5,2
8019,-5311,-86,1,43,5,2
8026,-5353,-23,-8,41,1,2
8098,-5390,1,-12,38,7,2
8134,-5446,-11,-5,36,14,2
8169,-5446,-59,0,31,10,2
8203,-5393,-95,13,33,11,2
8175,-5419,-43,31,33,15,2
8117,-5372,9,35,27,4,2
8141,-5338,68,35,23,11,2
8141,-5341,43,26,19,19,2
8079,-5361,-4,13,13,25,2
8025,-5423,-107,-2,8,22,2
7999,-5399,-282,-11,14,10,2
7986,-5318,-486,8,39,20,2
8096,-5432,-604,41,66,39,2
8096,-5432,-604,41,66,39,2
8122,-5430,-845,29,77,6,2
8007,-5152,-1177,25,121,-28,2
7817,-5320,-1476,44,173,-159,2
7555,-5585,-1812,76,208,-426,2
7610,-6727,-2050,71,197,-915,2
7524,-6927,-2858,-4,189,-1589,2
9719,-4139,-5154,829,1104,-2996,2
9719,-4139,-5154,829,1104,-2996,2
9729,-4181,-5412,922,1360,-2981,2
8729,-858,-7179,1580,2541,-4418,2
8729,-858,-7179,1580,2541,-4418,2
7504,100,-8203,1636,3023,-4420,2
7083,-493,-8225,1173,3412,-4158,2
6972,-2099,-8456,851,3975,-4080,2
6346,-3173,-8639,465,4732,-4407,2
5579,-2366,-8118,-65,5455,-4519,2
5027,-1365,-7203,-78,6278,-4656,2
3651,-386,-6284,192,7090,-4810,2
2592,168,-4476,270,7711,-4552,2
1395,924,-2973,177,8050,-3974,2
530,1205,-1513,-457,7994,-3333,2
-312,913,-175,-1019,7974,-3030,2
-1552,-19,1098,-1641,7995,-2988,2
-2779,-1092,3549,-2296,8194,-3035,2
-4371,-685,7069,-2318,8722,-2994,2
-7419,295,11022,-1970,8965,-2598,2
-8745,585,15166,-1839,8378,-2022,2
-9747,-794,19440,-1901,7484,-1303,2
-10470,-2357,23595,-1466,6607,-520,2
-10391,-3058,26571,-472,5680,150,2
-10139,-2221,27164,495,4459,402,2
-9665,-678,25610,878,3148,182,2
-5060,3167,19230,-528,-633,-759,2
-5060,3167,19230,-528,-633,-759,2
-3651,3445,16601,-265,-924,-402,2
-2327,3396,14322,-65,-1002,-86,2
-1344,3275,12917,106,-863,158,2
-748,2712,12580,205,-675,344,2
-421,2056,12730,403,-513,524,2
-282,1741,12839,676,-415,647,2
-258,1501,12768,875,-439,665,2
-192,1158,12674,842,-618,590,2
-402,1139,12668,678,-867,467,2
-620,1098,12765,527,-1132,396,2
-804,1115,12835,449,-1393,431,2
-1084,1097,12918,417,-1650,550,2
-1552,948,13218,425,-1902,746,2
-1914,787,13808,430,-2172,1029,2
-2345,1051,14278,475,-2490,1422,2
-2910,1337,14329,494,-2878,1954,2
-3223,1818,14216,444,-3349,2713,2
-2536,1387,14162,619,-3853,3380,2
-1799,456,13902,1222,-4260,3685,2
-1689,-169,13443,1743,-4659,3658,2
-2151,124,13374,1709,-5247,3705,2
-2163,-803,13746,1697,-5786,3592,2
-1553,-1658,13861,1868,-6266,3160,2
-1447,-357,12735,1919,-6767,2719,2
-1814,1684,11135,1677,-7162,2416,2
-1941,3320,10302,1018,-7461,2549,2
-922,3867,9275,57,-7853,2910,2
861,4710,6924,-945,-8107,3078,2
2426,5232,4403,-1898,-8062,2952,2
3317,5673,2399,-2713,-7812,2920,2
4496,5314,-635,-3346,-7535,2876,2
5359,5312,-2901,-3482,-6975,2500,2
3968,5393,-3573,-3967,-6601,3015,2
4385,3338,-6256,-4053,-6233,3599,2
5112,1240,-8922,-3618,-5537,4129,2
6227,-493,-10482,-3175,-4713,4373,2
6791,-1535,-11056,-2692,-3898,4262,2
6296,-2962,-10878,-2034,-3265,3949,2
6172,-5160,-11017,-1565,-2956,3254,2
6101,-5547,-11497,-1043,-2653,2393,2
6427,-4974,-11488,-426,-2283,1687,2
7030,-4053,-11569,-46,-1904,1166,2
7410,-3244,-11419,18,-1502,902,2
7859,-2806,-11156,-69,-1104,894,2
8300,-2646,-11045,-200,-722,969,2
8444,-2783,-10588,-327,-355,1005,2
8231,-3167,-9639,-389,-49,1019,2
7764,-3747,-8620,-408,178,1081,2
7598,-4747,-7464,-305,395,1079,2
7489,-5675,-5880,-181,578,838,2
7392,-5695,-4300,-66,706,423,2
7610,-5172,-2664,90,818,100,2
7989,-4881,-1109,251,877,-1,2
8271,-4994,104,420,857,-15,2
8382,-4856,991,586,773,-23,2
8646,-4861,1331,680,626,-21,2
8795,-4564,1271,721,485,-41,2
8966,-4210,976,760,372,-28,2
8976,-4037,583,743,273,-18,2
8982,-3954,95,676,184,-40,2
9134,-3696,-490,580,126,-91,2
9219,-3502,-750,475,118,-106,2
9155,-3691,-800,364,119,-112,2
9050,-3689,-899,245,112,-145,2
9050,-3689,-899,245,112,-145,2
9061,-3620,-1018,134,119,-131,2
8964,-3678,-985,53,140,-66,2
8899,-3901,-981,5,146,12,2
8863,-4017,-1075,-6,152,71,2
8856,-4045,-1131,18,164,125,2
8620,-4097,-939,52,184,185,2
8377,-4382,-664,96,190,233,2
8321,-4612,-587,107,170,182,2
8530,-4395,-590,102,164,105,2
8643,-4391,-353,103,193,80,2
8460,-4528,-9,94,204,41,2
8437,-4449,107,93,178,-3,2
8579,-4327,45,90,147,-8,2
8648,-4227,-173,71,123,11,2
8672,-4149,-428,46,113,41,2
8639,-4198,-594,23,113,78,2
8563,-4541,-480,74,118,61,2
8563,-4541,-480,74,118,61,2
8611,-4434,-478,73,100,-21,2
8741,-4199,-450,75,99,-52,2
8935,-4097,-464,78,102,-21,2
8952,-4071,-398,73,107,25,2
8882,-4150,-372,60,105,72,2
8828,-4308,-391,32,101,97,2
8772,-4450,-381,6,101,100,2
8778,-4543,-414,-2,95,81,2
8826,-4504,-457,2,86,44,2
8895,-4387,-438,18,88,29,2
8943,-4333,-377,33,92,41,2
8748,-4422,-197,-1,72,54,2
8771,-4442,-129,-15,73,65,2
8737,-4500,-93,-23,63,77,2
8747,-4477,-180,-21,44,84,2
8797,-4425,-282,-13,33,95,2
8739,-4434,-319,-9,30,98,2
8624,-4468,-341,-12,25,77,2
8616,-4427,-397,-16,18,44,2
8651,-4350,-444,-16,20,26,2
8609,-4330,-427,-12,29,19,2
8646,-4267,-462,-5,25,20,2
8775,-4199,-506,5,23,35,2
8759,-4235,-401,11,32,60,2
8600,-4416,-239,0,33,68,2
8490,-4504,-199,-17,19,40,2
8536,-4479,-306,-28,7,10,2
8666,-4370,-470,-19,8,-3,2
8781,-4265,-602,7,14,1,2
8848,-4154,-616,36,23,18,2
8809,-4136,-470,61,37,44,2
8722,-4174,-308,74,44,69,2
8643,-4151,-238,76,43,84,2
8497,-4201,-94,58,36,104,2
8400,-4435,-16,19,13,105,2
8414,-4523,-159,-26,-6,72,2
8531,-4545,-332,-52,-6,47,2
8541,-4668,-296,-53,3,42,2
8558,-4731,-228,-36,3,26,2
8590,-4699,-252,-10,-2,19,2
8637,-4674,-331,12,-1,21,2
8648,-4613,-379,27,6,22,2
8703,-4465,-478,46,12,27,2
8745,-4328,-538,63,24,43,2
8668,-4271,-484,71,31,62,2
8528,-4345,-450,49,36,70,2
8537,-4367,-454,13,38,51,2
8527,-4427,-369,-26,37,34,2
8493,-4580,-344,-47,36,27,2
8571,-4587,-386,-35,30,21,2
8728,-4576,-423,-12,34,28,2
8771,-4580,-308,14,46,46,2
8713,-4613,-192,34,51,66,2
8676,-4616,-166,39,46,71,2
8693,-4525,-210,37,43,75,2
8622,-4527,-197,30,41,82,2
8450,-4660,-138,5,27,61,2
8433,-4610,-177,-17,13,23,2
8516,-4557,-277,-23,7,9,2
8626,-4497,-426,-16,5,5,2
8706,-4429,-474,-2,12,20,2
8678,-4472,-418,7,27,38,2
8640,-4485,-416,13,39,54,2
8616,-4482,-402,22,51,74,2
8561,-4510,-326,35,62,91,2
8457,-4517,-239,41,61,92,2
8382,-4537,-165,39,54,92,2
8420,-4604,-132,26,38,67,2
8415,-4604,-169,8,27,32,2
8526,-4595,-178,0,28,17,2
8636,-4531,-177,3,32,10,2
8620,-4523,-92,12,38,29,2
8558,-4593,5,21,36,58,2
8541,-4654,33,22,26,77,2
8482,-4695,61,15,20,89,2
8521,-4719,21,2,10,93,2
8497,-4762,-183,-27,1,96,2
8401,-4932,-274,-46,3,76,2
8362,-4922,-365,-56,4,26,2
8455,-4835,-430,-39,7,-8,2
8559,-4745,-410,-13,11,-29,2
8612,-4641,-365,10,18,-37,2
8687,-4521,-238,23,30,-25,2
8687,-4521,-238,23,30,-25,2
8630,-4513,-74,21,37,-3,2
8564,-4577,39,3,34,1,2
8591,-4569,53,-10,29,6,2
8543,-4629,100,-21,20,14,2
8537,-4664,28,-32,0,2,2
8595,-4591,-77,-31,-9,-7,2
8652,-4528,-142,-21,-15,-2,2
8662,-4523,-209,-14,-20,1,2
8624,-4507,-226,-15,-21,5,2
8595,-4549,-204,-21,-18,17,2
8487,-4619,-373,-5,-5,45,2
8487,-4619,-373,-5,-5,45,2
8425,-4648,-339,-6,-7,34,2
8433,-4655,-326,-10,-5,12,2
8497,-4586,-374,-12,-2,-5,2
8528,-4604,-325,-12,1,-7,2
8508,-4620,-268,-13,4,-15,2
8569,-4555,-228,-6,5,-12,2
8627,-4529,-229,1,7,1,2
8572,-4545,-209,8,10,11,2
8577,-4582,-137,5,11,19,2
8572,-4620,-130,1,11,25,2
8492,-4699,-89,0,6,33,2
8484,-4808,-123,-7,-9,15,2
8545,-4747,-252,-18,-18,-18,2
8609,-4693,-269,-19,-13,-25,2
8636,-4678,-274,-17,-9,-13,2
8602,-4693,-272,-7,-11,0,2
8603,-4617,-272,-9,5,3,2
8526,-4607,-190,-3,13,19,2
8463,-4608,-117,3,8,33,2
8424,-4625,-100,1,0,35,2
8405,-4668,-65,-12,-5,26,2
8363,-4695,-89,-29,-14,8,2
8425,-4696,-167,-39,-18,-3,2
8497,-4660,-272,-32,-19,-7,2
8594,-4582,-375,-15,-18,-5,2
8660,-4506,-418,-2,-6,4,2
8657,-4464,-379,5,13,28,2
8529,-4510,-275,6,23,54,2
8418,-4679,-152,-4,21,54,2
8406,-4743,-142,-20,16,34,2
8473,-4732,-199,-28,14,15,2
8487,-4719,-234,-23,9,5,2
8505,-4695,-294,-15,2,-1,2
8541,-4641,-330,-9,4,-7,2
8628,-4535,-365,-2,13,-4,2
8645,-4515,-337,2,23,15,2
8618,-4550,-249,23,12,45,2
8498,-4580,-219,28,14,68,2
8431,-4625,-111,25,14,77,2
8430,-4673,0,13,4,77,2
8437,-4828,-51,-3,-15,66,2
8443,-4899,-184,-23,-29,22,2
8473,-4829,-293,-28,-23,-12,2
8546,-4753,-314,-14,-15,-13,2
8531,-4721,-307,4,-15,-6,2
8531,-4664,-325,18,-11,-1,2
8588,-4601,-325,20,0,9,2
8644,-4537,-362,17,7,29,2
8603,-4550,-396,14,18,53,2
8451,-4656,-362,14,22,67,2
8280,-4711,-345,10,17,54,2
8245,-4725,-432,1,10,23,2
8354,-4613,-658,-8,10,-7,2
8458,-4500,-854,-7,27,-19,2
8486,-4461,-948,-5,54,-19,2
8366,-4468,-1198,7,120,-1,2
8390,-4352,-1370,37,143,-8,2
8447,-4266,-1564,88,161,-7,2
8470,-4051,-2077,143,172,-10,2
8553,-4157,-3092,278,181,-53,2
8567,-4555,-4440,612,170,-122,2
8146,-5541,-5845,1107,120,-421,2
8510,-5407,-7822,1600,76,-1196,2
9359,-6452,-9566,2057,258,-2631,2
9494,-6179,-11624,2571,606,-3781,2
9498,-4009,-13288,2860,1342,-4933,2
9141,-2533,-14181,2434,2125,-6110,2
8541,-1145,-15056,1322,2991,-6939,2
4005,3478,-13388,-2307,7531,-9184,2
508,3146,-12216,-3422,8496,-8270,2
-1023,2541,-10455,-3424,9582,-7255,2
-3583,2324,-7219,-2780,10746,-6421,2
-6344,1883,-3440,-2744,11749,-5698,2
-8713,86,29,-3176,12263,-4447,2
-10106,-2409,4455,-3040,12383,-2728,2
-10106,-2409,4455,-3040,12383,-2728,2
-11248,-2961,9307,-2337,12599,-858,2
-13044,-3083,15202,-1992,12287,688,2
-12688,-4205,22059,-1782,11132,1629,2
-11470,-5016,27003,-1078,9521,2436,2
-10366,-6312,27871,-83,7373,2438,2
-8539,-7805,25528,23,4950,1388,2
-7764,-6994,22953,-396,3107,343,2
-8585,-3997,21802,-457,2079,-333,2
-9318,-861,21604,-641,1187,-737,2
-8413,363,20727,-1000,192,-866,2
-6857,934,18773,-915,-449,-747,2
-5478,1294,16724,-534,-640,-424,2
-4253,1477,15262,-124,-523,-42,2
-3338,1879,14286,222,-300,299,2
-2560,2021,13737,468,-104,589,2
-1883,1667,13640,654,36,814,2
-1393,1369,13770,871,127,974,2
-1221,1351,13757,1087,101,1062,2
-1125,1351,13533,1128,-100,1091,2
-932,1054,13081,1060,-389,1013,2
-810,979,12608,863,-684,884,2
-922,1251,12182,679,-931,832,2
-1143,1479,11852,478,-1148,846,2
-1236,1245,11861,230,-1360,933,2
-1054,480,12149,83,-1540,1102,2
-1090,-329,12677,91,-1704,1391,2
-1377,-598,13217,251,-1870,1857,2
-1725,-150,13534,496,-2065,2355,2
-2169,1310,13617,849,-2355,2907,2
-2615,2861,13435,1341,-2676,3528,2
-3232,3773,13243,1749,-2971,4259,2
-3885,3536,13546,1695,-3359,5043,2
-4272,3237,14370,1441,-3852,5953,2
-4192,2644,15362,1138,-4542,6833,2
-3936,1811,16053,886,-5454,7503,2
-4397,1262,16198,571,-6352,7930,2
-4919,1057,15698,-159,-7135,8232,2
-3674,1600,13361,-1125,-7702,8270,2
-1502,3102,9049,-2104,-7585,7788,2
1387,3573,5934,-3232,-7041,6767,2
2887,2992,4703,-4268,-6451,5725,2
3440,2214,3462,-5068,-6098,4741,2
4276,648,1339,-5611,-5840,3802,2
5071,253,158,-5782,-5445,2973,2
5581,749,-1193,-6071,-5136,2648,2
6626,238,-4353,-6014,-4725,2627,2
7342,-3221,-7641,-4929,-3431,2511,2
7342,-3221,-7641,-4929,-3431,2511,2
6937,-4762,-8241,-4165,-2840,2299,2
5891,-6041,-7767,-3340,-2402,1979,2
5138,-6907,-7489,-2547,-2203,1610,2
5106,-7160,-7545,-1813,-2090,1216,2
5451,-6957,-7699,-1204,-1946,898,2
5898,-6901,-7860,-754,-1751,678,2
6262,-6720,-8025,-471,-1537,516,2
6651,-6411,-8304,-356,-1286,411,2
6963,-6156,-8438,-349,-966,346,2
6878,-5988,-8253,-401,-607,323,2
6597,-6070,-7838,-456,-267,328,2
6519,-6380,-7348,-489,39,296,2
6665,-6425,-6731,-472,310,224,2
6822,-6529,-5913,-351,539,161,2
6962,-6720,-4796,-157,708,72,2
7054,-6662,-3417,76,806,-47,2
7144,-6490,-1971,316,854,-141,2
7198,-6274,-533,507,861,-196,2
7286,-6079,635,630,814,-222,2
7567,-6114,1466,688,723,-256,2
7770,-5527,1920,705,624,-261,2
7902,-5435,2355,733,543,-187,2
7907,-5667,2626,650,442,-162,2
8014,-5564,2669,528,355,-203,2
8281,-5274,2361,403,288,-213,2
8476,-4986,2057,299,247,-157,2
8250,-5091,2185,189,220,-60,2
8055,-5354,2117,83,162,-2,2
8151,-5373,1680,-15,91,15,2
8314,-5320,1030,-82,47,56,2
8468,-5306,387,-119,43,131,2
8571,-5244,-180,-157,71,221,2
8620,-5268,-583,-194,140,328,2
8317,-5379,-545,-206,249,443,2
7673,-5594,-160,-188,333,548,2
7216,-5953,250,-142,347,614,2
6986,-6270,536,-94,313,612,2
6823,-6535,816,-55,276,569,2
6836,-6748,1054,-10,257,510,2
6832,-6808,1295,34,251,446,2
6846,-6844,1437,68,236,381,2
6933,-6835,1459,87,212,315,2
7023,-6750,1491,102,190,269,2
7066,-6686,1510,118,175,246,2
7121,-6621,1435,134,157,243,2
7176,-6559,1373,152,147,254,2
6982,-6562,1455,162,139,257,2
6755,-6709,1655,142,111,225,2
6671,-6798,1737,91,74,149,2
6754,-6787,1696,36,47,60,2
6998,-6729,1587,3,34,-6,2
7242,-6597,1434,-3,26,-41,2
7436,-6432,1285,12,15,-36,2
7479,-6360,1229,43,9,-2,2
7447,-6347,1183,71,3,36,2
7453,-6324,1091,82,1,62,2
7501,-6312,1049,74,9,87,2
7501,-6312,1049,74,9,87,2
7398,-6371,1161,55,26,115,2
7160,-6531,1379,31,34,133,2
6993,-6696,1505,-5,18,124,2
6993,-6821,1446,-41,-7,90,2
7045,-6847,1346,-67,-19,50,2
7128,-6775,1290,-78,-19,23,2
7181,-6713,1278,-80,-14,20,2
7207,-6697,1137,-80,-18,34,2
7239,-6658,943,-70,-22,51,2
7193,-6608,796,-46,-20,66,2
7133,-6621,724,-21,-19,73,2
7048,-6608,715,-3,-14,61,2
6979,-6568,791,5,-8,38,2
6991,-6561,908,6,-2,15,2
7015,-6506,950,5,-1,-3,2
7079,-6417,944,4,-6,-6,2
7150,-6386,958,7,-7,3,2
7187,-6354,967,15,-6,26,2
7025,-6615,1133,1,-21,60,2
7025,-6615,1133,1,-21,60,2
7231,-6530,829,9,0,-13,2
7231,-6530,829,9,0,-13,2
7265,-6504,852,31,7,5,2
7192,-6481,949,41,21,21,2
7151,-6457,1042,40,29,35,2
7088,-6460,1137,35,31,50,2
6951,-6539,1224,22,29,59,2
6915,-6593,1221,0,18,50,2
6979,-6623,1176,-18,8,33,2
7025,-6633,1104,-25,5,23,2
7089,-6683,1078,-23,5,13,2
7140,-6676,1051,-13,3,-3,2
7197,-6614,1034,-1,4,-12,2
7184,-6551,1130,11,12,-1,2
7097,-6554,1249,17,15,15,2
7076,-6572,1222,6,5,21,2
7131,-6551,1071,-12,0,21,2
7085,-6538,994,-20,4,26,2
6969,-6584,984,-25,5,26,2
6966,-6630,949,-26,-6,8,2
7037,-6604,899,-26,-8,-12,2
7103,-6577,970,-13,1,-19,2
7128,-6506,1067,1,6,-22,2
7132,-6464,1110,8,2,-13,2
7130,-6499,1114,9,-1,-2,2
7105,-6474,1118,1,-2,-2,2
7011,-6488,1150,-9,-2,1,2
6975,-6555,1139,-23,-6,2,2
7248,-6476,930,13,7,-11,2
7248,-6476,930,13,7,-11,2
7249,-6411,956,27,10,-1,2
7188,-6389,1015,25,17,14,2
7094,-6453,1095,7,22,29,2
7016,-6550,1167,-13,19,26,2
6997,-6617,1193,-27,8,11,2
7039,-6680,1195,-31,-3,-5,2
7109,-6703,1181,-24,-14,-23,2
7173,-6690,1125,-14,-24,-34,2
7180,-6639,1053,-5,-28,-35,2
7149,-6599,1054,0,-26,-30,2
7152,-6567,1030,-1,-25,-27,2
7161,-6529,1003,-1,-24,-21,2
7169,-6533,1059,-4,-23,-10,2
7075,-6518,1121,-18,-24,-6,2
6982,-6586,1185,-28,-25,-5,2
7030,-6644,1094,-39,-35,-11,2
7063,-6654,972,-47,-39,-27,2
7055,-6682,906,-49,-41,-42,2
7101,-6665,773,-42,-43,-55,2
7164,-6603,653,-31,-36,-56,2
7179,-6567,517,-22,-21,-55,2
7161,-6549,350,-17,-5,-53,2
7169,-6573,90,-18,1,-58,2
7042,-6511,-289,9,17,-72,2
6992,-6488,-659,94,49,-107,2
6897,-6794,-1059,191,64,-205,2
6826,-7385,-1610,284,17,-471,2
6773,-7259,-2615,451,-116,-887,2
7205,-7863,-3099,674,-253,-1298,2
6952,-7948,-4334,983,-356,-1947,2
8362,-8241,-5524,1944,-109,-3377,2
8581,-6275,-6918,2408,-83,-4069,2
8945,-4960,-8979,2515,54,-4495,2
9202,-4577,-10350,2493,428,-4993,2
8830,-3802,-11129,2180,833,-5517,2
8202,-3250,-11986,1922,1347,-6437,2
6779,-3255,-12859,1861,2119,-7355,2
2954,-5661,-13810,1389,3354,-8349,2
3896,-2237,-13236,514,4862,-9753,2
1727,-2103,-12004,-1032,6345,-9923,2
435,-3051,-9695,-2441,7927,-9578,2
-599,-1697,-7277,-2892,9238,-8748,2
-2214,-939,-4914,-2518,10175,-7702,2
-4432,-747,-2129,-2159,10736,-6746,2
-6168,-1059,684,-2000,10962,-5621,2
-7972,-1777,3371,-2076,11018,-4342,2
-10632,-1818,7140,-2592,11242,-3380,2
-10632,-1818,7140,-2592,11242,-3380,2
-13197,-1444,12960,-3692,11209,-2725,2
-15690,-80,20542,-3851,10893,-1936,2
-16674,65,28670,-2823,9887,-541,2
-15888,-1392,-32258,-935,7964,1194,2
-13538,-3374,31578,797,5422,2038,2
-10726,-4048,26343,1179,3004,1512,2
-8745,-2061,21728,562,1381,510,2
-7586,-319,19332,-236,499,-227,2
-6566,1018,18380,-333,191,-623,2
-5406,1960,17800,-258,-81,-742,2
-4333,2624,16835,-281,-483,-721,2
-3313,2928,15355,-161,-790,-557,2
-2463,2956,13846,98,-853,-224,2
-2117,3180,12774,400,-658,185,2
-2047,3451,12253,654,-368,592,2
-1944,2954,12455,641,-198,903,2
-1549,1800,13091,454,-206,1148,2
-1271,996,13467,602,-256,1297,2
-1338,806,13429,807,-377,1331,2
-1601,976,13354,695,-612,1365,2
-1946,1446,13460,395,-898,1517,2
-2419,2045,13668,137,-1210,1879,2
-2922,2639,13934,-40,-1611,2474,2
-3258,3219,14188,-164,-2106,3291,2
-3527,3349,14296,-10,-2655,4262,2
-3539,3069,14256,459,-3160,5198,2
-3335,2766,14144,869,-3526,5935,2
-3300,2587,14111,1074,-3889,6499,2
-2954,2506,14028,1207,-4200,6996,2
-2642,2572,13581,1015,-4496,7516,2
-2396,2399,12993,498,-4831,7688,2
-1880,1532,12841,-78,-5059,7507,2
-1043,1012,12806,-699,-5143,7072,2
-266,706,12850,-1351,-5254,6337,2
423,578,12201,-1943,-5409,5438,2
1179,987,10862,-2446,-5431,4371,2
1411,1264,10156,-2912,-5390,3399,2
1787,1620,9280,-3285,-5387,2693,2
5684,-381,-4734,-4568,-4423,1706,2
5684,-381,-4734,-4568,-4423,1706,2
6159,-999,-7199,-4324,-3953,1824,2
6040,-2206,-9195,-3946,-3471,1919,2
5936,-3690,-10905,-3347,-3088,1948,2
5904,-4907,-12130,-2550,-2752,1922,2
5956,-5854,-13161,-1695,-2449,1821,2
5921,-6504,-13940,-907,-2144,1646,2
5488,-7520,-11767,547,-430,841,2
5488,-7520,-11767,547,-430,841,2
5628,-7510,-10197,548,18,565,2
5868,-7143,-8528,462,425,313,2
6227,-6773,-6786,406,775,98,2
6646,-6490,-5036,403,1053,-68,2
7103,-6132,-3281,459,1251,-184,2
7369,-5697,-1616,597,1374,-217,2
7552,-5509,257,839,1433,-284,2
7567,-5187,2001,1053,1366,-352,2
7591,-4862,3372,1195,1203,-373,2
7603,-4626,4422,1261,989,-373,2
7878,-4474,4910,1224,734,-371,2
8338,-4343,4792,1043,484,-375,2
8788,-4005,4264,792,303,-369,2
9105,-3680,3865,573,214,-265,2
9207,-3894,3556,360,180,-129,2
9062,-4138,3142,120,136,-25,2
8877,-4316,2604,-89,90,66,2
8648,-4595,2071,-217,46,172,2
8503,-4972,1513,-295,-2,254,2
8431,-5254,875,-356,-50,272,2
8443,-5314,343,-381,-50,273,2
8328,-5425,160,-355,5,312,2
7983,-5712,287,-305,59,358,2
7670,-5994,605,-237,89,393,2
7557,-6302,808,-170,87,389,2
7604,-6366,811,-119,71,359,2
7418,-6506,987,47,101,319,2
7255,-6499,1118,107,85,284,2
7207,-6466,1211,147,66,234,2
7310,-6337,1237,161,53,177,2
7492,-6138,1143,156,57,129,2
7697,-5941,1012,141,74,102,2
7822,-5767,920,128,94,97,2
7890,-5591,847,122,113,112,2
7853,-5512,885,128,141,148,2
7661,-5557,1142,132,164,184,2
7501,-5616,1377,120,165,205,2
7448,-5736,1497,101,152,207,2
7440,-5854,1557,80,143,196,2
7478,-5881,1588,68,140,168,2
7556,-5885,1638,69,131,145,2
7575,-5895,1744,87,119,136,2
7552,-5916,1889,107,95,127,2
7743,-6029,1426,41,14,128,2
7743,-6029,1426,41,14,128,2
7652,-6061,1347,26,21,137,2
7515,-6122,1337,23,22,144,2
7442,-6186,1357,28,17,149,2
7394,-6241,1401,28,15,142,2
7397,-6300,1452,11,14,121,2
7422,-6232,1454,-1,14,105,2
7513,-6225,1421,9,18,115,2
7565,-6265,1450,22,25,133,2
7545,-6262,1491,34,28,150,2
7529,-6228,1456,45,26,173,2
7488,-6238,1415,55,23,198,2
7424,-6262,1380,60,19,209,2
7355,-6247,1347,56,17,207,2
7308,-6240,1362,49,18,198,2
7286,-6233,1332,42,14,185,2
7252,-6223,1383,41,12,167,2
7203,-6221,1486,38,7,150,2
7128,-6274,1594,34,-3,137,2
7172,-6340,1598,25,-19,118,2
7213,-6367,1511,17,-27,96,2
7272,-6342,1398,8,-26,78,2
7273,-6316,1344,7,-16,70,2
7218,-6323,1426,9,-4,63,2
7197,-6326,1479,13,-6,50,2
7276,-6300,1404,19,-12,38,2
7357,-6255,1356,26,-11,39,2
7371,-6257,1443,28,-7,46,2
7343,-6276,1495,26,-9,47,2
7261,-6265,1547,21,-14,48,2
7210,-6300,1589,15,-23,42,2
7178,-6296,1613,5,-34,29,2
7193,-6326,1495,-25,-41,27,2
7188,-6409,1398,-44,-34,22,2
7234,-6366,1296,-53,-28,3,2
7301,-6299,1109,-46,-27,-2,2
7391,-6256,975,-24,-22,2,2
7421,-6203,926,0,-7,13,2
7441,-6170,976,14,12,27,2
7360,-6196,1167,18,33,41,2
7249,-6282,1368,8,43,43,2
7198,-6338,1508,-5,43,31,2
7203,-6360,1594,-12,39,14,2
7273,-6328,1602,-12,26,0,2
7364,-6288,1586,-9,17,-2,2
7181,-6282,1434,-11,1,54,2
7195,-6369,1285,-16,-27,23,2
7071,-6780,632,-70,5,-175,2
6974,-7264,533,-176,-27,-388,2
6836,-6937,144,-313,-85,-721,2
6929,-6535,-140,-267,-83,-917,2
7192,-6598,-556,-153,-67,-1039,2
7476,-6929,-1125,-82,-69,-1317,2
7714,-7423,-2205,80,-43,-1980,2
9340,-7303,-2704,408,27,-3248,2
9205,-5621,-3738,370,124,-4271,2
9507,-5350,-4535,599,374,-5038,2
9524,-4672,-5211,951,594,-5550,2
9220,-3671,-6099,1020,868,-5885,2
9144,-2718,-6419,959,1218,-6157,2
8517,-2321,-6793,770,1628,-6495,2
6820,-2478,-7395,103,2074,-6685,2
6531,-1686,-7738,-1070,2725,-7261,2
6632,-185,-8360,-1834,3461,-8190,2
5269,-292,-8608,-2896,4125,-7921,2
4789,259,-8575,-3494,5121,-6804,2
4215,875,-8244,-3297,6039,-5521,2
3999,171,-7401,-2808,6694,-4658,2
3482,-143,-6111,-2691,7271,-4180,2
2371,-602,-5044,-2924,7836,-3816,2
1242,-1058,-4043,-2612,8299,-3329,2
-184,-952,-2725,-1904,8810,-2681,2
-1874,-1043,-654,-1644,9245,-2215,2
-3927,-1581,2339,-1871,9591,-1924,2
-6302,-2341,6357,-2442,9898,-1690,2
-9235,-2512,11631,-2510,10150,-1330,2
-11687,-2528,17990,-2325,10035,-676,2
-13392,-3229,24447,-2079,9182,123,2
-13219,-4711,29210,-1452,7527,769,2
-11940,-5640,29686,-415,5430,1069,2
-10853,-5498,26824,309,3460,939,2
-9824,-3952,23669,394,2076,447,2
-8822,-1743,21802,-75,1089,-304,2
-7577,205,20591,-593,226,-849,2
-6012,1197,18839,-586,-403,-874,2
-4478,1659,16463,-204,-720,-604,2
-4478,1659,16463,-204,-720,-604,2
-3028,1944,14261,89,-786,-288,2
-1972,2431,12730,343,-587,-18,2
-1415,2789,11959,554,-275,243,2
-987,2664,11763,629,-44,493,2
-695,2249,11787,654,80,684,2
-347,1452,11898,622,90,752,2
-149,752,12001,585,14,681,2
-108,310,12057,511,-142,518,2
-233,318,11984,436,-329,395,2
-378,514,11766,439,-495,345,2
-566,758,11308,458,-642,365,2
-553,860,10708,478,-735,399,2
-409,883,10254,450,-761,410,2
-404,1175,10054,390,-722,481,2
-509,1559,10071,438,-602,671,2
-603,1749,10213,587,-445,934,2
-848,1613,10447,738,-325,1247,2
-939,1047,11045,747,-324,1454,2
-1361,578,12067,586,-476,1646,2
-1901,193,13218,400,-802,2076,2
-2688,541,14175,413,-1234,2725,2
-3621,1565,14889,767,-1748,3442,2
-4325,3389,15620,1285,-2345,4269,2
-4686,4999,16439,1705,-3028,5284,2
-4919,4942,16982,2167,-3763,6445,2
-5381,3981,17081,2613,-4403,7701,2
-5764,2456,17371,2465,-5216,8763,2
-4859,675,17262,1602,-6430,9088,2
-4382,106,15847,484,-7422,8481,2
-4255,-356,14181,-891,-8027,7622,2
-2455,966,12426,-1837,-8174,6745,2
-264,2971,10417,-2415,-7906,5917,2
1851,4847,7756,-3035,-7329,5159,2
3423,6064,5608,-4030,-6657,4530,2
4846,5634,4382,-5223,-6197,4199,2
6410,4195,1466,-6018,-5805,4052,2
7691,2118,-682,-6091,-5119,3635,2
7149,1043,-1230,-5862,-4530,3176,2
6274,-14,-2388,-5407,-4177,2875,2
5854,-1236,-3429,-4677,-3867,2562,2
5043,-1903,-3733,-4097,-3595,2307,2
4028,-2849,-3996,-3664,-3392,2141,2
3604,-3709,-4676,-3218,-3228,1977,2
5588,-4350,-9238,-2314,-2584,1390,2
5870,-4410,-10525,-2106,-2274,1291,2
5713,-4704,-11784,-1908,-1958,1261,2
5508,-5224,-12917,-1710,-1611,1262,2
5523,-5765,-13932,-1473,-1225,1227,2
5764,-6313,-14399,-1201,-783,1148,2
5917,-6866,-14044,-890,-315,1037,2
5791,-7424,-12857,-524,95,865,2
5827,-7643,-11117,-131,416,633,2
5794,-7564,-8803,272,652,406,2
5807,-7334,-6228,620,812,209,2
5942,-7152,-3802,885,915,66,2
6147,-6944,-1689,1057,970,-65,2
6526,-6505,135,1177,999,-177,2
7017,-6051,1635,1251,978,-218,2
7365,-5810,2857,1266,909,-221,2
7326,-5678,3849,1204,787,-220,2
7383,-5709,4241,1078,609,-243,2
8455,-5253,34,-13,134,108,2
8275,-5448,-68,-23,133,183,2
8054,-5652,-38,-22,130,244,2
7830,-5882,90,-12,137,299,2
7598,-6136,294,0,145,328,2
7383,-6334,486,15,144,334,2
7272,-6481,590,37,137,330,2
7234,-6559,532,57,127,319,2
7236,-6572,402,68,119,300,2
7263,-6571,222,77,127,278,2
7279,-6514,153,98,146,253,2
7190,-6448,146,126,158,223,2
7138,-6375,98,150,150,202,2
7161,-6359,13,177,144,188,2
7122,-6411,50,207,153,166,2
7083,-6458,164,237,164,129,2
7148,-6452,338,262,178,85,2
7296,-6368,614,281,199,42,2
7326,-6274,847,295,217,22,2
7342,-6211,1084,303,221,17,2
7355,-6158,1255,308,210,23,2
7431,-6112,1418,313,194,22,2
7400,-6055,1552,307,168,16,2
7340,-6053,1599,287,123,17,2
7388,-6101,1510,263,83,15,2
7529,-6068,1326,239,64,7,2
7705,-5990,1191,216,67,12,2
7744,-5941,1143,194,87,37,2
7552,-5974,1258,170,102,72,2
7425,-6088,1367,137,102,104,2
7429,-6197,1375,102,102,129,2
7301,-6308,1446,67,105,141,2
7243,-6377,689,88,54,113,2
7243,-6377,689,88,54,113,2
7186,-6411,727,104,71,116,2
6986,-6488,960,119,82,111,2
6899,-6591,1143,121,77,92,2
6933,-6618,1191,116,69,62,2
6990,-6615,1140,102,72,29,2
7030,-6531,1034,93,84,4,2
7090,-6402,958,94,99,-8,2
7113,-6318,893,107,116,-5,2
7090,-6277,875,133,127,5,2
6976,-6264,913,166,129,14,2
6923,-6284,960,202,123,13,2
6980,-6299,985,234,121,2,2
7089,-6270,1043,256,126,-7,2
7199,-6293,1177,265,139,-14,2
7253,-6335,1346,265,153,-17,2
7275,-6326,1523,261,162,-25,2
7315,-6307,1703,251,175,-29,2
7327,-6287,1881,242,183,-29,2
7267,-6232,2038,234,178,-23,2
7212,-6186,2087,219,150,-13,2
7265,-6143,1908,190,116,-4,2
7304,-6093,1624,158,99,4,2
7325,-6086,1316,131,107,14,2
7282,-6095,1012,116,123,24,2
7242,-6091,810,116,147,36,2
7289,-6156,732,126,180,64,2
7222,-6312,784,141,225,101,2
7012,-6469,922,156,254,118,2
6828,-6618,961,169,266,105,2
6720,-6765,1025,190,274,74,2
6720,-6888,1064,222,288,12,2
6810,-6782,1031,268,305,-60,2
6960,-6596,912,339,319,-95,2
7051,-6434,757,439,329,-90,2
7037,-6355,658,564,339,-61,2
6938,-6361,820,682,362,-35,2
6846,-6341,1174,781,393,-19,2
6701,-6349,1671,848,422,-5,2
6647,-6574,2355,869,447,-9,2
6607,-6535,2985,857,463,-63,2
6790,-6417,3596,862,469,-99,2
7023,-6446,4082,808,447,-127,2
7275,-6311,4456,756,424,-135,2
7516,-6249,4672,696,395,-102,2
7513,-6244,4819,614,353,-69,2
7455,-6247,4862,530,303,-41,2
7342,-6258,4829,442,253,-24,2
7278,-6275,4723,346,201,-28,2
7240,-6292,4570,254,160,-51,2
7328,-6190,4246,160,121,-81,2
7409,-6137,3846,69,97,-91,2
7413,-6152,3434,-15,92,-105,2
7373,-6099,3004,-86,103,-123,2
7332,-6190,2646,-140,121,-149,2
7190,-6371,2197,-203,120,-253,2
7168,-6718,1589,-233,108,-441,2
7058,-6682,893,-184,87,-696,2
7283,-7003,-34,-79,56,-1098,2
7227,-6741,-1394,101,22,-1545,2
8330,-7529,-2691,683,175,-2256,2
8516,-7461,-3338,1073,209,-3203,2
8553,-4680,-8095,1728,810,-6017,2
7960,-3654,-8978,1754,1145,-6626,2
7412,-2892,-9775,1429,1617,-7037,2
6217,-2486,-10308,895,2293,-7333,2
2839,-3565,-11424,-224,3221,-7359,2
3589,-2728,-11554,-1206,4711,-8299,2
2894,-2408,-11164,-2081,6223,-8555,2
675,-2941,-9165,-3330,7579,-8212,2
-1350,-2329,-7151,-3865,8821,-7442,2
-2780,-2133,-4606,-3316,9565,-6516,2
-3328,-2255,-1589,-2432,9896,-5426,2
-4338,-2688,627,-1800,10175,-4281,2
-6742,-3902,2855,-1634,10403,-3304,2
-9256,-5443,6623,-1657,10593,-2560,2
-11177,-6954,13556,-2012,10789,-2032,2
-13990,-6360,22500,-1961,10521,-1404,2
-16764,-4124,30680,-1352,9233,-920,2
-17296,-3240,-30512,-991,6784,-820,2
-15654,-3683,-32012,-829,3504,-842,2
-13088,-1983,27670,-689,676,-1061,2
-10705,984,22686,-656,-477,-1421,2
-8996,2904,19732,-900,-683,-1323,2
-7367,3674,17572,-506,-514,-782,2
-5181,2889,16029,231,-189,-208,2
-754,2280,11705,736,-319,1077,2
-464,1709,11315,473,-520,1016,2
-398,1535,10934,323,-635,944,2
-496,1579,10472,405,-620,956,2
-668,1829,10093,557,-527,1082,2
-668,1829,10093,557,-527,1082,2
-804,2181,9848,597,-428,1287,2
-981,2632,9724,600,-337,1523,2
-1253,2867,9711,514,-303,1950,2
-1411,3043,9856,321,-327,2345,2
-1685,3215,10199,-153,-516,2816,2
-1824,2721,10792,-731,-868,3187,2
-1679,1769,11436,-999,-1167,3416,2
-1492,1130,11900,-758,-1295,3547,2
-1496,508,12372,-312,-1387,3524,2
-1687,427,12901,182,-1456,3505,2
-1840,1168,13308,556,-1519,3542,2
-2207,1878,13753,718,-1713,3564,2
-2985,2476,14468,648,-2084,3758,2
-3430,3160,15452,584,-2524,4145,2
-3281,3664,16305,586,-2961,4572,2
-2813,3622,16690,476,-3437,4786,2
-2725,3504,16623,430,-3845,4717,2
-4115,2935,17557,289,-4163,4529,2
-5490,1794,19841,70,-4654,4297,2
-5560,2389,21243,36,-5212,3867,2
-4875,4911,21537,-186,-5642,3097,2
-3075,7959,21249,-663,-5945,2026,2
-1468,11812,18037,-2964,-7448,941,2
-2165,11163,15519,-3431,-8162,1956,2
-3703,9938,11577,-4019,-8775,3461,2
-4647,8531,6483,-4810,-9177,4952,2
-4801,7198,396,-5788,-9302,5865,2
-4811,4716,-6856,-6685,-9038,5994,2
-3798,2415,-11855,-6975,-8207,5329,2
-4747,1666,-15516,-7179,-7280,4854,2
-4698,-515,-22482,-7493,-6339,4741,2
-2897,-4606,-29754,-6906,-5035,4422,2
-234,-7903,30830,-5649,-3634,3682,2
1892,-9578,27044,-4039,-2595,2807,2
3620,-10140,26309,-1989,-1760,1935,2
4646,-9040,29779,58,-954,1147,2
4545,-7151,-28095,1601,-145,606,2
3917,-5718,-18273,2396,668,510,2
3325,-5168,-8394,2520,1351,648,2
2931,-5185,71,2188,1804,656,2
2903,-5490,6255,1653,2040,505,2
3414,-5545,9901,1225,1985,287,2
4568,-4812,11327,926,1701,33,2
6718,-3943,10253,545,1322,-187,2
8559,-3663,8560,212,991,-303,2
8772,-3507,6802,11,615,-217,2
8710,-3536,4397,-113,261,2,2
8842,-3844,1828,-164,64,233,2
8637,-4421,-178,-220,19,395,2
8099,-5227,-1385,-258,63,467,2
7727,-6117,-2005,-223,144,462,2
7498,-6844,-2243,-106,218,400,2
7435,-7354,-2214,67,260,314,2
7507,-7683,-1817,268,289,246,2
7532,-7850,-1150,466,297,195,2
7516,-7434,454,778,194,0,2
7509,-7157,885,812,167,-60,2
7671,-6814,1222,834,149,-110,2
7806,-6432,1510,837,140,-136,2
7911,-6176,1805,802,125,-132,2
8005,-6075,2069,740,119,-92,2
7944,-6103,2300,671,120,-31,2
7757,-6190,2430,590,103,12,2
7614,-6269,2379,501,78,24,2
7609,-6344,2229,419,73,15,2
7565,-6357,2136,360,82,-1,2
7527,-6357,2094,320,90,-26,2
7547,-6250,1947,289,96,-46,2
7551,-6165,1849,263,103,-44,2
7476,-6186,1920,254,117,-35,2
7403,-6191,2139,259,131,-31,2
7223,-6219,2566,253,143,-18,2
7155,-6278,2883,243,125,-6,2
7272,-6184,2846,213,81,-7,2
7472,-6002,2534,160,37,3,2
7529,-5880,2117,100,12,41,2
7506,-5919,1668,42,-1,98,2
7567,-5996,1215,5,5,147,2
7617,-6093,883,-7,34,186,2
7580,-6255,902,13,77,229,2
7447,-6385,1098,42,113,268,2
7324,-6512,1334,61,129,294,2
7174,-6617,1527,68,133,296,2
7011,-6699,1697,61,127,278,2
6952,-6713,1719,45,103,240,2
7021,-6650,1508,27,76,200,2
7109,-6599,1292,20,62,178,2
7120,-6581,1197,27,60,171,2
7034,-6579,1245,40,67,166,2
6822,-6630,1443,62,66,160,2
6650,-6672,1649,80,43,139,2
6634,-6686,1655,88,8,94,2
6748,-6611,1574,84,-17,31,2
6867,-6429,1428,72,-23,-21,2
6949,-6268,1272,67,-20,-46,2
7010,-6193,1200,63,-14,-59,2
6994,-6147,1197,80,-6,-64,2
6920,-6185,1330,114,-3,-68,2
6990,-6239,1453,154,-16,-71,2
7099,-6255,1432,191,-36,-82,2
7099,-6255,1432,191,-36,-82,2
7187,-6220,1387,220,-50,-92,2
7139,-6182,1358,231,-47,-91,2
7067,-6221,1296,233,-42,-91,2
7071,-6252,1224,250,-40,-95,2
7103,-6283,1118,290,-44,-93,2
7145,-6294,1018,348,-45,-86,2
7191,-6287,939,406,-43,-69,2
7267,-6337,917,465,-34,-38,2
7304,-6392,1011,516,-11,-18,2
7288,-6337,1183,559,11,-11,2
7266,-6261,1284,590,26,11,2
7205,-6257,1496,609,47,45,2
7082,-6335,1899,608,70,74,2
6968,-6432,2321,581,94,85,2
6877,-6502,2607,537,105,77,2
6941,-6553,2711,494,94,64,2
7046,-6596,2804,460,82,59,2
7167,-6634,2976,445,79,63,2
7215,-6597,3158,431,71,82,2
7222,-6578,3258,394,52,112,2
7173,-6634,3234,325,27,147,2
7130,-6765,3170,229,6,174,2
7151,-6952,3027,127,-3,180,2
7160,-7071,2839,52,0,165,2
7106,-7055,2719,6,5,149,2
6909,-7054,2682,-21,-1,132,2
6696,-7041,2649,-49,-31,102,2
7228,-6144,2258,21,-109,-55,2
7206,-6195,2260,-7,-126,-69,2
7164,-6226,2086,-60,-143,-123,2
7102,-6256,1807,-131,-150,-222,2
7182,-6203,1494,-209,-149,-418,2
7362,-6468,1072,-350,-171,-721,2
7368,-6453,518,-436,-174,-1073,2
7385,-6022,-386,-374,-208,-1495,2
8540,-4670,-2041,296,-257,-2908,2
8377,-4470,-2962,404,-134,-2958,2
8357,-5320,-4142,465,-69,-3317,2
8078,-5642,-6216,543,-94,-3990,2
8253,-4889,-8311,307,-172,-4816,2
8509,-4623,-10271,-225,-159,-5752,2
8268,-4236,-12194,-908,-15,-6872,2
6887,-3490,-14046,-1657,393,-7784,2
5707,-2166,-15098,-2482,1053,-8424,2
5109,-477,-17135,-3017,1828,-8997,2
2485,-368,-19782,-3177,2802,-8792,2
1279,-179,-22583,-2858,4000,-7381,2
1110,-1405,-23614,-2579,5368,-5825,2
-492,-3757,-22593,-2665,7288,-4712,2
-3130,-5243,-18854,-2705,9248,-3808,2
-5588,-6851,-12711,-2377,10715,-3215,2
-8601,-9589,-4605,-2507,12022,-3492,2
-12929,-8898,8676,-3183,13110,-3903,2
-17546,-3129,26082,-3022,13295,-3428,2
-19289,-501,-26310,-2278,11673,-1875,2
-17660,-1776,-26310,-1532,8109,-26,2
-13114,-3550,-26549,-1066,3808,838,2
-9404,-1992,-29906,-1377,781,796,2
-6732,71,27779,-2246,-556,120,2
-4168,1097,23283,-2712,-806,-530,2
-2264,1403,21366,-2141,-463,-492,2
-707,1318,19903,-985,87,-139,2
487,1670,18601,283,675,206,2
873,2994,17403,1271,1131,509,2
1136,3769,16382,1700,1198,799,2
1808,2997,15477,1620,866,971,2
2527,2363,14174,1432,433,999,2
3326,1561,12617,1126,15,905,2
4091,742,11271,720,-287,666,2
4371,415,10258,333,-452,397,2
4235,895,9490,125,-467,249,2
4114,1236,9027,96,-371,233,2
3948,1240,8879,189,-235,310,2
3733,1163,9035,323,-93,413,2
3530,1071,9444,469,34,503,2
3447,762,9743,599,106,571,2
3514,312,9939,598,75,518,2
3591,235,10021,267,-304,22,2
3591,235,10021,267,-304,22,2
3505,512,9738,344,-303,5,2
3270,773,9508,403,-261,37,2
2940,1059,9483,446,-172,120,2
2689,1447,9640,530,-31,270,2
2415,1757,9929,620,101,509,2
2166,1637,10393,685,187,777,2
2079,1213,10929,715,195,933,2
1938,816,11333,542,19,979,2
1393,695,11702,255,-226,981,2
626,629,12111,-54,-431,1063,2
-568,538,12786,-396,-596,1256,2
-2100,462,14189,-641,-716,1643,2
-3526,535,16616,-468,-812,2272,2
-4828,1313,20110,141,-1098,3152,2
-6522,2217,25029,1164,-1759,4408,2
-6522,2217,25029,1164,-1759,4408,2
-7440,1832,30643,2491,-2946,5794,2
-6754,3138,-32171,3534,-4513,6453,2
-5274,6848,30398,3420,-5859,6404,2
-3450,10100,23432,2172,-6542,6049,2
-2146,11850,16692,373,-6931,5932,2
-860,10324,11038,-1327,-7465,5793,2
-4,7405,5637,-2286,-7899,5920,2
-876,5060,1171,-2624,-8029,6310,2
-1073,2326,-3047,-2658,-8023,6495,2
-1409,-288,-8595,-2603,-7699,6621,2
2262,-3854,-13334,-2232,-6659,5912,2
1835,-4896,-13491,-1871,-5708,5319,2
1592,-6288,-16451,-1740,-5067,5180,2
3366,-9225,-17551,-1112,-3795,4532,2
5393,-8844,-10974,-645,-1573,1405,2
5393,-8844,-10974,-645,-1573,1405,2
5508,-9524,-10410,-762,-1115,1273,2
5673,-9295,-9449,-888,-690,1060,2
5751,-8834,-8178,-965,-351,853,2
5953,-8607,-6924,-953,-113,733,2
6289,-8596,-5818,-837,67,631,2
6435,-8455,-4751,-598,187,500,2
6460,-8182,-3695,-297,232,347,2
7450,-6638,-1215,388,264,-168,2
7450,-6638,-1215,388,264,-168,2
7671,-6022,-580,446,274,-264,2
7672,-5621,214,438,298,-301,2
8141,-5073,1191,201,230,-420,2
8141,-5073,1191,201,230,-420,2
8491,-5013,978,162,212,-383,2
8729,-4813,802,197,200,-298,2
8711,-4846,822,317,168,-181,2
8599,-4956,963,415,107,-77,2
8493,-4867,1134,459,59,11,2
8411,-4926,1290,444,41,108,2
8267,-5127,1555,363,49,189,2
8250,-5382,1656,230,55,228,2
8322,-5578,1355,98,51,230,2
8412,-5651,937,7,56,236,2
8469,-5743,593,-10,73,274,2
7525,-5517,1423,-59,165,109,2
7525,-5517,1423,-59,165,109,2
7465,-5512,1496,-30,195,122,2
7246,-5601,1845,3,218,142,2
7030,-5700,2215,27,227,149,2
6909,-5827,2528,27,221,130,2
6935,-5871,2711,13,215,94,2
7108,-5816,2718,-13,216,67,2
7277,-5783,2516,-41,218,58,2
7409,-5794,2290,-59,226,54,2
7434,-5830,2247,-63,239,54,2
7315,-5905,2316,-51,251,60,2
7265,-6040,1948,-21,251,39,2
7198,-5950,2006,-21,278,30,2
7087,-5880,2135,-22,288,34,2
7005,-5875,2158,-35,283,52,2
7031,-5923,1993,-53,275,82,2
7005,-6020,1765,-76,281,108,2
6865,-6170,1590,-104,305,127,2
6760,-6371,1535,-133,343,132,2
6705,-6525,1516,-144,381,111,2
6648,-6568,1589,-137,409,71,2
6736,-6527,1675,-119,421,26,2
6866,-6386,1752,-93,431,-10,2
6956,-6265,1875,-69,446,-29,2
6955,-6182,2142,-47,463,-41,2
7010,-6093,2409,-32,470,-52,2
7069,-6027,2628,-29,466,-62,2
7070,-5986,2821,-36,457,-77,2
6973,-5998,3011,-57,436,-103,2
7028,-5991,3077,-84,400,-144,2
7199,-5900,2968,-102,365,-184,2
7373,-5816,2797,-101,344,-206,2
7521,-5790,2773,-72,331,-208,2
7622,-5761,2834,-19,312,-197,2
7705,-5776,2906,37,285,-176,2
7656,-5803,3013,97,253,-161,2
7606,-5834,3225,118,217,-158,2
7568,-5949,2299,-13,115,-101,2
7568,-5949,2299,-13,115,-101,2
7434,-6032,1972,40,103,-74,2
7332,-6003,1665,116,108,-57,2
7224,-5903,1240,189,116,-36,2
9265,-7130,-12437,770,275,-2840,2
9265,-7130,-12437,770,275,-2840,2
8563,-7194,-14125,942,727,-3952,2
7597,-5950,-15755,1131,1132,-4732,2
6038,-5684,-17350,1315,1595,-5444,2
4847,-5952,-18088,1605,2222,-6405,2
3982,-7304,-18137,1673,3207,-8001,2
-7506,-4213,3462,-3199,9971,-9326,2
-7506,-4213,3462,-3199,9971,-9326,2
-9640,184,15711,-3510,10645,-8060,2
-10162,3034,27403,-3172,10184,-5605,2
-10070,2778,-31878,-1962,8288,-3106,2
-8098,685,-31581,-852,5651,-1572,2
-5109,-887,31530,-630,3618,-1012,2
-4319,1440,28849,-761,2543,-898,2
-3640,3682,26764,-1145,1611,-865,2
-2020,3958,24734,-1323,792,-640,2
-416,3595,22090,-816,439,-136,2
1022,3037,18939,-107,337,289,2
2128,2830,16142,262,243,573,2
2995,2569,13943,474,191,767,2
3623,2067,12324,681,210,893,2
4018,1361,11111,676,131,951,2
4383,651,10344,464,-44,884,2
4616,-26,9984,354,-98,600,2
4272,288,9708,291,-101,302,2
3713,1041,9597,134,-178,137,2
3482,1393,9857,-15,-232,137,2
3342,1690,10267,58,-177,256,2
3108,1850,10403,307,-74,374,2
2843,1908,10440,488,40,539,2
2734,1974,10758,584,177,764,2
2761,1488,11284,555,216,879,2
2784,979,11771,308,52,828,2
1680,1483,12122,198,-91,1608,2
1680,1483,12122,198,-91,1608,2
889,1230,12973,206,46,2034,2
-952,-178,14735,141,189,2543,2
-4070,-1781,18398,86,328,3236,2
-7786,-493,26844,372,156,4336,2
-9937,3052,-27463,1389,-895,5308,2
-9840,6670,-26310,2687,-3524,5832,2
-8423,10228,-26442,4229,-6936,6826,2
-6495,15693,-27694,4303,-8686,8299,2
-2731,20913,26455,1564,-8657,9302,2
-853,20708,13471,-2495,-8703,9496,2
-3105,15732,2460,-5789,-8955,9627,2
-2006,-13974,28168,-7385,-2307,7093,2
-2006,-13974,28168,-7385,-2307,7093,2
-1885,-16680,27896,-5243,-1758,4712,2
-1642,-16053,26309,-2960,-1472,2452,2
-477,-13594,29504,-830,-514,1266,2
7680,-4945,15719,-711,1961,833,2
8010,-6565,13385,-428,1385,1171,2
7672,-8031,10344,-85,932,1290,2
6426,-9287,7866,183,600,1182,2
5968,-10351,5169,274,343,842,2
6272,-10521,2342,312,198,335,2
6161,-10054,679,362,180,-48,2
5582,-9769,305,447,216,-171,2
5098,-9630,591,543,259,-168,2
5026,-9495,1480,640,298,-74,2
5063,-9202,2978,734,317,75,2
5376,-8688,4263,764,309,116,2
5743,-8218,5165,689,294,114,2
5868,-7854,5905,556,282,97,2
5844,-7674,6397,405,248,63,2
5974,-7729,6453,257,186,-3,2
5894,-7790,6405,160,122,-123,2
5704,-7671,6255,137,25,-239,2
5625,-7643,5766,156,-81,-284,2
5649,-7564,5237,200,-143,-306,2
5523,-7474,5083,215,-149,-333,2
5565,-7270,4856,145,49,-378,2
5565,-7270,4856,145,49,-378,2
5476,-7055,4993,123,94,-395,2
5369,-6897,5182,58,148,-393,2
5218,-6815,5348,-33,181,-404,2
5417,-6653,5104,-103,165,-427,2
5774,-6374,4630,-120,139,-423,2
5898,-6196,4160,-84,132,-371,2
5898,-6131,3849,5,128,-296,2
5780,-6099,3774,108,121,-246,2
5660,-6086,3796,211,110,-228,2
5655,-5995,3923,284,109,-246,2
5869,-5824,4163,289,127,-260,2
6070,-5759,4517,238,168,-260,2
6141,-5772,4826,170,197,-254,2
6270,-5760,4847,114,202,-256,2
6389,-5735,4705,92,186,-259,2
6416,-5642,4533,119,150,-275,2
6401,-5439,4446,177,99,-290,2
6335,-4989,4021,386,-71,-248,2
6335,-4989,4021,386,-71,-248,2
6329,-5238,4403,181,19,-108,2
6329,-5238,4403,181,19,-108,2
6253,-5254,4484,52,63,-113,2
6191,-5311,4693,-41,82,-129,2
6299,-5363,4807,-61,61,-129,2
6390,-5400,4774,-27,12,-105,2
6340,-5486,4753,37,-54,-68,2
6198,-5530,4715,108,-120,-52,2
6019,-5409,4623,152,-167,-61,2
6108,-5733,4480,-272,-95,149,2
6108,-5733,4480,-272,-95,149,2
5996,-5997,4316,-333,-88,168,2
5910,-6257,4047,-370,-85,161,2
5874,-6407,3855,-381,-85,143,2
5886,-6498,3759,-345,-94,124,2
5883,-6444,3782,-276,-109,95,2
5749,-6359,3998,-199,-132,60,2
5718,-6241,4189,-147,-175,14,2
6009,-6101,4132,-133,-222,-26,2
6367,-5988,3937,-144,-234,-55,2
6560,-5979,3902,-151,-225,-49,2
6628,-6079,4073,-140,-223,-7,2
6700,-6131,4199,-117,-245,35,2
6821,-6120,4212,-104,-276,74,2
6933,-6077,4221,-90,-295,119,2
6804,-5972,4368,-92,-311,156,2
6409,-6015,4544,-133,-347,168,2
7328,-5290,3006,-248,-674,-251,2
7478,-4865,2640,-246,-740,-340,2
7456,-5126,2418,-217,-778,-429,2
7148,-6040,2189,-204,-841,-663,2
6891,-6799,1887,-230,-949,-1347,2
7142,-7655,1341,-361,-1152,-2483,2
7738,-7315,633,-361,-1261,-3631,2
7688,-2381,-5577,-353,-1455,-4915,2
7108,-2727,-9372,-247,-1391,-5113,2
7128,-3548,-14460,-137,-1218,-5440,2
7356,-3811,-19884,129,-897,-6329,2
-6171,-1267,-15700,-1434,11366,-5167,2
-10314,-882,-9247,-2111,12341,-4715,2
-13722,-3311,89,-2783,12881,-4452,2
-17382,-5933,12545,-2946,13342,-4471,2
-19777,-7264,26545,-2840,13480,-3777,2
-22323,-5223,-28046,-2281,12269,-1910,2
-22081,-3950,-26310,-2184,8869,-299,2
-18687,-5579,-26393,-2369,4716,67,2
-15184,-4162,-29243,-2251,1918,-225,2
-12645,-490,30207,-1943,677,-331,2
-9142,427,26047,-1669,126,-52,2
-5688,-356,22627,-1100,5,376,2
-5688,-356,22627,-1100,5,376,2
-2984,-690,19478,-165,348,708,2
-1320,-64,17425,608,807,915,2
579,696,14985,863,736,1144,2
579,696,14985,863,736,1144,2
1255,240,13775,703,427,1138,2
1575,-119,12970,422,110,1047,2
1759,-360,12304,251,-135,936,2
1978,-791,11752,182,-290,881,2
2134,-1104,11426,191,-370,818,2
2081,-1081,11108,273,-387,724,2
1698,-478,10702,389,-349,697,2
1304,-105,10368,477,-304,749,2
931,10,10245,508,-255,846,2
373,82,10387,525,-168,922,2
-119,112,10824,482,-100,972,2
-420,8,11360,361,-123,998,2
-609,-644,11882,162,-268,988,2
-750,-1485,12390,72,-395,887,2
-978,-1260,12866,204,-391,757,2
-1231,-172,13218,387,-372,705,2
-3739,1187,15927,494,-836,2255,2
-9841,4543,26187,2498,-3799,5047,2
-9841,4543,26187,2498,-3799,5047,2
-9542,5375,28831,2033,-5233,5572,2
-9797,6718,29335,1092,-6978,5970,2
-11335,7194,27849,-50,-8487,6220,2
-11212,7711,24937,-979,-9451,6239,2
-9161,9386,19862,-1663,-10167,5974,2
-7213,10810,13337,-2453,-10611,5776,2
-7120,10916,7083,-3643,-10927,5952,2
-8035,9368,610,-4981,-11214,6338,2
-9335,5236,-14669,-6405,-10416,6883,2
-9335,5236,-14669,-6405,-10416,6883,2
-7360,-392,-21921,-6744,-9111,6213,2
-4460,-4431,-23953,-6586,-7460,4430,2
-4173,-4000,-26511,-5908,-6154,2756,2
-2652,-4563,-31415,-4900,-5037,1612,2
257,-4547,31502,-3826,-3976,972,2
3918,-3225,29859,-2616,-2991,558,2
6805,-1628,31300,-1430,-1823,323,2
7574,-543,-27645,-502,-537,397,2
6634,-527,-18449,-212,552,707,2
5396,-1929,-9562,-494,1326,1006,2
5455,-8128,7108,-882,1353,739,2
6441,-7828,7491,-662,898,103,2
7393,-5928,5813,-554,379,-183,2
8462,-4976,3026,-444,59,-112,2
9177,-4886,-185,-452,-60,-9,2
9338,-4957,-2830,-479,-22,44,2
9053,-5300,-4324,-453,118,65,2
8636,-5749,-4757,-366,289,32,2
8481,-6006,-4545,-257,429,-31,2
8485,-6287,-3778,-153,520,-115,2
8608,-6341,-2953,-70,547,-192,2
8715,-6271,-2263,-18,534,-213,2
8201,-6380,-1893,-78,417,116,2
7787,-6557,-1804,-160,435,148,2
7689,-6611,-1913,-260,463,107,2
7875,-6355,-2013,-324,520,63,2
7903,-6337,-1599,-317,596,60,2
7688,-6629,-852,-238,627,44,2
7486,-6587,-374,-98,593,6,2
7433,-6367,-79,60,521,19,2
6640,-6387,-1683,-582,434,153,2
6713,-6390,-1714,-419,435,119,2
6854,-6274,-1600,-198,420,100,2
7012,-6214,-1582,9,375,102,2
7105,-6150,-1571,158,344,116,2
7148,-6065,-1435,212,351,127,2
7069,-6095,-1149,154,379,118,2
7063,-6094,-887,12,400,86,2
7191,-6132,-937,-145,396,47,2
7324,-6147,-1265,-256,380,20,2
7365,-6246,-1485,-267,363,36,2
7246,-6373,-1399,-193,340,49,2
7102,-6447,-1205,-92,300,41,2
7113,-6211,-227,186,59,-110,2
7113,-6211,-227,186,59,-110,2
7319,-6220,-435,158,22,-100,2
7534,-6201,-808,137,9,-82,2
7667,-6201,-1109,192,110,-54,2
7667,-6201,-1109,192,110,-54,2
7642,-6229,-940,259,130,-56,2
7631,-6204,-731,322,134,-81,2
7662,-6052,-494,362,141,-106,2
7652,-5883,-193,385,150,-109,2
7629,-5792,81,376,143,-107,2
7671,-5651,233,327,128,-101,2
8120,-5461,-556,124,110,9,2
8120,-5461,-556,124,110,9,2
8089,-5462,-675,175,119,22,2
7996,-5474,-586,250,127,26,2
7996,-5463,-401,326,128,21,2
8013,-5455,-138,374,131,23,2
7965,-5536,186,381,134,19,2
7921,-5597,482,346,126,1,2
8019,-5589,515,284,110,-18,2
8157,-5503,366,222,100,-35,2
8201,-5383,213,170,102,-43,2
8194,-5322,117,148,105,-37,2
8214,-5245,75,160,102,-25,2
8205,-5176,62,201,89,0,2
8123,-5169,62,248,74,27,2
8012,-5150,71,281,57,47,2
7867,-5224,128,295,43,59,2
7787,-5247,159,291,25,48,2
7854,-5213,169,275,20,25,2
8023,-5071,77,259,23,4,2
8184,-4940,-11,240,34,-6,2
8238,-4840,-56,224,51,-14,2
8226,-4841,-11,225,64,-7,2
8232,-4878,-3,227,69,10,2
8029,-5139,-41,254,70,44,2
7863,-5181,99,271,82,19,2
7829,-5248,160,259,86,-17,2
7764,-5298,-34,194,82,-102,2
7715,-5361,-293,125,77,-263,2
7673,-5298,-654,51,62,-495,2
7713,-5458,-1097,16,35,-802,2
7576,-5439,-1452,76,31,-1189,2
7848,-5828,-1636,54,-38,-1853,2
8025,-5643,-2141,67,-56,-2507,2
8632,-5393,-3002,111,-26,-3138,2
8988,-4557,-4610,9,21,-3905,2
8460,-3395,-6451,-253,131,-4713,2
7338,-1863,-8605,-451,356,-5507,2
5861,-322,-11894,-401,688,-5858,2
4782,542,-15468,-310,1046,-5807,2
4545,1058,-19102,-645,1430,-5673,2
5077,3778,-22077,-903,2171,-5670,2
2699,3463,-23928,-1265,3145,-5564,2
-168,1306,-24338,-1582,4660,-5140,2
-2360,-181,-23141,-1848,6641,-4236,2
-4456,-1980,-20655,-2105,8613,-3718,2
-6514,-3389,-17613,-2206,10437,-3962,2
-9405,-3317,-14153,-2085,12307,-4199,2
-13641,-3991,-9410,-2155,14186,-3998,2
-18593,-4761,-1534,-2591,15846,-3290,2
-23277,-6295,9850,-3000,17128,-2451,2
-27100,-8388,26038,-2937,17417,-1637,2
-29122,-7719,-26310,-2652,15655,-589,2
-26113,-9435,-26310,-2423,10997,695,2
-19243,-11468,-26561,-1589,5003,1254,2
-14872,-7799,-26844,-1026,632,344,2
-12167,-719,32200,-1931,-1609,-749,2
-555,-331,17468,-640,-1063,475,2
563,221,16479,953,289,1091,2
988,1382,16112,1713,951,1431,2
2961,-1049,13686,810,-315,784,2
3176,-821,12118,660,-660,552,2
3369,-668,10792,555,-838,427,2
3211,-391,9890,506,-824,351,2
3009,-356,9409,419,-738,270,2
2773,-319,9371,280,-645,190,2
2354,-262,9663,267,-510,157,2
1375,-362,9923,508,-392,235,2
1246,-55,9834,469,-440,136,2
1217,118,9741,418,-487,67,2
1262,312,9624,320,-563,4,2
1278,708,9548,323,-555,-11,2
1327,994,9519,438,-456,31,2
1218,1183,9624,504,-364,71,2
958,1164,9958,539,-264,104,2
719,966,10516,569,-181,133,2
436,847,11186,567,-152,141,2
7,566,12051,558,-158,165,2
-113,189,12996,604,-210,256,2
-310,298,13421,753,-335,346,2
-310,298,13421,753,-335,346,2
-806,538,13598,836,-500,401,2
-1504,577,14231,785,-655,521,2
-1926,466,15243,716,-857,729,2
-2478,53,16181,656,-1181,977,2
-3301,-523,17228,389,-1729,1459,2
6411,-6936,-4130,588,471,253,2
6839,-6683,-2270,502,641,46,2
7355,-6095,-820,386,775,-91,2
7792,-5680,432,357,869,-115,2
7969,-5549,1484,397,891,-83,2
7954,-5426,2300,501,843,-9,2
7969,-5199,2864,657,156,-168,2
8287,-4902,2565,523,125,-209,2
8462,-4745,2183,377,104,-205,2
8576,-4673,1853,244,94,-151,2
8613,-4697,1568,160,93,-53,2
8642,-4753,1206,153,78,75,2
8601,-4831,903,201,64,223,2
8321,-5020,876,262,72,359,2
7854,-5339,1133,327,69,454,2
7563,-5688,1312,361,38,476,2
7508,-5895,1346,362,6,439,2
7513,-6080,1274,303,-15,337,2
7461,-6075,1185,223,-12,204,2
7527,-6006,1160,169,18,113,2
7732,-5915,1076,159,46,86,2
7871,-5839,1016,188,56,93,2
7937,-5798,1072,236,74,118,2
7875,-5733,1132,299,93,158,2
7798,-5748,1176,355,94,173,2
7707,-5631,1137,383,86,158,2
7620,-5640,1181,400,86,136,2
7587,-5620,1288,422,86,100,2
7589,-5573,1409,442,91,64,2
7543,-5583,1538,450,76,17,2
7603,-5481,1559,432,58,-15,2
7635,-5427,1511,402,61,-3,2
7586,-5458,1459,380,70,22,2
7537,-5554,1209,355,70,25,2
7537,-5486,784,339,75,2,2
7535,-5435,471,347,104,-9,2
7410,-5479,426,386,148,-29,2
7201,-5604,638,446,179,-78,2
7289,-5614,960,504,202,-152,2
7553,-5451,1312,536,232,-227,2
7780,-5187,1544,544,270,-262,2
7909,-4990,1709,528,311,-246,2
7978,-4865,1731,504,335,-197,2
7623,-5267,1735,525,426,-147,2
7555,-5178,1751,585,437,-210,2
7582,-4980,1647,657,441,-234,2
7547,-4962,1684,720,450,-229,2
7363,-5032,2083,752,472,-243,2
7099,-4963,2579,759,502,-266,2
7088,-4840,2821,737,517,-259,2
7185,-4714,2858,665,528,-232,2
7072,-4902,2672,498,654,-82,2
6852,-5065,2677,517,688,-80,2
6608,-5079,2862,575,714,-113,2
6476,-4993,3328,661,747,-141,2
6556,-4824,3821,729,774,-166,2
6839,-4449,4207,732,801,-170,2
7143,-4276,4552,658,829,-128,2
7253,-4246,4788,522,857,-64,2
6820,-5218,4770,156,871,165,2
7844,-5053,3903,260,765,113,2
7844,-5053,3903,260,765,113,2
8044,-4867,4040,294,755,145,2
8918,-4781,4394,350,650,410,2
8802,-4983,4626,320,613,504,2
8488,-5266,4910,281,575,606,2
8257,-5710,4928,239,521,664,2
8159,-5842,4629,233,474,710,2
8188,-6000,4380,263,456,792,2
8294,-6205,4198,286,459,830,2
7145,-5667,4120,661,469,751,2
7145,-5667,4120,661,469,751,2
7217,-5488,3606,694,496,708,2
5603,-3861,4854,1185,697,440,2
5345,-3213,5353,1359,696,394,2
5140,-2649,5767,1499,672,366,2
4986,-2224,6079,1590,649,326,2
4947,-1884,6711,1581,634,331,2
4775,-1916,7716,1442,610,410,2
4294,-2474,8603,1173,547,477,2
3860,-3172,8953,838,455,472,2
3651,-3598,8860,552,362,387,2
3490,-3879,8515,356,264,272,2
3450,-4003,8209,271,168,155,2
3442,-3949,8284,304,94,32,2
3793,-3678,8721,397,17,-77,2
4356,-3377,8952,431,-83,-144,2
4714,-3365,9093,394,-183,-157,2
4608,-3866,9294,319,-271,-149,2
4240,-4625,9164,266,-355,-161,2
3882,-5195,8836,241,-430,-264,2
3853,-5585,8427,204,-501,-498,2
4331,-5254,7902,174,-548,-761,2
5099,-4575,7413,197,-551,-876,2
5815,-4198,7095,245,-540,-834,2
6185,-4132,6914,229,-538,-695,2
6593,-6736,5645,-299,-444,-94,2
6593,-6736,5645,-299,-444,-94,2
6123,-6866,4895,-110,-463,-288,2
5678,-6761,4229,100,-449,-530,2
5531,-6573,3271,296,-462,-798,2
5475,-5895,1328,486,-512,-1001,2
5628,-5589,-1197,638,-498,-1041,2
6252,-4585,-4301,676,-339,-962,2
6002,-5739,-7478,673,0,-1217,2
6051,-7461,-8238,968,433,-2416,2
5666,-6213,-8479,1031,763,-3901,2
4263,-4460,-9354,746,973,-5539,2
3219,-3229,-11357,311,1112,-7087,2
2503,-2609,-14249,235,1552,-8317,2
954,-785,-17188,104,2281,-8842,2
-1007,239,-20364,-441,3286,-9249,2
-2889,184,-22247,-1727,4715,-9070,2
-5324,-527,-21288,-3230,6669,-8495,2
-7891,-1641,-18082,-4034,8994,-8563,2
-11691,-4842,-12607,-4850,11016,-8800,2
-17994,-9708,-4837,-5273,13069,-8626,2
-24689,-11816,8310,-4615,15296,-7299,2
-28330,-8769,27481,-2867,16678,-4333,2
-29036,-8469,-26310,-2126,15192,-952,2
-25901,-14517,-26310,-2664,10251,676,2
-20776,-16434,-26554,-2812,4838,52,2
-19364,-9190,-26310,-2853,1060,-1145,2
-16884,-2579,-29254,-3083,-1321,-1636,2
-12384,-2257,27992,-3135,-2603,-1351,2
-8358,-3589,22139,-2561,-2437,-956,2
-5929,-3691,20070,-1107,-1171,-403,2
-5200,-2111,19208,596,185,248,2
-4872,74,17973,1780,901,669,2
-4060,581,16577,2009,839,979,2
-3020,47,15030,1841,452,1086,2
-2122,-365,13196,1470,-47,1012,2
-1374,-588,11415,905,-569,847,2
-887,-629,10003,568,-825,710,2
-635,-967,9155,446,-824,654,2
-662,-1077,8901,313,-743,609,2
-897,-1027,9069,234,-621,596,2
-1290,-980,9391,256,-467,637,2
-1721,-1125,9879,323,-333,689,2
-2165,-1321,10331,390,-251,719,2
-2582,-1307,10530,461,-218,796,2
-2820,-1341,10719,440,-232,858,2
-3046,-1485,11078,275,-320,863,2
-3371,-1437,11421,110,-423,854,2
-3830,-823,11706,41,-499,923,2
-3830,-823,11706,41,-499,923,2
-4576,-397,12111,-11,-556,1146,2
-5282,-489,12817,-77,-577,1502,2
-6001,-579,13485,80,-457,1841,2
-7132,-536,14153,395,-194,2095,2
-8086,-384,15107,409,3,2386,2
-8977,294,16814,157,-25,2810,2
-9931,107,19475,180,-296,3329,2
-11535,-432,22763,620,-982,3787,2
-13575,-676,26348,841,-2334,4213,2
-15313,-441,29832,1267,-4077,4904,2
-15701,-253,32145,2018,-6010,5960,2
-15287,735,31751,2835,-7873,7265,2
-13962,3022,26991,3158,-9020,8236,2
-10413,6686,17863,2233,-9082,8648,2
-4088,3878,100,-4399,-8756,6479,2
316,-6612,-14041,-2975,-3995,3738,2
316,-6612,-14041,-2975,-3995,3738,2
1241,-6677,-13565,-1899,-3280,3108,2
2390,-6045,-12990,-1100,-2882,2506,2
4720,-5260,-11097,-240,-1436,1749,2
4720,-5260,-11097,-240,-1436,1749,2
4759,-5469,-9375,-556,-751,1513,2
4567,-5654,-7075,-1000,-93,1289,2
4482,-5898,-4767,-1467,454,1093,2
4462,-6469,-2782,-1710,810,911,2
4686,-7221,-1191,-1572,938,712,2
5006,-7522,96,-1145,921,471,2
5348,-7655,1330,-521,828,278,2
5637,-7460,2943,133,738,129,2
5813,-6962,4878,648,696,13,2
5830,-6572,7151,907,683,-115,2
5543,-6295,9238,932,656,-234,2
5711,-6018,10412,762,583,-363,2
6159,-5555,10786,467,505,-492,2
6559,-5320,10470,158,398,-596,2
6923,-5138,9578,-44,222,-680,2
7205,-4722,8442,-131,21,-686,2
7058,-4574,7236,-156,-95,-609,2
6760,-4690,6360,-86,-128,-480,2
6420,-4726,6118,17,-131,-373,2
6301,-4642,6129,66,-127,-338,2
6511,-4461,6114,67,-104,-284,2
6544,-4389,6435,38,-61,-206,2
6386,-4634,6590,-21,-44,-155,2
6319,-4824,6399,-90,-40,-184,2
6312,-4759,6271,-153,-23,-202,2
6289,-4804,6223,-175,-39,-169,2
6390,-4697,5915,-145,-78,-131,2
6560,-4541,5455,-134,-77,-70,2
6607,-4532,5281,-115,-29,-1,2
6411,-4521,5576,-83,35,43,2
6158,-4555,5849,-78,66,69,2
6126,-4676,5755,-98,71,55,2
6215,-4664,5579,-117,90,10,2
5874,-4717,5862,-84,119,-54,2
5874,-4717,5862,-84,119,-54,2
5922,-4800,5905,-34,103,-74,2
6160,-4819,5773,19,75,-121,2
6371,-4622,5601,57,73,-182,2
6438,-4471,5678,82,87,-199,2
6426,-4387,5746,96,98,-177,2
6295,-4345,5929,96,109,-136,2
6152,-4527,6221,90,102,-106,2
6220,-4625,6276,98,78,-127,2
6368,-4474,6308,105,59,-172,2
6568,-4292,6426,103,48,-183,2
6693,-4213,6544,68,38,-189,2
6680,-4185,6642,18,15,-189,2
6665,-4222,6621,-33,-11,-174,2
6635,-4342,6486,-76,-35,-150,2
6611,-4458,6228,-110,-51,-123,2
6605,-4509,5986,-116,-52,-104,2
6520,-4571,5893,-120,-45,-72,2
6389,-4672,5933,-121,-35,-31,2
6359,-4747,5882,-112,-35,-14,2
6413,-4695,5850,-105,-41,-21,2
6456,-4616,6106,-102,-63,-69,2
6500,-4619,6013,-127,-64,-61,2
6483,-4680,5797,-169,-61,-67,2
6474,-4709,5593,-185,-50,-66,2
6474,-4722,5525,-186,-27,-51,2
6460,-4729,5577,-182,0,-44,2
6374,-4746,5698,-161,12,-50,2
6289,-4770,5888,-129,-3,-63,2
6642,-4610,5552,-149,-14,-56,2
6549,-4649,5688,-135,-15,-42,2
6524,-4606,5773,-124,-34,-39,2
6581,-4539,5773,-126,-61,-46,2
6662,-4498,5603,-139,-77,-58,2
6662,-4498,5603,-139,-77,-58,2
6749,-4490,5376,-149,-74,-61,2
6781,-4461,5249,-146,-57,-58,2
6792,-4461,5208,-126,-41,-42,2
6744,-4459,5270,-91,-30,-22,2
6669,-4516,5442,-60,-27,-3,2
6610,-4555,5583,-43,-29,-11,2
6591,-4456,5666,-42,-34,-12,2
6689,-4601,5542,-85,-72,5,2
6689,-4601,5542,-85,-72,5,2
6772,-4571,5516,-64,-71,15,2
6495,-4822,5729,-39,-76,23,2
6495,-4822,5729,-39,-76,23,2
6526,-4697,5655,-59,-96,-11,2
6686,-4652,5480,-72,-108,-7,2
6765,-4670,5365,-68,-112,0,2
6814,-4662,5323,-60,-106,8,2
6827,-4692,5358,-53,-90,24,2
6816,-4727,5407,-52,-78,38,2
6597,-4989,5515,-60,-83,68,2
6597,-4989,5515,-60,-83,68,2
6605,-4999,5604,-55,-93,36,2
6683,-4905,5669,-55,-107,3,2
6775,-4802,5707,-67,-118,-12,2
6866,-4749,5681,-79,-126,1,2
6929,-4701,5571,-90,-133,31,2
6951,-4671,5388,-91,-134,65,2
6867,-4696,5276,-84,-132,102,2
6706,-4805,5253,-82,-134,117,2
6544,-4844,5181,-87,-150,95,2
6506,-4867,4925,-111,-167,51,2
6541,-4887,4522,-148,-175,-42,2
6634,-4841,4093,-182,-161,-202,2
6651,-4774,3610,-211,-135,-453,2
6502,-4580,3089,-212,-104,-796,2
6468,-4266,2694,-139,-93,-1226,2
6755,-4774,2722,-59,-98,-1571,2
6719,-5874,2260,-29,-102,-2015,2
7318,-6702,1130,-47,-121,-2982,2
8073,-5637,-1060,-322,-280,-4316,2
7939,-3387,-4527,-606,-319,-5438,2
7288,-1030,-7992,-634,-148,-6097,2
6708,186,-11845,-380,249,-6378,2
5448,444,-15438,111,865,-6263,2
4449,-430,-17548,173,1545,-5967,2
3482,-1288,-18660,-118,2503,-6295,2
1256,-1279,-18930,-558,3904,-6935,2
-1936,-1672,-17577,-1242,5603,-7170,2
-4769,-1540,-14612,-1707,7591,-6800,2
-6226,-1546,-10717,-1940,9535,-6313,2
-7677,-1747,-6398,-2247,11070,-6107,2
-10300,-2909,-1341,-2968,12122,-5885,2
-13298,-5057,7222,-3680,12829,-5520,2
-15957,-6075,19149,-3702,12949,-4598,2
-16818,-6585,30096,-3000,11915,-2508,2
-14982,-10616,-29986,-1582,9916,-329,2
-12336,-12997,-28556,-816,7327,402,2
-11974,-9664,-29074,-1147,4546,-85,2
-12046,-4820,-32654,-1341,2355,-725,2
-11002,-1911,28388,-1465,944,-966,2
-9080,-1194,24949,-1730,85,-902,2
-7308,-1088,22114,-1467,-100,-656,2
-6319,-13,19961,-534,340,-243,2
-5695,1052,18415,440,881,312,2
-4725,785,16976,1025,1143,741,2
-3603,89,15845,1210,1143,911,2
-2555,-411,14777,1183,931,839,2
-1595,-621,13808,941,506,635,2
-1079,-345,12814,799,134,435,2
-1089,122,11837,648,-178,317,2
-1055,262,10995,351,-501,263,2
-1029,435,10393,125,-712,248,2
-1090,606,9982,88,-759,276,2
-1116,416,9648,194,-689,340,2
-1087,-86,9237,325,-558,430,2
-1053,-435,9064,387,-413,476,2
-1119,-669,9178,384,-305,441,2
-1249,-685,9532,330,-256,339,2
-1435,-372,9840,295,-258,256,2
-1620,-58,9998,242,-325,230,2
-1719,155,10000,215,-385,246,2
-1883,518,10017,226,-393,315,2
-2059,586,10040,311,-339,420,2
-2156,392,10040,437,-222,484,2
-2138,293,10175,421,-157,510,2
-4210,125,13320,558,51,1168,2
-7800,-750,19449,843,-1947,4009,2
-8751,-132,21655,1823,-2654,4770,2
-9387,5530,21336,684,-7430,6700,2
-9387,5530,21336,684,-7430,6700,2
-6759,8423,18068,-820,-7864,6784,2
-2745,10362,13968,-1759,-7810,6304,2
991,10079,9961,-2675,-7628,5742,2
3719,9140,5608,-3700,-7294,5779,2
3439,7036,2304,-4406,-6718,6077,2
2333,3191,887,-4591,-6057,6024,2
1109,266,-281,-4587,-5613,5722,2
1096,-1510,-3258,-4458,-5251,5209,2
1502,-2877,-5542,-4189,-4699,4501,2
1851,-4045,-6757,-3838,-4083,3717,2
2178,-4879,-7704,-3307,-3536,3002,2
2873,-5244,-8250,-2734,-3084,2404,2
4655,-5054,-9440,-1192,-2130,1635,2
4655,-5054,-9440,-1192,-2130,1635,2
4300,-5577,-9001,-841,-1744,1652,2
3609,-6604,-8151,-704,-1314,1572,2
3316,-7553,-7332,-780,-871,1285,2
3597,-7897,-6566,-968,-410,881,2
4330,-7739,-5867,-1089,41,477,2
5129,-7364,-5202,-1096,417,198,2
5755,-7236,-4373,-934,718,46,2
6126,-7043,-3161,-572,945,-53,2
6243,-6785,-1319,-49,1108,-115,2
6041,-6511,1358,502,1228,-133,2
5736,-6275,4227,990,1254,-139,2
5561,-5984,6775,1350,1163,-182,2
5655,-5575,8688,1501,984,-270,2
6137,-5213,9603,1422,745,-395,2
6794,-4558,9472,1160,518,-517,2
7407,-4025,8735,797,379,-551,2
7776,-3794,7767,444,302,-498,2
7778,-3913,6844,190,264,-386,2
7599,-4155,6047,66,247,-256,2
7417,-4304,5293,29,226,-134,2
7035,-4491,4895,30,205,-37,2
7099,-4847,4434,392,144,18,2
7099,-4847,4434,392,144,18,2
7209,-4765,4601,474,159,66,2
6992,-4812,5098,539,188,127,2
6778,-4981,5565,579,184,182,2
6771,-5103,5773,578,159,199,2
6782,-5008,5898,528,148,202,2
6793,-4916,5937,424,156,224,2
6794,-4977,5832,286,174,246,2
6762,-5063,5670,155,197,254,2
6636,-5165,5588,77,215,254,2
6425,-5403,5618,62,209,239,2
6238,-5664,5698,80,168,166,2
6292,-5591,5600,142,119,79,2
6471,-5393,5490,214,99,39,2
6444,-5250,5728,272,100,25,2
6366,-5183,6025,284,81,1,2
6490,-5004,6006,247,44,-32,2
6638,-4772,5854,178,29,-37,2
6498,-4758,5988,108,42,-18,2
6422,-4883,6058,46,46,-3,2
6526,-4913,5937,4,34,-18,2
6670,-4801,5852,11,32,-20,2
6575,-4762,6058,49,35,10,2
6372,-4868,6244,76,1,33,2
6377,-4884,6091,62,-56,22,2
6347,-5172,5214,-14,4,22,2
6202,-5128,5352,0,10,-9,2
6221,-5104,5425,23,9,-23,2
6295,-4989,5474,50,12,-11,2
6456,-4916,5448,29,15,-26,2
6423,-4798,5619,45,33,-16,2
6264,-4915,5746,27,26,-18,2
6280,-5019,5663,2,2,-46,2
6437,-4941,5436,-21,-4,-82,2
6506,-4893,5338,-33,7,-94,2
6542,-4868,5350,-36,17,-99,2
6561,-4713,5353,0,28,-67,2
6591,-4741,5405,31,39,-22,2
6456,-4832,5528,34,45,-7,2
6334,-4859,5689,24,48,-23,2
6323,-4875,5812,12,44,-50,2
6389,-4807,5815,2,34,-71,2
6554,-4717,5748,4,29,-64,2
6650,-4680,5642,11,26,-48,2
6675,-4650,5531,13,28,-25,2
6675,-4650,5531,13,28,-25,2
6634,-4659,5486,17,42,2,2
6468,-4699,5558,25,53,22,2
6319,-4744,5649,23,45,33,2
6261,-4856,5725,11,29,25,2
6338,-4947,5751,-7,13,-18,2
6452,-4886,5705,-20,7,-67,2
6545,-4792,5717,-18,9,-81,2
6638,-4734,5740,1,9,-63,2
6683,-4692,5723,17,6,-31,2
6687,-4679,5657,22,1,0,2
6618,-4695,5582,17,10,30,2
6480,-4792,5624,0,21,50,2
6446,-4950,5755,-24,-2,-51,2
6446,-4950,5755,-24,-2,-51,2
6433,-4808,5628,-19,0,3,2
6433,-4808,5628,-19,0,3,2
6414,-4849,5591,-39,0,3,2
6446,-4844,5549,-49,0,0,2
6489,-4899,5529,-47,0,-11,2
6490,-4905,5491,-41,-5,-38,2
6518,-4850,5481,-25,-5,-49,2
6519,-4877,5560,-5,-2,-54,2
6510,-4782,5585,5,-9,-70,2
6574,-4713,5626,12,-6,-58,2
6657,-4715,5672,17,-2,-37,2
6648,-4683,5689,19,-3,-22,2
6586,-4695,5740,11,-3,-5,2
6545,-4701,5711,-7,-8,4,2
6553,-4774,5608,-34,-11,2,2
6551,-4763,5466,-49,-10,-14,2
6571,-4705,5330,-34,-7,-8,2
6541,-4732,5276,-6,-10,4,2
6493,-4737,5256,19,-13,6,2
6427,-4702,5291,33,-9,-2,2
6401,-4653,5262,36,-7,-9,2
6476,-4625,5063,33,-6,-15,2
6452,-4510,4817,28,5,-44,2
6390,-4504,4565,-10,20,-190,2
6247,-4740,4320,-49,1,-458,2
6111,-4952,3731,-16,-56,-771,2
5881,-5510,3337,124,-162,-1374,2
7413,-6760,2741,472,-157,-2557,2
7361,-5557,882,376,-308,-3357,2
7358,-4998,-2217,268,-438,-4201,2
7417,-4715,-6590,224,-580,-5478,2
7101,-3022,-11867,150,-526,-6437,2
6755,-997,-16870,223,-99,-6903,2
5663,-77,-20606,343,819,-6948,2
3233,-958,-22973,-115,2174,-6853,2
1004,-2545,-23192,-1266,3737,-6703,2
-1409,-2859,-21451,-1661,5651,-7212,2
-4735,-3761,-17919,-1902,7731,-7562,2
-7342,-3650,-13079,-2094,9768,-7550,2
-10551,-2962,-7619,-2068,11778,-7222,2
-15308,-3918,-1473,-2387,13731,-6854,2
-20186,-5947,6383,-3278,15423,-6179,2
-23556,-5660,18847,-3870,16206,-4901,2
-24637,-6156,-31546,-3575,14985,-2793,2
-23177,-8755,-26310,-2338,11847,-671,2
-19860,-11520,-26310,-1121,7544,423,2
-15311,-11357,-28139,-345,3524,-6,2
-14083,-6569,30632,-651,868,-1141,2
-14182,-138,25163,-1370,-528,-1651,2
-11892,1989,21402,-1553,-1165,-1433,2
-8565,701,18159,-1384,-1245,-884,2
-6268,-222,16129,-785,-703,-406,2
-5237,373,15542,146,170,38,2
-4824,1151,15222,995,815,456,2
-4248,1136,14425,1302,929,708,2
-3518,445,13665,1126,688,789,2
-2825,-468,13382,890,368,712,2
-2339,-902,13076,763,39,588,2
-2102,-652,12361,708,-261,462,2
-1945,-210,11569,568,-519,372,2
-1777,-117,10980,351,-723,346,2
-1647,-15,10459,296,-787,379,2
-1594,27,9844,383,-746,447,2
-1716,-499,8874,326,-459,529,2
-1801,-721,9087,251,-347,439,2
-1939,-662,9589,226,-243,337,2
-2115,-433,10065,263,-196,306,2
-2099,-308,10386,299,-230,289,2
-2084,21,10522,332,-312,279,2
-2044,175,10399,392,-396,238,2
-2124,444,10174,388,-482,192,2
-2648,761,9865,408,-403,243,2
-2948,545,10379,357,-307,323,2
-3453,198,11271,339,-227,454,2
-4164,-342,12494,354,-205,638,2
-5007,-1383,14171,317,-305,884,2
-6077,-2521,15859,225,-601,1286,2
-7294,-3152,17581,106,-1082,1739,2
-8209,-2425,20345,-134,-1843,2160,2
-9043,-712,23644,161,-2814,2418,2
-10279,342,26202,893,-3966,2429,2
-13328,920,29074,1402,-5250,2728,2
-13328,920,29074,1402,-5250,2728,2
-14929,1401,32276,1528,-6987,3904,2
-13804,2499,31339,1907,-8935,5355,2
-12604,5427,24623,1995,-10277,6388,2
-9238,10812,14493,893,-10658,7393,2
-3897,12475,4539,-1057,-10541,7569,2
1308,10167,-3166,-3004,-9872,7279,2
2652,6356,-8318,-4110,-8696,6981,2
1793,708,-10685,-4336,-7402,6214,2
1125,-3924,-12062,-3775,-6237,5220,2
1183,-5644,-12970,-2684,-5019,4521,2
2243,-5709,-13303,-1468,-3873,4100,2
3305,-5925,-13109,-382,-2967,3631,2
4132,-6108,-11547,460,-2275,3098,2
4523,-6155,-9352,946,-1742,2528,2
4826,-5962,-7321,1041,-1312,1906,2
4837,-5358,-5254,922,-878,1445,2
5006,-4792,-3430,625,-514,1192,2
5552,-4535,-1951,182,-205,1044,2
6022,-4512,-501,-225,38,937,2
6267,-4794,574,-462,213,898,2
6428,-5385,1561,-552,353,755,2
6390,-5591,2458,-528,453,539,2
6369,-5795,3393,-357,495,343,2
6556,-5657,4127,-135,474,189,2
6860,-5340,4790,102,485,20,2
7041,-5063,5563,305,496,-129,2
7023,-4699,6403,450,502,-233,2
6951,-4509,7365,523,498,-272,2
7036,-4276,7970,504,448,-315,2
7151,-3902,8303,408,376,-354,2
7185,-3713,8418,248,289,-375,2
7316,-3158,6763,-151,1,-241,2
7296,-3253,5992,-156,-48,-134,2
7233,-3410,5360,-117,-50,-49,2
7224,-3500,4903,-50,-28,-3,2
7180,-3494,4703,32,21,19,2
6889,-3589,4983,122,78,43,2
6513,-4008,5540,162,88,14,2
6496,-4144,5870,136,60,-87,2
7231,-3621,5983,-50,128,5,2
7200,-3851,6064,-85,129,75,2
7190,-3929,6025,-76,116,103,2
7228,-3901,6006,-36,116,128,2
7157,-3830,6164,5,134,164,2
6955,-3954,6442,19,132,202,2
6793,-4274,6577,-22,87,169,2
6800,-4203,6355,-70,42,100,2
6948,-4075,6056,-88,29,77,2
6980,-4076,5925,-83,31,72,2
6832,-4095,6119,-42,44,74,2
6748,-4144,6250,9,36,69,2
6784,-3999,6265,35,7,42,2
6781,-3790,6259,44,-21,28,2
6797,-3778,6211,23,-62,15,2
6875,-3733,6022,-29,-86,-9,2
6972,-3598,5870,-68,-79,-17,2
7065,-3543,5790,-72,-61,17,2
7058,-3602,5730,-56,-54,67,2
7031,-3620,5643,-38,-53,112,2
6804,-3760,5759,-35,-47,150,2
6587,-4112,5852,-76,-64,109,2
6557,-4094,5812,-126,-78,26,2
6668,-4024,5748,-131,-72,-3,2
6821,-4136,5644,-109,-78,-15,2
6883,-4082,5522,-72,-87,-28,2
6917,-4036,5445,-24,-88,-25,2
6951,-4017,5427,19,-69,-10,2
6763,-3934,5904,2,0,12,2
6651,-4010,6071,-49,-3,-6,2
6809,-3920,5965,-91,-17,-26,2
6987,-3849,5844,-100,-20,-23,2
7025,-3835,5834,-75,-17,-23,2
7054,-3785,5901,-30,-23,-3,2
7128,-3745,5891,6,-30,23,2
6677,-4120,5903,-39,-7,123,2
6555,-4297,5946,-76,-38,68,2
6737,-4223,5721,-95,-63,11,2
6909,-4110,5548,-87,-61,-33,2
6942,-3996,5583,-61,-48,-57,2
6986,-3973,5651,-27,-39,-46,2
7009,-3915,5765,6,-39,-28,2
6981,-3848,5937,29,-44,0,2
7020,-3838,5986,34,-52,36,2
7064,-3847,5943,6,-52,57,2
6964,-3885,5961,-42,-49,63,2
6812,-4060,5977,-92,-59,52,2
6776,-4145,5868,-128,-74,17,2
6836,-4114,5758,-134,-82,-3,2
6937,-4125,5638,-111,-91,-10,2
7023,-4127,5582,-66,-93,-14,2
7024,-4055,5618,-7,-92,-10,2
7061,-3993,5686,42,-90,13,2
7071,-3925,5814,66,-85,43,2
7021,-3844,5941,54,-87,67,2
6955,-3841,6009,8,-95,88,2
6955,-3841,6009,8,-95,88,2
6894,-3924,5996,-48,-110,98,2
6822,-4112,5996,-96,-133,86,2
6835,-4267,5849,-134,-159,42,2
6919,-4231,5676,-144,-175,-2,2
7022,-4097,5549,-124,-182,-28,2
7065,-3997,5493,-84,-186,-17,2
7023,-3962,5520,-42,-200,13,2
6970,-3927,5537,-17,-224,34,2
6921,-3866,5449,-28,-245,43,2
6926,-3863,5191,-76,-256,37,2
7018,-3792,4744,-151,-253,-1,2
6909,-3863,4365,-213,-231,-37,2
6870,-3859,3933,-259,-226,-140,2
6669,-3996,3398,-347,-228,-463,2
6689,-4945,2964,-462,-300,-1109,2
6923,-5737,2369,-543,-365,-1967,2
6985,-4684,1799,-545,-344,-2696,2
7454,-4316,1144,-492,-274,-3434,2
7555,-4266,-365,-460,-175,-4232,2
7771,-3268,-2247,-550,-43,-4813,2
7872,-2498,-4558,-764,132,-5460,2
6496,1643,-8724,-1712,1730,-5975,2
5534,1899,-9279,-2303,2359,-6374,2
4081,1341,-9051,-2796,3034,-6130,2
2921,1069,-8891,-2762,3963,-5262,2
2239,-223,-8826,-2687,4936,-4211,2
1516,-1496,-8365,-2395,6164,-3513,2
314,-2371,-6810,-2211,7505,-3207,2
-1025,-3560,-4233,-2542,8616,-3280,2
-2828,-4150,-921,-2988,9517,-3412,2
-4962,-4666,3287,-3298,10333,-3223,2
-7282,-5834,9049,-3455,11002,-2595,2
-10899,-8457,30746,-818,5817,527,2
-10581,-7346,29635,-824,3778,354,2
-10233,-5377,27778,-988,1976,56,2
-9610,-3269,25320,-973,658,-141,2
-8274,-2153,22416,-1015,-333,-109,2
-6267,-2464,19562,-1064,-984,87,2
-4436,-2663,17292,-792,-1152,262,2
-3261,-2297,15510,-172,-918,459,2
-2595,-1709,14019,532,-511,721,2
-2102,-1498,13136,881,-204,961,2
-1853,-1514,12889,1001,-25,1138,2
-1782,-1596,12964,1163,78,1299,2
-1926,-1649,13166,1289,64,1500,2
-2214,-2008,13478,1352,-77,1744,2
-2649,-2093,13759,1383,-291,1981,2
-3270,-1671,13916,1277,-612,2222,2
-3778,-1315,14063,908,-1060,2416,2
-3939,-802,14030,631,-1506,2650,2
-4363,-398,13745,625,-1897,2843,2
-5042,9,13913,561,-2257,3204,2
-5194,542,14910,502,-2666,4032,2
-4936,-397,15883,1212,-2961,4749,2
-4738,-1781,16946,2140,-3261,5236,2
-4778,-2239,17831,2862,-3778,5736,2
-4798,-1965,17960,3074,-4450,5874,2
-5620,-1438,17497,2529,-5154,5572,2
-6147,-1397,17399,1507,-5795,4710,2
-6243,114,16975,462,-6523,3899,2
-5950,3183,16187,-321,-6980,3591,2
-3675,6585,15054,-793,-7033,3690,2
-1580,7909,12899,-1572,-7116,3907,2
1388,7376,9100,-2514,-7116,3939,2
1872,6265,7884,-3051,-6865,3822,2
588,5004,7009,-3641,-6899,4268,2
1181,2879,2680,-4197,-6961,4565,2
2084,818,-816,-4373,-6570,4166,2
2426,-225,-3681,-4330,-6033,3470,2
2912,-829,-6986,-4222,-5454,2735,2
2831,-2268,-9610,-4137,-4787,2226,2
3361,-3830,-12001,-3658,-4094,1799,2
4397,-4641,-13855,-2782,-3413,1502,2
5339,-5049,-14666,-1720,-2754,1356,2
5600,-5503,-14156,-653,-2103,1301,2
5412,-6250,-12508,251,-1518,1243,2
5037,-6811,-10152,777,-983,1045,2
5047,-6525,-7863,860,-476,724,2
5571,-5803,-5502,716,1,458,2
6246,-5050,-3550,421,392,338,2
6707,-5721,1310,-158,1050,310,2
6771,-5840,2529,-97,1108,238,2
6876,-5887,3676,86,1134,187,2
6863,-5925,4813,310,1115,130,2
6948,-5906,5624,541,1035,39,2
6992,-5707,6189,736,920,-85,2
6979,-5559,6727,831,784,-248,2
7164,-5093,6841,825,641,-408,2
7518,-4494,6634,741,533,-476,2
7834,-4048,6172,584,451,-486,2
7989,-3712,5885,360,402,-423,2
7954,-3650,5747,175,395,-324,2
7814,-3769,5510,77,379,-202,2
7500,-4373,5384,102,291,37,2
7433,-4377,5351,188,242,57,2
7546,-4482,5140,-49,160,207,2
7381,-4729,5213,-74,160,253,2
7151,-5056,5330,-83,135,234,2
6926,-5239,5382,-88,93,154,2
6895,-5221,5330,-91,59,60,2
7053,-5072,5171,-103,33,-26,2
7245,-4832,4909,-127,19,-105,2
7413,-4650,4740,-135,23,-158,2
7489,-4461,4582,-105,25,-162,2
7528,-4328,4415,-56,35,-139,2
7507,-4156,4416,-2,66,-99,2
7298,-4112,4671,31,96,-25,2
7131,-4308,4841,33,87,29,2
7018,-4477,4974,14,63,29,2
6918,-4541,5059,-17,44,-19,2
7012,-4435,5010,-49,31,-72,2
7209,-4316,4874,-75,27,-98,2
7356,-4212,4758,-73,21,-105,2
7437,-4162,4716,-45,18,-96,2
7522,-4118,4723,-4,20,-60,2
7563,-4138,4762,44,26,6,2
7467,-4259,4751,56,22,47,2
7342,-4397,4756,43,18,57,2
7223,-4546,4765,18,7,20,2
7158,-4638,4753,-22,-2,-54,2
7324,-4467,4725,-53,-3,-129,2
7507,-4330,4752,-52,-2,-157,2
7561,-4188,4796,-7,-4,-131,2
7601,-4130,4849,44,-4,-86,2
7625,-4103,4911,86,-3,-35,2
7522,-4172,4981,117,1,9,2
7330,-4307,5135,127,-1,36,2
7139,-4544,5338,114,-23,28,2
7028,-4593,5435,69,-58,-29,2
7184,-4476,5287,-7,-92,-90,2
7374,-4320,4987,-66,-102,-103,2
7497,-4257,4685,-85,-93,-90,2
7518,-4271,4579,-61,-67,-61,2
7473,-4212,4616,-6,-45,-20,2
7386,-4239,4733,47,-29,29,2
7201,-4316,4880,63,-22,58,2
7105,-4368,4920,43,-23,71,2
7101,-4417,4874,-2,-26,72,2
7058,-4583,4772,-61,-33,43,2
7110,-4646,4594,-98,-27,-9,2
7235,-4545,4453,-106,-7,-60,2
7361,-4393,4409,-90,23,-71,2
7444,-4304,4474,-43,53,-33,2
7260,-4370,5071,61,82,64,2
7260,-4370,5071,61,82,64,2
7279,-4446,5177,43,67,62,2
7273,-4437,5194,-2,54,26,2
7364,-4385,5126,-47,48,-3,2
7430,-4413,4978,-79,38,-31,2
7398,-4358,4837,-79,29,-60,2
7449,-4361,4853,-64,23,-58,2
7468,-4356,4862,-47,10,-52,2
7453,-4338,4959,-32,10,-34,2
7444,-4327,5092,-27,22,2,2
7434,-4339,5132,-28,23,30,2
7326,-4430,5147,-42,12,40,2
7213,-4506,5108,-60,2,23,2
7192,-4491,5021,-66,-5,7,2
7235,-4490,4872,-74,-15,-2,2
7301,-4399,4720,-68,-17,-8,2
7315,-4368,4726,-55,-6,-3,2
7292,-4405,4756,-41,0,6,2
7267,-4424,4851,-36,0,5,2
7272,-4381,4867,-34,-4,12,2
7358,-4421,4777,-38,-6,18,2
7327,-4365,4739,-31,1,33,2
7190,-4449,4222,-49,23,61,2
7190,-4449,4222,-49,23,61,2
7131,-4411,3968,-7,10,43,2
7034,-4326,3787,96,0,19,2
7095,-4492,3948,197,14,34,2
7011,-4476,3702,213,-17,11,2
6937,-4636,3447,210,-47,-112,2
6961,-5139,3003,166,-102,-396,2
7015,-5170,2241,163,-134,-829,2
7150,-6038,1182,361,-84,-1476,2
7485,-6431,-237,718,-1,-2350,2
7911,-5765,-1585,939,132,-3321,2
8250,-4666,-3640,833,237,-4261,2
8367,-3195,-6471,527,294,-5152,2
8151,-2039,-8760,502,646,-5710,2
7781,-1919,-10449,575,1254,-6057,2
6824,-1647,-11642,240,1929,-6321,2
5152,-660,-11749,-382,2668,-6652,2
3407,-249,-11031,-964,3550,-6908,2
1364,-530,-9987,-1689,4387,-6676,2
289,-1729,-8867,-2408,5350,-5991,2
-196,-3240,-8144,-2666,6578,-5533,2
-1543,-3502,-6864,-2677,7838,-5283,2
-1543,-3502,-6864,-2677,7838,-5283,2
-2965,-3359,-5108,-2725,8872,-4808,2
-15239,-6137,-31969,-1462,6191,36,2
-15239,-6137,-31969,-1462,6191,36,2
-13023,-7181,31631,-1470,3731,-50,2
-12502,-4933,29229,-1682,2017,-405,2
-11737,-1841,26647,-1775,796,-598,2
-7035,-1798,21149,-1372,-483,-162,2
-7035,-1798,21149,-1372,-483,-162,2
-5095,-1637,18470,-793,-436,-5,2
-3855,-731,16357,-161,-138,200,2
-2875,-219,14892,333,155,504,2
-1966,-221,13798,604,324,753,2
-1185,-541,12915,716,379,862,2
-577,-958,12318,666,303,840,2
-304,-1094,11941,547,153,780,2
-174,-1315,11657,414,-8,716,2
-37,-1674,11565,263,-151,597,2
-172,-1618,11576,172,-245,483,2
-348,-1690,11581,105,-337,381,2
-616,-1610,11508,113,-405,323,2
-1010,-1362,11338,220,-412,355,2
-1376,-1104,11256,340,-359,485,2
-1822,-1128,11356,458,-270,676,2
-2166,-1588,11763,409,-259,834,2
-2846,-2047,12652,201,-382,1012,2
-4082,-2414,13783,-6,-582,1363,2
-5511,-2584,15214,-221,-836,1968,2
-7030,-3571,17546,-392,-1171,2700,2
-8308,-3960,21131,-75,-1631,3324,2
-9608,-3378,25977,779,-2614,3829,2
-12097,-3566,31460,1826,-4491,4474,2
-15389,-4306,-29115,3055,-6908,5752,2
-16570,-3385,-28574,3543,-9152,6629,2
-14014,1346,30353,1589,-10697,5500,2
-993,11006,1552,-3527,-9930,3898,2
-993,11006,1552,-3527,-9930,3898,2
-1794,4828,-1940,-3915,-9368,4508,2
-2406,155,-4922,-4113,-8608,4712,2
-1563,-1278,-8955,-3840,-7660,4717,2
-445,-1873,-11925,-3288,-6467,4530,2
1116,-3156,-12364,-2632,-5402,3919,2
2008,-4583,-12828,-1932,-4544,3009,2
2364,-5055,-12178,-1222,-3715,2132,2
2825,-4514,-10417,-438,-3095,1440,2
3745,-3842,-9119,148,-2644,1008,2
4696,-3275,-8109,384,-2273,812,2
5160,-2717,-7008,367,-1931,710,2
5499,-2491,-5935,173,-1606,654,2
5869,-2638,-5300,-96,-1330,639,2
6015,-3089,-4836,-366,-1079,694,2
6053,-3616,-4362,-635,-851,813,2
6052,-4306,-4005,-754,-600,971,2
6265,-5412,-3567,-679,-350,1028,2
7030,-6516,-963,121,291,541,2
7030,-6516,-963,121,291,541,2
7022,-6652,537,381,450,364,2
7010,-6806,1957,503,539,121,2
7166,-6569,3120,521,566,-153,2
7406,-5977,4015,522,547,-321,2
7733,-5506,4327,470,492,-374,2
8031,-5184,4367,393,430,-353,2
8066,-5103,4229,347,376,-312,2
8069,-5047,3919,344,331,-248,2
8066,-4872,3578,348,301,-113,2
7899,-4963,3359,389,288,-58,2
7767,-5019,3183,428,260,-90,2
7966,-4816,3389,314,218,-209,2
7966,-4816,3389,314,218,-209,2
8069,-4515,3366,226,213,-226,2
8136,-4450,3408,156,219,-128,2
7896,-4749,3589,100,211,-4,2
7806,-5029,3646,92,181,108,2
7829,-5133,3586,118,159,184,2
7674,-5280,3671,109,155,194,2
7594,-5378,3905,61,147,166,2
7679,-5286,3950,30,148,122,2
7673,-5244,3905,6,148,72,2
7637,-5395,3805,-33,131,-22,2
7626,-5324,3809,-36,120,-91,2
7666,-5217,3796,10,119,-96,2
7558,-5095,3838,70,118,-83,2
7480,-5033,3939,118,96,-52,2
7644,-4908,3721,158,60,-19,2
7553,-4936,3610,83,77,-79,2
7680,-4600,3785,65,96,-118,2
7579,-4709,4089,34,94,-83,2
7562,-5000,4109,4,54,-84,2
7714,-4855,3992,-11,28,-110,2
7835,-4608,3860,-17,27,-100,2
7767,-4567,3855,-12,26,-45,2
7727,-4677,3804,0,21,26,2
7727,-4677,3804,0,21,26,2
7781,-4686,3609,-4,10,52,2
7838,-4654,3519,-8,14,79,2
7739,-4761,3542,13,24,111,2
7629,-4957,3483,9,20,124,2
7508,-5110,3409,16,22,84,2
7399,-5233,3459,18,25,18,2
7423,-5162,3526,15,28,-25,2
7586,-4981,3512,28,37,-48,2
7708,-4795,3536,36,47,-40,2
7593,-4947,3677,70,45,80,2
7593,-4947,3677,70,45,80,2
7552,-5145,3678,56,37,67,2
7556,-5267,3610,37,31,0,2
7533,-5120,3591,48,41,-67,2
7521,-5060,3602,53,43,-83,2
7574,-5047,3521,59,33,-96,2
7654,-4887,3514,64,38,-107,2
7664,-4788,3645,79,59,-87,2
7648,-4776,3719,107,64,-50,2
7672,-4826,3773,141,62,-9,2
7571,-4897,3896,147,54,7,2
7449,-4887,3975,124,35,2,2
7485,-4976,3964,100,17,-10,2
7587,-4917,3872,58,10,-58,2
7707,-4738,3769,3,9,-103,2
7805,-4677,3674,-30,14,-118,2
7811,-4665,3634,-18,21,-112,2
7811,-4732,3670,34,26,-71,2
7787,-4861,3604,91,24,-33,2
7711,-5005,3587,139,29,-26,2
7593,-4980,3720,175,36,-46,2
7562,-4893,3759,189,36,-63,2
7568,-4744,3654,199,34,-75,2
7649,-4551,3423,183,29,-95,2
7556,-4272,2983,178,30,-120,2
7502,-4025,2733,235,58,-128,2
7539,-3903,2445,274,105,-101,2
7490,-4041,1890,284,140,-94,2
7601,-4388,1410,304,158,-189,2
7632,-5038,818,366,184,-381,2
7573,-5680,168,546,231,-817,2
7674,-5885,-628,776,290,-1586,2
8120,-5687,-1796,860,342,-2546,2
8481,-5231,-3220,853,517,-3601,2
8326,-3944,-4895,850,819,-4586,2
8268,-2229,-6354,829,1294,-5247,2
7527,-511,-7859,752,1896,-5366,2
5966,-675,-8887,302,2480,-5187,2
5875,-539,-9531,-268,3338,-5467,2
4662,-958,-9732,-852,4324,-6271,2
2842,-936,-9332,-1263,5379,-6328,2
1459,-471,-8321,-1531,6511,-5768,2
384,-641,-6535,-1614,7579,-5233,2
-413,-792,-4290,-1529,8553,-4807,2
-1471,-1102,-2083,-1625,9255,-4513,2
-3244,-1546,287,-1805,9795,-4280,2
-5335,-1935,3506,-2132,10188,-3755,2
-11929,-5072,27568,-175,2855,-52,2
-10970,-3662,24807,-44,1531,-104,2
-9930,-2080,22680,-147,663,-192,2
-8813,-1006,21097,-201,75,-193,2
-7459,-1022,19609,-94,-335,-36,2
-6196,-1612,18316,96,-610,173,2
-5339,-1975,17465,390,-715,378,2
-5061,-1562,17061,700,-741,713,2
-5136,-840,17181,769,-916,1358,2
-5253,-859,17317,889,-1222,2055,2
-5739,-970,17148,1043,-1645,2649,2
-6038,-270,17122,1073,-2189,3246,2
-5522,-440,17473,1572,-2588,3595,2
-5299,-1191,17655,2588,-2590,3599,2
-6025,-694,18347,2875,-2922,3588,2
-5825,-101,18845,2801,-3718,3600,2
-5713,955,18024,2527,-4632,3633,2
-6341,2393,16549,1643,-5655,3748,2
-7326,4532,15526,663,-6369,4250,2
-6984,3838,16658,-109,-6889,5293,2
-7018,3617,16922,-180,-7344,6524,2
-6653,3006,15489,-360,-8020,7324,2
-5451,2054,11995,-1354,-8697,7307,2
-3492,1121,8830,-2748,-8725,6526,2
-551,1388,6195,-3484,-8109,5625,2
1866,2417,4904,-3565,-7237,4463,2
158,2751,6950,-3985,-6953,3680,2
521,2812,3838,-4612,-7126,3467,2
1737,1806,567,-4506,-6744,3362,2
1671,841,-119,-4424,-6250,3130,2
1612,150,-2525,-4467,-5897,2782,2
1746,-249,-5650,-4373,-5491,2572,2
2257,-1025,-8703,-4193,-5013,2432,2
3243,-1868,-12020,-3813,-4475,2157,2
4228,-2303,-14668,-3194,-3814,1782,2
4710,-2604,-16476,-2420,-3119,1452,2
4916,-2910,-17547,-1551,-2470,1261,2
4872,-3429,-17518,-733,-1817,1195,2
4793,-4113,-16475,-19,-1151,1195,2
6270,-7206,2935,215,1539,624,2
6270,-7206,2935,215,1539,624,2
6154,-7824,4726,320,1486,557,2
6210,-8096,5931,502,1322,455,2
6459,-8048,6410,699,1094,350,2
6808,-7801,6477,866,890,150,2
7014,-7181,6227,892,681,-96,2
7504,-6317,5464,815,506,-264,2
7883,-5606,4725,680,411,-334,2
7962,-5311,4103,474,357,-345,2
8028,-5055,3477,278,327,-307,2
8134,-5005,2837,140,317,-211,2
8103,-5188,2407,57,322,-118,2
8005,-5310,2209,67,334,-27,2
7799,-5543,2343,148,343,74,2
7646,-5921,2610,255,322,143,2
7504,-6134,2899,345,288,138,2
7431,-6211,3274,375,266,94,2
7484,-5807,3911,-35,184,60,2
7484,-5807,3911,-35,184,60,2
7263,-5711,3130,-25,153,-161,2
7263,-5711,3130,-25,153,-161,2
7316,-5527,3166,7,155,-113,2
7276,-5433,3154,27,149,-43,2
7201,-5443,3061,31,140,11,2
7057,-5547,2983,34,132,36,2
6963,-5741,2918,32,123,19,2
6881,-5852,2966,28,120,-38,2
6889,-5892,3015,33,116,-93,2
6962,-5978,3130,56,117,-131,2
6990,-5937,3229,78,105,-182,2
7179,-5620,3222,139,105,-177,2
7309,-5844,3211,-55,56,-82,2
7367,-5760,3231,4,63,-77,2
7337,-5649,3361,67,74,-59,2
7261,-5502,3478,108,75,-25,2
7203,-5446,3548,110,66,22,2
7128,-5509,3557,77,53,52,2
7075,-5669,3578,29,42,51,2
7049,-5766,3620,-14,32,14,2
7115,-5763,3541,-31,25,-10,2
7212,-5764,3387,-26,17,-6,2
7283,-5753,3191,-16,10,-7,2
7340,-5670,3046,-2,19,-7,2
7288,-5639,3022,19,38,8,2
7239,-5604,3035,56,54,35,2
7233,-5543,3176,87,69,66,2
7095,-5619,3454,88,77,93,2
6955,-5851,3640,51,62,85,2
7239,-5810,3393,-9,20,-37,2
7309,-5740,3355,14,23,-28,2
7298,-5633,3372,43,29,-9,2
7302,-5553,3386,69,31,23,2
7334,-5547,3417,72,36,59,2
7205,-5643,3557,55,49,84,2
7022,-5757,3666,26,39,82,2
6927,-5937,3674,-7,15,55,2
6913,-5942,3557,-36,-4,8,2
7014,-5941,3419,-54,-13,-29,2
7139,-5880,3305,-54,-14,-63,2
7236,-5757,3204,-26,-10,-75,2
7285,-5651,3244,21,-1,-51,2
7218,-5742,3205,-42,6,-37,2
6915,-5717,3778,75,12,51,2
6923,-5717,3681,36,-6,43,2
7015,-5814,3507,-7,-18,25,2
6936,-5798,3744,32,18,27,2
6936,-5798,3744,32,18,27,2
6909,-5852,3786,2,-2,1,2
7022,-5764,3658,-37,-18,-34,2
7119,-5701,3551,-68,-19,-46,2
7134,-5724,3452,-76,-19,-39,2
7173,-5788,3336,-78,-23,-45,2
7158,-5687,3300,-36,-6,-14,2
7048,-5601,3511,-21,5,-20,2
7048,-5601,3511,-21,5,-20,2
7122,-5615,3415,-41,-1,-13,2
7113,-5731,3386,-47,0,-21,2
7103,-5699,3336,-42,2,-37,2
7160,-5694,3318,-25,9,-29,2
7218,-5707,3322,-3,13,-19,2
7174,-5666,3414,20,22,-10,2
7130,-5711,3537,30,21,3,2
7084,-5704,3636,23,13,-2,2
7186,-5607,3633,3,11,-10,2
7279,-5502,3555,-19,13,1,2
7179,-5640,3723,-10,-15,30,2
7186,-5715,3091,31,-64,-86,2
6845,-5766,2224,58,20,-175,2
6908,-5570,1915,67,34,-260,2
7022,-5371,1529,102,59,-346,2
7024,-5197,1087,165,76,-506,2
7058,-5661,720,306,74,-698,2
6539,-5880,-68,458,11,-996,2
6988,-6354,-2205,815,36,-1748,2
6545,-6010,-4731,1346,22,-2515,2
6346,-5117,-9123,1645,-3,-3104,2
6986,-4660,-13844,1913,273,-4085,2
7649,-3489,-17378,2096,979,-5183,2
7618,-2382,-18802,1711,1904,-6533,2
5650,-1045,-18957,842,2914,-7569,2
2929,389,-18969,-110,4019,-7538,2
-690,27,-17028,-1847,7302,-7837,2
-4552,-1632,-15188,-2794,8574,-7743,2
-7362,-4024,-12660,-3567,9888,-6959,2
-10547,-5318,-8703,-3183,11874,-6750,2
-15362,-6739,-1884,-3331,13904,-6497,2
-19718,-5870,9828,-4313,15349,-5170,2
-23723,-4726,26940,-4678,15282,-2680,2
-25267,-10947,-26310,-3714,12908,-137,2
-21362,-18243,-26310,-2176,8478,1217,2
-15953,-17635,-26535,-1438,3591,770,2
-13786,-9802,-28112,-1570,-79,-709,2
-12447,-2188,29376,-1963,-2046,-1483,2
-9174,1136,21957,-1723,-2493,-1038,2
-5013,-602,17327,-1367,-2097,-144,2
-1823,-3514,15277,-984,-1105,426,2
-648,-3957,15852,-52,278,625,2
-877,-1817,16928,1069,1274,770,2
-1112,124,16768,1684,1386,1014,2
-587,-375,16044,1595,902,1249,2
62,-1282,15244,1394,360,1393,2
438,-1704,14199,1242,-124,1462,2
539,-1865,13251,1011,-529,1509,2
222,-1571,12961,858,-710,1661,2
-298,-1660,13302,847,-743,1919,2
-897,-2482,13914,776,-788,2063,2
-1717,-2882,14910,534,-897,2227,2
-2510,-3340,16113,396,-1087,2522,2
-5865,918,15585,-589,-7201,2663,2
-3848,3019,13891,-598,-7475,3188,2
-1370,3961,11542,-866,-7588,3583,2
466,4060,8994,-1695,-7383,3842,2
466,4060,8994,-1695,-7383,3842,2
1826,3287,7114,-2374,-6874,3814,2
2929,1643,6177,-2662,-6374,3341,2
1896,1233,7205,-2632,-6031,2983,2
1160,1261,5539,-2884,-6050,2981,2
1162,622,2385,-3120,-5951,2937,2
1278,-642,298,-3257,-5716,2621,2
1247,-1151,-2169,-3271,-5467,2034,2
705,-1102,-4438,-3171,-5157,1589,2
1340,-1280,-7574,-3024,-4890,1406,2
2516,-1082,-11266,-2714,-4532,1310,2
3894,-943,-14457,-2433,-4028,1249,2
5001,-1489,-17381,-2164,-3412,1067,2
5375,-2154,-19356,-1711,-2658,841,2
5321,-2730,-19861,-1129,-1842,824,2
5414,-3471,-18921,-570,-1031,1016,2
5944,-4084,-16658,-82,-213,1073,2
6153,-4575,-12870,223,550,970,2
6039,-4975,-8281,355,1165,873,2
6270,-7769,5436,346,1803,494,2
6270,-7769,5436,346,1803,494,2
6498,-7932,7035,382,1597,268,2
8026,-6144,6185,594,584,-434,2
8026,-6144,6185,594,584,-434,2
8350,-5244,5315,543,464,-518,2
8486,-4708,4701,464,394,-521,2
8529,-4338,4097,369,339,-473,2
8413,-4145,3651,279,308,-364,2
8120,-4528,3422,199,265,-275,2
7956,-4705,3144,141,205,-262,2
8164,-4575,2800,113,175,-251,2
8365,-4274,2713,153,191,-165,2
8103,-4473,3038,214,217,-28,2
7884,-4939,3451,229,205,55,2
7863,-5020,3656,217,176,88,2
8033,-5091,3713,178,156,133,2
8018,-5056,3735,156,153,213,2
7698,-5534,3881,133,137,287,2
7352,-6065,3885,63,85,257,2
7325,-6183,3688,-4,43,186,2
7249,-6056,3554,-16,38,160,2
7308,-6038,3310,2,33,157,2
7406,-5986,3002,15,28,133,2
7539,-5814,2836,38,54,99,2
7558,-5634,2783,86,95,94,2
7614,-5517,2789,148,126,122,2
7495,-5498,2991,207,160,159,2
7354,-5492,3255,245,177,175,2
7131,-5514,3548,245,175,158,2
6828,-5745,3859,184,149,60,2
6828,-5573,3895,96,112,-63,2
7156,-5286,3785,30,93,-116,2
7456,-5140,3630,-18,85,-150,2
7565,-4983,3468,-26,80,-158,2
7667,-4951,3367,2,84,-110,2
7716,-4970,3360,46,91,-56,2
7471,-5096,3548,80,105,-12,2
7174,-5438,3724,79,84,-21,2
7237,-5456,3604,76,45,-52,2
7495,-5236,3417,71,42,-60,2
7405,-5285,3580,54,35,-101,2
7597,-5092,3457,56,31,-115,2
7735,-4960,3397,75,46,-100,2
7704,-4842,3441,118,69,-43,2
7630,-4901,3472,153,80,22,2
7544,-4957,3513,184,87,75,2
7380,-4963,3624,206,85,115,2
7252,-5099,3829,199,72,142,2
7114,-5424,4043,163,50,125,2
7024,-5582,4120,110,22,39,2
7179,-5450,4088,55,14,-21,2
7399,-5359,3981,27,14,-44,2
7518,-5241,3829,33,15,-42,2
7562,-5170,3689,57,19,-17,2
7568,-5089,3557,90,26,6,2
7500,-5024,3520,118,45,43,2
7352,-5091,3609,126,64,78,2
7121,-5253,3815,116,65,86,2
7334,-5304,3772,10,37,-2,2
7392,-5318,3751,-18,47,-20,2
7373,-5328,3772,-22,53,-27,2
7361,-5426,3876,-17,57,-23,2
7325,-5396,3981,6,59,-6,2
7354,-5373,4000,22,57,17,2
7333,-5326,3946,28,58,46,2
7318,-5280,3854,23,58,75,2
7307,-5285,3751,6,58,98,2
7216,-5389,3646,-18,55,80,2
7179,-5363,3513,-50,56,41,2
7267,-5315,3440,-62,76,23,2
7318,-5281,3430,-74,100,20,2
7289,-5255,3489,-66,122,33,2
7280,-5347,3675,-44,137,49,2
7248,-5403,3854,-21,140,45,2
7206,-5402,3967,-5,135,25,2
7227,-5370,4016,0,124,5,2
7291,-5276,3980,-5,112,-14,2
7291,-5276,3980,-5,112,-14,2
7303,-5157,3926,-21,103,-23,2
7304,-5156,3847,-46,94,-23,2
7346,-5190,3711,-72,87,-32,2
7344,-5164,3627,-90,91,-33,2
7330,-5284,3645,-93,97,-29,2
7364,-5202,3948,-39,83,-79,2
7364,-5202,3948,-39,83,-79,2
7458,-5154,3950,-34,66,-72,2
7485,-5160,3920,-28,51,-58,2
7455,-5171,3820,-30,41,-56,2
7486,-5140,3760,-29,42,-45,2
7447,-5147,3803,-22,46,-31,2
7398,-5212,3838,-15,39,-21,2
7449,-5156,3829,-14,30,-20,2
7464,-5151,3909,-17,28,-14,2
7367,-5269,3987,-27,17,-29,2
7356,-5262,3994,-39,-3,-47,2
7464,-5168,3917,-27,-29,-43,2
7362,-5242,3596,-1,-21,-24,2
7385,-5134,3873,11,-18,0,2
7350,-5187,3806,5,-20,9,2
7278,-5232,3713,1,-24,2,2
7291,-5187,3585,-3,-23,-15,2
7336,-5181,3529,-1,-14,-17,2
7324,-5241,3545,14,-4,-20,2
7307,-5213,3620,32,1,-36,2
7325,-5174,3745,41,8,-44,2
7345,-5110,3827,44,12,-41,2
7380,-5053,3901,34,11,-26,2
7412,-5025,3926,18,10,-6,2
7417,-5037,3926,6,10,14,2
7373,-5128,3890,3,5,35,2
7314,-5249,3827,4,-2,33,2
7309,-5260,3749,9,-3,16,2
7346,-5248,3715,23,1,8,2
7308,-5323,3720,33,5,-4,2
7377,-5157,3699,25,16,-33,2
7452,-5071,3687,22,27,-15,2
7442,-5066,3732,23,38,7,2
7346,-5208,3875,27,45,21,2
7175,-5314,4094,38,41,13,2
7125,-5403,4237,53,18,1,2
7252,-5399,4186,64,-12,-20,2
7367,-5321,4122,60,-26,-60,2
7452,-5142,4101,42,-26,-84,2
7514,-5050,4087,21,-26,-85,2
7538,-5013,4004,6,-30,-69,2
7537,-5042,3923,-6,-31,-51,2
7485,-5110,3932,-10,-28,-29,2
7362,-5251,3997,2,-34,-9,2
7309,-5387,4036,28,-50,-4,2
7350,-5345,4015,59,-66,-6,2
7434,-5239,3986,77,-72,-5,2
7464,-5121,3993,81,-67,10,2
7446,-5138,4011,72,-67,30,2
7394,-5265,3907,25,-91,7,2
7350,-5191,3687,-26,-116,-43,2
7395,-5101,3383,-51,-119,-60,2
7351,-5004,2893,-49,-110,-72,2
7269,-4744,2584,30,-110,-96,2
7246,-4576,2551,110,-143,-129,2
7186,-4862,2021,185,-253,-212,2
7152,-5408,979,322,-395,-433,2
6853,-5248,-9100,1276,-251,-3433,2
6853,-5248,-9100,1276,-251,-3433,2
7649,-4327,-12669,1542,205,-4337,2
8107,-3010,-15604,1659,862,-5352,2
7585,-1685,-17522,1610,1703,-6223,2
6176,-1003,-18287,1339,2715,-6913,2
3092,-968,-18468,616,4044,-7331,2
937,-842,-17820,-518,5618,-7516,2
-972,-543,-16069,-1505,7296,-7705,2
-3954,-2480,-13423,-2263,9018,-7228,2
-6519,-3016,-10093,-2615,10773,-6463,2
-9226,-3592,-5518,-2868,12185,-5989,2
-13072,-4492,34,-3288,13329,-5516,2
-17268,-4721,7326,-4059,14138,-4647,2
-20823,-9761,-29200,-2762,11134,-731,2
-20823,-9761,-29200,-2762,11134,-731,2
-19093,-10977,-26310,-1376,8114,481,2
-16508,-9851,-29211,-591,4533,344,2
-14687,-6857,29999,-1142,1503,-468,2
-13969,-3013,25777,-2066,-253,-1017,2
-12178,-555,22962,-2151,-909,-1025,2
-9046,-1009,20159,-1818,-1120,-649,2
-6068,-2372,17850,-1342,-975,-248,2
-4225,-2529,16498,-616,-449,82,2
-3471,-1497,15456,176,126,429,2
-2794,-1157,14541,626,418,713,2
-1969,-1511,14004,796,502,843,2
-1416,-1568,13674,962,490,853,2
-1047,-1648,13304,1018,316,855,2
-848,-1781,12806,903,27,803,2
-851,-1879,12258,712,-257,696,2
-1063,-2106,11996,492,-474,622,2
-1558,-2334,12228,319,-610,618,2
-2163,-2467,12828,226,-721,698,2
-3092,-2667,13607,127,-899,1004,2
-4647,-2970,14506,-10,-1140,1705,2
-6735,-3705,16002,-183,-1419,2650,2
-8529,-4255,18106,-312,-1870,3573,2
-9851,-5153,21246,-231,-2685,4279,2
-10579,-7971,25431,369,-4040,4464,2
-11158,-9609,29463,1568,-5724,4138,2
-11302,-7989,31682,2852,-7579,3574,2
-11839,-4322,29536,3924,-9048,3080,2
-12687,501,24396,3946,-9655,3270,2
-12068,7310,18154,2971,-9777,4353,2
-8886,12153,13313,1194,-10287,5757,2
-4254,12129,6826,-926,-10758,6464,2
-304,9279,-1067,-3296,-10411,6208,2
763,5249,-3478,-4857,-9247,5029,2
-852,3483,-3220,-5405,-8346,4687,2
-885,1829,-6519,-5344,-7605,4530,2
-222,-525,-8748,-4605,-6653,4545,2
1037,-2783,-10083,-3726,-5718,4393,2
2710,-3875,-11342,-2787,-4831,3671,2
2949,-3817,-11207,-1751,-4069,2858,2
2978,-3676,-11318,-861,-3586,2379,2
3368,-3937,-11353,-85,-3136,2070,2
3860,-3907,-11011,462,-2709,1845,2
4498,-3678,-10812,637,-2304,1681,2
5203,-3681,-10734,449,-1844,1539,2
5807,-3612,-10533,6,-1304,1428,2
6035,-6318,-6318,-1037,609,787,2
6035,-6318,-6318,-1037,609,787,2
5992,-6956,-4667,-736,873,664,2
6101,-7491,-2772,-257,1069,568,2
6118,-7635,-486,275,1210,421,2
6129,-7510,1974,762,1309,275,2
6092,-7504,4424,1091,1327,99,2
6186,-7010,6281,1202,1253,-133,2
6465,-6204,7496,1175,1123,-282,2
6842,-5691,8035,1047,932,-355,2
7223,-5251,7939,818,729,-368,2
7550,-4829,7199,562,537,-337,2
7595,-4722,6289,311,378,-276,2
7468,-4953,5458,91,264,-244,2
7468,-5001,4537,-28,199,-221,2
7643,-4872,3544,-38,157,-164,2
7869,-4702,2610,17,139,-74,2
7753,-4874,2403,84,169,36,2
7336,-5370,2796,127,221,70,2
7130,-5442,3063,158,235,55,2
7490,-5141,2812,117,239,116,2
7490,-5141,2812,117,239,116,2
7694,-5030,2527,92,279,224,2
7758,-5263,2656,61,359,371,2
7082,-6075,3512,59,450,488,2
6135,-7393,4716,91,378,300,2
6135,-7393,4716,91,378,300,2
6286,-7237,4818,86,324,168,2
6562,-6956,4867,135,300,116,2
6713,-7030,4925,191,281,72,2
6745,-6846,4931,244,255,5,2
6897,-6460,4823,302,217,-47,2
7079,-5974,4672,349,182,-66,2
7184,-5581,4620,359,170,-44,2
7081,-4963,4562,132,156,60,2
7081,-4963,4562,132,156,60,2
6729,-5311,4780,38,147,86,2
6347,-5765,4966,-29,86,19,2
6304,-5941,4925,-63,10,-83,2
6602,-5819,4707,-73,-40,-150,2
6958,-5570,4455,-62,-63,-174,2
7192,-5394,4227,-46,-68,-164,2
7201,-5178,4124,-21,-60,-115,2
7161,-5151,4037,3,-44,-37,2
7114,-5145,3911,-2,-27,20,2
7037,-5135,3797,-9,0,84,2
6821,-5369,3931,-25,22,131,2
6530,-5661,4138,-45,10,130,2
6468,-5915,4112,-71,-27,86,2
6654,-5898,3938,-88,-37,44,2
6842,-5810,3791,-84,-17,23,2
6951,-5749,3713,-59,2,11,2
6984,-5622,3739,-22,23,5,2
6961,-5534,3852,12,41,24,2
6908,-5522,3952,32,49,55,2
6765,-5662,4118,29,53,67,2
6765,-5662,4118,29,53,67,2
6597,-5886,4294,21,43,42,2
6568,-5894,4285,9,19,-1,2
6668,-5848,4169,-2,3,-33,2
6781,-5814,3982,-14,-5,-68,2
6901,-5676,3863,-17,-4,-99,2
6997,-5536,3871,5,17,-93,2
7034,-5482,3980,39,32,-62,2
6993,-5462,4103,67,33,14,2
6993,-5462,4103,67,33,14,2
6906,-5496,4170,64,36,43,2
6774,-5604,4258,53,34,58,2
6674,-5730,4322,22,19,39,2
6682,-5767,4277,-17,3,12,2
6751,-5828,4148,-57,-4,-21,2
6832,-5806,3964,-77,-1,-45,2
6879,-5802,3829,-69,9,-59,2
6925,-5755,3834,-39,25,-66,2
6889,-5633,4008,17,41,-33,2
6857,-5634,4143,54,47,-9,2
6850,-5527,4237,60,49,9,2
6818,-5590,4296,42,47,20,2
6732,-5650,4301,5,36,0,2
6733,-5675,4192,-29,30,-18,2
6800,-5681,4047,-56,28,-30,2
6854,-5701,3921,-53,29,-45,2
6851,-5670,3902,-32,38,-58,2
6836,-5626,3967,0,47,-62,2
6881,-5542,4049,28,52,-55,2
6875,-5405,4104,42,52,-39,2
6852,-5388,4215,35,49,-6,2
6850,-5661,4239,-28,34,-38,2
6850,-5661,4239,-28,34,-38,2
6863,-5609,4266,-16,30,-40,2
6930,-5566,4192,-3,24,-36,2
6973,-5480,4107,2,24,-30,2
7000,-5418,4039,6,32,-11,2
6662,-5770,4401,-16,7,-33,2
6662,-5770,4401,-16,7,-33,2
6824,-5666,4199,-35,3,-50,2
6912,-5616,4075,-33,8,-45,2
6972,-5549,3991,-12,15,-29,2
6990,-5497,3968,17,26,-5,2
6984,-5497,4048,37,42,18,2
6939,-5564,4152,44,52,24,2
6878,-5591,4172,34,58,9,2
6824,-5552,4217,26,65,4,2
6638,-5678,4388,18,56,-1,2
6573,-5832,4415,-2,25,-39,2
6750,-5716,4285,-36,2,-76,2
6988,-5585,4213,-27,13,-79,2
7031,-5499,4247,0,23,-60,2
7027,-5427,4334,35,22,-25,2
6992,-5376,4407,54,18,19,2
6877,-5418,4460,46,18,53,2
6747,-5589,4417,10,10,49,2
6693,-5622,4278,-33,0,17,2
6751,-5648,4094,-62,-6,-7,2
6805,-5670,3942,-62,-7,-22,2
6863,-5628,3838,-50,-8,-37,2
6869,-5533,3875,-13,10,-38,2
6847,-5523,4087,28,36,-20,2
6790,-5514,4319,45,43,-8,2
6767,-5491,4464,47,38,5,2
6771,-5487,4460,28,29,12,2
6781,-5510,4421,0,19,14,2
6786,-5569,4327,-23,10,4,2
6829,-5587,4142,-32,1,-9,2
6893,-5581,4008,-23,3,-12,2
6909,-5567,3994,1,15,-13,2
6908,-5584,4075,22,24,-12,2
6877,-5575,4246,34,30,-10,2
6870,-5525,4379,38,33,-8,2
6832,-5500,4477,35,30,4,2
6709,-5621,4616,28,18,9,2
6665,-5700,4682,13,-6,-2,2
6731,-5688,4588,-10,-29,-25,2
6881,-5661,4370,-37,-45,-46,2
6943,-5595,4209,-31,-41,-36,2
6944,-5634,4071,-25,-33,-36,2
6958,-5545,3962,-13,-20,-34,2
6988,-5469,3923,6,-3,-20,2
6917,-5421,3973,20,13,-1,2
6743,-5492,4195,29,20,11,2
6632,-5560,4417,22,14,5,2
6645,-5572,4502,3,-4,-12,2
6733,-5576,4454,-15,-22,-30,2
6848,-5537,4316,-33,-30,-41,2
6937,-5497,4210,-36,-25,-34,2
6906,-5548,4134,-24,-14,-21,2
6888,-5557,4077,-9,-9,-19,2
6871,-5555,4095,6,-2,-16,2
6876,-5518,4157,15,7,-12,2
6891,-5445,4215,19,13,-5,2
6885,-5406,4283,13,14,9,2
6832,-5445,4376,9,9,24,2
6829,-5498,4358,1,-1,26,2
6882,-5484,4276,-7,-9,20,2
6891,-5524,4272,-13,-3,14,2
6891,-5524,4272,-13,-3,14,2
6851,-5590,4327,-14,-2,5,2
6820,-5628,4376,-4,-9,-3,2
6816,-5610,4385,3,-13,-12,2
6865,-5609,4367,7,-21,-11,2
6870,-5596,4295,8,-27,-9,2
6865,-5569,4239,3,-29,-7,2
6863,-5557,4140,-3,-30,-4,2
6864,-5528,4057,-9,-25,-3,2
6823,-5540,4073,-12,-15,0,2
6749,-5619,4075,-19,-15,-11,2
6794,-5624,4047,-21,-17,-36,2
6893,-5542,4022,-16,-10,-48,2
6915,-5514,4181,1,4,-45,2
6915,-5514,4181,1,4,-45,2
6902,-5499,4268,2,0,-42,2
6929,-5486,4296,10,0,-20,2
6902,-5479,4343,6,0,-16,2
6925,-5478,4331,-3,-1,-8,2
6962,-5464,4345,-12,-3,-4,2
6888,-5545,4394,-22,-10,-4,2
6828,-5643,4376,-31,-25,-23,2
6852,-5599,4406,-28,-32,-48,2
6879,-5555,4466,-13,-37,-57,2
6913,-5524,4453,-5,-50,-58,2
6963,-5463,4388,-8,-60,-54,2
6999,-5420,4322,-13,-58,-43,2
7005,-5367,4211,-17,-53,-24,2
7005,-5355,4076,-9,-49,11,2
6857,-5408,4017,-15,-42,30,2
6779,-5504,3994,-25,-39,44,2
6775,-5626,3884,-28,-37,23,2
6754,-5633,3755,-20,-35,-27,2
6776,-5405,3585,9,-25,-58,2
6694,-4925,3310,80,-30,-107,2
6702,-4635,3088,149,-41,-237,2
8341,-6389,27,619,-221,-1638,2
7937,-3905,-8704,2673,1591,-5694,2
7937,-3905,-8704,2673,1591,-5694,2
6751,-3548,-9563,2641,2270,-6158,2
6119,-1926,-10032,2061,3128,-6849,2
4668,-2171,-10969,1046,4121,-8165,2
3023,-2589,-11954,234,5276,-8529,2
1413,-1016,-12231,-528,6609,-7948,2
-96,-125,-10525,-1361,7763,-7499,2
-992,-1759,-7907,-2099,8642,-6873,2
-1837,-3823,-4952,-2547,9521,-6097,2
-4385,-3272,-2041,-2192,10509,-5280,2
-7993,-2443,1442,-1845,11233,-4406,2
-11579,-2778,6305,-2024,11692,-3558,2
-14790,-2806,13302,-2452,11769,-2721,2
-17299,-2440,21908,-2751,11196,-1973,2
-18828,-2281,28926,-2409,9758,-1238,2
-17830,-3523,31823,-1697,7254,-514,2
-14913,-5604,30503,-1180,4402,-211,2
-12670,-5886,26439,-984,2043,-472,2
-11985,-3877,22510,-1069,543,-911,2
-11251,-1207,20345,-1165,-183,-1167,2
-10191,787,18938,-1069,-514,-970,2
-8448,812,17386,-858,-698,-576,2
-4148,-445,13623,274,-131,291,2
-3610,-143,13423,452,61,424,2
-3205,101,13376,565,112,541,2
-2861,146,13158,671,44,657,2
-2476,-427,12815,743,-92,705,2
-2270,-853,12577,722,-254,698,2
-2285,-833,12455,666,-419,690,2
-2484,-672,12273,615,-577,654,2
-2660,-482,12057,506,-740,634,2
-2858,-743,12168,61,-1106,800,2
-2924,-1341,12482,-38,-1275,1046,2
-3203,-1830,12659,-85,-1484,1450,2
-3584,-1893,12761,-86,-1714,2010,2
-4133,-1309,13172,0,-1954,2622,2
-4495,-701,14175,436,-2204,3051,2
-5603,-238,15316,1446,-2254,3355,2
-7605,63,17496,2304,-2432,3847,2
-8788,90,20765,2962,-3095,4813,2
-9719,471,23381,3456,-4315,6140,2
-10454,863,24354,3273,-6070,7411,2
-9642,3186,21579,2428,-7465,8235,2
-7907,7160,16376,839,-8073,8439,2
-6235,8172,13190,-1360,-8526,8137,2
-4039,6568,11060,-3292,-8830,7653,2
-955,4034,7629,-4312,-8662,6810,2
2497,2376,2329,-4607,-7783,5423,2
1867,2649,4343,-4752,-7001,4162,2
1104,3944,1964,-5492,-7015,4151,2
3106,2249,-3014,-5580,-6379,4038,2
4212,744,-4477,-5394,-5429,3734,2
4532,-107,-5934,-5361,-4608,3283,2
4545,-1553,-7383,-5106,-3895,2811,2
4945,-4227,-9555,-2653,-2596,1935,2
4988,-4958,-9707,-1807,-2256,1788,2
4988,-4958,-9707,-1807,-2256,1788,2
4944,-5540,-9441,-1097,-1889,1663,2
4885,-6137,-8713,-597,-1493,1510,2
5074,-6535,-7917,-299,-1104,1289,2
5315,-6653,-6996,-159,-735,1056,2
6383,-7295,-1307,-240,697,330,2
7249,-4770,5352,566,205,-499,2
7249,-4770,5352,566,205,-499,2
7316,-4764,4903,366,151,-423,2
7519,-4557,4209,168,127,-352,2
7758,-4410,3618,35,150,-240,2
7804,-4429,3249,-23,196,-94,2
7480,-4668,3298,-24,232,73,2
7127,-5335,3603,0,234,183,2
6583,-6204,3894,63,95,49,2
6583,-6204,3894,63,95,49,2
6651,-6041,4054,55,100,-1,2
6699,-6056,4253,58,109,-28,2
6726,-6040,4370,52,83,-74,2
6767,-5874,4480,45,55,-99,2
6804,-5755,4546,48,40,-76,2
6805,-5693,4557,46,21,-23,2
6755,-5737,4427,22,-9,14,2
6677,-6093,3531,14,-9,-14,2
6733,-6064,3640,20,1,-73,2
6820,-5865,3848,27,21,-92,2
6864,-5733,3961,34,25,-73,2
6853,-5688,4029,25,25,-39,2
6815,-5785,4097,-1,22,-9,2
6793,-5925,4028,-35,10,-11,2
6781,-5965,3908,-44,5,-14,2
6782,-6026,3816,-33,4,-23,2
6836,-5965,3700,-11,6,-40,2
6908,-5833,3669,18,19,-42,2
6900,-5764,3718,39,35,-33,2
6802,-5765,3860,48,39,-21,2
6821,-5745,4046,56,19,37,2
6835,-5772,4048,44,13,46,2
6865,-5798,4034,23,13,54,2
6822,-5869,4029,10,16,49,2
6733,-5940,4075,-11,10,29,2
6735,-5967,4090,-18,-3,13,2
6771,-6021,4021,-12,-17,-2,2
6845,-5918,3869,-5,-30,-22,2
6943,-5790,3729,5,-27,-27,2
6981,-5681,3685,14,-15,-19,2
6997,-5609,3712,21,-3,6,2
6906,-5646,3772,19,12,-39,2
6896,-5689,3788,19,47,19,2
6618,-5927,4270,37,27,46,2
6726,-5879,4160,11,6,23,2
6726,-5879,4160,11,6,23,2
6839,-5818,3982,-16,4,5,2
6923,-5766,3836,-28,13,6,2
6903,-5802,3799,-24,26,24,2
6838,-5861,3791,-10,34,39,2
6792,-5859,3820,10,37,47,2
6677,-5894,3927,27,40,56,2
6565,-5989,4058,33,33,51,2
6602,-5977,4107,29,22,24,2
6694,-5900,4112,15,19,6,2
6708,-5848,4151,6,19,-4,2
6782,-5822,3820,-24,-1,-5,2
6782,-5822,3820,-24,-1,-5,2
6780,-5827,3790,-18,11,-2,2
6765,-5846,3776,0,14,7,2
6741,-5856,3812,15,16,7,2
6742,-5813,3830,22,20,0,2
6787,-5755,3847,21,32,-2,2
6711,-5773,3993,21,43,6,2
6597,-5889,4126,13,35,-1,2
6615,-5891,4173,9,17,-9,2
6687,-5891,4194,4,9,-13,2
6721,-5885,4181,2,2,-15,2
6773,-5840,4124,0,-6,-11,2
6800,-5794,4034,-2,-5,-1,2
6805,-5777,3980,-1,-1,9,2
6785,-5735,3908,0,3,20,2
6751,-5782,3869,1,4,27,2
6693,-5891,3936,3,6,17,2
6781,-5727,3938,26,22,19,2
6771,-5790,4037,27,23,37,2
6683,-5875,4088,21,20,35,2
6647,-5900,4138,15,14,15,2
6663,-5892,4137,12,7,1,2
6702,-5869,4097,11,1,-3,2
6690,-5876,4075,4,-7,-15,2
6705,-5864,4058,-1,-11,-27,2
6547,-5961,4140,-13,-6,34,2
6554,-6002,4133,-20,-27,-4,2
6700,-5949,4033,-19,-35,-34,2
6775,-5899,4030,-10,-28,-41,2
6778,-5846,4030,4,-27,-31,2
6744,-5857,4017,14,-31,-19,2
6688,-5887,4046,15,-33,-14,2
6668,-5857,4082,15,-31,-17,2
6701,-5826,4069,2,-36,-19,2
6810,-5816,3993,-14,-39,-18,2
6782,-5809,3962,-25,-35,-24,2
6713,-5867,3942,-28,-32,-26,2
6712,-5913,3897,-25,-36,-28,2
6756,-5954,3841,-16,-40,-31,2
6738,-5948,3830,-3,-36,-49,2
6753,-5876,3833,6,-30,-52,2
6814,-5857,3749,18,-29,-46,2
6847,-5816,3596,23,-22,-50,2
6751,-5826,3421,20,-6,-74,2
6615,-5681,3195,5,6,-148,2
6409,-5469,2669,-9,17,-308,2
6468,-5918,2251,24,-14,-654,2
6356,-6410,1880,61,-62,-1124,2
7521,-7351,1193,147,-61,-1787,2
7911,-6726,-75,227,-164,-2646,2
8784,-6498,-2863,564,-122,-3408,2
9209,-5910,-6379,1243,129,-4150,2
9258,-5085,-9586,2028,581,-4945,2
9231,-4168,-11493,2405,1102,-5999,2
8436,-4254,-12452,2176,1778,-7522,2
5613,-3786,-12957,1586,2814,-8874,2
3639,-1711,-13283,222,4707,-10015,2
2059,1489,-12668,-1109,6749,-10641,2
-1385,2636,-11527,-2026,7866,-9284,2
-2120,1127,-10005,-2167,8636,-7637,2
-2387,-1379,-7563,-2044,9554,-6428,2
-3386,-1942,-4654,-2298,10657,-5068,2
-5449,-1711,-1415,-1973,11585,-3740,2
-7946,-3022,1588,-1526,11936,-2753,2
-11132,-4740,5357,-1510,11959,-2271,2
-14285,-5984,12174,-2321,11765,-2011,2
-16909,-6057,22125,-3079,11095,-1670,2
-18323,-5420,31672,-2872,9401,-966,2
-18186,-4981,-29409,-1929,6495,-145,2
-15836,-6354,-32153,-1305,3015,-62,2
-13310,-6216,26777,-1508,233,-744,2
-11728,-4552,22206,-2059,-1155,-1415,2
-10722,-1146,20441,-1902,-1283,-1519,2
-9196,389,19288,-1330,-1054,-1013,2
-6654,-1012,17872,-756,-869,-391,2
-4647,-2189,16429,-91,-541,101,2
-3738,-1759,15409,542,-109,443,2
-3738,-1759,15409,542,-109,443,2
-3289,-906,14957,980,200,718,2
-2930,-391,14582,1237,299,976,2
-2370,-752,13659,1196,-28,1344,2
-2370,-752,13659,1196,-28,1344,2
-2282,-1533,13515,986,-313,1450,2
-2378,-2217,13710,833,-568,1378,2
-2932,-2067,14034,691,-798,1383,2
-3918,-1411,14309,507,-1066,1650,2
-4753,-1421,14714,284,-1350,2024,2
-5531,-1478,15689,43,-1711,2484,2
-6390,-1085,17451,159,-2270,3253,2
-6884,-645,19325,1063,-2974,4301,2
-7471,-754,20787,2467,-3788,5548,2
-8005,-1345,21570,4047,-4528,6949,2
-9122,-1309,21759,4862,-5272,8350,2
-9718,262,20733,4234,-6211,9228,2
-8962,3225,18301,2095,-7097,9315,2
-7283,5802,15522,-658,-7853,8754,2
-4011,6025,12332,-3112,-8442,7469,2
-579,5712,8785,-4502,-8414,6046,2
1302,2859,10,-5726,-6344,4377,2
1302,2859,10,-5726,-6344,4377,2
1248,456,-1478,-5573,-5951,4303,2
1868,-1009,-3674,-5316,-5553,3892,2
2719,-1462,-5831,-4945,-4978,3306,2
3554,-1814,-7673,-4531,-4309,2853,2
4255,-2604,-9445,-4035,-3649,2568,2
4519,-3793,-10609,-3347,-3029,2378,2
4745,-5710,-10964,-539,-1913,1877,2
5254,-5667,-10589,56,-1564,1561,2
5588,-5578,-9700,407,-1119,1327,2
5760,-5660,-8365,545,-650,1173,2
5730,-5794,-6924,527,-215,1057,2
5425,-6306,-5439,386,175,947,2
5097,-6906,-3921,229,520,801,2
4929,-7677,-2371,129,804,579,2
4855,-7911,-742,121,1033,319,2
4990,-7995,1022,259,1170,138,2
5202,-8031,2725,485,1210,35,2
5415,-7984,4381,725,1184,-85,2
5670,-7707,5834,943,1089,-201,2
5907,-7296,6861,1130,905,-261,2
6256,-7025,7203,1197,678,-316,2
6567,-6693,7041,1153,472,-402,2
6900,-6207,6607,1028,332,-476,2
7190,-5778,6174,829,277,-524,2
7342,-5466,5737,590,265,-568,2
7367,-5126,5345,351,248,-548,2
7363,-4981,5013,164,232,-439,2
7296,-4968,4746,44,216,-275,2
7201,-5127,4460,-7,197,-64,2
7161,-5607,4321,-7,177,100,2
7046,-5783,4395,26,149,182,2
6962,-5833,4400,63,116,259,2
6785,-6086,4379,72,99,318,2
6277,-6642,4209,-111,88,194,2
6256,-6669,4106,-138,85,145,2
6211,-6642,4008,-142,80,125,2
6256,-6621,3845,-105,73,132,2
6235,-6578,3751,-55,65,137,2
6215,-6533,3638,-5,59,132,2
6233,-6462,3578,36,66,104,2
6086,-6335,3701,64,93,65,2
5977,-6329,3945,74,113,16,2
6085,-6299,4071,81,118,-38,2
6263,-6177,4169,85,118,-93,2
6360,-6076,4261,80,117,-126,2
6336,-5983,4382,91,119,-131,2
6319,-5952,4519,105,104,-115,2
6381,-6097,4441,72,70,-148,2
6356,-5773,4364,57,52,-168,2
6452,-5536,4229,73,55,-76,2
6526,-5821,4096,100,67,41,2
6464,-6142,4181,97,78,41,2
6334,-6014,4345,107,77,-1,2
6314,-5973,4516,120,68,4,2
6426,-6016,4508,112,54,20,2
6493,-6016,4422,82,47,21,2
6524,-6021,4391,52,54,11,2
6462,-5995,4448,45,64,17,2
6413,-6064,4544,53,60,42,2
6415,-6130,4545,74,41,65,2
6408,-6108,4514,91,25,77,2
6322,-6159,4579,83,15,84,2
6188,-6289,4650,50,7,58,2
6176,-6265,4573,14,4,16,2
6335,-6183,4389,-10,9,6,2
6417,-6166,4259,-12,19,18,2
6354,-6150,4295,7,25,33,2
6301,-6160,4352,36,20,52,2
6207,-6229,4440,54,9,62,2
6116,-6257,4483,46,-3,50,2
6389,-6243,4223,-11,16,-12,2
6344,-6195,4301,4,23,-37,2
6344,-6195,4301,4,23,-37,2
6301,-6103,4415,25,19,-41,2
6332,-6089,4443,37,3,-27,2
6414,-6046,4434,42,-4,-15,2
6420,-5955,4353,36,0,-4,2
6379,-5966,4336,22,5,19,2
6308,-5988,4297,12,5,30,2
6286,-5989,4276,1,4,23,2
6271,-5949,4304,-3,11,18,2
6275,-6041,4346,-7,11,13,2
6284,-6071,4399,-9,9,-12,2
6305,-6023,4467,2,11,-26,2
6341,-6013,4516,15,11,-14,2
6383,-5961,4478,21,4,10,2
6435,-5992,4397,17,6,36,2
6391,-6012,4411,14,18,53,2
6257,-5996,4456,13,23,66,2
6190,-6023,4438,4,17,82,2
6176,-6124,4371,-7,9,78,2
6117,-6170,4334,-18,6,49,2
6103,-6231,4337,-20,9,18,2
6168,-6185,4330,-14,12,-7,2
6235,-6165,4300,-1,10,-11,2
6247,-6143,4292,15,9,0,2
6250,-6122,4315,28,10,17,2
6226,-6124,4349,32,11,26,2
6190,-6108,4353,24,14,28,2
6190,-6113,4381,11,20,31,2
6185,-6178,4376,-1,20,24,2
6162,-6213,4342,-19,18,-3,2
6252,-6176,4291,-28,20,-28,2
6324,-6149,4215,-26,28,-35,2
6341,-6137,4207,-15,35,-33,2
6340,-6128,4218,0,42,-31,2
6338,-6134,4286,16,49,-34,2
6357,-6031,4374,30,55,-26,2
6336,-6002,4484,43,59,0,2
6271,-6092,4610,40,52,20,2
6204,-6104,4726,25,43,26,2
6132,-6143,4788,-5,33,24,2
6184,-6182,4691,-38,20,17,2
6277,-6167,4520,-53,10,7,2
6310,-6125,4340,-50,6,6,2
6353,-6114,4222,-31,6,14,2
6372,-6108,4150,-4,12,21,2
6287,-6079,4274,17,22,27,2
6138,-6150,4431,20,23,40,2
6059,-6299,4522,9,12,34,2
6015,-6350,4549,-10,0,-5,2
6130,-6288,4532,-22,-9,-41,2
6253,-6211,4533,-23,-9,-55,2
6255,-6192,4625,-25,-8,-49,2
6226,-6239,4616,-35,-17,-45,2
6235,-6252,4470,-47,-25,-53,2
6293,-6202,4332,-54,-22,-61,2
6319,-6180,4172,-50,-16,-57,2
6259,-6164,4164,-41,-5,-55,2
6253,-6129,4187,-34,0,-51,2
6216,-6179,4240,-30,5,-50,2
6210,-6191,4257,-33,6,-68,2
6249,-6213,4241,-32,11,-87,2
6318,-6213,4255,-24,22,-107,2
6252,-6176,4397,-12,29,-113,2
6156,-6243,4461,-19,13,-111,2
6049,-6413,4363,-20,-4,-132,2
6112,-6463,4383,3,1,-197,2
6061,-6474,4286,-38,-3,-218,2
6155,-6844,4022,-76,-8,-322,2
6220,-6741,3772,-55,-5,-494,2
6366,-6551,3506,-33,3,-639,2
6341,-6377,3256,38,21,-749,2
6317,-6311,3092,94,35,-878,2
6283,-6037,2904,156,47,-982,2
6223,-5757,2794,237,64,-1027,2
6165,-6044,2705,282,69,-1108,2
6158,-6456,2439,320,54,-1362,2
6322,-6205,2138,355,68,-1747,2
6586,-6288,1223,379,148,-2621,2
6632,-6946,-502,503,110,-3428,2
6847,-7064,-3172,831,47,-4429,2
7418,-6821,-7618,1207,144,-5564,2
7409,-5385,-12744,1685,271,-6587,2
7750,-3940,-17924,1845,654,-7717,2
6811,-3196,-21921,1367,1546,-8734,2
3160,-2530,-23107,322,2843,-8865,2
962,-527,-21570,-1477,4587,-8629,2
-1114,-567,-19387,-2834,6384,-8559,2
-3606,-3251,-16384,-3494,7830,-8070,2
-5655,-4710,-12575,-4040,9190,-7639,2
-9460,-4589,-8024,-4469,10757,-7438,2
-20284,-3852,17712,-4354,14264,-3528,2
-22099,-7077,27269,-3139,13158,-1265,2
-22472,-12118,-32073,-2711,10723,-61,2
-21167,-12446,-28374,-3646,7293,-27,2
-19548,-10020,-27271,-4244,4026,-633,2
-17159,-7270,-30003,-3713,1375,-1085,2
-14170,-4763,29841,-2749,-462,-1112,2
-10891,-3703,24560,-2042,-1227,-858,2
-8020,-2815,21213,-1410,-1089,-368,2
-5686,-2673,19307,-616,-488,111,2
-4012,-2478,17996,229,132,519,2
-2796,-2329,16846,850,511,830,2
-1771,-2622,15880,1118,602,916,2
-1771,-2622,15880,1118,602,916,2
-1266,-2184,15055,1222,538,864,2
-961,-1673,14272,1232,375,803,2
-633,-1702,13640,1124,137,740,2
-508,-1589,13198,1026,-83,736,2
-724,-1412,12830,1009,-259,836,2
-1132,-1545,12623,1042,-376,980,2
-1540,-1920,12733,990,-466,1108,2
-2102,-1950,12954,904,-584,1254,2
-2685,-2054,13358,812,-735,1439,2
-3447,-2595,13891,721,-907,1801,2
-4738,-3223,14524,580,-1120,2402,2
-5927,-2901,15581,290,-1477,3368,2
-6975,-1896,17115,259,-2060,4458,2
-7790,-1346,19418,802,-2939,5483,2
-9495,-2078,24781,3231,-6380,8015,2
-9495,-2078,24781,3231,-6380,8015,2
-9753,-951,23394,3281,-7188,8501,2
-9714,548,21004,2451,-7568,7927,2
-7956,3132,18142,915,-7869,6839,2
-5520,5941,14858,-951,-8159,5680,2
-2552,7474,11102,-2605,-8287,4276,2
1383,7131,6702,-3339,-7728,3058,2
2258,5435,7835,-3298,-7070,2393,2
-952,5297,7304,-3870,-7216,3375,2
154,3620,3192,-4162,-6957,3843,2
1013,1377,1126,-4050,-6340,3679,2
872,688,-351,-4236,-5874,3274,2
1285,-1611,-9481,-4382,-4455,1573,2
4331,-4614,-18069,-945,-1971,1367,2
4331,-4614,-18069,-945,-1971,1367,2
4713,-5505,-17202,-438,-1221,1435,2
5185,-6034,-15097,-13,-477,1354,2
5584,-6287,-12244,291,173,1164,2
5626,-6446,-8718,455,723,918,2
5537,-6662,-5060,503,1122,680,2
5443,-6902,-1749,523,1389,492,2
5473,-7119,1069,552,1540,368,2
6101,-7288,6680,761,1423,-116,2
6101,-7288,6680,761,1423,-116,2
6523,-6905,7221,843,1236,-289,2
6864,-6155,7393,956,1035,-385,2
7158,-5816,7113,1000,827,-427,2
7357,-5554,6545,927,643,-487,2
7625,-4814,5753,762,510,-564,2
7587,-5990,4118,237,308,297,2
7587,-5990,4118,237,308,297,2
7506,-6134,4270,202,268,208,2
7491,-6164,4330,121,245,122,2
7556,-5991,4338,50,240,72,2
7631,-6085,4306,-27,229,39,2
7535,-6023,4272,-64,199,17,2
7640,-5873,4096,-52,171,13,2
7597,-5667,3985,5,153,48,2
7326,-5499,3839,59,75,77,2
7326,-5499,3839,59,75,77,2
7279,-5559,3870,49,62,64,2
7297,-5561,3878,29,47,14,2
7394,-5370,3791,-5,35,-48,2
7478,-5185,3647,-34,35,-80,2
7446,-5111,3609,-29,44,-72,2
7422,-5075,3641,9,52,-34,2
7289,-5067,3727,63,53,1,2
7221,-5056,3732,120,39,29,2
7184,-5019,3778,173,29,62,2
7119,-5001,3839,205,14,100,2
7071,-5120,3844,207,-2,123,2
7052,-5262,3759,169,-16,98,2
7125,-5189,3646,107,-8,60,2
7217,-5139,3583,45,25,53,2
7227,-5231,3602,10,58,72,2
7181,-5358,3677,7,74,91,2
7179,-5400,3723,33,80,104,2
7152,-5394,3719,66,83,115,2
7070,-5390,3800,85,88,122,2
6993,-5405,3926,91,92,124,2
6901,-5425,4082,85,92,116,2
6966,-5449,4146,65,84,102,2
7107,-5520,4138,36,74,69,2
7162,-5516,4047,-2,70,25,2
7166,-5497,3957,-25,75,12,2
7175,-5565,3879,-26,85,28,2
7241,-5599,3834,-1,95,45,2
7206,-5524,3937,36,107,53,2
7031,-5541,4138,70,105,54,2
6924,-5566,4300,91,85,41,2
6911,-5494,4383,99,55,14,2
6927,-5442,4330,93,21,-23,2
6927,-5442,4330,93,21,-23,2
7015,-5326,4251,69,-8,-53,2
7156,-5290,4098,29,-17,-66,2
7145,-5321,3848,18,-11,-7,2
7215,-5265,3687,25,-22,-4,2
7215,-5265,3687,25,-22,-4,2
7252,-5320,3654,23,4,17,2
7150,-5393,3763,31,31,34,2
7015,-5473,3949,48,35,45,2
7003,-5534,4039,74,29,55,2
7041,-5500,4103,104,26,57,2
6979,-5609,4158,124,20,38,2
6901,-5589,4280,135,13,-15,2
7091,-5244,4440,87,-12,-50,2
7091,-5244,4440,87,-12,-50,2
7167,-5217,4333,30,-11,-33,2
7143,-5316,4241,-10,-2,-5,2
7106,-5448,4155,31,-29,-6,2
7106,-5448,4155,31,-29,-6,2
7143,-5391,4188,45,-36,-11,2
7170,-5351,4212,57,-35,-3,2
7168,-5326,4240,64,-42,10,2
7126,-5346,4327,59,-50,31,2
7000,-5427,4400,46,-59,42,2
6957,-5502,4391,24,-78,37,2
7047,-5480,4199,-3,-92,25,2
7154,-5440,3979,-17,-90,15,2
7199,-5436,3849,-7,-78,13,2
7169,-5446,3849,25,-70,21,2
7132,-5530,3996,71,-71,29,2
7156,-5546,4095,111,-77,28,2
7109,-5567,4191,133,-87,22,2
7103,-5589,4224,142,-100,2,2
7184,-5503,4258,146,-109,-14,2
7190,-5405,4351,142,-113,-22,2
7182,-5332,4337,130,-128,-30,2
7225,-5184,4206,102,-144,-43,2
7308,-5091,3980,73,-143,-40,2
7296,-5102,3776,62,-132,-23,2
7137,-5168,3696,69,-121,-30,2
6976,-5057,3480,96,-118,-51,2
6879,-5093,3281,126,-122,-118,2
6926,-5120,3041,123,-134,-276,2
6796,-5189,2814,118,-127,-434,2
6642,-5769,2449,73,-155,-743,2
7313,-6238,1719,166,-137,-1473,2
7052,-5760,1449,418,-156,-2077,2
7243,-6099,908,622,-231,-2474,2
6720,-657,-13972,1585,1112,-7382,2
1084,-1259,-19656,-962,6370,-6229,2
-1465,-2731,-16846,-2021,8280,-6330,2
-4763,-3062,-12672,-2668,10070,-6614,2
-8080,-2597,-7455,-3519,11506,-6447,2
-12481,-2118,-1611,-4088,12851,-5822,2
-17342,-2764,5912,-4269,14018,-4591,2
-19787,-5695,16161,-3824,14637,-2873,2
-20642,-7301,26491,-2531,14230,-1299,2
-21593,-6975,-30480,-1344,12283,-634,2
-20248,-6724,-26310,-1082,8764,-396,2
-17242,-6531,-28452,-720,4829,-467,2
-15253,-3657,30671,-673,1814,-907,2
-13597,-644,25651,-1341,-16,-1296,2
-6067,290,17553,-861,-846,-69,2
-4201,-773,16034,-332,-469,323,2
-3098,-864,14937,172,-63,488,2
-2530,-263,14109,636,281,557,2
-2209,319,13478,983,499,625,2
-1999,511,13106,1017,475,721,2
-1543,-231,12883,837,261,756,2
-1104,-853,12608,694,35,686,2
-1675,107,12094,557,-411,493,2
-1675,107,12094,557,-411,493,2
-1917,25,11802,583,-485,563,2
-2009,-314,11628,529,-552,575,2
-2457,-215,11728,383,-634,620,2
-3087,-2,12112,295,-690,764,2
-3802,239,12646,295,-750,1110,2
-4614,47,13117,278,-887,1592,2
-5549,-50,13733,45,-1165,2048,2
-6555,433,15183,-319,-1636,2570,2
-7284,1482,17414,-204,-2233,3443,2
-8321,2242,19791,839,-2849,4554,2
-9629,2577,22036,2393,-3480,5820,2
-10698,3106,23522,3569,-4192,7213,2
-11136,3543,23954,3495,-5234,8122,2
-10846,3773,23313,2304,-6335,8401,2
-9538,5038,21332,866,-7275,8049,2
792,6456,1655,-4864,-7776,4691,2
792,6456,1655,-4864,-7776,4691,2
-324,5020,-168,-4921,-7441,5091,2
-689,2114,-3323,-5063,-7228,5409,2
108,-1376,-6694,-4947,-6693,5076,2
917,-3032,-9104,-4546,-5794,4548,2
2080,-4236,-11180,-4118,-4850,3957,2
2840,-5575,-12223,-3545,-3947,3304,2
3101,-6689,-12419,-2832,-3235,2668,2
3646,-7065,-12750,-2057,-2740,2059,2
4376,-6658,-13222,-1322,-2320,1616,2
5080,-6337,-13457,-716,-1876,1381,2
5576,-6353,-12955,-314,-1343,1233,2
5620,-6334,-11423,-151,-740,1057,2
5402,-6671,-5225,-328,708,655,2
5402,-6671,-5225,-328,708,655,2
6585,-6199,5284,1136,1224,-36,2
6585,-6199,5284,1136,1224,-36,2
6858,-5601,6604,1381,1065,-160,2
6914,-5323,7694,1508,878,-279,2
7660,-3378,8385,694,323,-687,2
7660,-3378,8385,694,323,-687,2
7988,-4682,4095,-121,7,52,2
7988,-4682,4095,-121,7,52,2
7891,-5033,4108,77,-15,171,2
7786,-5244,4435,273,-33,217,2
7757,-5299,4883,394,-48,190,2
7738,-5224,5116,387,-73,107,2
7796,-4942,5120,314,-92,50,2
7940,-4865,5006,218,-99,62,2
7933,-5006,4794,137,-102,98,2
7775,-5166,4612,88,-105,148,2
7515,-5323,4592,82,-102,222,2
7271,-5566,4601,88,-113,291,2
7124,-5643,4577,86,-129,336,2
7029,-5828,4415,101,-140,337,2
7005,-5826,4173,78,-136,231,2
6988,-5613,4137,52,-120,137,2
7136,-5472,4027,43,-113,82,2
7352,-5117,3738,207,-82,124,2
7266,-5021,3842,258,-71,165,2
6988,-4976,4108,271,-65,194,2
6850,-4929,4306,250,-72,222,2
6988,-4868,4272,192,-80,255,2
7109,-5075,4161,102,-74,236,2
7180,-5285,4046,22,-60,100,2
7219,-5010,4028,-18,-41,-32,2
7206,-4855,4116,-27,-27,-43,2
7184,-4987,4102,-12,-39,-11,2
7301,-5077,3972,28,-57,2,2
7418,-5049,3888,86,-58,11,2
7046,-5112,4703,244,-36,37,2
7037,-5221,4709,181,-64,26,2
7264,-5106,3944,-56,-1,-63,2
7209,-5138,3899,-14,21,-35,2
7124,-5084,3946,37,39,-20,2
6964,-5029,4132,71,54,3,2
6834,-5047,4304,83,53,35,2
6798,-5124,4466,81,50,34,2
6753,-5163,4691,61,50,-9,2
6937,-5545,4223,-175,116,83,2
6937,-5545,4223,-175,116,83,2
6906,-5479,4319,-147,123,71,2
6891,-5537,4410,-155,127,71,2
6792,-5591,4515,-180,135,50,2
6768,-5634,4525,-200,134,38,2
6765,-5658,4535,-204,129,20,2
6788,-5662,4446,-204,112,-15,2
6835,-5594,4224,-212,95,-59,2
6871,-5567,4008,-223,92,-95,2
6963,-5480,3791,-225,100,-127,2
7063,-5309,3690,-224,114,-148,2
7101,-5284,3715,-217,127,-151,2
7069,-5316,3855,-201,137,-165,2
7036,-5203,4028,-174,136,-177,2
7089,-5112,4130,-155,119,-160,2
7167,-5060,4065,-135,101,-134,2
7225,-5014,3973,-112,87,-113,2
7203,-4932,4008,-49,97,-158,2
7203,-4932,4008,-49,97,-158,2
7219,-4885,4108,169,90,-54,2
7269,-5328,4541,637,-3,406,2
7269,-5328,4541,637,-3,406,2
7083,-5467,4890,687,-48,343,2
7116,-5322,5184,692,-82,249,2
7264,-5109,5462,631,-92,166,2
7484,-4948,5524,515,-118,86,2
7705,-4664,5431,411,-133,35,2
7774,-4458,5341,325,-142,42,2
7716,-4410,5172,270,-166,95,2
7491,-4628,5030,245,-194,140,2
7375,-4812,4875,238,-222,161,2
7356,-4886,4658,240,-248,171,2
7379,-4972,4371,238,-270,162,2
7441,-5103,4019,242,-285,126,2
7431,-5263,3591,252,-290,15,2
7320,-5049,3177,275,-279,-179,2
7176,-4580,2528,294,-269,-397,2
7114,-4674,2036,380,-291,-589,2
7107,-5561,1142,378,-336,-949,2
7391,-6210,-322,303,-410,-1793,2
8282,-6945,-2043,368,-490,-3118,2
8880,-6571,-4346,821,-334,-4299,2
9197,-4673,-7843,1394,-181,-5075,2
9498,-2269,-12468,2029,72,-5592,2
9975,-1278,-16294,2465,727,-6064,2
9416,-1837,-18546,2296,1610,-6810,2
7057,-2275,-19655,1474,2703,-7563,2
3851,-2245,-19260,-121,4040,-7663,2
1344,-3572,-18244,-1886,5511,-8064,2
-2990,-5529,-15908,-3245,7171,-8471,2
-5067,-7419,-11684,-4473,8773,-8111,2
-7172,-8067,-6409,-4897,10436,-7701,2
-12186,-5273,187,-5014,11812,-6975,2
-15354,-4258,9703,-5864,11991,-5518,2
-16393,-8141,20308,-5882,11414,-3420,2
-15792,-12693,27668,-4334,10386,-1066,2
-12830,-16101,30632,-2894,8559,176,2
-10838,-16011,31625,-2647,5772,17,2
-11169,-12020,30470,-2673,3133,-653,2
-10952,-8273,27058,-2245,1604,-1244,2
-9499,-5833,23564,-2017,697,-1512,2
-7812,-3984,20717,-1852,261,-1347,2
-6245,-2828,18631,-1232,455,-839,2
-5111,-1914,17120,-328,954,-204,2
-4188,-1513,15805,405,1367,358,2
-3088,-1953,14915,734,1519,630,2
-2334,-2174,14576,707,1408,637,2
-1954,-2389,14412,612,1166,539,2
-1486,-3146,14249,520,866,380,2
-1277,-3052,14182,428,552,169,2
-1239,-2565,13975,397,251,62,2
-1072,-2577,13525,398,5,58,2
-1116,-2675,13054,457,-120,84,2
-1412,-2727,12786,551,-135,126,2
-1855,-2675,12884,607,-102,177,2
-2419,-2470,13501,671,-43,295,2
-3003,-2315,14345,826,-20,602,2
-3610,-2320,15054,1077,-117,1054,2
-4222,-3173,15385,1336,-308,1434,2
-5039,-3529,15824,1374,-581,1726,2
-6086,-3192,16773,1330,-936,2278,2
-7360,-3105,18293,1339,-1417,3015,2
-9476,-1295,20255,1760,-2013,3697,2
-12513,463,23244,2547,-2747,4375,2
-14163,633,27118,2776,-3815,5172,2
-14245,2004,30312,2332,-5525,5948,2
-15745,3062,30500,1613,-7658,6613,2
-16908,2169,28454,699,-9646,6902,2
-13123,4650,22514,-289,-10459,7018,2
-8278,8651,14827,-1405,-10326,6222,2
-8278,8651,14827,-1405,-10326,6222,2
-3699,8188,6731,-2320,-9871,4225,2
-2527,3076,-9790,-5828,-8682,4221,2
-2527,3076,-9790,-5828,-8682,4221,2
-1642,2373,-14125,-6283,-7650,3962,2
-1097,-810,-15222,-6169,-6517,3350,2
709,-2226,-20558,-3179,-4442,731,2
709,-2226,-20558,-3179,-4442,731,2
3007,-1715,-23062,-2104,-3860,657,2
5243,-1351,-23976,-1104,-3017,754,2
6197,-1344,-23229,-368,-2021,930,2
5956,-2282,-20437,140,-1001,1142,2
5257,-3741,-15931,427,-100,1235,2
4713,-5242,-11065,434,571,1170,2
4612,-6261,-6763,311,1038,981,2
4818,-7120,-3174,231,1346,822,2
5066,-7980,-131,310,1501,680,2
5529,-8393,2455,508,1504,518,2
5938,-8426,4467,753,1407,325,2
7865,-6536,5365,1221,491,43,2
7865,-6536,5365,1221,491,43,2
8050,-6228,4631,1139,336,26,2
8066,-5952,3885,981,249,5,2
7972,-6088,3378,744,194,-38,2
7929,-6105,2778,467,143,-175,2
8148,-5730,2063,277,121,-231,2
8363,-5739,1613,214,109,-140,2
8141,-6185,2051,467,71,191,2
7356,-6441,2126,125,-99,314,2
7343,-6359,1774,30,-91,244,2
7418,-6352,1488,49,-78,223,2
7403,-6366,1419,152,-66,223,2
7437,-6360,1656,281,-44,220,2
7397,-6360,2011,411,-34,199,2
7296,-6229,2315,522,-56,160,2
7276,-5974,2565,581,-96,127,2
7312,-5796,2766,559,-141,98,2
7298,-5686,2818,442,-179,37,2
7327,-5570,2656,263,-202,-25,2
7453,-5527,2304,102,-208,-50,2
7484,-5685,2007,39,-204,-30,2
7609,-5366,1836,414,-309,-38,2
7733,-5431,1734,366,-284,-11,2
7761,-5631,1673,347,-265,29,2
7710,-5888,1746,372,-250,79,2
7623,-6095,1968,428,-244,126,2
7425,-6186,2244,483,-250,142,2
7285,-6284,2382,519,-277,133,2
7269,-6235,2354,523,-312,94,2
7386,-6174,2258,498,-345,34,2
7484,-5917,2071,462,-359,-33,2
7629,-5733,1992,439,-347,-37,2
7682,-5666,1884,431,-343,-3,2
7629,-5703,1861,438,-334,36,2
7512,-5755,2031,477,-320,72,2
7394,-5810,2220,533,-321,105,2
7285,-5834,2329,569,-353,100,2
7254,-5701,2314,588,-385,76,2
7301,-5674,2279,576,-410,26,2
7436,-5437,2154,519,-431,-52,2
7691,-5249,1988,465,-426,-61,2
7959,-5233,1813,455,-410,-26,2
8102,-5311,1687,488,-389,22,2
8141,-5451,1729,544,-356,72,2
8102,-5487,1963,608,-317,113,2
7685,-5886,2740,701,-303,155,2
7454,-6100,3029,709,-350,74,2
7465,-5942,3148,702,-401,-5,2
7634,-5686,3016,674,-441,-35,2
7820,-5470,2680,621,-468,-25,2
7919,-5412,2263,558,-472,12,2
7933,-5426,1911,521,-453,55,2
7620,-5515,2524,664,-345,164,2
7507,-5383,2235,504,-381,151,2
7507,-5383,2235,504,-381,151,2
7450,-5438,2336,517,-370,139,2
7367,-5504,2468,505,-362,93,2
7410,-5479,2607,477,-350,46,2
7496,-5405,2692,455,-341,28,2
7580,-5383,2680,441,-347,42,2
7704,-5414,2517,426,-350,56,2
7783,-5436,2394,420,-334,74,2
7775,-5456,2412,429,-310,91,2
7747,-5432,2466,459,-292,108,2
7696,-5411,2581,505,-274,135,2
7524,-5557,2827,532,-269,138,2
7449,-5536,2982,536,-291,93,2
7528,-5438,2967,525,-313,56,2
7637,-5353,2844,500,-324,37,2
7628,-5269,2689,456,-324,12,2
7603,-5184,2547,405,-308,3,2
7671,-5190,2321,376,-289,26,2
7647,-5290,2147,384,-263,57,2
7573,-5478,2092,411,-241,77,2
7514,-5615,2122,438,-215,74,2
7429,-5709,2150,480,-190,60,2
7392,-5685,2120,523,-172,44,2
7467,-5585,1969,569,-155,35,2
7544,-5503,1774,599,-131,26,2
7526,-5405,1468,621,-95,10,2
7391,-5328,1253,640,-46,0,2
7049,-6426,174,525,124,-243,2
6707,-7233,-700,493,161,-627,2
6566,-7874,-1836,578,168,-1242,2
6741,-8672,-3622,690,167,-2140,2
7459,-8582,-6579,1102,331,-3610,2
8922,-7456,-9093,2045,893,-5584,2
8370,-4122,-11815,2356,1561,-6240,2
8484,-2086,-13899,2160,2485,-6315,2
7834,-1412,-15025,1592,3506,-6450,2
6574,-1428,-15308,820,4561,-6965,2
4412,-1339,-14913,10,5635,-7636,2
2326,403,-14107,-1031,6873,-7924,2
-110,2194,-12705,-1862,8224,-8156,2
-2964,1580,-9926,-2313,9451,-7773,2
-4826,106,-6216,-2483,10608,-7134,2
-6662,-471,-2685,-2536,11517,-6604,2
-9668,-1715,967,-3031,11914,-6113,2
-13363,-3186,6237,-3702,11898,-5174,2
-15913,-5273,13174,-3699,11830,-3569,2
-17735,-7843,21561,-2978,11567,-1787,2
-18210,-8786,29961,-2113,10399,-661,2
-17113,-8636,-30067,-1434,7989,-121,2
-8578,-1796,20097,-1716,-1034,-1701,2
-6411,-622,17612,-1741,-1381,-1582,2
-4398,-384,15303,-1279,-1218,-1132,2
-3311,-21,12893,-483,-633,-596,2
-2946,20,11482,152,112,-103,2
-2852,-171,11787,491,799,220,2
-2997,159,13160,635,1178,417,2
-2863,56,14243,704,1149,599,2
-2493,-523,14451,708,842,704,2
-2041,-991,14041,675,445,721,2
-1588,-1176,13297,594,53,654,2
-1282,-951,12557,405,-312,499,2
-1157,-903,11788,311,-545,356,2
-1203,-894,10986,368,-582,254,2
-1525,-381,10515,399,-500,172,2
-1962,76,10558,340,-421,159,2
-2400,323,10792,384,-313,272,2
-2772,396,10926,484,-210,470,2
-5276,-413,13483,215,-436,1701,2
-6769,-2047,15322,145,-691,2486,2
-8578,-2785,17477,174,-1118,3618,2
-10995,-1527,20429,549,-1726,4778,2
-13994,312,24614,1451,-2453,5527,2
-16983,1944,29819,2507,-3440,6293,2
-18414,1318,-30474,3229,-5487,7630,2
-19692,446,-29507,3745,-7992,8668,2
-15256,9026,14777,-1718,-12239,8873,2
-3611,3426,-9836,-7147,-9088,5022,2
-2827,31,-13271,-6907,-8178,4708,2
-1253,-1887,-16413,-6253,-7126,3923,2
-351,-2754,-19623,-5376,-6144,2912,2
539,-2794,-23906,-4311,-5401,2075,2
2117,-2669,-28533,-3100,-4634,1608,2
4213,-2791,-31829,-1762,-3710,1355,2
6013,-2460,-31896,-545,-2550,1071,2
6294,-2075,-28148,279,-1257,1020,2
5302,-2451,-21453,641,-17,1160,2
4677,-2883,-14025,521,1028,1261,2
4523,-3778,-7585,56,1766,1282,2
4387,-5460,-2369,-371,2151,1332,2
7993,-6662,5122,892,288,82,2
7993,-6662,5122,892,288,82,2
7686,-6573,4085,909,152,-28,2
7512,-6323,3033,861,37,-130,2
7650,-6081,2015,766,-20,-214,2
7792,-5984,1146,639,-20,-303,2
7983,-5883,730,506,37,-366,2
8103,-5900,675,416,115,-363,2
7757,-5895,2358,327,120,83,2
7416,-6118,2754,270,111,134,2
7249,-6383,2880,247,52,163,2
7300,-6527,2743,238,-19,141,2
7312,-6530,2528,243,-64,75,2
7330,-6375,2351,272,-86,7,2
7401,-6199,2178,297,-96,-42,2
7495,-5900,1994,315,-97,-74,2
7563,-5706,1928,306,-82,-81,2
7533,-5520,1885,267,-55,-91,2
7471,-5427,1893,213,-20,-90,2
7306,-5470,2109,155,9,-87,2
7192,-5618,2282,119,12,-100,2
7609,-5297,2050,233,27,-55,2
7562,-5450,2178,251,27,-46,2
7587,-5528,2267,256,28,-66,2
7678,-5438,2376,247,36,-85,2
7684,-5383,2592,229,49,-75,2
7698,-5365,2774,217,53,-45,2
7722,-5409,2494,139,75,77,2
7662,-5389,2460,95,95,96,2
7611,-5600,2426,45,106,94,2
7557,-5600,2795,104,176,54,2
7555,-5575,2919,111,148,64,2
7593,-5631,2921,89,121,72,2
7522,-5699,2892,23,111,36,2
7489,-5684,2894,-64,119,0,2
7529,-5666,2759,-136,120,-5,2
7625,-5655,2475,-169,116,6,2
7747,-5591,2253,-163,117,29,2
7811,-5517,2069,-126,128,56,2
7795,-5424,2025,-80,145,82,2
7682,-5363,2193,-35,172,105,2
7543,-5355,2476,-5,181,125,2
7455,-5460,2759,6,165,129,2
7373,-5648,3013,-3,144,95,2
7326,-5701,3181,-23,125,30,2
7393,-5643,3286,-57,109,-19,2
7503,-5558,3350,-92,102,-40,2
7564,-5510,3357,-109,92,-39,2
7579,-5497,3262,-108,64,-29,2
7649,-5500,3082,-91,36,-17,2
7624,-5499,2917,-74,18,-15,2
7524,-5527,2716,-60,6,-27,2
7564,-5470,2448,-37,3,-38,2
7655,-5472,2315,-10,7,-42,2
7679,-5509,2275,18,9,-56,2
7600,-5636,2358,71,6,-84,2
7562,-5697,2428,153,-11,-112,2
7665,-5669,2479,250,-28,-115,2
7825,-5616,2434,333,-31,-109,2
7931,-5553,2432,396,-19,-97,2
7887,-5525,2473,443,-6,-72,2
7708,-5560,2486,483,-8,-50,2
7513,-5558,2200,608,-25,-90,2
7482,-5539,2145,642,-21,-134,2
7482,-5539,2145,642,-21,-134,2
7421,-5463,1951,668,-29,-208,2
7428,-5148,1701,735,-33,-263,2
7658,-5129,1611,791,-2,-279,2
7780,-5075,1358,788,47,-273,2
7727,-4966,1132,778,99,-291,2
7654,-4705,961,768,156,-317,2
7557,-4618,693,741,219,-354,2
7520,-4661,110,717,279,-446,2
7385,-4573,-468,683,329,-547,2
7350,-4846,-1585,641,369,-874,2
7106,-5317,-2824,689,431,-1252,2
7070,-6108,-5266,754,463,-2134,2
8517,-6329,-8260,1170,751,-3991,2
8002,-4008,-11119,1502,1134,-5158,2
8668,-2868,-14223,1768,1587,-5913,2
9367,-3053,-17274,1743,2154,-7091,2
8413,-1744,-18769,1270,3143,-8463,2
4866,-520,-19451,194,4516,-9562,2
-475,-1047,-18905,-1637,6108,-9657,2
-3113,1171,-16318,-3551,8189,-9422,2
-7654,357,-12474,-4089,9942,-9144,2
-11265,-3240,-7714,-4497,11470,-8250,2
-14014,-4793,-1055,-4311,13286,-7054,2
-17109,-3281,6768,-4096,14369,-4438,2
-19287,-6391,14772,-3694,14071,-1799,2
-19374,-10298,24231,-2497,13187,-789,2
-19096,-10758,-32194,-2159,11211,-198,2
-17225,-11438,-27963,-2100,7946,130,2
-14158,-11934,-30611,-1649,4579,-255,2
-13192,-9681,29436,-1863,1771,-1152,2
-12817,-4802,24677,-2297,91,-1809,2
-11040,-1766,21690,-2123,-413,-1730,2
-8687,-1470,19829,-1512,-250,-1074,2
-6614,-1613,18483,-702,205,-362,2
-5373,-895,17358,141,705,278,2
-4345,-256,16193,746,1004,768,2
-2947,-557,15008,890,961,988,2
-1343,-1380,14116,739,710,886,2
-350,-1347,13413,667,484,650,2
92,-1006,12589,602,249,480,2
460,-1262,11877,448,20,385,2
590,-1547,11532,388,-60,288,2
-159,-1606,11594,412,-36,231,2
-159,-1606,11594,412,-36,231,2
-776,-1648,11789,431,-36,246,2
-1539,-1563,11985,461,-41,295,2
-2141,-1533,12366,511,-31,370,2
-2551,-1255,12757,621,-35,469,2
-2740,-973,12950,704,-149,581,2
-2861,-737,12737,781,-330,684,2
-3031,-705,12245,870,-485,781,2
-3032,-1203,11977,779,-664,768,2
-3134,-1890,12235,442,-934,670,2
-3854,-2182,12802,56,-1246,665,2
-11157,1018,23432,2053,-3402,4238,2
-11157,1018,23432,2053,-3402,4238,2
-12809,1630,25302,3272,-4744,5705,2
-13210,859,25871,3714,-6254,6862,2
-12695,160,25132,3030,-7676,6859,2
-12280,-254,23505,1457,-8922,6253,2
-11005,2700,20091,453,-9832,5643,2
-8941,6341,15288,-167,-10372,5146,2
-5913,8540,10484,-1151,-10461,4908,2
-2492,9168,6087,-2426,-10221,4767,2
-826,8215,2716,-3625,-9765,4832,2
-185,6635,-40,-4499,-9225,4953,2
-523,4507,-2105,-5007,-8568,4858,2
-931,2008,-3515,-5291,-7979,4543,2
-496,102,-6334,-5360,-7445,3877,2
46,-502,-9464,-5165,-6764,3067,2
553,-488,-12421,-4727,-6062,2468,2
1422,-617,-16096,-4070,-5452,2192,2
2687,-1107,-20310,-3366,-4743,2150,2
3927,-1895,-23517,-2622,-3884,2170,2
4492,-2858,-25708,-1721,-2989,2089,2
4595,-3834,-26167,-844,-2010,1875,2
4576,-4403,-24428,-132,-975,1599,2
4816,-5541,-4406,687,2008,838,2
4816,-5541,-4406,687,2008,838,2
5101,-5929,-128,739,2209,764,2
5280,-6391,3578,824,2235,710,2
5445,-6578,6028,941,2063,615,2
6069,-6489,7234,1008,1784,498,2
6683,-6524,7792,1021,1483,390,2
7258,-6635,7824,1028,1162,229,2
7808,-6348,7546,978,902,43,2
8214,-5891,7137,841,715,-76,2
8438,-5699,6622,686,570,-181,2
8546,-5330,5858,487,427,-269,2
8807,-4909,4877,260,313,-261,2
9016,-4802,3816,73,233,-180,2
9041,-4975,2869,-28,171,-58,2
8930,-5281,2189,-45,129,30,2
8828,-5243,1649,13,110,95,2
8585,-5220,1415,84,118,210,2
8244,-5789,1717,129,145,315,2
7953,-6150,2096,150,162,298,2
7893,-6080,2275,167,163,259,2
7998,-5998,2446,173,168,260,2
7998,-5998,2446,173,168,260,2
7714,-5984,2880,156,184,286,2
7374,-6179,3197,116,161,289,2
7324,-6050,3061,54,117,259,2
7597,-5804,2587,-22,89,242,2
7923,-5645,2158,-79,101,259,2
7817,-5602,2047,-79,150,305,2
7539,-5700,2112,-39,177,351,2
7219,-5868,1856,55,141,279,2
7219,-5868,1856,55,141,279,2
7101,-5797,1998,76,144,218,2
7077,-5972,2340,123,182,180,2
7065,-5925,2579,187,196,112,2
7161,-5645,2638,241,172,51,2
7381,-5490,2655,270,147,12,2
7500,-5467,2883,251,153,-24,2
7448,-5408,3164,207,178,-35,2
7278,-5452,3356,145,187,-22,2
7251,-5545,3319,75,157,-14,2
7381,-5569,3201,12,128,-18,2
7398,-5607,3234,-26,129,-26,2
7403,-5757,3280,-19,123,-36,2
7393,-5734,3199,7,85,-79,2
7460,-5593,3076,26,41,-110,2
7541,-5516,2992,46,17,-101,2
7468,-5529,3286,56,18,-3,2
7468,-5529,3286,56,18,-3,2
7264,-5582,2796,-53,96,42,2
7264,-5582,2796,-53,96,42,2
7131,-5763,2980,-74,100,56,2
7102,-5984,3094,-84,91,41,2
7168,-5970,3096,-88,71,-6,2
7411,-5794,2895,-83,56,-85,2
7411,-5794,2895,-83,56,-85,2
7462,-5597,2786,-72,56,-103,2
7318,-5780,2989,-88,41,-80,2
7318,-5780,2989,-88,41,-80,2
7528,-5646,3031,-71,55,-83,2
7561,-5581,3107,-39,49,-57,2
7544,-5546,3144,-24,34,-23,2
7562,-5523,3076,-36,35,14,2
7567,-5541,2950,-60,51,56,2
7540,-5545,2789,-70,64,93,2
7029,-6077,2804,-86,30,78,2
7029,-6077,2804,-86,30,78,2
7048,-6117,2851,-101,38,22,2
7124,-6177,2893,-99,42,-15,2
7237,-6140,2964,-77,39,-38,2
7271,-6010,3086,-47,43,-45,2
7267,-5887,3203,-20,40,-30,2
7294,-5792,3203,-9,28,-4,2
7228,-5783,3202,-14,20,14,2
7061,-5922,3183,-39,3,9,2
6942,-6043,3086,-72,-18,-38,2
7012,-5995,2936,-99,-25,-82,2
7138,-5955,2821,-116,-19,-103,2
7211,-5899,2777,-113,-9,-118,2
7248,-5791,2800,-96,0,-106,2
7257,-5825,2953,-75,7,-65,2
7169,-5952,3081,-54,2,-26,2
7006,-6162,3123,-40,-12,-6,2
6948,-6320,3135,-17,-28,-13,2
6844,-6355,3208,13,-41,-44,2
6895,-6263,3179,47,-48,-68,2
7073,-6105,3101,71,-42,-70,2
7356,-5931,2257,-78,0,-143,2
7340,-5983,1984,-71,31,-136,2
7255,-6093,1807,-49,58,-160,2
7144,-6180,1671,-28,72,-222,2
6974,-6253,1598,-17,82,-332,2
6903,-6316,1394,-29,92,-472,2
7077,-6123,1114,-35,132,-584,2
7692,-7415,-1035,276,198,-2743,2
7776,-6596,-2595,452,198,-3910,2
7871,-5002,-5239,623,206,-4428,2
8342,-4721,-8189,1073,424,-4920,2
8558,-4076,-11742,1384,639,-5666,2
8964,-3672,-14559,1407,966,-6552,2
9223,-1766,-16987,1015,1586,-7612,2
9223,-1766,-16987,1015,1586,-7612,2
5972,-334,-18614,224,2524,-8454,2
2958,632,-18985,-1056,4182,-8755,2
2753,2800,-19039,-2538,6210,-9014,2
-851,1156,-18488,-3977,7528,-8290,2
-3408,-424,-16424,-4718,8980,-7314,2
-6706,-2880,-13600,-4932,10624,-6642,2
-8845,-3723,-8754,-5515,12034,-5499,2
-11904,-2777,-2882,-4918,13291,-3319,2
-14769,-6341,1845,-3317,14042,-1275,2
-17600,-12991,7404,-2578,14408,-785,2
-19854,-15372,17573,-3782,14007,-1055,2
-22434,-12352,31618,-5094,12216,-452,2
-22156,-12135,-26310,-4549,9270,333,2
-18756,-14593,-26310,-2930,5378,599,2
-14426,-13287,-31838,-1944,1458,-345,2
-12456,-9034,24865,-2331,-846,-1397,2
-11012,-4241,20477,-2266,-1231,-1650,2
-8747,-3125,18467,-1651,-849,-1209,2
-6572,-3158,16521,-949,-362,-669,2
-5202,-2789,15125,-151,319,-170,2
-4521,-2297,14630,641,1054,253,2
-4302,-1611,14623,1154,1465,548,2
-4046,-1163,14737,1303,1469,736,2
-3568,-1264,14828,1281,1252,869,2
-3098,-1696,14638,1196,924,939,2
-2727,-2371,14257,965,519,890,2
-2500,-3027,14129,666,152,712,2
-2594,-2928,14263,606,-24,540,2
-2930,-2492,14425,677,-157,525,2
-3219,-2178,14438,692,-366,640,2
-3579,-1895,14266,721,-573,881,2
-4011,-1619,13969,830,-681,1270,2
-4828,-1587,13763,1093,-634,1795,2
-5415,-2399,13899,1165,-671,2548,2
-6346,-4189,14751,1196,-848,3152,2
-7472,-3677,16390,1596,-1026,3828,2
-9012,-646,17918,2597,-1296,4810,2
-11607,990,19672,3387,-2088,5920,2
-14559,17,22867,3162,-3799,7275,2
-17615,-2218,27390,2245,-6078,8242,2
-18621,-4069,31449,1123,-7857,7964,2
-18441,-76,30626,585,-8878,6938,2
-19546,6493,25566,61,-10246,5274,2
-16925,12541,19581,-1680,-11680,4136,2
-9391,17012,12015,-3919,-12481,4046,2
-3969,16181,3407,-5657,-12228,4533,2
-615,11196,-1243,-6508,-11116,4296,2
-3313,8656,-1936,-6598,-10246,4149,2
-4179,6453,-5555,-6720,-9724,4173,2
-3575,3355,-8504,-6524,-8974,3798,2
-2420,1874,-10858,-6025,-8135,2955,2
-1717,1719,-12428,-5600,-7285,2092,2
-1666,711,-14066,-5092,-6547,1522,2
-836,-544,-16667,-4294,-6037,1108,2
472,-557,-20253,-3283,-5647,784,2
2086,-89,-24892,-2213,-5176,733,2
3929,107,-29147,-1221,-4331,948,2
5341,-137,-31276,-425,-3062,1237,2
5630,-1247,-30100,79,-1580,1406,2
5169,-2442,-25690,357,-151,1384,2
4597,-3687,-19372,500,1009,1276,2
4416,-4935,-12893,564,1841,1177,2
4367,-6431,-6799,653,2396,1072,2
4215,-7861,-1177,812,2690,895,2
3979,-8757,3703,1070,2707,656,2
4137,-8905,7136,1360,2448,433,2
4880,-8521,8949,1586,2017,232,2
6140,-7927,9452,1643,1555,-2,2
7333,-6721,8770,1522,1153,-219,2
8209,-5583,7842,1361,872,-307,2
8602,-5002,7051,1119,679,-292,2
8797,-4764,6210,833,520,-241,2
8929,-4565,5230,528,371,-204,2
9124,-4500,4170,229,243,-160,2
9232,-4721,3132,-14,148,-135,2
9313,-4751,2164,-125,86,-87,2
9387,-4952,1462,-119,50,33,2
9241,-5351,1171,-79,33,142,2
9007,-5739,1126,4,28,217,2
8822,-5883,1134,96,34,281,2
7739,-6656,2159,119,92,394,2
7552,-6541,2233,53,72,320,2
7726,-6274,2006,-10,62,282,2
7880,-6140,1818,-54,91,261,2
7557,-6294,2027,-47,131,216,2
7298,-6312,2290,6,121,143,2
7410,-6061,2217,112,69,99,2
7679,-5664,1924,232,25,87,2
7858,-5292,1782,338,19,111,2
7761,-5208,1884,393,38,152,2
7529,-5218,2124,388,47,152,2
7283,-5377,2436,341,37,102,2
7204,-5429,2534,252,-3,-23,2
7501,-5099,2372,124,-31,-139,2
7896,-4856,2196,22,-20,-169,2
8098,-4771,2044,-7,-7,-140,2
8150,-4823,1951,2,-9,-85,2
8098,-4855,1873,38,-17,-25,2
7994,-4899,1825,80,-19,41,2
7869,-4953,1824,101,-18,123,2
7764,-5253,1909,97,-19,188,2
7607,-5573,2026,79,-21,168,2
7563,-5643,2142,54,-23,120,2
7563,-5643,2142,54,-23,120,2
7607,-5731,2127,29,-32,103,2
7683,-5851,2056,3,-34,74,2
7749,-5789,2009,2,-19,55,2
7761,-5733,2066,27,-2,74,2
7769,-5764,2156,64,6,112,2
7769,-5710,2220,106,10,155,2
7626,-5642,2280,130,4,190,2
7508,-5694,2317,124,-13,206,2
7478,-5929,2099,-83,-44,-20,2
7478,-5929,2099,-83,-44,-20,2
7691,-5922,1771,-86,-44,-23,2
7733,-5725,1529,-76,-28,-29,2
7776,-5621,1449,-15,5,26,2
7587,-5559,1628,33,35,86,2
7678,-5658,1926,98,13,78,2
7678,-5658,1926,98,13,78,2
7529,-5740,1923,98,4,76,2
7443,-5785,1933,78,-1,57,2
7415,-5827,1934,44,3,15,2
7462,-5800,1941,1,13,-39,2
7612,-5650,1993,-16,29,-71,2
7749,-5602,2116,-4,42,-60,2
7729,-5626,2282,33,41,-45,2
7743,-5570,2411,78,33,-27,2
7464,-5672,2597,119,0,23,2
7464,-5672,2597,119,0,23,2
7217,-5856,2682,86,-34,-6,2
7310,-5903,2637,23,-67,-77,2
7620,-5763,2371,-64,-86,-168,2
7984,-5444,1818,-113,-75,-129,2
7984,-5444,1818,-113,-75,-129,2
7664,-5466,1569,-10,19,58,2
7582,-5557,1687,6,31,88,2
7513,-5686,1811,7,40,90,2
7428,-5808,1980,-5,44,52,2
7436,-5815,2103,-22,44,1,2
7527,-5719,2145,-24,43,-26,2
7593,-5676,2139,-20,39,-36,2
7789,-5432,2102,39,46,51,2
7761,-5457,2031,62,46,81,2
7589,-5587,2128,62,46,76,2
7439,-5691,2270,39,35,30,2
7470,-5662,2309,12,23,-11,2
7628,-5674,2251,-13,10,-29,2
7758,-5536,1862,14,35,51,2
7575,-5661,1986,-9,15,57,2
7435,-5816,1954,-17,15,41,2
7440,-5840,1917,-13,14,15,2
7496,-5778,1875,3,13,-4,2
7571,-5723,1872,22,13,-23,2
7626,-5639,1880,37,19,-57,2
7714,-5502,1946,55,36,-67,2
7750,-5457,2050,75,53,-47,2
7709,-5437,2089,90,57,-25,2
7637,-5440,2056,93,59,-6,2
7551,-5391,1879,89,63,8,2
7471,-5393,1727,105,78,26,2
7410,-5431,1490,124,95,21,2
7398,-5303,1057,144,104,-20,2
7535,-5254,837,190,127,-99,2
8041,-5259,171,192,144,-267,2
8397,-5278,-736,295,177,-490,2
8590,-5332,-1492,461,244,-874,2
9239,-5438,-2592,758,414,-1340,2
9692,-5662,-3600,1357,707,-2005,2
9329,-5089,-4923,1751,937,-2465,2
9474,-4987,-6126,2103,1332,-3046,2
9235,-4286,-7422,2110,1776,-3937,2
6875,-3023,-11680,822,3580,-5328,2
7546,-1464,-12771,114,4890,-6154,2
5983,511,-12894,-552,6370,-7049,2
5983,511,-12894,-552,6370,-7049,2
2655,1290,-11521,-783,7722,-7329,2
-136,1878,-8609,-1193,8725,-7001,2
-2557,1104,-5340,-1805,9639,-6413,2
-4983,-326,-2734,-2051,10518,-5777,2
-7611,-2359,269,-2295,11048,-4972,2
-9416,-3810,4582,-2420,11404,-3562,2
-10696,-3981,10130,-2155,11582,-1896,2
-11700,-4047,17171,-1868,11173,-543,2
-7108,-6913,20498,-397,2253,133,2
-7108,-6913,20498,-397,2253,133,2
-4003,-1982,15289,-325,-191,-812,2
-4003,-1982,15289,-325,-191,-812,2
-3377,-1156,13890,104,-78,-521,2
-2858,-756,12929,316,23,-232,2
-2387,-909,12433,461,164,2,2
-2031,-1013,12450,565,308,148,2
-1787,-1012,12833,520,295,180,2
-1599,-973,13109,445,138,152,2
-1543,-894,12909,453,-56,128,2
-1435,-952,12469,437,-237,71,2
-1608,-996,12231,394,-372,56,2
-1996,-1103,12507,335,-479,152,2
-2408,-1183,13149,306,-587,398,2
-2827,-1525,13902,316,-734,859,2
-3621,-2060,14600,331,-943,1644,2
-4612,-2889,15218,333,-1214,2629,2
-5922,-3403,15930,280,-1673,3701,2
-6766,-3022,17813,460,-2406,4393,2
-6948,-3648,21091,866,-3486,4378,2
-8302,-5293,24455,1385,-4966,3786,2
-10168,-6104,26353,2293,-6764,3276,2
-13095,-4902,26237,3515,-8313,3366,2
-14431,-2504,24822,4194,-9474,4491,2
-12009,4866,18476,4091,-10043,6477,2
-8176,11462,10319,1712,-10697,7350,2
-3762,11741,4066,-2229,-10892,6688,2
5300,8533,-1406,-4802,-10040,4632,2
3914,7101,1039,-4919,-8718,3581,2
2456,6935,-774,-4985,-8130,3876,2
3759,3984,-4587,-5001,-7306,4053,2
4923,1228,-4837,-4821,-6362,3983,2
5458,293,-5481,-4422,-5560,3393,2
5051,407,-6255,-4020,-4889,2903,2
4629,-1023,-7096,-3726,-4378,2673,2
5043,-2996,-9094,-2674,-3565,1808,2
5097,-2998,-10260,-2221,-3231,1596,2
5170,-3730,-11443,-1806,-2881,1568,2
5193,-4761,-12401,-1416,-2486,1569,2
5183,-5782,-13185,-1120,-2048,1450,2
5466,-6445,-13648,-887,-1524,1198,2
6051,-6462,-13407,-689,-900,957,2
6477,-6487,-12121,-429,-278,790,2
6592,-7024,-10182,-169,232,613,2
6717,-7108,-7886,88,645,387,2
6815,-6851,-5226,358,991,215,2
6839,-6840,-2519,609,1253,126,2
6866,-6972,-75,802,1389,23,2
6830,-6341,5370,1294,1198,-124,2
7015,-6210,6126,1262,950,-323,2
7430,-5039,6216,1172,723,-495,2
8184,-4063,5839,1033,524,-493,2
8490,-3536,5417,794,356,-404,2
8341,-3621,5001,491,210,-314,2
8336,-3749,4151,185,71,-251,2
8560,-3579,3014,-68,-19,-164,2
8831,-3529,1772,-218,-61,-37,2
8961,-3553,741,-295,-53,118,2
9099,-3605,-101,-335,-9,286,2
9045,-3817,-482,-341,88,463,2
8384,-4379,-231,-295,217,646,2
7732,-5342,308,-191,302,790,2
7228,-6147,872,-72,322,801,2
6930,-6657,1455,27,322,707,2
6860,-7053,2075,96,341,586,2
7277,-5695,2840,289,253,119,2
7966,-5257,3252,113,126,-124,2
8029,-5106,3112,113,96,-69,2
8050,-5018,2904,118,78,17,2
7960,-5032,2778,118,70,112,2
7697,-5273,2809,104,62,176,2
7360,-5699,2921,69,25,164,2
7195,-6038,2917,14,-23,68,2
7343,-6124,2795,-61,-61,-60,2
7343,-6124,2795,-61,-61,-60,2
7547,-5833,2613,-80,-63,-118,2
7696,-5649,2432,-44,-46,-89,2
7767,-5643,2355,-18,-28,-31,2
7641,-5490,2353,27,4,-80,2
7641,-5490,2353,27,4,-80,2
7795,-5314,2274,87,16,-5,2
7868,-5260,2218,103,37,58,2
7805,-5247,2166,104,73,118,2
7619,-5433,2220,105,99,166,2
7336,-5723,2329,99,94,145,2
7121,-5873,2458,86,83,77,2
7179,-5900,2541,73,76,10,2
7389,-5819,2508,66,69,-45,2
7631,-5687,2536,70,79,-69,2
7711,-5625,2637,82,99,-66,2
7713,-5576,2795,95,108,-46,2
7656,-5482,2996,131,113,22,2
7479,-5577,3166,163,104,100,2
7309,-5748,3228,150,69,129,2
7221,-5922,3219,119,35,107,2
7203,-5870,3068,71,5,39,2
7397,-5728,2795,-27,7,-56,2
7577,-5527,2438,12,37,63,2
7464,-5638,2494,25,53,70,2
7585,-5589,2992,-9,22,58,2
7369,-5735,2934,-31,14,46,2
7290,-5788,2881,-50,0,24,2
7309,-5862,2821,-67,-13,-4,2
7377,-5892,2715,-70,-29,-47,2
7501,-5790,2612,-60,-29,-81,2
7571,-5657,2594,-34,-18,-85,2
7531,-5584,2725,-5,-12,-71,2
7547,-5543,2827,4,-19,-64,2
7607,-5333,2803,15,-18,-22,2
7462,-5830,2513,-70,-22,-52,2
7496,-5785,2633,-35,-17,-72,2
7509,-5639,2735,-6,-18,-85,2
7581,-5476,2760,1,-15,-70,2
7553,-5377,2749,-4,-7,-43,2
7380,-5414,2891,-24,-11,-21,2
7284,-5487,2946,-38,-31,0,2
7277,-5457,2862,-44,-53,7,2
7332,-5139,-438,-205,227,-193,2
7428,-4653,-1545,-240,315,-361,2
7332,-4133,-3176,-240,411,-608,2
7348,-4363,-5105,-196,474,-996,2
7476,-5196,-8701,-108,537,-1656,2
9696,-6296,-12950,447,830,-3221,2
10161,-5115,-16263,1254,1523,-4737,2
9440,-3828,-18077,1825,2646,-5566,2
8748,-2668,-18505,1764,3917,-6149,2
5442,-3011,-18115,1022,5144,-6943,2
1845,-2310,-15575,-190,6630,-7531,2
322,900,-11602,-1691,8506,-8659,2
-4476,307,-7320,-3024,9442,-9116,2
-7358,-1659,-1990,-4034,10282,-8403,2
-9192,-3000,3070,-4244,11408,-7082,2
-10831,-4503,6354,-4275,11975,-5313,2
-12322,-6193,9953,-4305,11799,-2956,2
-13451,-7222,15370,-3854,11244,-694,2
-13464,-8751,21489,-2527,10667,674,2
-12356,-10673,27124,-1159,9626,1417,2
-11066,-10175,29843,-52,7679,1962,2
-9695,-8502,28184,541,5357,1890,2
-7850,-7783,23708,447,3273,1283,2
-6414,-7039,19835,72,1971,648,2
-6414,-7039,19835,72,1971,648,2
-5812,-5138,17989,-272,1400,55,2
-5180,-3639,17334,-648,1025,-363,2
-1942,-1945,14345,117,586,162,2
-1642,-1504,13654,297,610,414,2
-1248,-1880,13526,451,654,625,2
-861,-2235,13618,679,700,739,2
-720,-2326,13510,883,662,812,2
-646,-2776,13240,898,515,796,2
-769,-3049,13241,729,328,651,2
-1115,-2964,13606,527,144,451,2
-1440,-2563,14069,391,-65,276,2
-1749,-2175,14216,397,-305,202,2
-1994,-2026,14091,474,-540,263,2
-2260,-1810,13951,576,-727,472,2
-2473,-1784,13937,717,-893,803,2
-2747,-1784,13901,904,-1050,1237,2
-3032,-1605,13652,1100,-1205,1823,2
-3465,-1320,13261,1286,-1375,2521,2
-3992,-288,13312,1433,-1610,3335,2
-4751,1082,13981,1800,-1860,4298,2
-6555,1533,15416,2348,-2127,5311,2
-8042,1460,17838,2534,-2752,6449,2
-8588,280,20388,2362,-4067,7356,2
-8786,-2393,22744,1595,-6061,7460,2
-10164,-4889,24070,608,-8021,6853,2
-9657,-2451,21400,108,-8844,5929,2
-6930,3780,16473,-202,-8821,5155,2
-4901,7279,12857,-1362,-8704,4788,2
-2460,8633,10131,-3054,-8755,4406,2
270,8000,5867,-4353,-8647,3916,2
2411,5721,2528,-4923,-7967,3366,2
2827,4157,2546,-4893,-7300,3276,2
3950,3134,27,-5109,-6922,3383,2
4855,1889,-2346,-5100,-6266,3160,2
4879,828,-3703,-4800,-5569,2852,2
4837,-452,-4960,-4423,-4958,2513,2
4393,-1511,-6092,-4110,-4436,2204,2
4162,-2618,-7411,-3757,-4003,1920,2
4286,-3560,-8737,-3270,-3607,1677,2
4843,-4154,-9787,-2682,-3219,1475,2
5263,-4357,-10594,-2053,-2848,1326,2
5372,-4513,-11154,-1502,-2461,1307,2
4993,-5051,-11244,-1056,-2051,1384,2
4641,-6032,-11124,-715,-1633,1454,2
4601,-6648,-10938,-432,-1193,1417,2
4733,-7282,-10361,-185,-713,1304,2
4989,-7931,-9396,13,-240,1099,2
5378,-8183,-7935,216,193,792,2
5694,-7964,-6098,414,572,444,2
6004,-7531,-4154,622,875,146,2
6344,-7087,-2336,830,1100,-31,2
6494,-6720,-399,1038,1275,-88,2
6320,-6614,1580,1224,1364,-90,2
6012,-6599,3403,1378,1334,-94,2
5973,-6577,4746,1494,1212,-112,2
6137,-6529,5711,1544,1040,-165,2
6543,-6171,6231,1460,848,-279,2
7034,-5504,6381,1312,691,-346,2
7527,-5135,6470,1112,577,-339,2
7777,-4899,6480,858,494,-293,2
7943,-4685,6223,594,392,-204,2
8039,-4586,5713,343,270,-72,2
7972,-4778,5037,115,151,70,2
7960,-4990,4231,-68,64,184,2
8005,-5067,3325,-185,13,282,2
8041,-5180,2572,-223,-1,403,2
7594,-5719,2405,-233,11,497,2
7030,-6445,2474,-228,1,484,2
6723,-6706,2478,-197,-20,411,2
6732,-6847,2377,-160,-17,354,2
6780,-7093,2384,-126,8,276,2
6847,-7089,2415,-77,50,188,2
6870,-6899,2559,-15,100,125,2
6811,-6721,2800,44,140,92,2
6760,-6554,2919,96,148,93,2
6973,-5924,2662,145,154,82,2
6973,-5924,2662,145,154,82,2
6890,-5967,2760,169,163,71,2
6774,-5909,2930,205,154,29,2
6660,-5948,3319,226,143,0,2
6675,-5959,3571,223,110,-38,2
6840,-5804,3583,189,74,-67,2
7116,-5615,3383,134,55,-65,2
7251,-5534,3237,79,62,-36,2
7219,-5723,3270,36,82,-3,2
7100,-5862,3322,18,84,4,2
7164,-5892,3272,19,74,17,2
7230,-5867,3177,40,77,52,2
7107,-5977,3274,55,84,86,2
6903,-5962,3409,68,82,132,2
6864,-6198,3599,83,78,174,2
6780,-6272,3657,69,62,162,2
6721,-6267,3743,46,48,142,2
6701,-6298,3796,20,23,137,2
6730,-6409,3675,-2,-13,127,2
6821,-6357,3427,-19,-35,103,2
6985,-6258,3166,-30,-27,106,2
7016,-6232,3021,-21,-3,131,2
6925,-6256,2950,0,13,153,2
6889,-6263,2916,22,19,159,2
6889,-6263,2916,22,19,159,2
6829,-6264,3025,39,30,152,2
6690,-6300,3262,45,43,133,2
6590,-6396,3488,37,42,109,2
6539,-6421,3605,16,25,63,2
6688,-6298,3526,-3,0,23,2
6830,-6173,3391,-13,-8,14,2
6841,-6123,3278,-18,-7,22,2
6815,-6164,3201,-22,-11,25,2
6845,-6148,3108,-26,-11,23,2
6854,-6142,3008,-18,-3,32,2
6842,-6137,2943,-4,8,50,2
6821,-6138,2930,10,22,66,2
6761,-6137,2966,24,37,72,2
6578,-6239,3239,19,19,12,2
6578,-6239,3239,19,19,12,2
6800,-6131,3165,11,19,-5,2
6939,-6079,3113,15,30,2,2
6948,-6111,3140,27,44,26,2
6937,-6152,3155,46,54,59,2
6793,-6227,3211,64,60,77,2
6575,-6366,3441,68,57,64,2
6727,-6244,3402,-1,-10,-53,2
6727,-6244,3402,-1,-10,-53,2
6787,-6336,3305,-27,-20,-90,2
6463,-6387,3316,7,10,10,2
6463,-6387,3316,7,10,10,2
6573,-6401,3299,-4,5,-20,2
6703,-6332,3249,2,7,-31,2
6797,-6234,3253,26,16,-19,2
6833,-6143,3308,53,21,6,2
6830,-6114,3329,68,22,35,2
6805,-6116,3330,66,28,59,2
6622,-6239,3439,51,35,65,2
6393,-6439,3609,24,17,41,2
6377,-6525,3630,2,-12,-13,2
6566,-6459,3507,-11,-36,-64,2
6761,-6373,3354,-14,-44,-97,2
6899,-6221,3287,-9,-35,-101,2
6931,-6149,3252,2,-21,-70,2
6883,-6108,3232,15,-12,-28,2
6845,-6073,3196,19,-3,10,2
6686,-6173,3211,7,6,40,2
6575,-6336,3219,-11,8,40,2
6484,-6432,3262,-21,6,11,2
6480,-6554,3238,-20,-7,-36,2
6608,-6447,3113,-2,-20,-83,2
6711,-6355,2982,17,-20,-110,2
6772,-6278,2880,38,-6,-134,2
6816,-6135,2736,50,13,-156,2
6852,-6035,2609,66,36,-162,2
6840,-6074,2539,83,58,-172,2
6756,-6130,2452,81,71,-216,2
6660,-6174,2540,102,92,-247,2
6641,-6447,2613,106,98,-328,2
6639,-6389,2528,98,93,-442,2
6730,-6359,2335,79,93,-596,2
6826,-5992,2018,90,98,-752,2
6865,-5868,1681,140,111,-918,2
7640,-6304,775,275,155,-1331,2
7825,-5725,-508,472,173,-1964,2
8108,-5763,-2227,676,166,-2645,2
8739,-6029,-4162,1033,357,-3329,2
8814,-5512,-6500,1424,705,-4148,2
9099,-4550,-8775,1678,1207,-4786,2
9386,-4197,-10594,1467,1779,-5624,2
8603,-3944,-12206,1023,2556,-6609,2
6341,-2913,-13211,45,3605,-7123,2
6979,723,-12935,-1536,5272,-8433,2
3754,1883,-11693,-3072,6419,-9539,2
2,1140,-9817,-4148,7208,-8988,2
-2644,772,-6742,-4105,8557,-7821,2
-5323,-162,-1835,-3420,10006,-6320,2
-6715,-1698,2590,-3082,10945,-3962,2
-8285,-2912,6070,-2517,10992,-1234,2
-8994,-5235,10714,-2286,10404,379,2
-9234,-7537,15597,-2292,9671,1025,2
-8850,-7291,19640,-1834,8771,1164,2
-8268,-7103,22097,-1430,7492,1229,2
-7567,-7668,23143,-1286,5807,1159,2
-6946,-7618,23016,-1388,4156,955,2
-6499,-7184,21659,-1119,2919,694,2
-5885,-6590,19939,-809,2105,330,2
-5203,-5942,18756,-859,1459,-67,2
-4728,-4897,17940,-1014,939,-344,2
-4224,-3872,17095,-922,626,-445,2
-3550,-3351,16249,-637,498,-359,2
-2864,-3053,15349,-230,510,-158,2
-2406,-2558,14492,162,588,42,2
-2005,-2081,13944,401,658,230,2
-1622,-1977,13701,535,685,408,2
-1304,-2250,13576,638,667,514,2
-982,-2639,13473,641,559,539,2
-706,-3067,13478,551,378,485,2
-488,-3369,13484,499,196,376,2
-488,-3369,13484,499,196,376,2
-361,-3480,13383,512,12,242,2
-500,-3113,13087,466,-223,78,2
-679,-2758,12635,356,-480,-55,2
-806,-2425,12136,294,-656,-86,2
-950,-2105,11831,281,-732,-36,2
-1116,-2063,11740,271,-777,79,2
-1351,-1996,12053,312,-785,281,2
-1703,-2243,12698,412,-793,655,2
-2099,-3089,13411,576,-868,1219,2
-2622,-3969,13904,705,-1026,1964,2
-3595,-4394,14388,769,-1314,2791,2
-4601,-3723,15516,1092,-1728,3544,2
-5473,-2312,17170,2157,-2145,4102,2
-7484,-1351,19473,3476,-2566,4701,2
-9152,-1128,22421,4430,-3350,5729,2
-9750,-1535,23813,4904,-4879,6846,2
-11140,-1347,22641,4255,-6842,7675,2
-11174,189,19248,2463,-8291,7980,2
-1164,7796,6589,-4363,-9494,4440,2
-1164,7796,6589,-4363,-9494,4440,2
3658,8402,2579,-4952,-8785,3797,2
5962,7138,-1964,-5250,-7595,3918,2
5803,4229,-1737,-5385,-6422,3845,2
4334,1656,-2059,-5542,-5869,4138,2
4840,-1879,-4004,-4946,-5308,4066,2
5474,-3571,-4303,-3824,-4607,3379,2
5715,-3336,-4525,-3077,-4045,2559,2
5384,-3146,-4747,-2697,-3555,2015,2
4928,-3742,-4838,-2397,-3108,1754,2
5002,-4734,-5126,-2150,-2743,1553,2
5443,-5135,-5510,-1909,-2440,1325,2
6284,-7662,-4352,-250,257,62,2
6284,-7662,-4352,-250,257,62,2
6410,-7466,-3107,55,486,-71,2
6402,-7405,-1691,358,672,-158,2
6405,-7143,-305,625,789,-246,2
6381,-6902,928,825,839,-306,2
6421,-6267,2060,1012,861,-304,2
6669,-6018,3003,1150,865,-252,2
6585,-5995,3975,1141,826,-263,2
6648,-5845,4665,1052,736,-351,2
6992,-5490,5031,961,649,-394,2
7246,-5265,5250,844,573,-393,2
7478,-5103,5199,688,479,-381,2
7690,-4662,4898,580,401,-295,2
7836,-4574,4579,491,344,-144,2
7343,-5314,4246,245,228,52,2
7343,-5314,4246,245,228,52,2
7288,-5473,3932,166,196,79,2
7337,-5606,3717,135,194,120,2
7121,-5748,3779,138,199,180,2
6835,-6141,3949,142,180,212,2
6741,-6201,3905,129,145,181,2
6918,-6147,3759,95,147,157,2
6393,-6583,4019,90,110,110,2
6393,-6583,4019,90,110,110,2
6671,-6392,3841,113,90,64,2
6873,-6144,3719,135,106,38,2
6897,-5915,3762,155,122,44,2
6869,-5796,3832,161,122,78,2
6726,-5869,3885,150,107,103,2
6601,-5928,3809,112,85,89,2
6550,-5954,3767,59,78,72,2
6585,-6112,3745,9,83,50,2
6614,-6190,3640,-23,88,3,2
6700,-6091,3517,-31,98,-31,2
6850,-5995,3451,-7,116,-32,2
6890,-5831,3434,30,134,-12,2
6846,-5739,3475,70,153,30,2
6721,-5765,3603,95,165,76,2
6519,-5954,3811,92,166,93,2
6405,-6124,3927,74,150,61,2
6407,-6080,4031,49,143,11,2
6450,-6065,4096,14,145,-23,2
6517,-6018,4084,-26,140,-56,2
6598,-5941,4002,-61,133,-68,2
6620,-6047,3923,-76,128,-66,2
6610,-6124,3884,-74,123,-88,2
6644,-6043,3824,-54,123,-100,2
6775,-5936,3747,-18,129,-87,2
6867,-5865,3690,17,142,-67,2
6857,-5765,3702,37,160,-47,2
6840,-5724,3745,39,172,-28,2
6654,-5716,3854,27,176,-8,2
6377,-6044,4065,-8,161,-18,2
6307,-6292,4060,-52,120,-109,2
6560,-6135,3924,-75,110,-188,2
7090,-5699,3644,-11,151,-182,2
7131,-5645,3590,12,169,-152,2
7099,-5583,3636,26,199,-125,2
7012,-5564,3701,28,226,-92,2
6991,-5561,3701,33,244,-47,2
6991,-5561,3701,33,244,-47,2
6725,-5856,3820,-52,271,-59,2
6725,-5856,3820,-52,271,-59,2
6690,-5874,3964,-44,286,-75,2
6711,-5889,4130,-14,296,-70,2
6741,-5974,4297,23,295,-64,2
6761,-5833,4400,43,280,-75,2
6846,-5637,4450,111,282,-22,2
6815,-5783,4523,127,287,24,2
6579,-5875,4628,101,280,-11,2
6501,-5803,4703,77,256,-78,2
6524,-5705,4739,43,226,-142,2
6630,-5546,4691,11,201,-186,2
6826,-5359,4635,-11,183,-200,2
6952,-5243,4544,-25,170,-184,2
7006,-5309,4507,-42,160,-171,2
6984,-5180,4516,-22,152,-130,2
7008,-5270,4535,10,153,-77,2
6969,-5306,4521,17,149,-54,2
6955,-5281,4479,18,136,-40,2
6936,-5245,4447,4,125,-35,2
6871,-5299,4438,-13,114,-31,2
6820,-5452,4413,-37,89,-48,2
6818,-5409,4398,-47,72,-81,2
6882,-5413,4446,-42,69,-78,2
6927,-5425,4503,-28,55,-64,2
6955,-5466,4450,-15,34,-58,2
7022,-5424,4307,-12,23,-55,2
7093,-5373,4179,-9,29,-49,2
7066,-5324,4195,-2,42,-36,2
6979,-5346,4320,5,43,-16,2
6903,-5466,4406,8,29,-3,2
6788,-5591,4498,-5,10,-17,2
6784,-5628,4492,-26,-2,-42,2
6841,-5624,4389,-37,-6,-60,2
6925,-5584,4309,-29,-12,-67,2
6949,-5549,4297,-3,-14,-68,2
6902,-5540,4350,25,-15,-70,2
6876,-5439,4380,47,-25,-84,2
6914,-5322,4364,56,-30,-74,2
6944,-5275,4325,53,-29,-51,2
6902,-5250,4304,44,-28,-27,2
6931,-5275,4270,39,-22,-2,2
6820,-5354,4326,36,-18,3,2
6700,-5412,4428,33,-25,-17,2
6730,-5385,4494,35,-29,-26,2
6816,-5332,4538,34,-33,-22,2
6870,-5317,4571,31,-36,-14,2
6847,-5353,4604,31,-43,-2,2
6836,-5366,4587,35,-53,12,2
6866,-5397,4544,43,-56,28,2
6854,-5409,4527,58,-56,38,2
6823,-5378,4483,62,-61,46,2
6799,-5348,4375,64,-73,49,2
6702,-5250,3811,86,-44,76,2
6702,-5462,3572,71,-45,47,2
6629,-5278,3180,60,-37,-16,2
6721,-5177,2802,94,-3,-41,2
6793,-5274,2330,137,5,-104,2
6750,-5415,1282,166,-26,-265,2
6714,-5549,-391,273,-94,-460,2
9499,-7034,-11204,1557,279,-4694,2
9314,-5317,-11941,1365,1089,-5967,2
8481,-4375,-12469,703,2024,-7131,2
5891,-4768,-13958,-428,3022,-8032,2
3343,-4957,-14526,-1580,4451,-9087,2
4126,130,-13214,-2740,6843,-10859,2
-1218,1629,-11657,-4030,8093,-10551,2
-3927,-128,-9117,-4389,8770,-9101,2
-5729,-586,-5771,-2725,10061,-7328,2
-7993,-796,-1236,-1719,11328,-5495,2
-10635,-3031,2682,-1939,12321,-3557,2
-14121,-6250,7577,-2638,12543,-1864,2
-16650,-8194,15711,-3359,12404,-818,2
-18389,-7589,26010,-3442,11676,-154,2
-18246,-7447,-29330,-2924,9509,465,2
-16190,-9390,-26310,-1903,6151,1072,2
-13637,-10409,-30009,-588,2485,1029,2
-11011,-9583,26577,-413,-179,301,2
-9294,-6062,20674,-849,-1240,-341,2
-8567,-2232,18688,-989,-1202,-596,2
-7168,-1260,18003,-827,-924,-390,2
-4929,-2181,17032,-488,-748,15,2
-2952,-2942,16121,20,-527,350,2
-2005,-2796,15658,651,-231,680,2
-1836,-2154,15486,1171,-38,1093,2
-2063,-1783,15343,1372,-68,1718,2
-2657,-1504,15499,1334,-233,2727,2
-3531,-2462,16433,1068,-582,4036,2
-5230,-3039,17872,819,-1222,5507,2
-7478,-2563,20150,1010,-2221,6919,2
-8704,-2672,23080,1740,-3443,8082,2
-9627,-3389,25919,2429,-4848,8966,2
-9547,-3745,26904,2505,-6469,9498,2
-10846,-3222,25191,1445,-7841,9421,2
-12446,-2206,22897,-480,-8885,8389,2
-12172,23,20192,-2464,-9413,7569,2
-12172,23,20192,-2464,-9413,7569,2
-9809,4957,15581,-4088,-9574,6540,2
-2382,7131,6776,-5376,-9264,4287,2
5905,6931,3969,-5967,-8036,1559,2
3020,8740,3499,-6804,-7719,1629,2
4606,6674,-2825,-7165,-7104,2521,2
5329,2079,-3680,-6524,-5906,3044,2
5063,-289,-4437,-5742,-4976,3015,2
4829,-824,-5367,-4941,-4365,2653,2
3345,-1865,-5340,-4182,-3911,2332,2
2146,-3763,-5454,-3394,-3620,2056,2
2389,-4756,-5959,-2502,-3441,1671,2
3213,-4715,-6579,-1663,-3292,1228,2
3714,-4471,-6992,-973,-3114,911,2
3950,-4345,-7158,-463,-2914,769,2
4255,-4325,-7227,-194,-2667,736,2
4219,-4741,-7089,-224,-2342,718,2
4077,-5241,-7206,-515,-1972,658,2
4174,-5735,-7707,-896,-1551,580,2
4416,-6162,-8146,-1213,-1066,497,2
4813,-6723,-8389,-1346,-591,426,2
5203,-7090,-8429,-1245,-192,403,2
5620,-7292,-7895,-920,127,437,2
5998,-7591,-6870,-406,363,501,2
6039,-7761,-5345,177,534,536,2
5700,-7989,-3034,706,683,507,2
5260,-8263,-513,1098,775,393,2
4915,-8406,1804,1315,785,182,2
4869,-8115,3665,1349,741,-60,2
5215,-7837,5010,1242,678,-241,2
5766,-7492,5631,1022,609,-374,2
6317,-6985,5615,751,542,-439,2
6845,-6512,5147,492,467,-413,2
7322,-6217,4333,287,390,-303,2
7575,-6059,3492,158,340,-160,2
7398,-6105,2959,125,325,-20,2
7035,-6317,2627,160,292,80,2
6769,-6451,2464,222,240,121,2
6705,-6548,2412,294,194,134,2
6601,-6660,2515,341,161,126,2
6483,-6854,2776,336,144,92,2
6501,-6925,3056,279,152,54,2
6464,-6988,3286,186,169,46,2
6397,-6994,3326,93,173,60,2
6465,-7030,3171,16,169,116,2
6573,-7121,2932,-41,172,170,2
6636,-7161,2633,-59,180,197,2
6477,-7131,2487,-31,189,210,2
6166,-7143,2561,18,182,204,2
6034,-7248,2494,61,146,153,2
5980,-7246,2434,104,112,56,2
6079,-7127,2539,135,109,-49,2
6247,-6914,2667,151,129,-121,2
6448,-6720,2778,162,149,-129,2
6565,-6603,2910,178,165,-92,2
6645,-6487,2985,197,170,-46,2
6657,-6360,3037,209,179,8,2
6482,-6334,3166,215,189,69,2
6186,-6471,3384,195,167,104,2
6088,-6541,3369,153,118,104,2
6082,-6646,3239,109,87,93,2
6580,-6525,2925,70,137,38,2
6654,-6429,2895,107,142,78,2
6593,-6403,2962,147,158,137,2
6353,-6454,3123,172,158,185,2
5864,-6829,3416,161,85,194,2
5927,-6950,3281,123,52,137,2
6086,-6958,3180,82,64,71,2
6140,-6966,3255,46,95,20,2
6174,-6966,3369,30,110,-5,2
6245,-6980,3442,31,101,-9,2
6293,-6980,3454,32,88,0,2
6325,-6939,3429,49,86,15,2
6308,-6889,3459,69,85,29,2
6264,-6839,3482,80,74,32,2
6178,-6836,3551,84,53,22,2
6123,-6802,3560,72,26,-6,2
6180,-6802,3487,45,1,-43,2
6363,-6729,3355,17,-6,-78,2
6532,-6696,3257,-3,2,-79,2
6372,-6648,3326,26,0,-36,2
6437,-6596,3283,11,-6,-48,2
6478,-6611,3226,-5,-7,-52,2
6420,-6616,3215,-24,-6,-71,2
6445,-6598,3173,-31,-5,-79,2
6496,-6605,3119,-29,0,-75,2
6548,-6566,3081,-11,-1,-73,2
6565,-6505,3059,6,-6,-63,2
6411,-6520,3179,21,2,-22,2
6413,-6537,3149,6,8,-27,2
6392,-6556,3100,-1,15,-30,2
6415,-6646,3057,-9,18,-43,2
6447,-6664,3061,-5,25,-68,2
6506,-6715,3092,2,29,-87,2
6506,-6715,3092,2,29,-87,2
6538,-6691,3057,-1,17,-121,2
6472,-6597,3162,30,27,-122,2
6448,-6624,3314,70,29,-104,2
6504,-6561,3322,100,14,-94,2
6585,-6490,3243,116,6,-76,2
6512,-6599,3280,109,3,-80,2
6475,-6338,3378,36,-39,-239,2
6475,-6338,3378,36,-39,-239,2
6536,-6514,3432,30,-34,-182,2
6517,-6448,3407,22,-31,-150,2
6433,-6551,3481,75,-15,-35,2
6433,-6551,3481,75,-15,-35,2
6390,-6494,3535,85,-23,-24,2
6405,-6483,3507,85,-37,-12,2
6438,-6465,3434,70,-47,-2,2
6446,-6438,3372,50,-44,7,2
6444,-6532,3373,27,-32,17,2
6444,-6578,3361,16,-25,13,2
6457,-6603,3338,21,-21,9,2
6453,-6647,3401,36,-27,0,2
6453,-6581,3432,49,-41,-22,2
6444,-6511,3460,61,-50,-36,2
6480,-6469,3530,71,-59,-45,2
6523,-6366,3544,75,-70,-51,2
6607,-6290,3494,76,-80,-36,2
6642,-6247,3416,76,-82,-13,2
6632,-6209,3343,61,-79,8,2
6295,-6536,2824,-12,-41,44,2
6311,-6660,2704,0,-37,13,2
6684,-6347,2413,176,16,-24,2
6645,-6241,2354,231,37,1,2
6506,-6231,2365,268,63,27,2
6414,-6300,2275,293,88,36,2
6362,-6257,2124,307,121,28,2
6257,-6245,1975,314,158,23,2
6267,-6267,1623,318,191,14,2
6629,-5707,-1875,781,362,-269,2
6982,-5904,-3091,1221,400,-435,2
7046,-6648,-4301,1700,474,-658,2
6927,-7618,-6074,2141,629,-1371,2
8272,-8672,-7403,2724,1099,-3152,2
8275,-7382,-8615,3064,1750,-4769,2
7937,-6702,-8883,3370,2850,-6241,2
7271,-4346,-8596,3357,3865,-7407,2
6288,-2223,-8389,2461,4581,-8888,2
4189,-2220,-8402,1149,5500,-10419,2
-39,-566,-6871,-580,6617,-10985,2
-2165,3855,-4448,-2583,8278,-11823,2
-6574,3135,-973,-3432,9094,-11133,2
-7370,1075,1551,-3516,9881,-8735,2
-7545,-1513,3571,-3437,10403,-6200,2
-8180,-4186,7371,-3244,10385,-3702,2
-8751,-5540,12568,-2649,10134,-1673,2
-9810,-5294,17445,-1807,9644,-537,2
-7798,-7065,24708,-865,4599,1075,2
-6215,-7885,21622,13,3242,949,2
-5399,-7333,18432,103,2216,413,2
-5573,-5650,17043,-498,1491,-196,2
-5852,-4405,17108,-998,1039,-630,2
-5727,-3178,17308,-1094,766,-830,2
-5269,-2646,17084,-1062,459,-753,2
-4308,-2940,16530,-782,282,-556,2
-3859,-2643,15614,-223,323,-273,2
-3685,-1880,14848,203,406,3,2
-3367,-1500,14462,401,422,230,2
-2927,-1738,14370,529,380,396,2
-1574,-2102,12982,477,-482,240,2
-1521,-2026,12574,369,-655,147,2
-1497,-1917,12399,260,-786,87,2
-1468,-1728,12368,286,-859,91,2
-1556,-1516,12277,462,-884,184,2
-1723,-1520,12314,639,-911,412,2
-1917,-1458,12465,849,-941,779,2
-2134,-1174,12304,1166,-960,1227,2
-2190,-1176,11887,1352,-1059,1601,2
-2457,-1057,11698,1169,-1255,1642,2
-2789,-578,11967,672,-1524,1758,2
-3168,-211,12572,298,-1780,2053,2
-3512,-435,13399,284,-2029,2368,2
-3682,-1610,14291,318,-2466,2756,2
-3883,-1375,15393,432,-3105,3397,2
-4583,-146,16479,1164,-3758,4410,2
-5524,201,17431,2257,-4367,5585,2
-6156,645,17955,3103,-4978,6886,2
-7066,258,18395,3066,-5719,7873,2
-7860,-313,18805,2052,-6645,8416,2
-7411,561,17551,510,-7373,8559,2
-7411,561,17551,510,-7373,8559,2
-6445,2264,14211,-1565,-7697,8037,2
4865,4418,3975,-5559,-6833,1111,2
4865,4418,3975,-5559,-6833,1111,2
4970,6234,-265,-6054,-6564,1663,2
7023,3786,-4438,-5935,-5692,2553,2
8081,423,-5524,-5517,-4523,3248,2
7869,-1909,-5980,-4860,-3533,3242,2
6663,-3380,-5680,-4066,-2890,2886,2
5341,-4552,-5322,-3302,-2565,2440,2
4911,-5333,-5576,-2551,-2419,1984,2
5415,-5474,-6064,-1772,-2323,1567,2
5724,-5393,-6286,-1156,-2168,1311,2
5788,-5537,-6138,-713,-1922,1185,2
5599,-5791,-5741,-467,-1652,1066,2
5709,-6941,-4705,-704,-517,770,2
5709,-6941,-4705,-704,-517,770,2
5582,-7409,-4496,-731,-299,657,2
5460,-7695,-4124,-676,-109,489,2
5539,-7916,-3580,-521,71,317,2
5734,-7964,-2808,-292,233,163,2
5973,-7895,-1764,-10,370,45,2
6069,-7831,-328,283,499,-20,2
5983,-7741,1181,537,587,-76,2
5855,-7573,2621,736,598,-124,2
5809,-7430,3756,824,536,-191,2
6025,-7089,4370,805,434,-295,2
6384,-6565,4546,706,352,-376,2
6749,-6095,4415,566,292,-405,2
7069,-5760,4124,418,238,-388,2
7246,-5585,3776,290,192,-354,2
7345,-5497,3385,192,150,-322,2
7405,-5446,3021,128,123,-281,2
7497,-5461,2762,119,114,-214,2
7514,-5450,2701,155,120,-118,2
7219,-5663,2905,212,127,2,2
7004,-5899,3134,249,104,67,2
7009,-5843,3156,240,75,100,2
7036,-5873,3102,184,68,144,2
6996,-6086,3017,103,77,173,2
6911,-6209,2881,26,95,170,2
6955,-6276,2740,-17,115,177,2
6725,-6543,2821,-18,133,187,2
6420,-6845,2996,1,115,141,2
6468,-6833,3015,25,80,76,2
6700,-6741,2915,46,69,42,2
6814,-6595,2873,72,76,32,2
6856,-6384,2837,99,84,61,2
6919,-6391,2843,122,96,131,2
7012,-6323,2785,134,104,176,2
7148,-6190,2802,152,129,215,2
6987,-6070,3031,177,159,277,2
6553,-6146,3420,188,144,334,2
6253,-6578,3606,171,82,330,2
6189,-6690,3628,137,19,247,2
6316,-6599,3539,107,-9,181,2
6556,-6551,3323,74,-19,146,2
6729,-6438,3031,52,-19,135,2
6893,-6299,2727,45,-8,151,2
7005,-6146,2469,55,14,201,2
6952,-6068,2414,75,50,283,2
6881,-6093,2472,102,86,371,2
6802,-6103,2642,135,120,457,2
6622,-6228,2876,170,140,533,2
6386,-6481,3130,213,136,577,2
6154,-6694,3371,249,112,568,2
5921,-6852,3566,272,75,509,2
5739,-6936,3736,265,35,416,2
5808,-6979,3803,231,5,322,2
5898,-7020,3796,183,-7,240,2
6037,-7089,3747,126,-10,164,2
6155,-7046,3663,77,-4,102,2
6231,-7033,3616,49,8,83,2
6101,-6876,3440,136,-65,-200,2
6276,-6696,3519,125,-58,-208,2
6413,-6554,3525,101,-53,-182,2
6459,-6520,3482,71,-47,-141,2
6539,-6459,3399,44,-38,-90,2
6563,-6458,3390,27,-17,-31,2
6439,-6506,3429,14,-2,9,2
6265,-6585,3575,0,-1,21,2
6160,-6633,3696,-14,-15,11,2
6167,-6653,3729,-23,-37,3,2
6245,-6696,3653,-31,-64,-7,2
6348,-6674,3475,-34,-79,-27,2
6404,-6630,3284,-36,-75,-32,2
6425,-6610,3134,-35,-60,-20,2
6335,-6603,3087,-23,-27,17,2
6137,-6753,3069,-31,7,-29,2
6125,-6769,3187,-17,11,-63,2
6125,-6769,3187,-17,11,-63,2
6147,-6742,3246,-1,-3,-92,2
6264,-6618,3205,21,-14,-90,2
6378,-6525,3178,41,-6,-66,2
6419,-6493,3195,46,6,-35,2
6380,-6438,3217,48,20,-4,2
6119,-6796,3313,18,-5,-29,2
6271,-6721,3197,8,-3,-72,2
6463,-6634,3116,5,15,-80,2
6531,-6640,3198,10,38,-63,2
6422,-6660,3380,19,58,-49,2
6354,-6627,3448,20,55,-42,2
6318,-6623,3417,24,50,-31,2
6302,-6583,3386,35,19,22,2
6308,-6562,3359,28,22,16,2
6355,-6554,3313,19,21,11,2
6404,-6543,3243,20,24,5,2
6490,-6453,3190,25,31,10,2
6494,-6426,3192,28,45,29,2
6332,-6556,3276,32,53,39,2
6201,-6616,3371,36,44,15,2
6432,-6507,3356,43,25,-8,2
6417,-6481,3375,32,29,8,2
6350,-6573,3409,18,37,21,2
6293,-6603,3359,10,41,14,2
6292,-6559,3280,11,38,11,2
6334,-6575,3213,19,38,23,2
8510,-7905,-5609,1205,188,-2570,2
8510,-7905,-5609,1205,188,-2570,2
8991,-7510,-7454,1801,463,-3782,2
8347,-6210,-9021,2353,929,-4664,2
7970,-6296,-9644,2646,1656,-5691,2
7607,-4751,-9708,2106,2346,-6794,2
6712,-2995,-9268,1070,3165,-8416,2
4893,-3035,-8970,-232,4060,-9718,2
1792,-3074,-8751,-1818,5302,-10246,2
2015,961,-7848,-2823,7282,-11353,2
-2300,1874,-6555,-3370,8223,-10746,2
-4145,447,-3829,-3882,8860,-9216,2
-4765,-505,-860,-2750,10074,-6975,2
-5760,-1347,1448,-1471,11060,-4415,2
-7303,-3483,3486,-1180,11332,-2271,2
-9477,-5788,6721,-1269,11521,-1212,2
-12055,-4868,12319,-1887,11727,-704,2
-14302,-2122,19520,-2388,11216,-211,2
-13582,-2913,26674,-2059,9656,577,2
-11742,-5570,30270,-1006,7434,1599,2
-9226,-8126,27716,449,5067,1967,2
-6966,-9103,21529,1228,3161,1289,2
-6711,-7405,17741,755,2030,225,2
-8213,-3975,17492,-97,1443,-583,2
-9044,-1413,18413,-712,891,-1004,2
-8211,-1239,18433,-1105,182,-1005,2
-3611,-610,12982,612,-209,378,2
-3611,-610,12982,612,-209,378,2
-3210,-797,13130,731,-89,527,2
-2836,-1045,13403,804,-102,616,2
-2630,-1256,13419,844,-247,609,2
-2654,-1043,13217,857,-429,592,2
-2819,-763,13140,834,-590,623,2
-3137,-410,13282,854,-724,762,2
-3137,-410,13282,854,-724,762,2
-3440,-336,13571,874,-897,1033,2
-3487,-284,13521,982,-1096,1521,2
-3519,-270,12990,1197,-1300,1971,2
-3600,-389,12486,1111,-1589,2200,2
-3779,-272,12380,585,-2024,2380,2
-4145,-7,12797,2,-2509,2662,2
-4200,-500,13568,-82,-2925,3035,2
-4298,-399,14514,174,-3407,3501,2
-4980,-65,15637,606,-4071,4073,2
-7498,1180,18762,2292,-6985,7530,2
-7498,1180,18762,2292,-6985,7530,2
-6488,2405,16419,1502,-7569,7654,2
-5560,2973,13506,-160,-8090,7310,2
-3543,2618,10745,-2282,-8470,6232,2
-1845,1964,7925,-3732,-8332,4900,2
1227,1726,4607,-3986,-7662,3315,2
3049,2876,3820,-4003,-6984,1943,2
4172,4206,2123,-4617,-6610,1502,2
5322,4327,-658,-5072,-6088,1657,2
6119,3007,-2029,-4987,-5340,2049,2
6787,1722,-2654,-4676,-4601,2464,2
6749,489,-3462,-4500,-4056,2640,2
6490,-1107,-4464,-4106,-3599,2559,2
6217,-2158,-5029,-3500,-3210,2385,2
6243,-2936,-5698,-2918,-2914,2150,2
6356,-3319,-6518,-2394,-2629,1956,2
6302,-3797,-6811,-1890,-2310,1841,2
5910,-4610,-6939,-1479,-2022,1760,2
5716,-5400,-7082,-1102,-1758,1625,2
5753,-5679,-7142,-842,-1475,1478,2
5943,-5929,-7108,-662,-1166,1389,2
5956,-6612,-6603,-544,-827,1310,2
5938,-7430,-6004,-467,-528,1122,2
6019,-7562,-5435,-389,-265,863,2
6199,-7506,-4743,-258,-28,652,2
6468,-7446,-3991,-92,173,496,2
6691,-7415,-3101,95,351,364,2
6751,-7361,-1948,266,519,241,2
6707,-7209,-741,447,653,119,2
6732,-7063,395,627,745,-2,2
6765,-6738,1488,791,796,-104,2
6739,-6470,2554,904,796,-183,2
6799,-6342,3469,941,759,-250,2
6935,-6114,4116,911,693,-331,2
7216,-5675,4403,857,608,-390,2
7535,-5209,4395,781,523,-384,2
7811,-4868,4258,681,454,-314,2
7948,-4665,4114,569,403,-214,2
7802,-4638,3981,444,348,-117,2
7589,-4819,3869,314,286,-59,2
7568,-4891,3609,190,232,-28,2
7638,-4922,3322,93,205,3,2
7654,-5000,3147,39,202,63,2
7593,-5225,3135,16,205,131,2
7363,-5516,3341,12,193,157,2
7239,-5721,3514,2,168,141,2
7251,-5842,3584,-14,139,119,2
7356,-5846,3423,-46,108,102,2
7458,-5719,3199,-35,94,147,2
7419,-5875,3016,-3,83,237,2
7351,-6064,2727,4,64,262,2
7337,-6044,2492,8,76,246,2
7258,-6016,2425,26,119,236,2
7005,-6116,2636,51,152,222,2
6911,-6138,2754,63,155,170,2
7085,-5961,2737,79,158,127,2
7237,-5819,2722,99,174,121,2
7126,-5947,2956,158,110,55,2
7126,-5947,2956,158,110,55,2
7300,-5818,2783,191,118,64,2
7400,-5704,2752,224,140,91,2
7356,-5709,2905,252,169,117,2
7205,-5729,3178,272,195,133,2
7089,-5814,3434,279,207,133,2
7006,-5816,3694,271,212,120,2
7023,-5772,3852,256,202,124,2
7014,-5769,4021,235,178,147,2
6921,-5889,4216,202,140,164,2
6851,-6004,4279,165,89,154,2
6854,-6045,4229,125,45,124,2
6949,-6009,4061,81,14,99,2
6988,-5961,3866,42,1,81,2
7016,-5977,3719,7,-6,75,2
7043,-6045,3597,-9,-8,66,2
6938,-6081,3615,-4,-10,47,2
6887,-5988,3627,40,-28,63,2
6768,-6104,3731,30,-39,67,2
6917,-6124,3409,-31,-71,-10,2
6877,-5982,3210,-38,-71,-41,2
6930,-5966,3196,-45,-64,-41,2
6961,-5973,3183,-46,-54,-43,2
6961,-5973,3183,-46,-54,-43,2
6949,-5894,3222,-44,-46,-52,2
6938,-5859,3268,-37,-45,-48,2
6927,-5912,3386,-34,-44,-30,2
6864,-5989,3499,-28,-46,-18,2
6664,-6149,3689,-31,-60,-28,2
6639,-6168,3671,-43,-99,-70,2
6913,-5998,3444,-45,-125,-101,2
7206,-5856,3193,-45,-123,-110,2
7357,-5670,2977,-36,-99,-93,2
7127,-5651,2976,32,28,45,2
7127,-5651,2976,32,28,45,2
6985,-5758,3094,27,42,78,2
6765,-5943,3342,2,50,76,2
7185,-5741,3110,-9,-21,2,2
7185,-5741,3110,-9,-21,2,2
7198,-5737,2931,-16,-5,23,2
7162,-5740,2828,-21,12,39,2
7069,-5774,2783,-21,29,50,2
7064,-5888,3568,46,47,-5,2
7064,-5888,3568,46,47,-5,2
7036,-5894,3571,28,39,-6,2
7043,-5871,3553,6,37,-7,2
7021,-5886,3548,-3,39,-2,2
7024,-5897,3490,-5,31,3,2
7027,-5892,3395,-2,18,0,2
7008,-5934,3332,-1,5,-11,2
7106,-5863,3318,4,0,-4,2
7106,-5863,3318,4,0,-4,2
7069,-5869,3313,4,5,7,2
6980,-5877,3286,2,9,15,2
6858,-5922,3290,-6,5,14,2
6851,-6008,3233,-21,-2,3,2
6945,-6029,3089,-35,-5,-29,2
7031,-5962,2924,-33,2,-57,2
7180,-5661,2401,51,96,-20,2
7180,-5661,2401,51,96,-20,2
7082,-5634,2305,41,122,-61,2
7018,-5496,2189,45,151,-112,2
6956,-5369,2012,53,167,-215,2
7130,-5512,1598,11,147,-465,2
7410,-5664,1304,42,124,-718,2
9298,-6000,-3701,740,640,-3740,2
9298,-6000,-3701,740,640,-3740,2
9383,-5032,-4631,775,974,-4754,2
8820,-3337,-4846,553,1436,-5560,2
8717,-2741,-5176,39,1853,-6366,2
6681,-3059,-5953,-546,2384,-7049,2
7375,203,-5503,-1371,3756,-8552,2
4938,1872,-5063,-2555,4748,-9398,2
2542,754,-5523,-3676,5005,-8291,2
3011,75,-6052,-3531,5713,-6556,2
2940,-1016,-5479,-2500,6730,-5207,2
2253,-1350,-3683,-1688,7721,-4336,2
1491,-1728,-2209,-1391,8390,-3572,2
678,-1678,-950,-897,8819,-2803,2
-629,-1507,682,-542,9047,-2012,2
-1801,-1934,2663,-552,9110,-1236,2
-3556,-2081,5502,-815,9330,-727,2
-10792,-6097,24803,-2250,7392,482,2
-10916,-6310,28700,-1935,5862,771,2
-10198,-6581,29194,-1146,3906,788,2
-8684,-6745,26158,-408,2003,485,2
-7592,-5482,22137,-125,713,98,2
-6851,-3652,19362,-197,50,-182,2
-6089,-2151,17784,-237,-198,-279,2
-5023,-1346,16671,-135,-263,-175,2
-3755,-1291,15617,67,-271,60,2
-2571,-1653,14687,325,-240,300,2
-1710,-1752,13787,610,-172,474,2
-1142,-1686,12961,817,-120,511,2
-918,-1399,12433,842,-136,471,2
-920,-1047,12223,773,-186,461,2
-937,-895,12155,731,-259,500,2
-919,-960,12019,710,-361,552,2
-849,-1265,11831,642,-498,584,2
-597,-1813,11607,534,-667,525,2
-456,-2004,11399,373,-858,393,2
-506,-1960,11298,260,-1008,291,2
-705,-1637,11201,276,-1099,294,2
-944,-1337,11089,336,-1155,352,2
-1264,-1122,11193,369,-1186,465,2
-1264,-1122,11193,369,-1186,465,2
-1650,-1290,11787,325,-1218,776,2
-1988,-1986,12438,397,-1262,1339,2
-2633,-2299,12931,487,-1391,2038,2
-3502,-2121,13564,500,-1696,2787,2
-4137,-366,14712,689,-2256,3551,2
-4242,2165,15784,1381,-3009,4437,2
-4995,3051,16600,2311,-3709,5535,2
-6039,1849,17564,2891,-4301,6944,2
-6924,169,18822,3129,-5029,8357,2
-7626,-1978,20050,2391,-6602,9446,2
-7595,-3849,18704,1111,-8182,9379,2
-5894,-3512,14229,-530,-8802,7829,2
-3044,-938,10180,-1918,-8421,5983,2
5320,3866,1282,-5207,-6166,2227,2
5320,3866,1282,-5207,-6166,2227,2
6682,2475,-922,-5293,-5502,2554,2
7415,1217,-2340,-5090,-4757,2599,2
7389,-122,-3368,-4724,-4106,2402,2
6726,-969,-3833,-4294,-3580,2147,2
6061,-2069,-4454,-3877,-3195,1964,2
6838,-4087,-9496,-1657,-1852,1187,2
6838,-4087,-9496,-1657,-1852,1187,2
6641,-4617,-9791,-1378,-1482,1154,2
6368,-5294,-9842,-1159,-1138,1120,2
6103,-5894,-9630,-958,-806,1083,2
5953,-6372,-9093,-643,-463,1056,2
5973,-7336,-8184,-373,-151,923,2
6065,-7552,-6857,-168,135,675,2
6153,-7518,-5207,87,408,475,2
6292,-7537,-3353,338,631,331,2
6492,-7531,-1523,518,795,217,2
6523,-7504,107,658,887,104,2
6598,-7354,1555,802,924,6,2
6850,-7162,2782,942,906,-43,2
6979,-6900,3838,1067,853,-63,2
6766,-6251,5347,1090,604,-140,2
6766,-6251,5347,1090,604,-140,2
6976,-6002,5487,981,429,-183,2
7304,-5689,5109,775,258,-270,2
8391,-4529,2719,116,73,-244,2
8391,-4529,2719,116,73,-244,2
8275,-4622,2165,14,78,-94,2
8079,-4857,1747,-25,76,48,2
7837,-5197,1464,-20,79,160,2
7677,-5523,1379,12,94,224,2
7448,-5840,1632,62,126,251,2
7065,-6362,2579,99,71,65,2
7304,-6226,2432,27,68,46,2
7452,-6186,2165,-34,78,60,2
7483,-6103,1902,-50,99,105,2
7456,-6107,1770,-30,121,173,2
7330,-6154,1781,15,142,230,2
7200,-6202,1928,76,159,259,2
6960,-6463,2126,115,153,221,2
6827,-6460,2164,114,116,85,2
7059,-6207,2100,115,103,-29,2
7321,-6033,2130,123,118,-72,2
7447,-5934,2298,123,140,-80,2
7527,-5861,2493,129,160,-55,2
7096,-6083,2098,-6,33,-10,2
7278,-6013,2074,18,59,-23,2
7333,-6028,2178,70,78,6,2
7360,-6062,2305,129,84,57,2
7318,-6114,2421,181,92,117,2
7188,-6190,2530,219,97,160,2
6817,-6312,2783,217,94,148,2
6696,-6437,2961,174,77,83,2
6850,-6314,2947,101,63,0,2
7037,-6162,2836,17,62,-61,2
7173,-6147,2716,-45,66,-101,2
7302,-6070,2624,-64,73,-104,2
7322,-6095,2622,-29,84,-59,2
7264,-6177,2680,34,83,-16,2
7199,-6193,2740,92,82,2,2
7142,-6119,2783,123,77,2,2
6999,-6138,2937,118,63,-12,2
6949,-6177,2982,91,33,-55,2
7397,-5880,2582,2,0,-128,2
7483,-5828,2411,-41,28,-104,2
7477,-5879,2395,-51,66,-67,2
7375,-5953,2455,-15,87,-35,2
7270,-6077,2576,39,95,9,2
7087,-6286,2762,71,83,-2,2
7005,-6237,2863,86,68,-58,2
7012,-6087,2972,98,57,-88,2
7012,-6087,2972,98,57,-88,2
7064,-6035,3016,74,36,-120,2
7149,-5875,2985,53,16,-110,2
7269,-5877,2870,23,10,-98,2
7260,-5806,2792,-7,15,-88,2
7291,-5832,2739,1,33,-41,2
7248,-6031,2606,79,45,13,2
7278,-5784,2631,99,81,88,2
7278,-5784,2631,99,81,88,2
7085,-5843,2699,88,80,79,2
7049,-5971,2716,70,64,33,2
7095,-5911,2624,57,51,-30,2
7248,-5852,2559,55,55,-59,2
7337,-5842,2521,59,67,-66,2
7316,-5769,2450,77,75,-71,2
7334,-5305,1721,146,143,-43,2
7334,-5305,1721,146,143,-43,2
7239,-5292,1417,138,168,-124,2
7173,-4988,847,143,184,-290,2
7546,-5196,164,190,198,-555,2
7915,-5834,-1053,268,246,-997,2
8490,-6302,-2533,444,368,-1649,2
8533,-6010,-3864,739,674,-2302,2
9639,-5543,-4762,1199,1352,-3298,2
9462,-4156,-4698,1391,1712,-3795,2
9061,-2293,-5561,1841,2245,-4002,2
8533,-1772,-5791,2010,2854,-4326,2
7620,-2020,-5984,1114,3150,-4778,2
7235,-1431,-6044,255,3510,-5061,2
6610,-86,-6405,-255,4061,-5064,2
6763,-135,-6632,-850,4633,-5354,2
5427,-799,-6363,-1233,5295,-5642,2
-2269,-432,-1413,-2127,8162,-3337,2
-3592,-2154,699,-2492,8484,-2411,2
-5338,-3454,2910,-1952,9050,-1479,2
-6488,-4553,5256,-1259,9475,-819,2
-6580,-5418,8725,-1437,9293,-204,2
-6915,-6234,13704,-1614,8749,283,2
-7465,-6490,18145,-1187,8011,699,2
-7820,-6526,21253,-1179,6710,1024,2
-5919,-7959,19033,-1296,2556,540,2
-5613,-7217,18129,-1448,1886,219,2
-5323,-6735,17578,-1518,1380,-50,2
-5037,-6126,17107,-1397,1059,-230,2
-4911,-5381,16643,-1077,892,-291,2
-4702,-4776,16114,-679,793,-230,2
-4490,-4107,15676,-303,735,-83,2
-4245,-3669,15232,62,706,121,2
-3794,-3454,14856,340,661,306,2
-3334,-3361,14582,519,574,447,2
-2745,-3702,14340,627,443,492,2
-2244,-4022,13998,658,251,426,2
-1847,-4150,13593,588,1,282,2
-1497,-4084,13022,482,-262,102,2
-1180,-3924,12156,353,-511,-60,2
-951,-3822,11359,200,-709,-184,2
-885,-3511,10790,108,-781,-244,2
-1016,-2900,10430,140,-735,-193,2
-1107,-2644,10287,211,-654,-53,2
-1187,-2728,10413,254,-583,82,2
-1450,-2815,11004,234,-568,242,2
-1751,-2863,11767,322,-598,492,2
-2172,-2968,12398,411,-739,809,2
-2434,-3442,12841,408,-1002,1232,2
-2491,-4133,12917,392,-1351,1644,2
-2445,-4509,12791,245,-1795,1913,2
-2357,-4571,12605,278,-2097,1972,2
-2873,-3678,12832,617,-2156,1997,2
-3465,-2257,13763,1237,-2050,2278,2
-5904,-4680,18719,2706,-2457,2991,2
-6733,-6047,21942,2965,-3624,3195,2
-7927,-5706,23087,2874,-5339,3050,2
-9682,-4936,21857,2474,-6751,2854,2
-9414,1492,17283,82,-8563,2337,2
-7625,1847,14583,-1285,-9324,2095,2
-3864,4436,10573,-2039,-9272,1316,2
-3184,6019,10264,-2737,-9518,988,2
-217,5934,4834,-3256,-9367,1727,2
3757,5208,-739,-3587,-8323,2587,2
6478,5245,-1825,-4038,-7223,2852,2
7614,4240,-3537,-4680,-6383,2829,2
7583,542,-5110,-4594,-5494,2425,2
6470,-2776,-4848,-4018,-4734,1367,2
5632,-2575,-5197,-3354,-4215,362,2
5353,-1011,-5525,-2617,-3767,109,2
5599,-1576,-6130,-1939,-3435,493,2
6397,-2084,-6790,-1233,-3084,664,2
6397,-2084,-6790,-1233,-3084,664,2
6775,-1719,-6630,-769,-2695,748,2
6925,-1765,-6387,-509,-2348,992,2
6854,-2560,-6095,-398,-2037,1243,2
6573,-5754,-6154,-798,-1117,367,2
6573,-5754,-6154,-798,-1117,367,2
7188,-5794,-6070,-772,-834,116,2
7631,-5607,-5610,-637,-551,-22,2
7968,-5332,-4914,-389,-284,-3,2
8223,-5127,-3956,-111,-38,116,2
8271,-5010,-2675,142,175,283,2
8051,-5202,-1130,347,339,448,2
7258,-6142,2679,444,315,42,2
8112,-4476,2323,229,156,190,2
7970,-5469,1970,-21,53,242,2
7787,-5517,1527,-45,41,56,2
7837,-5543,1619,-55,61,16,2
7890,-5543,1746,-46,80,-2,2
7929,-5456,1854,-24,92,6,2
7860,-5551,2007,-4,95,21,2
7733,-5628,2247,-6,90,-2,2
7749,-5490,2423,-24,79,-28,2
7852,-5391,2516,-49,67,-31,2
7987,-5281,2457,-70,39,-23,2
8099,-5207,2251,-93,4,-15,2
8067,-5275,2129,-133,-8,-44,2
7996,-5190,2172,-196,-1,-91,2
7971,-5027,2156,-269,1,-102,2
7990,-4969,2106,-316,1,-68,2
8062,-4957,1926,-341,-13,-21,2
8067,-5089,1769,-335,-22,31,2
7952,-5347,1726,-295,-30,58,2
7875,-5439,2037,50,-17,-88,2
7983,-5332,2056,57,-22,-87,2
8066,-5257,2059,62,-25,-61,2
8073,-5207,1975,54,-28,-31,2
8068,-5159,1828,37,-31,-2,2
8045,-5166,1713,23,-25,24,2
7934,-5236,1634,15,-18,37,2
7819,-5382,1698,19,-21,38,2
7814,-5458,1711,42,-33,26,2
7891,-5451,1684,74,-39,8,2
7929,-5490,1727,86,-37,-20,2
7917,-5415,1787,84,-26,-51,2
7704,-5347,1563,4,18,44,2
7756,-5391,1562,7,16,-7,2
7885,-5334,1606,20,27,-35,2
7948,-5297,1673,46,39,-26,2
7989,-5297,1744,72,47,1,2
7910,-5278,2008,171,60,94,2
7822,-5324,2071,138,46,57,2
7737,-5365,2126,106,34,18,2
7765,-5344,2168,73,28,-4,2
7830,-5354,2187,50,18,-4,2
7902,-5312,2118,42,9,0,2
8018,-5266,2018,44,7,21,2
8061,-5200,1932,58,15,53,2
8029,-5202,1869,68,23,90,2
8029,-5202,1869,68,23,90,2
7898,-5372,1855,63,25,88,2
7788,-5381,1908,58,23,62,2
7798,-5376,1940,58,19,45,2
7860,-5348,1939,50,12,36,2
7808,-5432,2056,26,16,19,2
7801,-5478,2098,5,12,0,2
7874,-5424,2056,-3,9,-2,2
7908,-5413,2005,2,11,11,2
7895,-5400,1953,20,15,26,2
7869,-5369,1922,35,14,34,2
7852,-5346,1914,49,15,38,2
7710,-5487,2032,59,18,27,2
7647,-5492,2133,59,10,-14,2
7728,-5352,2121,59,1,-38,2
7880,-5221,2024,57,-7,-42,2
7998,-5075,1867,57,-4,-31,2
7980,-4954,1728,57,6,-9,2
7901,-4951,1587,50,14,6,2
7901,-4887,1339,50,21,16,2
7947,-4792,1124,60,39,36,2
7960,-4732,926,69,67,52,2
7941,-4625,731,73,100,79,2
7934,-4498,574,82,137,115,2
7820,-4422,343,112,160,149,2
7665,-4399,11,149,171,151,2
7579,-4140,-468,231,149,98,2
7271,-3635,-1533,356,116,74,2
7015,-3526,-2692,517,97,34,2
6596,-3234,-4422,551,143,-112,2
8039,-1885,-7773,276,391,-688,2
8029,-3059,-10547,326,770,-1287,2
8362,-2604,-13059,785,1350,-1576,2
8728,-3414,-14370,1154,2195,-2511,2
8221,-3225,-14873,1473,3203,-3539,2
7518,-1582,-14585,1594,4249,-4306,2
6028,-1011,-14037,1398,5230,-5001,2
3834,-647,-13357,1049,6158,-5341,2
488,-344,-11957,330,7253,-5388,2
-539,990,-9502,-720,8622,-6153,2
-8449,-648,-1823,-2201,10692,-6278,2
-11636,-1886,3539,-2706,11805,-5320,2
-14032,-4539,8698,-3143,12323,-3868,2
-14761,-7877,14518,-3686,11823,-1935,2
-14523,-11020,20018,-3119,11007,-189,2
-13544,-12549,24852,-1538,10167,786,2
-12080,-11765,29061,-785,8771,1414,2
-11200,-10761,31171,-314,6773,1744,2
-7169,-7309,22955,30,1532,426,2
-6154,-5703,20232,-359,674,-78,2
-4971,-4676,18379,-799,91,-451,2
-3622,-4060,16862,-959,-254,-582,2
-2442,-3696,15609,-696,-321,-466,2
-1793,-3214,14555,-176,-182,-146,2
-1382,-2638,13585,352,31,208,2
-987,-2438,12984,662,203,472,2
-736,-2434,12835,785,299,621,2
-460,-2838,12951,884,291,664,2
-203,-3264,12884,950,175,642,2
-111,-3282,12601,904,-22,556,2
-102,-3519,12304,779,-249,421,2
-117,-3753,12081,625,-462,234,2
-275,-3660,11941,431,-688,40,2
-490,-3228,11870,297,-875,-110,2
-658,-2764,11784,248,-1022,-160,2
-684,-2508,11621,245,-1164,-104,2
-766,-2382,11346,308,-1271,7,2
-876,-2293,11174,402,-1316,206,2
-1071,-2267,11254,539,-1312,500,2
-1310,-2306,11652,658,-1332,897,2
-1557,-2236,12050,835,-1393,1385,2
-1805,-2148,12355,1081,-1475,1880,2
-1972,-2136,12693,1333,-1636,2372,2
-2261,-1188,13017,1777,-1814,2945,2
-2699,-304,13411,2364,-1969,3462,2
-3241,-712,14233,2625,-2282,3740,2
-3606,-1179,15223,2578,-2832,3966,2
-3660,-1339,16056,2360,-3590,4252,2
-4303,-1174,16344,1903,-4603,4636,2
-5565,-1649,16865,1522,-5516,4939,2
-6211,-1778,17539,1217,-6151,5678,2
-1813,1185,11776,-1987,-7513,4956,2
1240,1902,7995,-2965,-7205,3713,2
2432,2536,7589,-3251,-6644,2539,2
3250,3864,6117,-3762,-6498,2449,2
5023,3598,2220,-4314,-6220,2686,2
6411,1928,526,-4461,-5590,2751,2
6964,387,-628,-4531,-4969,2583,2
6899,-888,-1662,-4452,-4349,2117,2
5915,-1563,-2026,-4186,-3804,1689,2
5314,-2480,-2364,-3803,-3390,1463,2
5439,-3232,-3061,-3425,-3119,1302,2
5674,-3614,-3871,-3003,-2897,1129,2
6049,-3677,-4823,-2595,-2710,1027,2
6525,-3781,-5950,-2228,-2489,1029,2
6809,-4343,-6682,-1826,-2183,1028,2
6555,-4577,-6856,-1482,-1867,973,2
5870,-5199,-6691,-1213,-1561,917,2
5494,-6051,-6268,-924,-1283,837,2
5583,-6621,-5991,-696,-1031,675,2
5583,-6621,-5991,-696,-1031,675,2
5888,-6724,-5739,-554,-769,408,2
6294,-6535,-5230,-471,-477,159,2
6693,-6457,-4679,-390,-211,-5,2
7052,-6338,-4072,-279,19,-111,2
7316,-6074,-3272,-122,243,-141,2
7528,-5836,-2369,59,429,-111,2
7625,-5614,-1397,215,586,-48,2
7229,-5613,-50,329,715,13,2
6596,-6220,2901,586,651,-54,2
6767,-6331,3408,612,562,-149,2
7125,-6009,3732,603,493,-265,2
7561,-5490,3883,558,470,-309,2
7861,-5103,3871,498,447,-279,2
7806,-5053,4051,416,409,-210,2
7690,-5274,4172,343,349,-135,2
7588,-5520,4124,282,271,-117,2
7665,-5384,3750,215,183,-139,2
7872,-5056,3217,165,125,-112,2
8071,-4881,2745,123,105,-30,2
8135,-4806,2339,58,110,60,2
8089,-4762,2032,14,136,162,2
6963,-6114,2555,11,143,379,2
6963,-6299,2570,14,102,323,2
7182,-6305,2467,15,94,271,2
7340,-6281,2413,19,110,225,2
7416,-6215,2412,33,132,200,2
7434,-6107,2460,50,152,189,2
7431,-5982,2519,72,166,193,2
7441,-5870,2546,98,174,214,2
7223,-5917,2795,123,174,231,2
7020,-6091,3061,139,134,217,2
6909,-6238,3185,152,80,179,2
6767,-6407,3193,151,25,98,2
6824,-6381,3098,132,-19,-9,2
7127,-6154,2966,98,-19,-83,2
7313,-5905,2932,67,11,-115,2
7454,-5719,2898,46,34,-100,2
7609,-5662,2873,37,51,-47,2
7569,-5695,2875,51,65,17,2
7508,-5788,2911,80,79,81,2
7310,-5861,2972,99,85,120,2
6888,-6076,3231,91,70,111,2
6736,-6223,3328,51,27,43,2
6926,-6184,3251,7,-2,-36,2
7131,-6039,3211,-22,-5,-108,2
7331,-5905,3278,-34,-3,-134,2
7484,-5797,3292,-27,-12,-113,2
7520,-5684,3211,-13,-26,-63,2
7557,-5681,3076,-1,-31,6,2
7500,-5722,2936,6,-28,70,2
7297,-5873,2907,8,-22,117,2
7014,-6076,2934,2,-33,110,2
6864,-6199,2930,-16,-61,50,2
6991,-6215,2887,-36,-75,-19,2
7172,-6080,2796,-38,-73,-78,2
7343,-5906,2791,-18,-66,-94,2
7461,-5773,2855,-3,-66,-74,2
7413,-5691,2899,1,-65,-37,2
7345,-5679,2846,-2,-59,17,2
7348,-5743,2682,-7,-55,69,2
7259,-5797,2592,-11,-50,102,2
7107,-5909,2618,-26,-45,99,2
7069,-5936,2612,-37,-50,69,2
7442,-5765,2509,-19,-46,-88,2
7442,-5765,2509,-19,-46,-88,2
7506,-5698,2577,-1,-25,-47,2
7476,-5669,2657,15,-9,1,2
7448,-5632,2704,18,4,58,2
7340,-5728,2791,19,23,111,2
7121,-5904,2911,13,27,131,2
6941,-6064,2978,-6,5,98,2
6917,-6100,2977,-29,-19,46,2
7277,-5949,2675,-43,-51,-16,2
7277,-5949,2675,-43,-51,-16,2
7348,-5832,2619,-21,-38,-2,2
7375,-5839,2662,-2,-21,22,2
7360,-5832,2660,8,-9,37,2
7307,-5843,2755,15,4,54,2
7134,-5916,2904,11,4,74,2
6986,-6058,2964,-13,-18,68,2
7292,-6007,2624,-70,-53,-85,2
7292,-6007,2624,-70,-53,-85,2
7312,-5946,2637,-44,-47,-69,2
7294,-5895,2715,-19,-38,-45,2
7235,-5864,2761,-3,-38,-15,2
7169,-5855,2705,-3,-43,8,2
7150,-5930,2570,-22,-51,23,2
7046,-6010,2506,-46,-49,4,2
6963,-6033,2531,-66,-44,-19,2
7042,-6123,2476,-71,-49,-44,2
7228,-6110,2278,-74,-62,-99,2
7370,-5946,2126,-62,-55,-145,2
7454,-5879,2139,-30,-23,-145,2
7459,-5862,2238,17,7,-124,2
7419,-5830,2345,70,19,-95,2
7320,-5795,2439,104,17,-69,2
7191,-5812,2543,98,15,-52,2
7191,-5812,2543,98,15,-52,2
7194,-5809,2480,56,19,-61,2
7270,-5724,2286,-1,28,-82,2
7308,-5651,2063,-54,38,-98,2
7300,-5648,1790,-88,49,-120,2
7331,-5547,1511,-104,65,-161,2
7425,-5460,1267,-98,95,-173,2
7465,-5354,969,-70,134,-159,2
7377,-5327,647,-52,177,-190,2
7172,-5220,384,-25,229,-256,2
7078,-4972,-58,21,284,-305,2
6931,-4605,-575,125,336,-323,2
7027,-4709,-999,268,401,-412,2
7042,-4676,-1565,370,480,-594,2
7069,-4404,-2055,372,549,-852,2
7284,-4462,-3001,385,694,-1296,2
7723,-4406,-4072,553,860,-1825,2
7787,-4231,-5024,871,1056,-2386,2
7682,-4213,-5989,1172,1374,-3077,2
8163,-3232,-7340,1311,1738,-3897,2
8297,-1643,-8503,1081,2171,-4753,2
7720,-976,-9360,468,2754,-5410,2
6431,-572,-9990,-199,3358,-5800,2
4070,1474,-10312,-1642,6036,-6832,2
4070,1474,-10312,-1642,6036,-6832,2
780,1169,-9553,-2894,6936,-6820,2
-1449,-204,-8178,-3799,7864,-6054,2
-2918,-1132,-6462,-3367,9327,-5258,2
-5571,-1477,-3719,-2608,10613,-4582,2
-8244,-2290,-198,-2623,11367,-3517,2
-10518,-3917,3687,-3247,11553,-1693,2
-13549,-7474,8430,-3340,11578,244,2
-14545,-12281,14958,-3354,11382,1100,2
-13950,-12651,22793,-3682,10647,1322,2
-13023,-12587,30929,-3503,9006,1805,2
-11054,-13859,-30623,-2047,6544,2166,2
-9320,-13951,31761,-566,3828,1965,2
-6427,-6517,18400,-582,282,-162,2
-6427,-6517,18400,-582,282,-162,2
-5250,-5481,17715,-1234,-145,-578,2
-3946,-5214,16873,-1406,-446,-631,2
-2800,-5090,15666,-1021,-504,-458,2
-2073,-4599,14375,-400,-345,-176,2
-1787,-3583,13282,162,-70,142,2
-1450,-3070,12669,540,191,438,2
-1012,-3478,12668,713,341,635,2
-683,-4121,13049,777,350,723,2
-480,-4497,13180,859,246,729,2
-407,-4702,12994,896,68,656,2
-441,-4652,12756,777,-153,531,2
-638,-4490,12693,613,-381,396,2
-826,-4349,12724,507,-575,340,2
-1051,-4130,12646,493,-751,362,2
-1126,-4081,12677,443,-965,444,2
-1296,-4109,12784,410,-1187,639,2
-1581,-4144,12832,590,-1337,936,2
-1960,-4371,12981,824,-1458,1326,2
-2535,-4306,13160,997,-1609,1880,2
-3265,-4157,13349,991,-1846,2562,2
-4033,-3435,13800,875,-2175,3335,2
-6853,-4531,21091,2547,-5184,6043,2
-6853,-4531,21091,2547,-5184,6043,2
-7625,-4965,21032,2480,-6501,6711,2
-8084,-3840,18871,1279,-7779,6520,2
-7764,-2716,15671,-641,-8547,5336,2
-5859,-1246,13133,-2184,-8515,3967,2
-3732,662,11299,-2674,-8156,2729,2
-395,1186,6912,-2882,-7666,1637,2
1160,2853,5436,-3029,-6974,777,2
6056,931,-1483,-3935,-5483,2244,2
5050,-3215,-2759,-2269,-3112,669,2
6171,-3774,-4128,-686,-2137,638,2
5948,-3994,-4112,-555,-1888,641,2
5734,-4468,-3781,-539,-1651,648,2
6053,-5460,-4258,-708,-1072,319,2
6530,-5414,-4313,-714,-806,223,2
6882,-5571,-4118,-622,-531,236,2
6996,-6052,-2528,-48,45,340,2
6800,-6350,-1783,113,176,316,2
6567,-6512,-890,193,313,216,2
6478,-6490,82,219,439,101,2
6265,-6671,1199,225,516,-23,2
6363,-6744,2096,252,523,-146,2
6663,-6549,2687,315,506,-205,2
7045,-6257,3007,381,468,-207,2
7461,-5964,3146,442,435,-163,2
7745,-5705,3469,542,437,40,2
7745,-5705,3469,542,437,40,2
7691,-5539,3472,568,417,121,2
7541,-5334,3475,570,391,211,2
7025,-5470,3700,534,349,288,2
6567,-6114,3924,428,249,241,2
6500,-6179,3839,266,140,79,2
7563,-5765,2510,-98,105,156,2
6274,-6596,3196,122,186,333,2
6274,-6596,3196,122,186,333,2
6165,-6731,3465,73,144,209,2
6375,-6769,3454,25,108,91,2
6690,-6593,3266,-14,91,-18,2
7023,-6255,3073,-14,91,-61,2
7209,-6073,2977,19,96,-28,2
7267,-5992,2928,74,104,38,2
7310,-5968,2946,134,126,114,2
7201,-6088,3087,183,147,177,2
6781,-6416,3372,213,142,182,2
6411,-6580,3573,214,99,110,2
6397,-6595,3697,188,52,29,2
6919,-6067,3848,22,26,-43,2
6919,-6067,3848,22,26,-43,2
6935,-6033,3755,30,4,25,2
6982,-6047,3636,49,-11,100,2
7105,-6177,3184,-33,-52,-60,2
7105,-6177,3184,-33,-52,-60,2
7109,-6172,3187,-6,-37,-3,2
7025,-6204,3238,18,-29,46,2
6840,-6275,3320,34,-33,76,2
6651,-6359,3361,35,-51,79,2
6533,-6460,3318,9,-76,47,2
7059,-6101,2646,-60,-31,-37,2
7059,-6101,2646,-60,-31,-37,2
7030,-6068,2767,-23,-3,-6,2
6980,-6108,2976,9,20,37,2
6797,-6205,3201,35,30,62,2
6662,-6301,3353,44,17,58,2
6505,-6399,3482,33,-7,24,2
6493,-6446,3471,3,-35,-37,2
6678,-6259,3341,-20,-45,-96,2
6935,-6135,3161,-36,-51,-126,2
7125,-5956,3029,-42,-50,-128,2
7206,-5865,2992,-26,-37,-90,2
7206,-5809,2953,3,-22,-36,2
6902,-6255,3006,-26,-55,-63,2
6905,-6237,3087,-1,-55,-63,2
6969,-6241,3089,14,-56,-52,2
7073,-6162,3003,20,-49,-33,2
7128,-6073,2905,23,-32,1,2
7053,-6130,2883,23,-15,30,2
6875,-6182,2897,15,-9,28,2
6702,-6262,2923,0,-13,1,2
6881,-6195,2965,-54,-20,-63,2
6958,-6185,3011,-47,-13,-50,2
6981,-6188,3065,-25,-10,-21,2
6969,-6178,3040,-2,-13,9,2
6869,-6142,2843,22,0,46,2
6869,-6142,2843,22,0,46,2
6757,-6142,2770,26,5,38,2
6748,-6155,2627,21,0,11,2
6765,-6094,2464,11,-2,-18,2
6808,-6028,2185,8,3,-41,2
6856,-5883,1881,13,27,-61,2
6891,-5748,1559,23,69,-91,2
6997,-5524,1236,43,123,-148,2
7097,-5296,897,88,174,-183,2
7031,-5189,606,136,216,-214,2
7060,-5309,172,167,237,-289,2
7100,-5440,-498,267,227,-460,2
7034,-5218,-1482,394,194,-786,2
7852,-4963,-2816,652,312,-1278,2
7976,-5050,-3506,1032,507,-1720,2
7702,-4992,-4751,1397,729,-2123,2
8163,-5044,-6434,1691,1066,-2798,2
8273,-4324,-7683,1718,1434,-3742,2
8383,-2618,-8530,1643,1984,-4689,2
7577,-1768,-9810,1404,2685,-5524,2
5529,-2203,-11498,832,3575,-6006,2
5490,681,-11866,-119,5221,-6781,2
3448,4161,-10695,-1144,6799,-7647,2
-772,3549,-8796,-2459,7402,-7535,2
-2998,1610,-5722,-3069,8123,-6850,2
-5068,981,-1562,-2549,9330,-5660,2
-7031,-1302,3180,-2276,10188,-4072,2
-7932,-3745,7916,-1853,10632,-2093,2
-8984,-6782,12498,-1226,10536,-157,2
-8657,-10653,16601,-1080,9792,945,2
-8097,-11050,19457,-1512,8664,1327,2
-7965,-9664,21921,-1798,7500,1117,2
-7465,-9507,24707,-2103,6078,751,2
-7282,-8529,26129,-1920,4621,584,2
-6741,-7806,25161,-1286,3289,477,2
-5625,-7385,22817,-809,2184,309,2
-4509,-6800,20249,-655,1378,105,2
-1426,-3733,14372,-15,568,15,2
-1426,-3733,14372,-15,568,15,2
-940,-3474,13516,145,550,122,2
-583,-3454,12895,292,564,208,2
-469,-3378,12597,418,608,262,2
-439,-3450,12597,501,623,278,2
-435,-3561,12823,510,541,256,2
-313,-3446,11370,205,-608,-58,2
-313,-3446,11370,205,-608,-58,2
-387,-3223,11043,129,-701,-92,2
-573,-2980,10943,121,-714,-69,2
-735,-3021,11232,103,-716,6,2
-927,-3249,11885,85,-748,180,2
-1326,-3317,12567,191,-819,445,2
-1658,-3681,13219,280,-957,741,2
-2201,-3742,13609,383,-1144,1088,2
-2864,-3780,13915,408,-1375,1554,2
-3458,-4085,14492,245,-1692,2214,2
-3974,-4472,15320,150,-2197,2778,2
-4085,-4003,16542,453,-2967,3116,2
-3978,-4817,17746,1358,-3704,3131,2
5275,-3171,-2458,-2557,-3151,804,2
5729,-2955,-3672,-2254,-2954,691,2
6117,-2677,-4562,-1961,-2737,645,2
6255,-2689,-5448,-1768,-2495,690,2
6228,-3033,-6156,-1614,-2236,731,2
5955,-3403,-6677,-1516,-1967,728,2
5560,-3939,-6974,-1451,-1700,680,2
5348,-4552,-7314,-1365,-1440,604,2
5413,-5098,-7632,-1249,-1169,484,2
5862,-5614,-7720,-1063,-884,338,2
6353,-5917,-7275,-805,-572,198,2
6737,-6007,-6541,-454,-267,139,2
6961,-6029,-5590,-63,-5,160,2
7127,-6022,-4239,262,237,196,2
7209,-5933,-2747,470,465,207,2
6979,-5897,-1245,587,639,217,2
6990,-6653,3609,438,633,-177,2
7144,-6598,3881,440,549,-232,2
7386,-6293,3827,480,449,-238,2
7670,-5864,3663,524,360,-203,2
7878,-5460,3380,532,283,-156,2
8103,-5057,2971,497,230,-95,2
8103,-5057,2971,497,230,-95,2
8253,-4714,2596,433,217,3,2
7940,-4752,2609,341,229,104,2
7270,-5542,2596,0,120,189,2
7270,-5542,2596,0,120,189,2
7303,-5804,2153,-115,75,134,2
7443,-5804,1755,-196,74,72,2
7418,-6099,1825,-123,158,152,2
7418,-6099,1825,-123,158,152,2
7422,-6237,1913,-28,172,220,2
7478,-6332,2054,62,184,266,2
7508,-6296,2287,131,197,296,2
7444,-6270,2527,176,205,333,2
6984,-6571,2971,178,194,322,2
6644,-6696,3199,137,137,232,2
7436,-6043,2320,-3,54,0,2
7436,-6043,2320,-3,54,0,2
7508,-5900,2231,44,66,48,2
7544,-5904,2255,103,72,125,2
7403,-5980,2363,145,74,176,2
7113,-6100,2636,147,76,188,2
6743,-6373,3004,105,70,160,2
6598,-6615,3123,38,34,78,2
7397,-5979,2293,3,-4,-41,2
7397,-5979,2293,3,-4,-41,2
7403,-5885,2203,45,8,26,2
7404,-5826,2166,85,24,105,2
7358,-5809,2120,112,39,178,2
7119,-5910,2172,112,48,223,2
6812,-6111,2284,87,46,220,2
6639,-6337,2399,36,37,165,2
6501,-6530,2505,-24,21,70,2
6604,-6601,2472,-79,7,-34,2
6913,-6482,2394,-87,15,-91,2
7150,-6360,2449,-62,32,-106,2
7241,-6276,2500,-6,36,-87,2
7239,-6124,2583,63,41,-24,2
7266,-6112,2624,120,41,43,2
7152,-6125,2700,134,39,81,2
6924,-6195,2858,123,33,101,2
6784,-6363,2974,84,5,85,2
6730,-6490,2855,26,-33,15,2
7142,-6153,2442,5,-58,-83,2
7169,-6097,2348,-3,-51,-96,2
7198,-5988,2347,-1,-35,-85,2
7235,-5960,2351,7,-27,-58,2
7277,-5950,2364,25,-22,-25,2
7245,-6046,2493,38,-9,6,2
7143,-6180,2615,42,-7,18,2
7070,-6209,2677,42,-14,12,2
7069,-6233,2697,28,-22,1,2
7054,-6286,2652,1,-31,-25,2
7064,-6256,2555,-34,-37,-66,2
7179,-6203,2452,-49,-37,-86,2
7284,-5936,2366,60,-4,6,2
7230,-5912,2420,70,3,33,2
7139,-5979,2549,66,11,45,2
6987,-6106,2670,47,6,26,2
6878,-6120,2783,17,1,-5,2
6950,-6185,2831,-19,-11,-12,2
7034,-6174,2691,-49,-28,-23,2
7113,-6240,2456,-74,-36,-43,2
7184,-6208,2278,-80,-28,-84,2
7260,-6058,2202,-58,-5,-90,2
7304,-5980,2187,-20,13,-69,2
7333,-5868,2233,22,25,-41,2
7294,-5790,2334,51,31,-4,2
7227,-5859,2461,59,29,27,2
7101,-6014,2573,47,24,20,2
7006,-6020,2664,19,22,-2,2
7029,-6057,2768,-13,17,-11,2
7105,-6118,2796,-44,9,-19,2
7142,-6188,2727,-66,-2,-37,2
7241,-6098,2621,-66,-9,-52,2
7337,-6069,2546,-45,-6,-45,2
7351,-5994,2475,-13,-6,-26,2
7349,-5965,2366,14,-3,-5,2
7284,-5895,2324,29,4,0,2
7137,-5877,2384,32,9,15,2
6980,-6008,2533,20,1,15,2
6990,-6080,2546,-3,-14,-9,2
7072,-6108,2515,-29,-23,-44,2
7245,-6029,2497,-39,-21,-66,2
7371,-6010,2506,-31,-14,-58,2
7373,-6029,2491,-12,-11,-43,2
7338,-5982,2492,7,-13,-28,2
7338,-5982,2492,7,-13,-28,2
7326,-5918,2411,18,-9,-11,2
7309,-5894,2264,17,1,9,2
7248,-5922,2142,20,13,25,2
7116,-5985,2083,22,16,23,2
7084,-5988,2043,25,23,8,2
7175,-5974,1871,104,38,-33,2
7175,-5974,1871,104,38,-33,2
7233,-5881,1689,130,64,-31,2
7277,-5777,1456,166,102,-20,2
7284,-5739,1169,225,142,-11,2
7263,-5681,660,349,168,-13,2
7229,-5595,-40,574,195,-2,2
7167,-5549,-612,911,200,-32,2
7442,-5493,-1265,1255,190,-152,2
7685,-5199,-2558,1581,208,-313,2
8079,-5217,-3694,1951,267,-550,2
8028,-5227,-4862,2299,428,-841,2
8733,-4968,-5661,2801,853,-1377,2
7859,-4580,-5758,3161,1263,-2022,2
7444,-4591,-5882,3278,1698,-2596,2
7501,-3867,-6191,3141,2311,-3244,2
7194,-3102,-6381,2629,2909,-4190,2
6763,-2409,-6477,2131,3546,-4996,2
5270,-1828,-6337,1731,4240,-5388,2
3675,-1465,-5618,998,5126,-5505,2
3329,506,-5055,270,6238,-6450,2
806,117,-4649,-652,6984,-6900,2
-940,-89,-3562,-1599,7729,-6461,2
-2608,-89,-1383,-1837,8739,-6014,2
-4830,-592,747,-1582,9662,-5454,2
-6809,-1161,2942,-1548,10121,-4540,2
-8211,-2099,5512,-1920,10168,-3235,2
-9747,-3374,8767,-2272,10081,-1815,2
-11098,-3895,13015,-1785,10123,-759,2
-11557,-4301,18408,-1189,9933,-12,2
-11553,-4720,24122,-842,8976,526,2
-11220,-5159,27704,-553,7285,1041,2
-10334,-5751,27323,184,5156,1447,2
-9305,-6134,23564,966,3355,1258,2
-8418,-5585,19527,937,2173,619,2
-7951,-4246,17684,138,1446,32,2
-7764,-3256,17714,-488,1024,-378,2
-7187,-2698,18068,-657,678,-568,2
-6360,-2395,17588,-520,295,-541,2
-5610,-2151,16279,-172,-5,-373,2
-5011,-1786,14862,140,-153,-157,2
-4397,-1388,13952,400,-143,36,2
-3893,-960,13277,739,-41,245,2
-2492,-1551,11735,709,-223,401,2
-2413,-1502,11667,537,-333,335,2
-2430,-1547,11813,423,-443,281,2
-2594,-1786,12107,280,-609,256,2
-2765,-2049,12538,97,-842,307,2
-2961,-2512,13047,-47,-1108,489,2
-3204,-2619,13330,-113,-1373,893,2
-3583,-2322,13222,-86,-1648,1449,2
-3793,-2369,12902,-32,-1995,1989,2
-4409,-84,13688,259,-3119,3155,2
-4914,-706,14655,1311,-3464,3790,2
-5451,-1816,16233,2086,-3811,4325,2
-6176,-3105,17801,2664,-4306,4646,2
-7550,-4938,19670,2363,-5342,4435,2
-10115,-6065,21731,1342,-6956,3753,2
-12346,-4369,22417,465,-8148,3211,2
-11153,1788,20583,-129,-8870,2939,2
6766,1234,-1030,-4372,-5414,772,2
6097,1735,-1570,-3979,-4673,541,2
5176,304,-1496,-3527,-4187,874,2
5375,-1930,-2446,-3118,-3896,1171,2
5797,-2336,-2850,-2468,-3577,969,2
5819,-1812,-3148,-1909,-3323,859,2
5985,-1880,-3957,-1488,-3114,959,2
5898,-2096,-4465,-1175,-2893,1132,2
5809,-2480,-4976,-1037,-2657,1287,2
5863,-3055,-5476,-982,-2418,1341,2
5838,-3796,-6012,-1001,-2160,1253,2
6082,-4447,-6642,-1049,-1901,1033,2
6460,-4831,-7072,-1032,-1603,703,2
7567,-4728,-6852,-511,-651,213,2
7762,-4670,-6154,-209,-365,239,2
7286,-5341,-1134,486,543,311,2
7116,-5804,265,539,625,188,2
7204,-5797,1286,547,644,-25,2
7563,-5427,2001,549,647,-189,2
7860,-5232,2615,507,633,-310,2
8175,-4689,3040,493,605,-359,2
8467,-4394,3281,530,563,-307,2
8467,-4394,3281,530,563,-307,2
8504,-4113,3426,568,507,-220,2
8486,-3950,3549,565,442,-124,2
8461,-3818,3597,523,377,-19,2
8462,-3799,3429,445,306,87,2
8177,-4023,3249,336,219,134,2
8029,-4271,2978,202,129,109,2
8190,-4267,2638,69,79,97,2
8414,-4254,2224,-38,67,116,2
8511,-4436,1974,-86,67,156,2
8427,-4685,1990,-82,84,206,2
8176,-5153,2123,31,71,356,2
8176,-5153,2123,31,71,356,2
8089,-5381,2045,-1,69,316,2
7837,-5232,2178,-125,79,62,2
7823,-5296,2134,-93,70,83,2
7869,-5440,2029,-87,51,68,2
8004,-5291,1880,-77,50,18,2
8160,-5081,1830,-36,71,6,2
8232,-4905,1753,22,92,40,2
8317,-4917,1684,80,110,93,2
7907,-4966,2827,99,174,-41,2
7854,-5074,3040,96,135,-28,2
7841,-5018,3101,71,92,-16,2
7892,-4934,3045,51,52,23,2
7999,-4923,2899,41,23,68,2
8026,-4936,2712,33,0,87,2
7945,-4940,2644,33,-16,99,2
7905,-5013,2688,51,-27,138,2
7789,-5364,2571,27,-60,117,2
7844,-5403,2508,7,-56,87,2
7789,-5503,2504,-1,-59,58,2
7944,-5130,2288,-28,-52,-10,2
8016,-5054,2267,-37,-43,18,2
8063,-5027,2241,-41,-29,55,2
8035,-5085,2268,-34,-15,89,2
7826,-5310,2400,2,-21,99,2
7751,-5452,2533,13,-34,79,2
7709,-5516,2638,15,-53,46,2
7763,-5500,2579,-6,-80,-12,2
7954,-5281,2384,-32,-89,-37,2
8109,-5111,2170,-40,-79,-25,2
8174,-5039,2037,-45,-56,4,2
8129,-5006,2037,-42,-26,41,2
8086,-4964,2048,-28,-3,80,2
7874,-5111,2120,-9,1,105,2
7630,-5314,2217,2,-10,84,2
7565,-5335,2276,3,-25,39,2
7666,-5323,2323,-7,-32,3,2
7768,-5306,2359,-30,-30,-36,2
7875,-5215,2326,-49,-25,-59,2
7982,-5148,2305,-51,-17,-59,2
8017,-5049,2340,-24,-1,-12,2
8057,-5078,2382,8,8,42,2
7709,-5239,2540,23,-10,69,2
7758,-5230,2397,3,-34,41,2
7826,-5206,2227,-26,-37,9,2
7861,-5183,2187,-50,-23,-7,2
7899,-5217,2172,-53,-12,-3,2
7917,-5237,2168,-39,-5,7,2
7940,-5226,2154,-20,1,24,2
7960,-5187,2130,2,12,44,2
7919,-5193,2160,18,22,57,2
7849,-5213,2217,23,28,59,2
7763,-5248,2281,26,25,60,2
7701,-5304,2334,11,15,38,2
7770,-5237,2318,-10,6,17,2
7909,-5158,2212,-33,3,5,2
7986,-5056,2011,-47,4,7,2
8002,-5036,1822,-47,15,22,2
7919,-5014,1650,-37,32,39,2
7790,-5000,1531,-22,49,51,2
7720,-4959,1352,-7,65,60,2
7711,-4875,1053,13,87,59,2
7714,-4800,781,38,120,50,2
7673,-4686,515,51,168,27,2
7698,-4514,158,70,227,15,2
7070,-3750,-8803,1073,4065,-5136,2
5934,-2393,-9071,340,4906,-6104,2
5934,-2393,-9071,340,4906,-6104,2
3653,-1393,-9222,-646,6311,-6978,2
2419,1831,-7871,-1930,8239,-8544,2
-2631,3593,-4905,-3604,9200,-9137,2
-6668,2587,-809,-4705,9740,-8206,2
-7844,-338,2789,-4485,10388,-6288,2
-8048,-3948,6003,-3787,10666,-3270,2
-8836,-7644,10696,-2985,10639,-377,2
-9808,-9931,16162,-2112,10346,1001,2
-9791,-10446,21884,-1893,9345,1429,2
-7987,-11576,27983,-2319,7539,1728,2
-3523,-10773,22302,400,1862,1609,2
-3523,-10773,22302,400,1862,1609,2
-3037,-8952,18649,-173,863,732,2
-3270,-6699,17663,-524,579,222,2
-3413,-4793,17680,-614,447,-41,2
-2584,-4491,17317,-780,71,-123,2
-1236,-4956,16315,-647,-239,-99,2
-349,-4743,15028,-208,-310,9,2
88,-3906,13625,198,-271,129,2
421,-3037,12367,403,-232,241,2
873,-2721,11577,468,-185,332,2
1223,-2731,11206,558,-102,418,2
1426,-2907,10976,648,-55,457,2
1606,-3112,10780,606,-110,398,2
1616,-3216,10642,485,-219,298,2
1450,-2978,10470,434,-297,226,2
1334,-2833,10276,395,-364,183,2
1279,-2855,10064,323,-442,133,2
1272,-2804,9856,223,-526,63,2
1200,-2638,9705,177,-571,41,2
1037,-2553,9665,185,-565,58,2
876,-2478,9835,216,-526,99,2
758,-2399,10138,277,-480,177,2
681,-2409,10451,411,-438,297,2
567,-2755,10757,608,-392,433,2
59,-3306,11668,920,-354,876,2
59,-3306,11668,920,-354,876,2
-203,-4010,12466,927,-416,1228,2
-714,-4459,13289,874,-591,1769,2
-1531,-4619,14415,816,-906,2472,2
-2675,-4385,16230,1066,-1461,3241,2
-4355,-4470,18747,1960,-2261,3998,2
-7008,-4956,22351,2972,-3400,5065,2
-9075,-6311,25986,4009,-5072,6450,2
-9666,-9014,26939,4435,-7217,6854,2
-10785,-9841,24268,2907,-9396,5267,2
-10264,-4489,18522,548,-10416,2744,2
-7320,5590,12999,-1520,-10248,1568,2
-433,9912,7427,-2575,-9739,469,2
5385,12462,4143,-3074,-8944,85,2
4550,11287,2582,-3691,-8546,1565,2
5876,8406,-3410,-4350,-7996,3552,2
6401,3108,-5801,-4667,-6635,4523,2
6608,-2247,-4358,-4628,-5425,4088,2
6743,-3848,-4778,-3945,-4673,2831,2
6320,-2187,-5431,-3110,-4063,1729,2
5870,-1502,-5320,-2402,-3521,1380,2
5821,-2731,-5619,-1867,-3140,1268,2
5764,-3471,-5706,-1342,-2777,1005,2
5885,-3148,-5687,-890,-2462,768,2
6018,-2721,-5808,-608,-2204,707,2
6189,-2772,-5807,-462,-1946,834,2
6269,-3432,-5662,-430,-1662,998,2
6272,-4207,-5698,-444,-1399,1053,2
6319,-4703,-5776,-464,-1149,966,2
6341,-5364,-5691,-505,-894,816,2
6451,-6083,-5469,-577,-656,515,2
6569,-5915,-5118,-539,-401,191,2
7036,-5790,-4568,-353,-151,27,2
7492,-5788,-3996,-121,76,-45,2
7770,-5510,-3110,141,300,-55,2
7927,-5350,-1930,374,500,-2,2
7970,-5321,-786,559,644,44,2
7161,-5783,3671,668,637,-153,2
7161,-5783,3671,668,637,-153,2
7538,-5305,3889,568,547,-256,2
7974,-4886,3805,442,465,-307,2
8334,-4546,3514,326,394,-293,2
8537,-4388,3255,242,333,-245,2
8616,-4243,2959,195,289,-162,2
8551,-4270,2797,179,251,-62,2
8256,-4467,2825,188,210,30,2
8081,-4708,2842,205,155,106,2
7980,-4889,2777,135,55,111,2
7980,-4889,2777,135,55,111,2
8118,-4798,2609,36,34,103,2
8227,-4869,2372,-65,33,127,2
8126,-5102,2202,-128,32,144,2
7784,-5518,2037,35,120,122,2
7553,-5687,2370,41,117,46,2
7614,-5621,2601,34,93,-49,2
7792,-5390,2663,18,69,-102,2
8000,-5153,2600,18,54,-94,2
8141,-5048,2473,27,43,-39,2
8152,-5021,2305,30,37,12,2
8084,-5038,2163,26,44,39,2
8084,-5038,2163,26,44,39,2
7919,-5060,2118,23,53,44,2
7820,-5027,2164,25,59,50,2
7787,-5086,2211,24,58,52,2
7707,-5275,2299,17,44,19,2
7679,-5326,2419,1,31,-47,2
7808,-5290,2457,-14,19,-100,2
7854,-5079,2461,2,21,-88,2
7932,-5039,2500,30,22,-21,2
8032,-5020,2440,43,21,46,2
8054,-4978,2358,50,26,102,2
8019,-4989,2327,59,38,155,2
7986,-4989,2256,66,47,193,2
7904,-5109,2230,56,47,200,2
7756,-5236,2232,35,41,164,2
7703,-5322,2241,6,35,109,2
7692,-5340,2233,-5,33,58,2
7744,-5346,2273,-3,34,33,2
7875,-5304,2280,12,34,37,2
7970,-5290,2311,35,41,64,2
7787,-5419,2602,113,61,118,2
7787,-5419,2602,113,61,118,2
7937,-5361,2327,-15,-15,-40,2
7937,-5361,2327,-15,-15,-40,2
7897,-5322,2452,18,-8,-17,2
7826,-5296,2621,66,-10,31,2
7856,-5223,2658,90,-17,75,2
7909,-5136,2656,88,-15,121,2
7859,-5328,2636,63,-18,146,2
7719,-5423,2578,18,-37,109,2
7740,-5497,2189,-57,-28,-18,2
7855,-5417,2557,-3,-18,-13,2
7855,-5417,2557,-3,-18,-13,2
7823,-5370,2654,13,-11,-7,2
7778,-5385,2734,28,-18,9,2
7733,-5433,2681,22,-38,12,2
7743,-5470,2585,-11,-53,-4,2
7783,-5466,2468,-38,-60,-13,2
7811,-5449,2321,-48,-65,-23,2
7871,-5376,2190,-53,-64,-28,2
7880,-5345,2139,-45,-54,-20,2
7849,-5318,2147,-25,-40,-4,2
7842,-5293,2151,-10,-31,17,2
7792,-5376,2217,-3,-23,33,2
7709,-5408,2245,-3,-19,10,2
7717,-5291,2231,-5,-17,-4,2
7722,-5299,2256,-17,-11,-4,2
7713,-5299,2310,-33,-5,-5,2
7698,-5322,2390,-46,1,-2,2
7680,-5394,2424,-53,-2,-4,2
7747,-5382,2351,-53,-6,-8,2
7790,-5332,2245,-46,-2,-4,2
7865,-5235,2157,-33,5,7,2
7866,-5159,2116,-17,22,30,2
7570,-5273,2376,-9,28,43,2
7570,-5273,2376,-9,28,43,2
7715,-5317,2328,-18,20,42,2
7753,-5412,2297,-26,21,36,2
7753,-5480,2346,-28,28,20,2
7773,-5476,2382,-27,35,1,2
7790,-5375,2377,-13,39,-1,2
7850,-5278,2341,3,42,17,2
7886,-5180,2309,19,49,45,2
7689,-5250,2328,25,56,71,2
7521,-5371,2426,17,54,58,2
7490,-5475,2431,10,43,44,2
7613,-5437,2292,-3,30,12,2
7745,-5348,2205,-10,39,1,2
7823,-5328,2148,-11,49,4,2
7836,-5327,2178,0,60,19,2
7818,-5393,2280,13,71,39,2
7801,-5429,2335,21,75,50,2
7790,-5435,2324,25,79,50,2
7729,-5439,2287,19,84,43,2
7728,-5389,2244,10,84,35,2
7716,-5400,2255,0,89,34,2
7677,-5436,2314,1,94,31,2
7588,-5620,2535,38,87,32,2
7643,-5621,2585,60,83,18,2
7734,-5494,2675,63,89,5,2
7755,-5352,2703,55,94,6,2
7756,-5251,2638,36,91,19,2
7759,-5160,2450,20,87,43,2
7679,-5223,2239,0,91,62,2
7476,-5346,2030,-11,96,60,2
7356,-5493,1784,-11,105,38,2
7448,-5534,1447,60,144,12,2
7448,-5534,1447,60,144,12,2
7374,-5569,1485,129,185,1,2
7302,-5625,1551,207,224,-7,2
7298,-5626,1617,292,259,-12,2
7241,-5667,1739,388,296,-1,2
7180,-5740,1930,498,324,9,2
7120,-5475,2499,917,435,-53,2
7120,-5475,2499,917,435,-53,2
7267,-5493,2913,964,465,-70,2
7410,-5554,3435,992,478,-99,2
7562,-5384,3944,992,484,-126,2
7761,-5226,4355,951,486,-128,2
7878,-5047,4752,870,480,-115,2
7866,-4936,5146,756,469,-83,2
7784,-4927,5418,613,431,-55,2
8022,-4547,4361,210,43,-126,2
8022,-4547,4361,210,43,-126,2
7998,-4411,4357,203,27,-108,2
7896,-4383,4443,159,9,-82,2
7848,-4405,4440,94,-19,-59,2
7910,-4357,4270,25,-39,-44,2
8012,-4308,4112,-37,-45,-20,2
8128,-4377,4022,-84,-44,6,2
8141,-4431,3914,-102,-49,22,2
8054,-4512,3865,-99,-52,38,2
7903,-4624,3927,-88,-58,46,2
7750,-4721,4030,-79,-70,43,2
7686,-4805,4046,-71,-92,27,2
7636,-5779,1680,-373,-245,-903,2
7636,-5779,1680,-373,-245,-903,2
7714,-5845,806,-230,-177,-1240,2
7618,2540,-13331,-3153,4097,-9769,2
7618,2540,-13331,-3153,4097,-9769,2
4510,1743,-13555,-3864,5262,-8825,2
2079,988,-12596,-3558,6898,-6857,2
538,544,-9217,-2353,8806,-5624,2
-1749,1247,-5027,-1787,10208,-4534,2
-3180,46,-300,-2052,10511,-3396,2
-4388,-1352,4186,-2233,10320,-1787,2
-5938,-4774,7411,-1794,10203,-528,2
-5771,-8894,10680,-1903,9829,-103,2
-6196,-8203,14735,-2330,9082,-314,2
-7046,-6748,20107,-3070,7614,-451,2
-6677,-7412,25291,-3097,5909,-353,2
-6438,-7626,26752,-2041,4335,-96,2
-5982,-7082,24414,-1138,2782,-88,2
-5642,-5937,21192,-815,1589,-325,2
-5852,-3854,19158,-769,965,-465,2
-5735,-2261,18182,-851,630,-472,2
-4777,-2147,17280,-929,345,-400,2
-3646,-2749,16224,-789,215,-327,2
-3004,-3059,15548,-423,314,-302,2
-3207,-2133,15505,-29,493,-235,2
-3531,-1282,16168,180,519,19,2
-3419,-1138,16897,394,383,391,2
-3278,-1306,17055,695,158,752,2
-3391,-1107,16941,902,-103,1152,2
-4000,-538,16980,948,-394,1710,2
-4795,-398,17340,806,-741,2469,2
-5355,-1100,18093,533,-1219,3339,2
-5346,-2843,18775,286,-1839,4062,2
-4673,-5112,19033,206,-2604,4263,2
-3982,-7114,19245,542,-3274,3755,2
-4122,-6251,19528,1079,-3739,3075,2
-8282,234,21383,2220,-5583,2962,2
-9032,1374,21755,2349,-6348,4166,2
-9123,3110,20386,1767,-7319,5344,2
-9747,3076,17540,789,-8112,5816,2
-8958,2407,14679,-786,-9118,5550,2
-7346,3354,10494,-2369,-9763,5114,2
-3615,2894,5751,-3575,-9805,4014,2
-226,3486,1426,-4218,-9428,2172,2
-1533,4811,1374,-4838,-9191,1129,2
-1732,5898,-1923,-5486,-9180,1336,2
-1732,5898,-1923,-5486,-9180,1336,2
-275,5139,-6505,-5440,-8838,1865,2
1385,3330,-9944,-5265,-8228,2156,2
2725,1343,-12975,-5211,-7420,1788,2
3735,-2485,-20164,-2665,-4769,557,2
3735,-2485,-20164,-2665,-4769,557,2
4125,-2882,-21535,-1472,-3995,302,2
5310,-2378,-22932,-377,-3231,198,2
6712,-1546,-23072,424,-2314,303,2
7488,-1251,-21293,836,-1302,531,2
7276,-1808,-17872,928,-376,793,2
6790,-2546,-13800,780,387,923,2
6517,-3278,-9864,504,980,1043,2
6244,-4452,-6220,262,1390,1111,2
6026,-5734,-3007,108,1596,1003,2
5863,-6499,-240,50,1644,769,2
5980,-6666,1986,145,1560,599,2
6496,-6605,3403,301,1400,492,2
6985,-6500,4294,412,1200,366,2
7418,-6395,4698,486,961,286,2
7806,-6414,4593,531,728,234,2
8697,-5065,810,186,99,-126,2
8697,-5065,810,186,99,-126,2
8952,-4777,99,145,70,-64,2
9192,-4656,-369,153,82,63,2
9161,-4867,-463,178,113,197,2
8863,-5285,-198,204,130,294,2
8521,-5780,259,235,132,346,2
8317,-6082,594,253,107,334,2
8208,-6227,782,235,67,285,2
8136,-6207,834,180,21,205,2
8200,-5998,699,119,-11,134,2
8273,-5760,408,77,-28,102,2
8303,-5577,46,59,-31,99,2
8315,-5442,-219,60,-23,113,2
8192,-5371,-304,89,7,148,2
7939,-5577,-266,135,35,194,2
7679,-5870,-266,193,38,170,2
7564,-5924,-196,277,43,90,2
7594,-5832,17,347,60,-7,2
7694,-5603,260,392,72,-101,2
7801,-5452,499,413,77,-169,2
7943,-5188,638,395,78,-220,2
8053,-4917,750,338,86,-201,2
8138,-4799,775,284,108,-105,2
8182,-4784,733,233,112,0,2
8170,-4837,676,188,101,74,2
8023,-5120,666,160,93,103,2
7860,-5329,645,125,68,52,2
7829,-5305,566,132,43,-13,2
7950,-5239,427,176,26,-49,2
8116,-5102,268,230,19,-56,2
8207,-4940,132,289,28,-30,2
8207,-4857,14,348,44,17,2
8109,-4811,-325,506,135,227,2
7928,-5104,-166,568,167,284,2
7676,-5609,-13,625,173,258,2
7599,-5807,129,665,165,148,2
7696,-5681,387,713,190,35,2
7891,-5505,670,759,229,-17,2
8029,-5340,911,798,243,-36,2
8121,-5255,1092,827,244,-35,2
8152,-5189,1212,852,249,-23,2
8150,-5084,1261,870,255,-1,2
8230,-4986,1336,882,261,25,2
8211,-5019,1553,888,280,61,2
7954,-5257,1897,896,273,69,2
7790,-5334,2117,907,222,46,2
7832,-5285,2104,907,163,23,2
7769,-4527,476,986,131,62,2
7635,-3924,-240,1253,425,99,2
7552,-3994,189,1339,528,98,2
7565,-3873,867,1440,626,100,2
7616,-3793,1441,1529,678,144,2
7629,-3738,1806,1581,706,200,2
7597,-3693,2068,1585,727,249,2
7541,-3721,2236,1545,744,278,2
7462,-3769,2408,1465,763,284,2
7470,-3917,2723,1368,795,290,2
7467,-4164,3310,1291,835,282,2
7558,-4417,3967,1251,858,272,2
7635,-4654,4537,1261,859,275,2
7634,-4875,5160,1316,850,272,2
7664,-4915,5745,1390,813,271,2
7765,-4834,6128,1449,755,281,2
7780,-4662,6432,1468,688,305,2
7775,-4608,6780,1433,613,335,2
7558,-4719,7801,1083,250,325,2
7558,-4719,7801,1083,250,325,2
7598,-4637,7808,980,142,306,2
7734,-4535,7597,869,35,313,2
7778,-4483,7410,756,-52,338,2
7699,-4523,7279,657,-132,377,2
7586,-4547,7075,582,-211,409,2
7472,-4550,6803,532,-303,437,2
7437,-4583,6463,493,-387,468,2
7289,-4808,5897,402,-522,460,2
7365,-4502,4670,324,-639,452,2
7365,-4502,4670,324,-639,452,2
7292,-4528,4441,312,-634,473,2
7288,-4508,4191,322,-629,506,2
7163,-4593,4023,334,-622,547,2
7006,-4798,3899,341,-627,568,2
6885,-5081,3782,339,-646,538,2
6979,-5266,3508,343,-661,466,2
7696,-4676,2304,706,-450,399,2
7696,-4676,2304,706,-450,399,2
7719,-4568,2184,783,-364,452,2
7848,-4484,1776,856,-325,482,2
7927,-4721,-12603,2227,2357,-3767,2
7927,-4721,-12603,2227,2357,-3767,2
6897,-3524,-12994,1666,3219,-4688,2
6123,-3162,-13294,1273,4129,-5358,2
4788,-2219,-12803,696,5040,-5852,2
4471,1442,-11842,-205,6217,-6994,2
719,3106,-9627,-1213,7303,-7912,2
-3672,1926,-5492,-2081,8348,-7813,2
-6465,1324,-462,-2204,9554,-7038,2
-7923,931,5430,-1595,10283,-5884,2
-7861,-749,11050,-956,10124,-3363,2
-7453,-5047,14139,227,9232,-515,2
-6566,-13030,16526,775,8236,156,2
-7428,-13321,19701,-1283,6319,-530,2
-9824,-8160,22896,-3081,4228,-1046,2
-10786,-5919,24593,-3324,2887,-1170,2
-10316,-5215,23874,-2838,1953,-852,2
-7773,-2029,20387,464,2278,771,2
-6936,-2865,20594,934,2299,1164,2
-6176,-3702,20909,1085,2007,1282,2
-5737,-3336,20878,1117,1489,1281,2
-5739,-2591,20083,1038,849,1396,2
-5919,-1836,18766,882,304,1605,2
-6228,-799,17765,564,-84,2041,2
-6469,-294,17307,346,-324,2796,2
-6662,-853,16896,338,-1178,5324,2
-6699,-682,17220,874,-1494,5663,2
-6730,-371,17204,1477,-1838,5874,2
-6641,79,16419,1823,-2162,5884,2
-7339,1478,15525,1825,-2363,5931,2
-8474,3226,15379,1330,-2492,6255,2
-8759,3938,16168,334,-2788,6448,2
-6144,3010,11937,-3612,-4608,5014,2
-5933,2245,11497,-4062,-4642,3934,2
-156,523,4277,-2710,-5695,2457,2
646,90,3259,-2910,-5597,2177,2
1643,63,1069,-3298,-5523,1929,2
2566,-492,-1656,-3810,-5352,1741,2
3015,-1726,-4307,-4188,-5043,1600,2
3407,-3835,-7089,-4153,-4712,1428,2
3808,-6128,-10319,-3648,-4438,1260,2
4176,-11995,-20412,1567,-3281,843,2
7340,-5006,5918,-638,-66,231,2
7340,-5006,5918,-638,-66,231,2
7269,-5296,5263,-524,-113,225,2
7270,-5511,4757,-301,-168,233,2
7389,-5534,4326,-25,-219,254,2
6715,-5814,4461,-17,-153,304,2
6715,-5814,4461,-17,-153,304,2
6994,-5789,4313,-26,-124,249,2
7172,-5627,4339,42,-124,224,2
7315,-5405,4385,137,-150,229,2
7529,-5123,4401,205,-166,251,2
7525,-4932,4507,223,-157,291,2
7368,-4923,4715,189,-145,345,2
6790,-5632,5220,-46,-176,304,2
6760,-5709,5156,-105,-194,197,2
6810,-5631,4948,-118,-193,126,2
6901,-5559,4778,-87,-198,92,2
6869,-5455,4734,-21,-204,73,2
6797,-5280,4796,67,-202,86,2
6761,-5122,4823,143,-207,125,2
6239,-5405,5062,34,-223,213,2
6207,-5648,4838,-91,-219,132,2
6261,-5724,4613,-162,-195,51,2
6343,-5747,4514,-140,-168,21,2
6389,-5724,4591,-45,-160,31,2
6416,-5610,4711,70,-169,65,2
6507,-5418,4732,144,-176,112,2
6523,-5254,4647,163,-172,166,2
6165,-5402,4891,125,-151,213,2
5901,-5707,5095,36,-158,210,2
5834,-5882,4983,-86,-173,129,2
6204,-5891,4223,-66,31,78,2
6041,-5854,4550,58,46,108,2
5845,-5755,4925,133,45,126,2
5666,-5764,5219,142,22,127,2
5525,-5874,5379,84,-9,86,2
5572,-5895,5269,-12,-27,9,2
5830,-5930,4968,-109,-18,-71,2
6306,-5636,4759,63,79,1,2
6211,-5613,4903,119,86,62,2
6095,-5930,5238,-15,150,45,2
5870,-6045,5383,-16,127,58,2
5706,-6177,5414,-45,78,31,2
6179,-5961,4514,-153,46,-96,2
6259,-5891,4455,-120,65,-94,2
6214,-5790,4587,-58,72,-73,2
6197,-5731,4771,1,66,-45,2
6188,-5634,4855,36,58,-26,2
6062,-5630,4936,52,48,-10,2
5942,-5742,5048,53,22,-4,2
5962,-5782,5006,47,-13,-28,2
6138,-5699,4916,15,-26,-68,2
6397,-5626,4834,-35,-6,-88,2
6530,-5614,4830,-94,20,-85,2
6542,-5602,4878,-117,36,-59,2
6437,-5689,4934,-98,33,-19,2
6255,-5830,5023,-74,13,10,2
6154,-5906,5065,-60,-12,9,2
6154,-5906,5065,-60,-12,9,2
6144,-5919,4971,-65,-37,-14,2
6225,-5909,4807,-84,-50,-31,2
6324,-5901,4641,-98,-53,-48,2
6348,-5876,4562,-110,-44,-60,2
6353,-5858,4574,-95,-34,-53,2
6293,-5907,4665,-72,-38,-41,2
6873,-5697,4432,-101,-241,-53,2
6846,-5695,4137,-109,-239,-34,2
6765,-5785,3776,-103,-230,-18,2
6609,-5962,3395,-89,-224,-44,2
6356,-6209,2794,-66,-245,-171,2
6243,-6138,2408,18,-278,-436,2
6289,-6167,1842,69,-305,-706,2
6363,-6486,654,90,-404,-1016,2
7304,-6182,-1737,136,-535,-1236,2
7792,-5649,-4879,245,-565,-1647,2
9712,-6046,-7817,742,-210,-3047,2
9451,-5105,-9834,1212,100,-3998,2
9082,-4031,-12003,1511,453,-4016,2
9071,-4547,-13667,1508,967,-4382,2
8731,-5371,-14952,1072,1555,-5214,2
7580,-4886,-16009,404,2303,-6210,2
4720,-5510,-16475,-563,3260,-7350,2
3143,-4947,-15736,-2003,4769,-9095,2
2187,50,-14129,-3193,6562,-10625,2
-2347,330,-11566,-4355,7659,-9864,2
-3659,-77,-7495,-3855,9220,-8594,2
-5921,422,-2269,-2239,10652,-7128,2
-7580,1002,3945,-1166,11362,-5015,2
-8984,-536,11093,-393,11113,-2184,2
-10259,-5435,18168,38,10002,196,2
-9556,-11411,23240,-824,8504,549,2
-9251,-10494,25921,-2078,6723,-119,2
-9408,-7938,26702,-2349,4938,-618,2
-8911,-5606,25876,-2318,3456,-834,2
-7607,-4765,22969,-2232,2225,-776,2
-5666,-5018,19825,-2041,1536,-787,2
-4929,-4550,18172,-1678,1503,-623,2
-4851,-4737,17417,-1133,1751,-442,2
-4721,-4562,17090,-239,2120,-371,2
-5038,-3872,16976,451,2394,-267,2
-5785,-3039,17204,744,2420,-170,2
-6229,-2120,17775,838,2282,-90,2
-6112,-1292,17989,876,2021,-4,2
-4720,-299,15945,1104,1066,430,2
-4665,-694,15419,1118,896,658,2
-4856,-1419,15523,821,630,927,2
-5332,-1684,15796,620,365,1358,2
-6456,-2049,15962,536,143,1956,2
-8244,-2911,16734,307,-66,2801,2
-9648,-3294,18417,70,-372,3765,2
-10964,-1978,21230,249,-960,4450,2
-12197,-296,25161,773,-2073,4985,2
-13917,197,29457,1154,-3767,5436,2
-15578,266,-32615,953,-5991,6118,2
-16908,417,32566,581,-8172,6630,2
-4235,10714,7097,-3778,-9814,2767,2
-787,1161,-5918,-4476,-7204,3792,2
993,-90,-8415,-4319,-6380,3628,2
2595,-1435,-10569,-3972,-5554,3092,2
3082,-2830,-11670,-3189,-4805,2439,2
5286,-5159,-12227,479,-1866,1332,2
5423,-5782,-12244,50,-1304,1316,2
5614,-6292,-12030,-389,-703,1255,2
5778,-6697,-11346,-659,-86,1159,2
6026,-7296,-9954,-741,469,1005,2
6247,-7386,-8439,-671,879,830,2
6743,-7303,-6587,-288,1260,550,2
6774,-6878,-4183,201,1557,384,2
6750,-6656,-1448,669,1780,310,2
6531,-6553,1593,1080,1926,265,2
7351,-5521,3827,133,121,355,2
7167,-5681,3988,136,158,424,2
6908,-5839,4233,120,190,483,2
6640,-5958,4400,96,191,534,2
6413,-6217,4622,69,167,573,2
6352,-6559,4746,63,131,581,2
6322,-6762,4673,77,89,525,2
6342,-6705,4452,104,53,441,2
6562,-6508,4189,136,37,368,2
6705,-6272,3955,164,40,325,2
6760,-6144,3885,183,68,297,2
6780,-6033,3978,194,107,263,2
6512,-5985,4406,202,155,241,2
6684,-5470,4285,-112,-22,-115,2
6684,-5470,4285,-112,-22,-115,2
6766,-5506,4189,-80,-11,-62,2
6705,-5579,4224,-12,-9,-4,2
6648,-5570,4322,59,-12,44,2
6403,-5581,4516,111,-17,82,2
6184,-5652,4716,118,-43,98,2
6159,-5715,4707,80,-77,89,2
6343,-5767,4441,-1,-99,53,2
6580,-5745,4098,-83,-83,13,2
6769,-5713,3894,-127,-36,-1,2
6830,-5664,3833,-120,13,28,2
6818,-5640,3866,-67,46,102,2
6693,-5765,3958,1,66,191,2
6496,-5892,4116,61,79,252,2
6208,-6035,4460,95,88,271,2
5832,-6211,4944,91,77,257,2
6438,-6117,4435,-87,-47,-47,2
6438,-6117,4435,-87,-47,-47,2
6453,-6051,4284,-55,-50,-3,2
6427,-6097,4125,-15,-44,34,2
6359,-6104,4049,22,-31,45,2
6288,-6094,4027,50,-17,43,2
6213,-6210,4130,64,-10,17,2
6068,-6268,4334,61,-11,-54,2
6253,-5806,4587,121,55,121,2
6253,-5806,4587,121,55,121,2
6071,-6013,4863,104,31,114,2
6070,-6070,4846,72,-15,65,2
6196,-6045,4636,27,-52,4,2
6356,-6004,4375,-15,-59,-54,2
6459,-5856,4216,-39,-35,-81,2
6487,-5854,4216,-35,-8,-56,2
6502,-5858,4263,-5,0,-18,2
6493,-5862,4365,36,9,23,2
6387,-5855,4484,69,13,56,2
6232,-5904,4588,74,7,73,2
6137,-5976,4659,51,-8,63,2
6213,-5962,4485,22,-21,34,2
6288,-5935,4292,5,-19,2,2
6336,-5851,4167,-1,-11,-26,2
6420,-5761,4149,1,2,-26,2
6489,-5777,4205,18,20,1,2
6480,-5798,4278,41,37,33,2
6421,-5821,4425,63,49,64,2
6287,-5925,4618,75,49,83,2
6124,-6063,4872,70,36,82,2
6082,-6117,4929,43,6,51,2
6167,-6108,4830,15,-17,13,2
6298,-6189,4735,-13,-33,-31,2
6403,-6110,4558,-30,-44,-77,2
6562,-5965,4406,-29,-37,-81,2
6275,-5931,4535,6,19,50,2
6141,-6041,4692,-19,7,46,2
6174,-6089,4652,-47,-12,26,2
6280,-6117,4568,-68,-28,1,2
6380,-6144,4405,-69,-40,-30,2
6470,-6029,4316,-54,-39,-49,2
6571,-5925,4258,-35,-29,-45,2
6563,-5897,4263,-26,-19,-25,2
6541,-5915,4302,-27,-5,-9,2
6405,-5971,4462,-31,5,-2,2
6290,-6071,4679,-37,-1,-9,2
6243,-6108,4891,-39,-27,-36,2
6243,-6108,4891,-39,-27,-36,2
6366,-6073,4903,-41,-64,-65,2
6505,-5998,4866,-50,-94,-90,2
6603,-5922,4787,-68,-115,-100,2
6690,-5904,4613,-88,-129,-92,2
6781,-5873,4290,-99,-134,-67,2
6784,-5886,4042,-86,-131,-35,2
6693,-5917,3918,-62,-128,-15,2
6670,-5930,3748,-41,-134,-6,2
6629,-5966,3532,-25,-144,-10,2
6545,-6025,3385,-21,-156,-30,2
6593,-6058,3132,-17,-162,-61,2
6735,-6033,2794,-7,-150,-93,2
6715,-6075,2518,5,-119,-127,2
6681,-6172,2263,33,-88,-177,2
6565,-6319,1976,77,-60,-271,2
6326,-6114,1454,139,-37,-398,2
5918,-5506,-6829,200,-477,-1512,2
5918,-5506,-6829,200,-477,-1512,2
7399,-5426,-13478,370,-641,-2301,2
11972,-6062,-21000,1135,-61,-3819,2
12908,-6375,-24769,1976,1094,-5711,2
10366,-5934,-25303,2302,2474,-7276,2
7692,-4264,-24081,1896,3845,-8602,2
1435,-3265,-23162,423,5268,-9561,2
-4687,-1750,-19063,-1120,7298,-10954,2
-7178,2050,-14415,-3535,8439,-11854,2
-10964,-3452,-9739,-5896,8761,-10942,2
-12124,-7236,-3183,-5141,10731,-9246,2
-15055,-5952,6676,-3567,13061,-6866,2
-16703,-3387,18845,-1942,13884,-3259,2
-17952,-4713,27822,-216,12390,-63,2
-16060,-10789,31819,-1173,8841,1213,2
-11516,-14936,32068,-2694,5633,662,2
-11132,-10319,29969,-2857,3639,-272,2
-11336,-6026,27917,-3447,1926,-847,2
-9993,-5051,26259,-3477,850,-875,2
-7865,-5746,24227,-3016,307,-602,2
-5733,-6323,22459,-2511,152,-415,2
-676,-4019,15944,996,1044,634,2
-676,-4019,15944,996,1044,634,2
-232,-3699,15346,1102,986,536,2
-3,-3234,14918,1063,810,495,2
84,-3029,14521,1024,629,529,2
55,-3089,14340,980,491,683,2
-277,-3029,14266,986,371,875,2
-788,-3113,14455,867,212,1002,2
-1517,-3008,14928,625,13,1250,2
-3193,-2852,16129,465,-900,3149,2
-3193,-2852,16129,465,-900,3149,2
-3531,-2051,16473,694,-1418,3820,2
-3658,-1169,16591,1317,-1878,4424,2
-4199,-761,16501,2150,-2146,4878,2
-5239,-360,16785,2632,-2388,5384,2
-5678,-196,17336,2810,-2723,6074,2
-5746,295,17897,2511,-3323,6828,2
-5972,1017,17891,1845,-4188,7410,2
-5909,784,16776,918,-4957,7527,2
-4464,404,14844,-216,-5349,6883,2
-2722,896,13448,-1261,-5476,5803,2
-1587,1380,12540,-1960,-5501,4607,2
-1726,2128,11589,-2295,-5429,3701,2
-2127,2053,11370,-2445,-5386,3032,2
-1850,2152,10532,-2652,-5500,2820,2
-1261,1917,9112,-2908,-5625,2707,2
657,1037,6659,-3109,-5591,2343,2
2071,1022,6123,-3137,-5399,1783,2
2461,2151,4640,-3405,-5242,1764,2
3245,1634,2838,-3716,-4925,1937,2
3750,317,1490,-3781,-4522,2027,2
4562,-2642,-5509,-3160,-3263,1804,2
5163,-7891,3226,478,1524,-287,2
5147,-7453,4960,683,1458,-362,2
5292,-7152,6289,881,1309,-397,2
6112,-5859,7613,1205,604,-428,2
6268,-5491,7620,1123,401,-409,2
6490,-5112,7280,951,239,-355,2
6885,-4929,6690,702,143,-247,2
7061,-4951,6098,420,136,-130,2
6962,-5089,5668,158,191,-27,2
6727,-5377,5452,-55,257,69,2
6727,-5377,5452,-55,257,69,2
6374,-5758,5433,-189,298,154,2
5982,-6134,5454,-239,285,231,2
5680,-6419,5361,-234,225,299,2
5514,-6695,5187,-210,159,346,2
5333,-6992,4169,-78,117,356,2
5333,-6992,4169,-78,117,356,2
5062,-7107,4624,-64,105,43,2
5062,-7107,4624,-64,105,43,2
5205,-6878,4680,-35,91,-3,2
5402,-6678,4649,-17,68,-12,2
5515,-6566,4495,-24,56,19,2
5445,-6627,4370,-49,66,57,2
5255,-6737,4369,-74,83,63,2
5145,-6785,4298,-95,85,44,2
5146,-6808,4203,-101,70,26,2
5129,-6860,4319,-45,33,-39,2
5129,-6860,4319,-45,33,-39,2
5282,-6820,4278,-30,24,-49,2
5180,-6829,4704,26,33,1,2
5334,-7073,4398,-76,38,-50,2
5334,-7073,4398,-76,38,-50,2
5345,-7016,4333,-36,34,-46,2
5397,-6933,4215,-2,25,-36,2
5435,-6846,4207,22,33,-28,2
5350,-6756,4363,39,55,-24,2
5244,-6671,4489,37,62,-12,2
5221,-6702,4581,30,59,15,2
5230,-6766,4623,21,60,33,2
5126,-6823,4673,-9,61,28,2
5138,-6893,4680,-49,63,8,2
5214,-6913,4598,-67,70,-11,2
5263,-6753,4670,61,115,33,2
5263,-6753,4670,61,115,33,2
5164,-6788,4780,52,104,30,2
5074,-6798,4897,32,89,15,2
5024,-6852,4964,-2,64,-15,2
5194,-6828,4805,-31,36,-52,2
5438,-6730,4485,-49,24,-77,2
5609,-6615,4223,-46,34,-74,2
5658,-6565,4109,-34,57,-54,2
5658,-6584,4127,-22,83,-24,2
5612,-6642,4142,-2,110,12,2
5443,-6711,4324,26,134,45,2
5229,-6800,4608,44,143,52,2
5029,-6859,4843,44,127,35,2
4951,-6897,4948,27,92,0,2
5057,-6899,4910,6,56,-47,2
5323,-6809,4755,-4,37,-84,2
5475,-6750,4705,0,37,-101,2
5676,-6618,4508,-44,-3,-69,2
5689,-6603,4488,-37,0,-50,2
5661,-6583,4517,-29,3,-34,2
5600,-6545,4585,-33,6,-22,2
5496,-6587,4659,-47,7,-12,2
5461,-6713,4713,-78,1,-20,2
5543,-6712,4613,-93,-10,-41,2
5666,-6676,4452,-85,-19,-44,2
5717,-6651,4328,-63,-23,-28,2
5717,-6648,4291,-37,-21,-11,2
5746,-6626,4415,52,-10,25,2
5789,-6639,4375,65,-14,38,2
5748,-6648,4383,77,-13,52,2
5658,-6719,4399,79,-17,59,2
5600,-6809,4394,65,-24,53,2
5615,-6932,4264,42,-30,29,2
5669,-7016,4118,26,-28,-4,2
5669,-7016,4118,26,-28,-4,2
5724,-7040,3924,31,-19,-25,2
5771,-7097,3759,59,-21,-43,2
5806,-7063,3600,104,-28,-68,2
5857,-7034,3464,143,-38,-88,2
5895,-6876,3251,184,-31,-111,2
5893,-6826,3128,243,-8,-104,2
5831,-6961,2874,276,-8,-119,2
5608,-7059,2557,299,-18,-186,2
5496,-7119,2110,307,-29,-295,2
5452,-7234,1561,322,-34,-445,2
5351,-7537,1005,333,-49,-718,2
5454,-7856,45,321,-90,-1196,2
5226,-7131,-1746,401,-115,-1767,2
6878,-7986,-4097,777,-44,-2963,2
7093,-7589,-6949,1141,-111,-4111,2
7606,-6654,-9774,1620,17,-5209,2
8379,-6123,-11505,1854,392,-6310,2
7953,-5534,-12850,1938,927,-7090,2
7738,-4807,-13703,1638,1604,-8037,2
6508,-3363,-15032,817,2561,-9044,2
1089,-3954,-15599,-457,3998,-9961,2
272,-934,-13520,-2433,6265,-11337,2
-3269,1963,-11705,-4509,7992,-11609,2
-7093,-459,-8937,-5423,8730,-10225,2
-8053,-3092,-5481,-3826,10192,-8636,2
-9293,-4576,-1173,-2553,11530,-6415,2
-10178,-4983,4719,-2252,12168,-3708,2
-13446,-4442,11081,-1784,12287,-1691,2
-15789,-6202,18512,-2280,11206,-833,2
-14581,-10412,25092,-3358,9205,-483,2
-14101,-12178,29333,-3761,7208,-52,2
-13798,-11389,30396,-3425,4825,-276,2
-12783,-9676,28302,-3038,2713,-781,2
-12071,-7601,24967,-2522,1384,-1009,2
-11310,-5579,22872,-2290,740,-1022,2
-9882,-4539,22048,-2034,568,-771,2
-8350,-4510,21281,-1502,648,-297,2
-6923,-4373,19979,-680,818,110,2
-5887,-3604,18542,76,998,362,2
-5185,-3165,17386,409,1010,567,2
-4258,-3320,16697,572,924,733,2
-3379,-3717,16254,788,822,816,2
-2270,-3585,15326,898,354,723,2
-2270,-3585,15326,898,354,723,2
-1957,-3737,14718,697,-9,614,2
-1934,-3861,14080,524,-295,537,2
-2215,-3861,13642,416,-451,496,2
-2639,-3986,13659,344,-519,506,2
-3270,-4251,14181,329,-569,640,2
-3936,-4878,15147,321,-692,930,2
-4805,-5141,16022,500,-874,1391,2
-5813,-5011,16430,863,-1094,1907,2
-6622,-4723,16534,1116,-1393,2475,2
-7349,-3474,16612,1143,-1865,3180,2
-8166,-2321,17386,1258,-2560,3928,2
-8802,-2612,18704,1638,-3411,4658,2
-10023,-3650,20096,2082,-4397,5235,2
-11761,-3853,21487,2172,-5625,5495,2
-12854,-3670,22556,1848,-6971,5477,2
-12678,-2253,22005,1238,-8197,5161,2
-13550,520,20139,589,-9147,4581,2
-14784,1442,19548,-137,-9717,4301,2
-12209,3283,17330,-826,-10383,4360,2
-8443,6350,11267,-1522,-10882,3766,2
639,7332,-3832,-5300,-8123,2345,2
505,5822,-7474,-5765,-7538,3081,2
967,1376,-10099,-5521,-6665,3565,2
1750,-1840,-11798,-4686,-5876,3583,2
3130,-2936,-13388,-3351,-5161,2884,2
3130,-2919,-14114,-2166,-4561,2234,2
3345,-3298,-15117,-1081,-4162,1906,2
4793,-8539,-6744,-90,1667,1002,2
4652,-8424,-3512,-78,1978,577,2
4790,-8447,-238,199,2153,365,2
4971,-8142,2537,640,2140,311,2
6945,-5545,8043,1086,367,-351,2
7298,-4960,7126,621,243,-498,2
8166,-5267,3275,-179,92,68,2
8023,-5570,2768,-163,77,248,2
6656,-7041,3041,68,104,652,2
6468,-7431,3440,67,139,596,2
6468,-7431,3440,67,139,596,2
6287,-7526,3818,61,157,500,2
6314,-7423,3890,57,146,421,2
6554,-7095,3553,60,119,382,2
6002,-6853,3025,82,87,202,2
6002,-6853,3025,82,87,202,2
6178,-6753,2930,126,90,142,2
6307,-6680,3016,196,111,91,2
6241,-6575,3249,284,120,40,2
6171,-6387,3470,365,96,20,2
6239,-6342,3591,429,59,21,2
6281,-6256,3723,461,34,10,2
6213,-6231,3940,463,28,-1,2
6241,-6189,4034,428,12,-17,2
6331,-6123,4022,363,-4,-36,2
6385,-6122,4075,278,1,-52,2
6413,-6144,4100,179,17,-75,2
6670,-6081,3629,0,77,58,2
6670,-6081,3629,0,77,58,2
6477,-6232,3724,41,66,117,2
6184,-6433,3940,76,40,149,2
5970,-6646,4152,81,-2,136,2
5954,-6737,4265,53,-36,87,2
6059,-6741,4192,1,-60,26,2
6262,-6712,4063,-54,-63,-22,2
6397,-6656,3853,-101,-51,-65,2
6527,-6481,3583,-125,-28,-82,2
6658,-6391,3351,-112,-2,-52,2
6612,-6361,3288,-74,22,-1,2
6319,-6390,3525,-27,37,43,2
6138,-6452,3780,-2,26,60,2
6027,-6524,3982,-6,1,36,2
6114,-6577,3991,-36,-25,-6,2
6277,-6554,3877,-64,-33,-53,2
6366,-6453,3761,-79,-28,-86,2
6439,-6392,3650,-79,-23,-83,2
6507,-6381,3524,-74,-19,-71,2
6477,-6381,3413,-59,-6,-49,2
6392,-6437,3440,-37,2,-35,2
6338,-6439,3506,-2,4,-29,2
6258,-6457,3908,59,-16,-92,2
6397,-6305,3854,39,-31,-113,2
6536,-6209,3694,19,-34,-104,2
6526,-6183,3654,5,-21,-77,2
6545,-6183,3668,0,-12,-42,2
6604,-6196,3581,2,-5,-3,2
6664,-6198,3530,17,10,36,2
6610,-6222,3532,38,24,71,2
6411,-6335,3614,52,26,91,2
6207,-6466,3683,48,16,73,2
6137,-6553,3658,35,5,19,2
6675,-6172,3757,38,-28,-47,2
6671,-6116,3674,23,-13,3,2
6644,-6136,3550,10,0,56,2
6478,-6232,3532,-2,17,86,2
6288,-6389,3585,-22,20,72,2
6209,-6451,3623,-30,15,30,2
6306,-6446,3645,-20,8,-10,2
6389,-6422,3738,4,2,-43,2
6454,-6343,3842,27,-5,-61,2
6496,-6256,3939,40,-7,-52,2
6488,-6267,4004,34,-10,-27,2
6494,-6232,3956,7,-20,-10,2
6504,-6190,3823,-17,-20,16,2
6328,-6466,3523,-58,-7,64,2
6278,-6562,3571,-51,-1,39,2
6232,-6590,3658,-34,-5,7,2
6277,-6554,3687,-8,-15,-28,2
6368,-6391,3647,7,-21,-48,2
6481,-6310,3595,10,-11,-39,2
6458,-6271,3566,6,0,-25,2
6442,-6235,3543,1,6,-13,2
6435,-6239,3592,-5,13,0,2
6437,-6288,3663,-16,18,13,2
6404,-6381,3753,-27,22,12,2
6369,-6444,3778,-29,18,-1,2
6446,-6437,3747,-36,11,-20,2
6447,-6423,3764,-30,14,-35,2
6428,-6395,3811,-14,14,-47,2
6452,-6308,3826,-2,4,-48,2
6457,-6247,3855,0,-3,-33,2
6216,-6451,3978,-41,-61,-53,2
6392,-6372,3895,-41,-85,-74,2
6547,-6271,3675,-34,-80,11,2
6547,-6271,3675,-34,-80,11,2
6401,-6355,3657,-47,-83,21,2
6319,-6396,3615,-67,-98,16,2
6179,-6463,3629,-85,-112,0,2
6186,-6551,3561,-111,-134,-28,2
6362,-6562,3390,-136,-142,-65,2
6535,-6483,3130,-145,-135,-91,2
6656,-6498,3041,-122,-114,-91,2
6622,-6499,3004,-83,-96,-83,2
6560,-6446,3056,-45,-87,-69,2
6492,-6419,3099,-19,-84,-54,2
6507,-6401,2991,-21,-83,-50,2
6538,-6384,2828,-44,-77,-63,2
6514,-6417,2654,-71,-65,-102,2
6469,-6378,2456,-101,-51,-151,2
6498,-6312,2250,-124,-27,-184,2
6627,-6272,1938,-133,9,-205,2
6743,-6199,1579,-128,60,-226,2
6778,-6103,1139,-105,128,-248,2
6602,-6107,563,-60,186,-285,2
6320,-6100,-523,-36,206,-425,2
6263,-6022,-2937,-16,167,-711,2
6419,-6174,-6544,85,96,-1193,2
6753,-6908,-10008,395,126,-1850,2
7729,-7109,-13813,829,426,-2872,2
10577,-7777,-15736,1721,1210,-4826,2
8900,-5968,-15725,2355,2170,-6103,2
7367,-4143,-15772,2156,3234,-6651,2
6082,-2746,-15368,1080,4234,-7338,2
3350,-1753,-14590,-280,5248,-8259,2
-1296,-1790,-12167,-2053,6169,-8897,2
-10054,-678,2387,-1716,12028,-6048,2
-12310,-239,8895,-2908,12204,-4035,2
-13856,-3124,14878,-3498,11538,-1986,2
-14368,-8158,19265,-2521,10610,-426,2
-13124,-12091,22652,-2099,9165,263,2
-10665,-12170,25884,-2645,7266,355,2
-9942,-11320,28224,-2945,5430,529,2
-9262,-9182,27561,-2118,3759,412,2
-7865,-7709,24468,-1036,2510,188,2
-6329,-7170,20857,-410,1685,71,2
-5364,-6389,18104,-249,1256,-72,2
-4727,-5399,16947,-238,1176,-324,2
-4717,-4344,16797,-36,1267,-360,2
-4790,-3500,16731,317,1332,-170,2
-4425,-3132,16469,568,1286,30,2
-3963,-2934,16190,724,1190,194,2
-4443,-4682,15350,413,-1274,493,2
-5777,-5547,16703,250,-1490,984,2
-6656,-6298,18408,322,-1841,1685,2
-7652,-6033,20113,846,-2432,2097,2
-8949,-3818,22558,1555,-3363,2468,2
-10540,-2792,24773,2687,-4508,2925,2
-11946,-2847,26231,3481,-5843,3232,2
-12608,-2598,26139,3298,-7274,3332,2
-12930,-2681,24906,2041,-8938,2950,2
-13362,-2047,22388,824,-10372,2484,2
-11958,1811,17811,428,-10876,2662,2
-8681,6294,12144,349,-10811,3289,2
-5001,8065,6900,-284,-10580,3926,2
-1908,7960,2537,-1575,-10144,4419,2
-286,5741,-1488,-2744,-9586,4255,2
-627,3991,-3201,-3520,-8900,3835,2
-1095,2713,-4307,-3898,-8339,3705,2
2399,-2585,-12080,-3061,-5136,2764,2
2839,-2463,-13312,-2388,-4558,1906,2
3074,-1970,-14867,-1571,-4065,1404,2
3417,-2175,-16339,-781,-3633,1286,2
4497,-2438,-18019,-34,-3212,1294,2
5620,-2436,-19191,501,-2622,1305,2
6356,-2573,-19465,750,-1866,1365,2
6623,-3073,-18423,781,-995,1436,2
6478,-3921,-16112,633,-119,1503,2
6302,-4934,-12986,465,630,1450,2
8990,-4303,2673,-200,158,38,2
8990,-4303,2673,-200,158,38,2
8091,-5757,2369,-76,79,322,2
8091,-5757,2369,-76,79,322,2
7749,-6038,2830,-56,102,378,2
7519,-6227,3031,-47,90,418,2
7508,-6250,2874,-70,45,424,2
7623,-6241,2603,-113,20,412,2
7381,-6420,2585,-141,41,403,2
6994,-6697,2585,-148,46,351,2
6824,-6738,2381,-121,36,261,2
7047,-6283,1927,-28,45,74,2
7210,-5974,1832,37,77,27,2
7330,-5668,1862,103,112,15,2
7405,-5436,1998,165,148,34,2
7452,-5342,2175,206,172,63,2
7502,-5288,2294,226,177,78,2
7407,-5231,2455,234,180,107,2
7387,-5440,2842,136,87,-28,2
7443,-5431,2885,67,86,-69,2
6997,-5928,2728,98,74,18,2
7176,-5836,2691,79,72,-33,2
7367,-5681,2721,74,89,-55,2
7458,-5561,2806,80,107,-38,2
7501,-5539,2967,103,119,2,2
7407,-5560,3112,129,119,32,2
7331,-5565,3233,147,106,65,2
7302,-5590,3286,156,88,100,2
7149,-5769,3322,142,59,116,2
7014,-5973,3328,97,20,85,2
7090,-5944,3095,45,-3,35,2
7291,-5905,2867,4,6,11,2
7306,-5955,2859,-12,33,0,2
7169,-6064,3035,1,41,-12,2
7128,-6077,3143,32,26,-30,2
7235,-5964,3123,64,13,-46,2
7376,-5796,3052,83,9,-51,2
7464,-5625,3015,84,20,-36,2
7506,-5524,3002,77,36,8,2
7412,-5582,3017,69,41,56,2
7276,-5745,3035,49,30,76,2
7224,-5858,2980,27,20,54,2
7192,-5913,3014,8,27,24,2
7174,-5953,3050,3,28,-6,2
7200,-5934,3004,16,17,-41,2
7242,-5830,2979,30,9,-36,2
7242,-5796,3049,43,7,-15,2
7249,-5749,3101,56,7,-2,2
7285,-5699,3130,62,7,20,2
7322,-5689,3106,66,1,45,2
7327,-5691,3059,65,-4,61,2
7270,-5737,2983,51,-3,61,2
7112,-5779,2970,25,0,48,2
6984,-5888,3020,-6,-3,33,2
7340,-5705,3020,61,26,0,2
7285,-5737,3117,60,32,-3,2
7297,-5717,3241,55,32,-3,2
7267,-5691,3342,51,33,10,2
7131,-5766,3434,40,15,26,2
7093,-5899,3413,21,-23,12,2
7213,-5852,3216,4,-45,-16,2
7356,-5731,3061,-1,-40,-21,2
7326,-5699,3038,-6,-29,-5,2
7245,-5741,3062,-15,-27,20,2
7248,-5803,3011,-20,-25,45,2
7277,-5831,2921,-17,-19,59,2
7212,-5861,2923,-14,-11,60,2
7115,-5912,2962,-9,-12,54,2
7084,-5958,2972,-5,-17,39,2
7087,-5912,2874,-6,-18,11,2
7188,-5808,2822,-10,-9,-6,2
7241,-5769,2862,-9,4,-9,2
7203,-5776,2952,-24,0,-12,2
7203,-5776,2952,-24,0,-12,2
7145,-5859,2992,-25,5,-19,2
7107,-5855,2985,-23,1,-31,2
7228,-5808,2913,-16,2,-32,2
7321,-5733,2874,-7,11,-24,2
7304,-5723,2988,1,23,-8,2
7213,-5761,3167,5,22,2,2
7128,-5936,3216,-25,-21,-8,2
7128,-5936,3216,-25,-21,-8,2
7227,-5909,3098,-37,-38,-21,2
7289,-5869,2931,-46,-42,-33,2
7333,-5881,2830,-44,-38,-40,2
7333,-5801,2715,-35,-34,-47,2
7385,-5757,2631,-28,-20,-35,2
7354,-5752,2694,-19,1,-20,2
7319,-5728,2777,-4,16,-7,2
7312,-5737,2874,9,21,8,2
7258,-5735,3028,15,25,18,2
7119,-5791,3266,11,25,23,2
7114,-5886,3386,-6,5,17,2
7156,-5882,3338,-31,-20,-9,2
7197,-5848,3225,-43,-37,-31,2
7253,-5815,3037,-46,-46,-37,2
7300,-5796,2819,-36,-54,-33,2
7282,-5736,2585,-25,-52,-31,2
7280,-5682,2367,-18,-40,-26,2
7103,-5719,1927,-1,36,-7,2
7103,-5719,1927,-1,36,-7,2
7940,-5344,-1847,279,107,-429,2
9174,-4847,-16196,2314,1727,-3409,2
9174,-4847,-16196,2314,1727,-3409,2
8122,-4982,-16938,1885,2866,-4199,2
-5564,-4324,18942,-1075,350,-1012,2
-5564,-4324,18942,-1075,350,-1012,2
-4430,-3826,17477,-564,387,-739,2
-3894,-3199,16336,-9,541,-366,2
-3438,-2711,15608,423,697,-58,2
-2932,-2400,15257,664,781,188,2
-2321,-2324,15197,803,766,380,2
-1804,-2499,15110,931,636,512,2
-1382,-2721,14854,1033,435,599,2
-4268,-4659,15871,270,-1379,981,2
-4268,-4659,15871,270,-1379,981,2
-5412,-4891,17056,207,-1546,1619,2
-10326,-2509,24635,2430,-4988,5271,2
-10326,-2509,24635,2430,-4988,5271,2
-11371,-1711,25941,3628,-6091,6502,2
-12554,-1338,25391,3754,-7400,7535,2
-12106,-1361,22756,2466,-8986,7959,2
-11304,44,17496,903,-9785,7420,2
-10014,1677,12386,-1004,-9932,6649,2
-7444,2850,9161,-3015,-10133,5529,2
-4181,3766,5429,-4263,-10043,4005,2
4731,-5609,-12640,1477,-2280,1512,2
4731,-5609,-12640,1477,-2280,1512,2
5174,-5765,-12311,1128,-1655,1307,2
5332,-6028,-11627,624,-931,1105,2
5572,-7404,3672,903,1646,-379,2
5572,-7404,3672,903,1646,-379,2
5800,-6838,5595,1291,1481,-464,2
6071,-6116,6932,1538,1233,-487,2
6295,-5639,7787,1561,943,-444,2
6597,-5348,8101,1384,659,-420,2
7057,-5086,7923,1039,459,-422,2
7613,-4599,7227,627,337,-373,2
7848,-5427,3494,-492,170,29,2
7848,-5427,3494,-492,170,29,2
7861,-5588,2971,-520,166,123,2
7598,-5837,2752,-490,159,228,2
7181,-6188,2757,-426,141,344,2
6962,-6733,2795,-341,107,453,2
6753,-7158,2916,-270,84,471,2
6478,-7344,3154,-212,82,443,2
6294,-7494,3377,-177,74,415,2
5961,-7652,3052,-273,-15,135,2
5961,-7652,3052,-273,-15,135,2
6191,-7377,2652,-295,5,55,2
6431,-7133,2208,-281,40,13,2
6634,-6896,1862,-216,76,-1,2
6802,-6652,1701,-105,110,6,2
6823,-6398,1808,31,149,40,2
6812,-6179,2061,153,179,94,2
6662,-6025,2405,226,199,150,2
6301,-6238,2846,223,192,158,2
6129,-6313,3056,166,157,88,2
6330,-6287,3002,98,139,26,2
6522,-6375,3029,43,149,-25,2
6961,-6160,2694,40,67,118,2
6961,-6160,2694,40,67,118,2
6806,-6277,2631,19,93,159,2
6568,-6596,2746,6,111,176,2
6404,-6814,2849,-2,111,129,2
6408,-6803,2892,-3,109,75,2
6460,-6785,2992,19,116,54,2
6419,-6774,3158,51,115,48,2
6434,-6732,3238,74,95,52,2
6465,-6708,3261,83,75,51,2
6518,-6672,3207,82,60,44,2
6611,-6555,3104,69,60,31,2
6572,-6547,3093,20,83,-64,2
6572,-6547,3093,20,83,-64,2
6510,-6495,3235,39,79,-83,2
6581,-6407,3308,60,64,-83,2
6624,-6320,3366,71,50,-66,2
6650,-6313,3365,64,38,-46,2
6724,-6295,3250,46,30,-29,2
6804,-6249,3158,36,36,-5,2
6676,-6280,3269,36,47,19,2
6440,-6535,3452,27,36,23,2
6341,-6605,3372,12,0,-37,2
6547,-6442,3141,0,-17,-82,2
6689,-6446,3114,-5,-23,-91,2
6806,-6255,3129,67,21,33,2
6744,-6216,3156,63,39,56,2
6601,-6244,3215,52,49,73,2
6399,-6502,3384,33,38,67,2
6252,-6671,3481,5,9,5,2
6307,-6623,3396,-19,-23,-56,2
6493,-6560,3293,-26,-38,-82,2
6660,-6504,3210,-14,-37,-83,2
6684,-6209,3101,46,25,4,2
6684,-6209,3101,46,25,4,2
6578,-6263,3181,54,33,25,2
6372,-6395,3332,50,29,19,2
6343,-6427,3430,38,13,-10,2
6398,-6426,3355,25,2,-32,2
6483,-6499,3341,0,-7,-53,2
6595,-6434,3235,1,-7,-72,2
6721,-6427,3213,17,6,-64,2
6707,-6407,3293,43,19,-51,2
6681,-6347,3383,62,21,-35,2
6666,-6312,3372,66,17,-14,2
6610,-6328,3390,51,18,-1,2
6566,-6399,3385,30,21,-2,2
6565,-6432,3361,9,23,-11,2
6554,-6465,3373,-1,20,-18,2
6550,-6492,3408,-4,16,-25,2
6561,-6480,3526,0,12,-30,2
6538,-6470,3634,6,2,-29,2
6573,-6460,3651,11,-11,-28,2
6623,-6392,3622,15,-17,-25,2
6642,-6374,3578,10,-21,-14,2
6566,-6429,3525,-10,-35,-25,2
6584,-6349,3403,-42,-53,-55,2
6660,-6332,3289,-25,-53,-31,2
6635,-6415,3246,-26,-49,-26,2
6652,-6451,3287,-26,-40,-37,2
6608,-6446,3369,-21,-38,-58,2
6559,-6410,3417,-24,-47,-71,2
6608,-6450,3420,-26,-54,-67,2
6599,-6281,2865,5,-24,1,2
6599,-6281,2865,5,-24,1,2
6713,-6220,2813,-1,-8,-11,2
6508,-5874,1347,93,178,17,2
6277,-5502,233,153,150,-4,2
6307,-4974,-2127,257,23,0,2
6786,-4711,-6190,466,-191,4,2
7919,-4976,-11553,857,-436,-253,2
1951,-3761,-14496,2216,6297,-7982,2
-903,-3440,-12577,926,7084,-9288,2
-5622,-2169,-10145,-189,8145,-9586,2
-7994,1025,-6945,-1390,9762,-9911,2
-12352,2189,-2980,-1670,10885,-9506,2
-13749,-101,2834,-2122,11452,-7743,2
-13708,-12906,28294,-2073,7302,-444,2
-12884,-11557,29678,-2602,5194,-1000,2
-12784,-8925,29322,-2990,3137,-1452,2
-1896,-4085,14852,1296,735,767,2
-1349,-4185,14578,1344,675,771,2
-1201,-3742,14138,906,-192,556,2
-1447,-3573,13999,743,-459,556,2
-1880,-3319,13908,600,-694,638,2
-2273,-3148,13970,434,-915,858,2
-2612,-3325,14071,333,-1145,1108,2
-2862,-4060,14063,162,-1451,1323,2
-3134,-4770,14062,-60,-1821,1607,2
-3433,-5218,14085,-58,-2164,1914,2
-4035,-4756,14368,249,-2508,2294,2
-4776,-3810,15250,849,-2851,2790,2
-4776,-3810,15250,849,-2851,2790,2
-5755,-2602,17007,1433,-3262,3440,2
-6465,-1466,19003,2228,-3873,4335,2
-7254,-2021,17649,980,-7537,6424,2
-7254,-2021,17649,980,-7537,6424,2
-6154,-837,13878,-194,-7993,5444,2
-4258,220,10850,-1183,-7882,4387,2
-2792,2190,8865,-2135,-7566,3557,2
-1970,3353,7205,-2970,-7344,2904,2
-1138,3755,5493,-3599,-7165,2912,2
-150,2831,3249,-4043,-6987,3207,2
2122,573,415,-4287,-6581,2859,2
2915,292,159,-4293,-6040,2291,2
3123,724,-713,-4490,-5657,2065,2
4157,-634,-2977,-4547,-5112,1777,2
5237,-1180,-4399,-4201,-4424,1460,2
6015,-1252,-5606,-3898,-3837,1247,2
6282,-1764,-6623,-3478,-3388,1139,2
6099,-2709,-7413,-2914,-3098,1116,2
6000,-3622,-8461,-2338,-2917,1101,2
6112,-4209,-9378,-1767,-2687,1077,2
6282,-4577,-10270,-1241,-2389,1057,2
5911,-4909,-10749,-847,-2008,1047,2
5212,-5717,-10804,-597,-1601,1006,2
4854,-6782,-10483,-451,-1173,855,2
4990,-7385,-9943,-351,-724,616,2
5296,-7598,-9077,-259,-280,355,2
5958,-7486,-8057,-142,116,145,2
6487,-7186,-6762,24,484,39,2
6630,-7052,-5114,219,808,3,2
6634,-6875,-3307,420,1073,-29,2
5437,-7130,4551,1195,1295,-270,2
5437,-7130,4551,1195,1295,-270,2
5712,-6826,5815,1307,1105,-451,2
6373,-6104,6448,1352,906,-561,2
7102,-5445,6642,1317,722,-568,2
7644,-4890,6548,1191,550,-528,2
8102,-4381,6228,991,412,-442,2
8225,-4122,5883,743,320,-302,2
7825,-5130,3602,-117,109,134,2
7825,-5130,3602,-117,109,134,2
7620,-5479,3282,-166,100,170,2
7486,-5770,3146,-156,86,206,2
7292,-6032,3091,-116,66,241,2
7091,-6337,3170,-82,49,248,2
7012,-6523,3363,-50,56,254,2
6972,-6641,3511,-29,70,253,2
6751,-6788,3749,-25,71,239,2
6499,-7036,3929,-41,41,186,2
6493,-7070,3873,-63,-1,112,2
6607,-6896,3606,-85,-27,49,2
6761,-6646,3228,-97,-29,13,2
6974,-6334,2753,-101,-22,-3,2
7072,-6018,2189,-28,21,36,2
6921,-6012,2266,46,53,45,2
6835,-5948,2397,108,76,22,2
7067,-5668,2991,183,116,28,2
7052,-5644,3195,192,125,38,2
6982,-5639,3413,187,122,59,2
6975,-5693,3563,176,109,79,2
6970,-5764,3672,150,99,88,2
7033,-5788,3701,119,98,100,2
7093,-5772,3628,102,98,123,2
7103,-5796,3498,95,85,157,2
7053,-5869,3408,103,71,177,2
6921,-5931,3447,114,63,186,2
6731,-6033,3530,111,52,180,2
6648,-6148,3490,85,24,150,2
6968,-6295,3092,26,58,107,2
6962,-6301,3140,61,74,111,2
6883,-6239,3245,102,86,116,2
6693,-6191,3511,133,84,124,2
6633,-6196,3627,123,21,107,2
6768,-6111,3511,95,10,83,2
6833,-6040,3530,70,25,72,2
6747,-6136,3669,53,31,63,2
6638,-6156,3768,42,15,31,2
6718,-6107,3687,30,-7,14,2
6861,-6026,3470,19,-21,14,2
6697,-6101,3241,71,17,76,2
6549,-6135,3380,93,15,71,2
6544,-6167,3586,94,13,65,2
6653,-6156,3685,83,6,51,2
6766,-6152,3739,75,1,36,2
6748,-6141,3870,77,0,26,2
6717,-6134,3948,79,-13,25,2
6719,-6117,3931,73,-33,31,2
6735,-6141,3316,49,-22,19,2
6735,-6141,3316,49,-22,19,2
6653,-6141,3373,56,-12,28,2
6575,-6223,3421,49,-8,19,2
6604,-6158,3393,40,-5,-2,2
6658,-6134,3434,35,1,0,2
6653,-6112,3442,43,0,6,2
6683,-6101,3381,46,-12,9,2
6772,-6063,3306,46,-8,10,2
6853,-6002,3307,50,13,13,2
6835,-5961,3435,64,34,30,2
6695,-6046,3713,82,39,56,2
6507,-6229,3984,94,20,55,2
6480,-6298,4081,95,-11,20,2
6618,-6317,3901,22,-82,-52,2
6618,-6317,3901,22,-82,-52,2
6726,-6241,3689,-6,-78,-66,2
6790,-6179,3519,-17,-61,-62,2
6842,-6074,3374,-4,-53,-42,2
6870,-6015,3296,26,-42,-10,2
6828,-5953,3403,59,-20,23,2
6634,-5997,3608,76,-4,52,2
6431,-6120,3774,69,-11,55,2
6674,-6116,3440,-20,-15,-9,2
6523,-6091,3477,-32,-17,-29,2
6487,-6197,3622,-14,-11,-29,2
6579,-6199,3635,-3,-20,-42,2
6706,-6160,3648,16,-20,-46,2
6776,-6104,3688,39,-17,-37,2
6809,-6023,3723,51,-16,-23,2
6842,-5966,3642,46,-14,-4,2
6742,-5960,3499,7,18,36,2
6674,-6047,3530,7,12,37,2
6664,-6122,3586,9,2,21,2
6723,-6113,3617,17,0,3,2
6733,-6097,3666,30,-6,-11,2
6793,-6059,3706,42,-10,-14,2
6644,-6209,3641,9,-22,29,2
6617,-6246,3669,3,-25,14,2
6620,-6245,3645,-3,-37,-2,2
6663,-6251,3568,-5,-44,-23,2
6687,-6223,3591,-2,-40,-47,2
6709,-6162,3648,3,-39,-61,2
6762,-6074,3671,12,-41,-60,2
6796,-6012,3691,18,-39,-47,2
6817,-5966,3723,19,-42,-28,2
6822,-5991,3709,13,-49,-9,2
6778,-6065,3682,10,-54,-3,2
6738,-6095,3662,7,-60,-9,2
6781,-6089,3621,1,-70,-19,2
6800,-6081,3595,-5,-77,-26,2
6788,-6088,3574,-10,-83,-26,2
6774,-6143,3505,-19,-93,-27,2
6790,-6182,3305,-30,-109,-42,2
6794,-6250,3025,-41,-112,-87,2
6830,-6081,2694,-37,-94,-139,2
6896,-5960,2298,9,-46,-206,2
6900,-6091,2153,-5,-57,-329,2
6721,-5749,1739,-3,-90,-540,2
6800,-5596,1623,35,-78,-751,2
6733,-5722,1268,4,-85,-965,2
7444,-6199,117,74,-48,-1518,2
7103,-5810,-1670,253,-169,-2304,2
7666,-5092,-5005,439,-353,-2843,2
8460,-4180,-8760,853,-230,-3097,2
9007,-4146,-12098,1298,118,-3698,2
9483,-4357,-14927,1642,618,-4413,2
9483,-3701,-16785,1457,1282,-5502,2
7871,-3146,-17541,802,2298,-6757,2
4541,-3037,-17579,-315,3457,-7569,2
2458,-2195,-16902,-2077,5084,-8378,2
1811,1702,-15352,-3274,6987,-9354,2
-2880,343,-13285,-4433,7963,-8728,2
-5068,-1606,-10428,-4092,9279,-7406,2
-7514,-2616,-6895,-2605,11012,-6016,2
-9986,-2845,-1031,-1627,12710,-4401,2
-12729,-1807,7053,-1183,13691,-2364,2
-16083,-1965,16166,-1134,13186,-471,2
-16568,-8273,25090,-1811,11303,403,2
-13136,-14777,30230,-2323,8784,566,2
-11530,-9894,31192,-2141,4291,-55,2
-11530,-9894,31192,-2141,4291,-55,2
-11615,-6590,29443,-2380,2304,-641,2
-10562,-5224,26110,-2336,861,-840,2
-8619,-4922,23129,-2413,12,-924,2
-6776,-4547,21372,-2423,-325,-864,2
-5279,-3858,20056,-1736,-180,-628,2
-4079,-3283,18683,-808,123,-215,2
-2994,-2731,17248,-67,379,204,2
-1899,-2498,16067,488,560,591,2
-969,-2707,15212,829,626,863,2
-258,-3091,14547,937,534,886,2
256,-3457,13994,875,343,711,2
304,-3411,13905,654,109,528,2
1,-3505,14213,509,-90,408,2
-502,-3767,14710,389,-296,333,2
-958,-4194,15489,229,-543,346,2
-1504,-4647,16361,202,-799,511,2
-2269,-4975,17063,348,-1073,754,2
-3324,-5473,17860,418,-1415,1055,2
-4673,-5881,18888,364,-1833,1624,2
-5765,-5783,19823,287,-2375,2466,2
-6506,-5452,20196,288,-3301,3335,2
-6696,-4450,20753,619,-4654,3944,2
-6156,-3720,21664,1530,-6043,4398,2
-5986,-3543,21601,2591,-7067,4832,2
-6755,-3784,20899,3510,-7718,5181,2
-6969,-3978,19097,3688,-8137,5342,2
-7735,-2808,16563,2959,-8412,4892,2
-7091,-1480,14023,1620,-8602,4224,2
-4971,895,11862,310,-8695,3841,2
-3091,3237,9035,-614,-8674,3421,2
-873,3999,5025,-1444,-8339,3073,2
125,4454,2334,-2459,-7840,2733,2
3,3108,1333,-3452,-7633,2451,2
-116,2279,-1397,-3997,-7429,2485,2
325,1434,-4823,-4200,-6952,2515,2
1336,259,-7513,-4182,-6294,2366,2
3214,-1235,-12678,-2769,-4589,913,2
3917,-1732,-13901,-2053,-4024,714,2
4559,-2033,-14995,-1361,-3501,612,2
5345,-2068,-16530,-695,-3021,552,2
5977,-1920,-17667,-143,-2466,568,2
6502,-1934,-18235,180,-1793,765,2
6913,-2451,-17585,321,-1026,988,2
6992,-3389,-15893,288,-254,1127,2
6919,-4506,-13261,237,445,1074,2
6960,-4901,-10009,222,1025,869,2
6705,-5361,-6809,129,1435,629,2
6480,-5816,-3972,131,1715,413,2
6628,-6058,-1197,258,1907,245,2
9113,-3973,2001,-53,31,-56,2
8541,-4936,1969,19,41,119,2
8352,-4759,1587,99,184,24,2
8390,-4693,1939,172,242,33,2
8140,-4731,2445,246,261,47,2
7950,-4807,2723,295,224,41,2
7932,-4701,2764,302,170,1,2
8059,-4459,2771,266,141,-10,2
8230,-4274,2680,191,125,-9,2
8375,-4107,2455,105,111,0,2
8442,-4047,2249,47,120,30,2
8408,-4088,2138,36,135,68,2
8338,-4168,2073,48,132,127,2
8203,-4321,2109,79,120,173,2
8134,-4480,2221,115,117,173,2
8150,-4545,2314,153,125,174,2
8122,-4659,2525,169,123,182,2
8042,-4787,2761,179,115,164,2
7964,-4872,2997,172,93,128,2
8247,-4981,2716,30,14,72,2
8330,-4970,2547,37,25,96,2
8371,-4950,2413,75,37,134,2
8305,-4987,2388,118,50,172,2
8092,-5092,2493,146,58,174,2
7852,-5195,2658,151,54,140,2
7852,-5195,2658,151,54,140,2
7707,-5259,2774,132,37,87,2
7643,-5267,2906,98,15,29,2
7732,-5212,2927,63,-4,-16,2
7915,-5077,2783,40,-22,-38,2
8103,-4965,2661,28,-25,-38,2
8133,-4830,2662,50,-5,4,2
8002,-4855,2676,75,34,109,2
7850,-5000,2760,77,37,92,2
7732,-5073,2774,54,21,53,2
7776,-5017,2765,40,11,14,2
7878,-4954,2725,52,6,-9,2
7969,-4889,2673,67,-3,-22,2
8078,-4826,2693,88,-3,-22,2
8042,-4772,2833,108,7,-7,2
8008,-4795,2832,86,-27,58,2
8017,-4957,2498,36,-33,23,2
8020,-4846,2683,75,3,47,2
7859,-5018,2856,61,1,36,2
7862,-5012,2911,49,-6,17,2
8017,-4988,2881,42,-12,19,2
8098,-4948,2821,42,-14,28,2
7999,-4994,2903,44,-11,47,2
7776,-5249,3074,36,-26,44,2
7703,-5304,3064,25,-53,1,2
7890,-5200,2883,14,-69,-28,2
8080,-5027,2746,14,-66,-37,2
8130,-4892,2687,27,-54,-17,2
8107,-4811,2631,39,-43,18,2
8033,-4747,2585,46,-31,51,2
8005,-4707,2486,51,-18,84,2
7901,-4798,2543,45,-2,110,2
7640,-5016,2687,32,-5,94,2
7606,-5051,2705,24,-23,64,2
7781,-5060,2584,15,-32,37,2
7869,-5083,2560,17,-20,2,2
7902,-4978,2685,29,-3,-20,2
7977,-4914,2739,47,2,-10,2
8007,-4859,2753,57,1,4,2
7910,-4819,2845,67,10,28,2
7873,-4828,2847,74,13,62,2
7884,-4964,2761,69,3,76,2
7858,-5006,2639,36,-13,61,2
7909,-4925,2528,21,-10,44,2
7969,-4877,2460,17,0,45,2
7950,-4965,2658,39,27,49,2
7849,-5020,2798,51,27,53,2
7805,-5121,2948,52,17,52,2
7811,-5127,3008,48,0,39,2
7920,-5024,2976,50,-17,31,2
8002,-4992,2879,53,-24,25,2
8010,-4981,2797,25,-39,17,2
7989,-4945,2827,29,-30,25,2
7902,-5050,2637,-2,-70,21,2
7950,-5054,2610,0,-66,17,2
8005,-5002,2530,9,-65,15,2
8068,-4931,2458,19,-54,28,2
7996,-4957,2558,27,-36,45,2
7828,-5068,2687,21,-34,46,2
7801,-5079,2693,10,-38,43,2
7816,-5078,2634,-3,-42,43,2
7828,-5141,2622,-10,-43,48,2
7829,-5182,2578,-9,-42,44,2
7895,-5124,2509,1,-39,39,2
7966,-5057,2476,12,-27,41,2
7969,-4975,2620,20,3,0,2
7969,-4975,2620,20,3,0,2
7855,-5029,2834,30,3,12,2
7970,-5031,2912,-13,-49,-1,2
7970,-5031,2912,-13,-49,-1,2
7951,-5018,2709,-22,-60,9,2
7941,-4947,2491,-20,-58,23,2
7915,-4990,2349,-13,-47,41,2
7808,-5077,2333,3,-40,48,2
7755,-5127,2375,19,-33,39,2
7778,-5063,2443,27,-23,25,2
7776,-5048,2557,23,-16,23,2
7725,-5103,2643,11,-15,21,2
7752,-5162,2682,-7,-19,5,2
7830,-5174,2704,-19,-15,-13,2
7830,-5174,2704,-19,-15,-13,2
7865,-5150,2795,-15,-6,-29,2
7907,-5132,2888,0,-7,-27,2
7956,-5091,2955,25,-14,-20,2
8013,-5063,2966,34,-28,-17,2
7881,-5002,2911,27,-41,-31,2
7858,-5063,2693,-4,-59,-10,2
7858,-5063,2693,-4,-59,-10,2
7843,-5056,2645,-13,-60,-7,2
7837,-5095,2603,-18,-69,-2,2
7800,-5196,2630,-20,-73,-6,2
7819,-5231,2660,-17,-71,-21,2
7822,-5209,2689,-4,-75,-30,2
7843,-5215,2673,9,-84,-38,2
7874,-5236,2649,25,-90,-41,2
7884,-5207,2561,31,-96,-60,2
7960,-5083,2407,27,-96,-78,2
8051,-4975,2225,19,-85,-81,2
8005,-4916,2099,6,-69,-75,2
7916,-4877,1930,-6,-54,-74,2
7891,-4799,1731,-14,-38,-86,2
7917,-4677,1371,-10,-21,-105,2
7934,-4672,1146,56,0,-116,2
7960,-4650,1171,99,43,-99,2
7871,-5140,1018,34,65,-167,2
7656,-5354,640,-20,58,-347,2
7241,-5025,-691,8,27,-696,2
7804,-4696,-3617,245,-38,-1246,2
9823,-3347,-22668,1820,2558,-6123,2
9823,-3347,-22668,1820,2558,-6123,2
7288,-1913,-22460,346,3944,-7234,2
2869,-2104,-20419,-1614,5338,-7902,2
2031,-387,-17229,-3011,7142,-8868,2
-2142,337,-14518,-3857,8528,-9151,2
-6016,52,-11233,-4589,9454,-7661,2
-7995,-350,-7541,-3896,10808,-6032,2
-10020,-2075,-2367,-2748,12090,-4560,2
-12022,-3917,4559,-2125,12860,-2717,2
-14540,-5224,12431,-1026,13208,-709,2
-16358,-8818,21249,-560,12615,526,2
-15899,-12785,29411,-1406,10720,720,2
-15310,-13436,-30863,-2663,7930,345,2
-14242,-11630,-30226,-2712,4787,-466,2
-12690,-9075,32509,-2361,2114,-1194,2
-11316,-6009,28648,-2286,446,-1581,2
-9313,-4326,25086,-2072,-384,-1587,2
-6999,-3234,22277,-1579,-617,-1220,2
-5066,-2472,20119,-903,-419,-715,2
-3586,-1909,18286,-127,-67,-198,2
-2302,-1461,16674,543,231,216,2
-1221,-1116,15471,890,402,477,2
-367,-823,14538,1027,431,590,2
344,-747,13756,1059,340,613,2
741,-940,13079,1053,211,581,2
903,-1308,12712,918,69,481,2
781,-1262,12838,725,-62,391,2
274,-1161,13180,604,-199,423,2
-301,-1480,13674,521,-331,608,2
-912,-1762,14336,452,-433,1029,2
-1745,-1755,15091,431,-537,1666,2
-2747,-1557,15811,453,-724,2508,2
-3932,-900,16460,478,-1100,3548,2
-5547,-389,17438,468,-1744,4602,2
-6231,-650,19010,804,-2660,5623,2
-6712,-1737,20685,1632,-3386,6455,2
-8063,-3258,22809,2083,-4232,6902,2
-9362,-4406,25162,2132,-5632,7181,2
-10187,-4149,25501,1622,-7297,7499,2
-10059,-1777,22476,750,-8326,7051,2
-7820,1698,17376,-446,-8384,6017,2
-4619,5085,14129,-1723,-8212,4763,2
-2157,5848,11946,-2870,-8266,3500,2
1034,4016,1098,-4700,-7514,2826,2
1034,4016,1098,-4700,-7514,2826,2
1075,2943,-701,-4742,-7188,2920,2
1843,1574,-4120,-4896,-6859,2734,2
3094,-1198,-9872,-3881,-4865,1985,2
3094,-1198,-9872,-3881,-4865,1985,2
2991,-2852,-10278,-3269,-4242,1761,2
3129,-3743,-10652,-2624,-3788,1419,2
3396,-4286,-11217,-2089,-3461,1101,2
3954,-4477,-12334,-1622,-3181,891,2
4605,-4701,-13434,-1153,-2835,797,2
5338,-4993,-14506,-724,-2408,768,2
6016,-5150,-15257,-368,-1896,777,2
6173,-5487,-15008,-88,-1294,796,2
6207,-6098,-13994,149,-691,770,2
6188,-6645,-12223,333,-134,651,2
6244,-6994,-2956,642,1374,20,2
6255,-7182,-742,731,1524,-84,2
6293,-7154,1246,813,1586,-222,2
6319,-6794,2959,976,1572,-303,2
6611,-6587,4263,1116,1479,-332,2
6821,-6213,5235,1215,1323,-348,2
7036,-6053,5851,1233,1138,-392,2
7269,-5557,6050,1165,957,-469,2
7269,-5557,6050,1165,957,-469,2
7495,-5148,6057,1023,786,-510,2
7685,-4878,5873,811,614,-536,2
8031,-4527,5504,604,476,-503,2
8321,-4314,5067,413,379,-409,2
8371,-4344,4558,225,274,-310,2
8481,-4413,3845,43,173,-227,2
8632,-4473,3156,-92,129,-132,2
8667,-4592,2626,-159,122,-9,2
8487,-4793,2304,-176,117,119,2
8316,-5118,2147,-183,102,227,2
8139,-5376,2087,-164,94,310,2
7927,-5658,2086,-132,85,370,2
7711,-6022,2062,-105,68,403,2
7433,-6349,2041,-119,50,345,2
7314,-6384,2017,-148,55,259,2
7380,-6525,2027,-200,91,186,2
7308,-6330,2109,-222,136,133,2
7235,-6221,2194,-167,167,157,2
7280,-6341,2087,-120,163,185,2
7380,-6219,1966,-60,165,188,2
7405,-6039,1977,28,189,197,2
7361,-5852,2033,112,200,219,2
7298,-5802,2089,174,199,248,2
7125,-5986,2224,206,192,200,2
7016,-5850,2286,191,189,90,2
7047,-5676,2535,166,211,30,2
7103,-5739,2800,149,225,-7,2
7166,-5741,3021,119,206,-46,2
7328,-5584,3011,104,167,-64,2
7545,-5551,2964,101,147,-39,2
7556,-5621,3032,109,142,-16,2
7478,-5633,3113,128,127,4,2
7395,-5618,3136,140,98,25,2
7352,-5674,3111,140,62,41,2
7330,-5759,3123,116,38,27,2
7565,-5609,2813,-10,34,-11,2
7565,-5609,2813,-10,34,-11,2
7549,-5706,2725,-23,33,17,2
7557,-5737,2674,-15,31,46,2
7498,-5802,2698,7,31,87,2
7398,-5917,2736,30,21,126,2
7371,-5980,2705,47,11,149,2
7334,-6015,2712,57,10,151,2
7194,-6183,2798,42,12,114,2
7052,-6159,2809,12,7,35,2
7139,-6045,2810,-13,5,-12,2
7308,-5980,2791,-19,3,-27,2
7360,-5989,2742,-6,-4,-33,2
7374,-5949,2717,13,-8,-39,2
7381,-5952,2778,29,-6,-42,2
7431,-5837,2766,50,-6,-27,2
7431,-5837,2766,50,-6,-27,2
7236,-5857,2874,-11,-36,-42,2
7236,-5857,2874,-11,-36,-42,2
7410,-5797,2695,-21,-45,-41,2
7526,-5834,2570,-11,-34,-28,2
7484,-5820,2602,12,-16,-16,2
7400,-5812,2723,41,-2,-2,2
7304,-5790,2856,60,4,5,2
7291,-5736,2889,67,1,25,2
7349,-5692,2821,57,-8,45,2
7316,-5666,2796,35,-11,60,2
7265,-5705,2715,4,-14,60,2
7245,-5712,2575,-23,-14,54,2
7157,-5839,2525,-43,-13,33,2
7213,-5821,2634,9,40,42,2
7225,-5845,2699,14,40,27,2
7230,-5834,2752,15,37,17,2
7237,-5877,2803,15,37,16,2
7227,-5943,2834,16,31,8,2
7263,-5937,2858,21,29,-3,2
7321,-5899,2918,25,35,-6,2
7325,-5892,3004,30,37,-4,2
7357,-5633,2579,-3,16,-7,2
7357,-5633,2579,-3,16,-7,2
7356,-5672,2561,-6,26,3,2
7365,-5645,2561,-5,43,6,2
7375,-5634,2614,4,55,15,2
7342,-5626,2707,23,56,33,2
7230,-5712,2809,44,47,52,2
7179,-5846,2870,47,27,39,2
7169,-5889,2871,39,13,2,2
7172,-5885,2956,29,13,-29,2
7187,-5935,3100,12,6,-52,2
7254,-5877,3099,-5,-10,-74,2
7370,-5767,2978,-17,-23,-78,2
7502,-5716,2832,-14,-23,-59,2
7549,-5664,2692,-4,-14,-26,2
7509,-5634,2618,9,-4,11,2
7434,-5632,2547,16,3,36,2
7371,-5693,2549,12,12,51,2
7265,-5833,2631,5,16,42,2
7209,-5894,2762,0,12,12,2
7227,-5941,2886,5,2,-5,2
7284,-5942,3020,9,-10,-25,2
7373,-5933,3082,8,-23,-41,2
7425,-5881,3040,1,-33,-43,2
7467,-5844,2960,-4,-38,-29,2
7461,-5820,2842,-6,-42,-12,2
7441,-5802,2728,-9,-39,0,2
7404,-5786,2604,-11,-35,10,2
7356,-5802,2535,-13,-30,11,2
7302,-5816,2578,-17,-29,-2,2
7231,-5857,2657,-23,-30,-27,2
7237,-5871,2742,-31,-37,-56,2
7327,-5806,2745,-37,-46,-70,2
7434,-5844,2707,-40,-51,-79,2
7398,-5718,2633,-39,-56,-84,2
7364,-5706,2646,-6,-47,-39,2
7324,-5814,2604,-7,-46,-14,2
7354,-5755,2427,-12,-43,-23,2
7382,-5652,2248,-15,-31,-24,2
7365,-5632,2057,-18,-21,-20,2
7316,-5654,1798,-22,-2,-32,2
7182,-5609,1397,-39,12,-79,2
7072,-5420,622,-50,12,-158,2
7070,-4903,-799,-27,-3,-281,2
7567,-4794,-3063,99,-37,-466,2
8247,-4844,-6307,370,-64,-758,2
9216,-4699,-9431,828,153,-1341,2
9903,-5270,-11466,1440,538,-2361,2
-4403,241,-5287,-2444,9130,-7646,2
-4403,241,-5287,-2444,9130,-7646,2
-5120,-622,-1484,-1982,10160,-6051,2
-6447,-1520,3269,-1645,10879,-4605,2
-7901,-1498,7595,-1609,10988,-3218,2
-9138,-2873,11821,-1622,10373,-2027,2
-9534,-6117,15906,-1528,9279,-1085,2
-9051,-7514,18778,-1674,8045,-544,2
-7597,-7020,23813,-2395,4235,-630,2
-7144,-7324,23527,-2150,2938,-840,2
-6255,-3325,19498,-711,979,-555,2
-5777,-2850,18811,-352,860,-234,2
-5333,-2592,18069,54,844,86,2
-3326,-2830,17526,854,735,645,2
-2768,-2856,17334,1016,504,664,2
-2296,-2791,16999,1120,198,658,2
-2053,-2709,16443,1097,-186,646,2
-2015,-2718,15824,1001,-576,614,2
-2323,-2480,15410,900,-868,683,2
-2874,-2434,15506,731,-1098,873,2
-3599,-2455,16176,459,-1334,1233,2
-6792,-3336,19205,83,-2721,3582,2
-7222,-1703,20333,616,-3838,4602,2
-7312,-2013,21153,1916,-4978,5562,2
-215,7145,2011,-3275,-9079,3792,2
2039,6074,-1936,-4387,-8276,3542,2
1642,4477,-1867,-4913,-7523,3625,2
1938,3052,-4296,-5127,-7052,3799,2
3041,272,-7144,-4980,-6332,3469,2
4292,-1058,-8190,-4373,-5439,2792,2
5440,-891,-9126,-3607,-4654,1993,2
5315,-3434,-10530,-1116,-2826,969,2
5315,-3434,-10530,-1116,-2826,969,2
5233,-3565,-10623,-673,-2511,757,2
5263,-4047,-10617,-365,-2147,631,2
5454,-4567,-10360,-183,-1744,519,2
6652,-4875,-9681,-129,-860,365,2
6652,-4875,-9681,-129,-860,365,2
7160,-5208,-8701,-90,-396,409,2
7340,-5575,-7485,-23,-9,423,2
7416,-5917,-6226,62,328,443,2
7313,-6342,-4701,188,606,492,2
7113,-6803,-3104,333,811,467,2
6847,-7049,-1424,455,967,363,2
8067,-5274,4608,661,532,-145,2
8067,-5274,4608,661,532,-145,2
7836,-5463,4720,484,418,-166,2
7980,-5266,4365,310,287,-201,2
8376,-4849,3653,152,188,-181,2
8642,-4529,2965,64,143,-84,2
8269,-4637,2749,-8,128,17,2
7819,-5054,2633,-75,81,65,2
7777,-5185,2237,-124,14,51,2
8078,-5043,1683,-166,-11,43,2
8272,-5170,1325,-156,101,129,2
8272,-5170,1325,-156,101,129,2
8056,-5269,1511,-68,166,230,2
7811,-5506,1840,0,200,303,2
7466,-5658,2176,55,214,347,2
7094,-6045,2581,76,193,351,2
6992,-6243,2658,54,137,260,2
7167,-6083,2510,27,115,168,2
7443,-5870,2343,4,129,96,2
7782,-5482,2421,70,186,54,2
7319,-5535,2452,87,71,152,2
7319,-5535,2452,87,71,152,2
7397,-5559,2195,34,63,130,2
7477,-5627,2077,-6,84,92,2
7489,-5657,2166,-9,117,55,2
7460,-5712,2425,25,136,46,2
7435,-5736,2664,70,128,50,2
7544,-5710,2682,108,104,64,2
7543,-5664,2709,116,124,103,2
7393,-5757,2888,105,128,120,2
7525,-5858,3100,54,25,62,2
7598,-5792,3008,52,17,59,2
7668,-5755,2932,49,11,66,2
7473,-5783,3015,57,13,90,2
7110,-6063,3240,49,-10,86,2
7083,-6099,3095,20,-66,40,2
7306,-6000,2698,-10,-95,-2,2
7476,-5938,2381,-31,-91,-37,2
7558,-5785,2195,-25,-66,-50,2
7271,-5903,2530,4,-26,21,2
7316,-5800,2463,-9,-23,-30,2
7518,-5670,2379,-2,-6,-35,2
7472,-5672,2522,15,16,-17,2
7245,-5789,2863,29,19,-4,2
7167,-5892,3041,29,-2,-8,2
7304,-5879,2946,29,-22,-20,2
7399,-5802,2849,28,-20,-30,2
7468,-5646,2633,41,-21,-6,2
7573,-5537,2481,43,-9,1,2
7583,-5496,2464,44,22,30,2
7437,-5564,2610,51,48,70,2
7209,-5717,2833,57,52,101,2
7024,-5882,2941,51,28,95,2
7052,-5856,2849,37,-2,67,2
7188,-5796,2723,14,-9,43,2
7273,-5757,2723,2,3,28,2
7308,-5765,2711,0,7,20,2
7358,-5784,2624,8,5,22,2
7405,-5791,2578,22,12,31,2
7377,-5803,2601,33,24,36,2
7395,-5810,2567,33,34,38,2
7377,-5792,2540,38,47,44,2
7207,-5888,2689,39,55,42,2
7105,-5989,2821,34,44,13,2
7223,-5909,2803,28,27,-16,2
7223,-5909,2803,28,27,-16,2
7361,-5854,2737,21,26,-28,2
7417,-5871,2783,17,31,-35,2
7376,-5869,2828,17,33,-45,2
7350,-5735,2836,-2,30,-33,2
7350,-5735,2836,-2,30,-33,2
7380,-5697,2867,-1,28,-30,2
7344,-5749,2893,-9,23,-26,2
7345,-5770,2928,-22,15,-39,2
7333,-5777,2968,-36,10,-45,2
7302,-5797,3016,-29,3,-43,2
7368,-5808,3023,-16,-12,-40,2
7413,-5663,2800,-37,-30,-73,2
7413,-5663,2800,-37,-30,-73,2
7419,-5646,2752,-41,-34,-65,2
7277,-5736,2571,5,0,-19,2
7277,-5736,2571,5,0,-19,2
7355,-5630,2567,5,0,-42,2
7453,-5572,2613,11,8,-43,2
7500,-5570,2712,14,12,-29,2
7528,-5572,2780,16,11,-11,2
7541,-5585,2753,16,10,7,2
7526,-5620,2751,13,12,15,2
7509,-5656,2762,11,17,19,2
7507,-5674,2774,17,18,20,2
7459,-5766,2689,-15,-51,-35,2
7489,-5745,2652,-5,-52,-28,2
7450,-5731,2640,15,-54,-18,2
7431,-5728,2670,31,-53,-8,2
7413,-5689,2685,38,-50,-4,2
7395,-5697,2667,31,-48,-3,2
7418,-5676,2524,19,-49,-6,2
7412,-5657,2406,11,-43,-10,2
7355,-5662,2347,6,-33,-12,2
7393,-5614,2196,3,-28,-12,2
7450,-5533,1965,0,-14,-7,2
7462,-5485,1751,-3,10,1,2
7399,-5512,1510,-5,41,-6,2
7298,-5412,1201,5,83,-34,2
7258,-5150,725,36,134,-103,2
7386,-5203,-65,78,147,-298,2
7595,-5425,-1230,264,140,-536,2
8069,-5870,-2809,510,147,-1046,2
8846,-5889,-4927,909,319,-2079,2
9085,-4960,-7210,1459,651,-2649,2
9472,-3610,-9507,1992,1135,-3025,2
10173,-2740,-11215,2412,1788,-3588,2
10257,-1453,-11755,2408,2543,-4131,2
9592,-732,-11708,1946,3251,-4832,2
7389,-281,-10823,1257,3869,-5543,2
5048,254,-10320,183,4648,-6119,2
3972,1653,-10225,-371,5621,-7094,2
711,-840,-9344,-754,6401,-7607,2
-551,-2747,-7586,-1710,7404,-6835,2
-2480,-2783,-4527,-1926,8276,-5944,2
-4756,-2117,-453,-1503,9009,-5148,2
-6183,-1576,3253,-1563,9214,-4120,2
-7203,-1786,6711,-2207,9117,-2706,2
-7466,-3721,10769,-2748,8876,-1206,2
-7357,-6839,14567,-2227,8590,8,2
-7164,-8305,17912,-2168,7784,371,2
-7016,-7852,20909,-2887,6495,204,2
-6344,-8449,22576,-3134,5120,355,2
-5583,-9488,22759,-2515,4059,394,2
-5421,-9554,22663,-1890,3257,38,2
-5769,-8618,22592,-1679,2518,-373,2
-6118,-7162,22307,-1390,1939,-600,2
-6286,-5643,21518,-840,1561,-635,2
-5964,-4514,20530,-383,1287,-520,2
-5236,-3808,19454,-70,1068,-282,2
-4209,-3739,18407,284,955,-32,2
-3343,-3666,17488,694,932,154,2
-2739,-3325,16769,999,897,264,2
-2391,-2865,16243,1145,786,352,2
-2239,-2754,16046,1190,616,447,2
-2247,-3427,16375,1106,362,533,2
-2535,-4107,16957,971,9,606,2
-2796,-4242,17345,869,-403,695,2
-3349,-4060,17429,808,-839,816,2
-5093,-4370,18094,304,-1722,1334,2
-5699,-5201,18961,67,-2242,1930,2
-5942,-5873,19759,218,-2929,2496,2
-5942,-5873,19759,218,-2929,2496,2
-5919,-4923,20459,901,-3957,2952,2
-5542,-3981,20651,2516,-4967,3191,2
-6143,-3889,20461,4286,-5365,3681,2
-7239,-2637,19734,4983,-5892,4594,2
-7276,-2540,17839,4234,-7102,5040,2
-7191,-2469,14887,2523,-8327,4747,2
-7211,-317,11778,846,-8805,3998,2
-5697,3073,9518,-520,-8833,3463,2
-3605,4547,7753,-1454,-8925,3219,2
-2165,4904,5452,-2044,-8956,3318,2
-1406,4982,2870,-2553,-8610,3699,2
-389,4212,949,-3249,-8184,4138,2
1019,2399,-1635,-3882,-7714,4294,2
2266,1098,-3654,-4190,-6972,4082,2
3375,23,-4741,-4260,-6277,3438,2
4288,-173,-6697,-4142,-5646,2663,2
4938,-14,-8053,-3656,-4890,2143,2
5206,-423,-8688,-3105,-4239,1863,2
5358,-1192,-9457,-2566,-3754,1670,2
6037,-3079,-12043,-634,-2216,1521,2
6037,-3079,-12043,-634,-2216,1521,2
6799,-5739,-11050,-38,-280,870,2
6994,-5989,-9449,-2,170,566,2
7201,-6082,-7664,81,548,360,2
7142,-6335,-5607,217,867,263,2
6936,-6660,-3391,325,1105,169,2
6846,-6665,-1393,421,1248,86,2
6919,-6601,341,553,1317,61,2
6877,-6802,2057,690,1322,30,2
6811,-6822,3521,814,1243,-38,2
7008,-6609,4585,922,1103,-111,2
7419,-6389,5202,935,935,-205,2
7965,-5839,5341,869,768,-262,2
8328,-5408,5280,746,627,-278,2
8725,-4506,3672,225,274,-152,2
8759,-4443,2887,86,192,-32,2
8711,-4507,2266,-13,147,67,2
8559,-4643,1861,-52,134,167,2
8292,-4926,1720,-49,120,254,2
7910,-5351,1854,-39,93,288,2
7719,-5655,1922,-39,64,272,2
7697,-5764,1861,-62,45,258,2
7619,-5986,1820,-95,46,233,2
7535,-6178,1786,-115,54,193,2
7562,-6214,1755,-119,61,154,2
7588,-6198,1727,-109,65,131,2
7606,-6179,1618,-82,64,119,2
7708,-6076,1494,-49,74,114,2
7834,-5919,1412,-6,105,124,2
7775,-5849,1496,47,145,135,2
7447,-5836,1752,89,164,117,2
7246,-5815,1978,107,142,77,2
7318,-5752,1982,104,111,36,2
7472,-5644,1899,93,96,-3,2
7711,-5518,1835,88,103,-15,2
7835,-5446,1880,90,126,-12,2
7767,-5431,2024,96,146,-2,2
7671,-5415,2056,127,116,66,2
7479,-5717,2527,185,63,-5,2
7581,-5747,2554,141,40,-47,2
7660,-5561,2638,123,45,-28,2
7769,-5589,2689,114,52,22,2
7705,-5645,2709,99,48,63,2
7683,-5722,2715,82,34,95,2
7728,-5705,2620,78,13,123,2
7350,-5935,2201,-5,-65,37,2
7474,-5910,2048,-22,-61,7,2
7565,-5904,1996,-14,-49,0,2
7616,-5874,2019,14,-32,-2,2
7571,-5782,2106,50,-22,4,2
7546,-5734,2220,74,-14,27,2
7546,-5710,2248,86,-12,51,2
7533,-5646,2085,39,11,93,2
7521,-5615,2118,33,21,90,2
7429,-5719,2235,30,25,85,2
7356,-5797,2296,28,17,56,2
7430,-5777,2345,28,15,34,2
7389,-5753,2482,32,19,27,2
7369,-5746,2560,36,4,31,2
7442,-5754,2476,31,-21,41,2
7547,-5724,2293,24,-33,43,2
7562,-5713,2166,17,-17,41,2
7500,-5782,2164,14,2,45,2
7334,-5882,2502,33,15,44,2
7334,-5882,2502,33,15,44,2
7224,-5946,2594,11,-1,14,2
7296,-5876,2530,-13,-18,-11,2
7461,-5798,2373,-30,-22,-11,2
7555,-5777,2233,-38,-13,1,2
7534,-5807,2184,-34,2,10,2
7518,-5826,2176,-27,16,20,2
7544,-5832,2148,-9,30,35,2
7513,-5822,2202,10,37,49,2
7422,-5871,2286,19,32,51,2
7392,-5901,2314,9,25,22,2
7428,-5820,2343,-4,26,-4,2
7526,-5779,2451,-21,15,11,2
7484,-5797,2428,-25,11,21,2
7510,-5754,2361,-31,11,25,2
7561,-5700,2255,-34,15,31,2
7585,-5704,2176,-26,21,49,2
7529,-5749,2170,-10,30,63,2
7439,-5741,2178,6,35,69,2
7425,-5794,2285,-57,-1,-15,2
7528,-5802,2185,-53,2,-4,2
7529,-5800,2199,-34,9,14,2
7428,-5832,2321,-9,25,35,2
7424,-5807,2338,-13,29,27,2
7358,-5877,2439,-16,30,17,2
7280,-5910,2468,-28,11,-3,2
7344,-5855,2318,-36,-6,-19,2
7429,-5813,2219,-36,-1,-18,2
7415,-5838,2272,-37,5,-16,2
7403,-5858,2304,-35,2,-16,2
7467,-5858,2464,0,6,11,2
7434,-5862,2475,1,-11,10,2
7447,-5873,2467,-10,-28,3,2
7425,-5870,2455,-30,-35,-11,2
7443,-5882,2384,-43,-47,-24,2
7484,-5844,2249,-49,-62,-37,2
7607,-5801,2164,-47,-63,-33,2
7607,-5819,2150,-39,-53,-23,2
7471,-5705,2163,30,1,6,2
7533,-5652,2166,33,10,25,2
7478,-5637,2238,28,22,50,2
7387,-5688,2285,17,21,64,2
7338,-5748,2272,5,7,68,2
7382,-5832,2203,-3,-5,59,2
7437,-5859,2188,-3,-4,49,2
7448,-5977,2297,3,-3,35,2
7375,-6031,2417,11,-7,4,2
7380,-5991,2479,20,-16,-7,2
7440,-5965,2451,22,-29,-6,2
7456,-5904,2365,15,-41,-3,2
7436,-5881,2215,0,-49,2,2
7486,-5838,2007,-12,-50,11,2
7482,-5842,1891,-18,-42,20,2
7446,-5840,1788,-19,-34,19,2
7465,-5824,1698,-13,-22,20,2
7443,-5879,1759,-4,-3,19,2
7331,-5954,1960,9,10,4,2
7282,-5941,2121,17,7,-16,2
7358,-5889,2146,23,4,-20,2
7425,-5834,2139,23,7,-18,2
7437,-5790,2138,18,17,-9,2
7419,-5843,2144,17,20,2,2
7485,-5831,1998,33,26,12,2
7485,-5831,1998,33,26,12,2
7504,-5815,1885,38,32,17,2
7460,-5777,1768,38,43,13,2
7315,-5777,1684,31,54,11,2
7258,-5796,1552,19,62,4,2
7264,-5743,1316,15,71,-1,2
7266,-5678,1034,22,91,-4,2
7306,-5560,699,45,124,-7,2
6816,-3816,-11230,1853,3314,-6140,2
5645,-2602,-11214,643,4110,-7181,2
5645,-2602,-11214,643,4110,-7181,2
2592,-2279,-11281,-833,4955,-7683,2
2511,-234,-10078,-2206,6380,-8827,2
249,1312,-8935,-3146,7531,-9386,2
-2768,-360,-7582,-3889,8123,-8163,2
-3945,-1285,-5521,-3109,9311,-6728,2
-6360,-1229,-1927,-1742,10798,-5513,2
-8833,-1788,4075,-1335,11934,-4006,2
-11485,-2736,11147,-1475,12351,-1977,2
-13767,-4781,18537,-1756,11537,-216,2
-920,-2697,16393,164,74,248,2
-920,-2697,16393,164,74,248,2
-259,-2773,15566,601,234,462,2
73,-2298,14943,898,342,596,2
152,-1860,14570,1049,348,702,2
395,-2134,14383,1054,260,749,2
593,-2408,14323,1021,119,709,2
457,-2288,14261,974,-67,668,2
65,-1974,14150,845,-313,667,2
-1319,-2172,14614,142,-1047,1087,2
-1319,-2172,14614,142,-1047,1087,2
-1799,-2661,15106,10,-1287,1486,2
-2009,-3614,15293,130,-1579,1878,2
-2565,-4557,15212,144,-1946,2269,2
-3847,-3822,15918,54,-2443,2925,2
-4455,-2099,17850,466,-3172,3898,2
-4998,-1398,19771,1962,-3878,4916,2
-5868,-2364,21152,3117,-4580,5870,2
-6002,-4210,21713,3094,-5629,6313,2
-6766,-5220,21336,2044,-6950,5664,2
-7417,-3811,19743,977,-7797,4610,2
-6548,249,16876,462,-7971,3992,2
-5328,3652,14065,-371,-8244,4052,2
-3463,5089,10671,-1588,-8611,3895,2
-1599,5360,6442,-3006,-8772,3769,2
-136,4804,2955,-3966,-8435,3716,2
1492,3402,-354,-4629,-7862,3751,2
2583,2276,-2919,-4987,-7176,3522,2
2932,1561,-4707,-5075,-6453,3167,2
3700,600,-7154,-5055,-5769,2833,2
4447,-533,-9116,-4648,-4989,2466,2
4861,-1680,-10148,-3962,-4248,2013,2
5207,-2402,-10992,-3198,-3652,1553,2
5180,-2912,-11236,-2436,-3173,1162,2
5087,-3415,-11350,-1701,-2831,896,2
5242,-3621,-11548,-998,-2558,731,2
5496,-3612,-11814,-426,-2266,666,2
5655,-3909,-11931,-67,-1932,672,2
5848,-4365,-11985,101,-1536,694,2
6335,-4671,-11862,183,-1061,737,2
6550,-5339,-11263,159,-533,764,2
6715,-5979,-10234,54,-17,708,2
6690,-6276,-8628,8,458,596,2
6459,-6769,-6624,-5,856,486,2
6280,-7345,-4561,56,1138,383,2
6231,-7684,-2621,233,1304,226,2
6255,-7677,-718,442,1405,44,2
6329,-7631,1127,675,1441,-110,2
7034,-6524,5077,1257,1198,-371,2
7034,-6524,5077,1257,1198,-371,2
7155,-6353,5910,1316,1031,-368,2
7313,-6079,6307,1265,817,-422,2
7624,-5482,6198,1123,616,-462,2
7884,-5007,5788,891,437,-441,2
8095,-4726,5144,614,270,-408,2
8329,-4456,4247,340,154,-355,2
8587,-4290,3353,90,106,-277,2
8570,-4321,2715,-91,104,-170,2
8413,-4743,2266,-190,104,-63,2
8286,-5019,1927,-212,95,9,2
7605,-6058,2250,-11,101,307,2
7387,-6221,2428,-7,84,290,2
7314,-6269,2433,-31,69,260,2
7294,-6317,2308,-68,55,216,2
7340,-6349,2120,-103,54,167,2
7374,-6354,2031,-110,69,121,2
7357,-6362,2054,-85,84,96,2
7325,-6366,2077,-37,83,81,2
7346,-6268,2056,25,82,64,2
7319,-5879,2148,-30,-14,98,2
7319,-5879,2148,-30,-14,98,2
7180,-6106,2220,-51,-18,67,2
7179,-6180,2187,-57,-36,21,2
7393,-6117,1990,-50,-44,-3,2
7644,-5977,1865,18,2,8,2
7644,-5977,1865,18,2,8,2
7594,-5956,1980,62,22,25,2
7430,-5943,2096,96,30,19,2
7333,-5861,2244,111,34,13,2
7278,-5882,2400,103,34,13,2
7318,-5833,2367,71,19,3,2
7410,-5876,2269,36,11,-9,2
7446,-5876,2203,14,18,-34,2
7546,-5655,2187,85,39,1,2
7546,-5655,2187,85,39,1,2
7516,-5666,2191,110,44,35,2
7370,-5644,2360,134,53,68,2
7225,-5721,2510,137,49,98,2
7040,-6065,2572,85,-15,56,2
7583,-5815,2399,74,67,1,2
7583,-5815,2399,74,67,1,2
7492,-5846,2614,121,61,32,2
7377,-5916,2840,140,47,45,2
7267,-5929,2954,131,27,38,2
7198,-5954,2970,107,-2,30,2
7241,-6006,2889,76,-37,15,2
7338,-6013,2673,50,-56,-6,2
7368,-6053,2503,29,-60,-38,2
7419,-5938,2335,26,-55,-64,2
7520,-5834,2197,43,-39,-51,2
7558,-5749,2077,69,-23,-26,2
7571,-5705,2006,102,-2,10,2
7468,-5718,2612,-9,-24,-58,2
7468,-5718,2612,-9,-24,-58,2
7479,-5716,2576,-14,-25,-38,2
7470,-5724,2508,-21,-21,-22,2
7522,-5740,2393,-22,-10,-4,2
7504,-5737,2382,-17,6,12,2
7395,-5846,2445,-10,15,11,2
7324,-5870,2433,-8,9,-13,2
7363,-5815,2305,-10,4,-38,2
7400,-5767,2302,-15,14,-50,2
7360,-5773,2373,-21,20,-57,2
7410,-5786,2449,-25,17,-59,2
7472,-5800,2543,-19,21,-56,2
7526,-5772,2651,-11,22,-47,2
7558,-5719,2672,-4,19,-30,2
7609,-5655,2626,-4,19,-10,2
7514,-5678,2652,-7,22,6,2
7371,-5723,2668,-21,17,8,2
7337,-5759,2583,-34,3,1,2
7374,-5794,2464,-46,-9,-23,2
7404,-5810,2390,-54,-12,-56,2
7448,-5774,2423,-47,-2,-78,2
7464,-5723,2557,-32,3,-78,2
7468,-5758,2703,-18,-5,-66,2
7494,-5742,2731,-13,-20,-60,2
7529,-5660,2656,-18,-30,-58,2
7556,-5644,2585,-27,-33,-43,2
7580,-5628,2497,-38,-34,-35,2
7616,-5593,2378,-45,-33,-29,2
7552,-5640,2388,-48,-30,-27,2
7521,-5666,2409,-49,-32,-29,2
7459,-5776,2455,-54,-39,-36,2
7450,-5798,2395,-61,-51,-67,2
7494,-5717,2316,-64,-54,-84,2
7561,-5660,2212,-64,-51,-89,2
7581,-5585,2051,-61,-45,-90,2
7454,-5512,1972,-58,-36,-90,2
7524,-5558,1375,-126,4,-143,2
8259,-3878,-9559,289,230,-3361,2
8259,-3878,-9559,289,230,-3361,2
10191,-3504,-12836,604,572,-4322,2
10968,-2120,-15619,846,1271,-5280,2
10849,-223,-17384,844,2250,-6187,2
9219,1999,-18471,-50,3369,-6659,2
4682,1447,-19107,-1756,4644,-6895,2
2255,1040,-17408,-3735,6467,-7846,2
113,5109,-14353,-5214,8185,-8694,2
-4899,1913,-12469,-6608,8598,-7116,2
-5831,-184,-8517,-4634,9729,-4968,2
-8956,899,-4756,-1988,11363,-3044,2
-10773,-2510,-1103,-1900,12257,-1327,2
-13041,-7403,3334,-2606,12741,430,2
-15924,-12300,9599,-2580,12967,1695,2
-16242,-15654,18167,-2428,12681,2045,2
-15427,-14878,26210,-2870,11260,1840,2
-13069,-14583,-32032,-3369,8680,1436,2
-10828,-15227,-29124,-3088,5657,1402,2
-9134,-14565,32084,-1289,2978,1193,2
-7795,-12121,24546,59,1226,478,2
-7282,-8971,19417,-348,266,-94,2
-6617,-6518,17746,-1159,-78,-584,2
-5584,-5127,17535,-1432,-96,-814,2
-4332,-4960,17378,-1295,-66,-713,2
-3068,-5050,16855,-764,27,-416,2
-2306,-4765,16036,-23,213,-67,2
-2066,-3828,15250,672,434,247,2
-1794,-3155,14866,1091,572,521,2
-1401,-3149,14898,1252,547,724,2
-822,-3530,14906,1357,394,821,2
-478,-3828,14511,1410,150,846,2
-265,-4036,13968,1338,-123,799,2
-274,-3915,13564,1145,-390,674,2
-417,-3723,13401,925,-637,526,2
-597,-3761,13380,712,-893,443,2
-861,-3836,13419,488,-1180,393,2
-1142,-4097,13692,323,-1440,441,2
-1565,-4182,14079,308,-1663,705,2
-2105,-4113,14306,468,-1883,1118,2
-2686,-4404,14424,710,-2106,1494,2
-3547,-4564,14648,867,-2296,1861,2
-4472,-4510,15409,772,-2550,2286,2
-5078,-3872,17128,815,-2973,2818,2
-5336,-4036,19085,1552,-3509,3307,2
-5575,-4289,20195,2493,-4350,3607,2
-6134,-4422,19992,2881,-5516,3545,2
-7284,-5014,19320,2313,-6917,3295,2
-8803,-4781,18768,1534,-8270,3069,2
-9951,-3470,17988,1103,-9089,3287,2
-8834,-130,15763,695,-9427,3667,2
-7023,3263,11877,-290,-9699,3788,2
-3961,5292,7280,-1768,-9795,3341,2
4,5184,2261,-3112,-9364,2828,2
2569,5788,-1298,-3835,-8381,2660,2
2912,4850,-2340,-4138,-7560,2844,2
3890,3597,-5412,-4423,-6904,3508,2
4998,1203,-8402,-4314,-5952,3835,2
5286,-3158,-9172,-1946,-3689,2111,2
4832,-2773,-8945,-1036,-3275,1667,2
6162,-3512,-9150,271,-2045,1141,2
6508,-4072,-9330,133,-1652,1163,2
6662,-4735,-9364,-72,-1229,1109,2
6678,-5230,-9201,-315,-817,1015,2
6507,-5917,-8657,-506,-415,902,2
6432,-6627,-8044,-550,-67,755,2
6458,-7120,-7103,-448,234,586,2
6572,-7474,-5886,-246,499,401,2
6784,-7490,-4521,26,719,227,2
6856,-7331,-2922,314,908,99,2
6745,-7331,-1102,567,1045,2,2
7485,-5382,4619,310,242,-196,2
7753,-5114,3991,211,118,-186,2
8160,-4851,3077,136,35,-134,2
8497,-4614,2187,76,3,-56,2
8694,-4441,1500,20,25,52,2
8474,-4489,1397,-22,101,197,2
7901,-4959,1637,-49,162,329,2
7491,-5639,946,-77,198,426,2
6823,-6650,3001,94,214,166,2
6823,-6650,3001,94,214,166,2
7138,-6463,2958,96,200,118,2
7350,-6295,2825,94,192,101,2
7455,-6196,2667,97,189,93,2
7416,-6092,2549,114,196,90,2
7319,-5992,2604,140,209,107,2
7188,-5950,2830,159,211,127,2
7419,-5943,2874,68,-58,44,2
7419,-5943,2874,68,-58,44,2
7310,-5962,2752,41,-48,79,2
7130,-6173,2644,13,-51,80,2
6957,-6214,2521,-5,-63,46,2
6968,-6229,2405,-15,-70,18,2
7051,-6222,2280,-12,-67,0,2
7150,-6154,2257,0,-56,-3,2
7286,-6125,2335,16,-35,15,2
7292,-6150,2523,35,-12,39,2
7241,-6172,2646,47,-4,62,2
7266,-6142,2628,50,-6,80,2
7216,-6147,2529,46,0,93,2
7072,-6162,2525,33,6,89,2
6913,-6249,2560,11,3,63,2
6917,-6265,2487,-7,-18,-33,2
6917,-6265,2487,-7,-18,-33,2
7075,-6211,2443,11,-23,-62,2
7225,-6146,2457,47,-19,-60,2
7260,-6131,2519,94,-14,-39,2
7216,-6118,2603,135,-14,-14,2
7231,-6120,2603,167,-18,7,2
7229,-6131,2622,201,-14,29,2
7069,-6237,2827,238,-13,47,2
6938,-6349,3010,261,-38,46,2
6832,-6492,3088,258,-77,11,2
7134,-5885,2716,24,-7,-91,2
7209,-5803,2700,10,0,-74,2
7188,-5903,2794,-5,9,-54,2
7201,-5904,2704,-23,3,-50,2
7354,-5887,2584,-22,8,-35,2
7409,-5875,2612,-1,26,-14,2
7278,-5852,2782,19,36,7,2
7097,-5968,2900,25,22,21,2
7022,-6037,2847,13,-1,-1,2
7012,-6009,2778,-6,-12,-37,2
7072,-6006,2721,-20,-21,-60,2
7140,-6007,2601,-27,-38,-80,2
7290,-5968,2412,-17,-50,-86,2
7423,-5917,2227,11,-39,-75,2
7474,-5923,2188,56,-13,-58,2
7462,-5875,2169,104,14,-42,2
7452,-5752,2236,148,44,-18,2
7431,-5657,2390,174,72,12,2
7327,-5613,2639,178,97,45,2
7118,-5699,2946,158,104,64,2
6962,-5843,3190,112,85,57,2
6918,-5990,3288,49,52,14,2
7386,-5830,2836,-9,36,-3,2
7101,-5943,3010,12,-4,18,2
7190,-5948,2856,-18,-16,-1,2
7258,-5922,2742,-31,-12,-14,2
7218,-5958,2772,-25,-9,-23,2
7235,-5934,2803,-13,-14,-29,2
7302,-5925,2786,-2,-16,-25,2
7198,-5984,3113,9,-33,21,2
7198,-5984,3113,9,-33,21,2
7205,-5978,3045,-13,-54,-11,2
7290,-5944,2864,-35,-64,-33,2
7349,-5917,2721,-44,-68,-46,2
7410,-5868,2627,-42,-60,-46,2
7385,-5876,2674,-26,-45,-29,2
7314,-5895,2735,-2,-42,-3,2
7307,-5686,2067,-17,0,-4,2
7307,-5686,2067,-17,0,-4,2
7285,-5698,1922,-10,15,-11,2
7332,-5628,1725,-3,38,-16,2
7361,-5589,1538,9,77,-17,2
9246,-5502,-7879,818,412,-2476,2
9246,-5502,-7879,818,412,-2476,2
9675,-4365,-10215,1156,765,-3406,2
9901,-3456,-11669,1575,1451,-3942,2
9506,-3136,-11927,1832,2379,-4618,2
9201,-2560,-11916,1338,3189,-5527,2
7678,-2007,-12481,533,4082,-6564,2
4041,-1454,-12091,-462,5356,-7510,2
-4765,1725,-2833,-1812,9464,-5495,2
-4765,1725,-2833,-1812,9464,-5495,2
-5942,-185,-232,-780,10273,-3594,2
-6282,-2923,1783,-1359,10416,-1746,2
-8169,-5007,4084,-1547,10578,-168,2
-9016,-8154,7379,-1260,10674,552,2
-9344,-9674,11661,-1451,10712,857,2
-10344,-8681,16303,-1648,10454,1223,2
-11624,-7631,21863,-1654,9580,1289,2
-11753,-7761,27549,-1575,8032,1077,2
-11053,-8110,29948,-1061,5890,964,2
-9774,-8474,27461,-280,3561,782,2
-8725,-8244,22643,198,1824,260,2
-8205,-6477,19154,-26,888,-292,2
-8121,-4037,17660,-397,507,-599,2
-7492,-2834,17133,-655,273,-660,2
-6530,-2984,16496,-676,92,-552,2
-5474,-3651,15936,-547,23,-428,2
-4782,-3591,15836,-294,107,-339,2
-4006,-2221,15736,564,218,68,2
-3493,-2115,15184,842,98,323,2
-2900,-2390,14466,985,-66,486,2
-2742,-3124,14243,875,-549,581,2
-3180,-3598,14891,630,-824,566,2
-3681,-4124,15918,297,-1180,637,2
-4713,-4150,16694,286,-1559,781,2
-5825,-4673,17364,231,-1993,973,2
-6510,-4995,18209,-64,-2476,1356,2
-6960,-4410,18919,-224,-3070,1928,2
-7701,-3377,19801,-57,-3991,2507,2
-8242,-2340,20714,780,-5458,3248,2
-9539,-2840,21519,2437,-6918,4130,2
-10962,-4106,22925,3784,-7780,5273,2
-11038,-3853,23831,4615,-8302,6595,2
-11225,-2122,22423,4068,-9458,7452,2
-11690,895,17183,2390,-10409,7784,2
-9725,4278,10331,-77,-10613,7674,2
-5978,6034,5559,-2379,-10112,6732,2
214,4195,264,-3925,-9273,4525,2
3773,-3921,-8839,-2082,-3120,1108,2
4478,-3636,-9471,-1378,-2966,759,2
5191,-3338,-10095,-777,-2731,614,2
5846,-3057,-10704,-353,-2415,702,2
6287,-3165,-10909,-182,-1996,860,2
6326,-3846,-10755,-211,-1536,922,2
6197,-4613,-10442,-381,-1099,846,2
6223,-5157,-10090,-585,-678,661,2
6611,-5411,-9778,-704,-294,463,2
7084,-5607,-9120,-678,73,344,2
7430,-5894,-8103,-514,422,302,2
7489,-6132,-6567,-222,738,294,2
7243,-6324,-4510,124,1000,332,2
6824,-6581,-2213,474,1186,401,2
6438,-7055,89,755,1272,396,2
6070,-7428,2152,919,1253,271,2
5913,-7492,3725,972,1152,62,2
6264,-7112,4620,953,1004,-117,2
6797,-6754,4952,862,847,-249,2
7338,-6263,4838,713,702,-354,2
7919,-5875,4553,567,595,-360,2
8199,-5705,4181,443,506,-330,2
8199,-5705,4181,443,506,-330,2
7835,-5844,2196,-166,77,143,2
7835,-5844,2196,-166,77,143,2
7804,-6076,2041,-238,56,144,2
7784,-6088,1865,-238,42,180,2
7719,-6159,1716,-186,36,248,2
7650,-6263,1567,-125,34,303,2
7472,-6307,1406,-70,28,316,2
7285,-6282,1349,-30,20,287,2
7259,-6155,1288,-21,21,239,2
7290,-6065,1120,-29,42,200,2
7229,-6185,2949,174,109,6,2
7236,-6134,3091,114,69,-45,2
7355,-5977,3046,49,45,-61,2
7401,-5870,2821,-15,23,-48,2
7314,-5870,2504,-71,-10,-45,2
7375,-5861,2132,-100,-34,-36,2
7435,-5850,1845,-95,-33,-13,2
7419,-5769,1617,-60,-24,13,2
7234,-5820,1681,-24,-17,52,2
7180,-5996,1790,-2,-18,69,2
7253,-5946,1731,7,-18,65,2
7456,-5892,1573,7,-5,75,2
7586,-5873,1619,19,34,105,2
7260,-5955,1988,27,68,150,2
6776,-6338,2335,-2,53,152,2
6779,-6457,2243,-52,13,83,2
7116,-6350,1964,-86,10,25,2
7383,-6018,1588,35,85,87,2
7020,-6220,2248,7,88,77,2
7034,-6217,2206,-19,82,55,2
7031,-6231,2191,-42,83,46,2
6966,-6289,2178,-48,79,38,2
6948,-6299,2067,-40,67,34,2
7058,-6280,1953,-22,57,39,2
6899,-6329,2067,-9,83,-87,2
6933,-6318,2051,-27,90,-121,2
7027,-6329,1974,-37,87,-161,2
7157,-6207,1896,-27,94,-184,2
7260,-6144,1903,-2,108,-168,2
7286,-6083,1928,25,118,-142,2
7331,-6086,1963,45,123,-117,2
7425,-6009,1946,61,132,-100,2
7434,-5970,2048,76,150,-73,2
7364,-6046,2202,82,160,-46,2
7304,-6141,2317,70,155,-47,2
7273,-6116,2516,42,160,-59,2
7417,-6264,2273,-91,91,-75,2
7465,-6205,2093,-77,104,-74,2
7474,-6068,2013,-53,121,-58,2
7525,-5980,1966,-27,136,-23,2
7549,-5944,1980,-10,155,11,2
7472,-5913,2062,-10,178,35,2
7261,-5988,2220,-28,190,44,2
7125,-6099,2314,-60,178,25,2
7181,-6094,2245,-91,164,-9,2
7276,-6101,2158,-108,160,-30,2
7295,-6141,2141,-107,161,-58,2
7348,-6077,2166,-92,163,-78,2
7369,-6015,2261,-69,166,-68,2
7392,-5869,2231,-51,158,-33,2
7421,-5879,2261,-72,168,-20,2
7418,-5982,2612,-84,169,-75,2
7418,-5982,2612,-84,169,-75,2
7412,-6001,2552,-87,161,-82,2
7460,-5937,2502,-97,166,-91,2
7513,-5877,2497,-104,174,-87,2
7541,-5910,2527,-109,177,-68,2
7448,-5967,2589,-119,175,-61,2
7379,-5995,2571,-130,170,-61,2
7237,-5990,1835,-349,306,-183,2
7325,-6106,1719,-341,315,-259,2
7405,-5846,955,-104,420,-621,2
7837,-6148,752,86,489,-835,2
7855,-5626,694,192,531,-1046,2
7763,-5157,549,238,568,-1187,2
7950,-4776,588,332,638,-1358,2
7992,-4430,663,385,776,-1392,2
7962,-4301,715,400,885,-1319,2
7694,-4389,669,381,966,-1203,2
7228,-4350,502,346,1017,-1181,2
8694,-4971,-8498,694,1584,-4026,2
9524,-4363,-11901,887,1886,-5464,2
635,1036,-15379,-3326,6873,-9936,2
-2260,-905,-13254,-4906,8366,-9077,2
-4338,-2059,-10401,-4555,9932,-7720,2
-7211,-3452,-6786,-2776,11464,-6340,2
-8278,-4510,-955,-2074,12345,-4460,2
-10740,-4503,6158,-2101,12803,-2226,2
-14889,-4343,14739,-2988,12333,-765,2
-16358,-8570,24401,-4376,10830,-374,2
-14308,-12462,30750,-4250,8874,-246,2
-5024,-3896,18851,-1273,-698,-878,2
-3937,-3471,18135,-770,-409,-579,2
-3053,-3101,17174,-110,-165,-175,2
-2251,-3020,16071,326,-58,140,2
-1709,-3007,15292,535,-20,352,2
-1222,-3572,15097,698,9,453,2
-1058,-3866,15423,884,-10,488,2
-1345,-3949,15965,916,-205,548,2
-7100,7610,5772,-3916,-10586,2793,2
-7100,7610,5772,-3916,-10586,2793,2
-3490,8503,1467,-4686,-10074,1570,2
-1759,8790,-4307,-5290,-9534,1277,2
-1717,8267,-8820,-5860,-8751,1750,2
-909,6428,-11889,-6231,-7884,2657,2
1154,2894,-14749,-6333,-6994,2971,2
2649,-286,-17399,-5573,-5867,2434,2
3257,-942,-17546,-3890,-4602,1569,2
2934,-314,-17323,-2456,-3796,848,2
2912,-62,-18868,-1418,-3419,563,2
3926,-322,-20714,-372,-3022,375,2
5583,482,-22187,377,-2478,224,2
7389,1922,-23164,636,-1681,298,2
8494,2145,-22313,569,-614,520,2
8262,998,-19058,242,475,792,2
7297,-418,-14740,-152,1338,1075,2
6560,-2300,-10231,-526,1980,1388,2
6023,-4770,-5724,-651,2405,1555,2
5344,-7021,-1577,-610,2591,1418,2
4600,-7776,2158,-389,2584,1126,2
4285,-8109,5177,0,2389,863,2
4532,-8133,7034,250,2070,651,2
4983,-8006,8012,385,1710,521,2
5372,-8423,8068,496,1298,449,2
6007,-8457,7292,537,919,331,2
6781,-8138,6141,483,683,206,2
7294,-7965,5174,378,575,114,2
7294,-7965,5174,378,575,114,2
7286,-7866,4352,254,494,-6,2
7152,-7658,3469,132,409,-139,2
7284,-7259,2475,25,340,-230,2
7568,-6844,1577,-34,319,-240,2
7634,-6821,1015,-52,333,-225,2
7552,-6771,749,-27,346,-225,2
7660,-6612,617,59,348,-180,2
7747,-6458,604,166,352,-79,2
7689,-6409,924,249,382,47,2
7603,-6459,1516,267,427,154,2
6956,-6624,2921,-1,425,253,2
6956,-6624,2921,-1,425,253,2
6915,-6623,2864,-124,379,247,2
6815,-6737,2610,-239,327,211,2
6791,-6742,2194,-312,287,164,2
6859,-6738,1777,-314,270,139,2
6909,-6754,1556,-251,269,132,2
6881,-6634,1370,-147,274,133,2
6946,-6525,1211,-33,284,155,2
6927,-6478,1301,77,315,183,2
6635,-6508,1684,172,344,199,2
6287,-6677,2145,234,336,194,2
6056,-6866,2524,243,297,127,2
6208,-6785,2675,199,264,33,2
6533,-6602,2681,120,266,-31,2
6760,-6482,2600,27,280,-73,2
6888,-6326,2452,-50,293,-84,2
6945,-6241,2296,-90,303,-44,2
6895,-6250,2102,-87,305,5,2
6927,-6195,1830,-56,304,50,2
6945,-6107,1546,-17,314,103,2
6804,-6174,1447,17,336,149,2
6524,-6395,1606,39,360,156,2
6271,-6581,1837,66,376,127,2
6165,-6760,2084,84,382,88,2
6189,-6792,2285,85,385,29,2
6281,-6634,2399,79,395,-10,2
6398,-6482,2393,78,411,-4,2
6445,-6403,2320,71,427,31,2
6356,-6354,2166,62,445,74,2
6209,-6328,1877,50,467,116,2
5974,-6380,1655,38,496,156,2
5654,-6603,1500,37,526,169,2
5318,-6875,2146,291,759,-2,2
5318,-6875,2146,291,759,-2,2
5268,-6854,2571,434,764,-3,2
5322,-6911,2952,569,765,11,2
5352,-7049,3409,654,779,10,2
5458,-7097,3841,658,800,-16,2
5585,-7037,4254,608,837,-37,2
5554,-6986,4626,523,867,-55,2
5490,-7008,4848,419,864,-75,2
5454,-7083,4899,311,833,-115,2
5537,-7134,4813,230,797,-170,2
5786,-7162,4732,212,770,-214,2
5956,-7130,4689,247,737,-246,2
6064,-7073,4711,305,695,-269,2
6227,-6895,4710,356,659,-283,2
6392,-6591,4695,374,635,-283,2
6478,-6336,4692,356,626,-267,2
6457,-6214,4796,304,622,-240,2
6392,-6241,4846,232,601,-221,2
6421,-6270,4765,150,572,-224,2
6556,-6278,4660,82,555,-219,2
6755,-6367,4670,46,549,-190,2
6774,-6489,4744,30,537,-164,2
6555,-6407,5197,-39,456,-117,2
6555,-6407,5197,-39,456,-117,2
6652,-6247,5170,-86,426,-113,2
6809,-6120,5027,-142,398,-95,2
6918,-6086,4874,-195,381,-58,2
6848,-6270,4709,-238,367,-33,2
6589,-6508,4674,-260,349,-72,2
6398,-6487,4721,-252,331,-140,2
6375,-6393,4856,-215,299,-185,2
6468,-6217,4964,-170,246,-224,2
6562,-5959,5089,-133,189,-245,2
6693,-5753,5145,-118,142,-241,2
6739,-5590,5153,-128,110,-226,2
6724,-5496,5152,-160,79,-201,2
6663,-5472,5086,-199,46,-164,2
6609,-5498,4950,-229,13,-123,2
6531,-5620,4774,-247,-19,-89,2
6367,-5820,4660,-260,-49,-85,2
6161,-5930,4552,-269,-80,-126,2
6295,-5892,4306,-267,-113,-193,2
6402,-5715,4301,-67,-110,-54,2
6257,-5840,4413,-81,-100,-18,2
6065,-6022,4477,-106,-102,6,2
5948,-6318,4399,-138,-118,-5,2
5982,-6421,4215,-162,-123,-62,2
6099,-6369,4082,-165,-100,-96,2
6216,-6307,3999,-140,-78,-112,2
6282,-6219,3975,-96,-64,-112,2
6282,-6219,3975,-96,-64,-112,2
6292,-6117,4076,-42,-51,-91,2
6289,-5938,4213,12,-29,-27,2
6289,-5938,4213,12,-29,-27,2
6270,-5854,4174,-2,-12,3,2
6080,-5913,4189,-34,0,38,2
5946,-6117,4107,-69,-10,47,2
5936,-6255,3948,-99,-15,10,2
5973,-6314,3851,-99,-1,-39,2
6088,-6308,3871,-76,17,-82,2
6177,-6201,3982,-33,31,-110,2
6284,-6053,4142,6,46,-105,2
6341,-5968,4258,30,52,-78,2
6419,-5906,4249,39,58,-44,2
6441,-5888,4225,50,71,-7,2
6328,-5903,4274,53,81,20,2
6188,-5992,4352,37,72,35,2
6180,-6128,4326,5,54,24,2
6220,-6162,4233,-31,45,-25,2
6359,-6116,4187,-59,61,-61,2
6434,-6089,4225,-58,77,-73,2
6414,-6080,4334,-29,77,-72,2
6417,-6039,4428,8,67,-65,2
6452,-5956,4482,33,62,-51,2
6466,-5881,4546,43,56,-33,2
6435,-6034,4406,-33,6,-2,2
6435,-6034,4406,-33,6,-2,2
6453,-6108,4340,-38,6,-15,2
6475,-6075,4270,-33,9,-30,2
6529,-6039,4276,-20,10,-32,2
6591,-5940,4283,-11,14,-22,2
6656,-5891,4304,-9,20,3,2
6565,-5919,4392,-6,30,30,2
6391,-5995,4534,-2,30,54,2
6197,-6143,4721,-5,3,58,2
6170,-6259,4744,-28,-36,34,2
6298,-6277,4558,-60,-59,-7,2
6419,-6225,4290,-93,-59,-47,2
6475,-6221,4164,-105,-42,-61,2
6458,-6214,4126,-87,-33,-59,2
6422,-6138,4133,-55,-31,-52,2
6383,-6098,4231,-21,-28,-39,2
6278,-6050,4403,-3,-27,-26,2
6270,-6039,4535,-13,-42,-17,2
6336,-6050,4470,-37,-55,-14,2
6383,-6009,4337,-65,-54,-19,2
6389,-5998,4193,-83,-45,-21,2
6397,-5967,4100,-85,-38,-33,2
6401,-5938,4022,-78,-36,-36,2
6474,-5906,3967,-66,-33,-28,2
6550,-5874,3887,-41,-21,-11,2
6596,-5818,3830,-11,-14,10,2
6629,-5789,3750,12,-9,33,2
6664,-5734,3624,15,2,45,2
6598,-5725,3475,11,26,46,2
6489,-5711,3298,-12,39,-25,2
6516,-5861,2911,-51,31,-234,2
7049,-6038,2077,-42,-19,-504,2
7793,-5685,1053,167,-92,-746,2
7901,-5907,-59,414,-153,-1389,2
9798,-6442,-1825,1000,115,-2529,2
9852,-4684,-3870,1376,363,-3084,2
10193,-3207,-6246,1485,722,-3315,2
10241,-3229,-7938,1343,1119,-4039,2
9634,-3111,-9987,1055,1557,-5086,2
6815,-3393,-11917,634,2288,-6099,2
6488,-699,-12194,-568,4001,-7923,2
4386,3162,-12391,-2486,5755,-9091,2
-755,2365,-11056,-4464,6763,-8505,2
-2826,871,-8229,-4398,7999,-7124,2
-3599,-301,-5534,-2531,9131,-5167,2
-3608,-1119,-3845,-1314,9988,-3009,2
-3999,-3472,-2348,-1353,10195,-1180,2
-4326,-6797,269,-1262,10375,-61,2
-5156,-7775,3816,-1574,10515,467,2
-6595,-8351,8826,-1979,10297,873,2
-8304,-9214,14625,-1770,10090,1139,2
-10495,-7763,20843,-1719,9177,1162,2
-11347,-9410,27040,-2253,7136,990,2
-10167,-11728,29278,-2139,4735,666,2
-8438,-12743,26587,-1493,2673,374,2
-7424,-11945,22234,-1035,1280,-159,2
-7674,-9493,19338,-941,567,-577,2
-8205,-7195,17887,-765,398,-694,2
-7794,-6197,17463,-539,446,-617,2
-7003,-6006,17612,-139,556,-373,2
-6623,-5741,17710,556,698,-42,2
-4999,-2709,15899,2194,185,1367,2
-4636,-2436,15620,2136,-188,1679,2
-4539,-2299,15469,1954,-646,2062,2
-4498,-2266,15110,1736,-1170,2499,2
-4431,-2607,14585,1375,-1752,2845,2
-4322,-3257,13989,927,-2332,2985,2
-4316,-3574,13573,516,-2821,2881,2
-4462,-3137,13503,54,-3233,2736,2
-4687,-2371,14000,-240,-3568,2713,2
-4963,-2418,15122,-253,-3910,2813,2
-5627,-2346,16411,105,-4353,3166,2
-6867,-2142,17925,959,-4792,3829,2
-8223,-1820,19643,1969,-5255,4999,2
-8223,-1820,19643,1969,-5255,4999,2
-8802,-1206,20611,2498,-6110,6161,2
-8767,-408,19718,2074,-7136,6702,2
-8357,354,17110,550,-8061,6522,2
-6927,1511,13344,-1363,-8543,5396,2
-5136,2215,10555,-3028,-8501,3989,2
-2023,2466,6915,-3860,-8044,2270,2
4125,-1990,-6378,-5480,-4408,2458,2
4125,-1990,-6378,-5480,-4408,2458,2
3047,-3581,-7078,-5072,-3818,1843,2
3140,-3851,-7865,-4493,-3402,1299,2
3463,-3913,-8956,-3891,-3068,1045,2
4234,-4418,-10514,-3119,-2783,1057,2
5308,-4685,-11837,-2232,-2460,1146,2
5844,-4687,-12520,-1450,-2110,1343,2
4804,-7658,-9817,191,-448,1366,2
4804,-7658,-9817,191,-448,1366,2
4897,-7812,-8098,333,-49,1139,2
5213,-8080,-6238,333,306,911,2
5406,-8273,-4195,269,608,674,2
5408,-8261,-2220,275,825,460,2
5382,-8329,-369,343,954,361,2
5260,-8300,5029,893,609,108,2
5260,-8300,5029,893,609,108,2
5399,-8168,4984,931,426,17,2
5462,-7804,4716,894,279,-113,2
5664,-7448,4268,788,164,-256,2
6678,-6466,2879,507,92,-402,2
6678,-6466,2879,507,92,-402,2
6979,-6014,2212,380,110,-348,2
7075,-5910,1829,273,150,-226,2
7069,-6014,1685,188,201,-92,2
6997,-6135,1658,153,262,47,2
6780,-6210,1710,156,310,188,2
6186,-6705,2196,178,324,314,2
5712,-7340,2698,204,273,339,2
5557,-7556,2997,225,212,282,2
5673,-7509,3015,225,175,215,2
5794,-7518,2968,186,156,147,2
5842,-7478,2824,113,137,52,2
6071,-7342,2589,44,134,19,2
6241,-7312,2428,4,162,45,2
6256,-7436,2533,9,207,84,2
6149,-7478,2634,48,232,117,2
6026,-7394,2638,112,222,151,2
5965,-7363,2610,184,188,185,2
5994,-7313,2512,254,159,211,2
5819,-7246,2575,307,149,227,2
5460,-7483,2809,312,125,183,2
5412,-7491,2893,279,95,76,2
5676,-7337,2980,226,114,1,2
5833,-7207,3176,167,158,-31,2
5949,-7132,3280,117,176,-32,2
6075,-7112,3222,90,170,-12,2
6147,-7017,3088,84,157,20,2
6112,-6935,2956,101,147,72,2
5648,-7223,3166,131,116,137,2
5518,-7411,3213,119,79,84,2
5625,-7398,3190,104,55,7,2
5789,-7306,3210,84,53,-51,2
5940,-7193,3217,57,51,-86,2
6001,-7078,3231,28,47,-95,2
5994,-7014,3239,20,47,-64,2
6010,-7037,3215,28,41,-10,2
6065,-7037,3079,34,25,33,2
6015,-7053,3004,35,22,64,2
5800,-7194,3033,27,21,77,2
5652,-7350,3041,12,10,58,2
5554,-7428,3028,0,-2,6,2
5615,-7433,2971,-2,-11,-47,2
5713,-7340,2888,2,-17,-96,2
5900,-7327,2832,-4,-20,-134,2
5899,-7055,2840,-1,-18,-140,2
5947,-6997,2901,61,7,-78,2
5964,-7014,2984,86,22,-15,2
5889,-7069,3114,117,39,40,2
5818,-7134,3326,121,39,83,2
5709,-7215,3410,96,18,92,2
5686,-7310,3318,48,0,71,2
5654,-7361,3143,-15,-4,15,2
5716,-7365,2978,-68,1,-44,2
5828,-7326,2869,-82,12,-83,2
5895,-7269,2859,-56,21,-87,2
5967,-7204,2827,-4,19,-63,2
6065,-7110,2807,43,20,-29,2
6076,-7039,2822,70,34,7,2
5990,-7035,2970,77,58,48,2
5844,-7077,3136,69,74,81,2
5624,-7163,3301,51,65,96,2
5553,-7298,3290,26,39,78,2
5650,-7271,3126,-1,14,32,2
5859,-7194,2941,-16,18,1,2
5972,-7161,2897,-11,39,-7,2
5942,-7108,2934,12,51,-2,2
5942,-7108,2934,12,51,-2,2
5958,-7064,2961,46,50,18,2
5995,-7045,3017,77,55,51,2
5959,-7008,3077,102,64,90,2
5818,-7063,3185,110,62,126,2
5646,-7190,3348,101,47,134,2
5497,-7324,3463,83,21,107,2
5516,-7361,3395,47,-9,44,2
5705,-7255,3215,5,-15,0,2
5846,-7211,3129,-25,2,-17,2
5858,-7243,3094,-38,20,-17,2
5776,-7270,3073,-25,22,-5,2
5790,-7313,3126,5,19,11,2
5784,-7278,3176,37,19,19,2
5707,-7182,3271,52,21,30,2
5639,-7155,3335,42,17,45,2
5559,-7216,3354,11,4,46,2
5557,-7269,3240,-23,-10,21,2
5633,-7249,3052,-46,-13,-7,2
5765,-7215,2923,-42,-3,-20,2
5789,-7206,2965,-25,10,-22,2
5748,-7193,3014,-6,15,-17,2
5786,-7248,3068,7,19,-9,2
5809,-7257,3126,20,23,-5,2
5807,-7217,3232,27,29,1,2
5749,-7230,3323,28,31,13,2
5675,-7282,3409,25,23,18,2
5607,-7360,3451,7,-1,-2,2
5648,-7338,3387,-20,-21,-38,2
5773,-7297,3263,-45,-26,-55,2
5869,-7283,3199,-58,-20,-51,2
5877,-7291,3161,-53,-18,-45,2
5819,-7310,3094,-36,-20,-44,2
5828,-7242,3082,-14,-15,-45,2
5830,-7151,3147,3,-10,-37,2
5842,-7061,3159,10,-13,-15,2
5760,-7028,3191,6,-15,11,2
5700,-7085,3215,-9,-25,31,2
5724,-7187,3126,-36,-32,25,2
5850,-7110,2867,-28,-19,-51,2
5881,-7035,2879,-7,-15,-38,2
5935,-6943,2855,1,-11,-17,2
5923,-6895,2861,7,7,12,2
5796,-7025,3011,8,39,72,2
5643,-7157,3180,11,37,70,2
5624,-7204,3268,10,22,52,2
5712,-7210,3222,1,9,41,2
5752,-7276,3160,-9,3,23,2
5712,-7318,3152,-19,3,4,2
5666,-7318,3170,-25,3,-10,2
5669,-7340,3176,-21,-1,-14,2
5743,-7304,3126,-10,-7,-15,2
5816,-7242,3079,5,-11,-14,2
5848,-7181,3089,17,-9,-4,2
5757,-7193,3191,17,-4,7,2
5680,-7233,3239,7,-6,0,2
5660,-7252,3239,-8,-13,-12,2
5711,-7246,3198,-26,-21,-24,2
5752,-7284,3129,-30,-28,-39,2
5818,-7231,3034,-26,-37,-53,2
5876,-7192,3004,-16,-36,-47,2
5873,-7161,2994,-8,-34,-42,2
5868,-7133,2995,-11,-29,-36,2
5840,-7136,3004,-21,-23,-22,2
5867,-7178,2950,-32,-25,-15,2
5905,-7164,2832,-36,-18,-11,2
5916,-7156,2796,-23,0,1,2
5828,-7151,2912,-6,9,15,2
5712,-7184,3100,5,8,23,2
5667,-7246,3208,0,-7,13,2
5681,-7253,3189,-14,-23,-18,2
5761,-7247,3190,-18,-25,-39,2
5796,-7223,3223,-10,-27,-44,2
5836,-7211,3239,-3,-37,-38,2
5856,-7192,3178,0,-47,-34,2
5869,-7167,3057,-3,-48,-24,2
5849,-7175,2953,-13,-45,-17,2
5861,-7154,2821,-22,-45,-11,2
5915,-7156,2620,-28,-45,-12,2
5875,-7138,2478,-27,-38,-25,2
5794,-7139,2444,-25,-27,-34,2
5778,-7194,2394,-25,-15,-51,2
5776,-7184,2266,-26,-5,-80,2
5814,-7186,2048,-21,11,-115,2
5826,-7150,1759,-12,37,-175,2
5928,-6994,1448,12,76,-272,2
6161,-7073,930,21,91,-482,2
6313,-7222,249,52,72,-821,2
6438,-6923,-673,222,60,-1224,2
7290,-6884,-2542,554,98,-1954,2
7804,-5654,-4818,914,188,-2787,2
8150,-4367,-8569,1164,376,-3017,2
8858,-4103,-12358,1485,835,-3058,2
9840,-4252,-15167,1826,1605,-3503,2
9817,-3446,-16115,1842,2488,-4237,2
-1125,3138,-14028,-2899,8353,-8068,2
-6380,1726,-11713,-2902,9379,-7818,2
-14539,-6533,3476,-2270,12715,-629,2
-5631,-6277,17517,-1102,-19,-879,2
-5631,-6277,17517,-1102,-19,-879,2
-4301,-6725,17297,-583,93,-470,2
-1526,-4370,13975,1381,168,776,2
-1526,-4370,13975,1381,168,776,2
-884,-4740,13534,1340,-7,922,2
-591,-5055,13045,1304,-204,1006,2
-518,-5478,12705,1175,-417,969,2
-621,-5686,12544,879,-666,883,2
-815,-5891,12694,473,-965,779,2
-5972,-5402,18489,1899,-4821,4732,2
-6168,-7652,19799,2954,-5671,5187,2
-6160,-9335,19922,3371,-6537,4769,2
-7723,-8684,19264,2672,-7629,3659,2
-9320,-5681,17897,1559,-8344,2567,2
-9896,-2354,16818,363,-8871,2145,2
-10445,511,16263,-679,-9611,2110,2
4186,5915,-1461,-4242,-7689,1122,2
5597,5582,-6226,-5539,-7107,2045,2
6543,1988,-9143,-5624,-5778,2404,2
6872,-2203,-8685,-4736,-4557,2273,2
6283,-3308,-8385,-3488,-3860,1683,2
5233,-3155,-8490,-2434,-3480,1089,2
4570,-3330,-9053,-1623,-3206,861,2
5026,-3550,-9542,-785,-2878,886,2
5560,-3592,-9686,-112,-2501,983,2
5669,-3555,-9561,296,-2125,1130,2
5626,-3816,-9398,466,-1762,1348,2
5602,-4441,-9104,490,-1388,1551,2
5540,-5193,-8529,404,-1007,1678,2
5494,-6312,-7873,249,-632,1730,2
5505,-7834,-7119,77,-302,1497,2
5522,-8174,-6213,-78,-7,1024,2
5557,-7898,-5026,-138,271,617,2
5712,-7762,-3766,-51,494,408,2
5905,-7907,-2298,129,675,295,2
6038,-7932,-879,291,804,194,2
6251,-7787,365,476,886,137,2
6307,-7671,1703,684,933,115,2
6199,-7521,3003,868,931,111,2
6156,-7319,4041,1006,862,123,2
6222,-6954,4685,1074,745,127,2
6092,-6933,5139,1043,606,101,2
6022,-6967,5305,887,434,-51,2
6241,-6368,4995,674,299,-213,2
6744,-5846,4356,460,218,-267,2
7070,-5488,3675,264,164,-232,2
7229,-5487,3039,120,131,-150,2
7306,-5557,2499,18,129,-59,2
7280,-5684,2103,-30,143,33,2
7053,-5863,2001,-28,162,136,2
6599,-6288,2237,19,176,236,2
6466,-6727,2509,62,165,289,2
6490,-6879,2675,74,158,296,2
6532,-6930,2753,68,164,302,2
5990,-7478,2967,-20,103,284,2
6028,-7535,2663,-44,86,238,2
6086,-7488,2432,-41,101,185,2
6202,-7336,2254,-14,124,142,2
6328,-7140,2146,31,146,127,2
6385,-6968,2158,88,175,141,2
6361,-6882,2290,140,199,175,2
6275,-6824,2409,179,206,214,2
5911,-7136,2773,197,198,219,2
5741,-7336,2944,198,156,145,2
5956,-7187,2867,185,128,65,2
6262,-6968,2858,161,141,23,2
6197,-7005,3178,129,167,-10,2
6488,-6875,3148,27,117,-87,2
6539,-6812,3122,31,128,-60,2
6401,-6883,3255,47,126,-26,2
6380,-6920,3335,78,108,-4,2
6454,-6844,3380,115,94,13,2
6417,-6766,3393,136,76,36,2
6238,-6805,3451,123,41,41,2
6208,-6864,3430,87,4,29,2
6366,-6732,2849,-38,-14,50,2
6366,-6732,2849,-38,-14,50,2
6270,-6917,2832,-48,-6,71,2
6156,-6986,2813,-29,-7,72,2
6125,-7012,2824,1,-8,76,2
6019,-7070,2948,22,-7,77,2
6037,-7067,2983,29,-13,67,2
6137,-7005,2876,20,-19,39,2
6199,-6913,2736,10,-13,10,2
6252,-6847,2648,6,1,-6,2
6278,-6811,2646,8,18,0,2
6221,-6850,2768,18,34,27,2
6071,-7002,2930,28,38,42,2
5976,-7144,3070,27,30,25,2
6003,-7120,3137,23,25,1,2
6104,-7040,3107,21,20,-12,2
6188,-6957,3033,22,17,-12,2
6113,-6960,3077,20,15,-3,2
6037,-6856,2885,61,66,73,2
5931,-6987,2967,63,53,52,2
6029,-6960,2992,66,39,23,2
6137,-6925,3063,70,36,9,2
6149,-6955,3083,71,28,-14,2
6190,-6859,3044,59,24,-41,2
6234,-6817,3148,44,39,-37,2
6208,-6830,3278,31,50,-23,2
6188,-6815,3268,20,39,-3,2
6226,-6809,3181,17,35,20,2
6271,-6810,3098,20,37,41,2
6251,-6808,2984,22,39,59,2
6191,-6841,2907,26,42,72,2
6104,-6911,2947,26,45,59,2
5946,-6942,3129,25,46,29,2
5821,-7045,3351,18,31,7,2
5870,-7101,3368,4,-2,-21,2
6069,-7036,3202,-9,-25,-53,2
6288,-6937,2977,-10,-21,-67,2
6413,-6833,2877,2,-2,-54,2
6369,-6776,2842,24,14,-25,2
6337,-6721,2802,43,27,4,2
6272,-6701,2814,51,41,35,2
6098,-6841,2924,36,46,46,2
5923,-7034,2958,-14,31,-22,2
6015,-6997,2976,-23,34,-56,2
6120,-6941,3029,-15,44,-57,2
6184,-6885,3125,3,52,-44,2
6170,-6889,3222,23,52,-30,2
6158,-6852,3306,34,49,-20,2
6162,-6856,3371,33,49,-6,2
6091,-6919,3493,22,44,9,2
6027,-7041,3513,9,27,15,2
6019,-7118,3396,-7,0,-5,2
6034,-7107,3251,-27,-18,-42,2
6152,-7031,3119,-34,-20,-68,2
6216,-6972,2994,-35,-15,-79,2
6226,-6949,2958,-34,-12,-88,2
6179,-6936,3101,-31,-2,-94,2
6123,-6914,3244,-33,-6,-95,2
6180,-7004,3258,-52,-29,-125,2
6136,-6759,3288,-35,-32,-93,2
6177,-6938,3357,-14,-32,-40,2
6150,-6979,3263,-44,-45,-44,2
6210,-6927,3143,-60,-43,-49,2
6272,-6906,3001,-73,-45,-51,2
6329,-6759,2809,-39,-18,-85,2
6387,-6697,2782,-26,-12,-74,2
6425,-6640,2812,-20,-1,-55,2
6363,-6668,2949,-20,12,-32,2
6249,-6759,3083,-20,10,-21,2
6173,-6846,3210,-22,-4,-27,2
6222,-6853,3211,-21,-26,-37,2
6325,-6815,3147,-23,-38,-47,2
6385,-6773,3028,-27,-39,-52,2
6385,-6808,2965,-33,-38,-50,2
6287,-6779,2946,-33,-39,-53,2
6196,-6811,3010,-27,-44,-47,2
6164,-6852,2972,-20,-58,-47,2
6271,-6768,2776,-13,-72,-51,2
6398,-6671,2551,-11,-70,-51,2
6440,-6636,2418,-5,-47,-41,2
6349,-6660,2390,1,-22,-30,2
6203,-6750,2425,2,-6,-31,2
6167,-6815,2405,0,-1,-56,2
6217,-6715,2281,-3,7,-87,2
6328,-6562,2115,-7,25,-98,2
6383,-6468,1966,-5,54,-88,2
6355,-6429,1866,-3,84,-77,2
6250,-6325,1058,0,169,-115,2
6234,-6104,572,25,214,-132,2
6010,-6038,-93,49,255,-191,2
5773,-5770,-1622,67,259,-384,2
6457,-5870,-8001,376,218,-1393,2
7887,-1920,-17605,873,4662,-6131,2
7887,-1920,-17605,873,4662,-6131,2
3295,-2139,-17132,-209,5883,-6528,2
1199,454,-14588,-1401,7683,-7492,2
-2886,1295,-12699,-2420,9005,-8599,2
-7957,-865,-9310,-3183,9696,-8759,2
-10370,-2130,-3845,-3217,11017,-7451,2
-12822,-1720,2519,-2330,12459,-5151,2
-14470,-3855,8531,-2899,12852,-2563,2
-16145,-9268,15842,-3967,12027,-328,2
-14570,-16459,24052,-3699,10593,812,2
-10461,-19771,29732,-2997,8921,1478,2
-8201,-17230,31825,-2014,6768,1611,2
-7527,-15161,30468,-1397,4283,978,2
-6998,-12990,26553,-790,2313,111,2
-6720,-10119,22482,-284,1253,-273,2
-6251,-7770,19658,-90,758,-366,2
-2699,-5066,15531,197,402,-79,2
-2699,-5066,15531,197,402,-79,2
-2211,-4438,14827,673,461,214,2
-1757,-4023,14160,1016,469,480,2
-1289,-4119,13823,1165,414,667,2
-924,-4436,13722,1201,286,752,2
-804,-4658,13661,1211,101,756,2
-676,-4865,13492,1127,-141,673,2
-641,-4939,13261,936,-420,507,2
-883,-4743,13161,729,-681,380,2
-1037,-4837,13375,502,-933,368,2
-1120,-4972,13706,349,-1200,499,2
-1470,-4965,13828,464,-1451,746,2
-2085,-5227,13927,575,-1679,1070,2
-2986,-5335,14493,467,-1894,1637,2
-4497,-5861,15765,468,-2152,2388,2
-6295,-7357,18190,668,-2561,3258,2
-7248,-8038,21361,1259,-3404,4199,2
-7684,-7713,23890,2220,-4822,4776,2
-8534,-7823,25083,2909,-6454,4807,2
-9817,-6397,24333,3071,-8018,4661,2
-10860,-4145,21366,2254,-9417,4288,2
-11243,-2627,17478,700,-10348,3439,2
-9577,494,13235,-890,-10573,2853,2
-7070,4956,8991,-2132,-10449,2558,2
-2233,6035,4422,-2829,-10185,2048,2
1818,5832,-1397,-3494,-9254,2276,2
2644,5021,-3529,-4013,-8126,2682,2
3053,3986,-5172,-4643,-7294,3431,2
4752,-4259,-10929,-3655,-4584,2128,2
4752,-4259,-10929,-3655,-4584,2128,2
4697,-3635,-11455,-2274,-3921,1256,2
4239,-3282,-11372,-1222,-3431,818,2
4461,-3416,-11526,-349,-3048,614,2
4801,-3292,-11340,324,-2658,621,2
5071,-3286,-10905,755,-2277,822,2
5474,-3496,-10539,918,-1861,1005,2
5655,-4142,-9923,770,-1406,1042,2
5968,-4611,-9329,427,-958,980,2
6203,-5116,-8588,94,-520,954,2
6199,-6086,-7488,-123,-127,918,2
6103,-7064,-6306,-297,181,774,2
6040,-7664,-4980,-378,443,539,2
6205,-7805,-3565,-313,685,323,2
6346,-7898,-2069,-96,877,193,2
6215,-8051,-337,178,996,90,2
6325,-8203,1276,436,1034,-30,2
6462,-7970,2543,710,1006,-147,2
6522,-7570,3708,947,937,-226,2
6720,-7210,4586,1088,845,-281,2
6846,-6539,5243,1127,732,-283,2
6955,-6053,5508,1014,585,-300,2
7253,-5564,5255,793,442,-315,2
7563,-5025,4684,532,332,-263,2
7762,-4793,3918,280,243,-178,2
7808,-4805,3067,73,185,-96,2
7266,-5938,1948,-16,152,192,2
7266,-5938,1948,-16,152,192,2
7234,-6081,2293,19,173,230,2
7130,-6293,2602,27,178,275,2
7037,-6589,2803,16,166,314,2
6863,-6955,2889,-8,143,304,2
6805,-7144,2832,-47,116,240,2
6678,-7127,2713,-85,99,178,2
6632,-6980,2134,5,63,148,2
6806,-6732,1820,31,75,128,2
6768,-6623,1772,161,113,19,2
6857,-6478,1855,186,139,10,2
6901,-6366,2006,188,158,19,2
6903,-6421,2208,176,174,30,2
6769,-6524,2490,165,191,36,2
6611,-6644,2846,166,183,38,2
6611,-6644,2846,166,183,38,2
6577,-6718,3080,174,149,31,2
6591,-6743,3186,184,108,20,2
6614,-6763,3143,182,60,-7,2
6733,-6597,3003,167,28,-43,2
6797,-6433,2928,145,21,-41,2
6820,-6368,2808,115,13,-19,2
6802,-6407,2600,84,0,3,2
6792,-6413,2436,63,-4,22,2
6525,-6695,2478,75,8,68,2
6525,-6695,2478,75,8,68,2
6474,-6800,2519,87,-5,37,2
6578,-6597,2455,101,-4,3,2
6605,-6562,2592,109,13,-4,2
6390,-6693,2900,107,19,-31,2
6288,-6701,3023,90,-10,-78,2
6539,-6610,2916,68,-39,-104,2
6781,-6524,2762,59,-44,-102,2
6804,-6505,2674,63,-38,-83,2
6766,-6507,2534,76,-38,-58,2
6839,-6452,2316,94,-35,-42,2
6872,-6357,2208,114,-9,-27,2
6705,-6317,2297,134,23,-3,2
6398,-6484,2469,133,27,-5,2
6386,-6494,2498,109,13,-35,2
6525,-6451,2551,91,27,-45,2
6549,-6453,2725,90,45,-46,2
6464,-6595,2966,100,44,-46,2
6665,-6454,2875,96,12,-49,2
6665,-6454,2875,96,12,-49,2
6744,-6377,2734,91,23,-29,2
6792,-6320,2567,98,35,4,2
6842,-6354,2481,112,55,42,2
6739,-6439,2536,124,78,49,2
6537,-6538,2761,120,88,31,2
6408,-6678,3006,94,73,-2,2
6627,-6688,2973,67,57,-41,2
6925,-6662,2928,55,68,-58,2
7067,-6608,2992,80,95,-58,2
7110,-6504,3185,128,110,-30,2
7085,-6447,3314,162,105,16,2
7052,-6433,3359,171,102,68,2
6957,-6505,3372,147,105,100,2
6775,-6569,3395,104,105,99,2
6593,-6639,3385,55,100,81,2
6474,-6701,3342,9,80,42,2
6451,-6672,3193,-24,59,-11,2
6604,-6508,2979,-41,51,-49,2
6781,-6359,2877,-39,63,-74,2
6866,-6173,2880,-15,91,-86,2
6889,-6052,3033,27,118,-69,2
6869,-5918,3187,75,129,-39,2
6778,-5891,3287,122,129,-2,2
6725,-5942,3344,144,115,17,2
6618,-5984,3389,141,98,6,2
6530,-6033,3464,107,84,-29,2
6571,-5996,3502,59,78,-58,2
6719,-5936,3471,7,80,-70,2
6815,-5931,3462,-35,85,-68,2
6870,-5998,3451,-53,87,-52,2
6919,-6025,3410,-45,84,-33,2
6964,-6041,3360,-23,86,-9,2
6984,-6022,3357,3,94,11,2
6900,-6050,3447,25,95,34,2
6691,-6234,3572,38,75,34,2
6579,-6366,3651,38,43,-4,2
6616,-6415,3658,23,22,-64,2
6744,-6314,3664,-5,20,-120,2
6890,-6147,3623,-37,26,-150,2
7055,-6033,3537,-59,27,-145,2
7128,-5954,3409,-53,30,-123,2
7144,-5851,3308,-29,35,-88,2
7152,-5803,3187,8,37,-47,2
7125,-5796,3116,46,43,-17,2
6997,-5812,3165,80,49,1,2
6791,-5927,3316,95,42,0,2
6680,-6000,3458,75,12,-41,2
6823,-5874,3457,29,-7,-82,2
7045,-5810,3446,-21,-3,-88,2
7163,-5837,3414,-60,4,-78,2
7145,-5879,3395,-71,6,-64,2
7112,-5958,3398,-56,1,-42,2
7128,-6000,3324,-33,-7,-23,2
7155,-5970,3262,-12,-2,-13,2
7047,-5900,3324,3,7,0,2
6926,-5991,3410,7,-1,6,2
6891,-6045,3348,8,-21,-12,2
6882,-6012,3367,6,-28,-35,2
6900,-6087,3463,5,-35,-54,2
6963,-6152,3484,12,-53,-74,2
7036,-6164,3454,22,-63,-92,2
7076,-6097,3407,36,-63,-101,2
7100,-6012,3328,52,-60,-100,2
7125,-5899,3164,66,-55,-90,2
7146,-5798,3062,74,-42,-70,2
7121,-5698,3021,72,-23,-49,2
7004,-5667,3085,67,-6,-19,2
6908,-5736,3202,42,-3,-18,2
6799,-5848,3338,12,-11,-36,2
6861,-5845,3350,-13,-26,-58,2
7055,-5790,3276,-29,-28,-58,2
7052,-5905,3391,6,-14,0,2
7052,-5905,3391,6,-14,0,2
7011,-5968,3466,31,-11,21,2
6954,-5977,3185,19,-48,55,2
6954,-5977,3185,19,-48,55,2
6933,-6069,3051,-10,-43,45,2
6877,-6141,2946,-32,-35,10,2
6859,-6075,2831,-39,-27,-18,2
6817,-6032,2767,-19,-13,-24,2
6784,-5979,2729,10,-5,-27,2
6493,-5430,992,345,280,-204,2
6493,-5430,992,345,280,-204,2
6246,-5613,277,429,272,-421,2
6050,-5996,-1169,597,182,-975,2
7433,-6374,-3472,939,183,-2091,2
7878,-6268,-6499,1396,339,-3361,2
8303,-5737,-9968,2016,674,-4258,2
9003,-4925,-12721,2696,1285,-5522,2
9820,-2315,-14740,2748,2042,-6931,2
8640,1418,-15803,1763,2996,-8029,2
3599,1853,-15614,134,4466,-8613,2
2321,5249,-12949,-1439,6787,-9901,2
-2479,5534,-10656,-3665,7788,-9207,2
-3675,162,-8555,-5156,8174,-7217,2
-3756,-2056,-6252,-3729,9474,-5547,2
-5854,-2773,-3029,-2487,10658,-4030,2
-7005,-3942,1681,-2305,11443,-2211,2
-11986,-13637,-29551,-1572,7128,1714,2
-11986,-13637,-29551,-1572,7128,1714,2
-10780,-12057,-30567,-974,4146,923,2
-9305,-9930,30236,-987,1535,-43,2
-8345,-6860,25259,-1056,9,-606,2
-7235,-4266,21864,-986,-597,-878,2
-5686,-3326,19698,-972,-816,-829,2
-4035,-3404,18134,-731,-771,-597,2
-2758,-3575,16939,-150,-536,-284,2
-1025,-2300,14028,1241,-42,495,2
-1025,-2300,14028,1241,-42,495,2
-743,-2045,13576,1279,-96,631,2
-658,-2061,13210,1250,-224,768,2
-532,-2355,12852,1105,-435,834,2
-640,-2692,12748,710,-761,787,2
-1255,-2996,13118,260,-1084,773,2
-2093,-3458,14078,-56,-1335,918,2
-3351,-4630,15632,-282,-1619,1330,2
-4806,-6706,17411,-472,-2070,2038,2
-6211,-7405,19139,-483,-2805,2945,2
-7368,-5241,21604,95,-3993,3955,2
-13734,1306,23193,998,-11649,7123,2
-13734,1306,23193,998,-11649,7123,2
-9173,7527,11605,-2421,-11484,5414,2
2299,7386,-8622,-6902,-8150,2930,2
2299,7386,-8622,-6902,-8150,2930,2
2540,2652,-11476,-6347,-6997,3775,2
2905,-1720,-13330,-5394,-5891,3947,2
3336,-4405,-14493,-3870,-4872,3389,2
3158,-5687,-14412,-2162,-4018,2382,2
2747,-5687,-13848,-696,-3449,1470,2
2953,-4996,-13264,471,-3072,864,2
5414,-2573,-12083,1876,-1846,538,2
6091,-2588,-10947,1582,-1294,665,2
6516,-2818,-9793,1076,-724,824,2
6518,-3524,-8462,548,-181,1008,2
6134,-4872,-6885,35,300,1080,2
5779,-6047,-5402,-365,649,947,2
5515,-6966,-3821,-545,909,716,2
5733,-7555,-2226,-458,1105,470,2
6167,-7641,-578,-142,1252,272,2
6403,-7709,1334,273,1335,144,2
6352,-7690,3300,667,1317,49,2
6265,-7486,4911,993,1184,-12,2
6255,-7303,5946,1214,979,-37,2
6484,-7170,6373,1256,741,-88,2
6818,-6593,6280,1107,543,-172,2
7173,-6083,5915,867,433,-224,2
7387,-5791,5466,583,384,-245,2
7437,-5736,5011,308,348,-256,2
7324,-5828,4586,101,306,-284,2
7313,-5813,4185,2,262,-288,2
7387,-5760,3804,15,215,-239,2
7510,-5606,3457,98,162,-149,2
7607,-5402,3167,206,111,-34,2
7618,-5203,2910,283,70,78,2
7646,-5121,2733,305,55,189,2
7512,-5255,2715,270,66,283,2
7512,-5255,2715,270,66,283,2
7148,-5780,2882,167,76,293,2
6891,-6004,2907,51,74,247,2
6900,-6160,2759,-35,89,246,2
6942,-6429,2621,-88,115,260,2
6828,-6680,2603,-95,140,241,2
6738,-6696,2638,-68,148,206,2
6744,-6666,2638,-12,153,186,2
6662,-6614,2698,61,160,170,2
6537,-6612,2891,109,159,137,2
6470,-6624,3023,121,144,69,2
6551,-6616,3038,108,125,-14,2
6572,-6806,3116,73,108,-121,2
6624,-6911,3199,67,88,-242,2
6677,-6652,3186,77,69,-355,2
6806,-6255,3095,82,76,-397,2
7025,-5900,3009,90,113,-355,2
7178,-5661,2974,99,165,-267,2
7124,-5595,3056,115,213,-157,2
7009,-5633,3215,145,231,-45,2
6787,-5850,3392,175,211,28,2
6610,-6069,3524,216,172,59,2
6530,-6288,3495,237,127,36,2
6584,-6431,3390,230,97,-31,2
6879,-6118,3426,208,125,-148,2
6879,-6118,3426,208,125,-148,2
6957,-6019,3539,195,132,-152,2
7040,-5929,3611,198,130,-120,2
7076,-5848,3654,218,136,-66,2
7114,-5918,3755,227,143,-16,2
7048,-5934,3921,222,151,13,2
6920,-5966,4120,229,143,41,2
6841,-6094,4282,215,112,51,2
6778,-6165,4266,172,69,14,2
6797,-6002,4089,21,26,-88,2
6797,-6002,4089,21,26,-88,2
6876,-6003,3992,-41,25,-98,2
6883,-6049,3866,-70,14,-107,2
6921,-6099,3708,-63,-5,-120,2
6872,-6049,3652,-29,-23,-129,2
6686,-5843,3612,-1,-6,10,2
6686,-5843,3612,-1,-6,10,2
6633,-6061,3551,-26,-25,-25,2
6660,-5992,3439,-42,-31,-86,2
6830,-5883,3363,-35,-20,-103,2
6969,-5833,3328,-9,-13,-87,2
7024,-5774,3319,26,-7,-58,2
7031,-5717,3290,49,2,-30,2
6647,-5907,3665,11,65,88,2
6647,-5907,3665,11,65,88,2
6555,-6107,3778,0,44,63,2
6624,-6154,3684,-5,21,18,2
6833,-5985,3416,5,33,-52,2
6872,-5875,3374,19,47,-56,2
6889,-5802,3390,39,64,-35,2
6870,-5794,3505,65,76,1,2
6804,-5856,3703,82,80,37,2
6677,-5961,3877,81,75,65,2
6584,-6173,3938,56,54,60,2
6574,-6262,3823,15,37,1,2
6683,-6138,3629,-18,41,-54,2
6793,-6012,3488,-29,56,-70,2
6829,-5922,3395,-15,64,-73,2
6805,-5852,3337,13,67,-70,2
6751,-5764,3383,48,77,-60,2
6697,-5748,3502,77,86,-45,2
6671,-5796,3773,85,86,-20,2
6653,-5830,3920,73,91,-3,2
6662,-5965,4107,49,87,15,2
6671,-6134,4207,21,80,4,2
6676,-6189,4278,2,70,-28,2
6763,-6201,4353,-11,60,-46,2
6804,-6251,4437,-11,46,-54,2
6850,-6195,4416,2,22,-52,2
6954,-6106,4258,10,-1,-43,2
6966,-6051,4187,4,-15,-28,2
6919,-6146,4289,-10,-19,-14,2
6905,-6223,4355,-25,-33,-14,2
7213,-6215,4005,-98,-98,-74,2
7331,-5891,3178,-56,-256,-29,2
7434,-5827,2919,-73,-265,-43,2
7521,-5815,2582,-68,-260,-56,2
7577,-5724,2258,-30,-238,-70,2
7635,-5579,2002,20,-214,-68,2
7662,-5466,1810,100,-192,-46,2
7662,-5466,1810,100,-192,-46,2
7665,-5435,1659,186,-172,-20,2
7666,-5525,1455,252,-153,-5,2
7690,-5627,1284,341,-125,-47,2
7649,-5473,1142,434,-104,-119,2
7549,-5334,972,518,-83,-154,2
7471,-5389,600,587,-82,-200,2
7357,-5273,-264,680,-103,-295,2
7095,-4794,-1745,876,-129,-397,2
7114,-4500,-4061,1145,-209,-680,2
7781,-5294,-6997,1498,-274,-1162,2
8522,-5965,-10440,1987,-143,-1839,2
8733,-6830,-13109,2562,307,-2808,2
10322,-6973,-13746,3311,1226,-4434,2
9085,-4944,-12741,3731,2242,-6135,2
7877,-1927,-11441,3075,2886,-7379,2
5424,-263,-10442,1746,3452,-8289,2
1917,228,-8649,-12,4098,-8403,2
1646,1532,-7826,-1767,5035,-9084,2
-237,688,-7823,-2475,5857,-9529,2
-2297,25,-6876,-2466,6991,-8384,2
-10637,-4996,21338,-376,9526,-294,2
-10637,-4996,21338,-376,9526,-294,2
-8970,-8838,26868,-839,7725,-11,2
-8385,-10128,29661,-2069,5290,-50,2
-7948,-8227,29507,-2559,3005,-502,2
-7427,-5011,27116,-3052,1113,-972,2
-6270,-3775,24360,-3338,-54,-1024,2
-5035,-3381,22151,-3047,-403,-741,2
-2075,-268,18494,882,1134,624,2
-2075,-268,18494,882,1134,624,2
-1462,-9,17911,1358,1208,903,2
-1002,-84,17295,1375,1027,1060,2
-699,-253,16767,1168,721,1147,2
-672,-126,16343,915,416,1285,2
-778,3,15994,589,80,1523,2
-930,-287,15486,230,-269,1827,2
-937,-1061,14941,-77,-527,1956,2
-1398,-1327,14675,-219,-608,1991,2
-2498,-1520,14958,-299,-559,2255,2
-3709,-1661,15735,-553,-552,2794,2
-4866,-899,17001,-684,-644,3526,2
-5150,-391,18783,-284,-788,4087,2
-5955,-937,20472,699,-952,4338,2
-7691,-1209,22053,1748,-1298,4514,2
-9093,713,23453,2427,-1955,5177,2
-9779,3256,23626,2405,-2896,5958,2
-9967,5065,23121,1633,-4079,6255,2
-9765,6103,21571,390,-5230,6556,2
-9513,7119,19212,-1009,-6217,6831,2
-8473,6243,16526,-2395,-7108,6425,2
-7133,5142,12520,-3704,-7765,5705,2
-5684,4545,1746,-6025,-7834,4674,2
-5660,3805,-1561,-6519,-7843,4613,2
-4739,2461,-6104,-6866,-7621,4446,2
-2456,668,-10889,-6906,-7097,4041,2
-79,-1586,-15338,-6463,-6342,3471,2
1920,-4310,-19290,-5300,-5419,2946,2
3525,-6755,-21312,-3468,-4349,2525,2
4042,-8441,-20828,-1508,-3367,1989,2
3501,-9250,-19206,199,-2770,1372,2
3567,-9355,-17573,1367,-2452,777,2
4124,-9135,-16533,1764,-2175,295,2
4911,-9153,-16132,1573,-1736,-25,2
5833,-9269,-15633,1111,-999,-217,2
5685,-8942,-7989,30,1307,-370,2
5470,-8578,-4398,94,1638,-379,2
5333,-8372,-532,418,1788,-376,2
5165,-8227,3313,872,1768,-371,2
5037,-7849,6598,1377,1608,-417,2
5090,-7206,8989,1791,1312,-545,2
5695,-6241,9978,1963,918,-670,2
6603,-5364,9900,1918,569,-704,2
7440,-4721,9188,1654,333,-694,2
8077,-4079,8023,1196,220,-653,2
8510,-3830,6781,674,204,-551,2
8412,-4098,5640,199,229,-394,2
7989,-4695,4571,-128,256,-178,2
7472,-5469,3780,-296,299,30,2
7144,-6160,3450,-295,362,136,2
6707,-6763,3723,-139,404,161,2
6362,-7237,4186,87,358,132,2
6225,-7355,4364,297,245,37,2
6231,-7235,4470,434,143,-71,2
6361,-7095,4503,472,90,-158,2
6560,-6926,4416,427,88,-227,2
6723,-6628,4370,331,134,-254,2
6701,-6275,4745,170,326,18,2
6442,-6323,4984,200,299,79,2
5958,-6331,5236,223,226,86,2
5856,-6417,5235,196,111,38,2
6085,-6259,4802,133,7,-43,2
6441,-6031,4339,83,-19,-85,2
6642,-5917,4052,42,8,-72,2
6642,-5917,4052,42,8,-72,2
6725,-5859,3906,24,49,-44,2
6858,-5749,3729,37,80,3,2
6978,-5689,3586,78,110,75,2
6811,-5741,3689,140,142,145,2
6409,-5895,3998,188,144,177,2
6148,-6023,4308,232,104,160,2
6009,-6029,4612,270,51,115,2
6018,-5967,4875,279,-1,64,2
6195,-5900,4962,258,-32,19,2
6457,-5722,4945,215,-38,-15,2
6689,-5524,4829,165,-34,-11,2
6790,-5496,4711,123,-24,46,2
6798,-5569,4553,82,-13,107,2
6646,-5685,4436,52,-3,165,2
6253,-5909,4608,38,0,200,2
6278,-6300,4563,17,-134,-61,2
6278,-6300,4563,17,-134,-61,2
6446,-5844,4389,21,-69,44,2
6446,-5844,4389,21,-69,44,2
6274,-6079,4478,-7,-56,76,2
6233,-6294,4466,-49,-53,52,2
6275,-6294,4411,-80,-46,-6,2
6361,-6196,4407,-84,-35,-52,2
6446,-6047,4506,-63,-26,-68,2
6457,-5913,4666,-31,-22,-55,2
6451,-5848,4771,-3,-27,-23,2
6432,-5855,4786,0,-37,26,2
6336,-5955,4738,-21,-42,77,2
6086,-6171,4691,-61,-45,96,2
5816,-6362,4593,-121,-55,56,2
5810,-6490,4276,-173,-68,-20,2
5977,-6459,3960,-194,-61,-106,2
6136,-6316,3844,-181,-36,-168,2
6257,-6180,3833,-140,-17,-190,2
6426,-6038,3818,-80,-11,-182,2
6563,-5840,3811,-16,0,-153,2
6662,-5628,3830,43,22,-88,2
6529,-5608,3955,74,52,-8,2
6222,-5713,4222,59,75,41,2
5992,-5861,4465,3,83,42,2
6408,-5906,4412,-188,83,-128,2
6535,-5844,4307,-164,79,-143,2
6595,-5783,4170,-110,63,-134,2
6466,-5551,4167,36,74,-44,2
6482,-6118,4106,22,98,-31,2
6466,-6123,4169,22,110,-41,2
6427,-6168,4288,12,124,-61,2
6488,-6134,4373,-6,126,-87,2
6559,-6081,4504,-19,132,-103,2
6592,-6122,4652,-35,131,-114,2
6608,-6082,4762,-39,124,-121,2
6638,-6016,4792,-27,115,-117,2
6697,-5996,4813,-6,103,-101,2
6705,-5928,4749,5,87,-84,2
6680,-5888,4702,5,74,-62,2
6670,-5886,4613,-8,66,-38,2
6572,-5863,4474,-33,61,-27,2
6431,-5856,4370,-62,56,-12,2
6354,-5964,4207,-101,51,-5,2
6434,-5848,2377,-33,172,-186,2
6556,-5657,1844,-5,238,-249,2
6924,-5212,930,22,309,-374,2
7352,-4934,-624,86,393,-519,2
7328,-5203,-2417,209,498,-838,2
8378,-5966,-4252,408,703,-1840,2
8363,-4877,-6771,462,903,-2353,2
8267,-4417,-9572,536,1322,-2604,2
8472,-4577,-11957,493,1859,-2979,2
8288,-4284,-12908,105,2462,-3575,2
7773,-3836,-13526,-482,3130,-4463,2
5382,-4953,-14323,-955,3929,-5673,2
5146,-1983,-13594,-1425,5140,-7169,2
2886,1981,-12974,-2227,6317,-8800,2
-4061,1685,-10790,-3444,7039,-9046,2
-6602,750,-6554,-4031,8107,-7633,2
-7297,421,-1720,-2458,9502,-5560,2
-7847,-131,2341,-879,10235,-2972,2
-8996,-3693,6378,-65,10370,-657,2
-8998,-10004,12547,800,10414,552,2
-8893,-13454,20332,303,9922,947,2
-10060,-12498,27530,-1113,8323,1051,2
-5607,-8842,23776,-2918,-253,-1570,2
-2397,-5983,17624,1767,1978,718,2
-2397,-5983,17624,1767,1978,718,2
-1992,-6344,17928,1853,1740,634,2
-1110,-3023,11220,335,-590,337,2
-1110,-3023,11220,335,-590,337,2
-1711,-3694,12234,180,-613,500,2
-2462,-4653,13349,49,-714,760,2
-3306,-5217,14324,5,-870,1159,2
-4559,-6201,15639,-117,-1085,1656,2
-5905,-7504,17758,-370,-1471,2319,2
-6899,-6851,20357,-247,-2306,3199,2
-7197,-5255,23241,900,-3605,3884,2
-7722,-4268,24838,2395,-4904,4475,2
-9761,-2795,25224,3358,-6104,5482,2
-11269,-2199,24089,3080,-7468,6520,2
-12469,-2482,21544,1361,-8749,6677,2
-11651,-707,17314,-393,-9227,6419,2
-7338,1800,10955,-1754,-9312,5619,2
845,2456,566,-2835,-8423,3371,2
3454,4683,551,-3627,-7468,1594,2
4999,6822,-5011,-4606,-7128,2145,2
7537,3549,-10258,-4625,-5892,3229,2
8186,-2419,-9803,-3952,-4524,3757,2
7036,-6077,-9377,-2889,-3686,2918,2
5115,-5068,-8035,-1566,-3208,1909,2
3656,-4801,-6567,-607,-2986,1474,2
4040,-5269,-6039,115,-2826,1234,2
5274,-5002,-5377,560,-2548,1010,2
6114,-4459,-4480,590,-2193,855,2
6336,-4365,-3871,327,-1828,862,2
6494,-5123,-3675,-78,-1458,935,2
6265,-5678,-3392,-512,-1129,979,2
5816,-6284,-3193,-920,-861,964,2
5543,-7185,-3233,-1222,-634,911,2
5274,-7960,-3196,-1369,-422,819,2
5440,-8262,-3280,-1361,-217,648,2
5786,-8287,-3187,-1197,-18,483,2
6071,-8126,-2760,-908,124,328,2
6292,-7954,-2042,-544,221,165,2
6352,-7613,-1022,-158,321,37,2
6318,-7318,278,200,433,-22,2
6352,-6973,1471,452,524,-61,2
6161,-6689,2728,594,594,-80,2
5803,-6557,4018,665,626,-90,2
5772,-6377,4931,667,584,-100,2
5763,-6313,5527,579,505,-111,2
6263,-6000,5512,73,324,-334,2
6419,-5862,5200,0,295,-361,2
6602,-5676,4880,24,263,-335,2
6775,-5520,4631,124,223,-256,2
6674,-5414,4617,247,187,-146,2
6460,-5468,4716,353,144,-28,2
6264,-5529,4782,416,86,60,2
6014,-5705,4922,405,25,103,2
6038,-5894,4889,329,-17,74,2
6216,-5839,4800,211,-6,11,2
6498,-5784,4699,77,30,-24,2
6639,-5877,4649,-31,69,-20,2
6630,-6116,4635,-72,88,27,2
6555,-6290,4592,-59,79,81,2
6465,-6378,4553,-7,56,128,2
6403,-6439,4556,54,40,180,2
6317,-6487,4543,96,12,221,2
6166,-6513,4419,104,-33,229,2
6088,-6616,4367,59,-59,192,2
6104,-6592,4361,-28,-40,115,2
6391,-6353,3713,-24,28,100,2
5797,-6314,4570,-46,-34,51,2
6292,-6261,3881,-46,10,-17,2
6292,-6261,3881,-46,10,-17,2
6308,-6246,3847,2,19,27,2
6091,-6252,3945,30,25,70,2
5745,-6409,4199,15,22,87,2
5701,-6538,4257,-29,17,57,2
5815,-6557,4136,-80,25,7,2
6023,-6513,3912,-111,41,-40,2
6182,-6429,3812,-99,63,-65,2
6185,-6404,3973,-43,80,-60,2
6144,-6360,4230,20,76,-47,2
6093,-6331,4537,68,61,-37,2
6083,-6313,4717,93,38,-31,2
6071,-6326,4764,85,11,-23,2
6134,-6240,4685,41,-7,-25,2
6155,-6229,4619,-29,-4,-35,2
6146,-6278,4525,-112,6,-52,2
6191,-6334,4279,-173,10,-72,2
6292,-6359,3985,-190,6,-81,2
6372,-6426,3914,-153,12,-71,2
6255,-6522,4085,-94,13,-64,2
6138,-6527,4277,-39,-10,-71,2
6176,-6457,4289,-10,-37,-83,2
6404,-6164,3948,-98,-30,-103,2
6435,-6135,3780,-136,-19,-103,2
6439,-6152,3677,-156,-5,-78,2
6457,-6219,3593,-156,7,-42,2
6413,-6340,3579,-141,22,-7,2
6367,-6448,3658,-118,37,12,2
6353,-6478,3761,-90,51,19,2
6267,-6483,3938,-63,60,23,2
6166,-6469,4219,-72,-9,-81,2
6274,-6361,4120,-84,-28,-117,2
6419,-6280,3990,-81,-40,-123,2
6542,-6164,3796,-64,-45,-112,2
6590,-6069,3580,-42,-47,-96,2
6622,-5954,3306,-21,-36,-71,2
6641,-5923,3003,0,-14,-47,2
6569,-5923,2703,19,13,-54,2
6454,-5903,2389,40,42,-78,2
6154,-6184,2087,64,75,-184,2
6095,-6601,1286,53,62,-580,2
6510,-6944,-372,68,10,-1340,2
6938,-6517,-3561,237,-5,-2291,2
9826,-3501,-13368,2132,1086,-4036,2
9826,-3501,-13368,2132,1086,-4036,2
10161,-3811,-16811,3025,2136,-4306,2
9614,-3555,-18077,3295,3470,-4924,2
6957,-4429,-18121,2136,4549,-6016,2
2801,-4581,-16022,627,5532,-6889,2
266,-1947,-12820,-1235,7004,-8012,2
-3007,410,-10154,-2388,8471,-9357,2
-550,-2977,15192,631,405,307,2
270,-3165,13563,1258,34,923,2
270,-3165,13563,1258,34,923,2
-3599,-3605,16700,-184,-1723,3319,2
-3599,-3605,16700,-184,-1723,3319,2
-4064,-3065,18397,817,-2576,4314,2
-4976,-2469,20311,2354,-3409,5454,2
-6168,-2491,22220,3651,-4281,6941,2
-7134,-2214,22224,4220,-5399,8577,2
-8400,-2564,20348,3220,-6725,9264,2
-9603,-4605,18082,433,-7894,8286,2
-718,4600,7343,-4582,-7614,2575,2
4325,6903,1746,-5301,-6767,1927,2
6553,6459,101,-5886,-6075,2428,2
4388,-6900,-7840,-981,-528,1236,2
4388,-6900,-7840,-981,-528,1236,2
3871,-7805,-7308,-904,-198,1157,2
3841,-8542,-6531,-759,91,971,2
4228,-9004,-5585,-533,321,745,2
4547,-9271,-4230,-248,508,459,2
4874,-9067,-2723,60,629,175,2
5308,-8605,-1239,361,714,0,2
5643,-8219,329,614,800,-63,2
5706,-7993,1996,826,874,-78,2
5678,-7781,3718,944,912,-94,2
5394,-7503,5239,984,896,-77,2
4846,-7382,6459,949,792,-53,2
5897,-7144,4670,348,166,-319,2
5200,-7283,4611,62,173,211,2
5200,-7283,4611,62,173,211,2
5151,-7434,4353,11,124,148,2
5379,-7439,3876,-30,98,68,2
5660,-7352,3465,-59,110,3,2
5846,-7229,3262,-58,158,-40,2
5941,-7093,3253,-22,220,-40,2
5825,-6976,3486,34,264,3,2
5549,-6963,3833,82,264,34,2
5822,-6703,4484,61,205,-37,2
5822,-6703,4484,61,205,-37,2
5636,-6796,4781,80,189,-2,2
5436,-6891,5062,86,158,4,2
5367,-6951,5181,82,103,-10,2
5417,-6939,5141,63,40,-41,2
5630,-6867,4932,34,-6,-71,2
5826,-6735,4686,-2,-22,-96,2
5921,-6610,4545,-39,-17,-97,2
5609,-6923,3940,6,-30,-54,2
5609,-6923,3940,6,-30,-54,2
5777,-6890,4029,14,-26,-62,2
5820,-6844,4136,20,-13,-47,2
5766,-6865,4227,8,-17,-29,2
5723,-6835,4193,-5,0,12,2
5723,-6835,4193,-5,0,12,2
5645,-6915,4246,1,3,34,2
5594,-6981,4198,14,-15,41,2
5537,-7037,4191,25,-36,32,2
5517,-7066,4246,34,-51,9,2
5554,-7010,4284,38,-63,-27,2
5456,-6948,4192,-46,-80,-9,2
5456,-6948,4192,-46,-80,-9,2
5680,-6858,3938,-60,-76,-33,2
5761,-6793,3805,-45,-62,-26,2
5740,-6787,3766,-12,-54,2,2
5679,-6833,3689,14,-51,20,2
5591,-6864,3768,28,-34,21,2
5518,-6895,3943,33,-17,9,2
5638,-6848,4310,-9,-60,8,2
5745,-6863,4102,-12,-68,11,2
5760,-6864,3974,-11,-62,18,2
5655,-6808,3852,-1,-35,22,2
5624,-6790,3840,-6,-34,13,2
5640,-6794,3851,-10,-33,3,2
5686,-6796,3895,-4,-27,1,2
5686,-6796,3895,-4,-27,1,2
5749,-6751,3903,9,-26,15,2
5753,-6774,3970,26,-23,37,2
5565,-6867,4206,35,-23,51,2
5455,-6944,4312,23,-37,39,2
5566,-6974,4219,2,-55,14,2
5676,-6946,4149,-3,-58,-3,2
5689,-6890,4155,1,-60,-14,2
5752,-6830,4077,3,-70,-14,2
5492,-6917,4195,14,-41,0,2
5492,-6917,4195,14,-41,0,2
5542,-6847,4203,2,-52,-26,2
5553,-6839,4197,-12,-62,-40,2
5698,-6850,4212,-15,-68,-45,2
5818,-6797,4125,-9,-76,-30,2
5717,-6885,3450,4,23,66,2
5534,-6906,4213,10,0,9,2
5534,-6906,4213,10,0,9,2
5591,-6889,4175,9,-10,4,2
5667,-6871,4054,11,-17,7,2
5719,-6856,3990,20,-10,18,2
5700,-6869,4010,28,-1,26,2
5674,-6836,4000,30,0,31,2
5621,-6836,3930,25,-2,33,2
5602,-6885,3951,12,0,22,2
5588,-6900,4067,9,6,2,2
5577,-6906,4225,10,-5,-11,2
5660,-6913,4200,15,-35,-14,2
5763,-6919,4131,22,-53,-13,2
5788,-6906,4158,28,-50,-6,2
5730,-6889,4203,30,-47,0,2
5729,-6869,4172,26,-49,8,2
5700,-6846,4152,15,-49,14,2
5582,-6850,4148,-12,-46,13,2
5535,-6884,4060,-50,-47,3,2
5545,-6914,3873,-82,-50,-14,2
5741,-6888,3634,-85,-52,-29,2
5840,-6842,3543,-56,-44,-26,2
5709,-6800,3841,39,-37,23,2
5709,-6800,3841,39,-37,23,2
5824,-6732,3610,41,-37,26,2
5820,-6718,3416,52,-23,33,2
5557,-7120,3314,54,-14,-27,2
5055,-7604,1701,-23,-136,-940,2
5055,-7604,1701,-23,-136,-940,2
6000,-8053,155,113,-207,-1684,2
7263,-8067,-3014,295,-205,-2702,2
10728,-2189,-12325,1866,860,-5154,2
10728,-2189,-12325,1866,860,-5154,2
10270,-2815,-13759,2519,1608,-5070,2
9433,-3213,-13695,2632,2497,-5557,2
7441,-3648,-12397,1950,3310,-6970,2
3354,-4479,-11494,251,4207,-8208,2
1831,-417,-9668,-1922,6463,-9851,2
-3361,4813,-8663,-3512,7948,-9740,2
-4756,1039,-7166,-3803,8400,-7666,2
-3690,-1755,-3937,-2030,9611,-5685,2
-6258,-2393,608,-943,10792,-3928,2
-8491,-3243,6288,-1356,11426,-2205,2
-10854,-4404,13647,-2228,10980,-675,2
-11195,-6948,20945,-2311,9538,225,2
-9366,-10545,25968,-2105,7788,741,2
-6689,-11623,27588,-1236,6123,1177,2
-5700,-9642,26058,175,4700,1395,2
-5809,-6781,22994,972,3480,1041,2
-5606,-5275,20664,670,2529,567,2
-5163,-4133,18988,-205,1415,71,2
-4721,-3879,18838,-487,1062,-127,2
-4227,-3736,18587,-543,737,-151,2
-3760,-3599,18044,-338,450,-38,2
-3304,-3621,17401,-19,214,129,2
-2821,-3772,16870,235,-8,306,2
-2458,-3605,16198,510,-235,459,2
-1956,-3343,15380,770,-440,550,2
-1732,-2830,14542,930,-627,634,2
-1769,-2039,13794,927,-806,850,2
-2158,-1610,13521,758,-967,1219,2
-2766,-1840,13916,329,-1175,1827,2
-3366,-2673,14660,69,-1491,2573,2
-4233,-2974,15945,-63,-2093,3383,2
-5120,-3244,17479,56,-3113,4154,2
-5335,-4575,18598,691,-4394,4544,2
-5576,-5033,19317,1529,-5293,4598,2
-6407,-3375,20046,2065,-5911,4956,2
-7209,-2001,20183,1958,-6654,5452,2
-7209,-2001,20183,1958,-6654,5452,2
-7197,-1307,19000,916,-7387,5279,2
-7832,-893,17304,-780,-7903,4514,2
-8742,-81,16735,-2781,-8572,3365,2
-6656,2195,13598,-4162,-9361,2156,2
-2089,4320,6016,-4624,-9261,1246,2
3166,5748,81,-4786,-8186,551,2
6092,5940,-1746,-4997,-7199,712,2
8176,5650,-5989,-5278,-6388,1797,2
9559,2825,-8589,-5077,-5113,2644,2
8956,-1343,-7643,-4321,-3847,2927,2
6727,-4326,-6110,-3248,-3166,2551,2
4807,-5178,-5130,-2146,-2940,1857,2
4340,-5511,-5157,-1333,-2826,1227,2
5245,-4898,-5552,-712,-2586,677,2
6453,-3579,-5528,-365,-2232,333,2
7184,-2632,-5123,-264,-1841,201,2
7229,-2411,-4395,-363,-1496,282,2
7006,-2724,-3946,-563,-1214,541,2
6603,-3634,-3829,-756,-1002,831,2
6057,-6721,-4776,-992,-423,958,2
6057,-6721,-4776,-992,-423,958,2
6012,-7130,-4289,-822,-188,728,2
6198,-7559,-3824,-615,-18,527,2
6632,-7581,-3083,-307,142,316,2
7012,-7383,-2009,14,282,174,2
7140,-7161,-803,299,401,127,2
7116,-7022,448,525,506,164,2
6872,-7046,1667,691,575,226,2
6363,-7124,3077,783,592,250,2
6065,-7198,4318,769,553,223,2
5931,-7418,5129,642,462,114,2
6134,-7361,5355,436,337,-101,2
6681,-6769,5025,248,246,-276,2
7860,-5478,2900,23,125,-140,2
7860,-5478,2900,23,125,-140,2
7962,-5294,2229,69,112,7,2
6454,-6268,2703,254,71,312,2
6454,-6268,2703,254,71,312,2
6548,-6428,2639,235,33,225,2
6787,-6344,2558,193,43,123,2
7041,-6202,2618,146,98,83,2
7107,-6250,2760,112,143,115,2
7017,-6360,2871,104,154,164,2
6839,-6472,2931,119,141,207,2
6676,-6591,2989,148,119,236,2
6513,-6731,3122,166,107,239,2
6343,-6810,3282,164,91,206,2
6334,-6835,3342,155,64,146,2
6438,-6806,3275,133,38,53,2
6635,-6641,3196,116,35,-31,2
6821,-6517,3228,124,47,-53,2
6956,-6468,3153,164,43,-36,2
6960,-6423,3059,234,21,0,2
6894,-6374,3027,310,-3,37,2
6526,-6538,3547,344,-60,-12,2
6508,-6494,3738,279,-62,-93,2
6678,-6359,3792,200,-64,-160,2
6903,-6183,3672,127,-70,-181,2
7051,-6132,3514,64,-77,-169,2
7116,-6033,3384,26,-78,-135,2
7169,-5954,3235,-6,-74,-83,2
7157,-5855,2983,-30,-62,-14,2
7071,-5910,2840,-43,-39,63,2
6828,-6073,2888,-52,-23,112,2
6678,-6269,2965,-46,-23,124,2
6593,-6393,3071,-37,-32,94,2
6573,-6374,3156,-25,-42,58,2
6662,-6402,3177,-15,-52,34,2
6774,-6335,3096,-1,-62,7,2
6841,-6251,3033,12,-56,-1,2
6907,-6180,3026,25,-44,5,2
6931,-6114,3043,46,-35,32,2
6907,-6130,3112,66,-31,70,2
6775,-6197,3144,75,-38,90,2
6694,-6193,3076,62,-52,78,2
6633,-6207,3043,36,-50,66,2
6596,-6219,2978,9,-43,46,2
6621,-6208,2906,-11,-37,31,2
6742,-6202,2826,-16,-31,28,2
6866,-6150,2768,1,-16,39,2
6948,-6107,2784,35,3,77,2
6954,-6116,2936,75,18,134,2
6809,-6201,3142,109,26,192,2
6519,-6340,3391,123,16,219,2
6296,-6505,3536,104,-18,204,2
6311,-6575,3435,64,-47,152,2
6471,-6421,3199,17,-43,96,2
6823,-6114,2801,17,30,59,2
6768,-6141,3026,72,44,99,2
6595,-6219,3403,118,40,134,2
6377,-6312,3739,132,14,153,2
6240,-6457,3878,105,-28,150,2
6316,-6518,3773,51,-63,124,2
6496,-6517,3518,-2,-77,84,2
6645,-6465,3252,-36,-70,48,2
6775,-6343,3089,13,-33,62,2
6775,-6343,3089,13,-33,62,2
6713,-6337,3108,31,-25,92,2
6610,-6355,3087,33,-23,113,2
6511,-6404,3080,25,-27,119,2
6458,-6454,3079,12,-26,117,2
6425,-6511,3129,1,-27,105,2
6431,-6581,3118,-11,-32,76,2
6605,-6475,3055,9,-19,-10,2
6605,-6475,3055,9,-19,-10,2
6501,-6520,3140,35,-31,-4,2
6440,-6501,3155,44,-41,-22,2
6544,-6405,3007,28,-43,-41,2
6595,-6287,2822,3,-37,-48,2
6585,-6219,2624,-22,-29,-44,2
6559,-6204,2433,-49,-23,-42,2
6555,-6152,2153,-68,-12,-51,2
6608,-6095,1862,-76,9,-56,2
6623,-6033,1593,-80,45,-58,2
6547,-5991,1380,-78,93,-51,2
6456,-6015,1155,-75,139,-41,2
6398,-6083,723,-77,178,-70,2
6465,-5834,80,-75,239,-109,2
6533,-5658,-600,-62,336,-123,2
6365,-5545,-1258,-50,451,-186,2
5995,-3438,-13587,3135,5593,-5222,2
3721,-2887,-10556,2522,6842,-6026,2
-1695,-2389,-6678,1433,8384,-6654,2
-4758,1662,-591,-411,10903,-7291,2
-9678,3743,6377,-1690,12316,-8116,2
-13594,822,12616,-2761,12131,-7161,2
-13392,-2770,18124,-3322,11252,-4718,2
-11078,-6316,23572,-3932,9441,-2198,2
-2208,-4860,16797,267,1349,358,2
-1714,-4547,16211,319,1039,501,2
-1387,-4267,15591,422,744,659,2
-1090,-4185,14704,659,502,802,2
-810,-4149,13643,881,318,882,2
-2233,-4273,14210,-273,-1541,1718,2
-2757,-4729,14799,116,-2061,2132,2
-3155,-5199,15473,491,-2656,2295,2
-3650,-4498,16564,892,-3279,2529,2
-4230,-3417,18366,1568,-3886,2897,2
-5691,-3276,21025,2171,-4684,3544,2
-7980,-4819,24280,2377,-6012,4717,2
-11493,-7367,26831,2291,-8111,5923,2
-14976,-9396,26487,1468,-10374,6311,2
-13988,-5505,18364,-431,-11750,5239,2
-7247,1698,6227,-2643,-11089,3348,2
2419,9402,523,-4183,-8853,464,2
4507,9039,3811,-5230,-8020,-821,2
11305,843,-9334,-5702,-4625,4001,2
9350,-4309,-9131,-4779,-3703,3249,2
6459,-4778,-8924,-3232,-3202,2223,2
4847,-4125,-8271,-453,-2347,877,2
5802,-3988,-8140,-116,-1927,643,2
6196,-3674,-7538,23,-1552,502,2
6252,-3842,-6735,-13,-1200,495,2
6015,-4344,-5651,-167,-852,537,2
5777,-4947,-4680,-353,-569,619,2
5667,-5858,-3883,-531,-327,691,2
5595,-6663,-3144,-668,-107,665,2
5694,-7204,-2506,-716,74,536,2
6530,-7376,-1459,-478,348,262,2
6530,-7376,-1459,-478,348,262,2
6921,-7307,-818,-200,459,184,2
6970,-7375,213,112,541,131,2
6882,-7422,1347,394,582,63,2
6854,-7259,2470,604,592,-11,2
6489,-7072,3794,710,582,-76,2
6041,-7025,5024,697,512,-153,2
6148,-6856,5703,591,390,-211,2
6604,-6483,5658,400,257,-253,2
6993,-6205,5139,178,143,-270,2
7333,-6020,4231,-11,53,-274,2
7529,-5821,3239,-134,7,-253,2
7520,-5739,2444,-161,-2,-204,2
7393,-5713,1957,-115,2,-145,2
7321,-5673,1735,-30,13,-74,2
7210,-5769,1879,51,34,4,2
6920,-6334,2358,-91,20,1,2
6838,-6481,2138,28,135,147,2
6838,-6481,2138,28,135,147,2
6635,-6615,2419,67,147,177,2
6475,-6782,2942,34,97,-83,2
6797,-6516,2868,2,94,-150,2
6990,-6195,2833,19,101,-148,2
7118,-6152,2849,64,96,-104,2
7157,-6168,2768,80,79,-66,2
6663,-6234,3026,-25,63,11,2
6834,-6361,2970,-52,34,-18,2
7045,-6312,2820,-47,15,-47,2
7188,-6216,2705,-16,17,-36,2
7204,-6150,2669,21,20,4,2
7151,-6094,2633,45,21,46,2
7081,-6077,2590,51,24,87,2
6939,-6226,2636,43,31,108,2
6678,-6329,2790,30,29,100,2
6626,-6498,2868,19,10,85,2
6738,-6541,2809,16,-5,52,2
6835,-6469,2758,17,-5,23,2
6941,-6375,2709,16,2,5,2
7011,-6263,2691,23,15,15,2
7037,-6209,2672,39,25,53,2
7022,-6197,2642,56,31,98,2
6949,-6234,2642,72,38,143,2
6709,-6381,2803,75,27,167,2
6559,-6627,2894,49,0,125,2
6585,-6591,2827,13,-17,57,2
6774,-6569,2795,-14,-6,25,2
6863,-6556,2876,-14,10,4,2
6866,-6531,3021,1,9,-7,2
6883,-6500,3113,21,-5,-7,2
6878,-6425,3134,33,-19,1,2
6869,-6381,3059,26,-30,20,2
6836,-6368,2961,12,-36,43,2
6765,-6431,2833,-7,-46,52,2
6719,-6512,2724,-30,-57,35,2
6750,-6529,2572,-50,-61,-2,2
6882,-6408,2444,-51,-52,-28,2
6978,-6366,2375,-35,-30,-34,2
6968,-6296,2474,-6,-7,-27,2
6846,-6304,2739,27,5,-2,2
6769,-6289,2911,74,-22,26,2
6800,-6210,2867,71,-25,31,2
6804,-6197,2883,52,-22,43,2
6724,-6307,2900,11,-28,27,2
6743,-6329,2965,83,8,82,2
6579,-6377,3083,65,0,91,2
6437,-6556,3171,23,-20,65,2
6465,-6547,3102,-23,-42,13,2
6627,-6482,2900,-59,-51,-19,2
6835,-6404,2610,-71,-50,-32,2
6993,-6314,2342,-63,-42,-28,2
7055,-6232,2193,-32,-15,-2,2
6670,-6349,2297,58,3,31,2
6744,-6252,2078,59,12,15,2
6823,-6077,1835,58,37,10,2
6816,-5964,1634,55,67,20,2
6701,-5958,1407,47,94,18,2
6653,-5873,1119,45,128,10,2
6668,-5785,751,58,178,4,2
6674,-5620,191,86,233,1,2
6960,-5518,-992,140,280,-29,2
7421,-5339,-2976,266,310,-163,2
7421,-5339,-2976,266,310,-163,2
7592,-5384,-5821,471,375,-503,2
8716,-5759,-8681,1081,652,-1336,2
9014,-5463,-10770,1662,996,-2589,2
8980,-4734,-13861,2022,1592,-3683,2
9024,-4146,-16995,2504,2616,-4797,2
7465,-1935,-17803,3121,3881,-5402,2
5366,-623,-16117,2951,5072,-6173,2
2437,90,-13430,1490,6137,-7095,2
-3137,-401,-10452,-241,7736,-8314,2
-5233,4200,-5384,-1833,9720,-9727,2
-9712,4715,-298,-3363,10092,-8437,2
-9839,1564,4629,-3319,10351,-6025,2
-10112,-1361,8843,-2490,10769,-3192,2
-10783,-5789,14837,-2781,10479,-155,2
-10682,-10701,21117,-2516,9727,1753,2
-9414,-13361,25161,-1281,8446,2176,2
-7599,-13539,26733,-13,6739,1883,2
-5918,-10567,25739,364,4935,1149,2
-5476,-8065,23310,-173,3337,598,2
-4259,-7075,21001,-673,2197,117,2
-3334,-6148,19087,-614,1646,-62,2
-2988,-4812,17372,-383,1408,-36,2
-2449,-4224,16223,-418,1235,29,2
-1716,-4249,15591,-398,1145,150,2
-1107,-4251,14851,-15,1170,304,2
-587,-4168,13850,423,1196,421,2
-240,-4350,13021,711,1208,449,2
-187,-4345,12605,967,1294,385,2
-371,-3885,12579,1067,1347,332,2
-571,-3574,12824,961,1275,305,2
-871,-3551,13078,797,1130,276,2
-1154,-3591,13291,611,932,218,2
-1320,-3305,13553,320,670,180,2
-1598,-2925,13704,28,350,190,2
-1881,-3028,13801,-231,17,258,2
-2062,-3395,13893,-477,-302,436,2
-2275,-3829,13932,-556,-538,679,2
-2913,-4258,14183,-254,-1206,1698,2
-3079,-4557,14293,489,-1456,1784,2
-3635,-2791,14699,1207,-1621,2065,2
-4595,-1446,15499,1938,-1747,2609,2
-6211,-1148,17321,2565,-2065,3369,2
-8059,-1604,20374,2641,-2899,4669,2
-9377,-3070,23231,2599,-4506,6073,2
-10109,-4173,23936,2490,-6268,7298,2
-8970,-3314,21136,2199,-7272,7685,2
-8555,-2078,17842,1167,-7963,6685,2
-8159,-758,15864,-877,-8636,5215,2
-6487,2859,13134,-3023,-8767,4230,2
-4521,5552,10397,-4377,-8610,3583,2
2597,2698,367,-6042,-7378,2224,2
3999,3192,-1845,-6344,-6422,2011,2
6228,2134,-5575,-6447,-5345,1967,2
7778,757,-7844,-6235,-4105,1800,2
6776,-2254,-8271,-4960,-2551,993,2
5710,-2859,-8549,-4061,-2380,602,2
5581,-3283,-9409,-3127,-2260,387,2
5588,-3342,-9757,-2214,-2033,302,2
5490,-3506,-9543,-1433,-1732,364,2
5176,-3887,-8845,-782,-1418,475,2
5159,-4081,-8130,-324,-1135,606,2
5363,-4618,-7470,-62,-835,783,2
5436,-5462,-6489,110,-518,915,2
5590,-5995,-5436,211,-195,951,2
5779,-6557,-4319,257,110,917,2
5966,-7025,-3272,216,364,821,2
5867,-7285,-2110,205,581,728,2
5105,-8219,1131,483,864,420,2
5254,-8290,1954,620,846,243,2
5457,-8107,2664,785,822,100,2
5825,-7795,3195,943,790,4,2
6141,-7339,3547,1063,746,-66,2
6316,-6899,4039,1133,704,-92,2
6407,-6672,4581,1153,666,-66,2
6374,-6466,5047,1110,613,-25,2
6077,-6439,5431,1014,534,10,2
6015,-6525,5354,874,420,5,2
6235,-6337,4964,711,337,-28,2
6222,-6381,4828,541,327,-51,2
6197,-6493,4744,384,323,-100,2
6432,-6342,4416,274,306,-112,2
6499,-6238,4107,214,292,-82,2
6426,-6447,3949,161,274,-58,2
6250,-6306,3820,161,270,-1,2
6284,-6475,3638,194,290,90,2
6148,-6620,3699,210,317,157,2
5552,-7034,4628,201,324,190,2
5516,-7333,4801,166,295,128,2
5751,-6812,4705,28,169,-79,2
5990,-6832,4210,26,151,-54,2
6040,-6706,3744,9,157,-58,2
6120,-6547,3348,20,176,-55,2
6201,-6480,3183,57,215,-38,2
6201,-6480,3183,57,215,-38,2
6100,-6501,3317,139,258,-6,2
5843,-6484,3566,243,272,23,2
5571,-6550,3946,320,249,26,2
5310,-6683,4397,354,220,-14,2
5261,-6751,4629,333,188,-107,2
5480,-6544,4564,268,163,-208,2
5819,-6245,4295,194,170,-254,2
6077,-6025,4011,148,198,-242,2
6129,-5828,3442,108,247,-151,2
6129,-5828,3442,108,247,-151,2
5955,-5819,3265,175,290,-49,2
5472,-6193,3334,232,313,20,2
5047,-6919,4449,571,306,-140,2
5073,-6797,4844,664,281,-225,2
5229,-6527,5136,722,267,-264,2
5494,-6298,5379,707,274,-275,2
5620,-6085,5578,667,303,-243,2
5765,-6052,5651,602,322,-196,2
5863,-5973,5627,533,334,-160,2
5765,-6003,5691,483,349,-125,2
5578,-6111,5761,437,353,-126,2
5345,-6098,5857,388,337,-147,2
5284,-6149,5774,334,297,-161,2
5420,-6265,5493,305,260,-182,2
5522,-6216,5310,322,258,-212,2
5595,-6111,5238,379,264,-222,2
5692,-5948,5126,451,257,-204,2
5759,-5774,4947,524,262,-166,2
5687,-5649,4805,575,283,-117,2
5433,-5599,4786,594,304,-77,2
5021,-5757,4874,591,307,-69,2
4898,-5895,4664,583,298,-102,2
4963,-5864,4482,590,313,-153,2
5081,-5845,4586,634,362,-206,2
5133,-5686,5001,710,415,-256,2
5203,-5342,5415,797,438,-271,2
5409,-5044,5686,855,433,-230,2
5637,-4850,5816,851,442,-163,2
5699,-4710,5897,796,479,-87,2
5546,-4846,6113,728,508,-15,2
5825,-4877,6779,612,531,44,2
5825,-4877,6779,612,531,44,2
5997,-4994,6976,606,526,56,2
6098,-5061,7122,596,501,56,2
6155,-5112,7160,612,478,104,2
6141,-5378,7288,657,469,176,2
5967,-5535,7510,681,460,192,2
5678,-5608,7701,665,447,183,2
5498,-5717,7872,601,430,144,2
5454,-5660,7996,568,436,135,2
5522,-5610,7977,534,441,112,2
5508,-5491,7987,514,432,72,2
5439,-5292,8151,507,413,32,2
5419,-5017,8231,491,384,4,2
5336,-4738,8262,459,359,-3,2
5220,-4699,8342,415,343,-10,2
5156,-4793,8439,350,304,-84,2
5115,-4436,8407,265,261,-210,2
5236,-4087,8281,181,230,-288,2
5468,-3845,7989,89,201,-338,2
5431,-3633,7745,-13,175,-389,2
5212,-3597,7515,-115,145,-441,2
5166,-3530,7061,-193,119,-499,2
5193,-3390,6530,-253,119,-559,2
8047,-4060,-1942,875,381,-3114,2
8047,-4060,-1942,875,381,-3114,2
6912,-3793,-4348,1301,434,-3331,2
6462,-5312,-8334,1373,521,-3767,2
6561,-7349,-11315,1398,885,-4932,2
6134,-7732,-13686,873,1462,-6606,2
5066,-7415,-15308,-249,2362,-8423,2
1989,-6193,-15754,-1820,3694,-9793,2
-1131,-3276,-13810,-3457,5814,-11166,2
-2499,1838,-9860,-4363,7858,-11933,2
-6921,1443,-7116,-4916,8823,-10239,2
-7467,-799,-2649,-4203,9671,-8105,2
-9222,-1127,4267,-2441,10742,-6177,2
-12283,-1843,13385,-1234,11303,-4245,2
-13539,-5541,22446,-687,10682,-1917,2
-14421,-8401,28848,182,8987,-460,2
-14705,-11036,32489,-87,6828,-766,2
-14199,-9881,-31233,-1635,4405,-1738,2
-9192,-4532,26168,-2808,-623,-1972,2
-7009,-4124,22842,-1890,-632,-1430,2
-5371,-3903,20738,-854,-224,-853,2
-4352,-3508,19551,201,312,-312,2
-3632,-2882,18714,992,635,115,2
-3017,-2632,17746,1336,598,475,2
-2533,-2554,16376,1458,363,594,2
-1994,-3144,14803,1196,-49,410,2
-1675,-3108,13609,633,-507,68,2
-1971,-2237,12282,141,-956,-134,2
-5250,-1928,12560,-775,-1180,1708,2
-5250,-1928,12560,-775,-1180,1708,2
-6883,-2141,13994,-990,-1325,2686,2
-8667,-1140,16156,-688,-1698,3714,2
-9984,-15,18684,51,-2292,4654,2
-11189,92,21862,619,-3062,5599,2
-6397,5530,10671,-3563,-7751,2461,2
8184,-229,-6780,-3986,-3259,2617,2
8184,-229,-6780,-3986,-3259,2617,2
6117,-3132,-5358,-3142,-2741,2156,2
5035,-5390,-5564,-814,-1690,1193,2
5035,-5390,-5564,-814,-1690,1193,2
4916,-6478,-5279,-777,-1353,1123,2
5118,-7225,-5300,-816,-1065,1000,2
5384,-7673,-5364,-907,-767,831,2
5569,-7921,-5530,-1067,-439,660,2
5706,-8014,-5636,-1248,-87,578,2
5624,-8294,-5254,-1342,314,647,2
5104,-8912,-4266,-1260,674,737,2
4575,-9425,-2996,-1075,940,696,2
4381,-9352,-1703,-808,1122,543,2
4397,-8980,-614,-522,1243,374,2
4401,-8713,403,-258,1318,180,2
4225,-6881,5541,766,1158,-237,2
4225,-6881,5541,766,1158,-237,2
3972,-6577,6383,884,1050,-234,2
3525,-6439,6756,999,969,-188,2
2812,-6753,6960,977,840,-159,2
2640,-7248,6612,867,762,-282,2
2849,-7265,6232,724,804,-550,2
3120,-6674,5944,617,890,-794,2
3233,-6087,5899,592,975,-930,2
2887,-5715,6742,828,1023,-813,2
2887,-5715,6742,828,1023,-813,2
2685,-5695,7292,1000,983,-704,2
2666,-5789,7862,1181,936,-625,2
2794,-5651,8369,1333,913,-599,2
2855,-5322,8696,1420,895,-632,2
2691,-5012,8952,1391,854,-661,2
2579,-4978,8978,1248,811,-671,2
2632,-5071,8667,1036,809,-695,2
2826,-5127,8438,817,855,-709,2
3034,-4969,8942,637,1007,-734,2
3034,-4969,8942,637,1007,-734,2
3477,-4605,9702,538,730,-616,2
3477,-4605,9702,538,730,-616,2
3799,-4300,9607,470,682,-623,2
4090,-4040,9358,378,649,-588,2
4182,-4065,9137,276,646,-552,2
4142,-4063,9077,193,645,-509,2
4015,-4084,9131,125,645,-484,2
3833,-4134,9213,92,616,-489,2
3584,-4143,9383,88,547,-501,2
3417,-4133,9537,96,454,-492,2
3695,-4088,9184,101,371,-487,2
3929,-3932,8892,64,331,-532,2
3937,-3817,8812,-29,302,-560,2
3984,-3802,8796,-93,299,-593,2
4098,-3585,8736,-170,300,-587,2
4176,-3505,8627,-227,297,-519,2
4150,-3583,8504,-233,281,-432,2
3921,-3680,8523,-195,263,-354,2
3488,-3802,8816,-146,213,-300,2
3243,-3963,9006,-138,123,-281,2
3496,-3955,8680,-171,46,-313,2
3805,-3751,8353,-219,40,-359,2
3961,-3630,8221,-260,60,-359,2
3991,-3612,8139,-269,71,-315,2
3961,-3604,8069,-247,72,-249,2
3924,-3617,7987,-201,76,-177,2
3757,-3623,8069,-149,94,-107,2
3300,-3720,8485,-117,98,-57,2
2962,-3872,8871,-127,59,-39,2
2929,-3990,8899,-182,10,-67,2
3180,-4008,8670,-238,-10,-136,2
3457,-3901,8364,-290,-3,-202,2
3584,-3787,8178,-324,18,-216,2
3664,-3832,8061,-323,51,-181,2
3666,-3915,7926,-294,85,-139,2
3575,-3999,7878,-248,110,-104,2
3338,-4176,7965,-191,118,-76,2
3342,-4212,8330,-120,10,-189,2
3342,-4212,8330,-120,10,-189,2
3446,-4102,8306,-117,5,-185,2
3471,-4103,8342,-93,10,-180,2
3555,-4051,8356,-65,10,-182,2
3617,-3956,8338,-43,11,-167,2
3635,-3932,8351,-30,14,-149,2
3597,-3924,8366,-37,20,-139,2
3349,-4067,8487,-155,21,-226,2
3349,-4067,8487,-155,21,-226,2
3490,-3990,8475,-149,6,-269,2
3714,-3853,8385,-125,-1,-284,2
3852,-3772,8352,-93,-6,-260,2
3919,-3702,8367,-56,-10,-218,2
3885,-3644,8377,-24,-18,-166,2
3794,-3665,8351,-16,-33,-124,2
3669,-3759,8336,-32,-52,-95,2
3632,-3855,8230,-68,-72,-85,2
3712,-3891,8038,-109,-78,-93,2
3723,-3936,7946,-133,-62,-104,2
3781,-3978,7879,-134,-49,-110,2
3817,-3963,7887,-106,-38,-107,2
3772,-3964,8022,-63,-32,-101,2
3697,-3956,8242,-23,-37,-101,2
3725,-3895,8418,-1,-57,-104,2
3853,-3797,8441,-2,-75,-109,2
3920,-3695,8511,-19,-79,-105,2
3986,-3665,8581,-49,-80,-87,2
3967,-3682,8622,-90,-88,-62,2
3966,-3748,8515,-125,-105,-37,2
4019,-3781,8366,-139,-109,-8,2
3845,-4216,8146,-215,-164,28,2
3845,-4216,8146,-215,-164,28,2
3960,-4620,5689,-593,-43,-94,2
3960,-4620,5689,-593,-43,-94,2
3839,-4848,5290,-556,11,-140,2
3615,-5213,4977,-504,33,-280,2
3495,-5205,4261,-492,0,-510,2
3744,-4896,2739,-557,-37,-740,2
4531,-4958,-111,-684,-41,-989,2
4829,-5644,-4969,-853,59,-1695,2
7011,-6659,-8840,-747,597,-3614,2
6632,-5961,-11418,-914,1030,-4973,2
5843,-6602,-13649,-856,1654,-5899,2
6264,-6834,-15585,-1012,2736,-7144,2
4434,-4120,-16436,-2094,4004,-8224,2
-990,-4840,-15529,-3339,6105,-9928,2
-4028,3502,-10351,-3610,8293,-11462,2
-10040,972,-7319,-5584,8329,-9342,2
-9822,-3946,-3237,-3883,9655,-7025,2
-12368,-5440,2451,-964,11837,-5076,2
-15130,-6857,11230,-761,13180,-3133,2
-17163,-6537,22241,-823,13147,-1033,2
-18071,-9844,-32765,-796,11205,713,2
-16518,-14509,-27748,-570,7832,1595,2
-12694,-15087,-30160,-303,4159,1283,2
-11464,-10113,28732,-171,1759,196,2
-11606,-4619,23242,-879,427,-467,2
-10260,-3144,20366,-1615,-259,-468,2
-8260,-4316,18422,-1474,-330,-45,2
-6306,-5771,16920,-869,-23,202,2
-5006,-6111,16234,-246,364,309,2
-4379,-5518,16030,412,667,468,2
-4033,-4725,15677,953,755,656,2
-3709,-4557,15110,1198,590,862,2
-3456,-4462,14409,1255,299,1035,2
-3225,-4594,13999,1116,-72,1175,2
-3385,-4571,13870,793,-532,1438,2
-3677,-4545,13768,501,-974,1770,2
-4166,-4563,13618,342,-1328,2025,2
-4666,-4716,13574,121,-1614,2250,2
-5385,-4545,13861,-113,-1859,2593,2
-5869,-4903,14242,-319,-2100,3071,2
-6555,-5018,14680,-320,-2404,3655,2
-7702,-4095,16287,-470,-3165,4591,2
-9384,-3513,19164,-93,-4405,5977,2
-11026,-5102,22994,965,-5859,7469,2
-12063,-6923,25585,2486,-7352,9076,2
-13276,-7459,23594,2964,-8480,9830,2
-11388,-5491,15622,1665,-8456,8867,2
-8042,-1076,11529,-719,-7579,6701,2
-1430,2631,7682,-3080,-6484,2892,2
1449,5259,9462,-4392,-5768,-669,2
1425,10296,5135,-5350,-6247,-259,2
4351,8861,-1558,-5273,-5697,1794,2
5482,1857,-1136,-4722,-4785,3118,2
4035,-2802,-918,-4118,-4102,2977,2
2312,-3180,-696,-3182,-3614,2209,2
1314,-2827,-325,-2326,-3232,1828,2
1521,-3126,-641,-1781,-2931,1740,2
1521,-3126,-641,-1781,-2931,1740,2
2127,-3244,-1181,-1434,-2601,1683,2
2689,-3557,-1598,-1287,-2293,1516,2
2792,-3762,-2005,-1238,-2013,1377,2
2300,-4308,-2126,-1235,-1750,1373,2
1743,-8132,-1743,-839,-704,848,2
1743,-8132,-1743,-839,-704,848,2
2053,-8540,-1187,-668,-475,646,2
2438,-8599,-509,-473,-258,458,2
3739,-7907,1374,111,268,183,2
3739,-7907,1374,111,268,183,2
3769,-7758,2298,270,405,168,2
3502,-7674,3587,411,531,145,2
3176,-7660,4974,519,604,103,2
2956,-7688,6234,575,615,34,2
2879,-7696,7031,588,575,-82,2
4352,-6065,7125,413,302,-291,2
3938,-5861,6630,289,78,-197,2
3938,-5861,6630,289,78,-197,2
4103,-5788,6429,284,95,-162,2
4254,-5792,6389,305,146,-99,2
4075,-5812,6578,347,200,-33,2
3720,-5825,6850,397,211,28,2
3399,-5909,7112,455,182,93,2
3137,-6129,7348,488,128,145,2
3039,-6349,7464,490,68,142,2
3159,-6328,7429,456,25,64,2
3481,-6107,7304,398,24,-28,2
3745,-5832,7289,323,67,-83,2
3891,-5636,7365,250,116,-82,2
3978,-5508,7371,189,140,-37,2
3997,-5497,7205,151,141,33,2
3806,-5585,7142,144,135,102,2
3393,-5879,7344,168,112,128,2
3112,-6070,7516,202,59,87,2
3010,-6137,7635,222,-6,24,2
3265,-6110,7552,225,-62,-53,2
3538,-5859,7433,211,-70,-141,2
3809,-5531,7427,198,-46,-176,2
4009,-5297,7515,182,-20,-151,2
4131,-5168,7449,165,-11,-83,2
4114,-5136,7301,151,-13,5,2
3899,-5199,7251,135,-7,96,2
3657,-5377,7261,115,-8,167,2
3251,-5654,7442,73,-36,169,2
3130,-5894,7393,13,-80,104,2
3529,-5723,7105,-73,-58,-54,2
3714,-5565,7209,-62,-28,-81,2
3766,-5463,7355,-24,-20,-62,2
3849,-5409,7431,22,-39,-9,2
3852,-5443,7203,86,-54,118,2
3471,-5867,6847,-77,-95,-75,2
3670,-5733,6804,-56,-72,-102,2
3749,-5633,6848,-9,-66,-83,2
3666,-5582,6987,60,-62,-37,2
3574,-5559,7146,111,-59,14,2
3403,-5627,7343,108,-64,39,2
3323,-5723,7430,67,-71,31,2
3359,-5782,7391,12,-82,-3,2
3554,-5771,7265,-22,-79,-42,2
3938,-5524,6877,-9,-69,50,2
3929,-5541,6828,-3,-38,74,2
3852,-5558,6877,19,-15,94,2
3706,-5614,7053,55,-5,109,2
3572,-5679,7259,84,-22,99,2
3498,-5716,7415,96,-50,66,2
3550,-5664,7473,78,-70,12,2
3749,-5517,7398,49,-78,-25,2
3879,-5438,7356,26,-71,-33,2
3942,-5397,7377,19,-67,-18,2
3970,-5358,7351,24,-71,12,2
3974,-5339,7282,41,-70,54,2
3974,-5339,7282,41,-70,54,2
3927,-5385,7224,50,-62,88,2
3790,-5396,7235,44,-55,109,2
3533,-5521,7492,12,-70,94,2
3533,-5521,7492,12,-70,94,2
3547,-5554,7576,-7,-92,52,2
3715,-5505,7474,-28,-106,5,2
3882,-5402,7409,-34,-105,-23,2
3923,-5298,7449,-27,-102,-13,2
3883,-5344,7506,-15,-111,19,2
3844,-5432,7482,-10,-127,43,2
3742,-5491,7501,-10,-134,52,2
3652,-5557,7549,-23,-144,43,2
3713,-5569,7437,-47,-161,25,2
3776,-5540,7275,-84,-167,3,2
3802,-5614,7198,-123,-165,-23,2
3866,-5627,7102,-155,-160,-51,2
3939,-5672,6967,-165,-160,-72,2
3979,-5723,6842,-157,-164,-84,2
4055,-5747,6680,-125,-164,-84,2
4039,-5839,6530,-85,-160,-91,2
3967,-5907,6362,-64,-155,-141,2
3812,-6064,6275,-60,-157,-255,2
3638,-6310,6199,-74,-207,-513,2
3521,-6403,5912,-99,-295,-894,2
3865,-6822,5346,-152,-372,-1585,2
6828,-5334,-1825,-358,-477,-5723,2
6828,-5334,-1825,-358,-477,-5723,2
6474,-5727,-5481,-427,-372,-6652,2
7143,-4162,-9618,-675,-51,-7349,2
7194,-2195,-12755,-1096,736,-7909,2
4825,-3207,-15573,-2005,2167,-8496,2
4850,4168,-15261,-2215,4406,-9576,2
253,4783,-15886,-5085,5135,-8021,2
-7334,-4148,-1643,-845,10794,-3514,2
-7334,-4148,-1643,-845,10794,-3514,2
-11584,-2474,7970,-226,12297,-1967,2
-14387,-1030,19072,548,12775,-219,2
-14482,-10569,32010,109,8872,1570,2
-12146,-12701,-31386,-937,6257,1380,2
-10650,-11755,-32194,-1322,3636,895,2
-10003,-8285,29176,-1037,1495,38,2
-9135,-5235,24274,-1116,56,-590,2
-7867,-3446,21098,-1316,-538,-814,2
-6605,-2650,19167,-1195,-612,-684,2
-5344,-2537,17796,-691,-431,-361,2
-4351,-2488,16682,-17,-146,56,2
-3595,-2171,15550,737,144,486,2
-2991,-1675,14427,1364,345,881,2
-2402,-1792,13388,1613,359,1201,2
-1502,-2816,11771,1174,-164,1160,2
-1928,-2166,11589,990,-380,1193,2
-2454,-1477,11474,732,-569,1348,2
-4941,-2308,13726,-437,-1144,3013,2
-6442,-2838,15204,-747,-1511,3913,2
-7427,-2703,17266,-595,-2121,4879,2
-8333,-1527,19986,142,-2900,5839,2
-9273,-2073,23635,1009,-3769,6739,2
-9531,-3340,26699,2205,-4930,7745,2
-10994,-3384,27584,2956,-6455,8335,2
-11825,-2449,24778,2110,-7907,8074,2
-8812,1060,18726,550,-8285,6965,2
-4556,5729,13609,-1597,-8106,5499,2
-169,7185,8171,-3708,-7754,3618,2
4211,6614,2219,-5242,-6918,2379,2
5304,5104,-310,-5836,-5975,2167,2
3707,-4430,-6872,-4224,-3801,3169,2
3111,-5905,-7534,-3007,-3279,2647,2
2850,-5621,-7624,-1850,-2833,2070,2
2796,-5010,-7568,-984,-2428,1756,2
3037,-4966,-7132,-356,-2033,1513,2
3451,-4868,-6474,63,-1675,1287,2
3817,-4713,-5736,306,-1332,1099,2
4687,-6501,4747,161,956,-102,2
4872,-6320,5893,477,971,-99,2
4795,-6086,7350,804,927,-91,2
4465,-5868,8819,1051,812,-110,2
4288,-5723,10065,1145,643,-156,2
4507,-5338,10738,1089,479,-190,2
4804,-5012,10853,884,347,-215,2
5157,-4874,10407,599,246,-235,2
5399,-4745,9703,317,182,-234,2
5382,-4704,8927,93,145,-194,2
5292,-4810,8120,-42,120,-139,2
5284,-4913,7288,-79,102,-76,2
5284,-4913,7288,-79,102,-76,2
4241,-5117,6960,147,89,74,2
4241,-5117,6960,147,89,74,2
4781,-4834,7279,94,85,-18,2
4781,-4834,7279,94,85,-18,2
4983,-4666,7227,88,81,19,2
5144,-4612,6957,71,89,95,2
4359,-5315,7136,33,144,91,2
4359,-5315,7136,33,144,91,2
4388,-5281,7292,118,147,69,2
4361,-5195,7424,214,120,63,2
4216,-4861,7570,242,69,92,2
4216,-4861,7570,242,69,92,2
4049,-4970,7701,154,72,86,2
3999,-5157,7711,53,66,28,2
4060,-5118,7472,-29,56,-60,2
4221,-5005,7225,-55,57,-103,2
4331,-4986,7207,-21,69,-102,2
4319,-4987,7370,42,63,-84,2
4374,-4874,7369,167,12,-20,2
4392,-4886,7363,169,19,3,2
4316,-4905,7470,143,35,13,2
4241,-4907,7624,104,46,13,2
4197,-4936,7699,52,42,0,2
4209,-4959,7668,-9,31,-29,2
4322,-4928,7468,-60,22,-54,2
4452,-4896,7247,-82,31,-53,2
4477,-4862,7194,21,75,15,2
4418,-4781,7246,62,84,41,2
4172,-4794,7436,83,80,72,2
3962,-4934,7689,72,61,77,2
3932,-4966,7794,43,44,51,2
4106,-4905,7660,0,31,20,2
4205,-4874,7509,-39,29,-3,2
4223,-4965,7419,-76,25,-31,2
4295,-4938,7223,-87,25,-50,2
4406,-4927,7071,-64,34,-43,2
4449,-4921,7067,-19,45,-24,2
4434,-4859,7149,38,60,0,2
4333,-4878,7355,93,73,29,2
4154,-4890,7665,134,72,46,2
3986,-4874,7984,123,50,44,2
4052,-4841,7986,63,12,33,2
4186,-4814,7755,-14,-3,18,2
4308,-4825,7498,-76,0,12,2
4381,-4847,7240,-96,6,12,2
4349,-4836,7030,-77,7,17,2
4333,-4856,6865,-34,5,37,2
4268,-4896,6866,11,12,52,2
4207,-4907,6987,38,27,52,2
3969,-4928,7577,39,73,33,2
3899,-4963,7848,26,53,1,2
4025,-4890,7893,12,28,-31,2
4449,-4656,7529,28,-5,1,2
4022,-5031,7557,-54,-9,44,2
4078,-5099,7464,-62,-19,23,2
4119,-5115,7437,-48,-23,-1,2
4103,-5037,7610,7,-46,-32,2
4120,-4972,7676,10,-54,-37,2
4233,-4898,7614,8,-63,-32,2
4298,-4830,7535,-3,-62,-17,2
4251,-4866,7529,-23,-59,3,2
4199,-4942,7433,-50,-55,12,2
4168,-5000,7318,-72,-47,9,2
4186,-5062,7161,-80,-44,-1,2
4204,-5029,7070,-67,-35,-10,2
4157,-5019,7138,-42,-30,-11,2
4144,-5044,7237,-24,-29,-12,2
4183,-4987,7301,-14,-33,-25,2
4194,-4959,7371,-12,-31,-36,2
4241,-4885,7399,-12,-31,-33,2
4286,-4838,7478,-12,-24,-23,2
4274,-4835,7519,-20,-25,-12,2
4188,-4885,7559,-36,-31,-5,2
4371,-4942,6945,-72,-58,-15,2
4409,-5027,6711,-63,-45,-13,2
4409,-5027,6711,-63,-45,-13,2
4389,-5132,6453,-51,-27,-26,2
4331,-5195,6216,-38,0,-47,2
4251,-5415,5967,-19,29,-82,2
4143,-6035,5614,-25,35,-267,2
4082,-6708,4801,-112,-33,-819,2
4218,-7544,3098,-223,-161,-1816,2
5937,-8549,1447,82,-85,-3293,2
7012,-7285,-790,276,-28,-4761,2
7284,-5181,-3951,297,36,-5780,2
7552,-4407,-6760,195,366,-6343,2
-4064,-1482,6772,500,9134,-4932,2
-4695,-1403,13000,276,9183,-3381,2
-6274,-578,18644,36,8332,-1764,2
-6634,-2031,21285,-58,6580,-432,2
-5396,-5127,21985,-430,4928,146,2
-4043,-8150,22068,-828,3865,-175,2
-3812,-6915,21652,-635,3130,-679,2
-4352,-3776,20967,-514,2383,-840,2
-4411,-2323,19864,-834,1495,-748,2
-3830,-2080,18423,-1237,788,-679,2
-3215,-1790,17157,-1229,532,-555,2
-3025,-1476,16118,-853,616,-316,2
-2780,-1479,15441,-409,816,-46,2
-2448,-2032,14946,-68,1006,197,2
-2135,-2826,14685,152,1162,279,2
-1986,-2905,14709,306,1267,289,2
-1859,-2892,14888,361,1240,317,2
-1704,-3052,15025,308,1056,353,2
-1500,-2968,14765,315,786,410,2
-1332,-2603,14121,369,500,476,2
-1316,-2092,13387,398,250,594,2
-1549,-1631,12662,375,55,799,2
-1828,-1626,12146,294,-69,1061,2
-6956,-695,20474,2164,-2999,3844,2
-7998,299,15409,-1960,-9121,5691,2
-4061,3100,11090,-3771,-8868,3858,2
-474,5684,6416,-4330,-8155,2581,2
3037,6812,1072,-4578,-7232,2366,2
5081,5615,-2498,-4908,-6333,2989,2
5122,2982,-3644,-5048,-5535,3926,2
4650,-572,-5092,-4662,-4699,4366,2
4429,-4261,-6114,-3830,-3966,3994,2
4097,-4431,-6464,-963,-2562,1885,2
4429,-4209,-6340,-417,-2231,1591,2
4860,-4295,-5950,-47,-1878,1352,2
5048,-4112,-5293,157,-1529,1132,2
4759,-3876,-4448,248,-1195,1075,2
4296,-4271,-3553,237,-879,1176,2
4030,-5154,-2802,127,-573,1266,2
4072,-5910,-2116,-26,-287,1249,2
4204,-6414,-1410,-190,5,1144,2
4127,-6897,-375,-308,294,998,2
4130,-7351,638,-345,507,811,2
4200,-7533,1686,-283,647,622,2
4215,-7764,2827,-105,724,463,2
4306,-7877,3871,156,737,340,2
4458,-7775,4793,433,713,239,2
4691,-7544,5589,673,687,172,2
5021,-7223,6258,856,670,126,2
5226,-6788,6888,965,659,111,2
4914,-6472,7652,992,621,128,2
4678,-6362,8150,938,531,153,2
4626,-6362,8251,840,425,170,2
4533,-6393,8115,696,321,128,2
4565,-6398,7787,534,234,38,2
4837,-6177,7217,401,189,-35,2
4941,-5937,6775,321,184,-49,2
4654,-5964,6818,277,186,-25,2
4575,-6092,6876,276,157,-6,2
4857,-5979,6553,303,102,-7,2
5109,-5778,6185,344,62,15,2
5147,-5723,6234,393,71,76,2
5162,-5685,6325,413,91,143,2
5237,-5564,6234,391,104,189,2
5350,-5391,6008,349,131,248,2
5188,-5272,5976,298,173,331,2
4701,-5420,6373,217,198,401,2
4355,-5758,6684,118,186,411,2
4295,-5978,6648,21,157,368,2
4322,-6086,6478,-38,142,316,2
4285,-6207,6427,-48,133,266,2
4268,-6286,6385,-26,109,230,2
4385,-6325,6232,16,80,201,2
4490,-6274,6031,58,71,159,2
4490,-6274,6031,58,71,159,2
4617,-6137,5812,94,86,141,2
4676,-6031,5628,127,115,152,2
4680,-5982,5528,164,153,170,2
4456,-5953,5704,216,195,184,2
3920,-6043,6308,274,217,176,2
3566,-6276,6889,305,175,121,2
3590,-6338,7161,320,104,17,2
3929,-6166,7186,314,46,-97,2
4324,-5877,7076,304,24,-174,2
4614,-5648,6975,291,28,-180,2
4713,-5524,6931,286,42,-134,2
4705,-5500,6902,280,53,-66,2
4553,-5539,6930,268,66,-5,2
4319,-5657,7099,244,77,28,2
4172,-5777,7219,225,68,34,2
4072,-5838,7289,209,36,15,2
4098,-5859,7252,188,-12,-15,2
4337,-5733,6945,156,-49,-48,2
4583,-5559,6653,117,-42,-56,2
4738,-5458,6493,76,-1,-32,2
4721,-5424,6512,53,49,8,2
4672,-5452,6492,42,80,58,2
4582,-5528,6413,42,95,109,2
4272,-5673,6542,50,104,149,2
3973,-5880,6794,53,92,143,2
3821,-6014,6883,46,52,99,2
3877,-6095,6792,29,9,35,2
4106,-6071,6678,26,3,-39,2
4292,-5873,6771,45,26,-101,2
4458,-5688,6915,72,38,-115,2
4570,-5445,6614,-46,-13,-68,2
4570,-5445,6614,-46,-13,-68,2
4492,-5488,6636,-35,10,-37,2
4380,-5523,6731,-17,22,-8,2
4249,-5692,7036,-85,-41,-15,2
4476,-5682,6160,-70,-12,-31,2
4476,-5682,6160,-70,-12,-31,2
4413,-5687,6097,-43,3,-10,2
4249,-5767,6125,-23,19,0,2
4131,-5846,6203,-24,31,-20,2
4163,-5834,6123,-32,36,-51,2
4268,-5769,6027,-34,48,-82,2
4353,-5668,6001,-24,62,-100,2
4380,-5627,5980,-5,71,-102,2
3966,-6517,1771,206,316,-892,2
3966,-6517,1771,206,316,-892,2
4367,-6771,-575,262,312,-1656,2
6068,-6513,-11031,985,1681,-5574,2
6068,-6513,-11031,985,1681,-5574,2
5977,-6609,-12177,1145,2543,-6264,2
4704,-6069,-12261,932,3472,-7500,2
561,-5780,-11316,237,4688,-8794,2
-2666,-3253,-7127,-1064,6608,-9976,2
-5029,1762,-1974,-2282,8628,-10820,2
-9684,656,3389,-2795,9384,-9490,2
-9506,-714,10591,-1739,10052,-7486,2
-10099,-1158,18110,-556,10343,-5248,2
-10008,-4115,24386,-1633,9195,-2871,2
-9987,-7480,28210,-2322,7076,-1217,2
-9985,-8644,29241,-1995,4689,-625,2
-6437,-4716,22533,-1214,411,-839,2
-1824,-3050,15939,893,390,525,2
-1824,-3050,15939,893,390,525,2
-1255,-2754,14749,1209,355,702,2
-572,-2783,13525,1345,246,751,2
14,-2960,12374,1249,91,706,2
367,-3146,11468,1110,-51,635,2
572,-3184,10878,1001,-148,574,2
646,-3153,10477,885,-237,518,2
648,-3022,10069,747,-345,460,2
639,-2808,9628,563,-444,411,2
515,-2505,9226,412,-478,427,2
398,-2427,8848,307,-442,458,2
302,-2528,8742,87,-377,435,2
165,-2445,8921,-194,-293,434,2
-144,-2270,9323,-304,-167,516,2
-529,-2360,10014,-381,-71,729,2
-968,-2783,10966,-534,-67,1101,2
-1601,-3322,12018,-661,-168,1589,2
-2387,-4291,12970,-662,-366,2172,2
-3223,-4714,14086,-484,-714,2823,2
-4467,-3574,15751,83,-1266,3567,2
-5962,-2357,18553,722,-2071,4371,2
-7260,-1993,22610,1198,-3048,5404,2
-7813,-2662,26013,2087,-4134,6666,2
-7376,-2261,25684,2703,-5382,7492,2
-7938,-434,21835,2294,-6320,7558,2
-6899,328,18246,511,-6608,7175,2
-4133,1353,16465,-1628,-6773,6386,2
-1709,1349,12415,-3074,-6859,4988,2
1626,580,5819,-4021,-6423,3281,2
4927,-1,3414,-4318,-5363,1295,2
3533,2247,3615,-4623,-5029,1213,2
4413,-4028,-2466,-2001,-2381,1439,2
4413,-4028,-2466,-2001,-2381,1439,2
4206,-3720,-2341,-1392,-2181,1220,2
4538,-3483,-2394,-913,-2016,1236,2
4683,-3672,-2164,-542,-1791,1356,2
4249,-4166,-1608,-298,-1554,1470,2
3626,-4636,-1052,-201,-1343,1533,2
3205,-5182,-621,-229,-1129,1532,2
3744,-7192,110,-639,-181,1042,2
3580,-8247,3592,327,249,524,2
3580,-8247,3592,327,249,524,2
3610,-8211,4486,491,304,396,2
3335,-7515,7283,686,325,-6,2
3335,-7515,7283,686,325,-6,2
3699,-7224,7371,625,291,-121,2
4223,-6745,6997,537,266,-208,2
4559,-6365,6671,470,256,-226,2
4431,-6311,6876,466,267,-200,2
4183,-6323,7157,506,245,-194,2
4241,-6160,7048,533,166,-209,2
4614,-5790,6532,539,96,-209,2
5002,-5423,5900,524,76,-167,2
5332,-5152,5272,495,112,-82,2
3498,-5912,7280,240,230,289,2
3498,-5912,7280,240,230,289,2
3687,-6100,7326,146,205,223,2
3881,-6083,7234,68,197,128,2
4137,-5971,7070,27,198,66,2
4308,-5859,7011,28,206,63,2
4357,-5849,7011,53,208,108,2
4227,-5918,7064,86,204,161,2
4109,-5982,7043,111,196,196,2
3956,-6029,7065,121,185,217,2
3680,-6168,7222,110,174,205,2
3595,-6257,7251,84,150,158,2
3614,-6244,7110,63,116,94,2
3723,-6188,6970,56,89,38,2
3883,-6128,6915,70,83,8,2
3976,-5998,6948,105,95,-4,2
4113,-5845,6911,148,102,17,2
4188,-5741,6768,195,102,74,2
3343,-5962,7118,232,43,214,2
3191,-6158,7127,189,-9,175,2
3252,-6282,6923,135,-39,103,2
3498,-6201,6638,86,-31,20,2
3755,-6056,6451,57,4,-34,2
3835,-5966,6536,55,58,-44,2
3838,-5907,6724,73,93,-26,2
3848,-5879,6804,107,109,13,2
3738,-5915,6902,141,116,50,2
3738,-5915,6902,141,116,50,2
3541,-5989,7039,170,99,69,2
3295,-6104,7241,202,64,66,2
3146,-6244,7486,224,21,28,2
3828,-5588,7053,31,52,55,2
3828,-5588,7053,31,52,55,2
3561,-5695,7125,30,42,68,2
3326,-5907,7373,9,15,46,2
3981,-5680,6948,-12,-12,-85,2
3981,-5680,6948,-12,-12,-85,2
3957,-5591,7160,22,5,-58,2
3943,-5603,7235,60,-2,-12,2
3969,-5619,7170,88,-17,26,2
3736,-5721,7030,39,0,44,2
3736,-5721,7030,39,0,44,2
3519,-5788,7297,28,10,41,2
3463,-5813,7439,0,-1,23,2
3610,-5791,7234,-33,-23,0,2
3700,-5710,7035,-58,-26,-13,2
3551,-5780,7167,-78,-18,-15,2
3492,-5877,7150,-99,-28,-23,2
3826,-5685,7194,6,-9,-17,2
3826,-5685,7194,6,-9,-17,2
3689,-5689,7474,31,-16,10,2
3360,-5772,7903,11,-38,9,2
3307,-5879,8010,-53,-81,-22,2
3527,-5875,7727,-124,-116,-74,2
3736,-5828,7492,-167,-131,-110,2
3786,-5792,7447,-174,-135,-112,2
3736,-5825,7462,-160,-159,-104,2
3791,-5792,7338,-141,-193,-97,2
3820,-5770,7243,-137,-217,-94,2
3841,-5765,7174,-152,-228,-92,2
3805,-5800,7127,-174,-230,-89,2
3589,-5891,7298,-212,-236,-99,2
3460,-5998,7403,-266,-264,-132,2
3650,-6018,7143,-321,-296,-179,2
3968,-5928,6624,-358,-317,-211,2
4150,-5855,6192,-369,-303,-217,2
4166,-5816,5911,-362,-273,-212,2
4115,-5777,5686,-349,-245,-204,2
4064,-5757,5446,-341,-223,-201,2
4005,-5818,5170,-345,-203,-216,2
3854,-5954,4907,-362,-183,-265,2
3835,-6265,4494,-389,-170,-394,2
3881,-6225,3939,-422,-140,-588,2
3881,-6359,3441,-440,-91,-775,2
3773,-6538,2656,-435,-71,-1057,2
3970,-6760,818,-439,-114,-1528,2
5001,-7052,-2788,-251,-102,-2463,2
6945,-6859,-6677,106,-4,-4023,2
7242,-5147,-9964,207,286,-5024,2
7363,-5012,-11781,226,818,-5684,2
6656,-5084,-12484,330,1533,-6106,2
5919,-3845,-13000,366,2473,-6634,2
4409,-3535,-13393,-506,3349,-7467,2
-706,-4416,-13087,-1799,4695,-7889,2
-526,591,-9305,-2783,6888,-9020,2
-5456,-598,-5478,-3654,8135,-8964,2
-8512,-4023,-1288,-3610,9374,-7567,2
-10103,-3986,3590,-1447,11400,-5774,2
-12565,-2581,11679,-279,12734,-4153,2
-14051,-4027,20658,-1368,12460,-2416,2
-15543,-6105,27541,-2017,11047,-612,2
-2004,-4928,14763,-465,-841,-58,2
-873,-5622,13799,16,-462,104,2
-450,-5347,13330,518,-98,246,2
-257,-4878,13040,986,148,388,2
-130,-4476,12725,1237,193,528,2
23,-4392,12302,1329,102,637,2
208,-4568,12015,1259,-60,692,2
283,-4831,11855,1020,-293,685,2
17,-4648,11679,779,-546,662,2
-258,-4337,11645,535,-754,721,2
-565,-4089,11873,260,-943,912,2
-1042,-3923,12208,43,-1159,1254,2
-1526,-3974,12490,-135,-1414,1791,2
-2199,-3700,12696,-348,-1797,2596,2
-2968,-3118,13064,-332,-2342,3629,2
-2968,-3118,13064,-332,-2342,3629,2
-3026,-2589,13609,404,-2914,4665,2
-3096,-2783,14536,1581,-3263,5632,2
-4704,-3354,15979,2678,-3310,6587,2
-6204,-3365,18164,3271,-3663,7754,2
-6798,-2658,19552,2961,-4685,9007,2
-7175,-2217,18329,1777,-5645,9623,2
-5101,-1313,15210,356,-5702,9325,2
-2019,-152,12919,-1242,-5373,8303,2
29,-1744,10079,-2825,-5129,6239,2
4854,-1290,5955,-4213,-4181,1635,2
4854,-1290,5955,-4213,-4181,1635,2
3623,313,4106,-4199,-4048,1356,2
3695,-1265,2062,-3572,-3564,1768,2
3929,-3796,1710,-2951,-3032,2221,2
4094,-4969,998,-2454,-2616,2188,2
3432,-5144,1132,-2012,-2268,1747,2
2875,-5126,1313,-1672,-2065,1294,2
2819,-5062,1073,-1368,-1921,986,2
2949,-4841,887,-1119,-1775,781,2
3190,-4672,764,-963,-1599,694,2
3239,-4915,893,-873,-1387,697,2
3135,-5306,1011,-797,-1188,710,2
2372,-7788,4087,-232,37,361,2
2372,-7788,4087,-232,37,361,2
2845,-7841,4200,-85,15,223,2
3128,-7623,4502,48,39,120,2
3283,-7439,4963,133,78,56,2
3563,-7237,5231,150,129,28,2
3755,-7037,5403,140,202,20,2
3014,-6314,7172,196,172,33,2
3014,-6314,7172,196,172,33,2
3207,-6346,7144,163,123,2,2
3508,-6251,6888,112,90,-28,2
3678,-6221,6626,70,75,-25,2
3639,-6283,6612,50,72,-5,2
3557,-6328,6592,58,64,21,2
3556,-6391,6504,77,53,50,2
3474,-6403,6438,160,80,101,2
3368,-6391,6486,174,98,111,2
3293,-6383,6466,158,109,108,2
2893,-6662,6841,99,106,56,2
3061,-6653,6846,111,85,25,2
3168,-6569,6844,143,70,10,2
3213,-6495,6885,162,62,13,2
3341,-6445,6784,165,59,27,2
3299,-6386,6760,153,73,42,2
3079,-6408,6897,120,92,43,2
3047,-6432,6848,77,85,35,2
3178,-6453,6633,54,66,31,2
3134,-6492,6610,85,32,30,2
3214,-6469,6626,100,11,24,2
3383,-6427,6531,112,10,15,2
3475,-6356,6527,134,25,22,2
3395,-6336,6712,156,36,37,2
3187,-6367,6949,167,26,40,2
3079,-6368,7126,169,-2,27,2
2893,-6401,7405,147,-41,-4,2
3038,-6422,7337,95,-87,-43,2
3353,-6357,7029,51,-110,-66,2
3512,-6272,6823,35,-109,-63,2
3432,-6268,6793,44,-110,-34,2
3363,-6295,6809,60,-123,-3,2
3433,-6287,6702,81,-136,15,2
3456,-6233,6652,110,-141,36,2
3298,-6207,6811,125,-142,61,2
3170,-6209,6913,115,-152,77,2
3441,-6554,6616,70,-182,161,2
3441,-6554,6616,70,-182,161,2
3429,-6502,6739,83,-166,163,2
3419,-6448,6846,91,-157,173,2
3253,-6454,7077,81,-141,176,2
3083,-6505,7326,53,-133,161,2
3009,-6523,7477,19,-141,133,2
2966,-6535,7605,-5,-160,96,2
2970,-6475,7640,-9,-194,64,2
3108,-6361,7484,-11,-233,38,2
3301,-6228,7179,-22,-259,26,2
3498,-6100,6852,-31,-264,21,2
3611,-5966,6555,-38,-247,24,2
3674,-5873,6384,-41,-221,35,2
3529,-5855,6408,-31,-200,45,2
3221,-5919,6671,-20,-193,43,2
3183,-5998,6936,-7,-204,11,2
3238,-5950,7134,8,-220,-33,2
3436,-5827,7173,22,-241,-62,2
3687,-5662,7015,37,-263,-58,2
3824,-5500,6861,66,-273,-34,2
3887,-5423,6735,107,-282,-11,2
3899,-5387,6533,144,-290,13,2
3988,-5421,6264,177,-295,34,2
4028,-5588,5918,185,-283,52,2
3889,-5928,5570,162,-267,-24,2
3852,-6398,5211,109,-278,-316,2
3923,-6822,4348,100,-273,-836,2
780,-1744,-9294,-3174,6210,-7458,2
-1075,-2734,-6282,-2250,7792,-6568,2
-2699,-3656,-3214,-886,8761,-5608,2
-4330,-3648,278,21,9698,-4513,2
-6775,-2844,5390,-68,10590,-3352,2
-9551,-1239,12875,-982,10748,-2095,2
-11892,-1112,20799,-1828,9747,-1088,2
-12178,-3342,26156,-2086,7851,-284,2
-11484,-6150,28092,-1856,5885,543,2
-10162,-7576,27639,-1196,4042,839,2
-9277,-6870,25844,-657,2676,460,2
-8873,-4954,23741,-500,1670,-126,2
-8329,-2953,22008,-543,959,-320,2
-7673,-1766,20310,-553,487,-167,2
-6506,-1814,18706,-506,169,75,2
-5097,-2505,17386,-329,14,324,2
-3954,-3100,16131,59,0,509,2
-2970,-3347,15037,465,29,563,2
-2373,-3162,14116,735,10,647,2
-2165,-2869,13312,991,-23,805,2
-2007,-2780,12768,1164,-54,960,2
-1877,-2762,12536,1164,-139,1107,2
-2044,-2466,12397,1122,-266,1281,2
-2305,-2270,12350,1027,-411,1476,2
-2662,-2187,12616,689,-629,1795,2
-2973,-1869,12911,295,-967,2301,2
-3300,-1692,13103,49,-1401,2779,2
-3463,-1425,13174,-121,-1926,3243,2
-3379,-861,13099,-15,-2476,3660,2
-3429,-1027,13036,294,-2898,3949,2
-3583,-1725,13251,627,-3139,4150,2
-3754,-1598,13840,1103,-3256,4449,2
-4897,757,16814,1450,-4121,6784,2
5250,-214,957,-4130,-3617,2521,2
6178,-2025,-513,-3942,-2910,2766,2
5602,-3824,-952,-3601,-2301,2673,2
4100,-5355,-688,-3135,-1918,2307,2
2752,-6003,-373,-2668,-1743,1853,2
2519,-6267,-556,-2279,-1645,1415,2
3227,-6353,-1453,-2003,-1496,1017,2
3919,-6318,-2106,-1741,-1263,721,2
4401,-6255,-2338,-1451,-1018,586,2
4952,-6154,-1865,-690,-602,592,2
4224,-6326,-842,-331,-445,729,2
4492,-6857,5435,409,445,88,2
4492,-6857,5435,409,445,88,2
4185,-6775,6180,544,412,115,2
3974,-6827,6779,678,332,120,2
4067,-6714,7134,775,220,84,2
4143,-6362,7254,793,109,44,2
4088,-6106,7277,727,39,4,2
4242,-5698,7063,186,123,-51,2
4242,-5698,7063,186,123,-51,2
4242,-5718,6477,263,184,211,2
4242,-5718,6477,263,184,211,2
3936,-5828,6753,257,188,216,2
3341,-6044,7433,242,184,200,2
3154,-6300,7878,200,132,147,2
3477,-6374,7802,139,55,68,2
3915,-6286,7482,80,9,2,2
4182,-6148,7218,62,-14,-17,2
4333,-6092,6987,75,-28,16,2
4423,-6089,6744,100,-27,67,2
4398,-6050,6545,117,-12,110,2
4189,-6038,6554,112,12,142,2
3647,-6268,6684,-14,24,29,2
3926,-6179,6494,-26,29,-25,2
4137,-6043,6385,7,39,-46,2
4146,-5784,6726,180,28,25,2
4112,-5803,6750,214,15,52,2
3955,-5773,6800,227,6,68,2
3738,-5806,6936,210,0,67,2
3699,-5867,6985,167,-6,42,2
3800,-5834,6932,103,2,3,2
3978,-5761,6829,44,22,-38,2
4175,-5710,6701,20,37,-47,2
3923,-5821,6974,47,-56,-15,2
3994,-5795,6835,4,-41,-29,2
4043,-5812,6687,-22,-26,-28,2
4108,-5808,6602,-20,-9,-18,2
4130,-5782,6590,10,4,-2,2
4148,-5769,6596,54,11,22,2
4132,-5742,6708,99,22,50,2
3914,-5701,6987,133,39,69,2
3731,-5695,7218,133,31,76,2
3603,-5742,7397,94,2,56,2
3554,-5803,7439,26,-28,17,2
3699,-5826,7251,-36,-46,-13,2
3881,-5825,6990,-71,-47,-30,2
4002,-5845,6822,-70,-43,-24,2
3945,-5867,6833,9,-27,17,2
3781,-5827,6955,37,-30,27,2
3693,-5876,7033,28,-36,23,2
3684,-5942,7036,-5,-39,-1,2
3800,-5934,6863,-45,-35,-36,2
3972,-5900,6640,-67,-21,-58,2
4104,-5845,6499,-57,-2,-54,2
4146,-5773,6480,-20,20,-30,2
4156,-5715,6502,22,36,1,2
4017,-5707,6708,60,58,32,2
3769,-5764,7049,80,70,43,2
3567,-5815,7328,72,50,25,2
3520,-5840,7439,39,9,-19,2
3658,-5836,7435,0,-23,-66,2
3864,-5771,7363,-34,-36,-98,2
4063,-5684,7266,-53,-42,-103,2
4157,-5640,7206,-59,-44,-80,2
4170,-5645,7109,-52,-45,-46,2
4178,-5644,6994,-39,-44,-10,2
4115,-5666,6920,-29,-43,19,2
3839,-5740,7096,-31,-37,35,2
3612,-5861,7263,-59,-50,20,2
3663,-5938,7095,-101,-73,-19,2
3827,-5913,6863,-134,-78,-64,2
3937,-5904,6737,-143,-72,-82,2
4033,-5897,6665,-133,-66,-75,2
3987,-5909,6648,-114,-62,-64,2
3936,-5923,6581,-96,-66,-58,2
3975,-5927,6426,-79,-74,-60,2
3976,-5897,6263,-59,-72,-66,2
3924,-5892,6183,-42,-67,-70,2
3936,-5881,6018,-38,-65,-86,2
4055,-5819,5715,-41,-56,-109,2
4142,-5780,5391,-27,-36,-124,2
4168,-5759,5065,2,-6,-144,2
4168,-5759,5065,2,-6,-144,2
4156,-5812,4780,25,29,-214,2
4225,-5972,4365,22,48,-369,2
6732,-8844,-2979,287,-92,-3255,2
6732,-8844,-2979,287,-92,-3255,2
6860,-7205,-5259,427,14,-4571,2
6861,-5769,-7917,379,252,-5372,2
6082,-5142,-10024,593,793,-5957,2
5026,-5045,-10325,772,1508,-6552,2
4541,-4508,-10575,308,2477,-7283,2
1213,-5573,-11400,-820,4255,-8618,2
1452,-35,-8877,-2136,7065,-10785,2
-3938,1721,-7054,-3970,8090,-10075,2
-5508,-1540,-4064,-4321,8592,-8971,2
-6253,-2446,-16,-2504,9667,-7391,2
-8904,-1209,5470,-369,10687,-5463,2
-10911,-1352,12421,-55,11242,-3674,2
-12518,-4338,20642,-1521,10541,-1736,2
-13223,-8201,27869,-1888,8630,-174,2
-11802,-10461,31584,-1463,6233,529,2
-9912,-12591,32011,-1879,3855,423,2
-8172,-10939,29319,-1695,1667,-160,2
-7097,-7794,24732,-1434,118,-787,2
-5893,-5757,20854,-1477,-608,-1112,2
-4568,-4404,18361,-1078,-634,-895,2
-3349,-4183,16793,-498,-379,-389,2
-891,-4461,13987,1043,258,453,2
-526,-4146,13033,1468,323,608,2
-235,-3972,12131,1614,272,679,2
13,-4215,11454,1473,133,601,2
237,-4595,11235,1122,-55,433,2
284,-4661,11208,787,-240,294,2
126,-4263,11072,645,-416,209,2
-110,-3853,10931,558,-582,181,2
-319,-3623,10975,373,-736,238,2
-605,-3623,11290,168,-892,395,2
-964,-3800,11615,16,-1055,684,2
-1333,-3860,11815,-31,-1186,1159,2
-1806,-3841,12019,-136,-1356,1849,2
-2340,-3172,12528,-249,-1723,2795,2
-2431,-1756,13405,1191,-2885,4596,2
-2657,-2436,13775,2088,-3244,5185,2
-3793,-2211,15006,2764,-3221,5863,2
-5361,-1720,17188,3119,-3314,7155,2
-6413,-1953,19191,2840,-4129,8422,2
-6499,-2009,18767,1815,-5196,9207,2
-5091,-873,15773,539,-5419,9205,2
-3281,-270,14824,-1032,-5299,8235,2
2715,-529,6366,-4673,-4676,1773,2
4351,-159,5050,-4735,-4259,473,2
4485,859,2235,-4523,-3888,627,2
5699,-870,492,-4051,-3196,1181,2
6334,-3017,95,-3419,-2486,1441,2
5767,-4288,608,-2748,-2028,1208,2
5213,-4387,1133,-2064,-1880,858,2
4987,-3779,1083,-1575,-1845,638,2
4891,-3715,629,-1258,-1756,602,2
5196,-4006,134,-974,-1579,684,2
5499,-4160,-40,-764,-1353,786,2
5412,-4387,62,-635,-1126,882,2
4825,-4701,532,-562,-926,948,2
3620,-6069,1631,-684,-468,844,2
4060,-6277,1337,-758,-312,734,2
4113,-7120,2170,-283,180,634,2
3610,-7447,3023,-18,200,615,2
3359,-7686,3785,229,186,542,2
3459,-7643,4306,407,187,437,2
3493,-7459,5661,507,253,168,2
3749,-7260,6228,500,313,33,2
3823,-6969,6739,490,346,-70,2
3845,-6729,7227,494,327,-123,2
3957,-6545,7582,519,273,-135,2
4227,-6296,7577,551,202,-126,2
4525,-5956,7308,573,147,-84,2
4069,-5664,7422,556,113,-30,2
3494,-5691,7698,455,66,-9,2
3676,-5816,7409,311,40,-2,2
4122,-5759,6824,153,71,-40,2
4509,-5583,6269,37,124,-70,2
4705,-5440,5800,-9,169,-49,2
4380,-5458,5839,10,191,17,2
3490,-6267,7367,214,137,133,2
3642,-6284,7255,155,117,91,2
3818,-6213,7021,85,121,46,2
4031,-6141,6702,26,133,22,2
4279,-6092,6398,1,161,35,2
4279,-6092,6398,1,161,35,2
4308,-6069,6347,26,202,72,2
3909,-6123,6730,79,221,100,2
3433,-6243,7332,129,186,87,2
3454,-6287,7474,157,116,40,2
3763,-6193,7209,168,53,4,2
3844,-6083,7060,173,24,-9,2
3687,-6021,7191,142,14,-31,2
3823,-5988,7203,79,11,-66,2
4116,-5875,7055,11,27,-94,2
4279,-5773,6899,-25,54,-88,2
4355,-5755,6781,-20,70,-44,2
4230,-5759,6800,14,70,8,2
4031,-5755,6891,53,57,54,2
3988,-5801,6858,75,37,80,2
3912,-5782,6846,80,27,86,2
3713,-5809,6980,65,21,75,2
3666,-5873,7076,38,10,54,2
3747,-5876,7065,5,1,28,2
3893,-5833,6963,-22,-2,13,2
4016,-5834,6895,-28,1,21,2
4057,-5834,6866,-13,9,38,2
4060,-5788,6872,9,9,70,2
3882,-6097,6453,-97,-23,1,2
3882,-6097,6453,-97,-23,1,2
3893,-6008,6555,-41,-6,10,2
3842,-5916,6702,19,-9,31,2
3678,-5958,6714,-58,10,1,2
3678,-5958,6714,-58,10,1,2
3802,-5956,6699,-27,10,13,2
3802,-5929,6802,15,13,23,2
3671,-5918,7006,51,6,31,2
3694,-5947,7099,62,-7,32,2
3724,-5919,7053,55,-16,27,2
3618,-5929,7108,28,-18,22,2
3645,-5967,7011,-26,-19,12,2
3714,-5994,6802,-77,-15,0,2
3737,-6032,6614,-106,0,-7,2
3714,-6057,6574,-99,13,-5,2
3736,-6062,6547,-70,14,0,2
3782,-6015,6526,-28,13,12,2
3712,-5962,6598,14,12,28,2
3659,-5978,6748,44,12,42,2
3671,-5962,6784,55,9,38,2
3624,-5923,6858,55,11,32,2
3567,-5921,7015,39,16,23,2
3560,-5905,7126,11,17,9,2
3560,-5917,7128,-20,8,-3,2
3610,-5950,7055,-45,-2,-11,2
3730,-5931,6946,-50,-6,-8,2
3796,-5940,6835,-38,-8,4,2
3800,-5992,6785,-16,-10,17,2
3690,-5972,6824,27,-4,35,2
3690,-5972,6824,27,-4,35,2
3445,-6006,7087,22,-4,29,2
3312,-6108,7332,-17,-21,-1,2
3453,-6141,7294,-65,-41,-46,2
3695,-6086,7059,-91,-52,-77,2
3849,-6052,6890,-83,-52,-72,2
3882,-6034,6824,-55,-52,-50,2
3895,-6028,6719,-25,-52,-21,2
3908,-6004,6559,1,-48,1,2
3917,-5985,6410,21,-37,18,2
3822,-5936,6352,31,-17,31,2
4292,-5962,3270,46,-29,-223,2
4733,-6456,920,153,-136,-455,2
-5525,-2815,-8673,-1968,7385,-11437,2
-7989,1932,-3975,-3820,9290,-12300,2
-7989,1932,-3975,-3820,9290,-12300,2
-11820,270,981,-4016,10030,-10559,2
-12395,-812,8144,-2507,11381,-7681,2
-15259,-3330,20881,-1992,11243,-695,2
-15259,-3330,20881,-1992,11243,-695,2
-15686,-9233,26721,-2389,9536,495,2
-13672,-12814,30507,-2061,7329,439,2
-11846,-14251,32552,-2010,5168,200,2
-10895,-11649,31235,-1016,2971,98,2
-10167,-6761,27124,107,1051,-129,2
-8616,-4236,22460,-102,-304,-374,2
-6652,-3130,18852,-339,-908,-311,2
-4761,-3037,16455,-172,-957,70,2
-3119,-3861,15129,103,-719,417,2
-1862,-4455,14207,359,-509,537,2
-1023,-4454,13320,632,-417,611,2
-407,-4313,12301,997,-371,664,2
-32,-4115,11309,1250,-330,651,2
150,-3895,10586,1266,-297,589,2
185,-3889,10337,1100,-275,459,2
142,-3925,10490,854,-278,312,2
-46,-3730,10777,657,-341,255,2
-341,-3539,10944,541,-452,268,2
-598,-3302,11108,387,-578,338,2
-833,-2942,11339,182,-724,507,2
-1169,-2486,11539,18,-897,796,2
-1464,-2219,11593,-160,-1116,1167,2
-1606,-2226,11493,-369,-1357,1536,2
-1649,-2387,11333,-569,-1560,1886,2
-1951,-3028,11329,-776,-1723,2299,2
-2379,-4167,11731,-931,-1941,2788,2
-3025,-3776,12969,-730,-2334,3498,2
-3743,-3221,14946,-13,-3020,4395,2
-5017,-4206,17390,1210,-3869,5173,2
-5545,-5047,19922,2841,-4416,6030,2
-5639,-4236,20894,3735,-4565,6797,2
-6674,-2370,20401,2947,-5395,7054,2
-5564,-737,17691,1163,-6106,6804,2
-4762,700,15826,-705,-6179,6159,2
-3652,982,15578,-2246,-6154,4986,2
-2383,-45,13042,-3282,-6235,3631,2
454,-299,7105,-4079,-6046,2097,2
4346,-889,6198,-4229,-5214,14,2
3675,2263,5359,-4430,-5045,-180,2
4849,2657,672,-4386,-4648,833,2
6265,-83,-695,-3798,-3751,1646,2
6627,-2439,-1501,-3217,-3038,2069,2
5613,-3877,-1306,-2519,-2537,1941,2
4179,-4653,-816,-1956,-2317,1497,2
4069,-4383,-1336,-1514,-2238,1073,2
4522,-3727,-1927,-1098,-2079,895,2
4757,-3750,-2090,-743,-1840,873,2
4908,-4158,-2014,-498,-1577,882,2
4952,-4193,-1691,-287,-1310,901,2
5147,-4267,-1374,-141,-1079,943,2
5105,-4440,-1125,-134,-862,1031,2
4424,-5002,-531,-190,-642,1119,2
3849,-5700,101,-263,-434,1121,2
3610,-6332,629,-348,-231,1020,2
3660,-6861,986,-409,-49,850,2
3849,-7237,1376,-405,98,648,2
4078,-7478,1905,-315,209,445,2
4435,-7509,2458,-122,268,271,2
4747,-7320,3208,141,291,159,2
4878,-7118,4138,384,307,113,2
4368,-6379,7386,700,197,17,2
4992,-5657,6894,305,80,-90,2
5226,-5547,6653,223,85,-77,2
5334,-5442,6374,170,90,-39,2
5330,-5389,5818,175,84,164,2
5150,-5399,5797,186,83,241,2
4549,-5577,6146,158,82,274,2
4296,-5842,6322,90,62,257,2
4427,-6032,6183,6,51,213,2
4670,-6111,5850,-45,70,173,2
4877,-6119,5682,-41,110,169,2
4964,-6107,5705,10,140,193,2
4951,-6077,5785,82,159,234,2
4753,-6122,5996,186,179,300,2
4652,-6087,6148,209,196,307,2
4383,-6083,6379,201,201,295,2
4089,-6155,6592,161,179,253,2
3929,-6261,6735,94,148,183,2
3973,-6357,6755,22,120,94,2
4216,-6356,6630,-12,97,14,2
4629,-5984,6672,190,53,23,2
4267,-5954,6609,67,-43,17,2
4462,-5964,6378,-15,-28,-15,2
4462,-5964,6378,-15,-28,-15,2
4683,-5900,6148,-58,5,-33,2
4767,-5812,6182,-41,38,-18,2
4676,-5783,6316,13,43,26,2
4592,-5816,6378,61,23,75,2
4482,-5843,6458,84,14,108,2
4149,-5962,6730,69,14,109,2
4045,-6069,6840,16,-7,72,2
4274,-6088,6579,-36,-25,35,2
4479,-6057,6249,-56,-20,21,2
4557,-6023,6080,-45,3,21,2
4562,-5986,6051,-14,21,38,2
4284,-6007,6440,91,62,101,2
4284,-6007,6440,91,62,101,2
4021,-6112,6846,75,56,75,2
4100,-6071,6860,38,26,27,2
4291,-6025,6644,0,4,-5,2
4364,-6018,6593,-22,2,-22,2
4338,-6010,6604,-32,-3,-38,2
4600,-5773,6253,68,5,25,2
4600,-5773,6253,68,5,25,2
4508,-5771,6286,84,21,50,2
4224,-5830,6572,70,33,53,2
4075,-5873,6769,24,24,28,2
4166,-5933,6693,-27,7,-2,2
4310,-5972,6500,-60,-2,-27,2
4443,-5948,6316,-59,-4,-36,2
4467,-5864,6440,88,26,43,2
4467,-5864,6440,88,26,43,2
4406,-5909,6505,99,25,57,2
4296,-5954,6617,0,-20,-23,2
4464,-5839,6228,41,37,29,2
4464,-5839,6228,41,37,29,2
4407,-5845,6322,61,46,42,2
4292,-5864,6487,66,49,44,2
4182,-5893,6665,55,41,33,2
4207,-5874,6726,32,26,12,2
4326,-5839,6622,7,18,-5,2
4460,-5820,6529,-4,23,-4,2
4446,-5955,6363,12,6,24,2
4446,-5955,6363,12,6,24,2
4435,-5953,6332,15,13,28,2
4370,-5960,6319,12,21,27,2
4295,-5976,6366,0,27,21,2
4217,-6015,6460,-10,28,7,2
4150,-6051,6537,-15,23,-13,2
4227,-6052,6512,-15,12,-33,2
4292,-6002,6557,-1,11,-45,2
4307,-5947,6733,11,10,-48,2
4340,-5933,6817,17,-2,-41,2
4417,-5901,6768,19,-15,-31,2
4484,-5880,6720,18,-18,-18,2
4409,-5887,6699,4,-13,-4,2
4355,-5930,6676,-22,-12,-3,2
4368,-5984,6572,-47,-14,-13,2
4330,-6010,6554,-59,-14,-27,2
4437,-5997,6605,-14,-34,-19,2
4392,-6002,6681,-15,-34,-16,2
4443,-6000,6617,-23,-38,-13,2
4486,-5972,6500,-27,-37,-13,2
4467,-5911,6459,-30,-29,-5,2
4215,-6007,6587,-25,-34,-3,2
4216,-5988,6646,-23,-50,-14,2
4266,-6007,6609,-31,-62,-24,2
4334,-5985,6556,-35,-61,-32,2
4340,-5921,6568,-36,-62,-37,2
4404,-5885,6493,-43,-72,-39,2
4491,-5876,6323,-53,-74,-35,2
4397,-5905,6240,-66,-68,-30,2
4274,-5972,6168,-88,-74,-33,2
4267,-6032,5947,-110,-85,-52,2
4412,-6023,5570,-117,-82,-72,2
4514,-5953,5225,-101,-58,-80,2
4513,-5897,5007,-68,-27,-77,2
4364,-5899,4951,-33,3,-72,2
4234,-5897,4875,-12,21,-82,2
4227,-5861,4654,-5,41,-108,2
4359,-5778,4236,5,74,-138,2
4304,-5731,3709,33,107,-164,2
3956,-5946,2682,43,73,-256,2
3842,-6905,166,43,-124,-581,2
4374,-8558,-4497,-31,-450,-1533,2
6452,-10205,-10562,339,-384,-3612,2
6452,-10205,-10562,339,-384,-3612,2
8850,-9784,-14126,1133,254,-6554,2
8363,-5730,-15957,1379,952,-8562,2
6793,-3810,-16127,1825,2025,-9640,2
4917,-452,-15405,2187,3361,-9689,2
465,762,-14952,744,4500,-9923,2
-11011,-4435,6985,-2774,11504,-6649,2
-11011,-4435,6985,-2774,11504,-6649,2
-11309,-4628,12016,-1055,12796,-3077,2
-13058,-7043,18003,-1968,12298,-510,2
-14800,-7897,25836,-3335,10969,267,2
-15591,-8403,-31620,-4543,8556,-52,2
-12810,-12413,-28070,-4732,5391,-487,2
-9820,-14778,-30034,-3627,2401,-548,2
-7810,-11793,29542,-2195,-19,-1109,2
-6362,-7862,23887,-1602,-1218,-1603,2
-5190,-4804,19906,-1007,-1381,-1363,2
-4174,-3219,17193,-110,-1082,-635,2
-2904,-3478,15549,494,-692,93,2
-1836,-4106,14583,774,-364,549,2
-1143,-4537,14097,960,-145,758,2
-690,-4432,13807,1241,-20,831,2
-633,-3883,13465,1453,-41,936,2
-751,-3417,13017,1494,-208,1125,2
-882,-3289,12585,1348,-461,1301,2
-1085,-3268,12366,906,-813,1478,2
-1492,-3464,12387,365,-1216,1710,2
-1746,-4106,12678,-179,-1629,1964,2
-2181,-4312,13072,-549,-2027,2311,2
-2825,-4711,13528,-732,-2466,2712,2
-3551,-5854,14245,-800,-3149,3297,2
-4254,-4880,15411,-423,-4059,4220,2
-5039,-3505,16996,781,-4974,5351,2
-6476,-4157,19481,2201,-5683,6546,2
-7134,-4980,21303,3542,-6287,8055,2
-7500,-4719,19795,3693,-7075,9087,2
-6561,-3452,14138,2201,-7478,9102,2
-3823,-1369,9803,-34,-6974,8449,2
-1680,-884,9754,-1769,-6238,6995,2
1465,-2399,6626,-2928,-5673,4666,2
5152,-2020,4555,-3722,-5141,2210,2
3092,627,3300,-4122,-4868,1332,2
3460,468,404,-4297,-4099,1677,2
4976,-1924,-820,-4056,-3343,2485,2
3876,-5778,-390,-1452,-1825,1567,2
3876,-5778,-390,-1452,-1825,1567,2
4077,-5664,-954,-1160,-1790,1264,2
4617,-5257,-1514,-796,-1686,1116,2
4339,-5205,-1249,-531,-1508,1111,2
3399,-5680,-514,-412,-1326,1120,2
2885,-6128,-56,-340,-1164,1069,2
3041,-6381,-149,-351,-986,958,2
3320,-6703,-362,-422,-769,798,2
3341,-7000,-197,-484,-541,613,2
3512,-7178,-1,-502,-354,431,2
3725,-7192,221,-471,-208,286,2
3920,-7204,579,-390,-88,186,2
4063,-7276,962,-247,-2,140,2
4375,-7356,1290,-43,62,121,2
4367,-7320,2128,194,128,108,2
4180,-7272,3241,402,159,75,2
4223,-7181,4162,548,154,34,2
4302,-7024,4807,625,157,1,2
4066,-6929,5633,617,178,-40,2
4042,-6908,6320,541,208,-110,2
4325,-6749,6597,432,246,-194,2
4570,-6452,6586,299,275,-246,2
4300,-6340,6804,186,261,-236,2
4211,-6533,6818,148,198,-204,2
4495,-6599,6448,187,120,-178,2
4808,-6435,5887,239,51,-152,2
5033,-6276,5288,299,25,-106,2
5068,-6087,5138,370,49,-39,2
4350,-5979,5915,407,83,27,2
3879,-6058,6510,374,71,47,2
4110,-6114,6414,278,61,40,2
4546,-6088,5929,141,96,37,2
4861,-6075,5413,33,164,63,2
4994,-6190,5195,2,242,127,2
4604,-6299,5460,54,300,195,2
3967,-6432,5971,121,288,227,2
3612,-6615,6417,164,229,223,2
3524,-6817,6645,157,177,189,2
3786,-6920,6529,116,147,120,2
4100,-6840,6280,88,136,45,2
4303,-6730,6136,99,144,14,2
4442,-6665,6113,139,150,30,2
4255,-6501,6116,224,150,109,2
4234,-6420,6111,232,144,132,2
4431,-6140,6227,93,55,33,2
4351,-6177,6116,101,59,78,2
4351,-6177,6116,101,59,78,2
3589,-6410,6250,99,82,86,2
4002,-6413,6136,22,18,60,2
4002,-6413,6136,22,18,60,2
4025,-6432,6086,34,29,49,2
3996,-6335,6152,53,41,42,2
3893,-6295,6287,66,43,41,2
3906,-6311,6387,73,38,35,2
3949,-6278,6384,83,35,30,2
3958,-6232,6368,87,28,34,2
3869,-6336,6492,75,10,38,2
3869,-6336,6492,75,10,38,2
3848,-6330,6577,69,7,30,2
3911,-6294,6547,58,3,29,2
3923,-6284,6476,42,3,33,2
3830,-6323,6529,26,12,35,2
3776,-6350,6596,20,17,23,2
3859,-6306,6522,18,11,12,2
4016,-6238,6104,46,7,58,2
4016,-6238,6104,46,7,58,2
3642,-6325,6413,49,26,66,2
3371,-6468,6860,25,21,34,2
3554,-6466,6739,-17,-6,-26,2
3889,-6369,6322,-49,-25,-70,2
4156,-6296,5996,-38,-11,-73,2
4185,-6253,6061,5,18,-44,2
3919,-6270,6541,53,43,-13,2
3798,-6289,6800,74,32,-2,2
3946,-6261,6636,69,7,-4,2
4103,-6202,6373,68,3,2,2
4134,-6125,6221,72,18,28,2
3865,-6171,6335,66,34,55,2
3739,-6342,6500,45,34,57,2
3736,-6363,6579,29,31,26,2
3855,-6283,6502,19,28,2,2
4018,-6221,6356,26,28,9,2
4024,-6201,6317,43,38,35,2
3792,-6286,6580,55,50,56,2
3670,-6341,6818,45,51,47,2
3717,-6290,6823,34,44,24,2
3768,-6244,6750,26,39,18,2
3618,-6269,6883,18,24,22,2
3620,-6314,6863,3,-3,9,2
3760,-6301,6562,-14,-29,-14,2
3887,-6247,6258,-18,-28,-27,2
3884,-6217,6239,-4,-12,-27,2
3784,-6207,6417,-1,-1,-31,2
3808,-6207,6417,-11,-2,-34,2
3864,-6198,6428,-18,7,-35,2
3822,-6188,6615,-14,19,-33,2
3793,-6178,6703,-13,6,-27,2
3848,-6205,6618,-14,-11,-17,2
3782,-6258,6640,-14,-19,-10,2
3694,-6361,6707,-29,-21,-19,2
3711,-6401,6651,-51,-30,-47,2
3829,-6386,6469,-62,-39,-71,2
3952,-6385,6269,-50,-39,-76,2
4069,-6329,6162,-25,-31,-67,2
4101,-6277,6164,9,-15,-46,2
4046,-6232,6349,38,-2,-23,2
3955,-6192,6541,50,2,-3,2
3870,-6185,6654,36,-4,5,2
3800,-6300,6621,-35,-18,-16,2
3924,-6247,6598,26,-30,2,2
3956,-6250,6506,11,-35,2,2
3934,-6253,6470,-11,-20,-6,2
3919,-6263,6427,-31,-11,-12,2
3944,-6268,6319,-41,-11,-16,2
3926,-6276,6296,-34,-9,-15,2
3901,-6269,6414,-19,-5,-13,2
3838,-6249,6553,-10,-10,-14,2
3762,-6319,6654,-13,-4,-7,2
3926,-6357,6512,-30,-24,-16,2
3933,-6299,6250,-29,-44,18,2
8305,-3138,-11374,1875,1410,-7898,2
6610,-2009,-10829,1692,2423,-9267,2
1197,-4678,-10722,-107,3764,-10706,2
-623,-1125,-8504,-2668,5983,-11980,2
-7155,-548,-2762,-4658,8847,-9738,2
-7422,-688,1558,-2909,10438,-7176,2
-7682,-2233,6008,-1800,10789,-4119,2
-7789,-5011,8778,-1538,10380,-1587,2
-9488,-8202,11442,-1954,10039,-808,2
-9686,-8942,16090,-3137,9182,-1122,2
-9435,-10188,21311,-4241,7794,-803,2
-8415,-11703,26114,-3558,6630,-116,2
-7794,-11212,28373,-1866,5384,176,2
-7987,-9613,27385,-770,3641,-29,2
-7905,-7782,24313,-220,1997,-312,2
-7617,-6271,21013,175,1015,-297,2
-7126,-5103,18659,487,605,-125,2
-6585,-4034,17135,576,439,29,2
-5943,-3563,16239,428,286,215,2
-5102,-3810,15830,366,189,384,2
-4379,-4108,15670,490,124,579,2
-3627,-4289,15459,753,43,762,2
-3111,-3991,14983,974,-134,904,2
-2883,-3608,14534,1038,-413,1087,2
-2917,-3411,14171,1017,-727,1381,2
-3165,-3545,14134,916,-1054,1817,2
-3711,-4002,14465,712,-1409,2458,2
5859,-1752,3314,-4536,-5405,906,2
3187,2376,2581,-5280,-5145,865,2
5460,-4683,-987,-3066,-1981,2192,2
4252,-4805,-187,-2321,-1892,1631,2
3913,-4292,70,-1958,-1807,1067,2
4327,-3814,-289,-1874,-1612,695,2
4786,-3608,-620,-1784,-1332,570,2
5007,-3663,-871,-1697,-1039,617,2
5335,-4067,-1325,-1690,-784,713,2
5458,-4413,-1628,-1649,-549,784,2
4921,-4805,-1446,-1553,-341,833,2
4130,-5330,-1041,-1360,-207,890,2
3618,-6098,-654,-1100,-131,954,2
3269,-6908,-216,-816,-82,941,2
3345,-7397,99,-508,-35,835,2
3834,-7331,6490,953,326,447,2
2887,-7755,7763,918,239,425,2
2821,-8062,8278,820,119,278,2
4612,-7009,6873,457,44,-103,2
4913,-6730,6653,447,56,-79,2
5129,-6531,6250,427,54,-28,2
5129,-6531,6250,427,54,-28,2
5089,-6197,5876,423,52,64,2
4500,-6103,6125,434,58,176,2
4178,-6231,6245,419,21,257,2
4279,-6336,5894,367,-15,299,2
4509,-6290,5347,296,-5,306,2
4632,-6209,5032,243,55,312,2
4418,-6225,5176,215,127,338,2
3896,-6318,5675,190,168,343,2
3527,-6457,6009,149,168,320,2
4008,-6742,5891,68,198,169,2
4047,-6680,5958,116,209,148,2
3891,-6702,6191,176,205,144,2
3845,-6687,6247,216,172,128,2
3879,-6642,6155,236,138,94,2
3902,-6575,6021,241,124,63,2
3962,-6524,5891,236,124,38,2
3984,-6494,5863,234,134,21,2
4030,-6299,6539,41,6,101,2
4004,-6332,6544,56,3,119,2
4063,-6336,6417,63,0,132,2
4018,-6330,6319,68,9,142,2
3845,-6368,6393,65,17,142,2
3786,-6385,6389,56,13,121,2
3885,-6337,6268,43,14,89,2
3976,-6272,6192,42,28,69,2
3816,-6265,6614,6,-64,20,2
4003,-6207,6384,-38,-37,-5,2
4053,-6158,6324,-47,-6,0,2
3978,-6162,6378,-23,6,30,2
3908,-6205,6453,20,1,62,2
3894,-6184,6454,61,-5,81,2
3787,-6167,6566,80,-9,91,2
3644,-6207,6690,71,-12,86,2
3659,-6225,6660,44,-19,64,2
3802,-6216,6504,15,-19,41,2
3778,-6232,6586,5,-5,28,2
3652,-6272,6845,-2,1,18,2
3681,-6282,6869,-15,-14,7,2
3804,-6269,6676,-27,-30,4,2
3881,-6283,6575,-21,-26,12,2
3784,-6292,6676,-9,-13,19,2
3790,-6251,6693,-1,-18,26,2
3897,-6219,6519,4,-29,36,2
4028,-6197,6300,16,-25,55,2
4022,-6138,6202,37,-10,83,2
3706,-6195,6399,52,2,105,2
3407,-6336,6727,43,1,94,2
3402,-6366,6820,11,-15,52,2
3628,-6336,6639,-22,-29,8,2
3787,-6295,6482,-33,-29,-8,2
3820,-6264,6459,-27,-26,-4,2
3773,-6265,6463,-23,-21,4,2
3785,-6290,6408,-23,-18,3,2
3877,-6275,6304,-19,-10,4,2
3949,-6238,6239,-2,3,12,2
3906,-6189,6332,21,19,28,2
3820,-6201,6446,39,25,44,2
3636,-6227,6647,28,10,6,2
3636,-6227,6647,28,10,6,2
3766,-6214,6638,5,11,-9,2
3852,-6176,6623,-3,18,-11,2
3871,-6144,6636,7,22,5,2
3890,-6180,6609,25,17,32,2
3828,-6205,6609,41,16,51,2
3612,-6231,6723,36,12,53,2
3929,-6263,6227,-36,-7,-28,2
3799,-6202,6583,32,36,59,2
3711,-6213,6664,35,41,62,2
3711,-6213,6664,35,41,62,2
3567,-6258,6810,33,31,59,2
3529,-6304,6877,22,6,44,2
3567,-6332,6827,10,-13,21,2
3634,-6302,6771,0,-23,0,2
3714,-6272,6702,-9,-25,-6,2
3799,-6249,6632,-15,-14,-2,2
3733,-6256,6912,-12,-50,15,2
3838,-6264,5990,-159,-127,-106,2
3973,-6250,5032,-190,-42,-177,2
3973,-6250,5032,-190,-42,-177,2
4034,-6307,5123,-175,19,-173,2
4052,-6356,5432,-107,86,-160,2
4134,-6276,5704,-5,114,-131,2
4227,-6148,5852,103,107,-71,2
4218,-6062,5976,183,111,-1,2
4151,-6059,6081,208,127,46,2
3715,-6640,5639,179,192,-65,2
3715,-6640,5639,179,192,-65,2
3701,-7042,5048,169,151,-376,2
3938,-7583,4018,104,112,-919,2
4413,-7479,2212,47,110,-1749,2
7427,-5378,-502,1095,400,-3583,2
7427,-5378,-502,1095,400,-3583,2
7211,-4181,-2315,1313,539,-3875,2
6555,-4862,-3638,1537,708,-4242,2
5925,-5606,-4758,1643,915,-4903,2
5169,-5803,-4860,1666,1303,-5814,2
4928,-4970,-4563,1318,1858,-6993,2
3623,-5126,-5636,388,2484,-8339,2
638,-2458,-5985,-1310,4580,-9337,2
-538,2530,-4835,-3106,6323,-10242,2
-2274,948,-5225,-4284,6521,-9591,2
-1911,-887,-4725,-3526,7462,-7785,2
-3979,-1707,-2393,-1247,9039,-5934,2
-6184,-3527,749,-218,10113,-4240,2
-8138,-5752,3908,-1001,10625,-2409,2
-11776,-8305,8555,-2380,10926,-1210,2
-14735,-8832,15743,-3325,10690,-821,2
-14961,-8728,25324,-4192,9632,-594,2
-13775,-10726,-30687,-4161,7930,-39,2
-12419,-12543,-26422,-2745,5349,487,2
-10758,-13361,-30360,-818,2196,615,2
-8976,-11417,26046,952,-218,143,2
-7301,-8180,19306,1192,-1150,-334,2
-6620,-5291,16282,634,-1179,-421,2
-5792,-3219,15067,446,-934,-253,2
-4175,-3040,14523,483,-774,34,2
-2624,-4053,13951,551,-770,353,2
-1431,-4868,13224,861,-759,520,2
-871,-4830,12398,1270,-715,616,2
-794,-4340,11583,1450,-712,664,2
-833,-3782,11067,1281,-807,645,2
-827,-3458,11040,966,-958,660,2
-987,-3368,11189,744,-1130,809,2
-1395,-3386,11344,627,-1330,1044,2
-1834,-3278,11612,441,-1550,1379,2
-2537,-3027,12051,206,-1779,1863,2
-3251,-3064,12723,-74,-2042,2544,2
-3921,-3410,13502,-177,-2385,3343,2
-4831,-4429,14520,-62,-2978,4151,2
-5983,-5055,16181,354,-3928,4979,2
-7363,-5146,18944,1210,-5177,5973,2
-8184,-5379,21991,2328,-6564,7123,2
-8036,-5347,23340,3387,-7812,8185,2
-9103,-3122,21534,3584,-8768,8912,2
-8687,106,14673,2041,-9091,8985,2
-5843,2632,8935,-551,-8372,8432,2
-3176,1343,7029,-2720,-7132,6900,2
6150,2157,-3525,-6000,-4526,1111,2
8215,-646,-4321,-5105,-3282,1711,2
7869,-3093,-4363,-4400,-2434,2015,2
6003,-4668,-3027,-3413,-1977,1809,2
6003,-4668,-3027,-3413,-1977,1809,2
4519,-4968,-2270,-2379,-1931,1430,2
4328,-4404,-2582,-1634,-1986,1171,2
4510,-4091,-2952,-1072,-1908,1010,2
4570,-4006,-3093,-673,-1698,996,2
4471,-4327,-2785,-392,-1424,1026,2
4342,-4656,-2490,-287,-1173,1037,2
4258,-5136,-2090,-292,-934,991,2
4255,-5619,-1534,-309,-691,899,2
4261,-5935,-956,-296,-468,801,2
4301,-6294,-422,-288,-279,735,2
4399,-6595,-26,-253,-115,687,2
4358,-6858,445,-186,16,639,2
4399,-7243,896,-92,115,575,2
4648,-7515,1337,58,199,503,2
4689,-7562,2038,228,276,410,2
4576,-7532,2978,381,332,314,2
4406,-7504,4024,506,368,237,2
4277,-7561,4946,587,368,168,2
4556,-6134,5856,104,118,90,2
4556,-6134,5856,104,118,90,2
4841,-6257,5663,88,60,102,2
5188,-6301,5346,62,58,109,2
5303,-6352,5296,56,105,133,2
5215,-6367,5415,76,151,172,2
5153,-6354,5457,108,167,223,2
5130,-6348,5415,129,164,272,2
4871,-6308,5468,147,168,311,2
4362,-6407,5809,138,165,317,2
4259,-6609,5838,98,141,278,2
4380,-6696,5692,56,135,214,2
4435,-6766,5694,49,145,148,2
4555,-6712,5743,87,144,96,2
4726,-6614,5792,150,127,66,2
4813,-6502,5867,209,113,62,2
4794,-6395,5930,256,101,79,2
4719,-6272,5946,276,83,95,2
4690,-6269,6195,23,-5,-10,2
4690,-6269,6195,23,-5,-10,2
4753,-6221,6012,6,0,-1,2
4750,-6223,5909,5,1,22,2
4687,-6257,5870,19,6,43,2
4568,-6286,5894,29,9,59,2
4495,-6335,5934,32,3,61,2
4465,-6393,5930,33,-6,52,2
4486,-6414,5867,31,-14,36,2
4549,-6397,5734,36,-15,22,2
4602,-6360,5601,47,-10,10,2
4573,-6341,5631,73,-1,4,2
4592,-6217,6010,149,-6,-19,2
4647,-6162,6058,151,-2,-21,2
4684,-6134,6097,150,2,-14,2
4738,-6071,6110,151,9,-7,2
4740,-6025,6146,141,14,5,2
4637,-6038,6259,118,18,18,2
4620,-6058,6301,82,21,20,2
4659,-6087,6235,47,28,17,2
4635,-6116,6276,31,38,20,2
4592,-6141,6337,28,34,26,2
4618,-6183,6234,28,14,30,2
4632,-6213,6170,40,2,35,2
4510,-6205,6322,58,1,37,2
4628,-6107,6143,33,-52,17,2
4656,-6082,6045,19,-37,30,2
4501,-6113,6050,-4,-17,41,2
4494,-6177,5910,-33,-10,39,2
4594,-6226,5772,-34,4,34,2
4503,-6202,5933,-12,26,34,2
4410,-6216,6143,5,18,35,2
4497,-6233,6117,15,-3,36,2
4559,-6244,6100,27,-6,31,2
4551,-6259,6259,44,5,29,2
4557,-6209,6384,58,3,28,2
4632,-6156,6323,64,-8,34,2
4579,-6207,5825,-51,-31,-3,2
4579,-6207,5825,-51,-31,-3,2
4558,-6365,5840,5,-44,-13,2
4558,-6365,5840,5,-44,-13,2
4670,-6257,5814,13,-17,-30,2
4611,-6161,6013,25,6,-25,2
4577,-6134,6050,30,6,-7,2
4661,-6118,5947,36,3,10,2
4641,-6091,6014,47,15,23,2
4649,-6142,6080,-29,1,14,2
4649,-6142,6080,-29,1,14,2
4622,-6150,6002,-24,4,31,2
4581,-6185,5874,-19,9,47,2
4462,-6225,5917,-12,16,50,2
4368,-6269,6021,-5,17,43,2
4356,-6293,6117,-5,8,31,2
4358,-6328,6120,-10,-2,19,2
4428,-6344,6079,-15,-5,8,2
4476,-6326,6110,-24,2,0,2
4444,-6287,6124,-28,8,-4,2
4391,-6283,6106,-34,6,-6,2
4409,-6305,6018,-41,0,-15,2
4492,-6301,5907,-41,-4,-29,2
4602,-6259,5856,-30,6,-35,2
4678,-6186,5837,-11,17,-21,2
4682,-6153,5825,4,27,0,2
4626,-6196,5924,20,36,21,2
4454,-6251,5941,-18,-4,-13,2
4454,-6251,5941,-18,-4,-13,2
4492,-6251,5912,-17,0,-27,2
4488,-6229,6058,0,7,-29,2
4460,-6191,6221,19,4,-27,2
4503,-6161,6300,33,-5,-21,2
4552,-6107,6322,37,-11,-17,2
4565,-6081,6286,26,-12,-9,2
4619,-6081,6154,6,-9,1,2
4567,-6083,6064,-11,0,13,2
4464,-6149,6009,-25,4,15,2
4398,-6195,5953,-35,3,5,2
4405,-6220,5880,-35,0,-8,2
4437,-6214,5862,-21,-2,-16,2
4471,-6188,5925,7,-1,-19,2
4491,-6124,6034,36,-2,-14,2
4504,-6089,6074,49,-11,-1,2
4569,-6089,5931,52,-12,9,2
4611,-6077,5731,55,3,19,2
4612,-6033,5579,63,25,29,2
4647,-5868,5350,77,45,28,2
4660,-5751,4902,90,70,-20,2
4720,-6141,3539,132,68,-237,2
4786,-6921,1278,258,4,-658,2
4713,-8600,-701,377,-78,-1389,2
6917,-10119,-3458,291,5,-3202,2
7659,-8267,-4370,647,274,-4954,2
7303,-5248,-5857,1057,646,-5471,2
7474,-3610,-6687,1190,1089,-5572,2
7795,-2716,-7637,838,1685,-6011,2
7704,-2874,-8882,-25,2253,-7222,2
4521,-4531,-10242,-1612,2938,-8866,2
3809,-2163,-10890,-3586,4308,-11095,2
-917,239,-12183,-4907,5739,-12319,2
-5376,1027,-11407,-5597,7394,-11053,2
-7601,1926,-7252,-4747,9094,-9121,2
-8523,-1587,-1696,-3255,10107,-6160,2
-9392,-8942,4543,-1911,11399,-2622,2
-12741,-11573,12210,-2156,12467,-1116,2
-12865,-13369,24482,-5203,10673,-174,2
-10996,-19269,-28285,-5503,8561,1149,2
-9168,-19583,-26310,-2961,6263,1764,2
-7844,-18663,-26948,-1359,2678,1074,2
-3304,-7260,17714,-596,-1777,-829,2
-2170,-5577,15517,-347,-1372,-523,2
-816,-5334,14077,-316,-1124,-145,2
398,-5585,13333,-46,-888,270,2
985,-5436,12942,453,-688,626,2
1000,-4774,12127,936,-646,810,2
1200,-4236,10898,1295,-681,887,2
1502,-4170,9966,1426,-698,963,2
1658,-4019,9489,1444,-669,1009,2
1495,-3663,9320,1261,-747,985,2
1298,-3104,9283,956,-918,981,2
906,-2288,9087,752,-1089,1143,2
472,-1599,8773,586,-1232,1459,2
111,-1262,8626,365,-1343,1910,2
111,-1262,8626,365,-1343,1910,2
-357,-1428,9002,79,-1445,2544,2
-805,-2564,9941,-235,-1573,3338,2
-1148,-3870,11023,-136,-1732,4047,2
-1582,-5372,12125,131,-2030,4673,2
-2232,-6427,13538,449,-2504,5255,2
-2731,-6586,15269,1019,-3069,5857,2
-3292,-5947,17405,1764,-3626,6304,2
-4915,-5152,20090,2254,-4371,6960,2
-6671,-5715,22487,2507,-5376,7442,2
-7609,-5420,22185,2052,-6520,7382,2
-7340,-3585,18239,777,-7372,6852,2
-4103,-1030,13227,-625,-7223,5887,2
-1592,-800,8488,-1604,-6536,4121,2
5849,-3664,6693,-1964,-5654,361,2
6645,1747,-2601,-4670,-4779,596,2
6645,1747,-2601,-4670,-4779,596,2
8354,-583,-3861,-4054,-3532,1557,2
7875,-3769,-4401,-3714,-2567,1977,2
5741,-5673,-3268,-3171,-1948,1797,2
4224,-6328,-2449,-2513,-1741,1301,2
4198,-6023,-2644,-1929,-1711,812,2
4958,-5418,-3219,-1461,-1627,480,2
5545,-5045,-3567,-1084,-1448,390,2
5810,-5041,-3444,-746,-1226,444,2
5765,-5005,-3252,-520,-1025,580,2
5448,-5016,-2922,-373,-828,745,2
4953,-5273,-2383,-284,-616,924,2
4458,-5820,-1813,-224,-388,1084,2
3867,-6519,-997,-190,-181,1158,2
3468,-7492,-288,-176,-32,1085,2
3600,-7744,55,-128,85,933,2
4711,-7877,3602,648,535,250,2
4711,-7877,3602,648,535,250,2
4762,-7794,4394,819,544,208,2
4670,-7574,5110,964,512,174,2
4251,-7377,5995,1043,451,131,2
4053,-7334,6799,1028,374,53,2
4180,-7203,7152,945,310,-42,2
4389,-6924,7063,797,253,-138,2
5243,-6417,5725,389,117,-237,2
5243,-6417,5725,389,117,-237,2
5431,-6231,5338,411,101,-189,2
5480,-6069,5053,445,94,-112,2
5353,-6006,5004,476,103,-23,2
4435,-6640,6143,160,167,345,2
4668,-6749,5516,57,83,123,2
4618,-6658,5591,104,99,140,2
4324,-6281,6160,199,37,82,2
4516,-6203,6027,172,35,93,2
4579,-6141,5944,146,52,120,2
4465,-6180,5952,126,67,159,2
4343,-6306,6026,111,68,191,2
4213,-6390,6113,109,61,206,2
4127,-6458,6159,110,42,211,2
4085,-6545,6143,103,15,205,2
4113,-6616,5899,48,19,128,2
4173,-6638,5887,38,45,110,2
3755,-6547,6538,127,21,64,2
3677,-6648,6584,74,-15,25,2
3894,-6640,6330,14,-38,-27,2
4162,-6545,6130,-22,-26,-60,2
4279,-6463,6058,-28,-2,-61,2
4279,-6463,6058,-28,-2,-61,2
4298,-6411,6080,-9,11,-35,2
4257,-6383,6111,25,14,0,2
3958,-6529,6124,23,-27,12,2
3958,-6529,6124,23,-27,12,2
4126,-6505,5906,1,-22,-19,2
4245,-6441,5822,-6,5,-31,2
4314,-6396,5869,-4,34,-20,2
4351,-6360,5888,8,59,2,2
4314,-6326,5899,32,81,32,2
4175,-6356,6021,56,96,63,2
4172,-6440,6234,22,47,-17,2
4172,-6440,6234,22,47,-17,2
4223,-6435,6247,36,43,2,2
4191,-6416,6251,44,45,15,2
4076,-6431,6295,49,41,23,2
3978,-6464,6314,43,29,16,2
3986,-6451,6275,25,13,-3,2
4082,-6413,6185,5,4,-28,2
4229,-6362,6051,-5,5,-37,2
4290,-6323,5974,-7,17,-21,2
4179,-6368,6033,-5,28,5,2
4101,-6437,6095,-6,34,20,2
4090,-6464,6123,-4,41,19,2
4043,-6466,6177,4,43,15,2
4031,-6477,6182,14,34,18,2
4132,-6410,6112,42,30,11,2
4121,-6326,6100,18,10,30,2
3912,-6433,6287,8,21,36,2
3772,-6544,6404,-19,15,21,2
3907,-6597,6198,-45,-9,-16,2
4125,-6547,5867,-48,-18,-45,2
4245,-6470,5669,-14,-5,-42,2
4187,-6442,5824,25,14,-21,2
4076,-6447,6183,47,31,-9,2
4008,-6446,6292,-5,-7,-39,2
4083,-6416,6287,7,-8,-37,2
4119,-6359,6304,25,-10,-28,2
4166,-6314,6250,37,-15,-12,2
4203,-6294,6150,44,-10,6,2
3846,-6477,6302,3,-9,6,2
3915,-6458,6232,-10,-12,-21,2
3972,-6435,6258,-9,-6,-34,2
4012,-6407,6331,2,-4,-35,2
4071,-6374,6369,16,-12,-25,2
4082,-6411,6393,30,-17,-5,2
4029,-6434,6486,33,-19,0,2
3974,-6434,6529,23,-27,-4,2
3946,-6456,6489,4,-38,-19,2
3988,-6466,6381,-13,-48,-36,2
4054,-6444,6290,-29,-49,-49,2
4170,-6405,6140,-42,-42,-56,2
4193,-6256,5199,17,-29,-99,2
4168,-6154,4892,71,1,-66,2
4024,-6050,4361,131,9,-36,2
3848,-6191,3241,169,-36,-29,2
3288,-7386,1227,184,-139,-230,2
3068,-9466,-2009,184,-377,-1053,2
2972,-11110,-7163,183,-616,-2881,2
6936,-12580,-9966,1157,-273,-5833,2
8321,-9347,-11409,1776,350,-8141,2
8588,-5861,-12927,1779,1193,-9539,2
8588,-5861,-12927,1779,1193,-9539,2
7811,-2103,-12810,1424,2234,-10360,2
5663,1377,-13184,349,3289,-10692,2
-1646,462,-11873,-1728,5231,-11058,2
-8970,-3198,-955,-3862,10480,-8971,2
-14326,-8815,32685,-3942,8797,-792,2
-14326,-8815,32685,-3942,8797,-792,2
-11650,-12186,-27350,-3629,5747,-238,2
-9909,-13314,-29172,-1746,2887,213,2
-8882,-10452,28550,462,712,89,2
-7806,-7336,21561,1108,-392,-216,2
-7015,-4454,17856,604,-820,-231,2
-6108,-2752,16018,200,-897,-55,2
-4640,-2751,15092,15,-812,169,2
-3197,-3553,14837,-83,-729,393,2
-2250,-4045,14930,7,-694,581,2
-1704,-3990,14952,240,-773,780,2
-1693,-3624,14844,472,-981,1098,2
-1889,-3647,15129,559,-1289,1630,2
-2209,-4427,15786,540,-1719,2492,2
-3363,-5091,16471,749,-2250,3602,2
-5126,-6366,17302,877,-3035,5010,2
-6911,-6290,18556,1299,-4330,6435,2
-7853,-5147,20487,2128,-5986,7546,2
-7762,-5314,22968,2901,-7218,8185,2
-8755,-4334,24408,2963,-7901,8856,2
-9590,-2163,21435,1945,-8799,9386,2
-7818,1059,13922,-206,-8921,8916,2
-4510,2426,7472,-2527,-7874,7516,2
5275,-1116,3842,-2845,-5496,4103,2
5415,714,8225,-3882,-5325,1481,2
4120,3547,1664,-6378,-6334,2423,2
6135,922,-3410,-5898,-5124,2305,2
6410,-1109,-1637,-4448,-3656,2752,2
6599,-3213,-1903,-3509,-2947,3197,2
5692,-4823,-1661,-2767,-2494,3050,2
4070,-5440,-366,-2029,-2280,2513,2
3232,-5644,-119,-1482,-2254,1939,2
3284,-5431,-645,-1183,-2244,1481,2
3690,-5019,-1166,-831,-2185,1088,2
3975,-4832,-1456,-596,-2051,880,2
4000,-4828,-1583,-507,-1859,845,2
4024,-5083,-1741,-462,-1635,874,2
3966,-5397,-1903,-487,-1386,917,2
3571,-5941,-1755,-565,-1111,915,2
3239,-6494,-1586,-624,-844,822,2
3201,-6871,-1465,-639,-585,671,2
3572,-7127,-1437,-606,-352,536,2
4623,-7063,4325,860,342,110,2
4447,-7048,5298,859,387,100,2
4224,-7102,6196,821,400,62,2
3810,-7180,7078,744,372,-9,2
3844,-7276,7500,631,294,-109,2
4379,-7186,7245,523,213,-199,2
4901,-6917,6748,450,172,-258,2
5170,-6654,6319,420,153,-262,2
5358,-6457,5953,420,127,-221,2
5452,-6270,5591,438,107,-159,2
4597,-6731,5789,62,199,102,2
4763,-6676,5613,91,192,88,2
4829,-6610,5531,141,201,100,2
4807,-6587,5664,199,222,120,2
4767,-6543,5880,255,229,133,2
4781,-6434,5912,306,216,147,2
4698,-6293,5952,353,194,172,2
4302,-6275,6267,370,167,191,2
4130,-6373,6420,350,123,174,2
4216,-6383,6326,310,93,133,2
4315,-6340,6280,262,92,85,2
4429,-6286,6312,228,103,51,2
4522,-6214,6374,210,113,35,2
4595,-6124,6403,207,117,43,2
4608,-6033,6393,210,117,76,2
4462,-6016,6496,208,117,117,2
4254,-6085,6621,189,104,145,2
4173,-6149,6539,160,71,149,2
4143,-6199,6410,127,43,141,2
4036,-6307,6470,92,33,117,2
4054,-6368,6533,56,35,77,2
4210,-6324,6492,20,36,36,2
4394,-6247,6357,7,37,26,2
4468,-6202,6311,20,38,52,2
4484,-6238,6306,44,37,100,2
4484,-6238,6306,44,37,100,2
4429,-6282,6243,63,37,145,2
3833,-6524,6199,7,58,174,2
3833,-6524,6199,7,58,174,2
3802,-6596,6222,-13,53,133,2
4151,-6462,6196,47,48,55,2
4151,-6399,6240,80,38,66,2
4100,-6362,6268,88,25,70,2
4168,-6366,6147,72,13,63,2
4324,-6316,5923,54,18,56,2
4359,-6268,5820,54,42,60,2
4266,-6306,5953,70,71,80,2
4087,-6329,6197,85,79,90,2
3911,-6372,6411,86,58,80,2
3853,-6410,6538,74,28,56,2
3948,-6425,6522,61,2,26,2
4047,-6355,6433,101,-35,43,2
4046,-6312,6363,96,-36,37,2
4018,-6275,6348,82,-30,27,2
4064,-6257,6324,65,-20,23,2
4110,-6202,6288,52,-6,23,2
4131,-6152,6331,43,6,33,2
4021,-6172,6502,31,16,44,2
3926,-6222,6652,7,13,46,2
3968,-6280,6566,-25,2,35,2
4127,-6318,6340,-44,-1,28,2
4126,-6346,6301,-35,9,34,2
4012,-6396,6444,-17,10,42,2
4030,-6423,6381,-6,-5,42,2
4137,-6393,6198,-2,-11,39,2
4140,-6365,6219,2,2,43,2
4084,-6313,6264,2,12,51,2
3970,-6319,6300,-7,11,61,2
4076,-6271,6431,-7,-4,9,2
4060,-6300,6403,-5,-20,29,2
4121,-6313,6216,-14,-26,34,2
4183,-6268,6045,-15,-12,31,2
4106,-6227,6052,-7,5,41,2
3944,-6259,6160,-4,9,50,2
3876,-6310,6180,-11,2,42,2
3976,-6322,6098,-22,0,23,2
3994,-6311,6174,-29,8,8,2
4006,-6337,6272,-24,7,9,2
4006,-6342,6295,-12,1,18,2
4025,-6387,6313,1,-3,21,2
4041,-6386,6328,10,-1,22,2
4154,-6329,6165,0,1,29,2
4119,-6340,6053,1,15,43,2
4093,-6341,5997,13,32,57,2
3979,-6331,6063,25,47,67,2
3638,-6396,6402,20,51,61,2
3560,-6487,6532,-10,25,25,2
3751,-6484,6294,-43,-5,-26,2
3969,-6474,6094,-46,-10,-55,2
4112,-6442,6141,-18,2,-55,2
4175,-6374,6219,19,8,-37,2
4185,-6326,6329,48,12,-9,2
4151,-6310,6409,61,20,20,2
4093,-6331,6453,50,27,39,2
3991,-6392,6438,25,29,41,2
3901,-6417,6434,-3,30,27,2
3899,-6444,6361,-27,23,3,2
4006,-6422,6251,-36,18,-11,2
4004,-6296,6495,10,-12,17,2
4004,-6296,6495,10,-12,17,2
4031,-6304,6415,-5,-11,22,2
4028,-6329,6340,-17,-5,23,2
3961,-6377,6322,-26,-6,29,2
3932,-6442,6239,-29,-13,25,2
4004,-6441,6103,-26,-20,12,2
4069,-6390,5976,-10,-18,5,2
4004,-6379,6094,8,-10,6,2
3925,-6380,6272,15,-4,4,2
3936,-6361,6344,10,-9,-2,2
3996,-6343,6398,4,-10,-5,2
3987,-6325,6518,3,-6,0,2
3998,-6334,6539,-4,-10,11,2
4016,-6378,6411,-11,-20,20,2
3991,-6398,6328,-17,-20,24,2
4009,-6426,6240,-19,-13,26,2
4066,-6423,6112,-13,-9,27,2
4047,-6390,6001,0,-6,31,2
3985,-6378,6027,14,0,39,2
3889,-6398,6174,21,7,42,2
3861,-6403,6171,17,4,34,2
3861,-6403,6171,17,4,34,2
3817,-6413,6179,9,0,24,2
3687,-6493,6434,-5,-2,4,2
3709,-6531,6522,-25,-17,-25,2
3908,-6486,6335,-37,-31,-53,2
4112,-6419,6154,-22,-33,-53,2
4083,-6270,6227,21,6,20,2
4083,-6270,6227,21,6,20,2
4002,-6283,6277,12,20,28,2
3861,-6371,6439,2,20,35,2
3876,-6428,6359,-13,6,25,2
3938,-6445,6213,-25,0,9,2
3929,-6435,6180,-21,3,2,2
3900,-6419,6288,-7,7,4,2
3915,-6428,6320,0,1,7,2
3976,-6435,6258,9,-4,10,2
3932,-6408,6366,20,0,11,2
3853,-6402,6543,24,-4,4,2
3872,-6397,6543,8,-19,0,2
3900,-6423,6381,-14,-29,-7,2
3931,-6447,6250,-32,-27,-18,2
3951,-6442,6179,-39,-19,-24,2
3972,-6432,6105,-35,-16,-22,2
4037,-6440,6004,-19,-16,-17,2
4063,-6416,5964,2,-7,-10,2
4037,-6361,6020,20,6,-2,2
4000,-6342,6098,26,14,3,2
3984,-6346,6161,23,20,8,2
3842,-6395,6347,15,27,4,2
3781,-6426,6448,2,18,-11,2
3954,-6390,6549,0,-10,-54,2
3954,-6390,6549,0,-10,-54,2
4029,-6352,6568,3,-23,-50,2
4088,-6320,6511,7,-30,-35,2
4048,-6294,6502,4,-35,-18,2
3980,-6353,6458,-7,-43,-10,2
3994,-6396,6310,-23,-46,-12,2
4025,-6407,6183,-35,-42,-17,2
4033,-6392,6071,-39,-35,-20,2
4075,-6374,5895,-39,-22,-12,2
4082,-6401,5789,-29,-3,-4,2
4071,-6390,5824,-11,21,1,2
4053,-6375,5916,9,38,7,2
3925,-6393,6124,31,41,10,2
3792,-6409,6404,42,33,4,2
3798,-6413,6507,31,12,-14,2
3891,-6415,6471,11,-6,-38,2
4046,-6363,6396,0,-9,-51,2
4170,-6263,6168,31,7,6,2
4170,-6263,6168,31,7,6,2
4144,-6258,6131,31,18,22,2
4088,-6278,6111,31,27,35,2
3896,-6310,6226,28,33,39,2
3802,-6385,6310,13,21,25,2
3839,-6459,6271,-1,6,0,2
3884,-6432,6287,-3,-11,19,2
3884,-6432,6287,-3,-11,19,2
3902,-6496,6180,-21,-12,-4,2
3999,-6452,6044,-25,-6,-24,2
4029,-6419,6025,-15,-1,-26,2
4014,-6441,6129,4,7,-17,2
4002,-6379,6282,23,13,-9,2
3991,-6360,6368,31,13,-1,2
3980,-6374,6438,31,12,5,2
3925,-6363,6516,23,10,4,2
3926,-6352,6488,5,6,-6,2
3930,-6374,6474,-7,0,-12,2
3936,-6427,6465,-14,-6,-14,2
3980,-6401,6402,-16,-15,-19,2
4071,-6366,6262,-12,-21,-19,2
4090,-6332,6220,-3,-13,-10,2
4021,-6329,6304,-4,-5,-1,2
4071,-6346,6223,-13,-4,2,2
4144,-6357,6079,-14,3,4,2
4030,-6347,6197,-4,19,10,2
3943,-6371,6361,0,17,10,2
3943,-6395,6334,-7,4,3,2
3958,-6423,6299,-18,0,-10,2
4004,-6411,6353,-17,3,-22,2
4037,-6372,6377,-8,-1,-25,2
4036,-6344,6419,1,-11,-14,2
3996,-6342,6476,4,-18,-3,2
3933,-6375,6504,-8,-25,-3,2
3855,-6385,6530,-30,-30,-15,2
3857,-6384,6498,-48,-44,-29,2
3882,-6391,6403,-54,-63,-42,2
3943,-6399,6219,-56,-83,-50,2
4071,-6396,5934,-50,-94,-50,2
4097,-6305,5587,-42,-85,-49,2
3895,-6374,2086,-60,-165,-99,2
4306,-8033,-2597,-28,-355,-448,2
4306,-8033,-2597,-28,-355,-448,2
4879,-10223,-8196,155,-586,-1515,2
5370,-12419,-14931,808,-245,-3657,2
9398,-14314,-17709,2054,923,-6831,2
9241,-10422,-19386,2299,2309,-8776,2
7836,-4703,-17178,2527,3615,-10017,2
5618,-192,-14761,2175,4407,-11159,2
-71,1634,-12107,920,5686,-12057,2
-7143,2111,-6402,-2249,7588,-12773,2
-12660,1971,721,-4133,9056,-12930,2
-14635,-1477,6873,-4403,10583,-10407,2
-12676,-3217,11431,-3539,11906,-6503,2
-12945,-5035,17564,-2682,11814,-2598,2
-13313,-9044,24499,-1966,10558,-237,2
-12344,-13027,29459,-1616,8189,191,2
-9290,-13801,31787,-2156,5265,-296,2
-1102,-3507,14755,1259,-438,1890,2
-1102,-3507,14755,1259,-438,1890,2
-1097,-3241,14223,1448,-684,2516,2
-1389,-3430,13750,1469,-1000,3319,2
-2043,-4418,13745,1422,-1259,4376,2
-3348,-4846,14499,1467,-1441,5766,2
-5185,-4460,16141,1820,-1800,7272,2
-6797,-3330,18494,2454,-2412,8715,2
-7441,-1820,20892,2831,-3192,9836,2
-8794,-1240,23023,2362,-4229,10411,2
-9666,-2029,24361,820,-5822,10290,2
-8990,-2745,21373,-1402,-7310,9525,2
-7881,-1515,16571,-3412,-7593,8117,2
4386,1361,6018,-6237,-5307,-1479,2
3296,-6504,-1327,-406,-584,759,2
3296,-6504,-1327,-406,-584,759,2
3105,-7089,-1046,-374,-401,717,2
3241,-7599,-924,-300,-219,591,2
3745,-7897,-952,-180,-50,418,2
4271,-7874,-683,-17,111,249,2
4567,-7629,33,194,262,142,2
4753,-7368,967,435,389,110,2
4956,-7199,1919,652,495,156,2
5007,-6401,5385,188,113,-64,2
5013,-6317,5500,84,192,-46,2
4834,-6405,5798,28,238,9,2
4793,-6568,5886,17,237,66,2
4777,-6662,5789,42,215,115,2
4733,-6736,5649,92,191,153,2
4631,-6782,5575,148,170,180,2
4459,-6811,5560,202,150,187,2
4235,-6796,5652,245,131,169,2
4173,-6745,5746,259,105,126,2
4326,-6668,5676,260,87,75,2
4573,-6480,5541,249,96,38,2
4369,-6320,5888,267,186,162,2
4421,-6300,6034,276,150,110,2
4209,-6360,6314,323,142,147,2
4209,-6360,6314,323,142,147,2
4103,-6390,6516,355,105,164,2
3815,-6448,6853,355,60,146,2
3741,-6511,7066,304,7,94,2
3936,-6484,6972,221,-25,34,2
4438,-6367,6265,17,96,125,2
4438,-6367,6265,17,96,125,2
4048,-6442,6112,12,11,89,2
4048,-6442,6112,12,11,89,2
3991,-6438,6111,-6,18,74,2
4061,-6459,6002,-26,20,61,2
4120,-6499,5946,-22,30,56,2
3943,-6487,6269,28,36,53,2
3943,-6487,6269,28,36,53,2
4049,-6417,6141,-34,8,6,2
4049,-6417,6141,-34,8,6,2
3976,-6426,6203,-13,12,29,2
4011,-6403,6199,4,11,47,2
3759,-6458,6403,12,19,87,2
3759,-6458,6403,12,19,87,2
3793,-6456,6274,-5,7,68,2
3373,-6592,6676,-23,88,42,2
3373,-6592,6676,-23,88,42,2
3614,-6615,6512,-58,56,-23,2
3832,-6543,6410,-51,45,-61,2
3958,-6475,6456,-21,36,-57,2
4010,-6438,6574,12,30,-35,2
3926,-6437,6652,22,26,-13,2
3931,-6447,6693,9,20,-2,2
3955,-6432,6615,-15,19,-2,2
3905,-6434,6504,-37,17,-4,2
3901,-6453,6379,-49,11,-3,2
3937,-6468,6185,-53,8,-3,2
3964,-6475,6079,-48,12,-4,2
3901,-6434,6119,-35,22,-1,2
4097,-6492,6250,-49,-63,-27,2
4151,-6462,6077,-32,-51,-5,2
4179,-6411,5938,-15,-28,23,2
4084,-6387,5915,-4,-4,52,2
3769,-6427,6063,-13,5,64,2
3652,-6537,6100,-44,0,45,2
3794,-6593,5931,-70,2,5,2
3860,-6543,5846,-70,15,-26,2
3867,-6501,5977,-45,16,-26,2
3908,-6492,6077,-5,9,-13,2
3976,-6442,6136,22,7,-3,2
4025,-6359,6226,42,12,8,2
4079,-6310,6262,51,20,26,2
4088,-6288,6300,54,27,50,2
3884,-6292,6456,46,30,70,2
3624,-6401,6675,12,13,66,2
3579,-6566,6687,-34,-18,35,2
3759,-6622,6453,-66,-40,-6,2
3998,-6581,6028,-9,-44,-2,2
3988,-6522,5955,19,-33,17,2
3988,-6522,5955,19,-33,17,2
3998,-6462,5839,39,-18,30,2
3982,-6445,5681,61,1,43,2
3967,-6489,5488,82,17,37,2
3969,-6851,4978,88,10,-87,2
4222,-7442,4223,126,-59,-416,2
4522,-8086,3523,254,-160,-955,2
4862,-9404,2421,396,-225,-2098,2
7480,-9526,1935,907,-136,-3879,2
7732,-6243,521,871,-46,-4846,2
3585,-8986,-6599,-1294,1687,-8020,2
3585,-8986,-6599,-1294,1687,-8020,2
5157,-4853,-7564,-1268,3704,-11001,2
-1489,-736,-1480,-1112,9078,-7311,2
-1489,-736,-1480,-1112,9078,-7311,2
-2869,-468,1932,-1141,9633,-5553,2
-5083,-1772,4567,-1869,9966,-3854,2
-7017,-4458,8101,-2083,10126,-2478,2
-8551,-5358,13257,-2090,10156,-1569,2
-10324,-3685,20334,-2184,9586,-906,2
-11324,-3537,28131,-2241,8269,-208,2
-11008,-6137,-32324,-1495,6200,884,2
-9531,-7952,31775,494,3634,2079,2
-7610,-8545,24890,2437,1363,2433,2
-5776,-7289,18858,2738,301,1845,2
-5587,-4338,15984,1643,-26,1135,2
-2658,-2175,15316,217,-999,386,2
-2658,-2175,15316,217,-999,386,2
-2106,-2327,14652,305,-1340,641,2
-1859,-2241,14200,422,-1609,1167,2
-1978,-1620,13700,635,-1872,1996,2
-2412,-794,13112,772,-2183,3037,2
-2879,-323,12692,794,-2563,4144,2
-3295,-614,12730,915,-3041,5191,2
-3848,-1470,13197,1371,-3526,6048,2
-5840,-2442,18433,1659,-4866,7739,2
-5840,-2442,18433,1659,-4866,7739,2
-1331,186,13340,-3831,-6744,3960,2
-1331,186,13340,-3831,-6744,3960,2
447,489,11011,-4456,-6649,2485,2
2218,284,6772,-4467,-6328,972,2
4410,100,5193,-4152,-5941,-544,2
4144,2012,3278,-4400,-5986,-596,2
4975,2462,-713,-4681,-5683,119,2
6052,-3608,-6295,-2901,-2434,2591,2
5421,-5361,-6513,-2298,-2033,2364,2
5080,-5680,-6656,-1796,-1739,2108,2
5089,-6006,-6580,-1301,-1431,1792,2
5202,-6089,-6532,-886,-1144,1545,2
5261,-5931,-6197,-529,-853,1451,2
5118,-5897,-5500,-261,-567,1489,2
4951,-6178,-4538,-19,-300,1555,2
4757,-6617,-3365,184,-48,1607,2
4432,-7049,-1990,313,169,1602,2
4367,-7458,-937,379,338,1472,2
4539,-7595,74,463,488,1264,2
4741,-7752,954,527,603,1037,2
4891,-7819,1824,585,690,782,2
4890,-7689,2819,652,730,531,2
5012,-7491,3533,719,743,314,2
5187,-7270,4119,772,756,146,2
5302,-6987,4508,803,742,56,2
5279,-6712,4812,843,691,21,2
5243,-6555,4972,896,610,28,2
5126,-6513,5087,955,526,60,2
5066,-6537,5020,1026,438,78,2
5072,-6428,4806,1090,372,67,2
5144,-6188,4454,1122,344,39,2
5146,-5946,4118,1124,342,23,2
5111,-5763,3763,1090,356,19,2
5142,-5622,3269,1042,396,41,2
5030,-5583,2912,1000,466,82,2
4830,-5717,2813,980,557,113,2
4653,-5880,2838,1004,641,135,2
4551,-6023,2927,1069,708,142,2
4534,-6207,3421,1171,769,141,2
4432,-6304,4290,1330,838,110,2
4223,-6077,5184,1496,870,50,2
4079,-5717,6004,1580,841,-4,2
4195,-5435,6524,1556,796,-34,2
4350,-5174,6779,1436,788,-44,2
4538,-5078,7033,1256,844,-36,2
4563,-5121,7649,1100,956,-46,2
3718,-5193,9567,895,1010,-124,2
3670,-5450,10276,881,906,-197,2
4053,-5305,10533,933,769,-291,2
4449,-4976,10626,990,627,-351,2
4689,-4716,10717,999,510,-367,2
4960,-4466,10656,944,421,-361,2
5243,-4167,10345,813,369,-326,2
5243,-4167,10345,813,369,-326,2
5323,-4048,9986,630,343,-267,2
5160,-4097,9796,446,333,-204,2
4847,-4172,9774,302,322,-159,2
4558,-4312,9703,190,268,-132,2
4509,-4430,9496,108,170,-118,2
4687,-4466,9152,72,79,-112,2
4878,-4501,8291,29,-56,4,2
4878,-4501,8291,29,-56,4,2
4844,-4569,8062,-4,-66,51,2
4607,-4879,7350,-111,-38,158,2
4607,-4879,7350,-111,-38,158,2
4412,-4942,7340,-117,-30,176,2
4181,-5037,7416,-123,-26,169,2
4183,-5049,7295,-126,-30,147,2
4279,-5014,7107,-127,-31,126,2
4228,-5035,7139,-123,-30,113,2
4156,-5044,7266,-94,-31,98,2
4229,-5007,7236,-58,-43,82,2
4394,-4922,7108,-23,-52,72,2
4432,-4846,7065,6,-46,77,2
4261,-4868,7248,20,-38,90,2
4255,-4761,7351,-11,-63,26,2
4255,-4761,7351,-11,-63,26,2
4240,-4747,7430,-14,-52,25,2
4223,-4749,7519,-13,-46,22,2
4252,-4757,7550,-6,-50,25,2
4377,-4733,7471,3,-56,37,2
4464,-4727,7330,14,-53,62,2
4513,-4727,7105,23,-41,95,2
4176,-4840,7082,42,17,158,2
3982,-4848,7231,40,21,149,2
4312,-4877,7332,112,29,90,2
4120,-4842,7498,111,38,103,2
3907,-4920,7690,75,25,98,2
3964,-4988,7612,25,1,63,2
4148,-4974,7357,-17,-3,23,2
4301,-4952,7139,-35,13,9,2
4355,-4913,7035,-19,33,22,2
4333,-4871,7095,18,51,49,2
4058,-4871,7609,112,26,96,2
4169,-4969,7644,-23,-5,6,2
4272,-4935,7496,-23,-7,4,2
4297,-4923,7398,-4,-6,23,2
4326,-4927,7286,15,-3,49,2
4350,-4898,7090,29,9,72,2
4236,-4873,7006,41,35,95,2
3997,-4916,7179,44,55,103,2
3833,-4974,7371,35,53,92,2
3778,-5011,7522,21,39,59,2
3927,-4934,7747,10,13,0,2
4242,-4879,7337,26,5,54,2
4179,-4857,7280,36,17,69,2
4063,-4890,7362,38,28,75,2
4037,-4923,7427,27,28,69,2
4127,-4934,7318,11,28,56,2
4216,-4932,7168,5,38,53,2
4028,-4966,7405,12,53,64,2
3836,-5013,7745,14,51,59,2
3887,-5020,7764,4,29,41,2
4031,-5004,7545,-9,13,23,2
4112,-4965,7427,-7,17,20,2
4060,-4956,7553,5,27,30,2
3931,-4963,7773,20,18,34,2
3926,-4942,7776,26,-7,30,2
4051,-4933,7601,24,-26,24,2
4102,-4914,7514,19,-23,26,2
4012,-4923,7654,3,-9,27,2
3996,-4966,7694,-22,-5,19,2
4064,-4977,7563,-42,-8,7,2
4106,-4957,7514,-43,-6,4,2
4073,-4936,7582,-29,-7,7,2
4063,-4898,7725,-19,-14,10,2
4061,-4867,7817,-19,-24,17,2
4048,-4893,7886,-28,-32,20,2
3936,-4908,8049,-38,-44,19,2
3884,-4934,8108,-60,-74,10,2
3988,-4981,7938,-87,-105,-9,2
4064,-5011,7746,-107,-117,-27,2
4064,-5011,7746,-107,-117,-27,2
4130,-4975,7591,-120,-115,-35,2
4187,-4951,7448,-131,-110,-30,2
4152,-4959,7303,-140,-104,-20,2
4047,-4970,7205,-148,-102,-9,2
3925,-5031,7126,-173,-105,-10,2
3861,-5109,6974,-209,-107,-27,2
3948,-5134,6675,-255,-99,-54,2
4054,-5111,6304,-294,-64,-75,2
4066,-5134,6085,-329,-7,-88,2
4101,-5144,5873,-351,47,-96,2
4108,-5145,5576,-347,99,-98,2
4124,-5227,5254,-305,147,-97,2
4035,-5473,4990,-243,192,-135,2
3776,-5785,4711,-186,238,-269,2
3644,-6392,4181,-165,276,-598,2
4168,-7276,2892,-369,230,-1298,2
4337,-7773,220,-763,133,-2660,2
7369,-8481,-2524,-296,329,-4820,2
8558,-6292,-5275,-87,495,-6295,2
8849,-4417,-9000,-229,787,-6773,2
8606,-3656,-11229,105,1254,-7161,2
8000,-3345,-12232,159,1754,-7705,2
1923,-3621,-11643,-237,3302,-8748,2
-560,-202,-7532,-1681,5478,-11090,2
-5352,-312,-3459,-2855,6659,-11460,2
-7641,-2223,1926,-3141,8196,-9864,2
-7133,-2286,7456,-1742,9928,-7470,2
-7609,-2087,13895,-847,10394,-4670,2
-7515,-4236,19441,-1398,9351,-1983,2
-7746,-5502,23275,-1529,7870,-651,2
-7836,-5456,24931,-1464,6015,-406,2
-6311,-5672,24195,-1883,3849,-563,2
-5072,-6313,22382,-1987,2460,-482,2
-3875,-6101,20237,-1387,1671,-446,2
-3271,-5124,18307,-863,1276,-355,2
-2565,-4231,16246,-389,1008,25,2
-2092,-3964,15803,-111,961,143,2
-1819,-3708,15238,189,919,264,2
-1824,-3158,14715,451,876,423,2
-1813,-2752,14467,602,812,574,2
-1691,-2529,14385,629,715,777,2
-1537,-2607,14285,554,540,1008,2
-1407,-3003,14202,427,280,1185,2
-1380,-3549,14278,270,-36,1310,2
-1381,-3858,14286,43,-415,1468,2
-1596,-3705,14081,-107,-826,1687,2
-1886,-3430,13768,-265,-1210,2036,2
-2378,-3201,13702,-414,-1552,2585,2
-2809,-3340,13975,-656,-1916,3299,2
-3590,-3535,14851,-863,-2435,4127,2
-4729,-3907,16275,-365,-3290,5063,2
-6489,-5180,19091,631,-4164,5852,2
-6647,-231,17499,-606,-7367,6226,2
-3940,1054,13399,-2459,-7182,4767,2
-930,1854,11079,-3429,-6596,3433,2
1199,2460,7793,-3816,-6117,2334,2
5253,705,2942,-3658,-5396,1047,2
6951,277,1877,-3249,-4789,285,2
6193,1537,-152,-3599,-4531,1102,2
6006,885,-1820,-3691,-3855,2118,2
5649,-1944,-1449,-2878,-3023,2707,2
4782,-4089,-816,-2041,-2497,2845,2
3871,-4933,-588,-1564,-2225,2649,2
3391,-5135,-681,-1250,-2050,2231,2
3381,-5133,-1103,-1078,-1899,1760,2
2224,-7551,296,-107,-401,1285,2
2340,-7926,733,-7,-268,1104,2
2834,-8186,1082,82,-119,883,2
3373,-8171,1491,172,29,652,2
3749,-8054,2126,310,142,448,2
4115,-7848,2752,480,221,314,2
4247,-7531,3398,657,284,250,2
3966,-7298,4320,829,312,267,2
3569,-7218,5207,969,298,309,2
3530,-7137,5851,1053,295,317,2
3177,-7070,6691,1025,313,277,2
2723,-7204,7546,917,291,178,2
2911,-7269,7746,794,250,36,2
3425,-6945,7447,685,229,-118,2
3711,-6596,7348,587,208,-225,2
3882,-6464,7516,528,158,-257,2
4072,-6289,7476,544,107,-244,2
4358,-6049,7175,590,64,-201,2
4680,-5785,6683,617,34,-125,2
4727,-5593,6262,623,27,-24,2
4167,-5618,6469,589,31,67,2
3685,-5844,6817,516,22,115,2
3788,-6104,6724,434,19,94,2
4106,-6077,6341,334,36,28,2
4371,-5918,5973,255,76,-20,2
4546,-5777,5672,223,137,-6,2
4551,-5741,5627,225,199,61,2
4133,-5873,6214,236,255,134,2
4133,-5873,6214,236,255,134,2
3632,-6035,6992,235,287,158,2
3508,-6141,7356,215,271,123,2
3639,-6152,7399,179,239,70,2
3669,-6185,7480,154,215,27,2
3756,-5668,7075,5,47,-4,2
3524,-5802,7394,-80,71,-6,2
3495,-5880,7514,-157,72,-31,2
3706,-5859,7327,-228,59,-61,2
3950,-5838,7041,-276,61,-65,2
4091,-5849,6799,-290,77,-38,2
4120,-5869,6573,-262,88,0,2
4089,-5898,6352,-195,88,49,2
3820,-5991,6414,-113,73,95,2
3598,-6159,6504,-42,49,119,2
3583,-6221,6517,14,26,112,2
3556,-6201,6580,36,17,84,2
3500,-6191,6736,28,22,61,2
3541,-6196,6792,-2,27,43,2
3683,-6207,6612,-38,34,27,2
3803,-6195,6426,-53,51,22,2
3872,-6182,6337,-34,78,38,2
3672,-6225,6700,12,103,66,2
3383,-6271,7212,47,99,62,2
3547,-6186,7235,43,21,1,2
3794,-6086,6850,29,0,-18,2
4029,-5985,6498,30,7,-5,2
4118,-5961,6384,52,34,28,2
3427,-6053,7178,116,61,85,2
3318,-6129,7346,108,11,63,2
3506,-6142,7142,80,-38,15,2
3668,-6035,6878,55,-53,-9,2
3664,-6009,6802,27,-44,-3,2
3653,-6085,6803,-2,-28,5,2
3635,-6088,6808,-26,-8,1,2
3653,-6049,6760,-36,3,-2,2
3805,-5929,6502,41,27,63,2
3708,-5924,6522,62,43,90,2
3579,-5946,6680,66,55,103,2
3488,-5977,6771,47,50,95,2
3317,-5962,6891,35,42,80,2
3324,-6055,6923,28,29,74,2
3427,-6101,6836,24,18,61,2
3652,-5965,6709,59,70,55,2
3652,-5965,6709,59,70,55,2
3610,-5961,6833,83,85,75,2
3553,-5958,6987,101,94,92,2
3572,-5938,6974,104,87,108,2
3397,-5913,7081,98,78,123,2
2909,-6052,7607,59,50,121,2
2717,-6295,7923,-6,-3,73,2
3802,-6240,6419,-59,-69,-82,2
3802,-6240,6419,-59,-69,-82,2
3832,-6182,6250,3,-48,-37,2
3396,-6088,6517,61,87,12,2
3396,-6088,6517,61,87,12,2
3389,-6052,6551,56,94,5,2
3356,-6082,6663,58,95,-2,2
3365,-6063,6878,63,101,-14,2
3402,-5991,7014,67,105,-30,2
3430,-5947,7162,70,105,-32,2
3481,-5909,7275,79,101,-22,2
3545,-5894,7289,88,95,-3,2
3593,-5883,7235,98,90,20,2
3277,-5910,7448,94,72,50,2
3277,-5910,7448,94,72,50,2
3172,-5984,7558,50,41,33,2
3256,-6025,7386,-1,9,-4,2
3332,-6166,7410,-49,-85,-78,2
3642,-6044,5303,20,64,-87,2
3642,-6044,5303,20,64,-87,2
3700,-5996,5099,75,105,-92,2
3699,-6004,4814,140,144,-112,2
3590,-6211,4449,222,175,-192,2
3583,-6645,3779,309,174,-382,2
4110,-7116,2502,384,118,-708,2
4749,-8004,979,293,9,-1397,2
5112,-8716,-168,408,-30,-2661,2
7561,-8561,-1023,1306,343,-4740,2
7399,-6523,-2110,1247,716,-5895,2
7110,-4962,-2989,691,1170,-6580,2
6422,-3875,-3375,137,1654,-7328,2
-2760,-222,1613,-3427,6339,-10173,2
-2760,-222,1613,-3427,6339,-10173,2
-3180,-1431,5121,-3827,7382,-8866,2
-4170,-1600,8140,-2569,8391,-7059,2
-4884,-1371,10605,-1568,8651,-5127,2
-4272,-3918,13198,-2415,8072,-3039,2
-4336,-7227,16475,-2722,7287,-1472,2
-3709,-10406,19591,-1658,6307,-625,2
-1528,-12019,21935,-881,5110,-111,2
-1069,-11836,23346,-632,3853,206,2
-1112,-9828,22595,-123,2427,-134,2
-1362,-7559,20114,540,1237,-362,2
-1595,-5449,17140,1215,594,-262,2
-1691,-4199,14809,1602,366,-18,2
-1418,-3565,13561,1493,289,169,2
-1096,-3183,13046,1122,197,300,2
-799,-2782,12842,833,79,356,2
-559,-2511,12632,663,-72,441,2
-205,-2528,12318,533,-288,589,2
-45,-2359,11783,436,-516,794,2
-75,-2232,11150,324,-740,1031,2
-70,-2152,10640,256,-886,1212,2
-129,-1965,10480,165,-953,1440,2
-284,-1546,10477,37,-1036,1820,2
-672,-1207,10613,-67,-1127,2338,2
-1024,-1249,10891,-206,-1277,3031,2
-1309,-1528,11221,-199,-1494,3817,2
-1784,-1818,11551,41,-1757,4584,2
-2433,-2323,12246,368,-2159,5291,2
-2795,-3128,13361,754,-2707,5885,2
-3035,-3458,14566,1275,-3314,6346,2
-3144,-3911,15876,1624,-3870,6586,2
-3970,-3800,17407,1599,-4378,6990,2
-4432,-2772,17994,1472,-5134,7644,2
-3167,-1618,15936,1083,-5660,7940,2
-1363,-501,12474,222,-5618,7410,2
4019,-2558,3645,-3156,-3892,838,2
5171,-5986,-647,-2046,-1365,1451,2
5171,-5986,-647,-2046,-1365,1451,2
4642,-6417,-410,-1637,-1103,1308,2
4166,-6767,-118,-1253,-959,1147,2
4158,-6968,-209,-943,-857,1015,2
4322,-7034,-383,-684,-712,888,2
4369,-7057,-362,-454,-526,758,2
4151,-6812,61,-237,-328,677,2
3748,-6766,841,3,-160,659,2
3347,-6957,1635,134,-42,650,2
3116,-7055,2388,197,45,588,2
3150,-7225,2925,234,113,477,2
3486,-7298,3176,243,198,352,2
3785,-7157,3730,288,309,225,2
3976,-6919,4461,342,410,94,2
4055,-6623,5274,395,484,7,2
4120,-6454,6001,445,529,-17,2
4206,-6373,6608,496,553,-22,2
4300,-6126,7139,594,557,-35,2
4109,-5904,7746,662,523,-46,2
3677,-5930,8412,654,430,-64,2
3164,-6068,9004,591,283,-124,2
3119,-5953,9162,524,127,-208,2
4676,-5382,7562,220,-66,-260,2
4719,-5303,7277,165,-34,-176,2
4705,-5335,6941,131,0,-79,2
4622,-5407,6557,94,32,9,2
4386,-5564,6415,58,69,83,2
4150,-5808,6349,28,94,128,2
4051,-5976,6278,21,106,131,2
3818,-5986,6386,41,112,118,2
3602,-6076,6645,50,100,93,2
3591,-6195,6832,56,84,60,2
3804,-6179,6878,59,80,17,2
4039,-6015,6755,59,78,-7,2
4156,-5934,6647,70,81,10,2
4004,-5742,6909,216,39,-19,2
4137,-5619,6950,192,57,-35,2
4137,-5619,6950,192,57,-35,2
4132,-5512,7081,169,83,-39,2
4024,-5455,7248,142,94,-32,2
3984,-5487,7315,107,88,-19,2
4072,-5530,7222,81,88,-7,2
3966,-5571,7266,60,94,2,2
3726,-5678,7497,26,79,-6,2
4127,-5603,6961,-38,-2,-68,2
4127,-5603,6961,-38,-2,-68,2
4204,-5536,6851,-8,-6,-36,2
4186,-5547,6778,35,-3,12,2
4179,-5553,6659,68,4,62,2
3951,-5606,6767,75,19,97,2
3781,-5735,6909,50,30,104,2
3750,-5840,6895,16,37,93,2
3794,-5912,7017,-36,20,-18,2
4009,-5832,6945,54,56,-3,2
4009,-5832,6945,54,56,-3,2
3973,-5760,6985,75,68,1,2
3877,-5736,7051,78,64,11,2
3776,-5742,7120,62,47,15,2
3736,-5757,7127,26,33,4,2
3785,-5704,6986,-12,20,-16,2
3861,-5670,6817,-36,17,-29,2
4070,-5620,6861,2,8,-9,2
4070,-5620,6861,2,8,-9,2
4077,-5610,6712,9,29,17,2
3979,-5631,6723,28,57,43,2
3763,-5698,6917,36,75,54,2
3549,-5766,7186,21,74,42,2
3562,-5795,7289,-10,54,7,2
3724,-5741,7161,-32,33,-26,2
3767,-5751,7144,25,14,7,2
4054,-5655,6718,-14,32,-13,2
4054,-5655,6718,-14,32,-13,2
4029,-5632,6700,15,58,19,2
3961,-5602,6721,45,83,46,2
3839,-5576,6818,67,102,71,2
3554,-5614,7127,67,100,84,2
3351,-5766,7444,38,75,72,2
3407,-5834,7513,-7,41,26,2
3610,-5819,7290,-49,13,-27,2
3815,-5772,7110,-55,5,-51,2
3894,-5757,7054,-28,7,-42,2
3926,-5731,7131,8,7,-23,2
3872,-5657,7227,34,6,-6,2
3772,-5637,7030,-4,18,20,2
3772,-5637,7030,-4,18,20,2
3640,-5721,7145,-28,11,15,2
3660,-5790,7067,-48,-4,-3,2
3776,-5752,6921,-50,-14,-29,2
3896,-5673,6754,-31,-15,-31,2
3800,-5678,6881,-2,-6,-13,2
3589,-5721,7264,3,-3,-5,2
3586,-5745,7370,-15,-13,-22,2
3769,-5699,7160,-39,-21,-44,2
3950,-5648,6867,-44,-17,-44,2
4058,-5608,6743,-15,1,-15,2
3881,-5631,7006,20,24,13,2
3664,-5725,7191,52,49,75,2
3678,-5742,7155,35,35,52,2
3603,-5698,7261,17,25,30,2
3544,-5745,7393,-2,6,18,2
3587,-5810,7345,-24,-19,2,2
3638,-5849,7289,-44,-31,-28,2
3724,-5779,7204,-52,-36,-51,2
3770,-5645,7212,4,-49,2,2
3770,-5645,7212,4,-49,2,2
3676,-5663,7314,1,-58,6,2
3678,-5682,7269,-21,-75,2,2
3708,-5727,7157,-56,-84,-15,2
3780,-5746,6988,-91,-89,-35,2
3881,-5733,6782,-112,-79,-46,2
3927,-5712,6677,-116,-61,-42,2
3817,-5765,6891,-27,-18,-20,2
3817,-5765,6891,-27,-18,-20,2
3793,-5759,6973,-12,-23,-19,2
3747,-5773,7096,-11,-31,-26,2
3763,-5772,7185,-22,-45,-33,2
3808,-5739,7212,-33,-58,-42,2
3803,-5721,7233,-51,-69,-48,2
3757,-5742,7280,-71,-83,-54,2
3960,-5791,6559,-124,-98,-41,2
3960,-5791,6559,-124,-98,-41,2
4009,-5839,6317,-118,-83,-34,2
3963,-5804,6141,-105,-60,-33,2
3833,-5839,6131,-104,-36,-28,2
3718,-5904,6019,-108,-30,-49,2
3666,-5898,5849,-108,-22,-67,2
3792,-5923,5541,-105,-9,-81,2
3960,-5904,5134,-91,12,-94,2
4024,-5885,4699,-53,51,-109,2
4096,-6100,4156,0,96,-161,2
4432,-6768,2952,18,121,-325,2
4856,-7243,1151,-9,107,-749,2
4677,-7343,-447,151,158,-1367,2
5734,-8524,-2455,714,421,-2636,2
8174,-8879,-4312,1424,849,-4625,2
8837,-7362,-6547,1251,1244,-6018,2
9415,-6296,-7873,914,1825,-7795,2
7479,-3119,-7379,384,2377,-9719,2
1587,-963,-7172,-1631,3821,-12044,2
-4037,5126,-4674,-3356,6706,-14610,2
-9674,5480,-1614,-4241,7380,-12935,2
-7058,1659,2486,-3182,8013,-9618,2
-4437,-1161,4405,-793,8915,-5196,2
-4502,-5845,6932,-147,9049,-918,2
-5235,-8699,11071,-354,9442,352,2
-6633,-8485,16208,-1838,9056,-42,2
-5634,-9112,28291,-1858,1798,-589,2
-4661,-7102,23497,-602,5,-738,2
-3476,-5055,18762,257,-808,-477,2
-2391,-4108,15310,632,-910,27,2
-1616,-4059,13278,758,-707,527,2
-791,-4664,12420,837,-413,861,2
-105,-5267,12076,930,-148,1039,2
282,-5675,11948,1043,39,1026,2
294,-5384,11870,1167,132,927,2
177,-4794,11773,1163,98,836,2
110,-4379,11648,942,-81,764,2
-92,-3946,11482,640,-338,758,2
-281,-3456,11336,404,-593,823,2
-466,-2937,11208,125,-842,1026,2
-792,-2590,11218,-202,-1103,1405,2
-1150,-2804,11514,-474,-1375,1967,2
-2790,-5025,13157,868,-3616,5482,2
-2800,-5145,13982,1293,-4230,5934,2
-3114,-4601,15531,1665,-4578,6446,2
-4770,-4072,17503,1834,-5075,7410,2
-5037,-3549,17605,1807,-5839,8147,2
-3629,-2209,14403,1444,-6078,8345,2
-2044,-1304,10903,624,-5518,8023,2
-167,-1430,9695,-537,-4846,7126,2
2015,-4012,8397,-1812,-4459,5377,2
4617,-5304,6990,-2785,-4133,3029,2
3228,-3122,6002,-3574,-4092,1475,2
3003,-2239,3987,-3804,-3633,683,2
3902,-2672,2947,-3473,-2884,593,2
5139,-3445,1486,-3154,-2207,827,2
5728,-4442,757,-2863,-1566,931,2
5215,-5309,1139,-2507,-1105,820,2
4534,-5751,1865,-2073,-910,570,2
4144,-5674,2317,-1612,-925,298,2
4277,-5572,2698,-372,-160,332,2
3982,-6215,7234,423,84,-137,2
3982,-6215,7234,423,84,-137,2
3952,-5868,7356,435,71,-109,2
3818,-6001,7622,442,68,-82,2
3865,-6131,7649,395,56,-87,2
4088,-5876,7292,307,39,-123,2
4409,-5564,6739,259,49,-104,2
4583,-5431,6299,248,101,-5,2
4151,-5496,6454,248,161,114,2
3621,-5678,6948,225,186,182,2
3384,-5858,7139,155,161,199,2
3429,-5995,6962,62,127,191,2
3463,-6385,7063,44,103,17,2
3463,-6385,7063,44,103,17,2
3611,-6312,6877,63,91,-6,2
3800,-6215,6583,87,93,-14,2
3963,-6116,6316,123,113,-7,2
4075,-5995,6113,172,138,19,2
4059,-5864,6063,237,169,57,2
3727,-5798,6365,292,189,87,2
3478,-5810,6753,318,183,86,2
3337,-5839,7144,330,168,60,2
3165,-5863,7539,302,134,13,2
3233,-5898,7714,242,92,-47,2
3476,-5839,7618,179,65,-95,2
3990,-5618,6866,123,109,-21,2
3990,-5618,6866,123,109,-21,2
3934,-5613,6778,157,125,25,2
3782,-5620,6871,184,136,58,2
3527,-5613,7142,194,149,63,2
3328,-5589,7453,180,148,43,2
3269,-5613,7691,148,125,14,2
3257,-5619,7829,106,82,-15,2
3283,-5615,7940,70,46,-37,2
3574,-5669,7617,6,-4,-37,2
3684,-5691,7333,-5,-10,-14,2
3744,-5711,7085,9,2,19,2
3731,-5725,6957,39,20,51,2
3718,-5719,6882,74,39,80,2
3650,-5682,6925,110,63,98,2
3426,-5687,7128,136,74,111,2
3196,-5751,7424,131,59,96,2
3131,-5790,7638,100,36,55,2
3215,-5780,7755,61,22,7,2
3365,-5739,7683,17,12,-18,2
3492,-5709,7550,-16,2,-25,2
3587,-5735,7434,-23,1,-8,2
3600,-5763,7367,-6,4,19,2
3545,-5772,7298,15,5,44,2
3500,-5772,7215,38,5,56,2
3501,-5745,7100,54,8,64,2
3507,-5723,6946,56,15,69,2
3331,-5745,6966,50,24,68,2
3344,-5610,7600,101,26,-9,2
3435,-5599,7607,102,15,-15,2
3435,-5555,7769,103,17,-21,2
3383,-5508,7960,87,11,-22,2
3393,-5504,7975,56,-10,-23,2
3493,-5497,7802,13,-31,-26,2
3584,-5498,7520,-21,-38,-13,2
3608,-5552,7304,-40,-33,5,2
3539,-5590,7181,-41,-23,23,2
3427,-5645,7148,-37,-15,35,2
3415,-5684,7077,-33,-10,31,2
3478,-5656,6895,-20,-4,20,2
3360,-5638,6936,-5,1,19,2
3340,-5700,7395,-16,-14,-34,2
3472,-5618,7258,-12,-19,-35,2
3391,-5631,7354,2,-17,-15,2
3355,-5700,7437,0,-22,-2,2
3409,-5725,7336,-10,-27,-12,2
3513,-5666,7088,-19,-21,-25,2
3547,-5616,7000,-11,-5,-17,2
3439,-5637,7261,-2,10,-3,2
3422,-5615,7416,-1,10,-1,2
3515,-5566,7296,-9,1,-3,2
3515,-5566,7296,-9,1,-3,2
3618,-5522,7054,-7,1,9,2
3685,-5531,6893,9,13,41,2
3629,-5587,6937,41,39,76,2
3419,-5613,7212,72,64,92,2
3266,-5610,7379,82,64,93,2
3119,-5632,7459,69,42,79,2
2820,-5770,7787,18,6,41,2
2953,-5873,7725,-45,-26,-19,2
3243,-5831,7395,-86,-39,-84,2
3471,-5751,7093,-88,-34,-109,2
3605,-5704,6937,-43,-22,-86,2
3537,-5728,7034,12,-6,-50,2
3408,-5699,7257,47,3,-32,2
3416,-5662,7272,47,3,-36,2
3560,-5610,7072,32,11,-43,2
3689,-5567,6926,29,36,-32,2
3714,-5529,6958,45,74,-4,2
3549,-5502,7167,68,103,25,2
3334,-5518,7381,76,105,38,2
3215,-5555,7534,61,84,32,2
3053,-5576,7738,33,56,4,2
3045,-5582,7874,-7,31,-34,2
3232,-5608,7773,-45,8,-64,2
3439,-5609,7603,-60,0,-77,2
3565,-5585,7538,-43,0,-63,2
3563,-5596,7491,-17,-4,-34,2
3632,-5565,6975,23,5,47,2
3595,-5584,6815,16,27,61,2
3359,-5625,6930,5,49,70,2
3261,-5722,7059,-6,55,61,2
3498,-5600,7695,-26,-34,-60,2
3577,-5565,7604,-28,-42,-46,2
3666,-5546,7450,-26,-41,-29,2
3738,-5497,7283,-17,-37,-7,2
3732,-5485,7137,-10,-28,25,2
3640,-5540,7059,-11,-16,53,2
3545,-5609,6985,-19,-5,66,2
3436,-5669,6927,-28,6,64,2
3340,-5700,6950,-35,13,51,2
3326,-5715,6963,-30,18,35,2
3247,-5697,7082,-17,19,23,2
3183,-5711,7327,-11,11,13,2
3214,-5728,7439,-6,0,-2,2
3298,-5660,7492,0,-8,-14,2
3296,-5606,7593,11,-20,-10,2
3274,-5602,7710,14,-40,-7,2
3359,-5600,7674,6,-62,-13,2
3484,-5567,7442,-4,-68,-16,2
3593,-5533,7195,-10,-60,-4,2
3600,-5516,7041,-8,-46,15,2
3462,-5543,7087,-5,-31,35,2
3362,-5630,7106,-15,-22,39,2
3371,-5657,7042,-23,-13,26,2
3360,-5625,7043,-27,-6,12,2
3404,-5656,7021,-17,-6,13,2
3390,-5670,7057,5,-4,22,2
3299,-5709,7243,23,-2,24,2
3436,-5638,7471,24,-20,-4,2
3419,-5607,7515,21,-22,1,2
3387,-5609,7518,8,-30,3,2
3386,-5650,7431,-11,-42,2,2
3440,-5674,7280,-27,-49,0,2
3495,-5701,7116,-30,-45,-1,2
3472,-5697,7066,-21,-30,2,2
3373,-5662,7260,14,-1,11,2
3322,-5680,7368,12,-5,7,2
3338,-5664,7427,3,-17,0,2
3368,-5638,7471,-3,-23,-10,2
3305,-5621,7652,-11,-30,-18,2
3306,-5642,7765,-26,-46,-27,2
3426,-5618,7677,-39,-63,-38,2
3548,-5567,7544,-48,-68,-35,2
3638,-5570,7412,-53,-64,-15,2
3604,-5591,7322,-49,-57,10,2
3478,-5637,7332,-51,-51,28,2
3344,-5699,7310,-60,-53,33,2
3247,-5819,7318,-85,-64,14,2
3264,-5861,7249,-116,-72,-19,2
3407,-5824,7039,-134,-74,-47,2
3493,-5796,6845,-139,-67,-51,2
3414,-5816,6755,-127,-61,-40,2
3243,-5888,6786,-121,-64,-43,2
3266,-5924,6680,-127,-77,-66,2
3405,-5881,6397,-122,-79,-99,2
3450,-5827,6217,-105,-69,-111,2
3430,-5819,6162,-86,-55,-109,2
3448,-5776,5995,-72,-41,-109,2
3483,-5760,5782,-62,-14,-116,2
3517,-5763,5508,-43,17,-124,2
3517,-5763,5508,-43,17,-124,2
3392,-6156,5111,-4,40,-177,2
3398,-7130,3909,62,30,-449,2
3642,-8433,2025,169,-39,-1054,2
3555,-10688,-1009,50,-90,-2613,2
7276,-12301,-2632,592,314,-5803,2
8182,-9119,-5138,596,851,-8252,2
7367,-5193,-7952,182,1806,-9469,2
7436,-2460,-7703,-30,2945,-10012,2
5667,198,-7547,-804,4045,-10421,2
229,1058,-5666,-2558,5725,-10637,2
-2342,1765,-1198,-3815,7192,-11259,2
-6481,-994,3511,-4050,7771,-10930,2
-7863,-2395,7252,-3444,8740,-9188,2
-6578,-3123,10009,-3036,9472,-6331,2
-6289,-4065,12598,-3012,9150,-3072,2
-6008,-6889,15524,-2228,8435,-1032,2
-5163,-9820,18787,-1303,7736,-494,2
-4521,-10808,22249,-1120,6430,-640,2
-3992,-9403,24894,-1326,4504,-676,2
-4263,-8509,25481,-1219,2629,-333,2
-3945,-6549,22962,-513,998,-325,2
-3310,-5279,18851,347,-45,-198,2
-2567,-4418,15116,822,-509,132,2
-1923,-3863,12705,885,-584,433,2
-1357,-3680,11493,752,-428,574,2
-792,-3991,11322,360,-329,665,2
-252,-4461,11951,131,-229,750,2
-75,-4486,12720,356,-121,930,2
-262,-4409,13422,685,-170,1219,2
-496,-4302,14018,846,-437,1620,2
-918,-3859,14111,987,-846,2160,2
-1563,-3340,13902,1087,-1286,2867,2
-2091,-3425,13807,1065,-1691,3722,2
-2730,-3736,14062,1021,-2132,4725,2
-3580,-4204,14539,1116,-2786,5776,2
-4387,-4156,15586,1350,-3737,6807,2
-4922,-4160,16993,1734,-4792,7835,2
-5231,-4570,18028,2138,-5817,8532,2
-5820,-4231,18231,1906,-6900,9017,2
-5626,-2924,15024,1225,-7680,9548,2
-3824,-702,9221,382,-7321,9373,2
-685,-351,6138,-683,-6032,8443,2
2521,-820,6592,-1624,-4890,7139,2
4140,-3442,6244,-2593,-4465,5485,2
5158,-5001,4274,-3443,-4174,3666,2
5110,-4831,3096,-3516,-3663,1807,2
4807,-4368,3207,-3266,-3033,494,2
5091,-3380,2638,-3170,-2592,148,2
5715,-2989,1721,-2808,-2139,157,2
5558,-3336,1725,-2349,-1681,353,2
5038,-4103,2214,-1959,-1362,632,2
4486,-4738,2564,-1663,-1184,781,2
4200,-4936,2733,-1325,-1102,763,2
4430,-4940,2364,-1066,-1041,705,2
4551,-4935,2061,-917,-944,681,2
4624,-5115,1981,-813,-808,658,2
4635,-5213,1919,-707,-671,653,2
3963,-6626,3495,92,59,349,2
4010,-6816,3808,105,124,248,2
3755,-6639,4465,141,187,143,2
4154,-6403,5814,338,241,11,2
4373,-6267,6132,486,267,42,2
4544,-6173,6362,612,267,86,2
4455,-6028,6639,695,258,110,2
3895,-5844,7418,756,237,98,2
3527,-5747,8000,723,170,83,2
3688,-5837,7983,604,106,63,2
4133,-6022,7696,427,78,-2,2
4133,-5919,7707,213,55,-83,2
3811,-6082,6526,137,183,128,2
3884,-6027,6586,149,193,97,2
3897,-5980,6757,168,203,71,2
3881,-5861,6998,186,201,56,2
3889,-5810,7088,192,190,52,2
3804,-5791,7169,181,180,52,2
3759,-5824,7195,145,168,41,2
3903,-5839,7021,107,156,21,2
4022,-5776,6810,80,157,2,2
4039,-5715,6723,73,160,6,2
3966,-5701,6748,80,164,26,2
3909,-5681,6768,93,169,44,2
3803,-5686,6882,99,175,56,2
3362,-5774,7435,84,159,49,2
3240,-5880,7752,41,104,4,2
3530,-5905,7540,-6,39,-50,2
3530,-5905,7540,-6,39,-50,2
3860,-5851,7155,-36,8,-80,2
3885,-5852,7082,-26,4,-60,2
3964,-5877,6979,30,-7,-24,2
3964,-5877,6979,30,-7,-24,2
4057,-5795,6882,43,10,-13,2
4144,-5678,6824,72,37,14,2
4176,-5552,6587,116,82,118,2
3931,-5606,6779,117,95,171,2
3657,-5746,7073,95,102,189,2
3567,-5802,7201,62,102,166,2
3682,-5783,7087,36,95,143,2
3699,-5812,6961,24,86,140,2
3646,-5858,6972,29,82,145,2
3641,-5903,7096,44,92,143,2
3600,-5861,7221,57,96,129,2
3520,-5845,7336,58,79,124,2
3508,-5901,7377,50,50,113,2
3529,-5889,7283,41,25,95,2
3596,-5869,7106,26,11,83,2
3390,-5925,6938,-3,10,60,2
3469,-5973,6848,-20,8,31,2
3629,-5936,6751,-17,22,4,2
3524,-5876,6975,1,41,-2,2
3359,-5904,7279,11,31,3,2
3375,-5937,7340,8,10,-1,2
3484,-5938,7146,0,-6,-19,2
3592,-5907,7012,2,-4,-31,2
3671,-5820,6991,27,11,-23,2
3622,-5742,7116,52,19,-1,2
3459,-5754,7313,56,13,19,2
3454,-5786,7318,41,-1,22,2
3521,-5804,7184,16,-13,11,2
3616,-5772,6974,-8,-14,1,2
3668,-5769,6823,-16,-1,4,2
3677,-5782,6816,-10,23,18,2
3675,-5763,6864,6,41,26,2
3438,-5722,7193,106,95,121,2
3438,-5722,7193,106,95,121,2
3282,-5819,7479,81,84,111,2
3178,-5875,7576,38,55,71,2
3207,-5911,7520,-6,17,23,2
3345,-5935,7320,-34,-6,-10,2
3492,-5925,7142,-38,-7,-25,2
3565,-5917,7081,-23,0,-25,2
3592,-5852,7070,7,6,-14,2
3616,-5791,7070,38,12,3,2
3676,-5721,7012,62,21,23,2
3689,-5673,6954,79,37,47,2
3585,-5673,6994,87,56,67,2
3415,-5695,7154,78,61,77,2
3306,-5735,7221,43,49,65,2
3313,-5797,7149,6,31,38,2
3335,-5832,7020,-18,25,11,2
3288,-5852,7134,-29,29,-13,2
3572,-5707,7223,22,-6,-51,2
3572,-5707,7223,22,-6,-51,2
3543,-5699,7267,39,-9,-27,2
3541,-5719,7248,38,-9,-15,2
3569,-5706,7099,31,-7,-13,2
3589,-5680,7009,25,2,-9,2
3487,-5713,7148,24,14,-1,2
3402,-5727,7277,18,12,-2,2
3445,-5737,7155,4,-3,-17,2
3590,-5712,6888,1,-12,-23,2
3481,-5719,6988,15,2,-7,2
3164,-5830,7435,7,3,-3,2
3170,-5933,7447,-20,-20,-29,2
3367,-5909,7172,-44,-37,-75,2
3563,-5848,6908,-38,-34,-96,2
3705,-5803,6772,0,-23,-76,2
3680,-5780,6973,53,-6,-47,2
3565,-5693,7315,87,-2,-32,2
3602,-5648,7370,85,-10,-25,2
3753,-5603,7154,67,-10,-22,2
3711,-5564,6993,66,28,22,2
3650,-5710,7180,18,-29,16,2
3650,-5710,7180,18,-29,16,2
3616,-5705,7055,25,-20,29,2
3476,-5729,7004,18,-4,35,2
3366,-5786,6966,-2,2,26,2
3317,-5837,6930,-28,5,3,2
3318,-5883,6914,-47,6,-28,2
3374,-5868,6962,-49,8,-56,2
3434,-5796,7102,-30,7,-71,2
3508,-5734,7213,-2,-1,-69,2
3563,-5678,7312,27,-10,-58,2
3584,-5631,7417,46,-16,-45,2
3584,-5631,7417,46,-16,-45,2
3597,-5584,7498,51,-22,-30,2
3513,-5571,7597,34,-29,-23,2
3475,-5633,7614,-6,-44,-26,2
3476,-5687,7471,-49,-56,-39,2
3478,-5730,7322,-86,-66,-60,2
3495,-5757,7164,-112,-83,-71,2
3651,-5809,6413,-113,-70,-68,2
3651,-5809,6413,-113,-70,-68,2
3753,-5777,6105,-94,-39,-61,2
3793,-5734,5832,-54,3,-56,2
3761,-5814,5545,1,50,-90,2
3593,-6432,4868,66,74,-304,2
2915,-7674,3942,190,-7,-845,2
2806,-9956,2217,103,-189,-2055,2
5619,-10998,470,370,-104,-4341,2
7034,-8004,-784,659,21,-5844,2
7954,-5962,-3256,400,297,-6718,2
8138,-4450,-4571,-13,858,-7539,2
8048,-2457,-5329,-770,1295,-8341,2
6675,-1775,-6045,-1293,1972,-9228,2
2549,-2790,-5893,-2408,3526,-10200,2
1686,392,-4752,-2951,5668,-12085,2
-2408,108,-2882,-4270,6387,-11522,2
-3623,-3118,341,-5106,7272,-9958,2
-4522,-3493,3806,-3389,8877,-7724,2
-5455,-1771,6275,-1612,9705,-4336,2
-5703,-3827,9214,-1683,9413,-1451,2
-6575,-7666,13034,-2087,8953,-409,2
-5907,-6939,27040,467,2015,228,2
-5907,-6939,27040,467,2015,228,2
-5335,-5461,21966,1832,417,207,2
-4352,-4094,17079,2387,-360,548,2
-3685,-2828,14023,2255,-491,842,2
-2915,-2197,12862,1711,-398,1027,2
-2159,-2214,12835,1108,-311,1215,2
-1652,-2372,13149,606,-357,1435,2
-1301,-2229,13366,298,-519,1762,2
-1191,-1962,13289,169,-775,2161,2
-1321,-1801,13257,123,-1064,2651,2
-1460,-2142,13416,1,-1408,3322,2
-1881,-2390,13543,29,-1820,4137,2
-2379,-2541,13641,221,-2297,4947,2
-2683,-2652,13603,500,-2843,5634,2
-2958,-2891,13628,775,-3480,6151,2
-2913,-2815,13549,1082,-4045,6514,2
-3193,-2396,15459,-776,-5922,7402,2
-3193,-2396,15459,-776,-5922,7402,2
-2237,-2154,12774,-1308,-5795,6810,2
-363,-1963,10992,-1996,-5344,5770,2
556,-1938,9899,-2620,-4933,4613,2
993,-3240,8911,-3322,-4757,3242,2
1795,-3408,7016,-4026,-4675,2003,2
3153,-2626,4266,-4179,-4436,901,2
4132,-2248,1992,-4039,-3876,295,2
5124,-2278,488,-3951,-3168,364,2
5917,-4419,-641,-3180,-1813,745,2
5917,-4419,-641,-3180,-1813,745,2
3999,-6025,818,102,-63,733,2
3999,-6025,818,102,-63,733,2
3499,-6252,1592,227,-21,747,2
3415,-6614,2068,305,15,745,2
3687,-6897,2326,347,77,691,2
3715,-7078,2784,374,169,585,2
3411,-7338,3751,398,250,435,2
4095,-5710,7319,561,53,16,2
4102,-5809,7014,365,-3,47,2
4388,-5900,6610,194,18,70,2
4620,-5973,6360,66,80,67,2
4693,-5996,6150,-20,149,77,2
4745,-6063,5971,-67,199,108,2
4746,-6154,5891,-64,243,139,2
4464,-6168,6058,-11,280,169,2
4255,-6174,6256,46,284,199,2
4290,-6217,6245,93,273,227,2
4290,-6241,6274,119,270,241,2
4040,-6243,6595,137,265,234,2
4040,-6243,6595,137,265,234,2
3845,-6251,6828,136,233,208,2
3956,-6265,6773,125,204,178,2
4132,-6223,6749,116,211,147,2
3999,-6138,6946,102,221,125,2
3798,-6167,7157,67,181,107,2
3852,-6216,6985,35,129,89,2
3999,-6253,6689,13,105,68,2
3969,-6281,6624,-3,89,47,2
3957,-6334,6590,-4,70,21,2
4063,-6300,6475,17,58,-3,2
4134,-6233,6409,50,54,-14,2
4168,-6164,6440,82,57,-9,2
4112,-6104,6532,102,62,5,2
4124,-6093,6538,105,65,15,2
4167,-6027,6437,100,74,22,2
4101,-5977,6477,84,83,27,2
3963,-5998,6560,63,82,33,2
3992,-6032,6474,39,70,31,2
4132,-6067,6357,31,69,30,2
4084,-6062,6482,47,84,37,2
3848,-6131,6821,58,85,45,2
3851,-6219,6905,55,67,39,2
3998,-6249,6830,47,49,13,2
4012,-6177,6838,51,43,-6,2
3986,-6142,6857,62,30,-12,2
4103,-6128,6725,79,12,-11,2
4235,-6047,6504,100,4,-6,2
4340,-5943,6292,117,14,9,2
4406,-5858,6116,138,45,39,2
4222,-5804,6188,145,92,77,2
3929,-5870,6475,124,132,103,2
3745,-6001,6720,68,153,95,2
3745,-6065,6797,2,160,51,2
3733,-6059,6927,-39,151,2,2
3799,-6062,6906,-50,123,-22,2
3908,-6045,6823,-32,93,-25,2
3958,-6037,6774,-3,71,-22,2
4029,-6008,6745,20,54,-23,2
4116,-5961,6669,37,46,-16,2
4168,-5941,6592,55,54,-3,2
4235,-5901,6492,68,71,14,2
4259,-5852,6434,75,99,35,2
4084,-5826,6566,68,127,54,2
3882,-5891,6780,37,144,60,2
3833,-5970,6857,-3,144,46,2
3923,-5976,6755,-28,139,26,2
3948,-5962,6654,-26,133,20,2
3885,-5970,6748,1,125,28,2
3809,-6018,6957,32,119,30,2
3847,-5979,7036,50,108,19,2
3933,-5934,7055,60,102,10,2
3899,-5877,7099,70,101,20,2
3844,-5894,7118,72,92,40,2
3864,-5912,6996,59,79,55,2
3814,-5921,6872,38,78,56,2
3696,-5943,6859,4,82,52,2
3674,-6026,6703,-29,81,42,2
3747,-6098,6433,-58,98,4,2
3747,-6098,6433,-58,98,4,2
3768,-6106,6442,-38,116,-8,2
3808,-6069,6592,-3,133,-12,2
3646,-6026,6976,28,142,-14,2
3554,-6044,7235,35,125,-24,2
3677,-6057,7206,30,98,-37,2
3754,-5979,7149,32,84,-53,2
3666,-5925,7280,34,75,-51,2
3678,-5937,7291,21,62,-43,2
3776,-5938,7110,3,58,-45,2
3872,-5856,6917,-21,70,-40,2
3867,-5843,6786,-36,94,-21,2
3579,-5934,6791,14,135,-82,2
3276,-5904,7301,-12,141,-59,2
3329,-5929,7205,-27,123,-67,2
3361,-5962,7097,-39,115,-77,2
3421,-5950,6991,-45,117,-80,2
3466,-5895,6908,-44,126,-72,2
3377,-5912,6964,-38,133,-52,2
3259,-6029,7011,-42,136,-29,2
3204,-6110,7009,-47,136,-22,2
3241,-6116,6908,-50,134,-31,2
3271,-6126,6790,-47,140,-32,2
3296,-6135,6700,-45,152,-22,2
3226,-6158,6700,-42,176,-12,2
3008,-6197,6852,-48,201,-9,2
2888,-6281,7008,-66,210,-23,2
2874,-6314,7101,-79,213,-58,2
2889,-6289,7174,-86,203,-95,2
2954,-6228,7195,-83,187,-113,2
2998,-6199,7213,-73,177,-116,2
3031,-6180,7209,-66,179,-109,2
2982,-6177,7206,-67,181,-95,2
2879,-6244,7162,-80,178,-87,2
2812,-6337,7024,-103,176,-90,2
2812,-6337,7024,-103,176,-90,2
2850,-6471,6604,-113,218,-174,2
2850,-6471,6604,-113,218,-174,2
2899,-6448,6684,-80,225,-186,2
3051,-6381,6691,-44,229,-189,2
3142,-6283,6720,-13,240,-183,2
3113,-6179,6908,8,254,-175,2
3074,-6128,7078,11,254,-166,2
3125,-6091,7144,3,249,-160,2
3168,-6056,7166,-7,244,-154,2
3140,-6026,7218,-24,240,-144,2
3071,-6074,7270,-51,229,-133,2
3022,-6153,7331,-86,219,-142,2
3093,-6140,7270,-107,207,-164,2
3105,-6103,7170,-113,185,-177,2
3128,-6100,7076,-109,156,-174,2
3257,-6149,6717,-93,124,-161,2
3257,-6149,6717,-93,124,-161,2
3123,-6209,5602,1,181,-126,2
3123,-6209,5602,1,181,-126,2
3088,-6183,5255,41,209,-211,2
3062,-6132,4948,103,242,-334,2
3040,-6674,4571,178,257,-476,2
3294,-8322,3648,157,186,-940,2
3580,-9575,1490,144,68,-2295,2
6233,-9736,668,765,241,-4448,2
6768,-7531,-538,945,387,-5805,2
6968,-6944,-2371,745,643,-6856,2
6980,-5662,-5042,772,1154,-7913,2
6927,-3511,-7087,486,1690,-8810,2
4871,-3822,-9605,-1004,2530,-9835,2
2090,-2268,-8992,-3159,4265,-11619,2
-1128,-1793,-7612,-4273,5822,-12665,2
-4178,-2680,-4168,-4784,7163,-11380,2
-5735,-2723,1683,-3889,8560,-9025,2
-5818,-2304,6828,-1879,9914,-6050,2
-6410,-4551,11698,-1627,10427,-3054,2
-7229,-7812,18501,-2096,10018,-1275,2
-7593,-10213,24947,-2448,8514,-515,2
-6186,-10708,29618,-2256,6100,-119,2
-2376,-3973,14929,426,-655,-492,2
-2376,-3973,14929,426,-655,-492,2
-1966,-2695,13277,393,-585,-250,2
-1285,-2548,12557,242,-482,54,2
-580,-2983,12494,148,-403,366,2
-187,-3272,12721,177,-409,718,2
-75,-3077,12784,282,-535,1176,2
-225,-2654,12561,300,-778,1705,2
-399,-2552,12255,248,-1052,2276,2
-463,-3056,12178,241,-1265,2838,2
-814,-3320,12291,356,-1457,3481,2
-1477,-3751,12629,419,-1693,4265,2
-2333,-4340,13248,444,-2001,5102,2
-3672,-5061,14431,437,-2510,5934,2
-4995,-5883,16326,539,-3273,6705,2
-5758,-6598,18653,1011,-4109,7166,2
-6038,-6741,21341,1136,-5060,7284,2
-6732,-5949,23101,512,-6406,7583,2
-6380,-3689,20653,-143,-7653,7753,2
-4823,-729,14358,-954,-7605,7233,2
4151,34,-1879,-5323,-4793,-406,2
6476,-392,-4740,-4553,-3747,143,2
7464,-1352,-5816,-3799,-2793,1064,2
6536,-3604,-5763,-3232,-2028,1599,2
5111,-5619,-5247,-2622,-1643,1661,2
4120,-6184,-4914,-1815,-1539,1447,2
3980,-5956,-4872,-1019,-1492,1112,2
2492,-8747,2247,254,133,1069,2
2932,-9095,2663,208,285,873,2
3318,-9155,3170,223,394,608,2
3520,-8997,3820,273,443,354,2
3701,-8724,4491,403,458,171,2
3929,-8328,5060,582,441,107,2
4006,-8184,5582,728,387,115,2
3037,-7387,6332,902,51,224,2
2932,-7738,6288,737,-4,143,2
3379,-7793,5637,490,-17,-17,2
4292,-7036,5007,303,230,51,2
4199,-7304,5254,310,270,130,2
4199,-7304,5254,310,270,130,2
4218,-7275,5381,323,282,169,2
4061,-7175,5704,371,286,222,2
3761,-7211,6208,405,256,272,2
3532,-7260,6543,405,191,298,2
3887,-7191,5705,-72,169,200,2
3887,-7191,5705,-72,169,200,2
3902,-7204,5467,-96,196,222,2
3865,-7184,5202,-69,194,248,2
3720,-7119,5048,14,182,283,2
3414,-7107,5148,111,172,318,2
3053,-7212,5473,178,153,320,2
2663,-7322,5925,195,111,271,2
2604,-7459,6046,173,51,182,2
2909,-7477,5911,142,13,86,2
3261,-7296,5761,110,19,5,2
3533,-7132,5643,91,39,-28,2
3697,-6988,5533,101,66,-4,2
3787,-6908,5412,133,97,55,2
3650,-6908,5444,169,119,129,2
3272,-7049,5670,190,117,186,2
2846,-7247,6045,194,90,198,2
2710,-7436,6155,192,42,166,2
3106,-7289,5728,128,19,18,2
3106,-7289,5728,128,19,18,2
3056,-7318,5825,121,36,16,2
2988,-7340,5947,126,49,10,2
2962,-7327,6033,134,40,0,2
3027,-7316,5958,155,12,-4,2
3152,-7306,5816,188,-13,-5,2
3244,-7236,5701,226,-26,0,2
3283,-7168,5680,260,-16,5,2
3235,-7103,5798,280,1,5,2
3086,-7049,6012,287,10,5,2
2949,-7064,6171,268,-1,-2,2
2976,-7085,6126,239,-22,-23,2
3146,-7000,5928,208,-31,-49,2
3210,-6915,5727,178,-20,-64,2
3202,-6902,5693,153,6,-63,2
3234,-6911,5634,145,34,-55,2
3290,-6859,5473,150,54,-54,2
3290,-6798,5342,161,70,-43,2
3278,-6818,5148,183,88,-17,2
3217,-6854,4934,213,111,3,2
3046,-6960,4788,246,122,6,2
2964,-7087,4660,300,125,-5,2
2942,-7176,4783,392,134,-34,2
2906,-7149,5197,515,147,-68,2
2882,-7040,5693,630,136,-99,2
2944,-6980,6119,718,116,-117,2
3050,-6912,6591,782,118,-140,2
3137,-6760,7100,827,126,-160,2
3102,-6650,7699,833,127,-175,2
3100,-6561,8291,805,118,-200,2
3207,-6391,8615,746,84,-221,2
3359,-6220,8661,649,32,-229,2
3481,-6077,8517,529,-17,-214,2
3629,-5991,8166,402,-53,-178,2
3700,-5949,7764,294,-64,-133,2
3567,-5994,7521,204,-60,-96,2
3493,-6049,7337,133,-51,-75,2
3498,-6022,7121,84,-41,-62,2
3444,-5990,7016,51,-32,-51,2
3345,-6033,7079,26,-32,-34,2
3359,-6089,7018,7,-38,-16,2
3459,-6103,6830,-2,-36,-4,2
3484,-6092,6671,-7,-29,9,2
3351,-6162,6725,0,-17,31,2
3222,-6264,6798,1,-14,42,2
3235,-6312,6693,0,-21,30,2
3355,-6287,6480,-3,-17,16,2
3337,-6284,6516,1,7,17,2
3168,-6305,6841,1,27,15,2
3138,-6305,6911,0,23,7,2
3283,-6259,6686,-4,7,-4,2
3340,-6232,6517,4,3,0,2
3138,-6373,6757,9,0,10,2
3112,-6464,6981,14,-5,-10,2
3245,-6356,6946,17,-19,-52,2
3401,-6215,6761,22,-32,-63,2
3343,-6171,6745,32,-30,-39,2
3202,-6304,6893,15,-36,-14,2
3228,-6420,6918,-9,-30,-23,2
3332,-6356,6803,-21,-20,-61,2
3527,-6228,6636,-11,-13,-62,2
3604,-6192,6645,21,0,-24,2
3353,-6195,6999,48,6,10,2
3225,-6255,7125,44,-9,21,2
3328,-6251,6961,18,-25,7,2
3365,-6234,6815,-8,-23,-10,2
3269,-6250,6943,-26,-19,-14,2
3502,-6262,6601,-26,-18,-1,2
3435,-6234,6701,-10,0,18,2
3310,-6264,6820,-11,6,34,2
3141,-6306,6976,-21,5,33,2
2988,-6378,7222,-53,-1,13,2
3085,-6421,7200,-94,-15,-20,2
3281,-6372,6986,-128,-27,-56,2
3416,-6314,6816,-148,-22,-69,2
3416,-6314,6816,-148,-22,-69,2
3493,-6319,6577,-126,6,-23,2
3493,-6319,6577,-126,6,-23,2
3428,-6369,6572,-100,9,-11,2
3312,-6402,6601,-72,0,-9,2
3228,-6453,6664,-56,-17,-18,2
3227,-6476,6743,-49,-30,-37,2
3290,-6437,6754,-54,-38,-63,2
3300,-6386,6816,-70,-43,-79,2
3355,-6371,6911,-91,-41,-86,2
3429,-6317,6966,-105,-33,-88,2
3529,-6245,6908,-111,-36,-82,2
3644,-6213,6775,-91,-43,-52,2
3662,-6186,6630,-51,-49,-12,2
3596,-6180,6531,-16,-55,22,2
3514,-6256,6691,1,-19,-2,2
3514,-6256,6691,1,-19,-2,2
3380,-6239,6864,7,-25,12,2
3215,-6320,7071,-13,-36,15,2
3198,-6435,7078,-53,-57,-8,2
3354,-6463,6891,-86,-71,-45,2
3463,-6438,6694,-101,-71,-68,2
3510,-6398,6591,-92,-69,-67,2
3548,-6318,6444,-41,-62,-37,2
3554,-6319,6384,-39,-52,-27,2
3390,-6494,6261,-71,-19,-35,2
3399,-6500,6278,-66,-21,-56,2
3507,-6434,6284,-51,-20,-73,2
3638,-6323,6229,-27,-14,-72,2
3729,-6276,6124,1,-6,-46,2
3757,-6204,5998,27,9,-12,2
3735,-6177,5897,47,36,8,2
3636,-6281,5764,61,66,15,2
3474,-6583,5479,72,78,-64,2
3357,-7048,4650,91,65,-315,2
4054,-8097,3197,-22,-42,-880,2
4065,-9012,738,-192,-217,-1976,2
6055,-10241,-679,421,-20,-3776,2
6718,-9189,-1963,509,-80,-5296,2
6610,-7830,-4447,319,-68,-6383,2
6650,-4904,-6257,776,374,-7079,2
7151,-3023,-7515,922,862,-7479,2
6161,-2893,-8262,690,1790,-7970,2
2660,-3098,-8016,-272,2995,-8395,2
1642,-1310,-7344,-544,4740,-9366,2
-282,-1336,-6316,-1653,6173,-9178,2
-2164,-3357,-4405,-2881,7477,-8195,2
-8657,-5709,6043,-1495,11202,-3105,2
-10931,-6417,11188,-2568,11169,-2098,2
-11502,-6851,18785,-3372,10517,-1277,2
-11943,-7033,27039,-3402,9607,-287,2
-12192,-7978,-31844,-2338,7763,688,2
-10831,-8506,-31022,-251,4850,1180,2
-9608,-8158,28282,1674,1840,1166,2
-7704,-7254,20092,2344,-198,725,2
-6352,-5104,15062,2258,-495,191,2
-6119,-3380,13215,1323,-317,42,2
-6092,-2300,13337,769,64,47,2
-5542,-2111,14444,620,277,152,2
-4878,-2297,15367,606,193,356,2
-4332,-2434,15669,733,-87,567,2
-4030,-2244,15427,1017,-451,890,2
-3914,-1850,14907,1310,-828,1392,2
-4052,-1401,14315,1348,-1219,2059,2
-4650,-1313,14166,1073,-1673,2893,2
-5284,-1859,14602,659,-2228,3908,2
-6471,-1990,15653,749,-2951,4966,2
-8636,-2525,17743,1188,-3848,5787,2
-10543,-3480,21690,1185,-4900,6434,2
-11860,-4193,26463,540,-6365,7010,2
-11368,-3037,27871,-258,-8390,7291,2
-11080,475,23499,-1504,-9982,6729,2
-9514,4363,15018,-3285,-10053,4990,2
-7282,6209,11353,-5219,-9155,2998,2
-1583,5848,7635,-6481,-8529,1229,2
5490,6781,2037,-5962,-7359,-921,2
3743,7168,1004,-5911,-7148,-602,2
4857,7138,-4629,-6275,-6823,1787,2
7312,4485,-7337,-5450,-5307,3735,2
7935,-441,-5887,-4494,-3844,4797,2
6363,-3737,-5669,-3644,-3102,4881,2
4587,-5547,-5122,-2452,-2500,4443,2
3750,-6152,-3759,-1504,-2143,3751,2
3621,-6132,-3451,-910,-2022,3001,2
3662,-5877,-3639,-622,-1924,2363,2
3775,-5804,-3542,-383,-1779,1904,2
3735,-5776,-3323,-232,-1604,1710,2
3557,-5865,-3177,-151,-1392,1716,2
3305,-6507,-3025,-117,-1150,1804,2
2851,-7313,-2856,-188,-896,1850,2
2851,-7313,-2856,-188,-896,1850,2
2482,-7927,-2664,-256,-649,1784,2
2473,-8400,-2528,-205,-413,1665,2
2563,-8862,-2329,-64,-191,1506,2
2669,-9374,-1942,115,-18,1262,2
2833,-9598,-1236,326,98,912,2
3143,-9324,-503,564,180,557,2
3536,-8828,177,835,264,294,2
3791,-8328,875,1086,337,202,2
3751,-8047,1760,1310,404,203,2
3323,-7957,2936,1491,438,200,2
2985,-7903,4059,1632,445,170,2
2561,-7843,5267,1691,435,88,2
2473,-7778,6071,1652,381,-29,2
2897,-7562,6241,1556,312,-140,2
3508,-7221,6071,1456,284,-219,2
3929,-6845,5918,1390,287,-241,2
4277,-6556,5735,1365,291,-205,2
4348,-6265,5650,1383,291,-124,2
3946,-6219,5927,1422,276,-21,2
3593,-6368,6352,1468,243,39,2
3477,-6365,6618,1497,198,39,2
3514,-6261,6653,1462,144,22,2
3770,-6135,6402,1369,111,17,2
4066,-6013,6077,1254,134,28,2
3715,-6201,6289,922,333,131,2
3398,-6411,6760,888,375,140,2
3102,-6563,7332,885,370,109,2
2992,-6598,7765,887,318,46,2
3058,-6532,7916,882,246,-16,2
3235,-6393,7915,866,189,-71,2
3417,-6179,7762,835,157,-109,2
3608,-5977,7504,787,140,-125,2
3800,-5826,7169,735,145,-115,2
3911,-5776,6918,710,175,-86,2
3847,-5718,6961,740,217,-52,2
3302,-5705,7677,797,239,-31,2
2747,-5784,8591,845,187,-68,2
2779,-5713,9098,858,83,-129,2
3687,-5308,8825,689,-75,-183,2
3992,-5163,8450,563,-71,-150,2
4002,-5211,7059,180,119,103,2
3663,-5267,7058,180,153,151,2
3073,-5379,7529,199,146,159,2
2804,-5469,7872,211,90,121,2
2913,-5473,7844,193,17,87,2
3209,-5488,7456,146,-29,50,2
3521,-5439,7077,109,-17,17,2
3645,-5334,6893,95,26,17,2
3735,-5157,6396,103,149,129,2
3249,-5165,6826,105,197,157,2
3170,-5221,8463,-29,164,-30,2
3425,-5166,8458,-46,145,-49,2
3602,-5122,8437,-49,127,-33,2
3599,-5140,8387,-50,106,3,2
3567,-5214,8333,-51,96,38,2
3351,-5247,8442,-61,95,57,2
3083,-5311,8611,-100,76,53,2
2984,-5355,8549,-164,47,26,2
3056,-5387,8294,-255,27,-16,2
3259,-5389,8045,-352,36,-61,2
3383,-5270,7898,-410,63,-86,2
3429,-5215,7761,-418,69,-79,2
3527,-5259,7552,-368,47,-39,2
3585,-5298,7422,-268,19,7,2
3480,-5342,7502,-145,-3,57,2
3272,-5407,7650,-38,-38,95,2
3167,-5476,7676,26,-78,104,2
3058,-5500,7750,45,-99,82,2
2976,-5524,7948,28,-103,31,2
3052,-5475,8089,2,-107,-25,2
3288,-5338,8037,-13,-117,-66,2
3511,-5215,7914,-11,-133,-68,2
3675,-5170,7817,13,-145,-33,2
3713,-5168,7794,47,-152,5,2
3706,-5160,7719,72,-160,35,2
3621,-5150,7648,88,-166,55,2
3567,-5178,7614,88,-172,62,2
3551,-5144,7600,79,-180,51,2
3502,-5112,7613,63,-187,36,2
3537,-5093,7625,46,-192,23,2
3642,-5041,7649,36,-193,12,2
3725,-4999,7620,35,-194,19,2
3763,-4993,7603,52,-200,41,2
3954,-5163,7114,43,-217,46,2
3999,-5086,7236,80,-206,47,2
4011,-5014,7363,129,-209,69,2
4011,-5014,7363,129,-209,69,2
4061,-4952,7418,171,-214,100,2
4121,-4902,7312,193,-210,136,2
4083,-4933,7193,193,-201,168,2
3859,-4977,7285,174,-184,175,2
3623,-5010,7559,140,-179,156,2
3622,-5050,7691,90,-183,119,2
3865,-5054,7534,47,-185,92,2
4109,-5060,7418,33,-172,87,2
4235,-5075,7477,49,-150,107,2
4307,-5016,7313,118,-124,185,2
4179,-5005,7285,117,-99,199,2
3943,-5043,7455,95,-83,190,2
3828,-5128,7622,61,-84,162,2
3859,-5138,7715,36,-89,119,2
3972,-5128,7691,21,-98,86,2
4130,-5157,7637,30,-96,88,2
4206,-5183,7696,52,-83,103,2
4172,-5148,7796,74,-75,120,2
4114,-5117,7811,91,-76,140,2
4096,-5124,7753,102,-77,164,2
3975,-5141,7774,105,-74,177,2
3700,-5158,7854,94,-81,174,2
3824,-5268,7448,-44,-141,77,2
3683,-5169,7605,-17,-101,-39,2
3816,-5103,7788,-27,-106,-62,2
3927,-5044,7859,-27,-117,-67,2
3952,-5012,7929,-22,-133,-59,2
3952,-5011,7891,-23,-151,-43,2
3942,-5027,7778,-34,-170,-35,2
3985,-5062,7533,-54,-175,-38,2
4000,-5066,7243,-72,-167,-42,2
3932,-5081,7033,-85,-153,-42,2
3872,-5153,6824,-96,-147,-45,2
3949,-5166,6494,-99,-136,-51,2
3981,-5201,6111,-92,-110,-53,2
3945,-5250,5819,-69,-69,-53,2
3820,-5372,5593,-36,-23,-70,2
3626,-5646,5365,-14,23,-191,2
3529,-5658,4885,-6,59,-465,2
3723,-5862,4119,48,85,-861,2
4355,-6941,3386,139,84,-1425,2
4862,-7519,1533,201,90,-2494,2
7168,-7188,-477,744,291,-4028,2
7709,-6025,-3902,775,600,-4978,2
8077,-5339,-5992,673,1164,-5609,2
8389,-5466,-7361,48,1633,-6689,2
-7835,-6784,17955,-1416,9464,-2514,2
-6583,-11038,23542,-1249,8151,-450,2
-4958,-10033,26570,-2039,5757,360,2
-3478,-11260,27874,-2042,3638,814,2
-2877,-10200,25715,-651,2222,772,2
-2958,-7550,21359,80,1086,517,2
-2700,-5664,18060,-314,188,181,2
-268,-4163,14022,-19,105,361,2
-268,-4163,14022,-19,105,361,2
65,-3932,13484,414,218,527,2
258,-3586,12777,874,321,695,2
566,-3602,11995,1259,401,781,2
799,-3792,11383,1437,415,784,2
794,-3823,11051,1428,348,723,2
679,-3775,11013,1319,246,634,2
432,-3259,11037,1214,142,613,2
88,-2546,10993,1093,20,641,2
-175,-1727,10925,868,-147,785,2
-511,-928,10807,568,-351,1111,2
-984,-326,10816,257,-534,1671,2
-1274,-553,11028,-73,-718,2428,2
-1365,-1917,11676,-357,-956,3055,2
-1895,-4108,13000,-646,-1292,3487,2
-2863,-6621,14624,-806,-1807,3918,2
-4064,-8248,16161,-631,-2647,4460,2
-5032,-7491,17961,64,-3675,4961,2
-5828,-6262,20981,725,-4610,5489,2
-5994,-5195,24562,1202,-5626,5991,2
-6879,-3929,26462,1576,-7005,6672,2
-7506,-1954,23010,1347,-8040,7191,2
-6701,660,16903,293,-8078,6926,2
-3052,1899,11958,-1332,-7491,6057,2
2038,144,5120,-2508,-6321,4279,2
8585,-1502,2867,-3097,-5069,1215,2
7526,2534,79,-4730,-5206,1088,2
7649,2649,-4832,-5347,-4387,1767,2
7649,2649,-4832,-5347,-4387,1767,2
7697,-543,-4103,-4114,-2938,2185,2
5414,-5397,-1720,-2250,-1976,2692,2
5414,-5397,-1720,-2250,-1976,2692,2
4515,-5581,-1240,-1721,-1853,2171,2
4201,-4992,-1188,-1314,-1815,1501,2
4496,-4622,-1806,-1048,-1752,1135,2
4911,-4687,-1871,-764,-1576,1050,2
5091,-4793,-1549,-480,-1358,1087,2
4786,-4952,-913,-263,-1147,1134,2
4100,-5274,-149,-182,-995,1206,2
3539,-5942,395,-217,-852,1259,2
3532,-6672,614,-295,-678,1192,2
3861,-6984,652,-354,-483,1023,2
3925,-7198,882,-365,-299,814,2
4144,-7360,1076,-325,-139,617,2
4391,-7247,1352,-216,-1,459,2
4631,-7162,1677,-55,102,376,2
4707,-7164,2308,142,177,359,2
4424,-7176,3259,339,225,353,2
4176,-7213,4191,495,225,340,2
4134,-7228,4886,596,198,293,2
4041,-7133,5572,635,166,217,2
3845,-7043,6284,606,140,119,2
3857,-6950,6736,526,113,2,2
4156,-6839,6833,404,90,-100,2
4508,-6736,6713,283,87,-170,2
4755,-6610,6464,212,84,-206,2
4968,-6448,6141,209,79,-188,2
5023,-6320,5921,265,76,-119,2
5023,-6221,5684,341,58,-44,2
5011,-6089,5442,405,35,23,2
4699,-5960,5487,444,25,78,2
4200,-6001,5834,439,2,102,2
4877,-6057,5433,189,23,80,2
4877,-6057,5433,189,23,80,2
4848,-6086,5553,159,74,121,2
4796,-6150,5628,150,93,180,2
4525,-6281,5772,141,89,226,2
4282,-6458,5814,124,63,239,2
4235,-6595,5603,105,47,222,2
4351,-6659,5321,89,58,183,2
4438,-6410,6500,335,42,21,2
4438,-6410,6500,335,42,21,2
4349,-6361,6712,315,22,-10,2
4357,-6287,6797,258,7,-50,2
4455,-6209,6737,167,6,-85,2
4717,-6094,6463,72,22,-103,2
4818,-6040,6325,7,44,-83,2
4678,-6079,6348,-15,49,-46,2
4620,-6131,6234,1,36,-8,2
4359,-6196,6067,142,100,22,2
3889,-6311,6741,163,69,59,2
3956,-6380,6703,132,37,25,2
4185,-6383,6458,100,25,-10,2
4428,-6313,6226,80,36,-35,2
4599,-6234,6118,86,59,-40,2
4616,-6165,6131,113,80,-18,2
4608,-6118,6199,150,85,17,2
4517,-6104,6259,189,75,50,2
3956,-6076,6846,68,1,59,2
3956,-6076,6846,68,1,59,2
3883,-6129,6827,41,-19,35,2
3954,-6166,6705,17,-37,4,2
4112,-6120,6542,3,-39,-29,2
4200,-6016,6493,4,-23,-43,2
4210,-5947,6599,13,-9,-32,2
4191,-5921,6669,23,-3,-12,2
4203,-5903,6626,27,-4,7,2
4015,-6052,6550,-27,-37,-1,2
4015,-6052,6550,-27,-37,-1,2
4188,-6038,6316,-41,-31,-23,2
4277,-5996,6209,-33,-11,-26,2
4264,-5989,6258,-10,7,-10,2
4224,-5974,6440,13,20,6,2
4174,-5946,6604,33,23,21,2
4104,-5948,6763,39,20,28,2
4107,-5986,6838,-39,-43,-14,2
4107,-5986,6838,-39,-43,-14,2
4186,-5992,6705,-60,-49,-24,2
4273,-6000,6543,-68,-71,-54,2
4273,-6000,6543,-68,-71,-54,2
4288,-6015,6415,-60,-72,-41,2
4223,-5994,6348,-49,-68,-33,2
4059,-6031,6389,-46,-69,-36,2
3964,-6062,6472,-53,-80,-60,2
4011,-6047,6458,-69,-101,-94,2
4310,-6002,6591,-17,-4,-166,2
4389,-6100,6313,-59,-63,-55,2
4389,-6100,6313,-59,-63,-55,2
-3317,565,-6578,-1336,6415,-10549,2
-8284,-87,-1745,-2964,7996,-11724,2
-11998,-1842,5071,-4122,9665,-10921,2
-12918,-1241,11413,-4252,10709,-7721,2
-11843,-3480,18654,-3823,10478,-3622,2
-10055,-9834,26143,-3469,9045,-199,2
-7249,-14790,30116,-2401,6947,976,2
-4400,-5412,21590,-194,-59,-976,2
-3870,-3295,18421,30,-605,-617,2
-2905,-2633,16245,400,-652,-70,2
-1831,-2694,14838,788,-476,493,2
-1091,-2976,13968,1059,-355,1012,2
-683,-3226,13539,1188,-364,1565,2
-763,-3089,13483,1285,-468,2247,2
-1072,-2842,13636,1393,-637,3122,2
-1792,-2695,13969,1506,-910,4060,2
-2442,-3281,14514,1465,-1356,4968,2
-2442,-3281,14514,1465,-1356,4968,2
-3219,-3827,15221,1488,-2014,5896,2
-4018,-4295,15774,1744,-2782,6745,2
-7538,-2232,18523,-138,-6247,9175,2
-7538,-2232,18523,-138,-6247,9175,2
-6019,-1461,14891,-1538,-6386,8415,2
-4077,104,11482,-3232,-5773,6854,2
-2904,-2592,9417,-4688,-5107,4064,2
4273,-5215,9912,-4817,-4501,-773,2
2164,1721,7088,-6130,-5578,-2380,2
5278,4271,-389,-7253,-5135,-1682,2
10722,2230,-2735,-5636,-3539,-651,2
6841,-5424,-561,-2310,-1426,2293,2
6841,-5424,-561,-2310,-1426,2293,2
4984,-6714,627,-1372,-1478,1854,2
4756,-5602,812,-1043,-1581,1229,2
4228,-4867,557,-1077,-1527,901,2
3811,-5286,681,-961,-1338,820,2
3733,-5655,840,-855,-1136,770,2
3849,-5749,805,-779,-984,674,2
3968,-5960,561,-739,-860,581,2
4183,-6126,280,-696,-735,534,2
4430,-6316,193,-606,-574,549,2
4345,-6537,466,-477,-395,597,2
3982,-6860,903,-338,-263,619,2
3674,-7234,1429,-184,-173,593,2
3463,-7486,1933,-27,-105,525,2
3396,-7622,2397,85,-62,394,2
3713,-7617,2717,139,-14,224,2
4210,-7484,2982,176,61,75,2
4540,-7316,3373,210,143,-17,2
4889,-6881,4711,333,304,0,2
5244,-6269,5105,440,183,1,2
5244,-6269,5105,440,183,1,2
5071,-6164,5159,544,193,110,2
4098,-6118,5812,601,165,186,2
3402,-6419,6359,564,67,170,2
3756,-6596,6241,483,-4,120,2
4407,-6522,5802,358,3,52,2
4558,-6567,6482,131,182,78,2
4558,-6567,6482,131,182,78,2
4646,-6587,6353,162,153,102,2
4648,-6568,6152,209,126,133,2
4559,-6524,6009,264,99,169,2
4391,-6490,5910,317,79,191,2
4193,-6444,5946,351,61,195,2
3853,-6460,6213,353,42,169,2
3772,-6529,6336,331,15,116,2
3972,-6498,6220,294,-2,68,2
4175,-6415,6146,248,7,41,2
4319,-6368,6215,225,37,37,2
4404,-6070,6144,127,-10,-51,2
4400,-5968,6283,148,18,-32,2
4393,-5952,6444,167,34,0,2
4371,-5949,6537,183,35,26,2
4277,-5946,6586,189,25,46,2
4234,-5991,6597,186,9,61,2
4219,-6051,6538,180,-1,63,2
4297,-6018,6464,173,-8,58,2
4301,-5937,6453,112,14,57,2
4304,-5919,6519,85,38,63,2
4346,-5944,6541,64,58,78,2
4345,-5941,6547,63,71,94,2
4122,-5994,6785,88,68,123,2
4041,-6215,6474,-41,-29,54,2
4041,-6215,6474,-41,-29,54,2
4142,-6210,6220,-38,-14,50,2
4169,-6172,6174,-4,4,56,2
4188,-6099,6197,36,16,73,2
4197,-6039,6196,74,26,98,2
4180,-6008,6246,99,35,126,2
3999,-6004,6416,102,49,141,2
3827,-6018,6599,96,59,140,2
3802,-6071,6721,77,62,128,2
3725,-6120,6835,53,60,106,2
3720,-6148,6878,26,44,77,2
3782,-6185,6827,-1,29,49,2
3864,-6203,6760,-17,26,24,2
4134,-6100,6547,28,30,38,2
4134,-6100,6547,28,30,38,2
4116,-6063,6525,58,41,67,2
3545,-6253,6747,-15,18,60,2
3545,-6253,6747,-15,18,60,2
3756,-6317,6462,-64,9,12,2
3956,-6295,6214,-75,25,-20,2
4057,-6211,6164,-38,50,-21,2
4042,-6122,6352,21,67,6,2
3963,-6056,6604,75,69,43,2
3832,-6070,6851,107,67,67,2
3866,-6132,6917,17,-38,-10,2
3866,-6132,6917,17,-38,-10,2
3970,-6110,6793,33,-54,-5,2
4014,-6058,6630,38,-55,10,2
3926,-6067,6562,32,-48,26,2
3944,-6076,6369,-7,31,-29,2
3968,-6016,6488,23,33,-7,2
3974,-5972,6569,42,31,11,2
4002,-5977,6604,51,35,25,2
3913,-5953,6723,48,42,33,2
3731,-5978,6950,31,41,35,2
3654,-6071,7022,-4,18,25,2
3709,-6105,6779,10,34,41,2
3605,-6156,6927,-9,12,21,2
3654,-6154,6962,-35,-13,-15,2
3784,-6130,6932,-47,-36,-41,2
3906,-6113,6869,-51,-52,-46,2
3996,-6122,6794,-50,-55,-34,2
4024,-6107,6682,-51,-53,-12,2
4049,-6114,6514,-47,-51,7,2
3913,-6142,6399,-41,-46,20,2
3814,-6198,6335,-44,-50,21,2
3863,-6231,6112,-50,-56,6,2
3871,-6202,5901,-56,-52,-11,2
3864,-6226,5880,-59,-34,-20,2
3804,-7778,13,-264,262,-825,2
9738,-5557,-12496,1295,2832,-8691,2
7796,-2628,-11129,1238,3538,-9955,2
1568,537,-9283,857,5103,-11274,2
-7077,3573,-3866,-1058,7650,-12368,2
-12318,3071,3833,-2410,9417,-12968,2
-12962,-2005,9834,-2833,10389,-11132,2
-10762,-3355,14107,-2690,11048,-7394,2
-5031,-12024,30670,339,3654,1068,2
-1242,-2589,13974,-34,-204,370,2
-1242,-2589,13974,-34,-204,370,2
-458,-3065,13192,88,-67,558,2
282,-3544,12387,186,-13,699,2
820,-3920,11913,295,25,734,2
1010,-3899,11723,500,82,671,2
944,-3337,11535,656,66,629,2
873,-3037,11317,654,-59,624,2
193,-2103,10662,573,-422,966,2
193,-2103,10662,573,-422,966,2
-171,-1429,10752,479,-474,1295,2
-575,-875,11048,386,-539,1820,2
-973,-632,11603,255,-696,2578,2
-1574,-955,12397,136,-1018,3508,2
-2426,-2399,13634,86,-1495,4420,2
-3512,-4186,15556,131,-2181,5358,2
-4344,-4772,17769,414,-3220,6457,2
-4902,-4484,19077,1082,-4411,7376,2
-5527,-3372,19117,1552,-5455,7956,2
-6349,-2463,18960,1366,-6137,8055,2
-6731,-2090,17941,357,-6496,7947,2
-5128,-841,15632,-1244,-6389,7580,2
-3094,164,13860,-3184,-6029,6596,2
-2108,-239,11160,-4703,-5851,4696,2
3438,-3106,4568,-5339,-5383,1773,2
4794,-4940,-918,-694,-1134,137,2
5047,-4933,-592,-431,-884,251,2
5154,-5153,-165,-222,-655,468,2
4947,-5432,164,-104,-478,630,2
4344,-5547,726,-23,-317,730,2
3384,-5865,1654,23,-190,818,2
2809,-6318,2375,38,-114,853,2
2755,-6765,2699,4,-63,812,2
3909,-7435,3011,111,231,392,2
4180,-7261,3470,257,321,317,2
4422,-7188,4036,430,371,316,2
4417,-7096,4763,625,399,342,2
4014,-6918,5595,816,393,365,2
3514,-6850,6385,948,346,380,2
3313,-6878,6963,1000,288,357,2
3335,-6790,7277,967,247,292,2
3247,-6638,7689,869,223,202,2
3223,-6544,8066,733,180,103,2
3510,-6441,8023,602,132,31,2
3931,-6305,7695,495,110,-1,2
4168,-6148,7391,426,100,10,2
3964,-6088,7388,386,73,46,2
3681,-6165,7461,366,22,71,2
3695,-6213,7300,355,-43,88,2
3921,-6219,6846,330,-90,121,2
4231,-6229,6295,302,-91,157,2
3444,-6280,6332,260,36,281,2
3082,-6555,6623,216,47,261,2
3094,-6730,6639,149,54,198,2
3241,-6761,6539,71,71,113,2
3477,-6671,6721,9,134,13,2
3453,-6589,6942,39,127,5,2
3599,-6488,6665,54,-45,-63,2
3852,-6395,6316,63,-43,-75,2
3956,-6270,6141,95,-18,-66,2
3927,-6173,6178,135,17,-42,2
3853,-6103,6311,164,52,-12,2
3821,-6025,6372,176,71,13,2
3569,-5958,6598,168,74,32,2
3154,-6070,7054,148,56,36,2
3702,-6144,6845,109,-53,-54,2
3847,-6044,6743,116,-45,-42,2
3799,-6045,6835,119,-26,-12,2
3760,-6037,6865,111,-12,6,2
3753,-6002,6806,94,-1,16,2
3759,-5968,6769,82,5,30,2
3460,-6130,6729,57,53,122,2
3629,-6203,6951,51,13,2,2
3629,-6203,6951,51,13,2,2
3691,-6152,7010,84,7,19,2
3674,-6140,7004,104,0,44,2
3590,-6146,7033,105,-3,66,2
3542,-6116,7003,87,-10,74,2
3481,-6122,6937,50,-15,68,2
3471,-6158,6779,9,-17,56,2
3471,-6171,6627,-15,-12,39,2
3544,-6034,7059,10,-39,-64,2
3561,-6008,7042,19,-42,-49,2
3635,-5997,6895,23,-46,-27,2
3721,-5990,6697,34,-37,-6,2
3779,-5972,6567,57,-18,17,2
3830,-5927,6448,86,1,51,2
3781,-5917,6401,117,24,90,2
3584,-5930,6512,136,50,123,2
3232,-5991,6845,127,63,127,2
3106,-6075,7043,80,52,94,2
3199,-6112,7029,33,37,47,2
3294,-6106,7057,7,35,12,2
3414,-6093,7042,9,30,0,2
3471,-6087,7082,76,20,17,2
3512,-6037,7063,92,20,20,2
3541,-6009,7010,98,16,27,2
3354,-6052,7133,20,40,4,2
3330,-6040,7227,27,30,5,2
3308,-6019,7251,31,16,0,2
3284,-6028,7279,23,-2,-5,2
3371,-6064,7193,10,-21,-13,2
3453,-6055,7054,1,-27,-22,2
3531,-6018,6890,3,-26,-22,2
3465,-5992,6867,15,-22,-9,2
3494,-5996,7162,2,-10,-3,2
3505,-5989,7069,-11,-7,-4,2
3519,-6032,6987,-17,-4,5,2
3511,-6059,6893,-16,-3,14,2
3398,-6083,6841,0,1,19,2
3413,-6095,6827,8,0,17,2
3405,-6079,6857,22,6,14,2
3278,-6034,7112,28,11,10,2
3176,-6021,7280,15,0,1,2
3220,-6052,7280,-12,-18,-22,2
3337,-6039,7164,-37,-26,-46,2
3419,-6016,7064,-46,-25,-54,2
3580,-5953,6803,0,-26,-12,2
3592,-5948,6793,6,-17,2,2
3581,-5954,6761,4,0,16,2
3612,-5941,7170,-29,-56,-60,2
3822,-6035,6484,-147,-131,-85,2
3846,-6059,6355,-126,-109,-59,2
3678,-6026,6369,-21,-29,2,2
3678,-6026,6369,-21,-29,2,2
3738,-5988,6356,-11,-12,10,2
3657,-5955,6505,0,14,21,2
3566,-5974,6727,5,28,33,2
3523,-6013,6899,9,29,35,2
3403,-6021,7090,11,17,29,2
3396,-6043,7199,0,-7,14,2
3501,-6058,7089,-14,-29,0,2
3584,-6076,6958,-23,-35,-6,2
3578,-6085,6924,-28,-25,-10,2
3612,-6077,6887,-31,-15,-14,2
3598,-6047,6872,-32,-14,-16,2
3595,-6025,6875,-30,-18,-13,2
3499,-6033,6906,-24,-31,-13,2
3436,-6071,6926,-25,-56,-23,2
3514,-6058,6773,-26,-77,-45,2
3658,-6014,6617,-27,-85,-62,2
3791,-5948,6440,-19,-79,-62,2
3855,-5889,6239,-10,-67,-46,2
3923,-5883,5984,6,-48,-21,2
3931,-5854,5727,33,-13,7,2
3849,-5820,5584,64,26,35,2
3695,-5790,5498,89,59,54,2
3630,-5780,5297,105,89,61,2
3574,-5771,5016,118,128,46,2
3326,-6035,4731,124,167,-36,2
2846,-6684,3867,116,144,-341,2
2590,-7939,2275,167,0,-963,2
3065,-9262,-250,214,-241,-1977,2
6623,-10609,-4385,305,-283,-4253,2
8098,-8059,-7083,822,-36,-6165,2
8621,-5181,-9398,1069,557,-7013,2
4292,-5241,-11200,-352,2924,-11067,2
4292,-5241,-11200,-352,2924,-11067,2
-368,-399,-6857,-1283,5920,-14645,2
-8475,2205,-1878,-2901,8311,-15533,2
-11784,-2218,4571,-4947,9752,-12868,2
-8685,-2937,11330,-4336,11190,-8696,2
-7855,-3096,16030,-2680,11110,-3580,2
-7614,-7981,21610,-2163,9398,116,2
-6962,-10387,26580,-1736,7345,999,2
-5245,-10733,28256,-1792,4757,397,2
-2338,-9004,23869,-1167,844,-414,2
-2338,-9004,23869,-1167,844,-414,2
-2245,-6142,20151,21,179,-490,2
-2190,-3520,17063,678,-98,-272,2
-1585,-2462,14777,715,-246,-6,2
-408,-2810,12619,604,52,549,2
-408,-2810,12619,604,52,549,2
-108,-2954,12554,662,313,767,2
107,-3016,12835,729,458,918,2
125,-2894,13058,771,425,1055,2
168,-2772,13099,729,238,1205,2
130,-2621,12913,584,-67,1415,2
179,-2516,12519,437,-417,1589,2
89,-2275,12047,280,-730,1710,2
-158,-1910,11783,35,-996,1947,2
-605,-1545,11834,-217,-1226,2408,2
-948,-1565,12178,-335,-1454,3051,2
-1416,-2085,12882,-138,-1738,3844,2
-2140,-3038,14012,226,-2233,4726,2
-2535,-3413,15138,709,-2875,5582,2
-2861,-3444,16263,1222,-3456,6345,2
-3403,-3108,17570,1383,-4093,7067,2
-4106,-2500,18386,1270,-5006,7957,2
-4418,-2408,17435,1053,-5741,8612,2
-3918,-1984,14700,294,-5952,8635,2
-2195,-1709,12099,-745,-5532,8161,2
-116,-1511,10242,-1802,-4906,7244,2
1030,-2694,8557,-3012,-4509,5747,2
4168,-4788,5986,-3982,-4130,3477,2
4829,-1987,865,-4645,-2960,858,2
4388,-6409,99,-1594,-976,773,2
4388,-6409,99,-1594,-976,773,2
4185,-6545,-116,-1274,-958,552,2
4403,-6029,-341,-860,-893,402,2
4562,-5828,-275,-559,-762,417,2
4309,-5960,22,-362,-603,492,2
3748,-5983,591,-178,-472,560,2
3196,-7091,2847,241,-47,381,2
3196,-7091,2847,241,-47,381,2
3377,-7172,3366,292,25,267,2
3652,-7043,3596,328,105,159,2
4011,-6684,3867,434,205,127,2
4259,-6626,4322,538,303,167,2
4458,-6675,4811,614,381,210,2
4659,-6472,5106,701,440,237,2
4783,-6198,5328,854,490,294,2
4332,-6098,6447,1069,512,327,2
2698,-5682,8526,1134,412,327,2
1836,-5856,9725,1002,209,288,2
2452,-6355,9450,699,63,215,2
3241,-6354,8497,354,1,64,2
3743,-5785,7848,238,10,-3,2
3897,-5912,7768,207,69,27,2
3897,-5912,7768,207,69,27,2
3849,-6265,7838,125,96,34,2
3899,-6135,7569,24,67,6,2
4126,-6249,6040,35,40,207,2
4126,-6249,6040,35,40,207,2
3969,-6289,5830,69,60,258,2
3733,-6348,5791,104,91,291,2
3441,-6416,5967,122,124,301,2
3187,-6477,6290,117,142,281,2
2984,-6568,6674,86,144,232,2
3074,-6645,6781,50,123,179,2
3288,-6646,6663,34,105,148,2
3144,-6664,6871,44,104,133,2
2997,-6737,7219,55,86,117,2
3135,-6776,7258,60,51,86,2
3276,-6721,7151,52,29,52,2
3405,-6634,7014,55,23,33,2
3468,-6498,6901,68,24,34,2
3481,-6420,6852,77,21,43,2
3524,-6352,6719,82,14,53,2
3657,-6264,6498,94,9,68,2
3233,-6290,6798,69,-56,4,2
3233,-6290,6798,69,-56,4,2
3385,-6191,6668,36,-39,-25,2
3447,-6101,6624,10,-6,-20,2
3361,-6249,6848,25,63,53,2
3361,-6249,6848,25,63,53,2
3257,-6275,6990,53,62,73,2
3227,-6282,7072,76,47,78,2
3135,-6261,7137,84,23,75,2
3014,-6288,7203,71,-8,62,2
3034,-6317,7064,39,-38,35,2
3232,-6323,6763,9,-47,6,2
3402,-6305,6493,-3,-27,-7,2
3465,-6233,6410,5,6,-1,2
3438,-6184,6447,28,39,19,2
3368,-6178,6510,49,55,46,2
3307,-6205,6621,69,66,69,2
2862,-6365,7595,30,-4,-5,2
2862,-6365,7595,30,-4,-5,2
3026,-6353,7440,-8,-37,-41,2
3276,-6330,7176,-36,-50,-55,2
3423,-6275,6902,-37,-44,-47,2
3512,-6228,6715,-14,-29,-17,2
3495,-6188,6634,26,-10,19,2
3405,-6113,6648,60,4,52,2
3272,-6116,6660,78,8,75,2
3081,-6183,6709,75,3,76,2
2922,-6252,6800,48,0,51,2
2952,-6263,6802,8,-5,8,2
3130,-6220,6621,-21,-1,-30,2
3253,-6186,6493,-28,12,-39,2
3310,-6168,6501,0,33,-26,2
3292,-6111,6641,42,49,-4,2
3302,-6097,6759,76,56,23,2
3252,-6146,6888,98,66,47,2
2986,-6155,7200,63,50,29,2
2986,-6155,7200,63,50,29,2
2973,-6227,7194,29,31,11,2
3088,-6235,6998,0,16,-17,2
3181,-6259,6853,-13,15,-35,2
3178,-6275,6917,-1,21,-35,2
3142,-6244,7004,21,18,-33,2
3161,-6226,7018,37,7,-30,2
3253,-6183,6972,54,4,-25,2
3227,-6166,7185,17,-5,-49,2
3413,-6136,6975,22,-3,-44,2
3261,-6114,7167,37,6,-21,2
3010,-6154,7412,25,-6,-12,2
3091,-6221,7260,-3,-36,-30,2
3289,-6177,6867,-20,-49,-54,2
3469,-6100,6567,-9,-40,-51,2
3563,-6044,6446,17,-15,-18,2
3445,-5997,6616,44,22,19,2
3179,-5976,6889,58,47,45,2
2960,-6047,7075,46,43,51,2
2779,-6178,7285,13,25,29,2
2779,-6178,7285,13,25,29,2
2808,-6269,7385,-30,2,-15,2
2995,-6263,7273,-56,-14,-68,2
3187,-6190,7131,-56,-27,-95,2
3300,-6141,7059,-32,-35,-83,2
3385,-6039,6903,1,-1,-18,2
3385,-6039,6903,1,-1,-18,2
3235,-6086,7009,-1,4,1,2
3098,-6184,7116,-18,-3,1,2
3102,-6250,7047,-36,-17,-19,2
3185,-6249,6960,-50,-26,-47,2
3295,-6191,6869,-46,-28,-61,2
3354,-6135,6861,-34,-27,-56,2
3391,-6106,6888,-13,-25,-38,2
3419,-6073,6945,5,-21,-19,2
3429,-6029,6980,20,-18,1,2
3374,-6035,6956,26,-15,24,2
3295,-6082,6899,15,-16,36,2
3237,-6099,6760,-3,-16,31,2
3239,-6134,6524,-21,-15,12,2
3280,-6152,6238,-22,-11,-10,2
3184,-6306,6015,2,-4,-54,2
2816,-6981,5850,31,-18,-250,2
2724,-7369,5412,85,-83,-699,2
6569,-8723,2494,677,-180,-4042,2
6569,-8723,2494,677,-180,-4042,2
6498,-5596,1956,1060,-70,-4792,2
6478,-5262,1307,1262,204,-5315,2
6575,-6085,876,1173,559,-5961,2
6368,-5863,478,992,950,-7157,2
6796,-4126,-283,96,1209,-8638,2
-5,-944,-1040,-3991,5720,-9431,2
-4464,-7635,24906,1437,1888,1503,2
-4464,-7635,24906,1437,1888,1503,2
-3881,-6123,19931,2376,287,1209,2
-3100,-5361,15903,2537,-320,969,2
-2818,-4470,13841,2149,-289,894,2
-2704,-3724,13494,1557,-143,878,2
-2545,-3486,14309,922,-110,961,2
-2433,-3465,15372,463,-314,1207,2
-2414,-3600,15941,340,-741,1646,2
-2476,-3251,15817,588,-1271,2307,2
-2691,-2711,15294,1056,-1865,3163,2
-3417,-1693,15259,1461,-2592,4277,2
-4236,-1283,15865,1865,-3559,5623,2
-4944,-948,16837,2348,-4510,6915,2
6343,-2305,-1306,-4389,-2925,2276,2
7005,-4119,-2057,-3545,-2165,2371,2
6239,-5668,-1434,-2671,-1619,2317,2
5193,-6624,-741,-1904,-1385,2037,2
4708,-6707,-427,-1320,-1330,1627,2
4676,-6538,-705,-1008,-1276,1193,2
4765,-6263,-972,-878,-1144,860,2
4933,-5952,-1183,-784,-940,741,2
4915,-5633,-1243,-688,-690,784,2
4840,-6103,-992,-588,-453,853,2
3398,-7739,1458,202,141,495,2
3542,-7722,2144,330,235,331,2
3833,-7579,2892,449,318,183,2
3999,-7423,3945,556,386,75,2
3894,-7242,5031,648,417,5,2
3955,-7043,5868,718,404,-11,2
4175,-6857,6423,740,376,17,2
3944,-6366,7306,530,294,160,2
4021,-6494,6659,217,177,91,2
3945,-6518,6701,200,148,85,2
3945,-6518,6701,200,148,85,2
4161,-6520,6325,165,114,99,2
4438,-6510,5733,131,110,142,2
4352,-6527,5518,125,137,211,2
3985,-6703,5767,128,176,273,2
3824,-6859,5918,147,200,297,2
3073,-6575,6913,153,60,82,2
3073,-6575,6913,153,60,82,2
3023,-6611,6931,103,36,41,2
3165,-6615,6794,57,15,-4,2
3290,-6591,6743,28,14,-39,2
3374,-6556,6853,27,19,-50,2
3430,-6507,6896,40,9,-37,2
3484,-6492,6902,54,-8,-4,2
3216,-6553,6713,53,-45,48,2
3216,-6553,6713,53,-45,48,2
3270,-6568,6581,28,-50,28,2
3278,-6551,6496,7,-46,1,2
3363,-6522,6444,-4,-39,-19,2
3501,-6466,6342,0,-32,-20,2
3571,-6447,6267,17,-25,0,2
3583,-6433,6269,45,-17,28,2
3636,-6405,6239,72,-2,58,2
3647,-6397,6198,92,21,91,2
3374,-6401,6457,105,54,112,2
3083,-6465,6785,90,61,107,2
3028,-6517,6867,52,36,74,2
3441,-6470,6695,-6,-60,-74,2
3441,-6470,6695,-6,-60,-74,2
3583,-6379,6592,13,-62,-70,2
3691,-6305,6506,39,-54,-40,2
3741,-6237,6385,64,-42,-2,2
3735,-6197,6278,79,-26,39,2
3508,-6233,6367,77,-1,72,2
3258,-6488,6969,32,-20,5,2
3325,-6543,6531,-61,-41,-61,2
3391,-6538,6525,-55,-39,-61,2
3429,-6522,6573,-42,-34,-52,2
3438,-6518,6595,-31,-29,-43,2
3415,-6535,6604,-27,-26,-30,2
3349,-6553,6648,-28,-19,-27,2
3249,-6587,6775,-42,-15,-34,2
3166,-6623,6870,-67,-23,-52,2
3252,-6688,6897,-129,-79,-135,2
3299,-6707,6845,-142,-100,-153,2
3373,-6659,6688,-152,-121,-168,2
3414,-6587,6517,-158,-143,-184,2
3447,-6537,6328,-158,-161,-192,2
3408,-6496,6184,-165,-173,-205,2
3484,-6450,5881,-177,-182,-221,2
3466,-6421,5638,-186,-176,-249,2
3508,-6439,5373,-184,-174,-291,2
3489,-6512,5067,-167,-189,-352,2
3312,-6683,4806,-146,-203,-467,2
3029,-7253,4544,-135,-216,-757,2
3015,-8794,4146,-323,-262,-1455,2
7288,-2808,-7071,-43,794,-7302,2
7182,-1857,-8047,-794,1270,-8441,2
4037,-1710,-8705,-1728,2222,-9184,2
3174,-747,-8804,-2654,3864,-10657,2
-1771,16,-5923,-4488,6749,-9856,2
-3390,-2874,-1575,-4547,8461,-7870,2
-3390,-2874,-1575,-4547,8461,-7870,2
-4969,-4838,2989,-2352,10401,-5871,2
-6373,-5379,7404,-980,11752,-3480,2
-8317,-7040,12733,-1443,12226,-1191,2
-11723,-6975,19279,-2449,12106,130,2
-13491,-8855,27838,-4266,10407,865,2
-10999,-13139,-29426,-4790,7820,1466,2
-8403,-13546,-26310,-2163,5147,1900,2
-7373,-9822,-29324,792,2131,1526,2
-6442,-7161,28744,1888,-380,827,2
-5387,-4459,21990,1660,-1761,585,2
-4585,-1920,17676,988,-2292,674,2
-3351,-618,15415,385,-2378,912,2
-2249,-688,14427,20,-2301,1528,2
-1527,-1638,13899,-170,-2356,2514,2
-1215,-2104,13304,31,-2537,3684,2
-1750,-1951,12762,2528,-3355,7590,2
-1750,-1951,12762,2528,-3355,7590,2
-2322,-1811,13706,2528,-3446,8178,2
-3694,-2024,15681,1800,-3865,8859,2
-4735,-2399,17001,1169,-4545,9688,2
-5177,-2613,16969,370,-4985,9912,2
-4909,-3201,16258,-1104,-5168,9472,2
-3153,-2342,14301,-2478,-4955,8256,2
-1131,-2652,12342,-3789,-4614,6030,2
1395,-2310,9899,-5418,-4575,3443,2
4201,-1671,6113,-6293,-4348,814,2
4866,-424,3371,-6649,-3931,-646,2
5132,719,19,-6583,-3410,-31,2
4890,-6287,-1307,-2500,-1318,1634,2
4890,-6287,-1307,-2500,-1318,1634,2
4160,-6502,-559,-1691,-1376,1338,2
3872,-6149,-392,-1185,-1441,1035,2
4010,-5912,-640,-875,-1399,840,2
4168,-5808,-679,-635,-1225,747,2
4029,-5763,-447,-481,-1016,724,2
3833,-5761,-214,-424,-831,763,2
3654,-5938,65,-404,-658,830,2
3190,-6373,490,-390,-490,856,2
2683,-6829,909,-358,-354,813,2
2294,-7229,1349,-309,-239,695,2
2527,-7555,1417,-254,-135,521,2
3773,-7522,2031,84,157,171,2
3972,-7456,2747,273,218,172,2
4116,-7310,3498,449,247,207,2
3798,-7230,4502,570,265,297,2
3354,-7422,5514,627,258,345,2
3426,-7571,5894,613,225,344,2
3493,-7543,6034,532,232,300,2
3380,-7585,6300,409,261,227,2
3459,-7620,6311,289,270,161,2
3774,-7535,5976,204,268,100,2
3676,-7355,5950,160,249,76,2
3043,-7473,6642,155,192,75,2
3010,-7601,6899,186,104,84,2
3478,-7563,6378,189,29,66,2
4194,-7278,5160,216,-16,26,2
4094,-6416,4787,518,116,374,2
3948,-6343,4778,503,142,472,2
3239,-6518,5395,445,181,535,2
2515,-6929,6392,355,209,526,2
2314,-7200,6943,253,218,468,2
2569,-7360,7022,123,218,359,2
2847,-7444,6896,10,216,249,2
3010,-7446,6759,-29,198,183,2
3071,-7427,6659,-3,144,177,2
3098,-7419,6524,61,81,201,2
3059,-7407,6347,128,29,225,2
2970,-7387,6210,162,-2,230,2
2947,-7374,6081,167,-14,213,2
2934,-7322,5992,157,-4,187,2
2662,-7326,6211,133,10,153,2
2456,-7376,6513,92,8,93,2
2561,-7383,6506,53,-7,28,2
2713,-7337,6419,17,-13,-26,2
2929,-7314,6294,-9,-14,-58,2
3147,-7260,6080,-7,-15,-62,2
3292,-7195,5877,18,-17,-35,2
3366,-7126,5773,58,-12,9,2
3379,-7083,5692,106,-9,60,2
2830,-7017,5717,167,9,151,2
2443,-7087,6082,127,2,115,2
3120,-7029,6203,42,45,-21,2
3185,-7175,5959,62,-48,28,2
3108,-6966,5755,61,-13,-10,2
3108,-6966,5755,61,-13,-10,2
3146,-6943,5886,77,4,0,2
2988,-6905,6149,98,14,11,2
2785,-6972,6272,108,66,83,2
2893,-7175,6572,1,-1,-37,2
2893,-7175,6572,1,-1,-37,2
2946,-7115,6510,8,-9,-31,2
3004,-7083,6359,17,-22,-18,2
3081,-7046,6153,24,-26,-7,2
3155,-6970,5934,35,-19,6,2
3156,-6932,5752,50,-3,28,2
3021,-6938,5776,65,13,45,2
2901,-6962,5883,70,22,49,2
2847,-6980,5918,66,24,39,2
2882,-7029,5931,67,25,29,2
2821,-7035,6135,75,31,20,2
2786,-7048,6302,72,33,6,2
2792,-7051,6425,67,28,-15,2
2838,-7029,6520,67,21,-37,2
2879,-7030,6598,77,5,-47,2
2922,-7016,6579,94,-25,-48,2
3032,-6986,6447,119,-61,-37,2
3065,-6945,6319,143,-82,-21,2
2994,-6950,6275,153,-91,-12,2
2950,-6923,6245,141,-85,-21,2
3035,-6854,6165,112,-71,-37,2
3006,-6809,6190,75,-45,-49,2
3144,-6817,6158,-20,11,-59,2
3102,-6832,6274,-18,22,-47,2
3025,-6854,6386,-6,19,-34,2
3051,-6872,6369,7,6,-21,2
3101,-6863,6342,17,-4,-11,2
3033,-6872,6385,22,-7,-6,2
2927,-6914,6533,15,-11,-12,2
2941,-6895,6490,-2,-21,-30,2
3020,-6902,6343,-16,-34,-39,2
3107,-6930,6257,-15,-35,-38,2
3112,-6926,6252,-11,-30,-31,2
2994,-6952,6353,-17,-23,-28,2
2988,-6985,6378,-31,-19,-36,2
3095,-6973,6244,-46,-18,-45,2
3147,-6986,6101,-44,-13,-39,2
3064,-6993,6140,-26,-10,-28,2
3039,-6978,6183,-11,-18,-26,2
3069,-6956,6112,-5,-26,-29,2
3118,-6939,6003,-2,-21,-30,2
3181,-6905,5997,3,-6,-28,2
3138,-6856,6114,9,10,-18,2
3164,-6859,5783,-82,-60,-111,2
3322,-6802,5578,-68,-50,-108,2
3387,-6736,5400,-42,-29,-90,2
3446,-6652,5148,-2,-5,-66,2
3472,-6638,4873,48,27,-43,2
3272,-6759,4726,89,64,-85,2
2897,-7045,4525,115,105,-285,2
2747,-7986,4182,130,100,-684,2
2650,-10002,2864,-13,-26,-1564,2
4622,-11450,1254,85,-26,-3617,2
6342,-3058,-2187,22,2031,-7423,2
4370,-3284,-2351,-1011,2701,-8486,2
2257,-3483,-2566,-2416,4618,-9354,2
-1249,-2490,737,-3458,7551,-7405,2
-1806,-2415,3246,-1973,8180,-5446,2
-1806,-2415,3246,-1973,8180,-5446,2
-2393,-2464,5255,-1191,8424,-3640,2
-2986,-4351,7338,-1592,8437,-2172,2
-3541,-6256,9888,-1824,8204,-1007,2
-3793,-6923,12371,-1427,7824,-288,2
-4154,-6592,15358,-1267,7192,109,2
-4174,-5819,18643,-1361,6372,472,2
-4988,-5887,21611,-1062,5476,1063,2
-5543,-6373,23066,-341,4207,1519,2
-5487,-6938,22172,669,2761,1907,2
-5085,-7143,19625,1768,1572,2182,2
-4502,-6377,17222,2267,955,2172,2
-4296,-5345,15705,2051,699,2020,2
-4188,-4818,15028,1593,460,1777,2
-3774,-4358,15052,1161,282,1511,2
-3308,-3990,15270,727,23,1410,2
-3049,-3713,15218,500,-335,1423,2
-2800,-3228,14789,552,-708,1546,2
-2685,-2497,14200,665,-1078,1860,2
-2777,-1884,13684,671,-1476,2438,2
-2883,-1411,13255,661,-1908,3233,2
-2879,-1070,12815,796,-2359,4026,2
-3172,-1280,12538,921,-2791,4638,2
-3235,-1772,12510,842,-3292,5154,2
-2709,-1665,12409,675,-3774,5579,2
-2523,-1656,12158,471,-4081,5908,2
-2546,-2432,12237,325,-4280,5970,2
-2875,-2883,13078,198,-4441,5955,2
-3130,-2731,13956,-28,-4794,6192,2
-2788,-2509,13714,-183,-5141,6451,2
-112,-1917,9714,-1926,-4409,4855,2
325,-2258,9058,-2457,-4243,3922,2
1295,-2883,8166,-2852,-4099,2735,2
2080,-3112,7881,-3172,-3968,1458,2
2054,-2401,7345,-3617,-3997,622,2
3038,-1592,5215,-3799,-3722,370,2
4818,-1648,3822,-3794,-3093,397,2
6166,-1966,2764,-3805,-2384,608,2
6433,-2766,2456,-3780,-1686,796,2
6252,-3769,2576,-3651,-1136,862,2
6083,-4405,2438,-3437,-830,806,2
5918,-4732,2086,-3166,-711,653,2
5786,-4806,1432,-2848,-707,504,2
5632,-4727,556,-2544,-729,450,2
5292,-4935,193,-2226,-678,500,2
4855,-5473,179,-1921,-584,606,2
4851,-5877,-172,-1622,-499,686,2
5080,-6044,-530,-1381,-396,747,2
5133,-6223,-599,-1191,-262,816,2
4789,-6551,-286,-1020,-101,871,2
4037,-7034,447,-813,23,888,2
3434,-7354,1082,-613,79,849,2
3326,-7571,1410,-479,126,741,2
3411,-7813,1655,-391,189,621,2
3500,-8065,2036,-304,248,496,2
3622,-8168,2546,-196,290,378,2
3778,-8184,3034,-60,315,281,2
3865,-8187,3561,98,315,219,2
4012,-8114,3986,259,293,187,2
4217,-7950,4332,409,268,183,2
4230,-7786,4825,523,257,192,2
3832,-7660,5525,578,245,188,2
3498,-7652,6079,580,206,152,2
3448,-7612,6371,526,170,83,2
3532,-7504,6422,417,137,2,2
3824,-7354,6190,287,109,-64,2
4246,-7184,5852,175,102,-96,2
4500,-7077,5531,118,106,-84,2
4589,-6919,5308,120,104,-27,2
4728,-6829,5037,162,98,64,2
4732,-6794,4872,214,98,170,2
3993,-6799,5302,248,103,240,2
3378,-6946,5650,225,68,243,2
3853,-7404,5150,2,107,183,2
3753,-7296,5332,-13,135,145,2
3914,-7544,4996,64,88,126,2
3970,-7500,4804,100,107,126,2
3894,-7450,4784,137,128,131,2
3824,-7383,4850,166,150,121,2
3810,-7267,5036,183,166,107,2
3646,-7122,5366,187,165,110,2
3338,-7103,5842,181,143,113,2
3251,-7199,6101,161,100,99,2
3435,-7290,5970,140,61,80,2
3654,-7267,5794,124,47,65,2
3666,-7239,5889,124,46,53,2
3680,-7198,6037,126,43,46,2
3735,-7152,6067,121,32,49,2
3481,-7158,6040,56,27,93,2
3478,-7243,5937,14,15,76,2
3624,-7265,5661,-18,6,48,2
3713,-7257,5452,-17,8,41,2
3573,-7263,5559,8,5,51,2
3539,-7279,5578,29,-10,53,2
3681,-7306,5531,36,-17,47,2
3788,-7148,5557,62,17,77,2
3683,-7160,5661,63,17,97,2
3683,-7160,5661,63,17,97,2
3469,-7101,5779,54,11,104,2
3404,-7103,5717,31,-7,110,2
3411,-7173,5566,-4,-27,106,2
3454,-7282,5429,-30,-26,93,2
3501,-7325,5320,-34,-11,78,2
3567,-7292,5232,-14,-4,77,2
3697,-7216,5217,67,25,124,2
3666,-7172,5285,84,46,144,2
3348,-7149,5581,85,63,150,2
3129,-7204,5837,63,58,136,2
3147,-7328,5850,34,41,108,2
3216,-7398,5792,10,34,74,2
3332,-7406,5743,5,34,46,2
3440,-7370,5698,19,33,32,2
3430,-7319,5721,40,35,38,2
3414,-7291,5736,61,36,52,2
3369,-7270,5779,70,41,60,2
3276,-7235,5850,66,42,59,2
3195,-7222,5919,45,34,48,2
3177,-7221,5846,12,17,38,2
3225,-7289,5679,-13,3,27,2
3289,-7337,5566,-20,4,12,2
3338,-7296,5560,-13,9,2,2
3361,-7258,5612,2,11,1,2
3387,-7230,5648,20,10,12,2
3365,-7234,5704,29,5,25,2
3300,-7234,5745,26,1,28,2
3304,-7266,5763,14,0,22,2
3419,-7255,5664,4,1,13,2
3294,-7324,5695,8,-10,8,2
3294,-7324,5695,8,-10,8,2
3433,-7297,5561,10,-20,-2,2
3566,-7258,5429,19,-11,5,2
3533,-7204,5515,39,9,29,2
3288,-7179,5725,43,24,47,2
3271,-7230,5717,21,21,52,2
3417,-7270,5588,3,25,44,2
3390,-7216,5606,12,37,44,2
3136,-7207,5848,26,35,50,2
2976,-7252,5961,15,3,41,2
3058,-7332,5827,-14,-26,9,2
3304,-7365,5541,-38,-30,-21,2
3427,-7310,5378,-35,-14,-33,2
3477,-7283,5390,-15,0,-23,2
3488,-7275,5473,8,12,0,2
3492,-7231,5499,31,22,17,2
3427,-7221,5570,42,33,29,2
3253,-7233,5721,39,33,31,2
3159,-7295,5773,20,21,19,2
3203,-7319,5718,0,5,-4,2
3252,-7296,5666,-8,-2,-28,2
3314,-7283,5682,-5,-9,-39,2
3365,-7265,5766,1,-12,-39,2
3465,-7261,5596,-7,-12,-5,2
3465,-7261,5596,-7,-12,-5,2
3246,-7369,5672,-9,-5,-6,2
3274,-7362,5339,59,-101,-59,2
3274,-7362,5339,59,-101,-59,2
3654,-6980,4333,185,-119,-103,2
7246,-5727,-9853,1855,2959,-9262,2
2791,-4004,-9267,722,4402,-11177,2
-2527,-1854,-5899,-1762,7422,-13584,2
-7823,857,-1048,-3422,10171,-15236,2
-12274,377,4789,-4414,11160,-12751,2
-6352,-9923,29680,-1993,3219,985,2
-6352,-9923,29680,-1993,3219,985,2
-4914,-9195,26881,-667,1407,811,2
-3956,-8005,23161,895,434,421,2
-3641,-5852,19167,1565,-245,266,2
-3065,-3792,15748,1305,-757,234,2
-2020,-2719,13568,780,-937,202,2
-1227,-2531,12662,398,-787,354,2
-818,-2606,12452,321,-533,668,2
-508,-2718,12415,443,-377,888,2
-319,-2654,12534,457,-391,1060,2
-350,-2463,12814,353,-550,1402,2
-590,-2129,13099,260,-834,1993,2
-955,-1727,13158,229,-1228,2772,2
-1461,-1802,13143,227,-1693,3655,2
-1819,-2273,13136,403,-2191,4580,2
-2056,-2522,13096,801,-2734,5386,2
-2207,-2367,13200,1146,-3217,6136,2
-2770,-2707,13853,1467,-3584,6805,2
-4753,-2801,17772,1068,-5863,9357,2
-4753,-2801,17772,1068,-5863,9357,2
-3763,-1308,13786,654,-6041,9539,2
2664,-3967,7939,-3289,-3758,4889,2
2664,-3967,7939,-3289,-3758,4889,2
2698,-4911,6556,-3971,-3723,2819,2
2266,-4103,5960,-3959,-3495,1367,2
2972,-2676,4695,-3932,-3261,821,2
4297,-2438,3086,-3936,-2890,815,2
5093,-3013,2134,-3706,-2348,1094,2
5096,-4107,1636,-3387,-1791,1385,2
4794,-5190,1474,-3045,-1311,1560,2
4494,-6039,1612,-2637,-1004,1519,2
4375,-6457,1409,-2240,-876,1320,2
4207,-6439,1011,-1942,-819,1107,2
3603,-6750,202,-835,-352,657,2
3603,-6750,202,-835,-352,657,2
3239,-7699,4593,168,271,54,2
3693,-6699,6166,377,151,108,2
3693,-6699,6166,377,151,108,2
3229,-6611,6565,340,119,144,2
2836,-6742,7005,261,62,159,2
3252,-7204,6341,-12,12,102,2
2876,-7211,6146,90,143,100,2
3049,-7039,6385,128,80,83,2
3045,-7028,6387,119,52,91,2
3134,-7066,6265,103,42,100,2
2936,-7040,6217,72,49,98,2
2692,-7052,6300,45,26,87,2
2582,-7152,6347,3,-6,49,2
2826,-7222,6052,-34,-29,4,2
3100,-7221,5779,-35,-20,-33,2
3193,-7138,5797,3,0,-40,2
3202,-7043,5989,59,6,-10,2
3247,-6980,6019,101,5,30,2
3241,-6954,6026,122,14,73,2
3107,-6956,6150,123,30,100,2
2992,-6982,6240,101,35,109,2
2907,-7000,6220,70,31,102,2
2679,-7066,6286,29,23,83,2
2710,-7206,6205,-12,9,50,2
2899,-7261,5986,-32,5,7,2
3061,-7219,5904,-18,14,-25,2
3108,-7140,6010,31,22,-23,2
3142,-7058,6124,79,20,6,2
3087,-7015,6202,107,16,48,2
2894,-7041,6397,76,8,76,2
2894,-7041,6397,76,8,76,2
2932,-7055,6316,51,-4,66,2
2962,-7055,6180,37,-8,63,2
2898,-7071,6116,31,-8,60,2
2737,-6987,6541,52,24,22,2
2778,-7011,6207,46,4,71,2
2778,-7011,6207,46,4,71,2
2849,-7028,6035,33,13,66,2
2730,-7028,6095,27,32,54,2
2567,-7036,6274,12,35,39,2
2614,-7060,6268,0,28,23,2
2728,-7077,6216,-4,34,14,2
2718,-7063,6245,2,42,10,2
2670,-7043,6295,15,38,10,2
2707,-7046,6298,24,25,19,2
2752,-7034,6281,34,21,25,2
2667,-6992,6369,42,21,14,2
2621,-6975,6440,35,8,6,2
2757,-6976,6365,20,1,1,2
2832,-6990,6245,6,11,-4,2
2831,-6990,6182,3,25,-9,2
2706,-6991,6277,4,29,-7,2
2672,-7063,6308,0,21,-5,2
2717,-7082,6350,-1,20,-11,2
2669,-7048,6511,0,18,-27,2
2710,-7030,6542,-3,0,-29,2
2727,-7049,6487,-4,-11,-22,2
2727,-7043,6494,-7,-11,-19,2
2663,-7084,6361,-43,-36,-28,2
2858,-7048,6100,-21,-39,-62,2
2858,-7022,6148,-12,-32,-52,2
2842,-6999,6238,-14,-21,-45,2
2795,-7035,6252,-31,-14,-43,2
2772,-7073,6271,-51,-12,-43,2
2695,-7113,6350,-64,-9,-50,2
2663,-7131,6441,-72,-19,-64,2
2730,-7157,6397,-72,-37,-80,2
2934,-7122,6085,-202,-214,-222,2
8116,-4043,-5628,175,281,-7111,2
8261,-1636,-7221,-171,874,-7449,2
-8059,-1614,7447,-2165,11401,-3095,2
-8059,-1614,7447,-2165,11401,-3095,2
-9638,-3308,11314,-2955,10771,-1381,2
-10079,-6778,17323,-3530,9581,22,2
-8385,-11171,24288,-3465,7918,1157,2
-5800,-13355,28930,-2171,6343,2273,2
-5033,-12595,29333,92,4573,2734,2
-4656,-10770,25738,1710,2518,2058,2
-4022,-9202,20727,2204,1008,972,2
-3705,-7137,17105,1593,252,333,2
-3508,-5355,15534,687,-19,78,2
-3368,-4113,15438,169,10,-59,2
-3098,-3518,15932,-82,-12,13,2
-2654,-3519,16328,-93,-216,270,2
-2068,-4014,16398,241,-512,664,2
-1541,-4614,16259,737,-843,1197,2
-1479,-4522,15880,1197,-1242,1865,2
-1908,-3927,15265,1420,-1772,2573,2
-2300,-3316,14698,1346,-2389,3292,2
-2776,-2923,14490,1210,-3040,4034,2
-3258,-2724,14862,1259,-3791,4754,2
-4113,-3022,16081,1454,-4525,5596,2
-4261,-3217,17474,1898,-5267,6438,2
-3931,-2399,17833,2376,-5822,7246,2
-4459,-1092,16971,2482,-6324,8130,2
-5276,-653,15389,1756,-6726,8723,2
-4059,-518,12791,204,-6888,8859,2
-1928,-360,9633,-1320,-6514,8456,2
-5,-714,7015,-2402,-5769,7358,2
3340,-3454,4077,-3246,-4961,5109,2
6091,-3478,4148,-3981,-4471,2794,2
5539,-556,2045,-4953,-4334,2173,2
5794,-74,-1090,-4953,-3526,2111,2
6563,-1996,-1484,-4154,-2507,2220,2
6391,-4037,-1169,-3517,-1775,2448,2
5429,-5373,-593,-3006,-1332,2404,2
4753,-6010,-123,-2349,-1129,2091,2
4583,-5806,-69,-1801,-1066,1828,2
4813,-5761,-284,-1395,-996,1610,2
4972,-5903,-444,-1017,-889,1430,2
4755,-5850,-378,-677,-793,1331,2
4497,-5978,9,-394,-703,1299,2
2634,-6842,2438,-16,-351,1050,2
2563,-7255,2698,-78,-256,870,2
4051,-7382,2700,38,182,253,2
4093,-7595,3156,209,247,300,2
4291,-7581,3589,361,299,300,2
4081,-7271,4361,548,340,312,2
3068,-7093,5956,676,323,337,2
2639,-7139,7042,682,229,363,2
3074,-7213,7075,609,150,366,2
3760,-6822,6674,234,195,186,2
3931,-6729,6401,245,169,223,2
4000,-6689,6179,273,153,284,2
3839,-6707,6110,295,131,331,2
3571,-6757,6155,312,104,358,2
3228,-6755,6408,298,86,360,2
3031,-6840,6602,221,66,336,2
3117,-7081,6514,99,62,282,2
2719,-7375,6416,-5,9,253,2
2842,-7419,6159,-28,-7,189,2
2867,-7360,6019,-42,0,111,2
2850,-7289,5927,-49,4,50,2
2968,-7210,5827,-46,2,19,2
3087,-7172,5804,-24,13,10,2
3150,-7078,5917,18,30,5,2
3237,-6888,5985,54,38,19,2
3284,-6812,5994,77,45,59,2
3219,-6828,6085,91,60,91,2
3100,-6826,6173,86,72,100,2
2874,-6820,6360,51,66,89,2
2831,-6871,6387,-6,46,71,2
2942,-6954,6225,-45,28,49,2
3025,-6994,6050,-54,21,20,2
3073,-7000,6041,-36,19,0,2
3167,-6932,6004,-3,12,-2,2
3296,-6848,5962,27,14,10,2
3456,-6779,5808,95,59,95,2
3499,-6779,5663,125,78,132,2
3004,-6830,6111,148,95,155,2
2400,-6836,6771,126,82,124,2
3040,-7160,6228,-14,-22,-16,2
3040,-7160,6228,-14,-22,-16,2
3270,-7156,5947,-4,-15,-29,2
2867,-7010,6416,-62,29,43,2
2867,-7010,6416,-62,29,43,2
2924,-7015,6272,-64,30,39,2
2967,-7051,6170,-39,23,51,2
2972,-7054,6143,1,21,67,2
2984,-6988,6069,41,22,80,2
3004,-6938,5988,73,25,98,2
2875,-6935,6572,66,-10,62,2
2757,-7004,6387,-4,0,-24,2
2774,-7006,6372,-2,-7,-24,2
2892,-6969,6270,2,-14,-27,2
3010,-6913,6199,18,-6,-17,2
3014,-6865,6239,44,5,5,2
2797,-6857,6468,52,11,23,2
2656,-6914,6622,26,3,26,2
2709,-6988,6539,-12,-6,2,2
2709,-6994,6437,-44,-15,-26,2
2753,-7011,6341,-56,-27,-45,2
2888,-7020,6150,-48,-38,-51,2
3023,-6998,5982,-22,-36,-43,2
2998,-6961,6034,10,-23,-21,2
2778,-6967,6427,22,3,1,2
2498,-6988,6772,-8,2,-17,2
2558,-7091,6707,-60,-28,-44,2
2786,-7131,6384,-91,-49,-78,2
2869,-7105,6258,-86,-51,-97,2
2907,-7081,6217,-65,-53,-98,2
3025,-7036,6108,-43,-55,-87,2
3162,-6968,5959,-14,-46,-72,2
3167,-6876,5934,12,-27,-54,2
3143,-6822,6023,27,-10,-28,2
3077,-6823,6132,37,8,-6,2
2871,-6859,6389,26,25,3,2
2658,-6939,6659,-6,22,-10,2
2658,-7015,6666,-51,0,-45,2
2758,-7031,6597,-81,-22,-80,2
2864,-7016,6578,-85,-45,-100,2
2875,-7002,6639,-72,-63,-109,2
2910,-6951,6654,-66,-80,-116,2
3192,-6889,6130,-62,-98,-82,2
3171,-6889,6065,-53,-90,-61,2
3107,-6877,5971,-51,-82,-44,2
3008,-6932,5893,-62,-72,-37,2
2895,-6992,5886,-85,-64,-50,2
2874,-7058,5834,-107,-59,-81,2
2949,-7083,5698,-114,-52,-108,2
2995,-7055,5604,-91,-49,-116,2
3031,-7053,5584,-54,-49,-109,2
3026,-7088,5594,-17,-50,-110,2
4164,-9162,1775,87,-238,-4235,2
5139,-7879,493,421,-245,-5353,2
6162,-7240,-786,731,-186,-6194,2
6715,-6771,-2275,1022,22,-7020,2
6596,-5891,-3962,1334,380,-7887,2
6159,-4008,-4276,1689,859,-8512,2
6557,-3289,-4004,1390,1332,-9125,2
3202,-3501,-4719,663,2538,-10031,2
2184,-1066,-4110,-747,4920,-11447,2
2184,-1066,-4110,-747,4920,-11447,2
622,339,-3529,-1324,6100,-11520,2
-521,47,-2280,-1157,6825,-10310,2
-294,-548,-702,-905,7577,-8197,2
-569,-1731,1363,-899,8112,-5726,2
-2000,-2803,4093,-870,8644,-3649,2
-3948,-3822,6902,-1351,9052,-2454,2
-6421,-3283,9777,-2282,9336,-2056,2
-8737,-2232,13903,-3639,9141,-1765,2
-9869,-2335,20354,-4746,8486,-1244,2
-9833,-3747,26775,-4468,7479,-564,2
-8819,-5880,30195,-2987,5616,235,2
-8211,-7606,29650,-902,3294,1097,2
-6921,-7641,25038,1177,1015,1429,2
-5727,-6310,19885,2105,-351,1200,2
-5121,-4301,16722,1626,-761,865,2
-5005,-2490,15356,708,-753,662,2
-4593,-1203,15058,134,-712,706,2
-3859,-730,15215,-12,-746,1032,2
-3343,-909,15416,-47,-923,1585,2
-4843,-3645,18751,2075,-5650,7957,2
-4843,-3645,18751,2075,-5650,7957,2
-5079,-3073,19184,1532,-6261,8261,2
-4926,-1941,17199,520,-6768,8013,2
-3337,-659,13980,-1021,-6700,7190,2
-1638,209,12111,-2464,-6269,6131,2
410,-258,9542,-3486,-5858,4623,2
2757,-401,6086,-4295,-5458,2994,2
4297,-249,4027,-4664,-5007,1792,2
4342,393,2179,-4922,-4479,1423,2
5263,278,-64,-4882,-3832,1665,2
6569,-1194,-1749,-4432,-3073,2011,2
6733,-2840,-1972,-3784,-2317,2221,2
6131,-4233,-1497,-3084,-1774,2213,2
5089,-4988,-732,-1725,-1445,1816,2
5039,-4916,-792,-1291,-1406,1624,2
5183,-4874,-1121,-943,-1316,1472,2
4829,-4945,-986,-703,-1157,1395,2
4095,-5229,-356,-588,-990,1360,2
4207,-6973,1130,-217,18,809,2
4120,-7394,4033,414,244,212,2
4589,-6810,6876,479,263,100,2
4488,-6778,7083,441,211,108,2
4642,-6683,6915,393,164,113,2
4680,-6527,6610,333,137,142,2
4393,-6562,6610,258,113,156,2
4380,-6611,6425,194,84,149,2
4612,-6530,5894,148,72,164,2
4920,-6427,5243,119,91,191,2
4993,-6311,4866,120,127,241,2
4227,-6361,5443,117,152,307,2
3626,-6627,6141,102,133,335,2
3803,-6756,6075,77,100,324,2
4218,-6794,5607,31,104,280,2
4472,-6778,5338,27,141,234,2
4410,-6731,5432,76,177,250,2
3891,-6860,5933,136,182,280,2
3453,-7046,6462,160,144,263,2
3554,-7133,6519,133,99,216,2
4089,-6970,5924,60,98,52,2
4304,-6318,5824,241,102,151,2
4386,-6203,5644,227,112,183,2
4242,-6177,5569,197,145,231,2
3900,-6804,5880,19,47,16,2
3900,-6804,5880,19,47,16,2
3949,-6718,5936,49,62,27,2
3937,-6656,5964,-47,-44,47,2
3937,-6656,5964,-47,-44,47,2
3402,-6767,5921,10,9,85,2
3402,-6767,5921,10,9,85,2
3257,-6865,6180,-2,5,56,2
3460,-6841,6099,-20,-2,7,2
3585,-6742,6081,-26,2,-27,2
3529,-6712,6241,-17,3,-36,2
3531,-6719,6334,-9,-9,-38,2
3691,-6690,6225,-11,-23,-51,2
3585,-6775,6220,-15,33,64,2
3602,-6808,6173,-39,32,38,2
3647,-6838,6172,-37,30,33,2
3677,-6846,6222,-15,27,37,2
3662,-6823,6317,9,23,45,2
3650,-6756,6375,28,17,51,2
3628,-6725,6399,37,11,61,2
3578,-6732,6396,37,3,69,2
3520,-6749,6314,18,-7,62,2
3484,-6759,6188,-12,-14,41,2
3453,-6804,6073,-44,-17,10,2
3476,-6840,5948,-66,-18,-24,2
3858,-6575,5955,26,17,-19,2
3804,-6543,6223,41,4,18,2
3753,-6581,6226,37,7,44,2
3732,-6620,6177,21,15,52,2
3736,-6632,6111,3,20,47,2
3703,-6666,6081,-2,25,49,2
3644,-6760,6193,6,15,39,2
3651,-6730,5673,-14,-42,-51,2
3559,-6745,5618,-10,-37,-54,2
3676,-6712,5375,-11,-23,-69,2
3793,-6624,5112,-2,3,-71,2
3680,-6595,5057,17,31,-56,2
3551,-6672,4970,34,47,-58,2
3326,-7077,4770,35,58,-130,2
8152,-3270,-5700,970,1515,-7875,2
7777,-2288,-6120,821,2092,-8730,2
-3140,-877,-2552,-4480,6323,-11008,2
-3140,-877,-2552,-4480,6323,-11008,2
-1928,-2548,659,-3353,7555,-8218,2
-1449,-3836,4320,-1864,8770,-4819,2
-2174,-4199,6654,-1237,9264,-1860,2
-3727,-5813,8533,-1367,9292,-727,2
-4908,-6513,12311,-2309,9228,-955,2
-5490,-8084,18716,-3986,8154,-502,2
-4699,-9870,24658,-3938,6691,204,2
-4268,-9083,27313,-2083,5349,669,2
-4278,-7780,27054,-297,3787,864,2
-3873,-6393,24558,1238,2289,865,2
-3933,-5326,20994,2145,1216,1018,2
-3853,-4450,18022,1953,408,1110,2
-3580,-3381,16410,1106,-164,1049,2
-3295,-2828,15950,152,-596,1146,2
-3056,-2534,16077,-409,-912,1538,2
-2865,-2456,16489,-653,-1212,2204,2
-2973,-3247,16959,-775,-1679,3278,2
-3517,-5074,17423,-650,-2392,4693,2
-4638,-5856,18061,95,-3524,6195,2
-5584,-4908,19147,1325,-4974,7599,2
-5892,-5069,20523,2573,-6323,8696,2
-4898,-5569,21435,3572,-7019,9315,2
-4987,-4003,19894,3617,-7307,9994,2
-4963,-1060,14516,2118,-7263,10357,2
-2245,153,9627,-622,-6704,9557,2
488,-126,8776,-2748,-5786,7892,2
1813,-2462,8468,-3856,-5149,5843,2
3561,-3280,5925,-4566,-4761,3743,2
3669,-2692,4198,-4880,-4446,1921,2
3342,-2049,2603,-5335,-4171,988,2
4222,-1869,61,-5272,-3573,869,2
5619,-2565,-1581,-4687,-2770,1171,2
6255,-3761,-2154,-4041,-2055,1537,2
5782,-5379,-1577,-3289,-1521,1650,2
4830,-6032,-705,-2476,-1302,1611,2
4407,-6138,-568,-1799,-1302,1381,2
4377,-5937,-944,-1349,-1318,1183,2
4168,-5892,-1148,-1035,-1266,1038,2
3870,-5930,-1061,-776,-1148,927,2
3762,-5941,-871,-584,-976,868,2
3738,-6029,-748,-495,-787,830,2
3725,-6207,-526,-432,-599,798,2
3767,-6472,-293,-355,-429,757,2
3657,-6646,10,-254,-304,710,2
3359,-6878,448,-115,-215,662,2
3146,-7094,926,22,-160,606,2
3342,-7239,1182,147,-101,545,2
3602,-7352,1496,251,3,487,2
3869,-7450,1952,333,119,433,2
4121,-7411,2612,412,227,385,2
4251,-7252,3282,492,311,369,2
4166,-7234,4101,574,364,396,2
3462,-7362,5494,637,372,409,2
2923,-7593,6648,633,310,375,2
3112,-7741,6984,581,231,321,2
3454,-7945,6911,462,201,214,2
3420,-7847,7028,239,160,70,2
3565,-7459,6869,148,107,-13,2
4063,-7286,6281,165,87,30,2
4461,-7338,5711,185,85,111,2
4514,-7386,5389,194,86,175,2
4224,-7404,5323,216,91,176,2
3835,-7198,5446,256,85,190,2
3697,-7105,5288,231,65,268,2
3846,-7318,4969,189,75,326,2
3748,-7437,5005,181,111,332,2
3381,-7413,5364,168,128,297,2
3075,-7508,5712,135,121,246,2
2944,-7668,5979,89,115,196,2
3026,-7818,6041,36,105,148,2
3222,-7841,5834,-2,83,86,2
3463,-7702,5537,-12,56,42,2
3560,-7567,5293,15,39,50,2
3538,-7533,5116,72,31,81,2
3504,-7478,4932,124,28,95,2
3544,-7382,4757,154,38,87,2
3586,-7306,4708,170,70,71,2
3627,-7203,4744,191,105,62,2
3517,-7091,5002,217,136,71,2
3379,-7051,5287,230,146,84,2
2877,-7235,6484,128,105,54,2
2877,-7235,6484,128,105,54,2
3010,-7363,6551,67,63,7,2
3372,-7404,6261,20,41,-39,2
3591,-7360,6069,9,32,-70,2
3715,-7277,6100,41,22,-61,2
3756,-7191,6110,88,5,-18,2
3782,-7139,5962,121,-9,33,2
3761,-7099,5757,141,-15,81,2
3567,-7097,5636,145,-17,117,2
3401,-7148,5561,139,-19,140,2
3361,-7225,5440,123,-20,141,2
3228,-7276,5456,96,-10,124,2
3123,-7351,5577,55,5,93,2
3349,-7343,5491,1,49,43,2
3349,-7343,5491,1,49,43,2
2979,-7307,6409,117,43,70,2
2979,-7307,6409,117,43,70,2
3053,-7241,6367,94,-12,31,2
3094,-7228,6245,57,-49,6,2
3154,-7228,6095,15,-73,-11,2
3322,-7201,5804,-16,-79,-22,2
3465,-7194,5559,-27,-63,-29,2
3538,-7130,5414,-10,-37,-17,2
3541,-7059,5336,16,-16,11,2
3584,-7025,5231,46,1,51,2
3525,-7000,5223,82,26,92,2
3221,-7005,5540,100,54,117,2
2861,-7119,5989,79,56,112,2
2782,-7260,6154,34,36,67,2
2889,-7307,6149,-3,15,5,2
3031,-7267,6110,-22,-1,-40,2
3195,-7235,6071,-17,-12,-59,2
3306,-7182,6100,7,-15,-52,2
3226,-7204,5437,-1,15,-42,2
3226,-7204,5437,-1,15,-42,2
3238,-7172,5581,20,27,-39,2
3211,-7156,5797,44,30,-25,2
3307,-7120,5861,82,20,-6,2
3307,-7120,5861,82,20,-6,2
3225,-7106,5997,80,20,-9,2
3174,-7130,6008,60,8,-15,2
3264,-7181,5867,32,2,-28,2
3348,-7209,5764,12,12,-47,2
3413,-7161,5794,11,31,-55,2
3450,-7122,5886,16,39,-48,2
3433,-7094,5991,29,39,-28,2
3371,-7109,6073,41,31,-6,2
3287,-7157,6131,38,16,9,2
3168,-7236,6173,22,-1,9,2
3106,-7296,6203,0,-20,-5,2
3136,-7333,6138,-22,-37,-27,2
3368,-7209,5788,-23,-57,-53,2
3368,-7209,5788,-23,-57,-53,2
3448,-7181,5636,-9,-50,-32,2
3452,-7126,5589,2,-31,-12,2
3341,-7113,5691,6,-15,0,2
3137,-7164,5864,3,-15,-1,2
3120,-7218,5895,-10,-33,-19,2
3187,-7235,5871,-19,-46,-45,2
3445,-7079,5856,-7,-45,-55,2
3140,-7155,5427,-2,-37,-49,2
3140,-7155,5427,-2,-37,-49,2
3098,-7217,5286,-4,-50,-84,2
3010,-7301,5156,-3,-63,-156,2
2952,-8655,4209,-102,-119,-972,2
5670,-6294,-40,373,-188,-5336,2
5670,-6294,-40,373,-188,-5336,2
6332,-6657,-837,637,-12,-5730,2
6441,-6018,-2626,851,289,-6202,2
6689,-4412,-3914,901,690,-6956,2
7670,-3585,-5504,206,1063,-7837,2
6523,-2338,-6634,-801,1621,-8388,2
5302,-2256,-6785,-1907,2935,-9383,2
4365,-682,-6999,-2786,4300,-10388,2
-6992,-3475,13777,-1908,9843,-838,2
-7896,-4531,18907,-2826,8641,-443,2
-7356,-6870,23484,-3468,7198,190,2
-5867,-9738,26359,-2752,5733,835,2
-4352,-9504,26727,-1187,4136,931,2
-4106,-7903,25241,-78,2647,618,2
-4079,-6690,22610,501,1364,299,2
-3626,-5820,19779,682,433,219,2
-3051,-4823,17482,727,-91,240,2
-2661,-3577,15951,645,-343,351,2
-2357,-2770,15137,421,-485,530,2
-1916,-2530,14911,192,-630,860,2
-1644,-2614,15021,102,-819,1429,2
-1751,-3203,15352,74,-1119,2282,2
-2145,-4537,15912,100,-1551,3445,2
-2862,-5715,16415,332,-2148,4877,2
-2862,-5715,16415,332,-2148,4877,2
-4312,-5378,17239,1155,-3063,6440,2
-5281,-3433,18309,2640,-4454,7754,2
-5648,-2188,19677,3688,-5648,8896,2
-6202,-2162,20332,3873,-6245,10010,2
-6875,-1467,19121,3064,-6919,10907,2
-5698,-262,14253,1080,-7369,11006,2
5338,-3572,3884,-4916,-4477,3930,2
5338,-3572,3884,-4916,-4477,3930,2
5026,-3471,2693,-5099,-3912,1956,2
3622,-2701,2669,-5166,-3395,1310,2
4403,-2600,1283,-4780,-2862,1356,2
6019,-4996,-350,-3392,-1730,1650,2
6019,-4996,-350,-3392,-1730,1650,2
5225,-5563,-41,-2786,-1385,1727,2
4340,-6022,653,-2262,-1257,1617,2
3883,-6325,755,-1812,-1248,1350,2
4031,-6229,101,-1482,-1224,1104,2
4400,-6085,-663,-1273,-1113,917,2
4569,-5921,-997,-1080,-941,800,2
4264,-5906,-773,-845,-776,765,2
3779,-6155,-365,-675,-635,787,2
3422,-6481,31,-523,-527,803,2
3310,-6751,195,-345,-433,778,2
3126,-7000,650,-174,-318,707,2
2794,-7200,1389,-42,-227,607,2
2624,-7319,1950,44,-183,503,2
2893,-7405,2103,86,-118,408,2
3430,-7539,2144,108,0,314,2
3839,-7587,2369,158,145,225,2
4134,-7513,2826,261,261,186,2
4289,-7333,3323,410,335,204,2
4227,-7124,4055,585,377,266,2
3581,-6985,5202,725,379,338,2
2977,-6994,6240,758,306,368,2
2916,-7052,6662,697,221,380,2
2982,-7321,6885,570,203,335,2
3038,-7421,7036,394,219,208,2
3202,-7247,7219,321,187,97,2
3468,-7267,7021,221,151,38,2
3736,-7230,6956,178,158,11,2
3943,-7219,6794,163,151,14,2
4070,-7143,6579,174,131,42,2
4146,-7055,6316,201,110,95,2
4188,-6954,5977,223,93,168,2
4101,-6906,5674,233,88,235,2
3651,-6896,5777,220,92,269,2
3298,-7012,6031,172,87,262,2
3336,-7125,6013,108,86,237,2
3488,-7133,5864,41,101,195,2
3476,-7110,5789,-9,113,164,2
3366,-7149,5795,-36,105,164,2
3391,-7224,5736,-29,91,177,2
3357,-7278,5719,-1,84,184,2
3177,-7339,5784,24,64,177,2
3179,-7242,5796,128,30,66,2
3179,-7242,5796,128,30,66,2
3101,-7172,5990,129,9,45,2
3229,-7167,5955,124,-6,28,2
3492,-7058,5910,151,7,-2,2
3065,-7043,6379,84,-63,-2,2
3137,-7031,6346,44,-75,-36,2
3393,-6944,6094,6,-71,-67,2
3651,-6877,5795,-9,-52,-62,2
3629,-6879,5807,11,-22,-25,2
3345,-6888,6154,36,-5,0,2
3331,-6870,6184,42,-21,24,2
3517,-6854,5830,30,-34,43,2
3687,-6879,5502,34,-24,50,2
3688,-6869,5446,68,-9,72,2
3384,-6888,5679,100,0,100,2
3216,-6927,5842,106,-7,118,2
3340,-6962,5684,85,-11,117,2
3519,-6960,5435,64,8,98,2
3697,-6988,5388,83,44,105,2
3518,-6993,5786,143,96,141,2
3180,-6980,6373,182,120,160,2
3148,-7010,6756,38,-17,121,2
3282,-7157,5699,-14,-28,27,2
3372,-7029,5634,8,-12,26,2
3438,-6917,5615,31,-2,53,2
3372,-6885,5715,55,16,84,2
3232,-6919,5911,71,34,102,2
3069,-6951,6182,68,47,101,2
2959,-6943,6422,37,49,81,2
2918,-6976,6607,0,39,58,2
2903,-7023,6665,-39,22,35,2
3037,-7059,6451,-63,1,20,2
3146,-7083,6293,-64,-6,13,2
3140,-7057,6295,-44,-10,13,2
3140,-7057,6295,-44,-10,13,2
2876,-7120,6052,-14,44,56,2
2876,-7120,6052,-14,44,56,2
3197,-7057,6288,27,-6,27,2
3197,-7057,6288,27,-6,27,2
3232,-7027,6148,36,-9,37,2
3298,-6979,5964,41,-2,50,2
3223,-6927,5873,44,14,65,2
2972,-6930,6014,31,23,72,2
2865,-7047,6095,-1,17,60,2
2931,-7106,5998,-33,15,22,2
3044,-7085,5888,-39,22,-6,2
3081,-7057,5973,-25,26,-12,2
3095,-7085,6070,-14,0,-19,2
3095,-7085,6070,-14,0,-19,2
3120,-6999,6140,4,-14,7,2
3120,-6999,6140,4,-14,7,2
3129,-6997,6077,5,-8,9,2
2986,-7006,6132,2,-7,9,2
2982,-7073,6097,-5,-21,9,2
3069,-7136,5960,-4,-28,-3,2
3052,-7066,5953,0,-19,-21,2
2990,-7014,6067,-1,-12,-28,2
3031,-7060,6025,-15,-12,-30,2
3164,-7072,5883,-25,-10,-37,2
3246,-7018,5815,-18,2,-35,2
3308,-6985,5808,2,13,-17,2
3275,-6958,5931,26,27,5,2
3117,-6958,6261,37,35,23,2
2986,-6991,6476,23,34,29,2
2941,-7079,6533,-9,17,18,2
2917,-7190,6548,-37,-2,-6,2
3019,-7192,6410,-50,-27,-34,2
3104,-7138,6259,-50,-41,-49,2
3173,-7103,6120,-37,-49,-49,2
3231,-7079,6006,-23,-49,-38,2
3228,-7042,5869,-16,-41,-29,2
3229,-7009,5773,-6,-32,-17,2
3106,-7000,5780,2,-22,-4,2
2846,-7094,6002,-26,-35,-41,2
2940,-7084,5938,-44,-39,-71,2
3318,-6915,5560,1,-25,-86,2
2680,-7667,4854,82,16,-313,2
2503,-8499,4778,116,6,-800,2
2509,-10016,4358,-38,-93,-1678,2
3143,-10247,3419,-347,-184,-3190,2
5302,-6147,912,360,-184,-4895,2
6227,-5340,-378,775,-41,-4929,2
6680,-5900,-866,1059,250,-5086,2
7049,-6500,-2006,1002,648,-5566,2
7280,-5722,-3152,689,1164,-6434,2
7826,-4719,-4441,-58,1749,-7824,2
6522,-3566,-5270,-1163,2518,-9211,2
3414,-3701,-4774,-3256,3628,-10353,2
2519,-2102,-3973,-4101,5404,-11582,2
-350,-733,-3589,-3993,6412,-10607,2
-779,-984,-1418,-3812,7100,-8759,2
-996,-1291,1794,-2738,8118,-6906,2
-5185,-8288,14765,-2495,8472,-780,2
-4934,-8921,21289,-2904,7607,184,2
-4264,-10569,27391,-2655,6401,1177,2
-3948,-11194,29827,-1200,4482,1499,2
-2639,-9152,22133,1623,541,638,2
-2169,-7103,17481,1648,-371,279,2
-2110,-4709,14867,1045,-681,181,2
-738,-3517,14154,-32,-705,638,2
-389,-3666,14224,-23,-936,1017,2
-367,-3863,14178,94,-1260,1495,2
-525,-4345,14225,135,-1660,2182,2
-1043,-5157,14335,177,-2142,3183,2
-2140,-5737,14565,346,-2811,4431,2
-3566,-4622,15322,862,-3933,5823,2
-3566,-4622,15322,862,-3933,5823,2
-4110,-2515,16410,1997,-5355,7290,2
-4471,-2941,17872,3325,-6369,8525,2
-5112,-3981,19496,4269,-6583,9651,2
-6188,-3348,18396,3569,-6991,10704,2
-5377,-1672,13017,1159,-7475,10878,2
-2047,-691,7277,-1422,-6652,9975,2
1654,-1942,5524,-2967,-5358,8015,2
6081,-4358,3525,-3826,-4385,5192,2
7978,-4095,2529,-4636,-4061,2631,2
5496,-6437,-1509,-2281,-1134,2064,2
5496,-6437,-1509,-2281,-1134,2064,2
2680,-7224,3150,5,-302,640,2
2680,-7224,3150,5,-302,640,2
2921,-7503,3028,-51,-198,496,2
3129,-7647,2928,-59,-97,345,2
3405,-7685,3061,-7,-11,211,2
3861,-7453,3682,223,113,65,2
3861,-7453,3682,223,113,65,2
4103,-7336,4066,359,141,68,2
4210,-7139,4597,484,171,94,2
3403,-6845,6569,627,131,221,2
3403,-6845,6569,627,131,221,2
3281,-6937,7020,555,92,235,2
3373,-6993,7261,155,80,112,2
3482,-7121,7037,21,64,76,2
3787,-7042,6555,-36,57,41,2
4120,-6937,6047,-23,47,37,2
4266,-6858,5701,32,37,72,2
4185,-6776,5610,110,36,132,2
4035,-6715,5631,177,32,200,2
3811,-6647,5694,210,31,255,2
3521,-6686,5759,185,25,274,2
3427,-6797,5721,113,15,263,2
3487,-6925,5588,33,25,230,2
3536,-7006,5530,-23,64,185,2
3465,-6919,6122,104,88,165,2
3510,-6888,6138,139,70,199,2
3450,-6900,6125,150,63,217,2
3239,-6950,6229,128,50,206,2
3091,-6993,6211,77,27,174,2
3172,-7061,6035,18,19,126,2
3344,-7094,5801,-18,30,73,2
3501,-7048,5674,-8,54,35,2
3493,-6926,5813,42,73,36,2
3316,-6871,6176,94,73,75,2
3203,-6897,6453,123,47,105,2
3189,-6899,6529,116,9,99,2
3270,-6878,6450,79,-21,82,2
3397,-6891,6246,42,-26,74,2
3414,-6942,6088,18,-12,73,2
3318,-6981,6114,5,3,74,2
3216,-7027,6249,-2,8,62,2
3244,-7045,6217,-1,6,43,2
3319,-7000,6150,10,2,29,2
3372,-6913,6094,21,-4,28,2
3343,-6902,6050,27,-12,43,2
3385,-6938,5973,28,-11,60,2
3403,-6949,5910,27,0,67,2
3247,-6967,6025,19,15,67,2
3459,-6931,6035,18,-1,22,2
3498,-6878,5941,25,6,36,2
3204,-6887,6208,33,11,51,2
3051,-6984,6401,16,-9,42,2
3258,-7024,6130,-9,-34,14,2
3477,-6972,5800,-19,-34,-10,2
3596,-6911,5734,10,-7,0,2
3518,-6844,5944,53,18,36,2
3289,-6853,6227,70,28,70,2
3165,-6866,6411,60,22,83,2
3158,-6873,6489,31,5,78,2
3183,-6891,6404,1,-10,69,2
3125,-6948,6329,-17,-24,62,2
3181,-7009,6160,-27,-34,56,2
3266,-7035,5970,-26,-33,46,2
3215,-7011,5889,-13,-22,39,2
3159,-6986,5845,0,-19,39,2
3123,-6961,5944,9,9,5,2
3116,-6984,6071,7,11,-1,2
3116,-6984,6071,7,11,-1,2
3128,-6962,6128,1,6,-12,2
3125,-6973,6164,-9,-5,-22,2
3195,-6996,6110,-13,-14,-25,2
3306,-6987,5988,-3,-19,-22,2
3325,-6967,5977,9,-13,-17,2
3239,-6975,6080,17,-4,-9,2
3179,-6998,6116,17,-2,-10,2
3181,-6980,6049,6,-3,-20,2
3192,-6998,5979,-4,0,-32,2
3220,-6987,5891,-7,8,-46,2
3420,-6822,5979,51,58,-13,2
3420,-6822,5979,51,58,-13,2
3082,-6984,6786,-13,-9,-25,2
3082,-6984,6786,-13,-9,-25,2
3233,-6973,6542,-53,-23,-49,2
3305,-6987,6318,-70,-36,-55,2
3393,-6982,6077,-64,-41,-45,2
3469,-6990,5910,-44,-38,-31,2
3500,-6960,5803,-17,-28,-15,2
3488,-6920,5778,12,-13,9,2
3347,-6883,5906,35,1,29,2
3082,-6917,6196,31,4,36,2
2864,-7028,6462,-6,-14,15,2
2950,-7089,6428,-63,-38,-37,2
3199,-7076,6281,-95,-42,-82,2
3381,-7017,6211,-94,-38,-94,2
3395,-6966,6269,-65,-45,-75,2
3347,-6967,6274,-37,-63,-44,2
3374,-6999,6094,-22,-75,-30,2
3420,-6960,5858,-19,-74,-31,2
3415,-6914,5673,-20,-60,-31,2
3322,-6897,5604,-22,-44,-29,2
3130,-6944,5682,-37,-36,-38,2
3092,-7027,5689,-64,-38,-67,2
3197,-7040,5558,-87,-36,-104,2
3326,-7012,5454,-88,-22,-129,2
3398,-6963,5454,-61,-7,-131,2
3404,-6897,5485,-22,3,-119,2
3338,-6852,5534,11,10,-102,2
3205,-6847,5652,17,14,-104,2
3027,-6850,5833,-7,9,-123,2
3069,-6851,5746,-50,-5,-154,2
3124,-6917,5518,-80,-7,-190,2
3045,-7216,5338,-105,5,-268,2
2879,-7640,5124,-135,11,-474,2
-4780,1541,-5272,-4154,8706,-11033,2
-8919,-1341,281,-4813,9482,-9432,2
-9335,-3211,5624,-3666,10776,-7030,2
-9486,-4188,8844,-2674,11723,-3961,2
-9914,-8547,14210,-3558,11222,-983,2
-8627,-14946,22500,-3994,10069,858,2
-7958,-16668,29101,-2957,8448,1703,2
-6480,-15173,31841,-1878,5764,1603,2
-6083,-13761,30932,-848,3239,1059,2
-4673,-11935,26961,231,1237,164,2
-4093,-9460,21991,1042,42,-178,2
-4037,-6579,17766,1311,-506,-115,2
-3476,-4842,15208,1054,-670,-38,2
-2609,-4652,14295,515,-641,119,2
-1589,-4357,14219,427,-472,793,2
-1356,-3695,13992,717,-566,1208,2
-1225,-3137,13579,847,-825,1743,2
-1318,-2905,13343,771,-1225,2403,2
-2258,-4517,13646,392,-2395,3957,2
-2917,-4644,13901,543,-3267,4715,2
-3442,-3681,14447,869,-4215,5665,2
-4415,-3231,15850,1462,-5101,6782,2
-5830,-4568,18172,2094,-5874,7981,2
-6454,-6052,19743,2636,-6511,9146,2
-6441,-4676,17396,2550,-6930,10055,2
2188,-6794,7565,-3776,-4907,4269,2
1735,-3729,7740,-4651,-5022,1579,2
7365,-2984,-668,-4104,-2286,1896,2
5502,-6137,940,-3481,-1660,2052,2
3829,-7769,2243,-2726,-1541,1624,2
3634,-7280,2079,-2160,-1669,951,2
4321,-5988,1013,-1849,-1699,439,2
4455,-5217,100,-1637,-1570,324,2
4534,-5557,-447,-1424,-1378,407,2
4534,-5557,-447,-1424,-1378,407,2
3356,-5814,-741,-577,-887,623,2
3687,-7454,-209,-143,-63,271,2
3687,-7454,-209,-143,-63,271,2
3793,-7460,119,7,25,224,2
3845,-7534,554,154,99,208,2
4016,-7565,1104,289,183,200,2
4089,-7547,1923,413,286,209,2
3755,-7550,3049,519,370,230,2
3035,-7726,4547,581,385,219,2
2954,-7965,5510,617,334,185,2
3458,-7960,5925,623,322,142,2
3669,-7903,6590,599,355,89,2
3335,-7926,7564,560,335,54,2
3399,-7937,7933,529,235,23,2
4282,-7240,6615,447,5,19,2
3792,-7170,6699,405,-71,41,2
4787,-6744,4230,126,-67,137,2
4856,-6602,3938,90,31,205,2
4371,-6602,4186,92,124,281,2
3859,-6822,4823,120,182,299,2
3414,-6759,5294,108,169,353,2
3213,-7045,5530,91,137,403,2
3074,-7435,5789,94,105,393,2
3176,-7599,5786,83,64,344,2
3257,-7644,5660,74,39,276,2
3308,-7664,5590,75,29,203,2
3542,-7594,5370,82,22,159,2
3806,-7465,5135,94,36,138,2
3380,-7276,5687,198,164,242,2
2830,-7381,6312,176,135,206,2
2718,-7539,6549,115,65,134,2
3019,-7589,6379,42,2,62,2
3379,-7532,5983,-4,-22,9,2
3616,-7437,5719,-4,-22,-15,2
3747,-7294,5577,26,-20,2,2
3865,-7215,5399,68,-18,53,2
3845,-7151,5225,109,-10,118,2
3782,-7108,5123,135,0,170,2
3629,-7075,5134,150,17,205,2
3274,-7085,5377,139,45,214,2
3398,-7295,5479,-4,37,70,2
3419,-7289,5523,23,39,82,2
3334,-7330,5673,55,35,103,2
3269,-7401,5754,69,28,116,2
3216,-7428,5735,68,22,110,2
3216,-7427,5594,61,17,96,2
3300,-7404,5415,61,18,85,2
3128,-7352,5663,61,9,-3,2
3128,-7352,5663,61,9,-3,2
3410,-7175,5645,64,3,3,2
3086,-7259,5857,47,15,26,2
3134,-7301,5870,23,5,6,2
3331,-7277,5789,11,11,-12,2
3428,-7217,5773,14,23,-12,2
3316,-7219,5855,30,30,11,2
3117,-7289,6038,34,22,27,2
3107,-7331,6040,21,0,19,2
3148,-7342,5855,4,-19,2,2
3378,-7280,5273,9,-24,-18,2
3469,-7228,5207,31,-1,-10,2
3335,-7132,5452,59,31,6,2
3171,-7146,5747,66,48,21,2
3214,-7203,5839,49,49,20,2
3275,-7193,5851,35,55,10,2
3167,-7199,6019,33,58,11,2
2952,-7260,6234,7,30,6,2
2984,-7331,6130,-18,-4,-10,2
3208,-7358,5801,-27,-21,-29,2
3377,-7316,5579,-15,-20,-44,2
3335,-7215,5565,9,-12,-39,2
3306,-7195,5606,23,-6,-21,2
3336,-7207,5600,29,2,-9,2
3372,-7172,5508,30,16,-10,2
3362,-7094,5492,42,30,-1,2
3187,-7110,5675,49,39,12,2
3187,-7110,5675,49,39,12,2
3257,-7192,5754,26,18,-29,2
3310,-7175,5779,31,23,-38,2
3310,-7175,5779,31,23,-38,2
3319,-7175,5844,38,24,-37,2
3308,-7158,5964,43,25,-37,2
3324,-7154,6039,44,20,-30,2
3353,-7158,6075,44,15,-20,2
3299,-7225,5716,-36,-25,-24,2
3299,-7225,5716,-36,-25,-24,2
3323,-7212,5600,-38,-16,-32,2
3278,-7210,5622,-26,-6,-29,2
3205,-7234,5739,-15,-4,-22,2
3220,-7288,5694,-16,-12,-23,2
3298,-7280,5610,-15,-14,-35,2
3231,-7246,5716,-10,-1,-46,2
3268,-7209,5748,-5,-2,-48,2
3401,-7151,5631,1,-10,-46,2
3513,-7093,5557,16,-4,-37,2
3464,-7033,5713,32,10,-20,2
3337,-7067,5893,21,11,-5,2
3199,-7243,5961,-29,-9,-34,2
3199,-7243,5961,-29,-9,-34,2
3387,-7257,5715,-30,-32,-45,2
3566,-7246,5491,-17,-33,-43,2
3602,-7225,5558,13,-8,-26,2
3448,-7140,5777,34,13,-6,2
3389,-7125,5771,31,7,10,2
3401,-7160,5607,25,0,18,2
3220,-7195,5645,19,2,12,2
3108,-7236,5792,-5,0,-15,2
3202,-7224,5719,-31,-7,-51,2
3292,-7175,5615,-43,-9,-74,2
3341,-7211,5712,-26,-7,-75,2
3361,-7193,5861,6,-9,-67,2
3419,-7136,5907,28,-21,-55,2
3502,-7101,5918,43,-27,-38,2
3532,-7041,5899,45,-20,-16,2
3399,-7036,5976,32,-14,3,2
3158,-7154,6117,-5,-23,1,2
3434,-7231,5502,-81,-53,-81,2
3434,-7231,5502,-81,-53,-81,2
3555,-7201,5365,-53,-44,-73,2
3794,-6913,4640,47,62,-87,2
3794,-6913,4640,47,62,-87,2
3652,-6766,4641,89,96,-65,2
3295,-6782,4745,129,112,-45,2
3160,-6915,4665,123,97,-71,2
3053,-7298,4315,78,77,-180,2
3001,-7465,3755,13,69,-438,2
3008,-8582,2857,-118,94,-972,2
3969,-9330,1294,-249,105,-2207,2
4925,-8670,-532,-103,123,-3395,2
6213,-7263,-1921,177,249,-4452,2
6595,-6395,-2717,483,499,-5444,2
7039,-6180,-4151,590,887,-6403,2
7473,-5254,-5674,849,1445,-7221,2
6968,-2997,-5549,1203,2078,-8002,2
6917,-2956,-6143,478,2569,-9263,2
2771,-2268,-6259,-1042,3646,-10307,2
-4268,-3967,4617,-2321,10203,-4681,2
-4268,-3967,4617,-2321,10203,-4681,2
-5797,-4886,6682,-2057,10456,-2189,2
-7275,-7174,9411,-2348,10417,-979,2
-8578,-9238,14141,-3283,9836,-550,2
-7527,-9854,20617,-4211,8602,-33,2
-6739,-10777,27179,-4171,7320,1109,2
-6395,-11928,31351,-2917,5575,1787,2
-5921,-11820,30838,-653,3370,1823,2
-5344,-10790,25442,1635,1320,1538,2
-4415,-9516,19176,2693,119,1337,2
-3830,-8194,15523,2350,-275,1053,2
-3911,-6210,14575,1407,-303,664,2
-3581,-5157,15507,458,-310,421,2
-3111,-4814,16665,-46,-526,498,2
-2773,-5059,17387,-27,-954,767,2
-2215,-6532,17765,111,-1577,1236,2
-2207,-7489,17352,386,-2331,2016,2
-3183,-6709,16507,915,-3118,3103,2
-4285,-4612,16069,1502,-4096,4286,2
-4363,-2164,15821,2403,-5339,5397,2
-4320,-1296,15930,3587,-5997,6496,2
-5014,-1699,16585,4155,-6112,7645,2
-5014,-1699,16585,4155,-6112,7645,2
-5174,-1699,16350,3563,-6433,8684,2
-5390,-1209,14357,2085,-7201,9208,2
-4470,-946,10134,219,-7520,8977,2
-2741,-1142,7277,-1651,-7025,8274,2
213,-1808,6607,-2803,-6296,7394,2
2118,-1565,5097,-3036,-5499,6286,2
3684,-2739,2688,-3486,-4862,4754,2
4714,-4160,1793,-4115,-4194,3167,2
4298,-4200,2291,-4271,-3614,2025,2
4088,-3969,794,-4075,-3015,1751,2
3253,-6426,2037,-140,-107,620,2
3253,-6426,2037,-140,-107,620,2
3126,-6678,2351,-78,-78,565,2
3834,-7357,3417,185,157,339,2
3834,-7357,3417,185,157,339,2
4128,-7388,3701,281,240,313,2
4379,-7284,4110,405,297,322,2
4456,-7145,4608,527,337,345,2
4371,-6932,5185,643,368,383,2
3635,-6755,6217,699,372,425,2
2870,-6918,7258,654,290,427,2
2847,-7315,7455,508,188,380,2
3322,-7269,7133,338,127,301,2
3701,-7021,6762,247,126,197,2
3832,-6878,6609,199,146,192,2
3934,-7034,6510,134,167,254,2
3849,-7198,6350,101,163,274,2
3753,-7143,6176,115,125,260,2
3854,-7041,5815,142,85,280,2
3861,-7037,5575,162,86,306,2
3705,-7060,5600,186,110,318,2
3397,-7016,5916,196,121,307,2
2847,-7052,6451,157,97,277,2
2673,-7223,6656,70,50,232,2
3006,-7361,6350,-11,24,191,2
3316,-7424,6003,-52,31,130,2
3476,-7337,5862,-35,47,79,2
3554,-7224,5883,18,51,82,2
3572,-7152,5867,87,51,130,2
3463,-7114,5864,148,49,181,2
3323,-7071,5899,175,43,195,2
3402,-6909,5924,68,11,100,2
3402,-6909,5924,68,11,100,2
3341,-6926,5938,105,20,139,2
3124,-6967,6028,122,17,159,2
3331,-6848,6413,41,14,51,2
3229,-6944,6475,52,6,100,2
2937,-7052,6626,43,-2,105,2
2771,-7120,6666,0,-31,64,2
2950,-7120,6350,-55,-58,15,2
3247,-7079,5901,-85,-53,-26,2
3392,-7006,5684,-76,-35,-36,2
3446,-6955,5597,-34,-19,-10,2
3445,-6889,5576,19,1,36,2
3377,-6828,5701,64,28,82,2
3134,-6856,6021,87,56,109,2
2839,-6930,6403,83,59,111,2
2735,-6997,6612,54,34,92,2
3027,-7070,6271,-92,-47,-7,2
3171,-6893,6009,39,7,69,2
3057,-7107,6231,0,21,6,2
3082,-7124,6197,-39,-25,-35,2
3082,-7124,6197,-39,-25,-35,2
3134,-7077,6103,-47,-25,-47,2
3140,-7045,6077,-46,-25,-37,2
3173,-7024,6020,-36,-24,-21,2
3092,-7018,6033,-25,-21,-9,2
2991,-7030,6146,-25,-21,-7,2
2947,-7033,6179,-35,-33,-12,2
3174,-7072,5978,-46,-50,-59,2
3174,-7072,5978,-46,-50,-59,2
3225,-6997,5894,-31,-43,-50,2
3229,-6949,5837,-15,-37,-28,2
3134,-6949,5889,-5,-31,-10,2
3017,-6981,6095,-19,-26,-10,2
3004,-7004,6148,-46,-29,-21,2
3039,-7073,6058,-77,-35,-41,2
3331,-7017,5956,-9,-26,-29,2
3331,-7017,5956,-9,-26,-29,2
3300,-6993,6073,13,-17,-9,2
3241,-6967,6141,20,-19,10,2
3132,-7009,6182,12,-24,29,2
2950,-7102,6278,-12,-36,28,2
2976,-7192,6148,-44,-53,3,2
3089,-7191,5956,-59,-60,-30,2
3142,-7155,5906,-59,-61,-57,2
3172,-7102,5919,-49,-65,-64,2
3205,-7093,5911,-42,-72,-60,2
3265,-7131,5806,-29,-72,-50,2
3282,-7133,5776,-18,-60,-49,2
3149,-7131,5967,-14,-47,-53,2
3126,-7148,6037,-22,-49,-64,2
3180,-7100,6009,-26,-50,-77,2
3177,-7021,5974,-35,-55,-83,2
3126,-7035,5913,-51,-69,-81,2
3093,-7063,5844,-66,-78,-88,2
3124,-7061,5757,-81,-81,-107,2
3159,-7043,5695,-92,-77,-120,2
3186,-7018,5649,-87,-75,-118,2
3286,-6986,5464,-74,-70,-103,2
3390,-7004,5253,-50,-58,-77,2
3329,-7024,5127,-22,-37,-57,2
3189,-7049,5091,-6,-18,-64,2
3152,-7030,4945,-4,-10,-88,2
3107,-7002,4723,-5,2,-109,2
3178,-6990,4442,4,18,-129,2
3336,-6967,4018,35,39,-149,2
3434,-6973,3531,88,69,-174,2
3372,-7077,3001,153,99,-239,2
3111,-7437,2215,218,125,-434,2
6857,-1098,-8901,801,3427,-7996,2
3286,-233,-7304,38,4733,-8574,2
-429,-812,-4428,-1711,6781,-9777,2
-3439,1018,-1473,-2546,8763,-10422,2
-8284,341,2505,-2921,9530,-8857,2
-8763,-1879,6416,-2787,10324,-6717,2
-9119,-2297,8344,-1924,10994,-4173,2
-9614,-3630,10830,-2276,10670,-1633,2
-8961,-8375,15270,-2785,9820,-36,2
-7399,-12978,20884,-3058,8612,946,2
-5576,-15058,25543,-2925,6851,1524,2
-4172,-14408,27238,-2059,4542,1147,2
-4395,-12766,26012,-1007,2485,360,2
-4058,-10509,22248,234,833,-450,2
-4077,-8275,17766,1226,-81,-524,2
-4124,-6250,14402,1537,-323,-116,2
-3681,-5758,13113,1220,-180,245,2
-3099,-6493,13624,615,30,470,2
-2718,-7116,14889,233,105,695,2
-2408,-7071,15827,329,-3,885,2
-2279,-6617,16102,648,-323,1103,2
-2376,-6176,16054,863,-789,1463,2
-2855,-6332,16193,920,-1364,2066,2
-3745,-6870,16551,908,-2090,2950,2
-5454,-6960,17508,919,-3119,4211,2
-7041,-5776,19203,1562,-4720,5637,2
-7893,-5381,21239,2745,-6324,6879,2
-7624,-5463,22208,3857,-7435,7829,2
-8308,-3525,20250,3939,-8134,8799,2
-6159,-481,9589,-586,-8529,8431,2
-2927,-985,7406,-2836,-7627,7062,2
890,-2478,4877,-3476,-6397,4945,2
890,-2478,4877,-3476,-6397,4945,2
5445,-2967,3954,-3493,-5395,1962,2
5717,1115,1722,-4422,-5337,1065,2
5624,2349,-2236,-4988,-4459,1393,2
6398,-216,-1926,-4486,-3166,1981,2
6268,-2948,-994,-3692,-2361,2589,2
5573,-4549,-483,-2955,-1884,2807,2
5180,-5452,177,-2167,-1608,2535,2
4732,-5269,575,-1488,-1519,2077,2
2868,-7468,956,-521,-170,633,2
2324,-8066,7272,373,166,142,2
2324,-8066,7272,373,166,142,2
2982,-7874,7002,262,128,20,2
3585,-7628,6612,186,137,-76,2
3717,-7513,6555,170,146,-97,2
3605,-7537,6693,211,119,-65,2
3646,-7416,6508,283,60,-20,2
3921,-7218,6022,350,7,28,2
3002,-6949,6493,343,-3,133,2
3002,-6949,6493,343,-3,133,2
3263,-6973,6183,206,-20,113,2
3623,-6999,5645,59,17,97,2
3769,-6981,5365,-46,84,70,2
3802,-6974,5259,-76,127,82,2
3741,-7060,5261,-44,144,137,2
3592,-7088,5394,31,153,187,2
3293,-7067,5752,103,145,211,2
2938,-7146,6149,116,117,203,2
2881,-7237,6231,98,76,182,2
2979,-7284,6051,61,50,139,2
3098,-7296,5874,27,51,69,2
3154,-7204,5822,12,62,5,2
3228,-7069,5840,15,69,-23,2
3355,-7016,5844,36,71,-21,2
3478,-6952,5825,72,72,-8,2
3596,-6877,5865,123,78,15,2
3561,-6803,6004,176,86,57,2
3322,-6824,6312,198,78,94,2
3069,-6846,6520,191,54,102,2
2722,-6932,6750,151,12,84,2
2713,-7066,6654,83,-45,45,2
3020,-7126,6231,29,-77,-10,2
3349,-7065,5846,2,-61,-65,2
3532,-6951,5679,10,-24,-82,2
3545,-6821,5658,42,3,-42,2
3314,-6869,5740,197,84,140,2
3256,-6870,5858,202,82,151,2
3165,-6841,6022,193,87,149,2
2974,-6863,6375,151,93,143,2
2886,-6982,6604,92,83,128,2
3014,-7085,6660,40,74,108,2
3116,-7101,6666,12,72,91,2
3186,-7108,6663,9,65,93,2
3211,-7119,6597,22,44,116,2
3100,-7127,6518,44,21,145,2
2874,-7182,6531,44,-4,156,2
2725,-7263,6441,14,-29,129,2
2893,-7306,6026,-26,-41,72,2
3083,-7263,5621,-42,-25,19,2
3156,-7163,5523,-18,7,-14,2
3111,-7079,5758,26,32,-19,2
3026,-6982,6065,61,39,-9,2
2917,-6986,6359,66,31,0,2
2865,-6991,6549,50,15,-7,2
2953,-6954,6612,19,-2,-13,2
3068,-6956,6492,-9,-17,-11,2
3081,-6982,6375,-23,-27,-4,2
3106,-7002,6249,-31,-33,-3,2
3112,-7009,6098,-33,-28,-3,2
3125,-6997,5988,-24,-21,-7,2
3093,-6921,6146,36,21,2,2
3093,-6921,6146,36,21,2,2
3086,-7037,6317,-29,-21,-28,2
3086,-7037,6317,-29,-21,-28,2
3223,-6994,6149,-28,-21,-27,2
3258,-6981,6037,-6,-20,-10,2
3259,-6942,5966,19,-14,10,2
3229,-6896,5893,34,-6,25,2
3220,-6919,5820,43,3,38,2
3061,-6925,5959,52,20,43,2
3183,-6869,6477,33,4,-21,2
3183,-6869,6477,33,4,-21,2
3193,-6773,6454,36,-13,3,2
3268,-6800,6247,34,-29,35,2
3147,-6866,6167,37,-34,53,2
2833,-6938,6407,19,-38,42,2
2839,-6987,6316,-26,-56,20,2
3031,-7035,5954,-69,-56,-5,2
3191,-7043,5666,-72,-36,-26,2
3261,-7017,5636,-35,-10,-21,2
3089,-6975,5882,10,15,-3,2
2917,-6985,6179,25,20,4,2
2961,-6986,6244,13,12,-2,2
3130,-6964,6213,13,13,-18,2
3256,-6865,6265,34,14,-21,2
3172,-6799,6417,52,14,-1,2
3027,-6836,6557,44,0,16,2
3034,-6890,6489,15,-21,15,2
3065,-6932,6286,-12,-29,-2,2
3119,-6924,6170,-24,-30,-19,2
3176,-6907,6100,-25,-29,-20,2
3210,-6882,6064,-18,-28,-7,2
3228,-6872,6081,-7,-25,9,2
3185,-6884,6083,0,-20,25,2
3069,-6958,6107,6,-17,34,2
3016,-6980,6108,-5,-17,23,2
2971,-7039,6144,-18,-16,6,2
2985,-7018,6180,-21,-19,-12,2
3093,-6992,6113,-17,-27,-22,2
3173,-6974,6070,-9,-31,-22,2
3183,-6954,6131,5,-25,-11,2
3143,-6927,6226,14,-22,2,2
3146,-6914,6182,10,-23,9,2
3147,-6939,6124,0,-17,12,2
3154,-6963,6050,-7,-11,10,2
3119,-6992,6026,-4,-5,10,2
3033,-7011,6128,3,-5,5,2
3053,-7018,6198,5,-7,0,2
3112,-6988,6221,6,-7,0,2
3080,-6985,6257,7,-7,0,2
3009,-6982,6302,1,-15,-1,2
3166,-6978,6153,-1,-17,-7,2
3166,-6992,6147,8,-16,0,2
3074,-6978,6432,-35,-29,-36,2
3074,-6999,6525,-42,-37,-41,2
3071,-7028,6586,-46,-57,-39,2
3105,-7064,6591,-51,-76,-37,2
3099,-7089,6622,-56,-86,-40,2
3067,-7049,6660,-64,-104,-46,2
3019,-7047,6653,-86,-127,-56,2
3052,-7057,6494,-112,-151,-68,2
3100,-7042,6286,-133,-165,-83,2
3081,-6981,6118,-154,-171,-102,2
3052,-6955,5991,-180,-173,-111,2
2973,-6994,5888,-208,-179,-119,2
2976,-7025,5721,-236,-185,-136,2
3122,-7029,5007,-269,-165,-219,2
3129,-7010,4848,-272,-150,-254,2
3079,-6962,4728,-273,-144,-298,2
3034,-6939,4563,-259,-136,-328,2
3019,-7075,4265,-251,-124,-359,2
2906,-7461,3930,-247,-102,-484,2
2549,-7946,3354,-252,-77,-777,2
5474,-6841,-7156,-667,180,-6102,2
7400,-4716,-10003,-320,713,-6832,2
8509,-3921,-11358,53,1455,-7535,2
8024,-3923,-11561,744,2132,-8108,2
6219,-2749,-11583,1804,2974,-8181,2
6253,-1596,-11717,1603,3820,-8264,2
3857,196,-10552,637,5181,-8409,2
-1769,-440,-5956,-1141,7421,-9064,2
-4219,872,-28,-2954,9947,-10348,2
-4219,872,-28,-2954,9947,-10348,2
-10303,-270,5435,-3646,11138,-9564,2
-11803,-1310,10398,-3714,12013,-7426,2
-12154,-2338,12744,-3349,12381,-4612,2
-13027,-5955,16783,-3586,11680,-1701,2
-12043,-11176,23985,-3717,10490,449,2
-9472,-15117,30438,-2955,8913,1809,2
-7556,-15554,-32116,-1284,6555,2222,2
-7357,-13072,32104,646,3696,1540,2
-6623,-10149,27076,2069,1255,491,2
-6027,-7339,21258,2679,-88,256,2
-5610,-4932,17369,2269,-664,521,2
-4909,-3177,15699,1424,-918,665,2
-4107,-2683,15684,555,-1091,959,2
-3392,-3298,16135,35,-1414,1538,2
-3184,-3745,16070,-39,-1938,2315,2
-3331,-4215,15672,33,-2583,3327,2
-3903,-4604,15504,223,-3268,4662,2
-4761,-4273,15874,906,-4076,6229,2
-5370,-3214,16775,2101,-4955,7727,2
-6818,-3034,18814,2981,-5637,9184,2
-7974,-3609,20814,3407,-6342,10589,2
-8251,-2618,18684,2889,-7191,11695,2
-6093,-647,12008,619,-7238,11716,2
3385,-4176,7164,-4555,-4843,5409,2
6241,-3387,-246,-4417,-2126,1682,2
5636,-5571,326,-3791,-1668,1774,2
4793,-6523,893,-3073,-1424,1373,2
4395,-5988,1277,-2467,-1425,818,2
4403,-5504,817,-2083,-1475,502,2
4813,-5226,-56,-1817,-1401,414,2
5286,-5151,-669,-1512,-1221,427,2
5439,-5275,-899,-1254,-1006,559,2
3397,-5761,101,-808,-578,908,2
3336,-7952,676,-396,-49,401,2
3657,-7993,961,-147,14,311,2
3890,-7899,1549,133,64,258,2
3932,-7744,2263,374,107,263,2
3715,-7594,3111,559,148,293,2
3247,-7558,4022,649,166,329,2
2949,-7725,4735,663,162,346,2
2762,-7844,5375,633,166,315,2
2800,-7978,5910,577,169,221,2
3132,-7989,6207,502,165,112,2
3567,-7756,6276,424,168,37,2
3666,-7541,6446,371,165,21,2
3670,-7486,6574,351,136,43,2
3920,-7460,6367,358,88,84,2
4223,-7375,5935,372,46,134,2
4195,-7241,5689,401,28,193,2
3658,-7185,5859,425,12,228,2
3465,-7280,5840,426,-17,220,2
3664,-7251,5564,-10,121,195,2
3712,-7270,5506,44,104,233,2
3741,-7288,5540,111,95,271,2
3629,-7237,5615,162,95,287,2
3423,-7172,5721,187,91,285,2
3134,-7204,5909,177,85,265,2
3055,-7315,5995,144,76,218,2
3160,-7224,5880,87,75,175,2
3004,-7270,6045,58,77,134,2
2815,-7276,6402,72,35,123,2
2892,-7296,6476,62,-15,107,2
3067,-7278,6264,37,-53,94,2
3239,-7261,5938,19,-68,93,2
3289,-7255,5691,19,-62,95,2
3233,-7229,5615,28,-46,99,2
3162,-7197,5583,28,-32,95,2
3263,-7178,5312,69,7,98,2
3110,-7160,5475,95,19,103,2
2906,-7204,5748,94,22,94,2
2840,-7265,5964,71,26,72,2
2962,-7280,5982,34,26,51,2
3105,-7276,5875,5,25,40,2
3174,-7269,5791,7,27,46,2
3142,-7288,5757,28,25,64,2
3146,-7259,5669,84,37,87,2
3011,-7260,5814,93,41,87,2
3087,-7276,5724,87,30,76,2
3176,-7264,5552,79,30,64,2
3176,-7264,5552,79,30,64,2
3101,-7235,5646,75,49,61,2
2996,-7210,5848,71,63,60,2
2988,-7236,5960,61,59,53,2
2988,-7258,6075,50,46,46,2
3008,-7258,6108,39,30,44,2
3114,-7273,6035,40,18,46,2
3231,-7272,5903,50,14,51,2
3202,-7221,5875,65,23,64,2
2881,-7258,6162,67,30,73,2
3118,-7296,5741,-26,-1,-7,2
3118,-7296,5741,-26,-1,-7,2
3181,-7225,5737,-10,14,-1,2
3225,-7136,5678,46,26,84,2
2996,-7112,5819,53,45,100,2
2673,-7200,6089,30,43,102,2
2783,-7348,5880,-33,33,20,2
2771,-7363,6055,-25,31,1,2
2894,-7340,5994,-19,16,-16,2
3041,-7302,5976,-1,15,-17,2
3101,-7200,5994,26,19,-7,2
3181,-7114,5911,46,17,17,2
3251,-7107,5765,62,20,54,2
3037,-7144,5821,72,33,84,2
2628,-7205,6144,43,39,76,2
2590,-7280,6116,-16,21,30,2
2865,-7332,5737,-61,9,-18,2
3059,-7298,5535,-55,24,-41,2
2964,-7204,5760,-11,44,-37,2
2824,-7134,6014,14,35,-21,2
2796,-7198,6056,12,14,-14,2
2883,-7233,5970,2,10,-23,2
3002,-7181,5909,2,16,-34,2
3033,-7132,5851,15,22,-26,2
2960,-7145,5833,50,47,3,2
2925,-7143,5894,44,45,-6,2
2979,-7125,5876,39,41,-21,2
2954,-7073,5940,39,39,-26,2
2944,-7081,5992,34,29,-21,2
3039,-7101,5907,29,19,-17,2
3064,-7096,5825,36,22,-11,2
2961,-7114,5903,42,30,2,2
2925,-7211,5990,40,26,5,2
2974,-7229,5992,39,25,-5,2
2941,-7215,6087,42,29,-13,2
2809,-7231,6287,37,29,-20,2
2806,-7264,6301,18,12,-34,2
2874,-7278,6195,-2,-7,-50,2
2937,-7286,6065,-13,-20,-61,2
3028,-7258,5895,-11,-26,-68,2
3161,-7210,5733,1,-28,-63,2
3213,-7163,5686,23,-12,-44,2
3153,-7043,5795,46,22,7,2
2953,-7077,5996,49,36,21,2
2715,-7151,6258,30,33,9,2
2796,-7235,6168,0,9,-20,2
3186,-7113,5944,10,-6,-3,2
3065,-7091,6051,12,0,11,2
2911,-7254,5937,-65,-25,-55,2
3000,-7239,5867,-61,-27,-62,2
3070,-7234,5846,-46,-28,-57,2
3094,-7110,6041,23,-17,-12,2
2976,-7180,6137,14,-23,-6,2
2967,-7215,6080,-15,-32,-24,2
3022,-7200,5936,-45,-33,-53,2
3057,-7180,5903,-58,-28,-72,2
3113,-7142,5949,-55,-27,-78,2
3146,-7140,5594,-37,-47,-56,2
3146,-7140,5594,-37,-47,-56,2
3217,-7099,5554,-10,-37,-47,2
3287,-7029,5512,25,-26,-28,2
3300,-7009,5408,59,-12,-9,2
3217,-6962,5292,91,5,-14,2
3204,-7030,5109,111,25,-95,2
5096,-10988,1892,-133,-322,-3309,2
6180,-9083,999,388,-208,-4829,2
6180,-9083,999,388,-208,-4829,2
6647,-6693,368,1034,32,-5640,2
7139,-5352,-551,1122,352,-6129,2
7219,-4449,-500,923,800,-6535,2
-2667,-11542,25421,454,1741,1314,2
-1977,-5628,14963,557,-2411,3694,2
-1977,-5628,14963,557,-2411,3694,2
3878,-6448,4120,-2648,-4771,5756,2
3878,-6448,4120,-2648,-4771,5756,2
5741,-6357,3578,-3463,-4609,2918,2
4215,-3470,994,-4032,-4310,1668,2
5755,-2261,-1365,-4108,-3343,1266,2
7526,-3575,-2747,-3708,-2187,1349,2
7175,-5826,-2691,-3211,-1216,1552,2
5587,-7575,-1179,-2681,-592,1372,2
4374,-7659,427,-2064,-419,853,2
4282,-6715,905,-1666,-511,337,2
4770,-5772,440,-1389,-574,62,2
4851,-5608,259,-1125,-518,91,2
4650,-5994,506,-874,-413,246,2
4671,-6064,699,-593,-312,372,2
4697,-6041,891,-361,-208,463,2
4255,-6215,1480,-200,-105,519,2
3776,-6352,2220,-76,-43,530,2
3500,-6416,2773,15,-19,514,2
3293,-6638,3161,61,5,477,2
3293,-6927,3414,74,42,405,2
3590,-7143,3492,73,96,311,2
3822,-7257,3651,80,174,217,2
3940,-7350,4047,116,249,141,2
4024,-7358,4582,189,307,95,2
3976,-7324,5194,282,336,87,2
3981,-7298,5685,362,331,106,2
4066,-7263,5977,413,316,142,2
4000,-7130,5549,3,11,86,2
3123,-7441,5973,-28,112,72,2
3123,-7441,5973,-28,112,72,2
3228,-7017,5992,32,23,97,2
3228,-7017,5992,32,23,97,2
3402,-7034,5773,-3,26,68,2
3488,-7011,5663,-7,42,55,2
3475,-7035,5742,19,55,66,2
3450,-7053,5897,56,58,83,2
3361,-7009,6033,87,50,96,2
3286,-6998,6126,103,33,115,2
3067,-7146,6193,2,9,82,2
3067,-7146,6193,2,9,82,2
3100,-7184,6076,-24,5,54,2
3193,-7193,5984,-27,1,36,2
3176,-7170,5980,-7,-2,22,2
3140,-7130,6112,18,-12,22,2
3174,-7125,6177,35,-23,24,2
3276,-7061,6092,42,-29,23,2
3345,-6988,6028,41,-23,33,2
3185,-7045,5965,-8,-3,50,2
3185,-7045,5965,-8,-3,50,2
3262,-7048,5792,-15,2,42,2
3162,-7021,5919,1,15,40,2
2968,-7023,6162,3,15,30,2
3046,-7073,6106,-9,-1,14,2
3304,-7023,5895,13,-26,15,2
3304,-7023,5895,13,-26,15,2
3337,-6936,5831,27,-11,20,2
3312,-6929,5830,27,2,35,2
3316,-6964,5833,23,20,49,2
3222,-6973,5913,26,39,52,2
3082,-6984,6069,24,43,55,2
3148,-7186,6099,0,3,9,2
3148,-7186,6099,0,3,9,2
3210,-7156,5959,5,8,8,2
3235,-7088,5938,21,19,17,2
3114,-7039,6068,29,21,26,2
3099,-7046,6098,20,18,32,2
3142,-7039,6034,9,25,30,2
3003,-7041,6162,2,37,23,2
2862,-7066,6353,-13,30,7,2
2949,-7101,6262,-36,10,-16,2
3098,-7073,6041,-43,0,-34,2
3240,-6907,5840,33,21,30,2
3240,-6907,5840,33,21,30,2
3233,-6914,5821,34,28,37,2
3156,-6938,5882,34,37,42,2
2960,-6956,6031,25,43,35,2
2893,-7025,6129,6,35,14,2
2992,-7079,6064,-11,27,-12,2
3069,-7076,6031,-14,28,-21,2
3081,-7079,6106,-2,32,-15,2
3073,-7085,6191,13,30,-5,2
3047,-7089,6269,22,24,7,2
3035,-7144,6289,19,13,10,2
3003,-7166,6282,10,9,2,2
3116,-7148,6045,-23,0,-38,2
3137,-7131,6028,-14,1,-39,2
3152,-7105,6076,-4,0,-41,2
3178,-7047,6134,4,0,-36,2
3231,-6987,6160,6,0,-21,2
3203,-6993,6228,4,4,0,2
3081,-7004,6296,-6,3,13,2
2956,-7079,6387,-31,-3,11,2
2992,-7139,6287,-59,-16,-7,2
2943,-7120,6037,-76,-44,-52,2
2923,-7142,6055,-96,-51,-74,2
2927,-7126,6049,-116,-55,-99,2
2974,-7114,6027,-138,-58,-126,2
3053,-7093,5976,-149,-60,-143,2
3128,-7047,5856,-143,-63,-152,2
3185,-7022,5736,-126,-73,-150,2
5622,-8922,-486,-450,331,-5017,2
5622,-8922,-486,-450,331,-5017,2
6496,-6682,-1893,-178,587,-6029,2
7638,-2946,-4436,-44,2134,-8355,2
7638,-2946,-4436,-44,2134,-8355,2
5919,-1768,-4152,-966,2746,-9370,2
2500,-2905,-3937,-2567,4174,-10668,2
617,-565,-3071,-3947,6076,-11735,2
-2776,-954,-1428,-4945,7060,-10303,2
-2474,-3458,1526,-4937,7805,-7947,2
-3685,-9173,13133,-2544,7624,152,2
-3685,-9173,13133,-2544,7624,152,2
-2899,-9308,17289,-3212,6713,646,2
-2755,-9915,21498,-2714,6037,1431,2
-2907,-9854,23991,-1128,5007,1787,2
-3189,-8777,23457,627,3468,1860,2
-3234,-8168,20340,2046,2043,1767,2
-2924,-7609,16945,2593,1244,1553,2
-2729,-6818,14934,2253,933,1306,2
-2721,-5967,14529,1520,792,1080,2
-2752,-5115,15234,898,711,956,2
-2648,-4755,16310,485,481,1004,2
-2467,-5019,17159,270,23,1223,2
-2353,-5479,17351,397,-578,1607,2
-2486,-5814,17032,718,-1221,2218,2
-3117,-5946,16807,797,-1938,3104,2
-4376,-5505,17403,819,-2918,4398,2
-5711,-5401,18786,1581,-4359,5790,2
-7101,-5178,20958,2879,-6073,6998,2
-8503,-6158,23443,3845,-7497,8214,2
-9270,-5376,23091,4042,-8571,9251,2
-10192,-2414,18660,2277,-9531,9647,2
-6810,1187,11488,-604,-9226,8945,2
-2941,2170,8035,-3419,-7981,7275,2
2666,-44,6398,-4929,-6461,4477,2
5300,-763,5728,-5830,-5925,1738,2
6478,2518,-848,-6906,-5744,1061,2
8876,2341,-6672,-6643,-4222,1258,2
10127,-1179,-5948,-5510,-2536,1926,2
8095,-4455,-3337,-4163,-1726,2306,2
5687,-6338,-1359,-2779,-1621,2182,2
3946,-6578,68,-1582,-1706,1757,2
3768,-5779,456,-859,-1803,1270,2
4647,-5342,344,-654,-1106,537,2
4647,-5342,344,-654,-1106,537,2
4749,-5390,484,-723,-916,509,2
4535,-5502,663,-741,-747,535,2
3955,-5741,905,-756,-616,599,2
4586,-7243,1594,-96,-49,360,2
4765,-7152,1986,112,-16,309,2
4302,-7421,4537,355,76,256,2
4454,-7423,4787,319,92,204,2
4734,-7363,4841,253,112,147,2
5032,-7206,4737,189,140,113,2
5212,-7011,4601,155,167,127,2
5267,-6873,4525,162,185,183,2
4831,-6863,4823,191,172,248,2
4479,-6988,4988,215,112,293,2
4424,-7112,4889,234,62,311,2
4334,-7263,4879,233,33,287,2
4334,-7349,4962,216,16,225,2
4549,-7272,4895,196,10,160,2
4666,-7133,4802,156,20,123,2
4611,-7107,4879,95,35,119,2
4637,-7198,4970,42,49,139,2
4699,-7248,4959,8,69,152,2
4658,-7283,4992,1,75,166,2
4608,-7336,4972,20,65,184,2
4625,-7276,4873,55,54,204,2
4415,-7237,4874,82,47,221,2
4101,-7266,4932,70,29,209,2
4024,-7332,4801,35,15,169,2
4149,-7393,4650,-2,20,107,2
4268,-7312,5468,154,1,44,2
4268,-7312,5468,154,1,44,2
4387,-7284,5360,122,-14,23,2
4460,-7249,5225,73,-13,10,2
4515,-7233,5105,31,6,10,2
4506,-7200,5043,11,26,19,2
4483,-7187,4965,13,30,31,2
4434,-7163,4907,27,28,49,2
4301,-7167,4964,42,28,63,2
4235,-7201,5030,47,20,64,2
4259,-7233,5030,50,12,54,2
4313,-7195,5059,55,10,43,2
4353,-7187,5057,63,5,38,2
4410,-7161,5008,78,5,39,2
4351,-7149,5063,85,9,41,2
4294,-7174,5157,83,10,37,2
4348,-7175,5108,78,7,27,2
4437,-7146,4994,76,12,18,2
4432,-7112,4992,79,22,21,2
4391,-7075,5069,88,28,30,2
4234,-7047,5250,91,25,37,2
4109,-7109,5406,80,7,32,2
4528,-6986,4981,20,-2,43,2
4528,-6986,4981,20,-2,43,2
4532,-6981,4824,41,4,80,2
4377,-6949,4846,77,45,72,2
4377,-6949,4846,77,45,72,2
4381,-6951,4810,95,60,99,2
4406,-6986,4859,132,74,133,2
4356,-6984,5010,178,82,165,2
4163,-7146,5293,52,56,72,2
4245,-7095,5199,44,77,76,2
4213,-7093,5207,67,87,109,2
4093,-7176,5332,108,82,140,2
3993,-7219,5414,211,-5,-7,2
3826,-7263,5645,231,-21,-12,2
3822,-7369,5798,250,-54,-23,2
3968,-7392,5827,270,-79,-47,2
4091,-7302,5839,288,-91,-66,2
4161,-7190,5845,297,-102,-65,2
4221,-7109,5747,300,-114,-52,2
4251,-7047,5607,300,-119,-36,2
4183,-7015,5646,294,-116,-27,2
3990,-7014,5821,280,-117,-27,2
3890,-7090,5992,251,-130,-45,2
4014,-7095,5965,215,-137,-78,2
4172,-6982,5850,174,-131,-110,2
4316,-6883,5834,140,-114,-116,2
4397,-6842,5825,121,-99,-98,2
4412,-6824,5871,121,-92,-66,2
4283,-6895,6049,137,-103,-36,2
4128,-6958,6190,156,-131,-26,2
4158,-6975,6168,158,-161,-45,2
4240,-6885,6062,142,-178,-77,2
4279,-6785,6007,109,-183,-103,2
4304,-6706,5982,60,-178,-122,2
4368,-6672,5907,2,-172,-134,2
4468,-6633,5697,-53,-160,-135,2
4541,-6591,5514,-104,-139,-125,2
4558,-6593,5431,-133,-113,-102,2
4513,-6603,5360,-140,-93,-79,2
4455,-6644,4520,-162,-75,-81,2
4623,-6599,4160,-157,-42,-93,2
4644,-6634,3870,-132,1,-105,2
4600,-6665,3684,-90,41,-148,2
4492,-6492,3357,6,143,-219,2
4368,-6663,3203,42,208,-304,2
4098,-7284,2800,68,262,-553,2
3876,-8257,1638,44,270,-1124,2
5182,-10145,-63,-34,362,-2815,2
5825,-8948,-583,-37,429,-4765,2
6487,-7611,-1602,98,629,-6084,2
7476,-5622,-2395,318,889,-6890,2
8463,-4553,-3553,287,1153,-7804,2
8511,-4314,-4763,-11,1687,-8918,2
7248,-2582,-4739,-605,2325,-9783,2
7248,-2582,-4739,-605,2325,-9783,2
-249,-2075,390,-3217,7930,-6949,2
-4200,-3913,10102,-1356,8315,-569,2
-4200,-3913,10102,-1356,8315,-569,2
-5122,-3489,13607,-1731,7840,42,2
-5615,-4741,17621,-1621,7419,744,2
-5585,-5561,20728,-1013,6654,1215,2
-5979,-5633,22021,-465,5356,1454,2
-5901,-5747,21607,-191,3769,1330,2
-5735,-5654,19864,50,2439,1044,2
-5369,-6226,18027,110,1623,636,2
-5383,-5438,17081,63,1223,276,2
-5746,-3852,16933,-190,941,68,2
-5516,-3142,17061,-516,627,-19,2
-4936,-2768,16967,-490,336,63,2
-4429,-2780,16599,-215,86,324,2
-4022,-3112,16416,66,-119,719,2
-3877,-3416,16510,312,-332,1279,2
-3830,-4154,16830,454,-674,1931,2
-4290,-5269,17382,290,-1261,2584,2
-4880,-6237,18045,2,-2064,3306,2
-6317,-6284,18845,145,-3068,4113,2
-8253,-6397,20386,686,-4582,4811,2
-8971,-4582,22568,1498,-6389,5372,2
-10233,-2754,24966,2210,-8035,6046,2
-10925,-3832,26924,2649,-9084,6759,2
-10504,-1740,24920,2276,-9741,7470,2
-9639,3415,16783,333,-10109,7611,2
-5984,6607,9531,-2514,-9526,6773,2
-428,6857,6277,-4688,-8538,5406,2
4616,4848,760,-5649,-7360,3885,2
8218,4039,-3587,-5973,-6116,2926,2
7678,4449,-4796,-6422,-5083,3066,2
6607,797,-4508,-6191,-3891,3220,2
5073,-2826,-3128,-4917,-3085,3258,2
4777,-3974,-2882,-3582,-2693,3105,2
5148,-4218,-3001,-2540,-2330,2762,2
5275,-4116,-2832,-1863,-2040,2403,2
5156,-4193,-2727,-1456,-1855,2124,2
5170,-4370,-2721,-1042,-1727,1932,2
4936,-4517,-2655,-727,-1597,1850,2
4568,-4686,-2443,-509,-1468,1789,2
4130,-5038,-2314,-382,-1336,1777,2
3809,-5533,-2270,-365,-1153,1757,2
3587,-6237,-2049,-396,-930,1680,2
3289,-7143,-1624,-452,-718,1539,2
3268,-7564,-1539,-503,-535,1313,2
3647,-7771,-1353,-353,-342,1021,2
3870,-7999,-1143,-278,-173,827,2
3960,-8320,-675,-161,-42,665,2
4228,-8080,1076,430,148,406,2
4218,-7952,1856,571,205,413,2
3774,-7978,2814,646,246,411,2
3429,-8207,3753,675,239,379,2
3547,-8291,4388,674,225,322,2
3815,-8227,4831,635,245,250,2
3919,-8154,5260,582,271,192,2
3854,-8093,5608,523,265,165,2
3873,-7963,5625,471,226,162,2
4181,-7830,5262,435,188,165,2
4476,-7666,4805,401,188,171,2
4175,-7546,4865,365,201,188,2
3788,-7656,4968,336,166,206,2
3888,-7652,4537,282,122,211,2
3753,-7668,4672,232,122,194,2
3718,-7692,4708,183,126,193,2
3736,-7749,4665,128,135,181,2
3827,-7735,4592,77,151,163,2
3942,-7654,4462,39,173,153,2
4088,-7563,4342,19,196,167,2
4203,-7455,4189,26,215,203,2
3409,-7595,4478,102,197,303,2
3091,-7807,4749,111,164,288,2
3238,-7970,4699,113,120,246,2
3518,-7917,4605,117,107,181,2
3671,-7792,4648,127,119,133,2
3738,-7668,4733,142,131,133,2
3702,-7605,4765,151,132,159,2
3632,-7616,4734,148,124,190,2
3063,-7887,4626,26,197,118,2
3168,-7932,4649,39,198,108,2
3027,-8071,5314,165,155,95,2
3027,-8071,5314,165,155,95,2
3085,-8020,5284,139,153,70,2
3186,-7980,5190,88,160,52,2
3241,-7957,5184,44,184,38,2
3247,-7933,5165,10,205,40,2
3247,-7933,5165,10,205,40,2
3192,-7938,5181,15,192,50,2
3093,-7945,5205,28,168,55,2
2984,-7970,5229,36,139,51,2
2954,-8060,5165,21,114,34,2
3071,-8136,5011,-3,105,12,2
3287,-8139,4840,-12,123,-20,2
3438,-7890,5178,27,155,-15,2
3438,-7890,5178,27,155,-15,2
3342,-7789,5259,38,159,0,2
3009,-7802,5588,41,141,7,2
2962,-7834,5684,35,101,-1,2
3237,-7743,5451,21,72,-22,2
3490,-7586,5157,0,70,-30,2
3604,-7489,5031,-9,91,-2,2
3238,-7538,5267,-15,110,36,2
2949,-7646,5394,-36,94,46,2
3062,-7695,5156,-57,74,28,2
3326,-7672,4805,-71,82,7,2
3481,-7586,4673,-60,107,8,2
3490,-7528,4713,-29,134,37,2
3243,-7483,4862,33,157,118,2
2837,-7551,5208,29,144,117,2
2741,-7618,5342,3,119,90,2
2918,-7664,5165,-37,104,53,2
3098,-7672,5020,-69,112,30,2
3140,-7684,5067,-73,126,21,2
3056,-7696,5142,-57,123,23,2
3043,-7753,5135,-40,109,37,2
3022,-7776,5153,-26,103,37,2
2968,-7739,5176,-19,99,23,2
3004,-7732,5072,-20,94,13,2
3131,-7617,5159,-2,87,-13,2
3122,-7678,5316,5,87,-8,2
3067,-7691,5417,4,76,-3,2
3094,-7751,5435,-7,62,-2,2
3118,-7765,5435,-16,53,-7,2
3095,-7770,5424,-26,47,-14,2
3159,-7768,5284,-32,38,-14,2
3187,-7771,5163,-32,37,-5,2
3160,-7768,5099,-21,44,7,2
3094,-7721,5071,-13,48,18,2
3016,-7714,5106,-16,48,22,2
2917,-7737,5168,-24,50,19,2
2874,-7746,5154,-36,43,6,2
2888,-7761,5117,-47,31,-10,2
2961,-7789,5083,-52,22,-21,2
2996,-7830,5128,-42,19,-28,2
3037,-7854,5160,-25,18,-39,2
3058,-7822,5250,-2,17,-50,2
3046,-7758,5340,12,7,-57,2
3068,-7723,5351,15,-4,-61,2
3088,-7692,5293,1,-7,-66,2
3116,-7656,5195,-29,-1,-72,2
3117,-7636,5104,-69,12,-81,2
3091,-7648,5044,-103,23,-85,2
3051,-7691,5077,-115,31,-82,2
2964,-7739,5224,-109,25,-85,2
2949,-7771,5323,-99,2,-93,2
2960,-7800,5442,-94,-19,-101,2
3040,-7789,5457,-93,-35,-113,2
3223,-7735,5367,-96,-46,-120,2
3374,-7664,5241,-100,-49,-113,2
3335,-7605,5154,-92,-47,-88,2
976,-926,-9170,-2386,5128,-11440,2
976,-926,-9170,-2386,5128,-11440,2
-2595,-1429,-6336,-3945,6856,-10704,2
-3964,-3302,-2867,-4241,8633,-8375,2
-4178,-4407,934,-2004,10441,-5624,2
-5047,-4187,4901,-52,11670,-2906,2
-6772,-4516,8694,-21,11767,-952,2
-8587,-5042,14146,-1458,10843,-299,2
-6344,-10391,28095,-1743,5861,1408,2
-4771,-9662,26377,240,4231,1547,2
-4180,-8400,23821,835,2786,1041,2
-4664,-7047,21127,797,1632,535,2
-4558,-5976,19102,696,873,278,2
-4251,-4636,17852,567,428,151,2
-3992,-3833,17117,261,15,124,2
-2194,-3392,15426,418,-942,1026,2
-2369,-3744,15824,507,-1191,1921,2
-3014,-3876,15994,655,-1597,3165,2
-3967,-4442,16004,728,-2207,4566,2
-5420,-4840,16360,816,-3204,5969,2
-6348,-3510,17601,1498,-4667,7193,2
-6397,-3427,19539,2641,-5773,8160,2
-6684,-2918,21377,3607,-6180,9083,2
-7564,-1090,21172,3123,-6914,9968,2
-8461,-3,17630,942,-7873,10175,2
-6166,1221,12356,-1806,-7841,9536,2
-2414,1440,9098,-4015,-6972,8185,2
1483,323,5715,-5295,-6009,5918,2
7825,-1790,846,-5947,-4781,2754,2
7519,-186,1374,-6533,-4305,747,2
4811,1892,-2043,-6944,-3997,1017,2
4081,-6063,-295,-1021,-757,526,2
3435,-6419,361,-1068,-596,516,2
3357,-6847,620,-1074,-479,565,2
3368,-7101,500,-1051,-385,672,2
3689,-7484,256,-926,-248,689,2
3925,-7831,392,-741,-110,602,2
3973,-8010,574,-580,-32,525,2
3915,-8190,1095,-423,27,376,2
3504,-8306,1866,-284,66,190,2
3378,-8450,2555,-157,76,23,2
3706,-8403,2974,-21,95,-86,2
3835,-8344,3498,92,105,-152,2
3964,-8199,4039,139,101,-213,2
4556,-7387,4618,93,143,-111,2
4641,-7610,4662,114,161,37,2
4509,-7795,4664,77,150,92,2
4476,-7800,4508,80,116,78,2
4410,-7776,4342,100,77,43,2
4176,-7816,4348,128,35,4,2
3954,-7971,4544,135,-4,-73,2
4002,-7826,4649,109,-32,-176,2
4330,-7622,4508,60,-37,-213,2
4580,-7565,4337,7,-22,-185,2
4647,-7588,4255,-17,0,-131,2
4643,-7588,4240,-9,10,-65,2
4561,-7589,4201,15,5,2,2
4510,-7574,4134,44,-4,51,2
4480,-7515,4119,66,-4,78,2
4377,-7448,4191,56,3,79,2
4316,-7448,4274,14,5,50,2
4364,-7447,4261,-35,9,14,2
4538,-7446,4131,-56,16,5,2
4731,-7434,4008,-41,24,34,2
4798,-7441,3938,10,29,90,2
4745,-7424,3957,70,30,148,2
4696,-7334,3929,115,27,198,2
4437,-7275,3999,133,25,239,2
4024,-7415,4227,115,7,240,2
3881,-7604,4289,76,-14,196,2
3879,-7743,4268,28,-21,123,2
4064,-7805,4191,1,-12,46,2
3967,-7801,4339,13,-37,87,2
3967,-7801,4339,13,-37,87,2
4139,-7819,4071,-22,-28,56,2
4205,-7822,3964,-22,-9,31,2
4181,-7776,4014,10,6,30,2
4053,-7783,4182,50,3,49,2
4018,-7842,4336,84,-12,64,2
3979,-7884,4460,107,-26,63,2
4100,-7767,4477,111,-66,59,2
4083,-7737,4474,93,-68,64,2
4083,-7737,4474,93,-68,64,2
4115,-7685,4427,68,-68,67,2
4102,-7655,4303,38,-70,71,2
4057,-7702,4213,19,-68,79,2
3932,-7757,4211,15,-63,79,2
3814,-7810,4294,23,-74,70,2
3839,-7879,4245,37,-90,56,2
3997,-7890,4116,60,-101,42,2
4057,-7873,4179,89,-100,33,2
3949,-7916,4370,107,-101,23,2
3992,-7907,4357,108,-110,7,2
4085,-7890,4243,94,-112,-3,2
4087,-7878,4205,75,-99,-11,2
4083,-7862,4158,58,-79,-17,2
4042,-7895,4112,50,-70,-17,2
3961,-7928,4066,52,-74,-20,2
3939,-8005,4075,63,-80,-26,2
4030,-8037,4059,91,-80,-37,2
4075,-7996,4126,130,-76,-42,2
4053,-7940,4315,178,-75,-34,2
3990,-7896,4495,220,-86,-20,2
3923,-7875,4586,246,-111,-19,2
3967,-7790,4563,252,-131,-25,2
4072,-7721,4444,234,-133,-39,2
4095,-7660,4346,197,-122,-52,2
4083,-7665,4259,154,-104,-62,2
4102,-7692,4157,123,-87,-75,2
4167,-7677,4081,109,-70,-89,2
4260,-7592,4040,117,-47,-90,2
4296,-7547,4162,143,-18,-66,2
4227,-7571,4510,186,3,-34,2
4122,-7588,4844,232,3,-11,2
4136,-7641,5095,220,-25,-11,2
4304,-8123,5298,55,-93,-130,2
4052,-7798,4975,-78,-146,-317,2
4233,-7003,4946,-36,-164,-333,2
4385,-7162,4741,16,-157,-222,2
4339,-7406,4464,19,-150,-118,2
4364,-7585,4310,-34,-128,-83,2
4427,-7577,4253,-51,-91,-77,2
4407,-7557,4383,-23,-71,-40,2
4248,-7649,4571,17,-90,-9,2
4151,-7729,4695,33,-136,-17,2
4175,-7692,4768,44,-164,-36,2
4259,-7665,4832,30,-175,-55,2
4332,-7637,4842,5,-183,-76,2
4751,-7121,3392,33,-125,-141,2
4751,-7121,3392,33,-125,-141,2
4914,-6986,3056,51,-86,-158,2
5080,-6762,2790,95,-33,-137,2
5067,-6665,2695,159,25,-96,2
5041,-6626,2644,213,64,-79,2
4885,-6592,2355,240,84,-103,2
4913,-6803,1563,253,96,-233,2
5212,-6838,-155,226,81,-594,2
6122,-6768,-3311,335,180,-1371,2
7926,-6968,-5639,779,465,-2565,2
8287,-5685,-7738,1065,756,-3187,2
9176,-5132,-9677,1470,1298,-3721,2
9318,-3918,-11397,1963,1948,-4190,2
8918,-3537,-11964,2078,2513,-5081,2
8554,-3140,-12520,1559,3182,-6819,2
4423,-3845,-12336,560,4329,-9263,2
-882,-1699,-9650,-1395,6879,-11815,2
-8870,2443,-7022,-2921,9198,-12632,2
-11032,537,-2772,-4447,10205,-10417,2
-8733,-1441,2771,-3043,11204,-7020,2
-9268,-2051,6887,-67,12102,-3196,2
-9873,-6355,10867,218,11703,-326,2
-10467,-10885,16707,-682,10626,575,2
-10364,-10994,22797,-1881,9254,851,2
-9528,-12215,28072,-2570,7459,1457,2
-8115,-12043,30594,-1413,5666,1380,2
-7364,-10668,29655,-473,3708,720,2
-6811,-8721,26240,6,1909,70,2
-6161,-6720,22461,364,779,-185,2
-5627,-5350,19491,576,260,-147,2
-4925,-4601,17411,621,58,6,2
-4051,-4471,16290,552,-16,84,2
-3282,-4441,16042,560,-17,210,2
-2682,-4504,16216,780,-22,468,2
-2320,-4541,16246,1164,-153,786,2
-2009,-4901,16239,1424,-447,1107,2
-1923,-5382,16166,1473,-895,1521,2
-2176,-5572,15711,1536,-1409,2054,2
-2780,-5218,15152,1439,-1920,2686,2
-3781,-3729,14924,1053,-2518,3584,2
-4800,-1786,15656,1118,-3439,4554,2
-5491,-829,16910,1959,-4571,5550,2
-6864,-1377,19042,2876,-5468,6714,2
-7994,-2187,21694,3500,-6219,8321,2
-9476,-2358,22248,3468,-7240,10113,2
-10534,-1265,18394,2255,-8327,11331,2
-10534,-1265,18394,2255,-8327,11331,2
-7149,675,11010,-74,-8110,11254,2
-2636,1860,8132,-2749,-7071,9918,2
9727,-3324,427,-5576,-4861,3428,2
9727,-3324,427,-5576,-4861,3428,2
8230,836,2742,-5801,-4177,882,2
5320,4047,1036,-6138,-3806,1281,2
6486,465,29,-5332,-2968,1779,2
6053,-2530,860,-4281,-2503,2305,2
5293,-3946,853,-3614,-2375,2435,2
4458,-4658,832,-3028,-2246,2072,2
3676,-4447,646,-2661,-2139,1666,2
3998,-5437,-1460,-2247,-1562,1203,2
3998,-5437,-1460,-2247,-1562,1203,2
4298,-5631,-2397,-2062,-1393,1092,2
4538,-5840,-2897,-1885,-1202,1020,2
4172,-6043,-2974,-1667,-1004,983,2
3617,-6334,-3055,-1401,-842,996,2
3050,-6941,-3003,-1149,-706,1012,2
2814,-7697,-2868,-911,-567,926,2
2886,-8153,-2558,-662,-403,738,2
2995,-8353,-1981,-416,-234,510,2
3244,-8439,-1454,-179,-115,298,2
3839,-8379,-1055,64,-22,140,2
4361,-8219,-448,319,71,66,2
4567,-8065,418,556,157,70,2
4031,-7852,3719,1041,363,165,2
4031,-7852,3719,1041,363,165,2
3174,-8049,5323,1092,327,108,2
3302,-8180,6167,1051,239,13,2
3996,-7990,6193,918,190,-81,2
4692,-7625,5950,742,224,-175,2
4850,-7399,6031,585,276,-199,2
4783,-7376,6191,470,297,-181,2
4713,-7261,6249,411,271,-149,2
4544,-7199,4832,139,137,18,2
4544,-7199,4832,139,137,18,2
4521,-7071,4940,177,135,52,2
4371,-7024,5048,192,118,85,2
4183,-7067,5221,203,107,105,2
3938,-7152,5485,203,94,107,2
3626,-7257,5773,164,64,69,2
3683,-7345,5734,91,18,1,2
4036,-7282,5304,6,-6,-64,2
4460,-7200,4802,-46,11,-101,2
4761,-7152,4545,-35,53,-93,2
4661,-7107,4765,30,96,-43,2
4398,-7164,5194,110,103,13,2
4136,-7298,5553,163,77,45,2
4218,-7336,5729,118,-63,-62,2
4593,-6941,4719,28,16,73,2
4593,-6941,4719,28,16,73,2
4454,-6963,4693,58,26,120,2
4326,-7027,4702,80,27,156,2
3815,-7175,5136,69,31,151,2
3652,-7330,5377,23,21,99,2
4428,-6838,5478,125,-110,-85,2
4543,-6786,5280,101,-88,-49,2
4601,-6708,5134,89,-53,-3,2
4601,-6671,5050,94,-14,44,2
4453,-6677,5020,111,13,93,2
4253,-6711,5077,125,25,128,2
4088,-6803,5188,133,25,140,2
3826,-6918,5469,129,10,125,2
3707,-7030,5712,104,-19,74,2
3929,-7071,5591,79,-44,22,2
4272,-6986,5352,63,-46,-4,2
4449,-6897,5272,67,-19,7,2
4449,-6897,5272,67,-19,7,2
4471,-6876,5332,76,10,53,2
4437,-6931,5339,93,33,108,2
4301,-6975,5429,117,55,153,2
3985,-7040,5656,125,58,168,2
3897,-7087,5642,110,27,158,2
3832,-7326,5516,21,-60,6,2
3832,-7326,5516,21,-60,6,2
4030,-7325,5261,19,-71,-22,2
4161,-7236,5142,37,-56,-22,2
4215,-7175,5171,66,-28,-2,2
4212,-7118,5224,98,-7,21,2
4160,-7041,5266,129,0,42,2
3999,-6996,5424,145,3,54,2
3796,-7024,5624,138,-7,39,2
3785,-7040,5655,105,-30,-1,2
3951,-6979,5627,64,-43,-50,2
4142,-6906,5590,37,-38,-75,2
4289,-6857,5551,28,-28,-68,2
4395,-6808,5510,32,-19,-39,2
4425,-6744,5464,44,-6,3,2
4351,-6756,5462,59,7,51,2
4140,-6793,5577,70,25,91,2
3717,-6918,5918,53,24,95,2
3577,-7058,6002,5,-5,61,2
3720,-7125,5786,-50,-38,6,2
3934,-7138,5530,-77,-51,-36,2
4079,-7096,5384,-61,-49,-49,2
4125,-7034,5381,-20,-43,-43,2
3986,-6860,5782,57,-9,26,2
3986,-6860,5782,57,-9,26,2
3731,-6969,6033,24,-18,28,2
3724,-7065,5956,-23,-49,0,2
3919,-7083,5695,-63,-69,-41,2
4103,-7039,5503,-76,-66,-64,2
4175,-6967,5500,-67,-53,-59,2
4085,-6997,5657,-55,-45,-38,2
4260,-6981,4998,-149,-121,-102,2
4260,-6981,4998,-149,-121,-102,2
4357,-6950,4804,-145,-101,-100,2
4361,-6950,4828,-123,-69,-90,2
4276,-6925,4929,-95,-50,-76,2
4122,-6970,5061,-92,-47,-74,2
4115,-7045,5074,-101,-50,-81,2
4088,-7105,5099,-121,-41,-102,2
4113,-7164,5049,-139,-34,-132,2
4569,-6776,3556,20,59,-200,2
-9735,1057,2327,-4570,9241,-10788,2
-5980,-14967,21161,-3527,7375,858,2
-3671,-17693,25691,-3918,5885,1213,2
-3176,-16162,28096,-2729,4247,1312,2
-3775,-12446,27792,-866,2582,626,2
-3793,-10788,25130,264,1056,-151,2
-3608,-9765,21222,975,-89,-430,2
-3160,-8527,17778,1303,-615,-338,2
-2383,-7771,15845,1224,-614,-147,2
-1847,-7460,15493,1056,-399,54,2
-1017,-7965,17073,918,-406,544,2
-896,-7964,17423,1210,-782,854,2
-1102,-8081,17356,1600,-1298,1211,2
-1733,-8660,17102,1822,-1888,1782,2
-2777,-8419,17041,1897,-2531,2774,2
-4388,-7351,17436,2298,-3459,4007,2
-5791,-5469,18197,3486,-5039,5152,2
-6019,-3317,18862,5000,-6478,6181,2
-7138,-1895,19315,5407,-7192,7571,2
-8752,-286,18215,4563,-8159,9358,2
-8858,1197,13933,2685,-9102,10455,2
-6432,1740,7442,-210,-8931,10320,2
-6432,1740,7442,-210,-8931,10320,2
-2490,2195,4854,-2879,-8036,9481,2
1301,-537,1514,-4140,-6792,7642,2
7041,-3665,958,-4636,-5544,4640,2
6865,22,-1772,-5858,-5192,3228,2
7230,344,-5943,-6075,-3843,2780,2
8233,-3125,-5393,-4995,-2260,2560,2
7385,-5385,-3646,-3943,-1485,2370,2
6450,-5893,-2511,-2978,-1380,1786,2
6152,-4704,-2466,-2142,-1544,1088,2
6365,-3527,-3265,-1774,-1636,695,2
4245,-4935,-2712,-1023,-584,1305,2
3547,-7315,5323,351,152,170,2
3547,-7315,5323,351,152,170,2
3580,-7556,5433,241,133,139,2
3950,-7698,5221,120,140,85,2
4233,-7674,5117,36,179,28,2
4192,-7610,5233,8,215,7,2
4136,-7605,5296,23,209,18,2
4213,-7606,5124,52,169,37,2
4343,-7563,4837,80,132,53,2
4479,-7448,4489,114,119,74,2
4558,-7327,4300,155,129,107,2
4612,-7242,4233,198,158,143,2
4569,-7115,4289,240,189,180,2
3636,-7286,5522,227,152,143,2
3737,-7275,5537,158,120,77,2
3908,-7255,5480,89,100,21,2
4160,-7237,5245,45,81,-7,2
4371,-7188,4953,35,76,-9,2
4547,-7173,4747,66,87,19,2
4636,-7087,4671,128,107,75,2
4652,-7040,4677,200,129,146,2
4585,-7043,4811,262,149,216,2
4090,-7015,5262,300,164,254,2
3529,-7097,5857,284,148,245,2
3446,-7275,6058,215,95,198,2
3654,-7360,5874,124,52,129,2
3881,-7327,5554,44,33,70,2
4136,-7276,5118,19,49,46,2
4077,-7257,5080,52,51,75,2
3987,-7302,5097,80,50,109,2
3926,-7356,5074,102,45,139,2
3913,-7416,5073,112,43,149,2
3702,-7441,5242,102,59,136,2
3451,-7506,5430,71,68,100,2
3705,-7223,5703,143,-45,47,2
3632,-7310,5734,96,-59,17,2
3574,-7334,5735,38,-63,-34,2
3647,-7342,5664,-25,-67,-90,2
3890,-7313,5456,-63,-67,-128,2
4152,-7222,5254,-66,-55,-138,2
4307,-7136,5190,-31,-34,-107,2
4334,-7015,5247,15,-21,-47,2
4333,-6960,5231,54,-20,20,2
4316,-6952,5124,84,-13,75,2
4100,-6978,5227,93,1,101,2
3763,-6997,5407,72,3,87,2
3700,-7018,5425,34,-3,54,2
3739,-7091,5369,-9,-10,27,2
3778,-7187,5373,-43,-10,4,2
3890,-7211,5294,-50,-7,-6,2
3956,-7191,5255,-29,0,1,2
3978,-7197,5260,5,1,25,2
3859,-7170,5338,79,-2,66,2
3714,-7139,5426,68,-7,58,2
3635,-7154,5427,31,-25,41,2
3635,-7154,5427,31,-25,41,2
3611,-7218,5357,-13,-36,17,2
3654,-7298,5256,-50,-36,-11,2
3790,-7320,5177,-61,-31,-40,2
3924,-7319,5147,-47,-23,-55,2
4034,-7266,5201,-11,-13,-46,2
4090,-7130,5293,100,1,30,2
4090,-7130,5293,100,1,30,2
3779,-7368,5622,-52,-35,-62,2
3779,-7368,5622,-52,-35,-62,2
3864,-7345,5678,-61,-31,-77,2
3913,-7302,5736,-59,-36,-75,2
3999,-7253,5725,-46,-43,-55,2
4094,-7243,5666,-27,-50,-27,2
4088,-7175,5557,-6,-60,1,2
3969,-7279,4956,-175,-139,-124,2
3969,-7279,4956,-175,-139,-124,2
4109,-7207,4682,-173,-123,-116,2
4179,-7160,4423,-145,-109,-89,2
4227,-7100,4167,-99,-95,-53,2
4225,-7040,3974,-42,-72,-22,2
4009,-7034,3949,7,-55,-15,2
3681,-6994,4037,29,-55,-63,2
3623,-8602,3006,-77,-116,-731,2
3623,-8602,3006,-77,-116,-731,2
4268,-9510,1769,-371,-177,-1842,2
4598,-7823,-137,-529,-186,-2913,2
5391,-6944,-2117,-316,-44,-3645,2
6555,-6421,-5000,-128,67,-4337,2
7263,-6531,-8247,18,259,-5305,2
5223,-2827,-15263,-262,2677,-9104,2
-8979,-10063,31293,-2813,6359,29,2
-7443,-10540,32705,-1949,4606,27,2
-6751,-9227,31264,-687,2813,-194,2
-3847,-4150,19162,726,-933,-100,2
-3038,-2895,16447,682,-1208,171,2
-2081,-2523,15026,471,-1266,409,2
-1351,-2874,14548,294,-1267,704,2
-836,-3610,14690,306,-1298,1055,2
-758,-4207,15031,493,-1456,1550,2
-1114,-4764,15467,748,-1744,2201,2
-1740,-5655,15870,878,-2168,3071,2
-2614,-5159,16096,1081,-2761,4302,2
-3654,-2724,16355,1733,-3728,5749,2
-3833,-592,16477,2699,-4812,7041,2
-4589,-92,17219,3280,-5499,8373,2
-6282,-668,18465,3227,-6038,9818,2
-7197,-930,18134,2502,-6857,11052,2
-6441,-804,13884,729,-7503,11546,2
-4277,-609,8703,-1628,-6994,11106,2
-1423,-970,7357,-3523,-6009,9726,2
2129,-4768,4509,-4330,-4979,6749,2
6026,-6069,5335,-5214,-4598,3030,2
3554,-963,2874,-6538,-4956,1605,2
3982,-160,-477,-6384,-4094,966,2
6170,-1643,-1778,-5368,-3060,1045,2
7971,-3444,-3051,-4663,-2257,1376,2
7393,-4769,-2604,-4171,-1596,1529,2
4732,-6408,-1186,-2746,-1434,969,2
4386,-6080,-1613,-2165,-1568,695,2
4363,-5737,-2366,-1736,-1580,630,2
4419,-5814,-2603,-1309,-1448,676,2
4401,-6219,-2509,-943,-1251,719,2
4428,-6280,-2377,-716,-1081,714,2
4370,-6262,-2400,-584,-937,713,2
4234,-6457,-2294,-452,-761,750,2
3903,-8055,5338,527,360,120,2
3759,-8075,5818,486,295,65,2
3732,-8107,5984,406,217,2,2
3732,-8107,5984,406,217,2,2
4077,-8067,5646,300,145,-65,2
4567,-7886,4951,214,111,-104,2
4970,-7699,4406,169,117,-104,2
5013,-7606,4315,193,142,-67,2
4989,-7474,4273,263,152,-14,2
4944,-7312,4267,333,141,54,2
4613,-7257,4427,381,119,125,2
4157,-7272,4671,387,76,162,2
4011,-7403,4696,328,31,143,2
4565,-7419,4248,68,219,149,2
4565,-7419,4248,68,219,149,2
4508,-7588,4500,90,251,203,2
4290,-7668,4837,130,237,226,2
4096,-7683,5132,172,188,229,2
3937,-7722,5292,190,126,221,2
3784,-7763,5329,176,69,192,2
3654,-7824,5183,132,15,133,2
3827,-7843,4690,84,-23,61,2
4063,-7728,4192,53,-26,6,2
4271,-7661,3919,52,0,-31,2
4365,-7466,3824,79,40,-49,2
4424,-7296,3820,112,72,-25,2
4441,-7309,3936,154,100,34,2
4386,-7375,4128,216,123,91,2
4049,-7452,4546,282,121,123,2
3665,-7531,5055,325,78,112,2
3525,-7574,5427,316,21,64,2
3883,-7529,5491,63,3,53,2
3943,-7563,5253,37,-33,28,2
4045,-7543,4944,5,-50,1,2
4175,-7494,4686,-12,-42,-19,2
4192,-7465,4855,38,20,-16,2
4225,-7389,4939,61,19,-3,2
4296,-7319,4892,81,13,26,2
4259,-7271,4848,98,15,60,2
3927,-7271,5036,97,12,82,2
3694,-7316,5166,62,-14,70,2
3908,-7407,4962,31,-33,46,2
4132,-7427,4813,28,-15,29,2
4106,-7364,4965,45,6,30,2
4033,-7464,5187,62,7,62,2
4093,-7501,5218,67,12,64,2
4102,-7449,5206,89,7,68,2
4109,-7379,5124,114,-10,79,2
4139,-7338,4964,131,-31,94,2
4027,-7266,4907,137,-39,106,2
3751,-7267,5077,110,-39,104,2
4046,-7476,4707,-67,27,18,2
4071,-7458,4716,-25,37,36,2
4035,-7435,4805,31,33,65,2
3975,-7411,4933,80,28,83,2
3859,-7393,5096,98,23,85,2
3791,-7381,5223,80,13,74,2
3780,-7377,5232,44,4,52,2
3839,-7429,5093,-1,1,26,2
4011,-7423,4849,-26,8,11,2
4064,-7382,4775,-29,27,14,2
4004,-7383,4877,-13,42,31,2
3917,-7403,5044,10,45,46,2
3927,-7399,5074,29,37,55,2
3717,-7484,5233,16,-3,19,2
3885,-7461,4972,-4,-12,-6,2
4014,-7416,4753,-5,-7,-11,2
4066,-7389,4680,5,12,0,2
4003,-7342,4802,16,39,18,2
3858,-7350,4996,14,54,34,2
3854,-7416,5079,7,57,42,2
3861,-7430,5139,6,55,46,2
3797,-7429,5203,9,44,47,2
3791,-7456,5184,7,28,52,2
3860,-7468,5066,8,19,49,2
3896,-7437,4977,10,21,45,2
3591,-7455,5463,32,37,64,2
3459,-7507,5622,5,14,42,2
3641,-7571,5451,-35,-13,10,2
3641,-7571,5451,-35,-13,10,2
3663,-7576,5293,-59,-22,-14,2
3672,-7598,5170,-70,-31,-32,2
4054,-7344,4392,46,30,52,2
4054,-7344,4392,46,30,52,2
3834,-7343,4610,53,61,71,2
3632,-7391,4857,36,74,69,2
3489,-7512,5139,8,66,45,2
3502,-7630,5320,-12,49,6,2
3958,-7397,5253,28,-26,1,2
3987,-7374,5062,13,-20,15,2
3912,-7377,4972,4,-7,31,2
3699,-7403,5105,2,1,38,2
3492,-7485,5273,-10,-12,25,2
3487,-7544,5324,-34,-42,-14,2
3653,-7521,5217,-52,-60,-53,2
3826,-7495,5080,-57,-63,-68,2
3907,-7468,4981,-50,-60,-60,2
3957,-7450,4862,-34,-55,-35,2
4003,-7454,4726,-12,-50,-8,2
3992,-7427,4672,18,-41,11,2
3769,-7394,4837,35,-34,25,2
3585,-7525,4717,-74,-54,-87,2
3598,-7485,4595,-92,-50,-123,2
3772,-7503,4442,-86,-47,-136,2
3881,-7462,4197,-64,-46,-142,2
4130,-6967,2469,246,202,-182,2
3891,-7470,1563,320,203,-416,2
4151,-8232,-164,452,164,-922,2
4285,-8468,-2658,736,162,-1614,2
2620,-2717,-8828,-237,4340,-11566,2
-2443,2433,-4327,-2185,7372,-13247,2
-10213,2704,847,-3718,9125,-12530,2
-10188,-1968,6925,-5500,9994,-9422,2
-8754,-3390,10277,-4245,10930,-5346,2
-8356,-5051,14225,-3056,10617,-1090,2
-7071,-11954,21559,-3675,9010,1532,2
-4064,-17709,27287,-3293,7042,1846,2
-2172,-19868,29790,-2985,4640,1725,2
-1053,-17716,28313,-1748,2115,739,2
-767,-13818,24754,6,526,-781,2
-1557,-9334,20733,815,-247,-1413,2
-2211,-5160,17007,1146,-706,-1135,2
-1443,-3788,14788,1139,-832,-528,2
-129,-4986,14540,827,-705,248,2
666,-6757,14953,777,-646,1046,2
815,-8426,15206,1063,-865,1811,2
205,-9516,15279,1469,-1281,2867,2
-1330,-9140,15261,2208,-1767,4348,2
-3389,-6498,15708,3278,-2635,6022,2
-3579,-4136,16818,4378,-3972,7417,2
-3402,-2989,18034,5161,-4736,8603,2
-4832,-1398,17728,4685,-5613,9985,2
-4711,-268,13838,3107,-6376,10934,2
-2376,67,9032,878,-6108,10733,2
-101,-1587,8186,-1098,-5222,9547,2
2181,-3717,9137,-2653,-4719,7413,2
3800,-5256,7665,-3880,-4714,4803,2
4324,-4824,4473,-4593,-4588,2356,2
5691,-3566,3326,-4620,-4153,320,2
6346,-1030,1998,-4667,-3839,-320,2
7190,-901,347,-4341,-3258,-166,2
5448,-5419,-666,-2217,-1544,1125,2
5448,-5419,-666,-2217,-1544,1125,2
5353,-5530,-949,-1831,-1344,1105,2
5353,-5728,-1290,-1583,-1172,1087,2
5314,-5935,-1419,-1335,-988,1065,2
5051,-6095,-1462,-1095,-814,1049,2
4557,-6276,-1322,-869,-661,1054,2
4094,-6628,-1048,-654,-533,1083,2
3682,-7051,-701,-440,-430,1112,2
3310,-7460,-239,-223,-350,1052,2
3984,-8067,2174,289,184,104,2
4192,-7926,2692,363,271,35,2
4459,-7773,3192,444,346,28,2
3821,-7625,5749,678,359,20,2
4294,-7011,5338,206,14,270,2
4294,-7011,5338,206,14,270,2
4412,-7150,5012,128,40,291,2
4227,-7206,4998,61,87,288,2
3864,-7326,5150,-12,117,258,2
3721,-7497,5151,-71,124,223,2
3767,-7626,4935,-104,124,179,2
3861,-7650,4686,-105,125,133,2
3981,-7661,4575,-73,132,101,2
4066,-7617,4636,1,140,90,2
3772,-7368,5033,0,81,74,2
3772,-7368,5033,0,81,74,2
3525,-7248,5227,151,61,41,2
3525,-7248,5227,151,61,41,2
3681,-7269,5031,131,49,9,2
4079,-7201,5918,74,-57,-36,2
4079,-7201,5918,74,-57,-36,2
3808,-7163,6191,82,-37,-13,2
3769,-7156,6213,53,-46,-14,2
3982,-7103,5813,6,-62,-18,2
4204,-7076,5322,-23,-54,1,2
4304,-7100,5152,-4,-12,47,2
4014,-7047,5414,41,30,90,2
3646,-7072,5695,58,27,124,2
3568,-7190,5657,41,-8,135,2
3603,-7254,5394,12,-32,109,2
3606,-7257,5177,-18,-29,69,2
3671,-7251,4921,-37,-11,38,2
3760,-7212,4630,-32,11,25,2
3817,-7142,4418,-3,37,28,2
3896,-7118,4464,50,78,42,2
3908,-7051,4761,120,132,62,2
3794,-6990,5188,184,182,83,2
3653,-6957,5627,219,198,104,2
3387,-6935,6076,225,178,107,2
3041,-6996,6605,168,133,75,2
3107,-7095,6751,71,72,10,2
3393,-7158,6501,-20,20,-58,2
3617,-7168,6259,-75,-1,-100,2
3718,-7164,6192,-76,-13,-101,2
3791,-7160,6136,-51,-37,-83,2
3924,-7155,5972,-22,-69,-54,2
4023,-7131,5733,9,-89,-23,2
4065,-7114,5540,37,-87,6,2
4140,-7059,5348,53,-68,41,2
4139,-7042,5294,58,-33,77,2
3939,-7059,5415,55,9,108,2
3583,-7136,5712,35,34,125,2
3389,-7215,5899,-6,27,108,2
3293,-7303,5949,-60,-3,66,2
3403,-7392,5780,-101,-39,24,2
3616,-7413,5537,-109,-58,-5,2
3768,-7388,5401,-88,-56,-11,2
3786,-7356,5383,-53,-43,6,2
3742,-7324,5412,-22,-35,23,2
3770,-7301,5378,0,-34,30,2
3794,-7241,5328,22,-29,37,2
3738,-7160,5353,31,-18,37,2
3672,-7102,5395,23,-14,31,2
3606,-7132,5463,0,-12,20,2
3555,-7139,5627,-23,-2,-2,2
3537,-7127,5779,-45,-3,-25,2
3645,-7154,5766,-60,-14,-32,2
3732,-7164,5675,-19,-26,18,2
3739,-7120,5552,-9,-31,28,2
3668,-7097,5444,-4,-30,33,2
3792,-7100,5695,-4,-45,-28,2
3792,-7100,5695,-4,-45,-28,2
3513,-7257,5927,-98,-82,-59,2
3513,-7257,5927,-98,-82,-59,2
3830,-7219,5357,-147,-131,-114,2
3830,-7219,5357,-147,-131,-114,2
3923,-7206,5287,-148,-115,-107,2
3836,-7222,5278,-147,-112,-103,2
3626,-7245,5389,-145,-123,-105,2
3537,-7275,5406,-157,-147,-123,2
3683,-7242,5115,-172,-167,-141,2
3855,-7218,4772,-188,-169,-154,2
4060,-7174,4357,-201,-170,-173,2
4246,-7027,3913,-173,-153,-173,2
1665,-1225,-19795,258,3737,-11478,2
1665,-1225,-19795,258,3737,-11478,2
-3083,336,-14526,-2283,6441,-13832,2
-7486,1523,-7257,-5067,8783,-14440,2
-12573,-4872,-210,-6981,10408,-11597,2
-10969,-9262,6890,-5089,12543,-7661,2
-10964,-6634,12590,-2084,13947,-3371,2
-14268,-6804,19302,-1787,13628,-201,2
-15384,-10070,29493,-2890,11847,378,2
-11529,-14324,-28122,-4398,8161,475,2
-7752,-17120,-26857,-3982,4578,818,2
-5877,-13677,-31015,-1648,1967,-88,2
-5323,-10282,28920,20,306,-1132,2
-5298,-6244,23378,898,-666,-1184,2
-4562,-3073,19387,1047,-1117,-741,2
-3258,-2346,17360,676,-1250,-152,2
-2015,-3344,16819,565,-1173,597,2
-858,-5685,17350,765,-1128,1496,2
-429,-7557,17857,1132,-1340,2613,2
-1115,-7750,17563,1749,-1806,3937,2
-2482,-6389,17019,2507,-2444,5455,2
-3705,-3034,17220,3286,-3506,7227,2
-4142,-609,17730,4297,-4424,8985,2
-5174,-46,18858,4916,-5089,10594,2
-5892,493,19167,4566,-5991,12098,2
-5213,909,15079,3027,-6743,12866,2
-3484,755,8887,632,-6450,12613,2
-411,-405,6129,-1591,-5270,11452,2
2121,-2423,6821,-3260,-4305,9492,2
5025,-5054,5193,-4679,-3884,7100,2
5810,-5815,1385,-5659,-3438,4937,2
5522,-5096,621,-5462,-2606,2835,2
4807,-4371,1176,-5186,-1983,1589,2
4828,-4145,304,-4922,-1674,1209,2
4103,-5903,-997,-3113,-1108,1125,2
4103,-5903,-997,-3113,-1108,1125,2
3962,-5974,-1104,-2476,-1046,1115,2
3808,-6094,-1306,-1910,-1003,1181,2
3785,-6409,-1432,-1461,-933,1266,2
3300,-6869,-1145,-1104,-810,1293,2
2391,-7251,-347,-828,-681,1225,2
1673,-7650,452,-627,-591,1093,2
1454,-8011,921,-517,-510,938,2
3483,-7824,1840,548,103,247,2
2921,-7593,3053,781,173,293,2
1844,-7551,4926,900,158,266,2
1583,-7650,5912,903,43,225,2
2139,-7807,5906,820,-39,144,2
2925,-7841,5510,725,-34,12,2
3258,-7625,5718,660,36,-108,2
3087,-7304,6498,602,103,-150,2
3057,-7178,6991,544,117,-118,2
3258,-7118,6897,474,104,-62,2
2309,-7328,6816,67,58,111,2
2309,-7328,6816,67,58,111,2
2674,-7387,6519,12,12,50,2
2946,-7277,6292,-9,-2,-7,2
2797,-7126,6300,-21,-66,-42,2
2797,-7126,6300,-21,-66,-42,2
3009,-7072,5976,-28,-64,-52,2
3105,-6984,5824,-3,-47,-28,2
3091,-6920,5797,34,-30,13,2
3000,-6871,6346,69,-10,-8,2
3000,-6871,6346,69,-10,-8,2
2865,-6907,6138,64,34,-4,2
2853,-6882,6207,84,39,6,2
2791,-6903,6313,93,44,21,2
2648,-7057,6500,26,2,-26,2
2864,-7094,6499,-103,-64,-71,2
2960,-7036,6317,-86,-78,-60,2
3050,-7018,6106,-67,-85,-41,2
3104,-6996,5933,-45,-76,-18,2
3058,-6948,5901,-29,-58,2,2
2986,-6958,5927,-25,-37,16,2
2812,-6966,6171,-40,-10,13,2
2705,-6985,6384,-72,-1,-1,2
2645,-7064,6525,-106,-11,-20,2
2833,-7120,6444,-115,-55,-56,2
2911,-7072,6492,-92,-70,-53,2
2891,-7041,6574,-69,-83,-43,2
2857,-7022,6675,-67,-97,-34,2
2806,-7024,6796,-78,-109,-36,2
2686,-7057,6848,-108,-125,-48,2
3108,-6937,5801,-149,-209,-105,2
3129,-6984,5638,-140,-191,-80,2
3137,-7064,5506,-146,-177,-70,2
3170,-7094,5340,-151,-166,-76,2
3131,-7114,5254,-138,-151,-88,2
3131,-7114,5254,-138,-151,-88,2
3007,-7108,5257,-121,-145,-95,2
2986,-7133,5165,-99,-148,-110,2
2970,-7126,5063,-89,-152,-131,2
3007,-7116,4897,-86,-152,-151,2
3105,-7085,4699,-66,-136,-173,2
3153,-7020,4509,-37,-109,-186,2
2982,-6527,3823,235,169,-148,2
2982,-6527,3823,235,169,-148,2
2995,-6741,3585,259,182,-161,2
3146,-6873,3001,273,192,-175,2
3155,-7061,2306,283,208,-213,2
3014,-7685,967,310,220,-370,2
2906,-8773,-1411,406,187,-832,2
3003,-10644,-4915,720,206,-1998,2
4915,-13466,-8929,837,271,-4626,2
7145,-11879,-12748,1151,577,-7320,2
9380,-9280,-15664,1776,1250,-9521,2
9026,-5097,-15712,2424,1915,-10830,2
5834,-65,-14526,2604,2699,-11847,2
-3857,1465,-10864,1280,4530,-12948,2
-11526,-7280,17205,-3043,10817,-10126,2
-11526,-7280,17205,-3043,10817,-10126,2
-11236,-4227,27846,-3082,11651,-5607,2
-11536,-2783,-27806,-3226,9626,-1938,2
-8663,-6056,-26310,-2168,6092,-725,2
-5055,-9147,-31483,-1699,2148,-1052,2
-2482,-8394,27336,-2917,-830,-1609,2
-1175,-5820,23192,-3349,-2136,-2040,2
-76,-3057,18988,-2543,-2443,-1818,2
1431,-1763,14424,-1560,-2232,-1018,2
2990,-2373,11637,-933,-1657,-189,2
3942,-3492,10897,-468,-957,349,2
4246,-3969,10680,106,-389,699,2
4249,-3961,10217,598,-101,932,2
4110,-3858,9872,714,-69,1073,2
4101,-4205,9842,519,-204,1153,2
4166,-4983,9970,293,-406,1103,2
4104,-5177,10029,224,-566,986,2
3822,-4916,10075,164,-727,977,2
3414,-4741,10154,51,-870,1079,2
3025,-4916,10421,-173,-979,1283,2
2500,-4661,11145,-295,-900,1586,2
1549,-4309,11584,-594,-1227,2562,2
760,-4823,11910,-1016,-1835,3914,2
0,-3675,12572,-697,-2619,5498,2
-572,-3080,13361,628,-3406,6993,2
-1285,-4506,14520,2108,-3664,8241,2
-2242,-4866,16275,3208,-3498,9375,2
-2535,-4831,17065,3278,-3844,10526,2
-2284,-4611,14747,2278,-4308,11010,2
-1502,-4953,11425,349,-4224,10897,2
693,-6086,9976,-1405,-3667,9823,2
2153,-7630,9535,-2394,-3260,7893,2
3247,-7185,4917,-3488,-2736,304,2
2579,-6935,65,-1903,-1693,726,2
2521,-6852,-270,-1574,-1559,576,2
2457,-6907,-357,-1212,-1476,417,2
2432,-6941,-391,-946,-1400,352,2
2581,-7059,-457,-709,-1304,308,2
2958,-6914,-762,-533,-1165,279,2
3123,-6906,-741,-358,-970,262,2
2780,-7211,-249,-283,-760,249,2
2401,-7397,383,-267,-583,192,2
2434,-7446,694,-257,-429,103,2
2765,-7504,924,-241,-271,14,2
3068,-7515,1094,-199,-151,-45,2
3427,-7448,1188,-98,-69,-55,2
3632,-7345,1407,66,5,-15,2
3724,-7325,1763,250,76,70,2
3830,-7409,2197,430,145,168,2
3662,-7392,2897,587,225,234,2
3052,-7363,4049,678,276,251,2
3385,-7466,6087,109,94,-88,2
3444,-7525,5686,158,29,-20,2
3587,-7609,5120,224,-14,39,2
3709,-7641,4717,302,-29,86,2
3428,-7564,4873,385,-11,112,2
3034,-7573,5491,459,7,59,2
2699,-7370,5842,409,-28,54,2
2831,-7449,5620,292,-39,84,2
3067,-7631,5384,214,3,99,2
3074,-7674,5405,168,56,90,2
2898,-7655,5618,129,100,74,2
2668,-7725,5897,94,126,66,2
2564,-7840,6001,56,128,55,2
2741,-7966,5779,20,116,40,2
2741,-7966,5779,20,116,40,2
2912,-7972,5456,17,119,14,2
2995,-7862,5257,53,133,0,2
3009,-7711,5214,110,139,9,2
2978,-7591,5177,160,122,17,2
3061,-7504,5141,202,107,19,2
3149,-7382,5207,252,116,25,2
3101,-7242,5462,306,124,42,2
2910,-7140,5828,338,118,68,2
2728,-7118,6202,335,94,95,2
2312,-7213,6755,279,52,102,2
2151,-7449,7029,149,-14,50,2
2668,-7367,5759,66,71,-6,2
2668,-7367,5759,66,71,-6,2
3101,-7276,5826,119,35,-17,2
3101,-7276,5826,119,35,-17,2
3167,-7294,5783,152,52,20,2
3198,-7292,5776,188,74,59,2
3043,-7270,5901,214,99,88,2
2733,-7295,6293,204,105,93,2
2519,-7290,6571,153,85,61,2
2407,-7300,6653,77,45,17,2
2927,-7417,5991,-42,-17,-49,2
2856,-7212,5518,6,-12,-20,2
2880,-7167,5607,17,10,-9,2
2815,-7161,5786,23,27,10,2
2736,-7235,5962,21,34,22,2
2632,-7289,6144,5,29,15,2
2602,-7385,6211,-19,10,-9,2
2662,-7427,6211,-29,-6,-38,2
2729,-7415,6208,-29,-20,-60,2
2825,-7355,6207,-25,-33,-67,2
2906,-7303,6166,-16,-39,-59,2
2970,-7283,6034,-12,-45,-40,2
3032,-7273,5804,-9,-43,-18,2
3053,-7245,5636,4,-30,4,2
2954,-7204,5612,25,-14,27,2
2759,-7194,5754,26,-3,38,2
2570,-7248,5974,2,3,31,2
2551,-7342,6029,-36,0,5,2
2650,-7394,6028,-67,-2,-29,2
2755,-7374,6020,-69,0,-53,2
2843,-7308,6047,-51,-3,-50,2
2861,-7283,6134,-24,-11,-32,2
2827,-7284,6202,-9,-23,-12,2
2795,-7319,6192,-11,-33,-3,2
2730,-7365,6128,-27,-46,-6,2
2673,-7436,6033,-69,-60,-60,2
2711,-7399,6000,-92,-67,-95,2
2813,-7337,5891,-112,-71,-116,2
2903,-7307,5737,-122,-66,-123,2
2955,-7275,5631,-120,-51,-113,2
2974,-7276,5593,-110,-39,-99,2
2918,-7295,5621,-90,-34,-91,2
2816,-7302,5723,-82,-37,-98,2
2779,-7322,5758,-82,-55,-108,2
2857,-7316,5640,-84,-75,-128,2
2995,-7291,5527,-78,-76,-142,2
3099,-7234,5468,-62,-54,-145,2
3207,-7174,5454,-50,-29,-136,2
3247,-7148,5472,-35,-4,-114,2
3223,-7127,5581,-16,15,-83,2
3179,-7119,5724,-1,23,-49,2
3137,-7161,5769,8,26,-15,2
3096,-7213,5784,13,33,7,2
2905,-7277,5980,6,34,6,2
2792,-7339,6118,-20,20,-13,2
2900,-7377,5935,-44,0,-41,2
3015,-7379,5656,-47,-11,-54,2
3098,-7355,5508,-23,-21,-55,2
3142,-7310,5367,0,-35,-50,2
3149,-7275,5160,15,-38,-39,2
3149,-7275,5160,15,-38,-39,2
3118,-7312,4917,27,-26,-49,2
6818,-7458,-4040,798,33,-4559,2
6818,-7458,-4040,798,33,-4559,2
1090,-3556,-8504,-757,3142,-10659,2
1090,-3556,-8504,-757,3142,-10659,2
49,-3490,-7733,-1692,4389,-10185,2
135,-4022,-4623,-2871,5893,-9045,2
-1685,-3913,-231,-2709,7808,-7975,2
-3492,-3374,4946,-1405,9202,-6913,2
-4346,-3567,9860,-667,9853,-5381,2
-5505,-8537,27744,-3398,5883,197,2
-4173,-10764,28992,-2350,4244,357,2
-3107,-10498,28173,-849,2878,405,2
-3170,-8587,26346,250,1736,231,2
-3543,-6368,24463,888,760,125,2
-3385,-5033,22734,1168,-90,415,2
-2783,-5029,21164,1304,-842,1052,2
-1957,762,7777,736,-7414,10158,2
4458,1385,4574,-1364,-5796,8324,2
5103,-3518,1717,-5319,-2614,52,2
4380,-3537,2100,-4639,-2484,-688,2
4467,-2401,1727,-3741,-2420,-564,2
5411,-2023,496,-3064,-2336,-149,2
6284,-2433,-555,-2506,-2163,291,2
6228,-2892,-855,-2062,-2016,650,2
5931,-3365,-1183,-1769,-1904,919,2
5830,-3818,-1703,-1591,-1748,1072,2
4905,-4836,-2879,-1319,-1093,1267,2
4443,-5413,-3099,-1302,-861,1274,2
4409,-6047,-3371,-1267,-610,1234,2
4367,-6659,-3287,-1163,-344,1127,2
4285,-7217,-2931,-955,-151,956,2
4405,-7460,-2481,-652,-37,792,2
4506,-7589,-1860,-310,33,664,2
4625,-7765,-1136,46,80,571,2
4731,-7853,-168,377,142,488,2
4877,-7745,861,640,214,404,2
4851,-7646,1927,821,251,314,2
4891,-7604,2911,926,248,238,2
5085,-7461,3666,989,253,183,2
5078,-7277,4345,996,264,124,2
5041,-7218,4862,936,259,71,2
5236,-7121,5030,846,259,18,2
5558,-6955,4890,753,278,-36,2
5789,-6787,4881,682,305,-60,2
5701,-6607,5122,667,320,-40,2
5280,-6595,5524,663,291,-7,2
4732,-6670,5918,620,193,-2,2
4857,-6676,5747,557,79,-11,2
5308,-6624,5262,442,41,-13,2
5928,-6484,4115,127,229,-3,2
5774,-6459,4157,92,295,54,2
5460,-6486,4399,72,336,113,2
5371,-6618,4628,58,356,157,2
5461,-6700,4693,85,366,168,2
5573,-6681,4750,151,363,175,2
5527,-6622,4986,221,344,198,2
5357,-6654,5194,266,311,229,2
5284,-6632,5168,280,283,251,2
5238,-6603,5006,258,270,258,2
5156,-6636,4935,220,268,261,2
5010,-6701,5066,183,278,258,2
4916,-6796,5302,159,292,247,2
4676,-6903,5764,132,296,216,2
4533,-7052,6089,91,259,148,2
4696,-7082,6002,62,202,74,2
4960,-6958,5717,45,157,27,2
5092,-6841,5503,59,117,11,2
5134,-6768,5395,100,75,20,2
5166,-6652,5273,149,38,34,2
5212,-6535,5178,182,12,51,2
5066,-6469,5290,189,0,76,2
4853,-6545,5493,163,-13,94,2
4774,-6693,5518,120,-27,91,2
4844,-6769,5430,64,-15,66,2
4844,-6769,5430,64,-15,66,2
4948,-6775,5369,11,14,36,2
4874,-6759,5516,-22,39,16,2
4800,-6907,5183,-41,-46,0,2
4977,-6826,5037,-70,-20,-39,2
5001,-6724,5144,-70,1,-44,2
5056,-6684,5168,-53,0,-23,2
5141,-6632,5098,-31,0,7,2
5184,-6575,4968,-17,2,40,2
5180,-6567,4838,-1,12,77,2
4970,-6614,4851,14,14,111,2
4689,-6742,4988,13,-4,120,2
4710,-6815,4865,0,-27,103,2
4872,-6827,4593,-13,-23,71,2
4915,-6791,4599,-5,7,54,2
4734,-6768,4958,12,35,46,2
4950,-6696,5077,36,15,23,2
5067,-6647,4998,56,14,36,2
5153,-6611,4914,85,23,63,2
5112,-6574,4866,111,39,94,2
4890,-6616,5035,112,52,118,2
4740,-6682,5203,86,51,115,2
4687,-6725,5335,66,54,90,2
4687,-6747,5443,47,57,65,2
4723,-6761,5475,33,45,51,2
4799,-6765,5427,27,29,46,2
4723,-6809,5504,30,17,44,2
4701,-6848,5564,41,3,42,2
4788,-6834,5490,53,-14,42,2
4654,-6877,5335,34,-56,56,2
4753,-6908,5103,4,-52,42,2
4862,-6891,4958,-22,-27,25,2
4841,-6858,5006,-20,2,26,2
4731,-6840,5104,-1,7,41,2
4637,-6848,5169,17,-5,56,2
4636,-6879,5180,27,-13,54,2
4641,-6851,5134,26,-17,36,2
4690,-6840,5056,23,-14,17,2
4756,-6788,5093,28,0,10,2
4842,-6737,5195,37,14,10,2
4851,-6675,5296,46,27,23,2
4778,-6657,5382,50,28,47,2
4665,-6715,5408,40,19,60,2
4666,-6772,5303,14,7,55,2
4772,-6755,5043,-7,4,38,2
4838,-6719,4828,-12,16,28,2
4783,-6674,4857,2,34,41,2
4662,-6680,5068,25,42,55,2
4595,-6732,5221,40,37,61,2
4504,-6778,5405,41,23,58,2
4447,-6870,5612,22,11,41,2
4523,-6952,5740,-4,1,9,2
4915,-6723,4993,-39,-54,-1,2
4915,-6723,4993,-39,-54,-1,2
4753,-6767,5035,-43,-47,22,2
4634,-6832,5055,-51,-49,26,2
4569,-6859,4986,-62,-53,16,2
4619,-6933,4926,-70,-52,1,2
4679,-6936,4911,-63,-43,-15,2
4658,-6896,5036,-45,-33,-27,2
4664,-6836,5165,-28,-33,-29,2
4695,-6791,5259,-16,-38,-26,2
4759,-6749,5299,-9,-42,-20,2
4749,-6747,5315,-15,-45,-17,2
4768,-6751,5230,-30,-44,-15,2
4774,-6774,5154,-44,-38,-19,2
4798,-6760,5044,-51,-34,-27,2
4781,-6725,4996,-50,-35,-30,2
4710,-6727,5033,-48,-42,-32,2
4713,-6765,5029,-47,-50,-36,2
4768,-6762,4907,-53,-51,-42,2
4921,-6743,4747,-58,-40,-43,2
4977,-6708,4666,-53,-16,-34,2
4980,-6705,4570,-35,8,-14,2
4907,-6669,4535,-11,30,6,2
4698,-6659,4608,5,34,22,2
4587,-6703,4559,14,22,19,2
4727,-6663,4288,25,18,2,2
4892,-6510,3973,37,26,-5,2
4969,-6314,3701,68,53,15,2
5031,-6261,3505,116,92,32,2
5357,-6341,2863,164,106,-2,2
5778,-6335,1376,269,105,-155,2
7138,-6895,-381,512,184,-746,2
8059,-7436,-2059,702,298,-1648,2
8644,-6981,-3863,916,602,-2557,2
-3229,1389,-3593,-3223,6597,-9353,2
-2323,-8292,10167,-1018,7904,-110,2
-2323,-8292,10167,-1018,7904,-110,2
-2450,-9982,14629,-1573,7487,-178,2
-1353,-11241,19269,-2670,6594,-47,2
-1131,-13245,22592,-3087,5450,596,2
-1069,-11312,22642,-501,2698,467,2
-1069,-11312,22642,-501,2698,467,2
-1361,-9245,20687,474,1741,10,2
-1497,-7660,18441,821,1048,-196,2
-1315,-6773,16539,917,627,-238,2
-797,-6324,15323,901,426,-205,2
-444,-6161,14739,848,355,-27,2
-136,-6244,14670,789,277,233,2
55,-6308,14886,773,115,490,2
161,-6414,15080,761,-188,782,2
-47,-6298,15158,806,-616,1161,2
-568,-6665,15376,748,-1168,1701,2
-1143,-7361,15417,740,-1815,2485,2
-2110,-7264,15067,1103,-2576,3437,2
-3300,-5581,14868,1910,-3514,4493,2
-3548,-3261,15061,2900,-4609,5412,2
-3181,-2340,15656,3389,-5344,6239,2
-3726,-2536,16467,3355,-5712,7230,2
-4629,-2394,16362,2952,-6271,8178,2
-5195,-2683,14061,1792,-7093,8832,2
-3778,-2372,9859,418,-7138,8847,2
-1090,-2457,7380,-908,-6406,8107,2
1194,-2504,6895,-1736,-5628,6635,2
5640,-5536,-1249,-2002,-967,918,2
5640,-5536,-1249,-2002,-967,918,2
5695,-5692,-1368,-1456,-918,828,2
5761,-5608,-1622,-1034,-847,782,2
5541,-5558,-1416,-651,-723,773,2
4909,-5949,-603,-322,-602,793,2
4218,-6149,241,-94,-518,798,2
3923,-6300,833,67,-442,731,2
3964,-6541,1132,89,-349,666,2
4059,-6900,1265,83,-239,560,2
4216,-7144,1325,87,-117,409,2
4512,-7204,1495,113,7,272,2
4792,-6707,6695,206,-101,87,2
4792,-6707,6695,206,-101,87,2
3651,-7137,5723,18,186,247,2
3651,-7137,5723,18,186,247,2
4221,-7025,5616,23,112,43,2
4343,-6905,5480,59,108,52,2
4362,-6822,5379,102,99,78,2
4137,-6756,5430,127,88,85,2
4002,-6717,5536,126,82,75,2
3867,-6717,5831,93,79,56,2
3942,-6759,6056,31,77,35,2
4161,-6811,5949,-17,75,13,2
4358,-6821,5748,-34,69,-4,2
4492,-6738,5534,29,66,47,2
4447,-6732,5559,75,74,91,2
4300,-6749,5670,116,76,124,2
4027,-6733,5889,130,69,128,2
3792,-6747,6124,98,41,121,2
3822,-6858,6065,38,6,103,2
3954,-6949,5898,-5,0,66,2
4018,-6954,5924,-21,7,22,2
4093,-6869,5997,-13,3,0,2
4163,-6763,5997,6,-11,13,2
4259,-6738,5880,21,-25,55,2
3694,-7033,6038,16,-5,143,2
4065,-6901,5450,10,-2,65,2
4065,-6901,5450,10,-2,65,2
4252,-6755,5194,33,-12,55,2
4252,-6755,5194,33,-12,55,2
3985,-6739,5411,52,17,82,2
3645,-6834,5770,31,23,83,2
3642,-6909,5771,-9,15,71,2
3664,-6871,5806,41,47,68,2
3664,-6871,5806,41,47,68,2
3577,-6930,5980,19,35,53,2
3680,-7033,5906,-5,17,34,2
3830,-7051,5711,-13,11,8,2
3903,-6988,5682,4,14,-8,2
3915,-6919,5824,28,19,-5,2
3915,-6858,5978,49,21,14,2
3936,-6838,5992,60,21,30,2
3903,-6821,5983,52,20,45,2
3709,-6864,6074,24,18,54,2
3609,-6974,6033,-18,3,45,2
3968,-6895,5669,-43,-64,-64,2
4000,-6951,5468,-16,-23,-43,2
4055,-6920,5461,12,-15,-32,2
4065,-6887,5470,29,-8,-20,2
4018,-6891,5536,33,1,-11,2
3839,-6911,5777,19,6,-12,2
3756,-6961,5940,-5,2,-29,2
4030,-6850,5534,-12,-28,-57,2
4075,-6854,5530,20,-33,-34,2
4118,-6860,5504,46,-23,-15,2
4163,-6786,5370,57,-9,-3,2
4132,-6755,5251,55,9,12,2
4023,-6749,5157,54,24,25,2
3981,-6742,4975,53,32,27,2
4042,-6695,4677,59,49,23,2
4071,-6759,4407,76,74,7,2
4033,-6858,4060,112,105,-32,2
3927,-6992,3711,156,145,-157,2
3927,-6992,3711,156,145,-157,2
4084,-7206,3207,199,182,-439,2
4788,-7516,2536,177,133,-715,2
5627,-7609,342,251,64,-1153,2
6385,-7301,-1019,793,111,-1730,2
6884,-6988,-2009,1237,251,-2464,2
6816,-6634,-3116,1536,610,-3115,2
7093,-5938,-4109,1666,904,-3832,2
7060,-5785,-5575,1766,1152,-4912,2
6294,-4992,-6255,1858,1400,-6272,2
5759,-3499,-7248,1699,1886,-7844,2
2827,-1763,-7647,800,2849,-9059,2
628,27,-6696,-1625,4489,-10064,2
-1229,600,-4902,-3429,5704,-10746,2
-3859,-999,-2437,-4263,6707,-10000,2
-4296,-3967,912,-4823,7644,-8221,2
-4940,-6535,4735,-3591,8967,-5877,2
-5704,-6727,8930,-2317,10137,-2835,2
-6051,-16338,31918,-4710,6703,257,2
-6051,-16338,31918,-4710,6703,257,2
-3668,-18179,32108,-3653,3718,-181,2
-2822,-14615,28621,-1815,1263,-1002,2
-2276,-11025,24904,-502,115,-1864,2
-2288,-8150,21367,158,-418,-1961,2
-1980,-5509,17965,625,-750,-1447,2
-665,-4757,15486,846,-830,-865,2
641,-5440,14208,748,-762,-323,2
1478,-6059,13435,764,-640,143,2
1877,-6050,12796,1016,-590,461,2
1994,-5675,12342,1180,-662,693,2
1919,-5154,11998,1193,-833,913,2
1659,-4435,11660,1120,-1087,1198,2
1330,-3665,11230,969,-1383,1573,2
1034,-3147,10795,701,-1697,2001,2
772,-3132,10607,301,-2005,2466,2
486,-3562,10697,-61,-2334,2986,2
2203,-7652,4680,-3148,-3423,805,2
4592,-7401,-1075,-2218,-1244,340,2
4592,-7401,-1075,-2218,-1244,340,2
3956,-7547,-714,-1676,-1053,144,2
3399,-7440,-399,-1243,-1075,-50,2
3117,-7216,-158,-909,-1143,-214,2
3348,-7115,-317,-610,-1146,-316,2
3609,-7090,-398,-414,-1022,-352,2
4083,-6779,-296,-230,-828,-359,2
4532,-6748,-266,-106,-654,-306,2
4828,-6543,-124,-50,-494,-202,2
4831,-6450,241,49,-355,-45,2
4331,-6532,920,146,-243,129,2
3840,-6786,1643,207,-168,246,2
3812,-7055,1944,250,-107,283,2
3787,-7204,2278,274,-23,265,2
3599,-7355,2923,279,53,229,2
3700,-7489,3383,279,108,181,2
3908,-7471,3682,270,170,126,2
3688,-7587,5540,218,82,5,2
3794,-7444,5503,180,92,-13,2
3745,-7395,5579,168,108,31,2
3648,-7446,5662,163,124,76,2
3515,-7525,5707,139,127,96,2
3391,-7551,5705,102,117,86,2
3383,-7551,5533,63,99,78,2
3527,-7559,5233,36,95,74,2
3617,-7552,5067,39,113,73,2
3549,-7535,5247,71,134,69,2
3350,-7452,5610,107,132,61,2
3300,-7377,5885,117,107,60,2
3312,-7363,5961,109,74,75,2
3205,-7436,6039,84,46,81,2
3226,-7519,5913,43,15,65,2
3429,-7557,5541,10,1,37,2
3488,-7532,5288,-2,11,12,2
3299,-7502,5430,-5,14,-1,2
3284,-7556,5425,-18,-2,-18,2
3529,-7575,5123,-21,-13,-40,2
3733,-7488,4947,0,2,-52,2
3733,-7488,4947,0,2,-52,2
3687,-7374,5133,34,26,-39,2
3644,-7321,5311,60,30,-7,2
3720,-7334,5291,82,34,26,2
3756,-7292,5290,103,52,56,2
3496,-7328,5582,115,54,83,2
3226,-7361,5865,101,21,78,2
3245,-7348,5808,74,-20,54,2
3438,-7373,5591,52,-39,41,2
3445,-7423,5609,37,-34,25,2
3434,-7380,5669,19,-33,3,2
3543,-7357,5676,5,-34,-2,2
3705,-7304,5287,15,-60,31,2
3705,-7304,5287,15,-60,31,2
3768,-7275,5000,31,-53,53,2
3683,-7216,4849,48,-34,69,2
3504,-7205,4923,53,-15,77,2
3298,-7229,5128,47,-2,69,2
3222,-7290,5286,27,-5,41,2
3319,-7333,5230,10,-16,31,2
3436,-7442,5176,21,-16,29,2
3490,-7453,5272,62,-11,20,2
3440,-7380,5500,106,-7,17,2
3357,-7348,5758,142,-18,22,2
3389,-7363,5874,166,-42,27,2
3492,-7330,5857,179,-62,33,2
3496,-7310,5865,182,-71,41,2
3411,-7296,5904,168,-79,45,2
3265,-7310,5917,132,-95,37,2
3263,-7344,5785,73,-103,13,2
3403,-7355,5522,13,-87,-16,2
3492,-7306,5335,-33,-54,-37,2
3481,-7291,5287,-59,-28,-40,2
3536,-7292,5256,-59,-9,-29,2
3569,-7263,5250,-33,4,-13,2
3622,-7243,5096,2,-10,-7,2
3622,-7243,5096,2,-10,-7,2
3640,-7201,5077,18,15,9,2
3609,-7162,5182,28,47,30,2
3396,-7169,5439,21,72,46,2
3217,-7266,5672,0,78,39,2
3071,-7331,5840,-39,61,21,2
3130,-7494,5794,-73,31,-4,2
3593,-7364,5570,-19,3,-42,2
3640,-7308,5607,10,0,-20,2
3681,-7277,5581,25,-2,4,2
3683,-7277,5511,20,10,27,2
3604,-7290,5470,7,29,44,2
3337,-7331,5549,-14,37,51,2
3125,-7441,5679,-47,26,26,2
3117,-7520,5664,-84,5,-16,2
3264,-7513,5576,-101,-10,-66,2
3457,-7374,5593,-92,-19,-94,2
3589,-7267,5622,-75,-28,-85,2
3690,-7261,5619,-55,-39,-55,2
3725,-7249,5575,-36,-44,-19,2
3243,-7424,5679,-74,-28,26,2
3191,-7478,5533,-116,-47,-12,2
3323,-7465,5294,-148,-68,-55,2
3463,-7418,5054,-152,-78,-84,2
3547,-7331,4843,-129,-79,-90,2
3602,-7291,4673,-103,-72,-83,2
3589,-7245,4543,-75,-61,-71,2
3592,-7172,4403,-58,-48,-61,2
3551,-7109,4230,-54,-27,-47,2
3452,-7107,4040,-63,-2,-43,2
3407,-7199,3755,-78,31,-55,2
3307,-7482,3341,-95,77,-131,2
3049,-7806,3004,-102,145,-364,2
2953,-8409,2851,-110,199,-769,2
3414,-10021,1503,-485,177,-1612,2
4042,-9231,-89,-650,237,-2935,2
5621,-8388,-1456,-454,353,-4239,2
6966,-7036,-3318,-299,455,-5232,2
7137,-6245,-4965,112,714,-6013,2
6952,-6680,-6793,727,1185,-6694,2
6597,-5008,-8727,1507,1822,-7363,2
6846,-4118,-9856,1610,2467,-8317,2
5649,-3304,-10488,782,3468,-9612,2
1049,-2014,-8850,-1417,5200,-11155,2
-1070,270,-6240,-3888,7499,-12590,2
-5950,-555,-3323,-4234,8825,-11990,2
-6738,-2068,1740,-3208,9760,-9480,2
-5354,-2417,5589,-1562,10723,-5705,2
-8862,-8205,17546,-1727,10529,-417,2
-7373,-8897,23923,-2437,8932,-83,2
-6648,-9580,28464,-2401,7262,866,2
-6108,-9620,29705,-1542,5202,1292,2
-5824,-7987,27729,-256,3058,1130,2
-5077,-6730,23637,924,1428,751,2
-4604,-5801,19328,1525,484,674,2
-4604,-5801,19328,1525,484,674,2
-3936,-4872,16266,1360,8,617,2
-3225,-4198,14785,812,-152,382,2
-2579,-3829,14545,240,-211,218,2
-2021,-3554,14710,-71,-280,201,2
-1576,-3385,14746,-74,-434,310,2
-1167,-3453,14635,62,-670,483,2
-846,-3525,14498,184,-964,771,2
-996,-3311,14275,288,-1327,1222,2
-1363,-3142,14002,267,-1763,1846,2
-1721,-3398,13856,74,-2230,2696,2
-2122,-3804,13634,-10,-2742,3746,2
-2883,-3587,13461,216,-3396,4874,2
-3360,-2473,13658,751,-4384,5995,2
-3526,-1952,14188,1654,-5170,7175,2
-4591,-2614,15923,2709,-5486,8311,2
-5721,-3817,18402,3252,-5705,9432,2
-6951,-4212,19340,2565,-6663,10222,2
-6729,-2940,15119,912,-7740,10594,2
-3851,-811,8611,-986,-7284,10333,2
-775,-444,6923,-2463,-5856,9164,2
1956,-3355,6569,-3596,-4818,6695,2
6544,-5372,3500,-4938,-4412,3419,2
5555,-2128,2094,-5406,-4002,1287,2
5148,326,492,-5479,-3149,868,2
6410,-1826,-963,-5121,-2225,1138,2
6769,-4425,-1466,-4425,-1523,1552,2
6709,-6081,-1247,-3622,-1058,1595,2
5883,-6523,-639,-2820,-853,1270,2
4162,-5933,779,-707,-629,796,2
3622,-6220,1411,-559,-534,843,2
3172,-6487,1823,-496,-452,818,2
2861,-6760,2075,-466,-377,760,2
2697,-7203,2321,-433,-316,663,2
2825,-7544,2332,-401,-266,547,2
3160,-7694,2168,-341,-199,432,2
3483,-7774,2075,-243,-115,340,2
3763,-7757,2122,-112,-35,290,2
3954,-7650,2282,47,38,281,2
4053,-7544,2615,230,109,307,2
3786,-7537,3295,411,160,346,2
3299,-7583,4160,558,159,346,2
2907,-7624,5055,645,121,307,2
2555,-7765,5978,655,75,221,2
2638,-7891,6514,592,29,93,2
3160,-7758,6541,487,4,-34,2
4333,-6967,5996,277,100,-61,2
3535,-7011,5608,213,-50,129,2
3506,-7102,5673,170,-20,105,2
3409,-7163,5972,129,2,57,2
3530,-7052,6065,71,3,25,2
3693,-7021,5974,15,11,30,2
3787,-7072,5819,-16,30,61,2
3851,-7084,5575,-23,42,99,2
3799,-7083,5315,-9,49,152,2
3688,-7144,5235,14,60,191,2
3556,-7191,5224,36,76,198,2
3334,-7187,5346,47,87,185,2
2862,-7216,5676,30,76,144,2
2836,-7362,5692,-18,39,69,2
3186,-7452,5406,-53,20,-4,2
3493,-7407,5290,-44,41,-75,2
3659,-7212,5484,14,67,-101,2
3749,-7077,5780,80,68,-69,2
3135,-7119,6538,56,-34,9,2
3362,-7235,6063,-31,-66,-43,2
3630,-7227,5548,-88,-61,-98,2
3832,-7166,5272,-85,-36,-120,2
3897,-7049,5223,-33,-8,-103,2
3896,-6955,5290,34,2,-58,2
3866,-6896,5318,86,6,-3,2
3767,-6863,5446,115,22,44,2
3657,-6920,5595,116,37,72,2
3495,-6970,5745,93,43,77,2
3314,-7043,5917,55,41,56,2
3264,-7130,6023,15,30,30,2
3353,-7186,5947,-17,15,4,2
3499,-7191,5904,-19,14,-12,2
3556,-7157,5967,5,20,-17,2
3597,-7033,5730,56,-21,80,2
3524,-7101,5627,30,-24,78,2
3422,-7198,5657,4,-16,58,2
3340,-7263,5710,-17,-9,22,2
3403,-7294,5680,-30,-4,-6,2
3480,-7265,5674,-26,2,-22,2
3477,-7218,5792,-5,9,-26,2
3477,-7218,5792,-5,9,-26,2
3487,-7161,5918,14,4,-21,2
3543,-7089,5938,34,-6,-6,2
3478,-7047,6021,44,-22,10,2
3317,-7079,6185,37,-45,10,2
3623,-6986,5468,-9,-36,0,2
3623,-6986,5468,-9,-36,0,2
3681,-7010,5321,-15,-15,11,2
3726,-6996,5280,-11,13,20,2
3618,-6963,5466,5,31,33,2
3468,-6982,5695,27,24,50,2
3345,-7036,5867,33,-10,56,2
3195,-7114,6007,22,-47,36,2
3119,-7181,6081,0,-67,-9,2
3263,-7209,6027,-23,-75,-59,2
3465,-7173,5879,-41,-79,-101,2
3709,-7085,5680,-37,-74,-109,2
3887,-6998,5557,-8,-54,-80,2
3954,-6948,5517,31,-29,-38,2
3933,-6881,5504,67,-11,3,2
3924,-6859,5418,100,4,47,2
3858,-6864,5390,126,23,90,2
3640,-6913,5531,143,41,118,2
3232,-7051,5952,129,38,108,2
3120,-7145,6122,79,13,59,2
3344,-7164,5970,28,-7,1,2
3574,-7105,5865,8,-2,-29,2
3597,-7048,6001,15,8,-23,2
3559,-7130,6063,1,-16,12,2
3603,-7121,5895,-6,-20,7,2
3666,-7106,5731,-6,-20,12,2
3630,-7079,5631,1,-14,20,2
3536,-7091,5587,6,-6,22,2
3337,-7110,5698,-4,-8,9,2
3359,-7121,5674,-23,-21,-20,2
3499,-7114,5540,-37,-25,-43,2
3718,-6987,5869,22,-12,-1,2
3700,-7018,5796,27,-15,25,2
3664,-7034,5757,29,-5,40,2
3468,-7022,5882,24,7,39,2
3318,-7072,6012,-1,6,25,2
3587,-7058,5758,14,-23,-22,2
3633,-7017,5721,23,-22,-15,2
3678,-6956,5681,28,-18,-8,2
3430,-7058,5820,-16,-5,-1,2
3415,-7132,5831,-38,-10,-22,2
3464,-7155,5845,-47,-15,-44,2
3572,-7103,6268,-29,-38,-59,2
3766,-6967,5657,-156,-165,-80,2
3664,-6951,5676,-175,-168,-80,2
3694,-6951,5525,-198,-168,-92,2
3763,-6935,5317,-214,-159,-108,2
3857,-6906,5036,-217,-149,-119,2
3900,-6998,4655,-204,-140,-133,2
3630,-7382,4417,-176,-130,-246,2
3241,-7637,4124,-156,-105,-560,2
2909,-7929,3654,-190,-62,-1040,2
4186,-10360,2390,-452,-27,-2272,2
5354,-9148,1199,-658,-76,-3922,2
6251,-7280,-670,-564,-33,-4900,2
7039,-5662,-2753,-128,91,-5189,2
7940,-4933,-5922,484,337,-5289,2
8326,-4432,-8628,1179,709,-5279,2
8140,-4682,-10491,1813,1267,-5540,2
7004,-4832,-11415,2192,2172,-6145,2
5429,-4624,-11016,2131,3395,-7319,2
2233,-3668,-9456,1294,4813,-8543,2
-1203,-3100,-5275,-2715,8368,-10834,2
-4744,-2345,-2110,-3499,9637,-10328,2
-11873,-4498,12180,-2077,11732,-1687,2
-11873,-4498,12180,-2077,11732,-1687,2
-12766,-6160,18817,-2085,11034,14,2
-12532,-7142,26623,-1743,9581,1168,2
-11239,-7502,32134,-714,7518,1711,2
-10484,-7790,32717,767,4896,1954,2
-8982,-7701,26981,2051,1872,1608,2
-7577,-7119,20278,2492,7,1180,2
-6173,-5512,16684,2036,-307,767,2
-6000,-3717,15903,1177,27,421,2
-6426,-2372,16458,360,229,198,2
-6202,-1868,17602,-155,41,143,2
-5341,-2050,18249,-402,-474,271,2
-3478,-5200,17059,309,-2576,1286,2
-3889,-6431,16943,510,-3333,1948,2
-4905,-7492,17590,757,-4314,2881,2
-6348,-5280,18765,1565,-5917,4102,2
-7594,-2136,19890,3070,-7838,5405,2
-9085,-1553,21207,4221,-9359,6625,2
-9747,-1923,21000,4206,-10142,7696,2
-9385,-1258,18443,3008,-9966,8633,2
-6824,3614,11329,142,-9372,9364,2
-1538,7810,4210,-3571,-8337,8617,2
5038,6070,-192,-5847,-6802,6496,2
10130,2846,-2634,-6694,-5242,4549,2
9858,2915,-4350,-7165,-4545,3734,2
5679,-4866,-2925,-3952,-2099,3817,2
5091,-5808,-2812,-2646,-1875,3578,2
4715,-6283,-2484,-1761,-1675,3098,2
4251,-6626,-1625,-1146,-1479,2504,2
4090,-6948,-774,-787,-1361,1931,2
4350,-6888,-276,-489,-1303,1371,2
4588,-6380,-75,-311,-1239,919,2
4853,-5622,77,-255,-1120,697,2
4704,-5433,174,-267,-971,800,2
4466,-5888,256,-259,-794,981,2
4182,-6648,368,-278,-596,1054,2
3882,-7132,639,-347,-413,975,2
3580,-7327,875,-386,-263,806,2
3978,-7865,1022,-199,-26,207,2
3978,-7865,1022,-199,-26,207,2
4385,-7807,1207,-19,39,63,2
4551,-7709,1787,198,78,-20,2
4848,-7512,2336,425,98,-23,2
5077,-7365,2895,632,125,38,2
5098,-7246,3640,792,155,99,2
4899,-7188,4465,885,168,149,2
4752,-7160,5147,901,164,173,2
4604,-7112,5666,849,152,159,2
4593,-7101,5971,747,137,111,2
4790,-7002,6092,633,124,52,2
4936,-6818,6094,534,113,12,2
5444,-6249,4212,137,104,264,2
5444,-6249,4212,137,104,264,2
4617,-6252,4752,108,135,354,2
4004,-6628,5341,84,130,411,2
4145,-6987,5241,62,104,412,2
4441,-7079,4824,21,103,358,2
4516,-7031,4625,9,133,299,2
4319,-7045,4931,45,162,276,2
4093,-7150,5414,94,153,251,2
4115,-7236,5633,132,122,212,2
4180,-7251,5753,148,100,171,2
4258,-7206,5786,148,79,127,2
4425,-7103,5578,137,56,88,2
4567,-7016,5365,124,54,71,2
4306,-6875,5506,95,72,81,2
4306,-6875,5506,95,72,81,2
4301,-6893,5541,81,54,79,2
4373,-6877,5431,64,34,76,2
4385,-6872,5270,43,21,76,2
4280,-6888,5230,27,22,74,2
4192,-6949,5255,12,21,63,2
4222,-7014,5254,-1,18,43,2
4303,-7012,5263,5,18,23,2
4415,-6978,5275,33,18,25,2
4559,-6895,5248,71,14,50,2
4556,-6865,5274,107,15,98,2
4442,-6896,5377,126,22,136,2
4443,-6899,5399,128,27,157,2
4211,-7072,5541,-1,20,50,2
4231,-7082,5564,38,-2,71,2
4276,-7081,5490,68,-20,86,2
4276,-7081,5490,68,-20,86,2
4261,-7034,5389,78,-22,88,2
4127,-7009,5382,38,-8,66,2
4127,-7009,5382,38,-8,66,2
4302,-6957,5120,11,-1,43,2
4444,-6871,4892,7,24,35,2
4377,-6792,4960,32,55,53,2
4300,-6794,5135,60,65,80,2
4277,-6833,5292,82,64,92,2
4303,-6815,5462,103,70,98,2
4303,-6755,5585,123,72,118,2
3990,-6790,5983,121,58,133,2
3687,-6907,6373,74,21,115,2
3809,-7040,6278,4,-22,72,2
4119,-7093,5842,-55,-39,36,2
4278,-7100,5469,-70,-31,26,2
4277,-7064,5279,-41,-22,39,2
4224,-7046,5183,-2,-19,67,2
4204,-7031,5166,26,-5,94,2
4212,-7015,5196,47,17,110,2
4113,-6932,5212,61,38,125,2
3809,-6961,5491,46,39,134,2
3739,-7058,5595,17,26,116,2
3888,-7088,5426,-6,20,85,2
3987,-7083,5323,-14,33,62,2
3932,-7091,5540,1,44,46,2
3921,-7052,5711,20,37,41,2
3805,-7006,5486,54,38,78,2
3805,-7006,5486,54,38,78,2
3724,-6999,5561,37,27,60,2
3738,-7024,5555,12,17,38,2
3830,-7053,5521,-3,20,23,2
3869,-7084,5628,-3,35,14,2
3894,-7069,5743,5,40,14,2
3893,-7071,5826,17,30,22,2
3854,-7070,5863,29,19,29,2
3796,-7059,5842,29,7,33,2
3824,-7064,5740,16,-7,29,2
3858,-7057,5597,0,-12,22,2
3744,-7130,5467,-34,-18,26,2
3736,-7173,5409,-45,-22,7,2
3739,-7182,5433,-43,-25,-11,2
3750,-7166,5600,-33,-29,-24,2
3812,-7107,5680,-17,-43,-30,2
3873,-7077,5706,-5,-55,-30,2
3943,-7055,5743,1,-60,-26,2
4011,-7014,5740,0,-59,-18,2
4049,-6979,5711,-4,-55,-4,2
3913,-7021,5627,-24,-56,23,2
3887,-7076,5468,-42,-61,24,2
3821,-7119,5361,-54,-59,13,2
3733,-7152,5421,-64,-62,-5,2
3709,-7178,5476,-71,-67,-29,2
3769,-7184,5455,-74,-71,-50,2
3879,-7157,5437,-61,-69,-56,2
3958,-7125,5482,-36,-65,-49,2
3958,-7125,5482,-36,-65,-49,2
3992,-7061,5479,-13,-67,-33,2
4015,-7042,5423,3,-65,-9,2
3911,-7040,5466,6,-55,6,2
3721,-7059,5628,-7,-47,2,2
3694,-7087,5613,-42,-51,-26,2
3778,-7093,5448,-75,-60,-60,2
3906,-7052,5231,-88,-71,-79,2
4034,-7031,4983,-80,-72,-80,2
4072,-7023,4763,-58,-61,-68,2
3822,-7164,2889,245,123,-356,2
3822,-7164,2889,245,123,-356,2
3757,-8124,1828,333,110,-852,2
4987,-10109,539,528,87,-1903,2
6662,-9924,-1126,339,-45,-3479,2
7428,-7102,-2608,706,159,-4548,2
8016,-5174,-3804,1538,685,-4923,2
7921,-3961,-4992,2264,1260,-4820,2
8455,-4677,-5440,2725,1713,-5399,2
8785,-5505,-5515,3053,2452,-7212,2
6603,-4006,-4910,2541,3456,-9469,2
1816,-368,-4017,439,4813,-11014,2
-2979,1419,-2886,-2136,6624,-12172,2
-6274,1009,-459,-3253,8250,-11740,2
-5934,-73,2649,-3486,9313,-9181,2
-4959,-1428,4849,-2287,9815,-5667,2
-5388,-3417,6697,-1544,9541,-2367,2
-4257,-7337,9708,-2212,8599,-1029,2
-4011,-9750,13395,-3054,8126,-836,2
-3591,-11958,18000,-4067,7218,-577,2
-3205,-11699,22431,-4100,6062,-368,2
-3790,-9437,25773,-2607,4832,-504,2
-4410,-7581,26615,-1087,3102,-688,2
-4644,-6204,24224,117,1360,-553,2
-4459,-5399,19864,1237,160,-134,2
-3731,-5005,15933,1837,-310,338,2
-3192,-5024,13865,1678,-302,587,2
-2764,-5126,13813,1015,-185,728,2
-2450,-5244,14910,510,-93,902,2
-2184,-5159,16129,355,-195,1134,2
-2251,-4861,16878,401,-539,1399,2
-2417,-4998,17251,346,-1143,1807,2
-2614,-5893,17506,267,-1904,2479,2
-3343,-6427,17553,413,-2797,3498,2
-4563,-5616,17493,1039,-4083,4556,2
-5229,-4525,17630,1996,-5744,5495,2
-5934,-4063,18384,2843,-7308,6346,2
-6007,-3972,19048,3549,-8498,7116,2
-5151,-4555,18082,3738,-8748,7783,2
-5458,-2594,13836,2828,-8560,8260,2
-3690,513,7644,673,-8098,8319,2
-296,1017,4911,-1586,-7018,7620,2
2815,193,5245,-2876,-5825,6206,2
4118,-835,4395,-3718,-5182,4693,2
5566,-1932,1177,-4617,-4692,3160,2
7110,-2160,-1187,-4847,-3771,1875,2
7524,-2353,-1926,-4443,-2746,1278,2
7854,-2915,-1947,-3967,-1930,1260,2
7569,-3629,-1150,-3331,-1436,1377,2
6511,-4623,-82,-2585,-1238,1332,2
5616,-4966,335,-1934,-1258,1250,2
5508,-4838,-95,-1421,-1316,1212,2
5669,-4756,-577,-1011,-1271,1198,2
5747,-4705,-994,-747,-1129,1202,2
5536,-5130,-911,-589,-927,1241,2
4914,-5460,-428,-524,-723,1224,2
4324,-5803,314,-387,-583,1162,2
3933,-6184,748,-338,-496,1100,2
3888,-6648,952,-371,-398,979,2
3984,-6803,1069,-395,-262,814,2
4189,-6917,1254,-319,-129,672,2
4314,-7033,1407,-222,-22,588,2
4631,-7519,2694,292,200,340,2
4671,-7439,3238,418,238,319,2
4509,-7386,4000,509,263,298,2
4343,-7395,4814,555,266,258,2
4249,-7363,5498,562,238,208,2
4224,-7308,6049,542,209,149,2
4349,-7267,6374,496,174,108,2
4614,-7200,6330,449,145,92,2
4564,-7082,6391,382,133,79,2
4655,-7112,6132,219,55,47,2
4952,-6937,5553,167,53,38,2
4541,-6616,5013,287,269,346,2
4096,-6633,5672,305,232,370,2
3735,-6798,6143,266,188,381,2
3961,-7362,6037,-86,117,30,2
3961,-7362,6037,-86,117,30,2
4180,-7005,5894,-29,109,-50,2
4306,-6967,5685,-6,95,-38,2
4371,-7005,5558,2,76,-26,2
4381,-6930,5490,41,58,-18,2
4407,-6824,5366,92,46,9,2
4411,-6824,5230,104,37,36,2
4253,-6836,5124,88,35,44,2
4156,-6893,5086,63,39,45,2
4116,-6982,5061,47,51,39,2
4051,-7059,5187,43,60,4,2
4127,-7040,5282,53,60,-38,2
4170,-6988,5439,77,51,-62,2
4324,-6705,5997,191,-56,86,2
4324,-6705,5997,191,-56,86,2
4279,-6709,5898,118,-44,82,2
4169,-6759,5803,37,-20,74,2
4124,-6872,5718,-45,-4,50,2
4227,-6942,5497,-92,20,21,2
4351,-6931,5303,-89,39,5,2
4379,-6876,5261,-50,44,15,2
4358,-6879,5292,10,45,43,2
4277,-6851,5385,66,46,65,2
4116,-6842,5585,88,50,72,2
3991,-6847,5789,71,40,59,2
4096,-6838,5713,33,22,30,2
4198,-6810,5527,0,15,7,2
4203,-6809,5452,-19,18,-1,2
4265,-6799,5373,-13,19,-2,2
4364,-6769,5327,11,25,-2,2
4375,-6736,5439,42,39,7,2
4369,-6703,5640,69,51,24,2
4411,-6680,5724,89,59,44,2
4242,-6714,5985,86,55,62,2
4054,-6775,6193,56,31,68,2
4089,-6844,6094,18,5,64,2
4176,-6881,5836,-17,-12,52,2
4121,-6918,5650,-36,-20,42,2
4151,-7005,5303,-35,-22,23,2
4197,-6713,5674,89,68,65,2
4197,-6713,5674,89,68,65,2
4069,-6713,5895,99,71,79,2
3949,-6738,6158,85,54,78,2
3866,-6774,6304,45,21,62,2
3887,-6860,6247,-10,-13,43,2
4195,-6948,5400,3,-9,30,2
4167,-6889,5433,31,-2,49,2
4114,-6852,5440,42,5,63,2
4025,-6854,5474,37,13,69,2
3958,-6888,5522,18,19,60,2
3968,-6911,5462,3,23,44,2
3919,-6943,5478,-6,29,28,2
3829,-6996,5625,-14,29,5,2
4167,-6832,5724,4,28,-64,2
4243,-6750,5843,25,20,-45,2
4294,-6707,5899,50,15,-13,2
4218,-6690,5959,60,14,15,2
4152,-6703,5958,43,5,35,2
4084,-6755,5903,13,1,39,2
4047,-6784,5801,-14,0,27,2
4064,-6768,5660,-35,0,18,2
4089,-6767,5478,-39,-3,15,2
4116,-6760,5393,-22,3,26,2
4049,-6781,5496,0,14,39,2
3993,-6811,5588,13,19,52,2
3973,-6877,5621,17,23,59,2
3860,-6935,5752,15,24,53,2
3844,-6994,5838,11,19,36,2
3873,-6987,5876,6,8,15,2
3865,-6996,5954,0,-7,-5,2
3911,-6997,5971,-7,-27,-24,2
4031,-6985,5904,-23,-39,-38,2
4181,-6981,5783,-34,-40,-46,2
4290,-6932,5650,-33,-25,-41,2
4352,-6853,5569,-25,-7,-19,2
4325,-6808,5615,-10,10,10,2
4211,-6782,5693,-1,18,37,2
4096,-6780,5705,-5,12,59,2
3952,-6867,5703,-25,1,61,2
3926,-6945,5663,-53,-2,42,2
3866,-6985,5728,-78,-1,14,2
3877,-7015,5754,-102,-8,-8,2
3946,-7047,5699,-104,-13,-19,2
4009,-7059,5691,-88,-19,-23,2
4076,-7011,5716,-63,-26,-21,2
4155,-6950,5692,-32,-31,-13,2
4136,-6900,5766,-12,-31,0,2
4136,-6900,5766,-12,-31,0,2
3871,-6913,6045,-23,-38,8,2
3723,-7027,6186,-71,-64,-4,2
3770,-7107,6091,-129,-90,-50,2
3948,-7078,5946,-180,-103,-99,2
4096,-6994,5809,-198,-110,-117,2
4162,-6961,5765,-191,-119,-107,2
4152,-6963,5701,-170,-125,-82,2
4161,-6954,5531,-157,-135,-67,2
4130,-6952,5316,-155,-144,-60,2
4053,-6938,5102,-158,-150,-64,2
3998,-6900,4893,-161,-155,-72,2
4051,-6778,4648,-166,-175,-76,2
4215,-6617,4200,-159,-196,-67,2
4373,-6465,3648,-109,-172,-26,2
4625,-6475,3019,-10,-103,22,2
4865,-6754,2002,140,-36,25,2
5109,-7697,639,411,45,-335,2
5193,-9470,-436,579,61,-1336,2
6363,-10816,-2110,410,53,-3157,2
9379,-6010,-7067,1888,1409,-7696,2
9379,-6010,-7067,1888,1409,-7696,2
8673,-3867,-7861,1777,2248,-9160,2
6108,-1370,-7934,725,3336,-10506,2
1514,-253,-7015,-1733,5099,-11572,2
-2124,1341,-5472,-3541,6733,-11767,2
-4638,-1077,-3118,-4138,7677,-10471,2
-3294,-3600,632,-3902,8386,-8223,2
-2961,-4966,3308,-2807,9272,-5654,2
-4274,-5049,5704,-2283,9830,-3210,2
-5656,-5397,9226,-2234,9874,-1692,2
-6531,-7885,13241,-2396,9342,-892,2
-5482,-9094,18070,-2696,8319,-532,2
-5237,-8940,23302,-2981,7183,300,2
-4954,-9438,27841,-2635,5531,724,2
-4531,-9196,29349,-1627,3468,588,2
-4330,-8570,26235,102,1528,313,2
-3654,-7824,20960,1475,186,225,2
-3138,-6657,16631,1939,-414,397,2
-2950,-5195,14335,1912,-479,579,2
-2450,-4429,14031,1599,-325,680,2
-1877,-4060,14637,1146,-319,896,2
-1496,-3763,15075,874,-547,1194,2
-1122,-3628,15067,760,-955,1516,2
-1386,-2942,14177,617,-1955,2595,2
-1781,-3689,14170,500,-2429,3516,2
-2502,-4634,14800,415,-3069,4783,2
-3757,-4357,15573,740,-4138,6322,2
-4385,-2966,15850,1787,-5716,7489,2
-3780,-2498,15535,2764,-7009,8218,2
-3180,-3050,14770,3090,-7107,8949,2
-583,-2883,8336,-1645,-5305,9517,2
533,-4365,8800,-2433,-4775,8111,2
2786,-6355,5711,-3391,-4493,6055,2
5755,-6395,2701,-3748,-3779,3722,2
5935,-4576,1295,-3945,-3056,2236,2
6063,-3647,160,-4288,-2348,1647,2
6087,-4759,-289,-3978,-1510,1430,2
5332,-6267,378,-3377,-866,1347,2
4758,-7109,760,-2925,-616,1171,2
4719,-6750,594,-2462,-541,786,2
4719,-6227,515,-2019,-525,466,2
4379,-6168,389,-1732,-512,398,2
4270,-6274,144,-1355,-455,437,2
3733,-6403,1052,-392,-203,609,2
3001,-6700,1805,-215,-182,589,2
2610,-7004,2223,-112,-167,482,2
2675,-7243,2525,-56,-116,309,2
2898,-7285,2743,-39,-53,145,2
3246,-7194,2916,-23,12,39,2
3506,-7191,3203,16,92,2,2
3656,-7230,3609,80,170,4,2
3757,-7272,4098,165,234,31,2
3798,-7288,4648,270,284,71,2
3812,-7296,5191,382,300,105,2
3703,-7195,5734,480,280,117,2
3411,-7237,6360,537,250,99,2
3255,-7280,6903,530,215,66,2
3091,-7212,7242,461,166,11,2
3081,-7199,7375,333,103,-56,2
3425,-7194,7115,197,49,-106,2
3924,-7119,5996,68,48,-58,2
3324,-6897,5765,96,56,3,2
3318,-7057,5894,8,64,-7,2
3551,-7162,5810,-22,75,-19,2
3815,-7065,5609,-26,75,-11,2
3769,-7022,5669,-2,80,25,2
3374,-7077,6171,29,83,50,2
3228,-7105,6465,31,61,53,2
3454,-7137,6220,0,31,44,2
3718,-7132,5792,-28,25,39,2
3718,-7132,5792,-28,25,39,2
3684,-7103,5654,-26,38,51,2
3374,-7094,5839,-21,42,46,2
3402,-7138,5663,-26,27,21,2
3658,-7138,5226,-27,24,3,2
3894,-7085,4902,0,50,-5,2
3937,-6952,4873,68,92,0,2
3648,-6788,5249,134,117,19,2
3453,-6784,5669,171,118,37,2
3472,-6562,6448,168,95,39,2
3472,-6562,6448,168,95,39,2
3369,-6565,6684,110,75,49,2
3434,-6675,6502,37,40,59,2
3551,-6800,6129,-22,16,66,2
3646,-6891,5796,-38,12,72,2
3713,-6945,5589,-12,17,91,2
3635,-6967,5678,31,31,113,2
3318,-6970,5972,52,34,120,2
3156,-7029,6140,34,18,103,2
3233,-7109,6015,5,6,70,2
3335,-7127,5818,-14,11,37,2
3374,-7103,5790,-7,28,18,2
3312,-7063,5869,14,36,12,2
3342,-7079,5905,36,26,12,2
3380,-7040,5846,56,15,13,2
3396,-7005,5850,73,10,21,2
3348,-7018,5974,86,11,24,2
3324,-7035,6140,84,20,13,2
3351,-7027,6205,66,24,-3,2
3395,-6981,6176,44,26,-20,2
3380,-6948,6205,30,25,-25,2
3357,-6969,6215,17,19,-28,2
3433,-6966,6146,6,7,-31,2
3521,-6917,6032,9,4,-27,2
3500,-6873,6056,21,9,-11,2
3490,-6838,6038,31,9,6,2
3530,-6824,5919,42,11,29,2
3543,-6810,5808,58,23,55,2
3436,-6811,5839,76,37,78,2
3325,-6859,5983,87,44,86,2
3233,-6884,6120,80,39,75,2
3458,-6914,5879,21,40,7,2
3088,-6875,6320,99,49,73,2
3046,-6925,6456,73,30,42,2
3076,-6955,6411,32,19,13,2
3167,-7017,6283,-4,19,-18,2
3283,-7021,6162,-20,27,-46,2
3351,-6958,6087,-12,37,-60,2
3383,-6887,6003,10,38,-51,2
3409,-6805,5912,31,39,-21,2
3398,-6817,5774,45,55,11,2
3282,-6844,5668,47,79,33,2
3171,-6854,5555,42,100,37,2
3089,-6891,5411,44,116,31,2
2965,-6931,5439,49,133,14,2
2935,-6772,5520,112,183,-60,2
2913,-6723,5537,145,208,-60,2
2818,-6642,5633,186,232,-61,2
2733,-6539,5666,221,250,-63,2
2615,-6444,5609,250,258,-68,2
2541,-6375,5522,288,260,-69,2
2426,-6357,5539,340,256,-69,2
2245,-6329,5328,669,220,-86,2
2273,-6274,5371,733,243,-101,2
2292,-6250,5498,796,276,-106,2
2341,-6195,5621,865,315,-110,2
2320,-6195,5820,939,345,-111,2
2091,-6222,6318,1024,360,-125,2
1889,-6252,6949,1094,347,-169,2
2094,-6287,7376,1128,311,-239,2
2547,-6229,7585,1148,291,-316,2
2864,-6053,7844,1168,294,-373,2
3098,-5873,8142,1172,312,-385,2
3351,-5776,8305,1149,329,-357,2
3478,-5745,8364,1084,346,-329,2
3452,-5700,8377,978,365,-314,2
3452,-5689,8192,849,392,-301,2
3521,-5710,7844,716,438,-288,2
3548,-5790,7386,599,495,-276,2
3470,-5927,6791,524,524,-260,2
3256,-6070,5988,551,492,-246,2
3039,-6352,4807,684,405,-253,2
3128,-6858,2762,965,260,-376,2
3073,-7885,320,1407,83,-638,2
2649,-9941,-1897,1985,-11,-1390,2
3354,-12324,-4083,2343,91,-3111,2
3863,-12081,-6617,2090,308,-5333,2
4843,-10604,-6778,2091,931,-7699,2
5299,-7031,-6853,1840,1329,-10047,2
3952,-2925,-6318,1435,1687,-12256,2
2478,1156,-6026,216,2172,-13664,2
2478,1156,-6026,216,2172,-13664,2
-1410,-10,-5324,-1901,2963,-14061,2
-1310,-1765,-4116,-3388,4452,-14131,2
-1549,-4021,-1800,-3911,5917,-12711,2
-2375,-5567,815,-3183,7883,-10652,2
-5520,-5152,3946,-793,9943,-8820,2
-7045,-3180,9317,1581,10545,-5765,2
-9753,-3635,17077,858,9331,-3164,2
-12672,-2867,26026,-2925,6903,-3280,2
-13792,-3365,32325,-5359,4226,-3656,2
-13247,-4696,-31610,-5039,2210,-3130,2
-12757,-2518,32076,-3697,959,-2360,2
-11423,-1881,29177,-3068,-40,-1600,2
-9245,-3023,26484,-2244,-493,-649,2
-7603,-4008,24085,-898,-283,203,2
-6583,-4252,22586,105,7,759,2
-5958,-3790,21832,722,118,1148,2
-5616,-2901,20984,1208,9,1520,2
-5310,-2183,19934,1440,-366,1895,2
-5117,-1659,18836,1391,-927,2362,2
-5236,-1679,17821,1199,-1535,3077,2
-5549,-2375,17007,879,-2104,4071,2
-6083,-2746,16112,679,-2538,5260,2
-7259,-2291,15699,493,-2883,6574,2
-8360,-2303,16258,-202,-3582,7866,2
-8388,-1474,17906,58,-4519,8781,2
-7394,-681,19258,1700,-5327,9382,2
-6080,-51,19356,3158,-5701,9828,2
-5965,974,17050,3830,-5811,10393,2
-4892,2443,12076,3425,-5475,10525,2
-1994,3204,8536,1620,-5051,9978,2
89,2634,7184,-166,-4506,8798,2
1029,1315,6563,-1722,-4047,7306,2
1156,658,5543,-2913,-3697,6029,2
1185,313,4649,-3622,-3414,5121,2
1489,620,3626,-3785,-3062,4673,2
2020,463,2182,-3548,-2681,4567,2
2268,-996,1109,-3265,-2394,4649,2
2109,-2943,481,-2983,-2244,4746,2
203,-7767,-1028,-1897,-1912,3636,2
724,-9026,-2241,-1780,-1625,2949,2
1245,-9729,-3104,-1776,-1204,2127,2
1313,-9330,-2986,-1782,-712,1272,2
1110,-8704,-2433,-1808,-221,633,2
830,-8413,-2145,-1883,235,308,2
991,-8801,-2385,-1866,589,160,2
1107,-9038,-2389,-1696,808,98,2
1197,-9003,-1771,-1379,893,39,2
2436,-7575,5905,425,599,-728,2
2891,-7258,6463,394,720,-860,2
3108,-6896,7549,347,880,-955,2
3314,-6353,8704,257,973,-1010,2
3496,-5723,9593,109,970,-980,2
3392,-5358,10173,-65,893,-838,2
