acc_x,acc_y,acc_z,gyro_x,gyro_y,gyro_z,class
5684,-1692,7826,-30,-12,-15,3
5748,-1570,7814,-30,-8,-36,3
5822,-1482,7778,-40,-13,-32,3
5848,-1418,7733,-28,-13,-22,3
5837,-1405,7688,-11,-4,-7,3
5809,-1410,7679,0,4,6,3
5814,-1406,7705,1,8,20,3
5798,-1428,7753,-5,7,28,3
5796,-1559,7765,-14,7,17,3
5801,-1637,7759,-19,5,-9,3
5873,-1595,7714,-23,3,-28,3
5927,-1517,7678,-23,5,-36,3
5974,-1450,7684,-21,9,-25,3
5960,-1460,7685,-14,16,-11,3
5952,-1466,7710,-12,23,8,3
5909,-1478,7716,-6,28,24,3
5809,-1567,7758,-2,-22,21,3
5809,-1567,7758,-2,-22,21,3
5879,-1595,7515,-18,-34,18,3
5942,-1559,7343,-31,-23,10,3
6019,-1551,7320,-40,-3,19,3
6014,-1616,7349,-31,16,19,3
5915,-1618,7476,-9,40,17,3
5825,-1589,7734,12,54,21,3
5782,-1658,7963,36,45,11,3
5873,-1515,7893,41,-13,-27,3
5873,-1515,7893,41,-13,-27,3
5954,-1430,7813,14,-25,-19,3
5964,-1458,7765,5,-25,-5,3
5960,-1543,7788,9,-18,8,3
5911,-1696,7877,19,-14,0,3
5819,-1686,7976,33,-13,-25,3
5760,-1586,8042,39,-19,-15,3
5741,-1537,8026,36,-32,0,3
5722,-1486,7860,12,-44,2,3
5739,-1428,7674,-20,-48,3,3
5792,-1346,7473,-45,-44,6,3
5891,-1278,7389,-62,-30,15,3
6015,-1313,7410,-71,-9,34,3
6031,-1490,7471,-49,11,28,3
5973,-1610,7624,-14,29,0,3
5995,-1564,7759,-9,34,8,3
6008,-1555,7871,-4,35,18,3
5942,-1549,7926,-10,38,24,3
5861,-1510,7939,-27,37,29,3
5814,-1454,7903,-36,36,32,3
5813,-1379,7868,-39,35,34,3
5804,-1357,7899,-36,33,32,3
5765,-1404,7977,-13,36,26,3
5734,-1471,8018,14,34,15,3
5699,-1471,8075,13,24,14,3
5715,-1489,8077,-8,12,19,3
5721,-1500,8024,-27,3,15,3
5640,-1516,7928,-37,7,2,3
5639,-1467,7914,-58,17,1,3
5676,-1429,7974,-51,16,23,3
5676,-1429,7974,-51,16,23,3
5667,-1444,7911,-33,11,38,3
5655,-1467,7872,-22,13,43,3
5681,-1502,7883,-24,19,34,3
5650,-1544,7881,-38,21,18,3
5619,-1632,7884,-61,22,4,3
5622,-1642,7837,-83,16,0,3
5674,-1670,7801,-85,18,-6,3
5648,-1655,7817,-87,25,-7,3
5612,-1691,7887,-84,29,-2,3
5591,-1842,7953,-70,30,-6,3
5570,-1891,7956,-65,24,-35,3
5597,-1782,7957,-74,18,-53,3
5661,-1683,7914,-68,19,-58,3
5704,-1573,7880,-64,18,-51,3
5735,-1532,7881,-69,18,-34,3
5753,-1576,7874,-66,17,-24,3
5745,-1690,7866,-63,11,-31,3
5699,-1699,7856,-61,8,-44,3
5745,-1674,7896,-70,3,-43,3
5802,-1656,7883,-84,-11,-39,3
5830,-1697,7835,-87,-19,-43,3
5834,-1739,7755,-83,-19,-54,3
5824,-1731,7751,-64,-12,-80,3
5828,-1634,7813,-49,-11,-85,3
5839,-1549,7852,-28,-19,-74,3
5879,-1533,7846,-4,-30,-51,3
5877,-1523,7759,7,-37,-35,3
5848,-1510,7701,0,-34,-24,3
5807,-1588,7733,-9,-34,-15,3
5784,-1684,7743,-2,-30,-20,3
5771,-1643,7735,6,-25,-34,3
5776,-1579,7722,3,-25,-38,3
5795,-1516,7737,-4,-27,-31,3
5808,-1571,7699,-11,-35,-25,3
5815,-1595,7599,-10,-29,-23,3
5862,-1557,7541,-21,-19,-17,3
5862,-1523,7510,-31,-8,-10,3
5873,-1505,7540,-41,9,11,3
5873,-1505,7540,-41,9,11,3
5874,-1516,7612,-52,18,42,3
5886,-1606,7678,-45,25,60,3
5885,-1726,7752,-31,32,66,3
5830,-1807,7784,-25,36,39,3
5749,-1807,7836,-35,32,17,3
5737,-1770,7899,-26,33,9,3
5712,-1757,7886,-10,34,0,3
5724,-1684,7847,-9,29,3,3
5715,-1661,7841,-11,26,23,3
5649,-1727,7880,5,24,38,3
5624,-1752,7896,22,17,52,3
5632,-1746,7904,26,11,59,3
5675,-1806,7931,21,4,52,3
5652,-1860,7868,11,-6,34,3
5630,-1857,7787,-1,-7,9,3
5626,-1835,7810,-13,1,1,3
5633,-1822,7866,-18,4,-3,3
5667,-1762,7887,-8,-2,4,3
5699,-1796,7832,10,-10,15,3
5758,-1747,7678,22,-8,25,3
5758,-1747,7678,22,-8,25,3
5761,-1841,7625,14,-3,12,3
5733,-1869,7617,4,8,-4,3
5748,-1829,7684,-3,20,-20,3
5777,-1735,7776,-9,26,-24,3
5779,-1758,7825,-2,25,-17,3
5734,-1832,7813,13,23,-17,3
5703,-1868,7777,5,19,-21,3
5679,-1804,7787,-5,19,-24,3
5699,-1731,7871,-4,22,-21,3
5725,-1715,7919,-6,21,-19,3
5729,-1703,7989,-1,18,-19,3
5705,-1704,7962,9,14,-19,3
5664,-1693,7890,12,11,-21,3
5707,-1704,7806,-1,6,-15,3
5734,-1749,7741,-18,6,-14,3
5734,-1783,7725,-27,12,-20,3
5771,-1775,7781,-28,21,-25,3
5758,-1714,7802,-13,28,-26,3
5721,-1681,7866,-21,-6,7,3
5721,-1681,7866,-21,-6,7,3
5703,-1707,7811,-9,-7,6,3
5730,-1693,7745,3,-5,12,3
5736,-1709,7692,6,-1,6,3
5654,-1726,7691,0,2,-9,3
5593,-1727,7792,-13,3,-21,3
5603,-1713,7822,-20,1,-25,3
5656,-1707,7796,-13,-4,-23,3
5675,-1681,7745,-5,-6,-20,3
5705,-1686,7713,4,2,-17,3
5754,-1683,7682,14,9,-12,3
5782,-1629,7670,10,16,-3,3
5743,-1678,7640,6,20,0,3
5704,-1769,7749,0,29,-13,3
5658,-1758,7905,0,39,-34,3
5657,-1719,8016,2,33,-38,3
5687,-1656,8018,7,22,-33,3
5667,-1581,7982,12,15,-26,3
5692,-1567,7980,3,10,-15,3
5705,-1574,7916,5,7,-11,3
5686,-1561,7883,5,7,-4,3
5672,-1567,7884,2,6,10,3
5680,-1612,7919,3,7,25,3
5630,-1674,7976,7,7,28,3
5599,-1725,8028,6,2,21,3
5594,-1765,8025,11,-3,11,3
5603,-1795,7941,4,-16,-1,3
5770,-1812,7715,-1,-4,-9,3
5766,-1805,7774,12,5,-17,3
5670,-1702,7964,-2,-1,-12,3
5682,-1670,7994,-14,-3,-10,3
5741,-1690,7989,-17,-6,-5,3
5779,-1719,7958,-13,-11,-7,3
5735,-1687,7904,-5,-15,-19,3
5733,-1679,7893,0,-18,-15,3
5743,-1691,7823,4,-17,-16,3
5711,-1641,7746,-2,-15,-17,3
5675,-1624,7777,-12,-10,-1,3
5676,-1658,7858,-17,-6,12,3
5662,-1709,7940,-15,-9,17,3
5661,-1772,7983,-10,-19,8,3
5679,-1749,7944,1,-28,-6,3
5715,-1681,7835,9,-30,-18,3
5760,-1590,7721,0,-30,-21,3
5766,-1555,7655,-16,-23,-12,3
5755,-1601,7671,-15,-9,1,3
5752,-1704,7717,-4,0,3,3
5710,-1746,7749,1,1,-4,3
5701,-1755,7814,12,0,-15,3
5692,-1661,7819,21,0,-19,3
5727,-1640,7812,11,-2,-18,3
5711,-1647,7819,0,-1,-31,3
5719,-1601,7891,-14,0,-25,3
5747,-1605,7934,-11,0,-7,3
5747,-1605,7934,-11,0,-7,3
5734,-1588,7902,-5,-4,6,3
5724,-1598,7921,-3,-11,19,3
5715,-1619,7914,-6,-12,33,3
5717,-1655,7869,-11,-14,46,3
5697,-1799,7810,-10,-15,30,3
5649,-1840,7811,-7,-14,-15,3
5670,-1665,7765,-6,-16,-24,3
5730,-1567,7680,4,-12,-16,3
5767,-1585,7714,4,-3,-2,3
5766,-1652,7768,-3,-3,10,3
5785,-1691,7741,7,-1,10,3
5812,-1637,7696,19,2,13,3
5843,-1608,7672,17,6,20,3
5791,-1673,7640,12,15,8,3
5730,-1660,7678,5,23,-1,3
5713,-1658,7799,-6,27,6,3
5672,-1709,7920,-10,26,0,3
5662,-1699,7990,-11,17,-15,3
5660,-1643,8012,1,11,-22,3
5684,-1576,8033,5,8,-12,3
5712,-1525,7998,-1,0,7,3
5684,-1544,7913,0,-7,31,3
5727,-1601,7794,-1,23,5,3
5727,-1601,7794,-1,23,5,3
5705,-1546,7853,7,26,17,3
5682,-1585,7890,12,25,31,3
5682,-1665,7945,6,20,41,3
5675,-1743,7933,4,13,43,3
5682,-1800,7903,0,6,37,3
5705,-1873,7838,0,2,12,3
5694,-1774,7741,-5,1,-11,3
5693,-1698,7751,-13,4,-5,3
5692,-1727,7814,-8,11,2,3
5728,-1733,7861,1,13,-1,3
5724,-1705,7858,9,11,1,3
5734,-1673,7856,16,12,4,3
5741,-1626,7844,8,15,9,3
5725,-1612,7860,-8,14,18,3
5682,-1705,7835,-18,12,29,3
5643,-1792,7831,-20,14,26,3
5631,-1826,7909,-15,18,3,3
5621,-1790,7984,0,19,-18,3
5640,-1677,8037,17,14,-23,3
5695,-1613,8013,15,7,-11,3
5689,-1648,8006,5,3,-5,3
5681,-1664,7981,-12,-4,8,3
5687,-1732,7883,-15,-10,20,3
5699,-1784,7810,-10,-6,22,3
5723,-1787,7801,-12,-1,17,3
5718,-1835,7808,-4,1,4,3
5704,-1795,7837,3,5,-3,3
5689,-1750,7843,-3,2,0,3
5663,-1766,7880,-10,3,-1,3
5626,-1741,7880,-18,0,-6,3
5648,-1686,7853,-25,0,-5,3
5670,-1670,7844,-22,2,1,3
5712,-1697,7847,-20,5,12,3
5717,-1749,7867,-10,5,12,3
5705,-1735,7889,3,7,1,3
5745,-1690,7860,2,7,-4,3
5710,-1648,7831,4,13,-22,3
5650,-1573,7919,-11,15,-23,3
5627,-1608,7994,-26,9,-15,3
5639,-1661,7988,-19,3,-3,3
5626,-1658,7980,-14,-2,6,3
5612,-1616,7875,-1,-7,42,3
5638,-1719,7872,3,14,12,3
5718,-1708,7759,-7,-2,-10,3
5674,-1778,7747,-10,4,0,3
5613,-1886,7828,-1,15,-1,3
5607,-1854,7907,4,16,-7,3
5625,-1745,7923,12,8,-6,3
5634,-1675,7928,21,3,0,3
5644,-1711,7922,14,0,3,3
5610,-1778,7914,2,-5,-4,3
5555,-1831,7926,1,-4,-25,3
5576,-1764,7957,4,-5,-31,3
5616,-1684,7928,10,-10,-24,3
5657,-1672,7878,14,-13,-14,3
5680,-1681,7840,12,-11,0,3
5675,-1755,7794,7,-10,11,3
5646,-1851,7738,14,-6,-3,3
5646,-1851,7738,14,-6,-3,3
5627,-1829,7715,11,-3,-21,3
5644,-1782,7729,1,4,-26,3
5668,-1781,7842,6,15,-29,3
5613,-1751,7947,15,19,-38,3
5587,-1671,8049,18,16,-39,3
5596,-1619,8062,21,6,-24,3
5637,-1613,8005,23,-5,-7,3
5636,-1619,7951,16,-11,1,3
5637,-1713,7933,5,-13,4,3
5610,-1806,7948,6,-17,-2,3
5603,-1800,7923,12,-23,-4,3
5642,-1784,7829,15,-27,-6,3
5680,-1844,7758,14,-24,-20,3
5636,-1808,7737,12,-15,-39,3
5636,-1722,7744,12,-4,-43,3
5657,-1632,7783,15,0,-35,3
5664,-1638,7829,22,0,-24,3
5657,-1655,7841,29,0,-12,3
5642,-1643,7820,34,1,-6,3
5660,-1673,7841,28,1,-5,3
5669,-1667,7846,25,1,-9,3
5686,-1666,7822,17,6,-13,3
5700,-1714,7868,9,10,-17,3
5682,-1723,7890,10,13,-33,3
5668,-1679,7980,13,19,-43,3
5670,-1590,8079,23,22,-43,3
5660,-1525,8151,28,13,-24,3
5607,-1546,8162,33,4,-5,3
5578,-1563,8148,33,-10,10,3
5589,-1589,8112,21,-26,26,3
5633,-1642,7984,9,-37,35,3
5670,-1772,7879,0,-41,23,3
5672,-1804,7811,0,-36,3,3
5706,-1731,7777,5,-29,1,3
5709,-1749,7749,14,-22,-1,3
5682,-1770,7769,22,-12,-9,3
5649,-1713,7818,25,-6,-10,3
5650,-1656,7874,23,-4,-8,3
5643,-1606,7897,19,-6,-5,3
5658,-1586,7897,18,-9,-5,3
5661,-1592,7909,8,-11,-4,3
5676,-1624,7921,0,-15,-10,3
5644,-1643,7866,10,-14,-18,3
5649,-1628,7818,13,-11,-15,3
5680,-1595,7826,7,-6,-4,3
5687,-1612,7874,3,-3,4,3
5672,-1649,7871,9,0,11,3
5661,-1679,7895,12,0,12,3
5649,-1641,7929,6,-2,8,3
5669,-1618,7927,-1,-10,1,3
5687,-1625,7903,-13,-13,5,3
5685,-1735,7842,-11,-13,3,3
5661,-1760,7788,-2,-10,-13,3
5656,-1702,7749,0,-5,-17,3
5670,-1642,7792,3,6,-12,3
5682,-1598,7874,9,11,-7,3
5686,-1588,7921,11,11,-1,3
5682,-1595,7935,12,11,5,3
5640,-1717,7931,6,5,-11,3
5639,-1677,7895,0,-5,-35,3
5661,-1586,7873,0,-5,-32,3
5675,-1550,7869,4,0,-30,3
5674,-1502,7907,3,3,-23,3
5682,-1465,7993,0,6,-10,3
5678,-1460,8059,8,3,6,3
5673,-1479,8068,13,-5,21,3
5681,-1580,8016,7,-22,21,3
5681,-1619,7927,-3,-31,24,3
5703,-1705,7795,-5,-29,21,3
5703,-1789,7710,-10,-27,-3,3
5729,-1738,7646,-18,-26,-18,3
5759,-1685,7609,-4,-14,-17,3
5778,-1626,7576,11,-1,-11,3
5742,-1630,7599,15,9,-9,3
5707,-1638,7650,23,22,-15,3
5672,-1559,7759,30,30,-17,3
5686,-1482,7848,22,30,-7,3
5700,-1527,7923,15,28,-13,3
5642,-1531,7987,13,27,-28,3
5667,-1436,8101,12,28,-19,3
5698,-1400,8166,14,19,-1,3
5680,-1422,8156,15,4,17,3
5660,-1526,8118,15,-7,24,3
5656,-1558,8054,9,-19,29,3
5662,-1589,7984,4,-19,35,3
5687,-1632,7938,3,-16,34,3
5691,-1634,7911,-1,-17,40,3
5694,-1692,7907,1,-17,42,3
5705,-1788,7875,5,-20,34,3
5658,-1853,7838,11,-21,10,3
5646,-1824,7796,9,-22,-5,3
5644,-1741,7771,5,-23,-6,3
5685,-1667,7761,9,-14,-5,3
5709,-1643,7752,10,-5,-3,3
5689,-1625,7799,14,1,-7,3
5691,-1580,7842,20,4,1,3
5697,-1567,7836,30,8,4,3
5681,-1546,7834,24,8,3,3
5650,-1568,7861,4,7,1,3
5630,-1571,7893,-9,7,-6,3
5620,-1534,7956,-17,5,-2,3
5599,-1568,7995,-12,3,3,3
5595,-1592,7981,2,-2,13,3
5618,-1620,7945,13,-3,18,3
5618,-1620,7945,13,-3,18,3
5626,-1637,7958,14,-2,17,3
5627,-1619,7971,6,-3,26,3
5644,-1658,7937,3,-6,30,3
5651,-1751,7920,-1,-10,27,3
5614,-1817,7878,0,-11,5,3
5572,-1763,7850,3,-9,-14,3
5633,-1667,7856,3,-7,-18,3
5646,-1599,7903,4,9,1,3
5646,-1599,7903,4,9,1,3
5691,-1580,7903,2,7,9,3
5697,-1631,7855,7,4,5,3
5704,-1622,7800,-1,4,4,3
5698,-1660,7831,-11,7,9,3
5638,-1764,7896,-13,9,0,3
5604,-1739,7956,-11,5,-4,3
5638,-1684,7983,-5,4,-1,3
5662,-1684,7978,-3,0,1,3
5644,-1674,7993,-8,-3,2,3
5636,-1689,7939,-6,-6,9,3
5644,-1698,7868,1,-7,4,3
5645,-1617,7844,4,-5,-2,3
5663,-1569,7850,3,-3,0,3
5666,-1612,7829,7,-3,-10,3
5649,-1614,7786,12,-2,-16,3
5657,-1593,7773,5,2,-18,3
5674,-1581,7786,-3,6,-21,3
5715,-1521,7782,-8,6,-14,3
5724,-1505,7807,-5,11,-2,3
5707,-1552,7862,-2,14,10,3
5679,-1567,7927,0,18,23,3
5627,-1626,8031,14,6,19,3
5596,-1622,8039,5,1,13,3
5587,-1678,8056,0,-5,12,3
5601,-1701,8047,2,-15,2,3
5624,-1661,7965,6,-23,-4,3
5663,-1616,7887,9,-26,5,3
5703,-1632,7818,3,-22,17,3
5697,-1698,7764,2,-18,23,3
5652,-1755,7761,9,-9,22,3
5645,-1796,7799,15,-3,9,3
5610,-1720,7877,14,-2,-7,3
5620,-1665,7917,15,-5,-14,3
5634,-1664,7881,19,-6,-26,3
5642,-1616,7889,8,-8,-33,3
5654,-1553,7874,1,-7,-36,3
5650,-1500,7829,4,-6,-26,3
5709,-1485,7810,12,0,-12,3
5666,-1497,7795,23,10,0,3
5632,-1517,7860,21,15,16,3
5639,-1602,7945,17,13,24,3
5603,-1681,7992,14,9,18,3
5596,-1731,8010,5,0,-3,3
5610,-1701,7984,1,-5,-23,3
5673,-1622,7945,-3,-7,-25,3
5680,-1605,7922,-4,-5,-15,3
5646,-1620,7899,-1,-4,-1,3
5645,-1670,7933,4,-3,10,3
5674,-1664,7922,12,-6,21,3
5658,-1681,7878,21,-5,15,3
5627,-1719,7929,9,-1,-10,3
5637,-1642,8008,-7,-2,-30,3
5662,-1550,8035,-4,-5,-28,3
5678,-1555,8001,1,-10,-21,3
5695,-1575,7937,4,-14,-18,3
5676,-1562,7887,2,-11,-13,3
5646,-1569,7884,0,-9,-6,3
5643,-1582,7883,0,-9,2,3
5678,-1599,7840,-6,-13,12,3
5676,-1650,7804,-10,-10,3,3
5645,-1662,7826,-11,-4,-11,3
5627,-1635,7881,-8,0,-18,3
5614,-1613,7911,-4,-1,-18,3
5610,-1626,7896,-1,-10,-14,3
5626,-1631,7887,6,-9,-12,3
5616,-1593,7852,2,-10,-7,3
5654,-1574,7811,-2,-13,0,3
5664,-1539,7756,0,-11,1,3
5687,-1486,7690,1,-1,6,3
5718,-1464,7727,-3,10,9,3
5692,-1552,7848,-7,14,7,3
5672,-1665,7953,0,13,-10,3
5687,-1606,7968,13,12,-16,3
5722,-1532,7934,10,9,-17,3
5684,-1526,7956,0,7,-13,3
5663,-1562,7986,0,7,-4,3
5608,-1595,7983,0,3,4,3
5637,-1592,8010,5,-1,9,3
5667,-1559,8031,15,-4,6,3
5645,-1537,8051,19,-6,-1,3
5630,-1532,8083,18,-10,0,3
5649,-1552,8062,6,-22,12,3
5663,-1619,7960,-3,-35,18,3
5637,-1656,7835,-9,-38,17,3
5682,-1697,7741,-9,-32,21,3
5667,-1781,7753,-1,-24,13,3
5652,-1750,7771,6,-18,0,3
5661,-1671,7804,10,-10,-2,3
5652,-1628,7875,13,-5,-2,3
5654,-1569,7905,7,-3,-3,3
5640,-1567,7938,0,-4,-1,3
5640,-1567,7938,0,-4,-1,3
5640,-1607,7935,5,-6,-7,3
5637,-1559,7883,8,-6,-8,3
5651,-1532,7855,1,-7,-3,3
5673,-1549,7832,-7,-6,5,3
5676,-1613,7844,-9,-3,9,3
5670,-1625,7858,-8,1,5,3
5660,-1623,7891,-6,4,3,3
5654,-1605,7938,-3,5,5,3
5649,-1628,7947,-4,1,10,3
5636,-1686,7944,-1,0,2,3
5613,-1659,7932,0,-3,1,3
5648,-1691,7914,-4,-8,1,3
5649,-1679,7881,-4,-9,-2,3
5662,-1661,7925,-6,-2,-4,3
5633,-1695,7971,-2,-3,-9,3
5622,-1721,7953,1,-9,-19,3
5646,-1649,7939,2,-11,-23,3
5662,-1559,7868,4,-14,-19,3
5701,-1543,7842,3,-13,-8,3
5713,-1583,7832,-2,-6,-5,3
5705,-1586,7862,-4,1,-14,3
5680,-1541,7896,-3,2,-16,3
5666,-1502,7920,0,2,-10,3
5691,-1511,7932,1,-3,1,3
5686,-1534,7898,-4,-7,8,3
5675,-1619,7877,-9,-8,17,3
5695,-1679,7825,-5,-7,3,3
5689,-1631,7771,-7,-6,-6,3
5674,-1642,7812,-5,0,-5,3
5637,-1626,7904,-2,5,-9,3
5603,-1586,7966,-6,2,-6,3
5591,-1629,7996,-2,-2,2,3
5625,-1643,7981,3,-11,3,3
5693,-1593,7787,5,-19,0,3
5689,-1612,7707,20,-9,-15,3
5688,-1522,7642,16,-1,-18,3
5703,-1488,7686,1,5,-18,3
5710,-1520,7781,-6,10,-16,3
5706,-1522,7871,-2,15,-6,3
5707,-1570,7958,10,19,-3,3
5674,-1583,8011,18,17,-6,3
5672,-1574,8013,13,9,0,3
5666,-1571,8006,4,1,6,3
5662,-1600,7963,-4,-6,11,3
5643,-1631,7953,-12,-8,9,3
5649,-1630,7990,-11,-7,11,3
5664,-1594,8013,19,-17,0,3
5691,-1604,7932,13,-23,4,3
5668,-1616,7854,0,-22,3,3
5624,-1679,7818,-7,-22,7,3
5624,-1746,7805,-11,-20,3,3
5643,-1678,7805,-6,-18,0,3
5650,-1634,7840,7,-13,-4,3
5646,-1608,7883,24,-5,-22,3
5654,-1476,7920,17,-8,-26,3
5693,-1440,7905,4,-12,-11,3
5716,-1485,7861,-1,-11,2,3
5715,-1551,7808,-14,-13,14,3
5727,-1649,7789,-20,-10,15,3
5640,-1702,7866,-1,12,-3,3
5590,-1646,8023,-5,15,-12,3
5599,-1605,8091,-9,6,-11,3
5636,-1577,8049,-10,-5,-6,3
5633,-1577,8007,-9,-13,2,3
5656,-1602,7950,-6,-16,9,3
5678,-1619,7886,-7,-15,10,3
5707,-1630,7855,-8,-13,14,3
5701,-1696,7871,-17,-11,9,3
5657,-1753,7892,-19,-10,-11,3
5650,-1719,7862,-14,-15,-26,3
5689,-1636,7844,-12,-11,-22,3
5713,-1598,7861,-10,-6,-17,3
5710,-1629,7874,-7,-10,-17,3
5680,-1563,7852,1,-7,-11,3
5701,-1545,7818,1,-6,-4,3
5705,-1522,7811,-7,-5,-5,3
5692,-1477,7813,-13,-2,-2,3
5691,-1496,7817,-23,-1,1,3
5688,-1557,7812,-25,1,6,3
5655,-1625,7808,-19,3,10,3
5676,-1642,7799,-15,5,7,3
5709,-1647,7840,-17,4,2,3
5715,-1628,7814,-15,4,0,3
5715,-1655,7806,-9,8,-3,3
5687,-1659,7844,-11,10,-5,3
5681,-1665,7881,-26,7,-13,3
5656,-1655,7929,-51,-4,-26,3
5630,-1643,7887,-58,-16,-25,3
5682,-1643,7775,-17,-6,1,3
5731,-1727,7635,4,7,2,3
5723,-1708,7527,-23,11,-31,3
5758,-1650,7503,-34,30,-44,3
5828,-1781,7442,-38,47,-70,3
5802,-1871,7394,-62,51,-116,3
5765,-1871,7357,-63,65,-173,3
5852,-1619,7360,-36,82,-183,3
5796,-1517,7391,-40,105,-183,3
5858,-1722,7434,-51,149,-143,3
5859,-1686,7297,-58,165,-150,3
5833,-1727,7223,-64,185,-166,3
5833,-1727,7223,-64,185,-166,3
5735,-1996,7113,-46,232,-152,3
5737,-2332,6614,-77,290,-254,3
5812,-2408,6310,-200,379,-417,3
5936,-2267,5996,-254,546,-586,3
6129,-1887,5688,-66,781,-637,3
6216,-2390,5418,325,1049,-676,3
6183,-3170,5175,742,1295,-878,3
6118,-3991,4856,1061,1524,-1343,3
6083,-4711,4835,1172,1834,-2199,3
5842,-4624,5345,1156,2259,-3457,3
5457,-4268,5979,1292,2869,-4849,3
4920,-4191,6270,1814,3827,-6299,3
3002,-1753,7049,2419,5076,-7535,3
979,1729,9289,3037,6045,-7528,3
-281,4750,11526,3832,6475,-6530,3
-1708,6508,13410,4283,6326,-5211,3
-3723,6749,14800,4447,5883,-3978,3
-6634,6547,16333,4377,5485,-3091,3
-9794,9082,19813,4429,5257,-2277,3
-13519,14083,25248,4524,4581,-1057,3
-16702,16545,29140,4945,3086,385,3
-17031,15835,29570,5284,826,1864,3
-16179,13823,27208,5289,-1815,3275,3
-15382,13283,22947,5643,-4004,4593,3
-14891,13798,16947,6236,-5420,5876,3
-15577,14534,12194,5533,-6735,7365,3
-15249,14241,10336,4309,-8015,10507,3
-17528,15058,8297,5592,-8058,15410,3
-26307,14796,7193,7280,-7360,17453,3
31553,4155,8923,7158,-7009,17453,3
-30669,-7149,5955,6299,-5922,17453,3
-24027,-13607,-4978,5537,-3021,17453,3
-5091,31977,-11351,4118,926,17453,3
3020,26309,-6944,3639,3892,17453,3
-11816,-6939,-3448,-1379,-703,4226,3
-11816,-6939,-3448,-1379,-703,4226,3
-7750,-13848,-2474,872,629,4532,3
-7151,-16853,-1326,1517,879,2899,3
-7532,-16496,99,1220,866,1036,3
-6387,-16072,1668,713,1172,-781,3
-4338,-14057,2280,143,1431,-2410,3
-2111,-11569,2707,-908,1350,-3667,3
-357,-8605,2531,-1539,1255,-4446,3
1715,-6144,3348,-332,721,-5200,3
1715,-6144,3348,-332,721,-5200,3
2032,-6091,3154,115,606,-5223,3
2402,-6806,2923,332,544,-5361,3
3146,-8148,2576,221,583,-6027,3
3766,-8505,2156,-187,753,-7139,3
3770,-7592,2068,-870,1089,-8372,3
3617,-7063,2418,-2032,1542,-9677,3
3832,-7901,2785,-3705,2004,-11443,3
3809,-7853,2773,-5576,2582,-13535,3
1727,-6718,2261,-7395,3444,-15028,3
1885,-3029,2870,-8538,4793,-16481,3
-295,2039,3028,-9856,5250,-14864,3
-502,3425,2791,-9894,4968,-12356,3
1284,3793,2237,-7838,4700,-10263,3
2498,3544,2185,-5830,4823,-7664,3
3173,2944,3821,-4207,5482,-5388,3
3332,3639,6760,-2598,6116,-4033,3
3749,4588,9985,-1627,6311,-3316,3
3408,5691,12563,-1163,6104,-2825,3
2130,6196,14765,-777,5649,-2416,3
808,5534,16336,-546,4897,-1601,3
-106,4300,16782,-266,3899,-305,3
-548,2630,16243,104,2829,854,3
-409,1589,15626,239,1927,1501,3
83,1662,15660,67,1301,1784,3
751,2130,16093,-46,822,1855,3
1632,2209,16288,102,401,1787,3
2497,2084,15712,491,115,1595,3
3092,2334,14650,879,-23,1294,3
3386,2676,13544,835,-189,1088,3
3691,2470,12684,389,-462,843,3
3980,1836,11846,-134,-731,508,3
3964,1618,11147,-563,-881,245,3
4028,1747,10854,-796,-910,177,3
4012,1862,10776,-805,-918,276,3
4106,1950,10587,-682,-1006,514,3
4406,1868,10095,-582,-1163,814,3
4783,1563,9446,-616,-1312,1017,3
5196,1004,8834,-746,-1364,1031,3
5567,356,8378,-851,-1287,776,3
5701,82,8016,-941,-1130,348,3
5651,256,7834,-1082,-955,-78,3
5579,695,7825,-1157,-765,-418,3
5397,1259,7852,-1153,-614,-523,3
5427,1470,7869,-1161,-588,-409,3
5596,1297,7701,-1086,-608,-180,3
5673,1051,7452,-890,-575,46,3
5766,755,7277,-718,-506,202,3
5813,407,7259,-649,-458,284,3
5769,44,7297,-531,-379,266,3
5631,-43,7409,-362,-260,198,3
5615,-152,7579,-324,-186,150,3
5651,-503,7763,-380,-144,62,3
5637,-588,7927,-388,-92,-49,3
5585,-311,8072,-333,-50,-84,3
5609,-110,8205,-305,-64,-19,3
5609,-110,8205,-305,-64,-19,3
5670,15,8132,-282,-111,117,3
5721,-1,7892,-223,-138,264,3
5773,-203,7655,-161,-129,351,3
5748,-398,7546,-156,-120,377,3
5722,-591,7598,-147,-101,339,3
5686,-741,7679,-128,-87,245,3
5728,-768,7774,-124,-77,158,3
5795,-781,7884,-71,-40,78,3
5754,-615,7928,-6,8,-5,3
5735,-413,7927,-47,4,-36,3
5742,-311,7899,-108,-22,-26,3
5710,-316,7858,-108,-29,-4,3
5730,-441,7776,-94,-19,-6,3
5681,-539,7738,-101,-22,-48,3
5656,-687,7849,-115,-26,-102,3
5664,-802,8056,-80,-5,-170,3
5591,-656,8197,22,41,-214,3
5584,-470,8263,101,71,-212,3
5587,-260,8219,109,63,-162,3
5571,-144,8158,111,58,-76,3
5610,-75,8099,102,60,19,3
5624,-96,8108,50,47,105,3
5571,-325,8195,24,37,155,3
5546,-621,8297,46,35,131,3
5559,-882,8323,55,23,66,3
5522,-954,8269,43,20,-70,3
5455,-614,8260,0,15,-164,3
5502,-308,8334,-22,19,-181,3
5583,-134,8356,-1,28,-148,3
5627,-41,8236,17,17,-72,3
5646,-16,8098,25,4,14,3
5636,-105,8062,42,7,84,3
5622,-401,8093,78,26,88,3
5575,-634,8157,62,24,12,3
5535,-606,8267,17,6,-81,3
5523,-500,8360,37,10,-136,3
5548,-456,8330,33,-2,-190,3
5571,-252,8245,-35,-36,-230,3
5614,2,8171,-75,-64,-194,3
5661,158,8045,-61,-76,-100,3
5713,156,7920,-18,-64,3,3
5724,-104,7913,-2,-42,52,3
5651,-318,8029,-7,-15,13,3
5522,-334,8237,-6,1,-21,3
5500,-381,8327,2,-11,-55,3
5528,-320,8223,4,-30,-85,3
5581,-173,8045,-31,-58,-107,3
5620,-31,7927,-62,-72,-104,3
5684,41,7868,-52,-63,-66,3
5725,16,7834,-13,-43,-15,3
5735,-89,7847,9,-23,7,3
5688,-219,7915,28,-4,-7,3
5589,-244,8005,36,13,-55,3
5552,-138,8112,1,8,-79,3
5604,-82,8214,-18,1,-80,3
5624,-75,8280,-16,-9,-74,3
5642,-57,8251,-12,-21,-64,3
5633,39,8184,5,-30,-37,3
5661,117,8075,11,-41,20,3
5687,57,7927,25,-38,73,3
5711,-74,7867,44,-26,100,3
5729,-274,7869,59,-10,90,3
5663,-420,7919,64,7,44,3
5624,-453,8006,45,14,-29,3
5588,-257,8109,20,3,-84,3
5594,-35,8164,17,-4,-83,3
5676,82,8093,12,-22,-54,3
5721,135,7939,9,-29,-10,3
5733,96,7838,0,-25,29,3
5729,-65,7822,-27,-26,49,3
5748,-270,7891,-20,-2,31,3
5704,-323,8012,23,33,-2,3
5692,-451,8142,3,30,-61,3
5669,-399,8211,-57,1,-129,3
5612,-184,8226,-76,-11,-156,3
5596,-19,8231,-42,0,-128,3
5600,79,8284,18,14,-62,3
5626,111,8280,57,3,3,3
5651,108,8224,61,-17,69,3
5651,68,8168,64,-26,119,3
5689,-101,8069,69,-24,143,3
5666,-380,7988,61,-17,96,3
5540,-579,7946,25,-11,-5,3
5478,-381,8067,-23,-14,-80,3
5559,-99,8175,-38,-24,-76,3
5700,-62,8086,-9,-54,35,3
5679,-154,8039,11,-50,61,3
5685,-294,7944,34,-39,52,3
5652,-410,7867,26,-31,-7,3
5637,-305,7902,11,-18,-61,3
5685,-114,7983,6,-4,-71,3
5715,-37,7999,10,0,-50,3
5733,-71,7971,13,-2,-29,3
5728,-65,7910,18,0,-1,3
5715,-41,7832,24,5,30,3
5703,-89,7787,24,12,47,3
5669,-254,7849,10,23,24,3
5630,-342,8025,-15,30,-26,3
5599,-310,8154,-17,29,-71,3
5626,-225,8201,-12,29,-96,3
5680,-172,8207,-54,13,-128,3
5675,-89,8182,-107,-9,-141,3
5675,-89,8182,-107,-9,-141,3
5698,-43,8152,-85,-9,-105,3
5748,-9,8033,-9,5,-38,3
5842,-4,7835,26,9,30,3
5876,-254,7658,4,15,36,3
5868,-571,7529,-54,40,-61,3
5917,-562,7482,-90,100,-169,3
5965,-464,7367,-84,162,-246,3
6091,-730,7149,-62,219,-336,3
6140,-1119,6718,-27,317,-494,3
6278,-1162,6270,-42,456,-708,3
6799,-1551,5863,-70,624,-1053,3
7213,-2291,5515,-310,731,-1748,3
7282,-2745,5298,-705,937,-2761,3
7422,-2995,5215,-1061,1348,-3937,3
7988,-3270,5408,-1247,2005,-5340,3
7052,-2353,5915,-876,3258,-7140,3
4210,452,7721,340,4789,-8088,3
1774,4438,10441,1785,6155,-7402,3
-1143,8843,13987,3219,7247,-5524,3
-4270,12410,19527,4988,7839,-2893,3
-8698,15064,25686,6859,7880,-158,3
-13413,15686,30064,8345,7200,2246,3
-15801,13952,32116,8947,5515,4216,3
-16940,13363,32394,8853,3093,5885,3
-18558,12525,29823,7944,17,7307,3
-18980,9914,25736,5770,-3895,8779,3
-20516,13798,19943,4328,-7420,11533,3
-25840,23499,12598,4704,-9659,16551,3
-32674,25161,7072,6145,-10227,17453,3
30374,11063,7126,6878,-9132,17453,3
32561,-4210,1617,6948,-6611,17453,3
-23623,-16390,-7701,5996,-3612,17453,3
-4917,-31454,-10264,5220,-102,17453,3
-2633,29504,-7364,6039,3365,17453,3
-13613,-25453,-7120,3951,3178,12621,3
-14142,-18152,-4802,-224,992,3192,3
-14249,-12602,-1112,-2059,-460,637,3
-15048,-9566,-1321,-1877,-1316,1696,3
-14217,-8083,-717,-758,-828,3694,3
-11708,-12135,1149,662,283,4391,3
-8779,-17165,2567,1197,812,3575,3
-7021,-17630,3730,862,919,2223,3
-4935,-16454,4859,396,1026,462,3
-3241,-14232,5045,-17,973,-1193,3
-1573,-11694,5705,-376,769,-2500,3
-45,-9075,6798,-729,330,-3364,3
1024,-7513,6423,-844,-207,-3871,3
1509,-6850,5065,-684,-588,-4017,3
2072,-7234,4298,-825,-916,-3950,3
2394,-8329,2607,-932,-1017,-3970,3
2711,-12104,-428,-2469,-330,-7249,3
2711,-12104,-428,-2469,-330,-7249,3
2698,-12660,-938,-3101,-116,-9048,3
2510,-13901,-1969,-3718,412,-11352,3
-4393,-8498,-4300,-6033,4772,-16265,3
-4393,-8498,-4300,-6033,4772,-16265,3
-5322,-5678,-1658,-7851,6023,-15421,3
-5248,-3908,1994,-9466,7065,-14008,3
-5399,-2037,4689,-10516,7718,-12686,3
-5774,-5,5663,-10443,7874,-11536,3
-5069,2607,6477,-8973,7823,-10417,3
-4552,4006,8115,-6650,7767,-8951,3
-2865,4713,12241,-4687,7825,-6668,3
-1283,7143,18853,-2990,7815,-4447,3
-1415,9702,23796,-1341,7244,-2944,3
-3331,8971,24835,144,5763,-2095,3
-3647,3927,23401,894,3783,-937,3
-3283,549,21717,810,2295,153,3
-2432,-203,20497,167,1224,339,3
-1118,304,19350,-927,315,-369,3
-119,2092,17998,-2056,-445,-1366,3
332,3781,16310,-2562,-987,-1984,3
861,4503,14479,-2396,-1263,-1854,3
1777,4359,12747,-1637,-1184,-1232,3
2473,3797,11553,-781,-848,-618,3
2899,3179,11266,-190,-458,-263,3
3110,2956,11602,88,-243,0,3
3225,2590,11846,68,-266,115,3
3465,1826,11621,-123,-392,86,3
3615,1290,11158,-320,-563,-77,3
3484,1375,10686,-485,-748,-191,3
3415,1770,10161,-538,-908,-156,3
3573,2085,9563,-522,-1048,11,3
3927,1568,8851,-430,-1070,172,3
4158,975,8376,-272,-879,123,3
4109,1169,8417,-182,-630,0,3
4073,1437,8684,-120,-480,-36,3
4149,1324,8783,-67,-441,-23,3
4175,1210,8682,-43,-436,-26,3
4156,1312,8467,-26,-445,-14,3
4139,1379,8116,55,-456,72,3
4236,1279,7567,176,-440,172,3
4403,1629,7618,-175,-377,313,3
4558,1210,7737,-134,-312,385,3
4661,378,7722,7,-170,344,3
4515,-37,7818,44,-54,163,3
4407,3,8032,-32,-45,-14,3
4444,165,8365,-75,-63,-108,3
4476,514,8549,18,-46,-122,3
4476,514,8549,18,-46,-122,3
4465,990,8605,124,-28,-74,3
4419,1369,8699,172,-38,48,3
4428,1494,8834,233,-55,224,3
4441,1553,8785,352,-47,423,3
4498,1006,8542,338,-96,524,3
4543,231,8302,151,-153,390,3
4516,870,8917,7,-69,-121,3
4516,870,8917,7,-69,-121,3
4607,1278,9006,-39,-122,-88,3
4649,1582,8937,-34,-151,-10,3
4557,1923,8691,-13,-156,96,3
4522,1990,8516,-63,-165,234,3
4641,1717,8485,-136,-172,377,3
4817,946,8529,-135,-136,446,3
4994,-79,8523,-46,-22,267,3
4832,-17,8622,-17,86,-20,3
4680,600,8935,-129,97,-187,3
4628,919,9222,-148,84,-195,3
4587,1171,9240,-74,53,-84,3
4607,1249,9141,-63,-18,82,3
4711,924,9044,-109,-87,195,3
4739,614,8905,-131,-119,206,3
4739,588,8758,-147,-135,214,3
4781,501,8632,-149,-125,216,3
4856,185,8521,-111,-76,184,3
4777,-77,8529,-121,-47,73,3
4747,-77,8682,-178,-67,-39,3
4739,217,8773,-140,-67,-82,3
4790,587,8727,-39,-72,-60,3
4807,781,8553,24,-85,-12,3
4842,865,8454,37,-93,15,3
4897,903,8455,17,-99,37,3
4978,928,8431,0,-99,61,3
5047,696,8377,9,-84,68,3
5132,220,8285,21,-52,5,3
5123,89,8169,-8,-30,-103,3
5136,268,8140,-74,-17,-190,3
5174,452,8229,-110,8,-231,3
5153,594,8288,-74,23,-230,3
5054,897,8272,-7,34,-199,3
5025,1126,8336,20,61,-150,3
5055,1215,8487,24,96,-106,3
4999,1229,8643,12,118,-70,3
4964,1152,8755,-6,127,-33,3
4969,939,8824,-33,124,-19,3
4959,689,8863,-51,121,-28,3
4972,579,8986,-78,112,-53,3
5041,609,9125,-110,59,-78,3
5085,724,9067,-89,15,-86,3
4853,906,8978,-83,-29,10,3
4800,761,8982,-78,-45,72,3
4855,367,8943,-65,-44,75,3
4851,77,8928,-69,-33,-18,3
4756,308,9024,-92,-37,-96,3
4780,472,9052,-70,-58,-107,3
4836,436,8955,-31,-90,-87,3
4890,389,8764,-23,-131,-70,3
4899,439,8506,-21,-158,-79,3
4892,565,8321,-17,-158,-72,3
4863,623,8218,11,-130,-42,3
4842,543,8242,28,-90,-28,3
4800,492,8302,15,-60,-55,3
4753,493,8413,-11,-43,-109,3
4770,602,8443,-28,-38,-148,3
4820,699,8367,-54,-49,-173,3
4820,803,8309,-78,-68,-179,3
4828,926,8247,-88,-87,-151,3
4896,956,8114,-97,-102,-101,3
4923,845,7896,-86,-55,-40,3
4885,790,7957,-106,-22,-32,3
4771,652,8090,-98,21,-43,3
4702,593,8274,-122,38,-72,3
4696,606,8438,-124,46,-100,3
4686,736,8529,-67,63,-100,3
4677,883,8552,-38,61,-84,3
4697,964,8552,-37,46,-64,3
4684,999,8523,-29,41,-37,3
4673,958,8467,-38,26,0,3
4729,775,8420,-59,16,17,3
4795,616,8367,-80,20,-22,3
4755,634,8339,-97,29,-83,3
4704,681,8327,-85,43,-105,3
4677,689,8352,-45,64,-123,3
4636,834,8402,-28,70,-121,3
4585,990,8444,7,82,-107,3
4571,1154,8528,45,104,-70,3
4558,1243,8631,54,111,-26,3
4568,1067,8668,54,105,8,3
4563,750,8642,46,107,-9,3
4507,664,8651,-5,88,-66,3
4545,715,8681,-37,78,-120,3
4602,748,8662,-15,80,-155,3
4569,829,8631,-25,66,-160,3
4571,938,8691,-11,72,-137,3
4597,1076,8716,11,79,-94,3
4613,1125,8680,20,69,-38,3
4684,1005,8646,11,63,7,3
4713,772,8656,1,75,22,3
4665,551,8712,3,100,-7,3
4598,531,8822,-15,109,-60,3
4598,531,8822,-15,109,-60,3
4562,604,8977,-53,94,-96,3
4594,678,9068,-83,69,-109,3
4600,802,9077,-77,50,-94,3
4605,943,9016,-38,42,-45,3
4582,972,8887,3,44,11,3
4418,468,9168,-52,67,-33,3
4418,468,9168,-52,67,-33,3
4460,496,9275,-51,60,-60,3
4517,454,9273,-59,29,-97,3
4477,569,9233,-59,10,-119,3
4482,705,9192,-28,2,-99,3
4508,855,9079,20,-7,-55,3
4502,1013,8945,55,-20,7,3
4517,1000,8757,67,-26,80,3
4597,648,8630,26,-43,113,3
4594,251,8615,-52,-51,47,3
4495,277,8672,-55,-14,-55,3
4442,527,8775,-59,-5,-109,3
4460,585,8810,-92,-45,-120,3
4497,633,8776,-98,-75,-125,3
4497,816,8649,-60,-84,-101,3
4513,982,8546,-21,-86,-39,3
4545,1030,8421,1,-79,37,3
4550,1012,8330,19,-56,105,3
4580,877,8347,30,-30,159,3
4608,593,8341,16,-11,151,3
4555,389,8420,-27,3,76,3
4533,483,8537,-50,16,4,3
4576,634,8573,-71,1,-36,3
4628,750,8534,-66,-5,-53,3
4659,894,8464,-47,3,-31,3
4738,810,8382,-59,0,-1,3
4828,662,8314,-60,12,16,3
4865,475,8273,-52,46,1,3
4795,387,8366,-60,91,-63,3
4701,539,8567,-61,140,-124,3
4685,571,8764,-70,170,-175,3
4692,499,8899,-79,201,-253,3
4631,439,9055,-92,249,-388,3
4562,350,9238,-150,311,-541,3
4656,21,9431,-254,382,-753,3
4768,-640,9566,-406,480,-1160,3
4659,-1359,9647,-511,648,-1826,3
4089,-1539,9896,-508,976,-2665,3
3021,-685,10555,-350,1467,-3404,3
1431,791,11814,142,2048,-3869,3
-590,3524,14538,836,2512,-3872,3
-3245,8401,19437,1742,2653,-3291,3
-7462,13701,24749,2945,2486,-2155,3
-12273,16639,28773,4597,2102,-446,3
-14936,15628,31289,6573,1366,2099,3
-16364,13870,32673,8301,355,5262,3
-17471,11875,-32073,8876,-1569,9428,3
-18932,8092,-30781,9319,-4549,13936,3
-24756,9544,-30616,10198,-8115,17453,3
-32532,8696,28478,10569,-11795,17453,3
30411,-1502,17654,8880,-14576,17453,3
-31356,-10203,-1844,7003,-13811,17453,3
-24918,-18505,-17243,5950,-9182,17453,3
-15089,-27683,-18322,4811,-3847,17453,3
-8200,31139,-8110,4019,-216,17453,3
-12208,32529,-3721,3504,1046,16523,3
-15410,-25599,-4472,2335,-83,7237,3
-13552,-18458,-4549,977,-1351,1467,3
-13127,-12961,-3878,-502,-2366,-35,3
-13114,-10240,-3423,-1261,-2717,721,3
-10527,-10366,-2991,-662,-1788,2117,3
-6747,-12452,-2079,353,-370,2980,3
-1013,-14891,1514,-341,998,930,3
-266,-13928,2472,-559,958,-612,3
299,-11972,3232,-808,711,-1824,3
761,-9753,3580,-1082,321,-2600,3
1193,-8209,3401,-1653,-198,-2995,3
1403,-7735,2367,-1973,-559,-3073,3
1505,-7830,1351,-1759,-557,-2873,3
1613,-8251,367,-1246,-314,-2500,3
1646,-9338,-660,-528,107,-2249,3
1443,-10328,-1393,216,652,-2233,3
1013,-10588,-1435,583,1080,-2435,3
701,-11122,-1318,535,1262,-2946,3
51,-16773,-5472,-1006,1816,-10369,3
-1296,-17488,-7637,-1149,2899,-12419,3
-3295,-17393,-9135,-1862,4301,-14355,3
-5891,-16508,-8691,-3630,5825,-15849,3
-8514,-14466,-5675,-6503,7379,-16502,3
-10935,-11650,-1181,-9730,9259,-16321,3
-14141,-8724,3499,-11645,11024,-16111,3
-18243,-5352,8320,-11472,11608,-15562,3
-18853,-2092,12289,-10188,10750,-14225,3
-15696,563,16379,-8961,9746,-12627,3
-13142,2388,20544,-8527,9271,-11032,3
-10507,6035,28059,-7666,8538,-9122,3
-8509,9792,-30196,-5673,7072,-7208,3
-8230,9514,-31662,-2064,4297,-4711,3
-6605,5763,25580,1064,1168,-979,3
-5106,3505,18136,1888,-275,2291,3
-3611,2365,14892,1262,-363,3830,3
-3611,2365,14892,1262,-363,3830,3
1126,-1328,16539,-1703,-206,-452,3
1126,-1328,16539,-1703,-206,-452,3
1441,-422,15306,-1402,-659,-857,3
2205,-29,14024,-685,-827,-699,3
2741,408,12945,-166,-905,-320,3
3051,885,12079,132,-930,58,3
3389,775,11381,386,-863,357,3
3700,445,10850,612,-713,528,3
3888,38,10435,767,-519,485,3
3836,111,10350,662,-374,369,3
3744,57,10400,392,-365,256,3
3685,-101,10357,210,-438,110,3
3597,-59,10143,165,-503,5,3
3490,246,9859,258,-510,-59,3
3389,705,9624,307,-536,-31,3
3399,1004,9396,255,-613,53,3
3487,949,9154,177,-670,132,3
3687,481,9002,150,-637,128,3
3780,351,8933,231,-494,59,3
3785,518,8961,271,-386,29,3
3864,566,8939,215,-376,31,3
3942,545,8752,110,-408,5,3
3907,559,8601,-43,-448,-64,3
3920,820,8516,-217,-485,-100,3
4000,963,8354,-258,-507,-102,3
4021,1011,8134,-184,-500,-49,3
4197,791,8075,-129,-465,56,3
4391,357,8091,-33,-383,88,3
4450,161,8123,132,-246,51,3
4410,249,8152,243,-123,-5,3
4296,663,8201,209,-78,-14,3
4276,960,8293,162,-37,18,3
4246,1011,8340,149,-2,69,3
4198,896,8413,92,-11,86,3
4095,1051,8566,18,-39,134,3
4043,1040,8652,-5,-77,245,3
4268,414,8724,2,-97,308,3
4381,126,8761,31,-56,214,3
4324,174,8816,57,0,89,3
4266,235,8882,67,37,1,3
4201,416,8995,71,69,-41,3
4173,673,9095,53,77,-35,3
4195,760,9075,48,58,9,3
4122,665,9000,58,30,189,3
4112,511,9071,47,32,204,3
4120,306,9136,15,24,182,3
4110,143,9207,-54,1,108,3
4069,181,9268,-157,-38,30,3
4023,401,9352,-219,-70,-10,3
4064,572,9380,-190,-79,17,3
4142,523,9337,-65,-60,77,3
4175,426,9178,56,-41,119,3
4161,533,9067,81,-53,127,3
4102,758,9006,55,-82,172,3
4169,501,8925,4,-132,230,3
4286,168,8888,-84,-191,207,3
4296,112,8777,-118,-206,141,3
4295,123,8705,-101,-168,75,3
4330,250,8728,-93,-121,9,3
4353,420,8785,-74,-86,-28,3
4357,476,8831,-50,-75,-43,3
4395,545,8675,103,-30,94,3
4428,330,8643,99,-11,88,3
4330,319,8707,15,-23,21,3
4291,420,8813,-55,-48,-18,3
4283,451,8850,-25,-36,-27,3
4276,508,8837,18,-11,-27,3
4279,614,8892,22,-9,-14,3
4270,772,8933,15,-19,17,3
4245,788,8922,33,-26,79,3
4253,656,8860,63,-25,149,3
4320,409,8783,33,-37,164,3
4334,239,8838,-39,-66,124,3
4369,94,8863,-19,-46,70,3
4300,61,8816,41,4,-20,3
4234,269,8848,8,2,-66,3
4297,343,8852,-41,-26,-88,3
4284,486,8809,-49,-34,-88,3
4255,639,8781,-53,-30,-56,3
4261,610,8824,64,10,102,3
4236,484,8777,119,34,141,3
4253,278,8747,93,35,125,3
4253,123,8781,-14,-4,61,3
4247,37,8831,-79,-29,-11,3
4245,175,8886,-74,-20,-59,3
4218,363,8923,-57,-13,-86,3
4170,484,8939,-46,-11,-94,3
4140,682,8967,-19,-4,-69,3
4116,790,8964,18,0,-9,3
4186,662,8885,49,2,50,3
4273,334,8807,29,-1,53,3
4304,156,8776,-15,-3,-3,3
4298,281,8790,-29,3,-54,3
4280,444,8711,-56,-15,-79,3
4252,532,8651,-76,-24,-64,3
4331,444,8697,-75,-11,-31,3
4331,444,8697,-75,-11,-31,3
4361,320,8740,-47,8,-36,3
4283,349,8724,-18,30,-60,3
4207,525,8779,-10,46,-43,3
4217,597,8913,14,58,7,3
4248,393,8964,31,54,32,3
4221,155,8940,6,45,-5,3
4234,3,8954,-11,40,-55,3
4283,-20,8889,-37,26,-127,3
4318,171,8794,-76,-1,-186,3
4404,325,8724,-79,-5,-183,3
4545,192,8633,-22,36,-162,3
4570,-27,8515,11,88,-211,3
4484,124,8533,-15,141,-295,3
4405,379,8620,-38,206,-319,3
4429,300,8660,-9,289,-343,3
4355,142,8681,5,387,-431,3
4309,80,8778,-22,516,-572,3
4228,104,8956,-60,673,-751,3
4133,96,9290,-97,821,-989,3
4082,334,9717,-68,968,-1198,3
3863,901,10174,23,1091,-1302,3
3628,1236,10515,83,1119,-1320,3
3408,1267,10823,235,1192,-1320,3
2839,1580,11206,509,1422,-1302,3
1873,2037,12014,694,1732,-1287,3
299,2669,13605,754,2043,-1274,3
-1526,3361,15997,926,2376,-1099,3
-3549,4039,18769,1201,2614,-739,3
-6324,4289,21819,1415,2473,-312,3
-9475,3906,25496,1563,1937,294,3
-12440,2466,30622,1885,847,1143,3
-14840,488,-30326,2755,-1114,2206,3
-16843,-1626,-27954,3583,-3905,3019,3
-18622,-2861,-26559,3417,-7231,3194,3
-20596,-1936,-26697,2660,-10986,2861,3
-22746,335,-31444,2055,-14787,2240,3
-24884,1254,25914,1301,-17453,1802,3
-27918,829,17275,567,-17453,1813,3
-30470,1385,7715,284,-17453,2068,3
32397,4222,-4790,644,-17453,2508,3
32627,5728,-22035,1429,-17453,3551,3
-28829,7294,26309,3065,-17453,6353,3
-16805,2468,26309,3853,-12727,10750,3
-6596,-11561,26619,2341,-5030,14065,3
-6235,-18951,26325,3936,213,13902,3
8305,4173,10575,461,-194,-3152,3
9355,3876,7829,1632,-217,-2039,3
8973,3113,3355,2274,-545,-569,3
7777,877,49,2371,-600,594,3
6556,-2224,-1626,1879,-526,1164,3
6480,-4568,-3221,995,-393,1244,3
7210,-5439,-4857,82,-90,878,3
7115,-5355,-6245,156,1209,525,3
7115,-5355,-6245,156,1209,525,3
5478,-4595,-7565,-198,2411,-1152,3
5478,-4595,-7565,-198,2411,-1152,3
5134,-4205,-7684,-44,2629,-1227,3
4843,-3811,-7668,323,2881,-1235,3
4611,-3773,-7476,694,3136,-1265,3
4489,-4221,-7381,931,3424,-1511,3
4166,-4728,-7686,1000,3802,-2012,3
4011,-5423,-8300,947,4423,-2670,3
3618,-5676,-8649,703,5315,-3297,3
2934,-6188,-7963,-236,6074,-4094,3
1871,-6505,-7055,-1382,6827,-4897,3
984,-5846,-5553,-2512,7360,-5338,3
600,-4716,-3942,-3157,7824,-5371,3
735,-3717,-2497,-3030,8366,-5194,3
556,-2637,-726,-2135,9034,-5174,3
-31,-1474,1626,-1174,9742,-5179,3
-1130,20,4183,-515,10354,-5084,3
-2772,1273,7360,-288,10880,-4788,3
-5032,1569,11765,-346,11136,-4317,3
-6452,741,17627,-609,10739,-3534,3
-6616,-1022,23621,-798,9403,-2118,3
-5400,-1948,27464,15,7314,-736,3
-3808,-1717,27404,1467,5124,-9,3
-2979,-475,24519,2123,3282,250,3
-2667,854,21060,1613,1864,69,3
-2170,1488,18564,390,784,-433,3
-1401,2268,16971,-850,8,-811,3
-671,3171,15717,-1278,-434,-852,3
130,3466,14747,-1069,-578,-572,3
992,3355,13946,-632,-555,-154,3
1667,2977,13146,-250,-542,233,3
1983,2345,12392,-39,-598,499,3
2170,1805,11702,21,-638,626,3
2170,1805,11702,21,-638,626,3
2382,1623,11109,53,-576,603,3
2589,1516,10710,172,-424,494,3
2662,1650,10388,237,-270,374,3
2959,1623,10309,7,-229,168,3
3337,1369,10467,-204,-202,-116,3
3355,1844,10668,-154,-107,-223,3
3383,2302,10761,-6,-70,-80,3
3541,2207,10615,112,-111,160,3
3614,1602,10266,217,-149,342,3
3644,598,9883,240,-160,303,3
3405,237,9620,71,-206,123,3
3193,499,9502,-111,-228,0,3
3193,884,9452,-131,-152,-2,3
3343,1066,9543,-108,-90,103,3
3451,990,9695,-59,-101,237,3
3492,791,9798,2,-151,377,3
3544,668,9688,134,-184,486,3
3506,712,9416,282,-205,523,3
3543,715,9141,292,-238,531,3
3626,602,8535,1,-167,8,3
3626,602,8535,1,-167,8,3
3610,899,8682,7,-128,-20,3
3719,1069,8701,75,-103,29,3
3835,1009,8639,155,-70,71,3
3839,952,8571,176,-50,71,3
3778,854,8577,118,-38,33,3
3738,714,8662,34,-17,-47,3
3641,718,8775,-54,-4,-143,3
3480,792,9024,-135,-15,-213,3
3380,757,9337,-112,-17,-220,3
3435,882,9530,20,-4,-175,3
3510,1233,9530,162,8,-104,3
3591,1513,9477,231,2,-12,3
3630,1620,9401,283,-7,102,3
3665,1563,9223,354,2,231,3
3723,1065,9069,279,-12,276,3
3797,451,9100,43,-51,141,3
3700,262,9180,-61,-23,-59,3
3519,514,9367,-45,13,-135,3
3505,669,9559,-43,-12,-115,3
3553,797,9577,-42,-69,-100,3
3632,1058,9464,15,-91,-68,3
3647,1321,9289,99,-82,5,3
3719,1386,9158,155,-62,119,3
3822,1110,9021,184,-48,214,3
3884,634,8882,111,-64,196,3
3907,339,8875,-44,-96,55,3
3865,429,8961,-69,-59,-83,3
3737,790,9031,11,-6,-132,3
3757,986,9113,-6,-20,-124,3
3780,1113,9186,-35,-43,-108,3
3753,1241,9249,0,-42,-83,3
3733,1395,9225,65,-43,-19,3
3711,1410,9089,114,-51,77,3
3695,1198,8936,126,-58,145,3
3743,853,8862,109,-60,159,3
3782,623,8854,113,-41,101,3
3759,744,8857,92,-34,46,3
3775,811,8867,77,-30,-4,3
3805,793,8869,39,-38,-85,3
3796,1030,8945,1,-37,-126,3
3812,1308,9070,36,-13,-103,3
3770,1400,9122,85,-7,-53,3
3775,1334,9077,115,-19,-29,3
3703,1362,8980,118,-33,-7,3
3693,1516,8931,105,-31,39,3
3756,1561,8905,82,-24,113,3
3833,955,8925,41,-27,105,3
3809,572,8949,-6,-26,-52,3
3685,1000,8992,-50,-34,-127,3
3731,1374,9045,-50,-43,-88,3
3788,1503,9079,-11,-30,-19,3
3749,1434,9063,7,-26,45,3
3724,1029,9022,11,-26,78,3
3650,787,8994,14,-19,26,3
3636,1010,9003,13,-17,-18,3
3664,1302,8996,10,-28,-3,3
3760,1280,8901,12,-38,31,3
3797,975,8821,1,-33,17,3
3827,736,8880,-74,-50,-59,3
3797,895,9012,-126,-61,-114,3
3761,1181,9073,-61,-39,-102,3
3817,1218,9018,41,-12,-58,3
3849,1116,8906,60,-8,-55,3
3867,1075,8850,7,-13,-64,3
3823,1066,8862,5,13,-50,3
3812,1003,8930,12,36,-36,3
3780,981,9061,-1,34,-35,3
3696,973,9144,17,35,-58,3
3703,1021,9208,0,26,-88,3
3669,1192,9223,-28,3,-113,3
3652,1422,9162,-36,-9,-100,3
3721,1462,9083,-36,-12,-52,3
3793,1292,9045,-2,-2,-5,3
3840,1102,8972,46,20,17,3
3888,884,8826,64,41,-4,3
3932,703,8727,47,59,-72,3
3927,679,8703,17,77,-168,3
3887,918,8693,39,128,-242,3
3863,1047,8682,37,156,-286,3
3899,914,8736,-79,144,-372,3
3979,818,8798,-83,210,-515,3
3911,797,8803,-8,308,-686,3
3911,797,8803,-8,308,-686,3
3830,738,8792,-30,368,-881,3
3748,682,8808,-140,412,-1138,3
3776,541,8992,-278,477,-1456,3
3651,409,9197,-452,532,-1822,3
3481,228,9395,-606,583,-2199,3
2989,480,9669,-640,641,-2575,3
-4357,10468,17892,3697,1493,-398,3
-4357,10468,17892,3697,1493,-398,3
-6414,11249,21267,5293,1687,1111,3
-8317,11232,22858,7495,1776,3236,3
-8384,10281,22472,9125,1315,5935,3
-8611,11512,23178,9501,454,8903,3
-11618,16817,24013,10089,-606,12846,3
-18075,22597,23747,10519,-2391,17453,3
-22998,17674,21535,10296,-4725,17453,3
-20630,5530,20072,8771,-6780,17453,3
-16653,-2612,12956,5831,-7947,17453,3
-11722,-7981,909,4217,-6803,17453,3
-6025,-14510,-5577,4472,-3411,17453,3
280,-21037,-4387,4491,49,17453,3
458,-24407,-973,4129,2223,17064,3
-2996,-22834,488,3126,2438,11035,3
-5934,-19191,1373,1320,1341,5420,3
-6993,-16593,1525,-335,320,1872,3
-6990,-15532,660,-1246,-288,280,3
-6951,-13107,365,-1224,-298,7,3
-5978,-10507,662,-536,230,431,3
-4336,-10462,690,-110,642,713,3
-2863,-11812,624,-190,797,609,3
-1795,-11923,1274,-229,947,22,3
-792,-10897,2479,-254,1031,-873,3
262,-10283,3202,-512,994,-1818,3
776,-9644,3680,-805,904,-2573,3
1582,-8924,4097,-1243,706,-3030,3
3554,-6347,3329,-429,794,-4425,3
4097,-7583,3186,-1314,1398,-7773,3
4097,-7583,3186,-1314,1398,-7773,3
3419,-6447,3020,-1421,1721,-8337,3
2795,-5078,2916,-1577,2126,-8466,3
2719,-4338,3025,-2046,2490,-8340,3
3123,-5051,3095,-2991,2684,-8427,3
3448,-6761,2874,-4367,2727,-9091,3
3185,-8485,2818,-5954,2757,-10358,3
1069,-8712,3300,-6955,3101,-11889,3
-1746,-7248,4166,-7134,3893,-13011,3
-4538,-3602,5352,-6865,4774,-13213,3
-5898,1017,7288,-6406,5464,-12343,3
-4787,3089,9539,-5810,5924,-11075,3
-3359,4194,11672,-5391,6068,-9944,3
-2498,5496,13913,-5344,5813,-8974,3
-1787,7133,16012,-5107,5238,-8273,3
-1891,8032,17692,-4324,4451,-7656,3
-2988,7506,18349,-3115,3640,-6744,3
-3841,6353,17873,-1633,2822,-5219,3
-3682,5426,16625,-297,2223,-3137,3
-3349,5504,15549,485,1792,-887,3
-2633,5607,15166,817,1525,822,3
-1905,4822,14966,812,1312,1638,3
-1033,2885,14563,385,915,1488,3
-308,1325,14134,-306,434,793,3
-45,1163,13834,-938,24,197,3
86,1843,13591,-1159,-247,-168,3
189,2638,13002,-960,-389,-361,3
146,2978,12359,-924,-577,-446,3
368,3196,11992,-1117,-767,-295,3
1007,2924,11773,-1087,-777,-45,3
1421,2425,11670,-746,-619,191,3
1563,2213,11662,-323,-429,469,3
1759,1874,11536,37,-302,734,3
1919,1533,11294,250,-263,851,3
1910,1466,10933,291,-303,893,3
1940,1261,10519,192,-384,855,3
2072,1022,10076,55,-453,658,3
2185,832,9786,-77,-495,380,3
2187,881,9583,-96,-459,231,3
2184,1169,9555,-46,-386,233,3
2287,1241,9618,-6,-348,300,3
2438,1024,9654,34,-338,372,3
2476,964,9628,126,-310,412,3
2405,1203,9529,186,-310,455,3
2341,1394,9354,182,-355,533,3
2304,1533,9213,168,-379,665,3
2443,1399,9071,201,-356,814,3
2840,526,8912,266,-305,726,3
2924,-61,8684,259,-272,373,3
2728,268,8613,105,-270,54,3
2539,1061,8792,-26,-237,-35,3
2579,1545,9105,-1,-165,42,3
2660,1689,9289,89,-119,177,3
2654,1710,9250,135,-137,318,3
2694,1497,9179,117,-174,440,3
2858,1091,9143,155,-137,457,3
2925,911,9125,256,-50,386,3
3006,672,9143,275,5,236,3
3006,672,9143,275,5,236,3
2915,597,9238,203,18,29,3
2797,821,9410,102,9,-108,3
2722,1167,9591,22,-14,-167,3
2638,1362,9660,-3,-62,-123,3
2739,1374,9599,27,-103,-19,3
2819,1394,9375,88,-112,61,3
2822,1454,9155,91,-112,125,3
2852,1267,9035,43,-124,138,3
2855,1073,9051,-35,-137,78,3
2833,1213,9137,-60,-102,64,3
2840,1216,9270,-17,-47,61,3
2837,990,9402,-12,-38,2,3
2856,1003,9454,-53,-71,-63,3
2838,1266,9414,-68,-90,-91,3
2808,1520,9368,-55,-86,-65,3
2842,1680,9391,-29,-73,13,3
2885,1665,9404,1,-74,97,3
2886,1480,9342,86,-61,144,3
2883,1206,9256,158,-28,141,3
2940,865,9245,150,-15,22,3
2887,964,9349,66,-42,-93,3
2876,1340,9480,47,-44,-117,3
2909,1573,9554,85,-34,-94,3
2971,1575,9501,95,-58,-68,3
3020,1561,9347,92,-82,-30,3
3050,1612,9164,86,-90,20,3
3045,1613,9039,87,-82,59,3
3071,1687,9034,73,-78,100,3
2997,1740,9046,59,-74,160,3
3049,1336,9063,62,-41,171,3
3068,829,9154,67,2,23,3
2941,1121,9344,21,3,-111,3
2899,1746,9475,-27,-24,-121,3
2892,1895,9427,-32,-50,-82,3
2980,1613,9301,-27,-61,-45,3
3052,1340,9117,-28,-60,-62,3
2997,1467,9056,-31,-42,-60,3
2961,1749,9154,-1,-7,-2,3
2960,1915,9240,42,16,100,3
3008,1571,9237,69,28,164,3
2948,1055,9247,84,33,104,3
2919,1073,9280,102,32,36,3
2925,1376,9288,101,11,26,3
2948,1520,9241,99,-12,39,3
3017,1286,9098,84,-26,26,3
3014,1177,9055,44,-20,-28,3
2967,1364,9100,35,-1,-48,3
3001,1511,9177,22,-2,-50,3
2989,1613,9183,16,-7,-27,3
2982,1641,9146,48,5,1,3
2971,1599,9115,54,14,20,3
2976,1467,9112,29,24,8,3
2918,1459,9146,-11,26,-13,3
2889,1545,9264,-59,15,-17,3
2859,1614,9374,-46,25,-12,3
2846,1510,9463,-9,34,-6,3
2846,1438,9544,5,35,-14,3
2826,1570,9586,12,23,-7,3
2828,1635,9537,21,1,17,3
2868,1541,9441,-7,-37,25,3
2888,1517,9371,-31,-53,47,3
2905,1418,9374,-15,-37,64,3
2959,1337,9387,20,-20,70,3
2988,1343,9356,52,-15,62,3
2966,1379,9293,54,-18,44,3
3009,1298,9276,-4,-44,2,3
3006,1375,9258,-43,-56,-34,3
3043,1473,9219,-2,-34,-45,3
3019,1526,9132,35,-14,-34,3
3014,1453,9131,46,0,-34,3
2991,1525,9186,33,6,-30,3
2935,1709,9270,23,9,-1,3
2912,1683,9313,37,17,39,3
2931,1254,9322,34,14,13,3
2882,1149,9366,-7,-12,-60,3
2874,1494,9421,-31,-39,-82,3
2915,1719,9329,-23,-52,-56,3
2961,1693,9234,-9,-48,1,3
3058,1400,9160,0,-26,19,3
3056,1302,9215,-28,-20,-6,3
3040,1546,9320,-37,-17,10,3
3011,1759,9346,18,-3,59,3
3004,1703,9282,46,-1,115,3
3022,1218,9213,19,-8,94,3
2962,1035,9223,-35,-18,14,3
2880,1285,9305,-50,-16,-17,3
2864,1476,9380,-35,-15,-25,3
2906,1484,9462,-52,-27,-34,3
2891,1488,9474,-56,-37,-47,3
2858,1570,9423,-20,-41,-42,3
2949,1626,9352,22,-36,-10,3
3011,1620,9220,47,-28,21,3
3044,1508,9152,23,-29,29,3
3059,1389,9160,-13,-29,24,3
3034,1290,9227,-5,-1,6,3
2974,1295,9319,-6,3,-13,3
2943,1333,9395,-4,-3,-22,3
2925,1347,9379,18,-6,-28,3
2918,1369,9349,-5,-31,-45,3
2938,1528,9325,-28,-49,-35,3
2973,1681,9280,6,-40,3,3
2991,1590,9173,23,-39,35,3
3070,1406,9073,19,-37,38,3
3092,1294,9006,22,-19,12,3
3092,1294,9006,22,-19,12,3
3082,1276,8990,-15,-14,-33,3
3081,1377,9101,-70,-12,-69,3
3075,1454,9216,-76,6,-84,3
3032,1496,9302,-95,-3,-95,3
3061,1562,9380,-104,-18,-75,3
3029,1547,9349,-29,-1,-48,3
2960,1563,9282,23,17,-29,3
2942,1563,9293,4,18,-25,3
2938,1412,9413,-33,18,-49,3
2934,1210,9507,-65,14,-121,3
3001,896,9565,-106,12,-228,3
3053,314,9561,-122,44,-477,3
2965,3,9573,-209,76,-870,3
1073,2870,9306,635,875,-2694,3
1073,2870,9306,635,875,-2694,3
185,5700,10752,2185,1442,-2030,3
-1245,9793,15222,4208,2175,-847,3
-3626,15488,20882,5892,2718,403,3
-5749,16418,22923,7540,2372,1640,3
-7168,13753,21136,9371,1506,3897,3
-7492,13489,20308,10538,1254,7221,3
-9686,17878,22327,10952,974,10700,3
-14565,23517,23655,11277,-162,15366,3
-19118,19767,22999,10984,-2037,17453,3
-19722,9518,20778,9378,-4073,17453,3
-15799,1818,14171,6831,-5316,17453,3
-10465,-2309,3149,4226,-4750,17453,3
-5792,-7075,-4987,2623,-2240,17453,3
181,-12225,-5237,1889,759,17453,3
4744,-17229,-1128,1483,2461,17453,3
3870,-18899,1180,1468,2402,14059,3
1380,-14650,1960,1251,1213,8657,3
-3274,-12446,3599,-150,1917,1662,3
-3469,-12101,4758,-421,879,-1311,3
-3469,-12101,4758,-421,879,-1311,3
-2897,-12489,4503,-405,737,-2066,3
-2219,-12795,4364,-512,547,-3095,3
-1735,-12863,4222,-673,322,-4338,3
-1467,-12857,4172,-849,136,-5663,3
-1075,-12793,3925,-1165,-69,-6995,3
-756,-12293,3462,-1511,-294,-8197,3
-240,-12077,2734,-1782,-453,-9429,3
-27,-11718,1721,-2065,-465,-10778,3
-304,-10969,670,-2294,-192,-12069,3
-714,-10409,-184,-2336,517,-13278,3
-1134,-9797,-568,-2476,1597,-14368,3
-2437,-7987,74,-3393,2551,-15154,3
-4443,-5213,1810,-5057,3204,-15457,3
-6049,-2162,4297,-7012,3696,-15348,3
-7597,1041,6480,-8046,4316,-14810,3
-8001,3547,7943,-7687,4850,-13886,3
-7016,5450,8973,-6904,5098,-12446,3
-5844,7009,10029,-6182,5342,-10512,3
-4686,8490,11511,-5394,5580,-8647,3
-3100,9784,14601,-4669,5580,-7349,3
-2215,11861,18372,-4098,5230,-6424,3
-3071,12449,21069,-3422,4226,-5658,3
-4411,7992,18411,-1106,1323,-2497,3
-3313,6884,15699,-180,604,-223,3
-2408,5824,14071,162,444,1292,3
-1410,3962,13476,186,533,1624,3
-737,2742,13488,210,761,1117,3
-659,3250,13690,233,973,459,3
-757,4553,13963,-52,860,77,3
-305,4905,14031,-469,461,-149,3
332,4607,13582,-683,58,-354,3
701,4528,12915,-829,-239,-414,3
1005,4580,12367,-942,-426,-283,3
1331,4248,11898,-948,-517,-111,3
1674,3532,11582,-877,-532,-34,3
1826,3058,11274,-721,-477,27,3
1910,2810,11057,-636,-455,104,3
2015,2475,10911,-631,-483,151,3
2132,1884,10710,-538,-471,136,3
2124,1580,10419,-343,-421,73,3
2059,1629,10112,-223,-406,37,3
2078,1963,9869,-185,-421,92,3
2190,2075,9628,-170,-435,173,3
2382,1727,9482,-211,-446,148,3
2424,1456,9496,-359,-490,52,3
2366,1610,9536,-387,-490,7,3
2318,1856,9459,-309,-462,49,3
2425,1778,9359,-305,-484,72,3
2560,1514,9244,-348,-515,31,3
2577,1364,9111,-294,-484,-18,3
2616,1385,9035,-213,-444,-61,3
2627,1617,8960,-161,-425,-62,3
2670,1780,8801,-82,-398,-29,3
2723,1854,8646,3,-360,17,3
2814,1844,8537,67,-308,49,3
2858,1933,8449,96,-249,58,3
2858,1933,8449,96,-249,58,3
2849,2041,8372,74,-210,71,3
2875,2074,8393,2,-188,77,3
2883,2179,8444,-51,-155,114,3
2906,2194,8578,-77,-102,178,3
2947,1795,8857,-74,-45,190,3
2903,1523,9111,-6,9,151,3
2828,1557,9217,45,19,146,3
2820,1559,9237,54,3,121,3
2825,1425,9253,11,-24,65,3
2780,1508,9308,-50,-49,32,3
2743,1732,9293,-43,-51,52,3
2785,1507,9232,-3,-42,62,3
2836,1191,9221,-13,-38,-28,3
2786,1400,9277,-47,-48,-105,3
2802,1801,9326,-52,-60,-101,3
2885,2098,9318,0,-49,-20,3
2912,2225,9185,44,-34,87,3
2916,2063,8994,14,-42,183,3
2938,1546,8941,-19,-35,193,3
2905,1246,9033,-3,12,124,3
2808,1466,9191,27,46,82,3
2845,1535,9298,24,39,69,3
2944,1236,9392,6,28,-18,3
2879,1303,9513,-59,-1,-129,3
2797,1697,9615,-128,-46,-170,3
2780,1944,9623,-103,-75,-132,3
2836,1989,9563,-26,-74,-46,3
2897,2041,9426,61,-47,39,3
2895,2097,9268,117,-30,115,3
2947,1944,9152,113,-21,167,3
2979,1704,9129,96,2,170,3
2918,1552,9183,56,21,122,3
2853,1258,9337,22,28,38,3
2863,1094,9531,-33,-6,-93,3
2801,1435,9646,-71,-53,-166,3
2822,1908,9604,-30,-76,-148,3
2845,2165,9481,23,-87,-62,3
2870,2141,9314,43,-95,25,3
2894,2085,9147,47,-90,108,3
2953,2163,9073,79,-68,214,3
3035,2254,8968,125,-41,327,3
3055,2233,8899,139,-14,414,3
3147,1729,8897,141,30,449,3
3146,950,8936,148,84,300,3
2904,881,9338,-165,-5,-99,3
2855,1249,9523,-190,-23,-238,3
2717,1766,9585,-138,-37,-273,3
2730,2055,9562,-121,-78,-195,3
2818,2031,9494,-77,-89,-75,3
2861,2017,9409,33,-55,29,3
2889,1831,9282,127,-26,97,3
2948,1488,9177,146,-17,78,3
2935,1494,9124,78,-43,18,3
2923,1757,9118,23,-63,-1,3
2934,1780,9058,22,-60,5,3
2995,1393,8985,18,-48,-36,3
2991,1391,8953,-7,-46,-86,3
2967,1692,9015,-29,-42,-101,3
2935,2018,9082,-5,-17,-71,3
2885,2162,9132,24,4,-3,3
2839,2072,9252,21,12,67,3
2850,1929,9384,19,15,131,3
2904,1652,9403,52,22,145,3
2924,1391,9343,44,5,83,3
2919,1379,9340,-27,-38,-5,3
2919,1717,9362,-60,-56,-34,3
2960,1820,9316,-42,-56,-33,3
2979,1611,9191,-26,-55,-52,3
2947,1610,9138,-47,-53,-67,3
2921,1757,9179,-45,-40,-62,3
2941,1851,9237,-27,-31,-38,3
2960,1880,9261,-1,-30,9,3
3011,1710,9251,46,-27,43,3
3029,1523,9150,66,-34,34,3
3028,1474,9030,49,-36,7,3
3075,1377,8996,29,-26,-60,3
3053,1498,9041,-9,-22,-135,3
3025,1817,9131,-38,-32,-153,3
3041,1951,9124,-27,-33,-123,3
3063,1727,9086,-9,-21,-106,3
3061,1637,9122,-31,-22,-123,3
3020,1796,9185,-11,-5,-120,3
3004,2069,9207,55,29,-58,3
2808,1770,9456,-4,-7,-55,3
2834,1762,9466,-26,-29,-69,3
2888,1855,9435,-8,-34,-49,3
2984,1869,9352,52,-26,-11,3
3039,1796,9225,112,-15,7,3
3043,1762,9071,136,-1,26,3
3070,1702,9014,115,6,22,3
3086,1699,9059,46,-2,-6,3
3077,1743,9134,-23,-20,-25,3
3068,1759,9173,-46,-30,-25,3
3068,1559,9094,-52,-34,-44,3
3073,1292,9107,-109,-45,-133,3
2964,1571,9270,-157,-51,-193,3
2894,1992,9398,-125,-45,-171,3
2894,1992,9398,-125,-45,-171,3
2899,2146,9408,-50,-28,-103,3
2923,2158,9366,4,-25,-19,3
2961,2008,9252,44,-25,56,3
3037,1549,9142,71,-4,52,3
3039,1374,9138,33,-5,-23,3
3038,1585,9219,-31,-24,-79,3
3091,1739,9247,-51,-34,-98,3
3144,1573,9191,-71,-44,-139,3
3101,1500,9201,-133,-57,-202,3
3000,1732,9261,-124,-31,-231,3
2911,2039,9404,-71,0,-184,3
2900,2172,9489,-15,15,-91,3
2855,2097,9547,8,18,-11,3
2809,1843,9680,-9,6,9,3
2670,1629,9779,1,6,-49,3
2467,1798,9957,65,31,-123,3
2421,2366,10368,206,80,-138,3
2177,2796,11273,520,70,-83,3
1544,3684,12955,1230,10,99,3
269,6114,16210,2243,-94,322,3
-1533,9695,21018,3330,-470,499,3
-3981,11385,23643,4968,-1232,765,3
-5151,10024,22988,6753,-2217,1650,3
-5438,10338,21410,7944,-2860,3159,3
-5618,13959,20399,9243,-2861,5354,3
-7458,18833,19242,10649,-2778,8682,3
-10673,21174,16903,11450,-3094,13153,3
-12124,18857,16627,10926,-3808,17453,3
-12553,14801,17796,9153,-4904,17453,3
-11655,8915,15457,6627,-6304,17453,3
-9051,2496,7631,5119,-6385,17453,3
-6214,-3108,-623,5125,-4366,17453,3
-3475,-8373,-4512,5044,-1636,17453,3
-1077,-12993,-3859,4556,519,17453,3
-2269,-15148,-1063,4140,1922,14967,3
-4647,-15528,245,3461,2388,10709,3
-7200,-13967,131,2171,2121,7295,3
-8903,-13094,843,732,1783,5262,3
-9222,-14147,4193,120,1397,-627,3
-8577,-15007,4682,-239,1193,-1428,3
-7702,-15824,5013,-634,893,-2440,3
-6838,-16026,5101,-921,592,-3682,3
-6211,-15820,5077,-979,385,-5045,3
-5524,-15401,4709,-851,288,-6437,3
-5066,-14635,4241,-809,175,-7748,3
-4539,-13853,3683,-971,17,-8954,3
-3786,-13530,2819,-1319,-175,-10306,3
-2800,-14156,1616,-1951,-345,-12037,3
-2614,-14437,152,-2654,-244,-14252,3
-4435,-12842,-1096,-3329,308,-16455,3
-6996,-10033,-914,-4222,1319,-17453,3
-9255,-6314,404,-5080,2693,-17453,3
-10546,-1505,3397,-6162,4015,-16941,3
-10263,1587,7018,-7186,5128,-15842,3
-10756,3987,9490,-7717,5823,-14930,3
-10637,5566,10785,-7563,6010,-13768,3
-9603,6527,11524,-6867,6009,-12013,3
-8294,7947,12228,-5830,6127,-10029,3
-5942,10632,14341,-4468,6149,-8229,3
-3140,13488,18347,-2828,5894,-6815,3
-2196,16199,22525,-1271,5258,-5649,3
-3045,15828,22739,303,4067,-4358,3
-4431,12719,18993,1438,2571,-2289,3
-4401,10251,15335,1750,1578,282,3
-3415,8655,13592,1878,1387,2026,3
-2153,7275,13003,1818,1481,2480,3
-1189,6211,12625,1418,1417,2221,3
-99,5446,11881,-227,572,933,3
612,5412,11517,-860,222,461,3
1210,5024,11379,-1172,17,124,3
1689,4874,11289,-1243,-98,-17,3
2020,4526,10887,-1114,-133,29,3
2255,3834,10506,-1087,-192,60,3
2524,3085,10278,-964,-134,-5,3
2517,3013,10196,-715,13,-122,3
2311,3429,10154,-557,62,-159,3
2086,3335,10100,-490,14,-147,3
1855,3229,10033,-404,-29,-56,3
1759,3349,9783,-257,-30,87,3
1771,3414,9469,-119,-15,155,3
1765,3524,9198,-113,-35,159,3
1922,3611,9093,-243,-88,155,3
2035,3626,9170,-335,-123,158,3
2124,3475,9295,-263,-77,209,3
2305,2846,9340,-102,3,182,3
2226,2632,9423,-56,15,58,3
2109,3038,9488,-125,-41,22,3
2060,3312,9445,-175,-104,48,3
2086,3319,9307,-149,-132,105,3
2164,3258,9135,-93,-133,175,3
2317,2966,9037,-76,-131,151,3
2377,2784,9039,-59,-105,39,3
2297,3061,9074,-33,-74,-13,3
2247,3417,9094,1,-54,17,3
2309,3187,9057,33,-44,20,3
2399,2703,9092,-24,-67,-95,3
2399,2703,9092,-24,-67,-95,3
2338,2947,9138,-145,-106,-157,3
2272,3340,9158,-198,-120,-167,3
2275,3569,9153,-221,-128,-103,3
2371,3347,9030,-186,-134,-20,3
2448,2994,8855,-123,-134,15,3
2485,2955,8773,-57,-88,59,3
2452,3102,8851,34,-6,140,3
2512,2815,8952,93,49,168,3
2454,2509,9067,82,69,104,3
2376,2606,9192,49,75,59,3
2393,2628,9308,24,70,20,3
2445,2215,9392,-23,35,-91,3
2354,2130,9389,-42,-6,-200,3
2208,2590,9302,-5,-34,-214,3
2194,3052,9235,19,-57,-155,3
2323,3299,9202,29,-68,-50,3
2361,3356,9147,56,-66,55,3
2352,3395,9115,93,-54,186,3
2512,3013,9071,124,-40,282,3
2581,2486,9008,195,12,194,3
2420,2533,8950,213,44,64,3
2372,2737,8973,97,-2,-4,3
2387,2891,9027,-17,-56,-35,3
2425,2952,9063,-2,-46,-35,3
2414,2989,9040,60,-20,-49,3
2417,3038,9007,29,-49,-54,3
2458,3123,8918,-6,-84,-19,3
2482,3153,8801,13,-78,33,3
2535,2885,8754,19,-59,33,3
2592,2609,8778,25,-27,-19,3
2573,2723,8848,53,15,-77,3
2487,3063,8881,39,23,-97,3
2493,3120,8933,9,14,-92,3
2475,3113,8973,6,9,-58,3
2408,3190,8955,37,15,-2,3
2369,3153,8921,63,26,44,3
2364,3086,8966,43,27,48,3
2345,3221,9063,17,22,56,3
2256,3489,9097,27,31,103,3
2209,3597,9093,36,39,185,3
2288,3179,9125,0,27,226,3
2345,2570,9166,-69,-4,109,3
2288,2664,9261,-113,-26,2,3
2273,3070,9319,-95,-35,-3,3
2385,2871,9296,-55,-42,-7,3
2482,2594,9208,-29,-51,-77,3
2437,2820,9109,-48,-72,-126,3
2473,3128,9086,-69,-83,-115,3
2498,3319,9081,-30,-60,-51,3
2510,3396,9016,38,-28,34,3
2528,3211,8950,78,-5,96,3
2545,2869,8919,94,23,89,3
2502,2779,8973,79,44,36,3
2458,2840,9046,52,47,-12,3
2456,2792,9150,17,30,-66,3
2484,2771,9204,13,21,-109,3
2470,2831,9180,44,27,-117,3
2446,2992,9128,46,21,-113,3
2431,3144,8942,53,12,57,3
2464,2847,8875,92,39,70,3
2399,2628,8889,85,52,-11,3
2352,2852,8980,39,51,-71,3
2330,3150,9137,21,42,-91,3
2328,3122,9064,-4,14,-78,3
2364,3190,9015,-50,-5,-56,3
2393,3320,9001,-79,-18,-8,3
2371,3353,8947,-68,-19,59,3
2420,3199,8948,-20,1,116,3
2543,2733,8965,27,34,96,3
2492,2542,9025,41,57,11,3
2426,2695,9148,17,52,-59,3
2379,2802,9243,20,46,-114,3
2322,2928,9258,51,53,-165,3
2243,3233,9295,31,34,-164,3
2242,3480,9336,0,5,-118,3
2220,3620,9274,20,-7,-43,3
2225,3652,9171,62,-12,50,3
2288,3492,9087,69,-21,134,3
2352,3199,9004,66,-22,164,3
2405,2980,8974,39,-26,135,3
2440,2774,9004,3,-26,65,3
2382,2773,9000,-7,-21,-12,3
2407,2858,9028,-43,-34,-66,3
2384,2996,9028,-75,-43,-101,3
2370,3245,8996,-64,-36,-78,3
2375,3366,8984,-20,-25,-19,3
2432,3275,8941,29,-10,47,3
2460,3181,8869,71,12,94,3
2464,3051,8868,93,31,116,3
2458,2800,8899,76,38,78,3
2402,2663,8967,21,27,-4,3
2383,2700,9071,-31,9,-83,3
2353,2826,9136,-29,11,-155,3
2303,3107,9119,-46,1,-194,3
2272,3296,9135,-86,-24,-182,3
2318,3430,9128,-52,-18,-112,3
2318,3486,9092,39,10,-22,3
2329,3398,9070,83,23,59,3
2373,3026,9065,84,22,69,3
2332,2844,9081,95,30,17,3
2317,3080,9071,74,19,-5,3
2383,3106,9033,17,-23,-24,3
2383,3106,9033,17,-23,-24,3
2414,2940,8941,-33,-51,-52,3
2408,2885,8831,-34,-46,-82,3
2369,3055,8765,-34,-34,-96,3
2342,3235,8792,-33,-15,-79,3
2321,3411,8882,-26,0,-31,3
2328,3500,8952,-20,9,35,3
2308,3452,8972,-25,13,94,3
2312,3239,8978,-55,11,115,3
2315,2798,9162,-56,30,10,3
2315,2798,9162,-56,30,10,3
2225,3091,9229,-75,12,-37,3
2260,3193,9320,-131,-23,-54,3
2269,3053,9389,-125,-29,-81,3
2193,3091,9407,-93,-21,-102,3
2187,3259,9415,-103,-31,-91,3
2158,3329,9472,-99,-35,-56,3
2116,3227,9534,-48,-17,-16,3
2011,3004,9605,-26,2,-37,3
1769,2960,9772,-94,0,-143,3
1193,3442,10121,-181,-1,-254,3
147,4406,10858,-151,63,-306,3
-860,6723,12812,-12,120,-300,3
-2707,10629,16680,400,-67,-297,3
-6833,14444,21990,1175,-450,-372,3
-10206,15777,28852,1904,-1178,123,3
-11364,16834,-31948,2691,-2848,2136,3
-11633,15003,31974,4786,-4789,4976,3
-12410,15054,29013,6817,-5976,8005,3
-12632,16429,28451,7763,-6912,10886,3
-12341,15107,25945,8231,-8049,13393,3
-12161,10459,19747,8207,-8938,15244,3
-10276,5130,12583,7680,-9155,16483,3
-8269,2026,6326,6832,-8704,17223,3
-7638,-1146,588,6039,-7566,17444,3
-7181,-4112,-2029,5390,-5892,17275,3
-8069,-7067,-2242,4684,-4175,16628,3
-10192,-11162,-2615,3978,-2605,15520,3
-12109,-15368,-2985,3060,-1198,14317,3
-12585,-19081,-3635,2019,9,13012,3
-12043,-21411,-4567,1130,953,11381,3
-11481,-22435,-4204,371,1371,9147,3
-11793,-22018,-3439,-207,1246,6408,3
-12567,-21067,-3150,-597,778,3708,3
-12542,-19999,-2706,-793,428,1609,3
-11947,-18368,-1865,-886,325,410,3
-10418,-16453,-981,-818,384,-137,3
-8104,-14765,-418,-541,515,-466,3
-5846,-13428,-183,-274,570,-841,3
-4048,-12188,63,-46,582,-1306,3
-2618,-11104,545,121,585,-1788,3
-1544,-10271,855,111,540,-2244,3
-905,-9999,743,105,518,-2728,3
-351,-9871,353,165,586,-3258,3
-20,-9595,-89,222,690,-3831,3
478,-9337,-1357,239,1398,-7410,3
478,-9337,-1357,239,1398,-7410,3
450,-9765,-2315,-45,1554,-8603,3
254,-10526,-3077,-583,1976,-10070,3
61,-11243,-3010,-1599,2703,-11959,3
-1018,-11555,-2358,-3395,3723,-14400,3
-5522,-9070,-350,-5627,5263,-16682,3
-11339,-3559,4036,-7645,7199,-17453,3
-15530,1607,8868,-9035,8992,-17014,3
-16983,4230,12586,-9534,10059,-16100,3
-16518,6502,15579,-8984,10298,-15037,3
-13454,8482,19868,-8152,9836,-13918,3
-8670,10393,26022,-7628,8861,-12634,3
-6554,7654,19331,1742,411,-1250,3
-6554,7654,19331,1742,411,-1250,3
-800,5730,13824,333,-33,3299,3
-800,5730,13824,333,-33,3299,3
-373,5122,12967,123,-543,3591,3
175,4070,12059,42,-956,3872,3
1543,1173,11360,-202,-1252,3532,3
2584,-1504,10922,-428,-1320,2505,3
2903,-1733,10594,-432,-1104,1461,3
2918,-433,10484,-197,-752,471,3
2825,994,10615,68,-429,-341,3
2457,2675,10907,85,-314,-701,3
2384,3937,10922,83,-403,-505,3
2583,4078,10576,234,-501,-128,3
2699,3575,9994,362,-547,250,3
2847,3134,9306,462,-524,507,3
2971,2675,8723,454,-459,509,3
2986,2499,8424,321,-355,355,3
3015,2698,8330,184,-215,173,3
2879,2801,8443,44,-101,-17,3
2705,2911,9131,-71,-58,-206,3
2691,3215,9010,-34,-92,-150,3
2683,3351,8819,-52,-133,-26,3
2627,3355,8648,-71,-160,115,3
2551,3153,8502,-31,-147,239,3
2573,2668,8514,-21,-111,278,3
2573,2668,8514,-21,-111,278,3
2731,2051,8644,-63,-73,137,3
2676,1992,8865,-127,-57,-79,3
2652,2579,9041,-104,-31,-173,3
2672,3033,9093,23,-8,-188,3
2751,3071,9043,96,-27,-153,3
2870,2882,8928,136,-44,-124,3
2849,2857,8785,124,-58,-144,3
2870,3122,8741,20,-96,-126,3
2898,3353,8698,-39,-116,-32,3
2970,3308,8535,-30,-113,88,3
3102,2627,8412,-30,-88,95,3
3022,2153,8515,-33,-22,-39,3
2863,2370,8804,-35,36,-129,3
2800,2716,9068,-13,71,-159,3
2790,2768,9226,1,84,-162,3
2782,2717,9323,-23,53,-147,3
2797,2788,9331,6,33,-118,3
2773,2893,9231,66,25,-68,3
2802,2940,9080,96,5,-16,3
2855,2749,8946,122,14,19,3
2900,2376,9019,135,63,-63,3
2821,2428,9277,96,93,-187,3
2770,2777,9488,111,115,-251,3
2716,3004,9555,184,136,-281,3
2642,3192,9569,214,126,-275,3
2602,3405,9478,194,80,-202,3
2584,3569,9342,170,30,-78,3
2622,3666,9210,143,-9,79,3
2674,3568,9113,136,-35,223,3
2758,3185,8986,144,-52,304,3
2831,2546,8904,100,-80,261,3
2892,2061,8927,85,-63,79,3
2730,2439,9024,119,-15,-72,3
2680,2966,9095,104,-12,-103,3
2746,3148,9113,66,-36,-91,3
2748,3107,9093,50,-59,-66,3
2762,3046,8977,57,-78,-28,3
2824,3164,8820,70,-90,11,3
2894,3281,8655,60,-102,47,3
2925,3187,8561,44,-101,71,3
2897,3010,8509,89,-70,66,3
2885,2998,8474,124,-34,35,3
2898,2965,8492,104,-7,-10,3
2826,2983,8669,115,41,-78,3
2767,3280,8882,116,65,-97,3
2722,3471,8990,92,46,-70,3
2733,3583,9044,100,25,-2,3
2755,3592,8985,120,7,78,3
2780,3451,8849,119,-9,118,3
2760,3336,8707,111,-7,133,3
2727,3216,8600,131,18,127,3
2755,2935,8675,125,46,75,3
2733,2771,8852,51,33,-26,3
2700,3076,9020,24,18,-67,3
2705,3372,9079,67,20,-53,3
2657,3439,9021,106,21,-40,3
2698,3395,8948,120,17,-23,3
2719,3519,8863,111,11,21,3
2737,3451,8810,93,11,58,3
2745,3155,8772,28,-9,31,3
2757,3069,8828,-57,-43,-28,3
2739,3310,8861,-70,-50,-22,3
2745,3465,8801,-30,-35,20,3
2751,3481,8719,-19,-29,85,3
2827,3148,8687,-19,-19,124,3
2855,2644,8682,7,11,52,3
2768,2747,8710,19,32,-49,3
2755,3233,8820,-1,34,-72,3
2772,3505,8899,-2,36,-37,3
2768,3504,8905,2,38,34,3
2806,3438,8831,-5,31,110,3
2764,3328,8772,-1,29,152,3
2809,2978,8763,3,27,121,3
2748,2891,8790,-18,19,56,3
2694,3089,8832,-34,13,21,3
2737,2995,8819,-38,15,-14,3
2748,2834,8857,-44,18,-72,3
2748,2972,8897,-41,18,-126,3
2764,3125,8909,-45,9,-149,3
2746,3313,8940,-36,5,-115,3
2789,3414,9002,-7,11,-52,3
2807,3470,8996,25,18,1,3
2814,3472,8945,21,10,42,3
2825,3372,8889,5,2,64,3
2798,3211,8861,-6,7,61,3
2736,3013,8868,-20,13,21,3
2686,2919,8891,-49,10,-50,3
2674,3276,9129,-94,-15,-141,3
2695,3453,9136,-64,-30,-117,3
2715,3492,9080,-14,-25,-67,3
2728,3362,8984,-4,-27,-25,3
2748,3120,8897,-31,-43,-8,3
2757,2905,8856,-25,-33,-36,3
2768,2862,8837,-11,-14,-88,3
2768,2795,8824,-43,-11,-153,3
2765,2867,8821,-113,-20,-243,3
2667,3034,8857,-148,-19,-295,3
2640,3123,8906,-142,-9,-296,3
2606,3202,8966,-146,0,-307,3
2583,3336,9012,-118,27,-302,3
2607,3436,9068,-73,61,-282,3
2668,3299,9074,-92,59,-305,3
2666,2977,9044,-134,54,-392,3
2666,2977,9044,-134,54,-392,3
2643,2661,9008,-161,81,-536,3
1936,3301,9721,-372,164,-1928,3
1936,3301,9721,-372,164,-1928,3
1417,4998,10392,25,204,-1849,3
1027,7237,12324,745,75,-1465,3
-545,10344,15030,1791,-132,-1019,3
-2862,12766,18159,3005,-466,-485,3
-5365,14706,20170,4414,-1243,777,3
-7308,16533,20485,5889,-2220,3631,3
-7866,19277,21382,7226,-3105,7849,3
-10023,25712,21388,9094,-3647,12809,3
-13627,28145,20727,10530,-4348,17453,3
-15705,19819,20503,10162,-5649,17453,3
-14635,9914,17752,8931,-6636,17453,3
-10964,4264,11244,7982,-6257,17453,3
-6434,509,5030,7097,-4676,17453,3
-2922,-2369,-612,5516,-2684,17453,3
-1672,-6846,-5081,4003,-482,17453,3
-2274,-11648,-5136,3365,1619,15435,3
-4450,-12571,-1535,2912,2824,12077,3
-6381,-11437,2123,1812,2710,9551,3
-7199,-11013,3879,912,2186,8086,3
-7708,-12131,5037,976,2021,7142,3
-8142,-13334,5685,1430,1973,6269,3
-8379,-14068,5782,1553,1777,5254,3
-8524,-14365,5667,1189,1426,4090,3
-8265,-13873,5197,740,1062,2932,3
-7715,-12568,4313,496,830,1883,3
-7046,-11060,3627,368,775,999,3
-5609,-9460,4577,47,1089,-1426,3
-5609,-9460,4577,47,1089,-1426,3
-5539,-9639,5548,19,1092,-1823,3
-5561,-10295,6475,-140,974,-2234,3
-5388,-11819,7014,-410,731,-2759,3
-4776,-13588,7024,-731,417,-3587,3
-3984,-14633,6624,-1036,34,-4815,3
-3526,-14898,5968,-1240,-300,-6452,3
-3326,-14661,5121,-1462,-489,-8248,3
-2976,-13835,4242,-1834,-587,-10001,3
-2947,-12520,3379,-2349,-555,-11593,3
-2539,-11846,2584,-2967,-301,-13153,3
-2237,-11453,1486,-3547,269,-14913,3
-3372,-10423,311,-4137,1193,-16647,3
-10407,-2381,4381,-7130,4866,-17453,3
-10407,-2381,4381,-7130,4866,-17453,3
-11638,195,6742,-6452,6550,-17210,3
-12824,5077,8783,-4848,7352,-16347,3
-12131,8176,9981,-4146,6671,-13919,3
-9433,9162,10515,-3335,6093,-11360,3
-6833,10551,11690,-2261,5967,-9099,3
-4219,12608,14427,-1577,5742,-7216,3
-1502,15184,17776,-932,5125,-6029,3
-762,16667,19451,-95,4122,-5344,3
-1630,15501,18841,699,2762,-4473,3
-2539,12644,16010,1251,1466,-2804,3
-2324,10260,13372,1429,668,-765,3
-1908,9331,11910,1451,438,924,3
-1468,8889,11189,1450,441,1845,3
-1297,8296,10708,1216,344,2211,3
-978,7947,10484,853,201,2440,3
-249,7624,10452,558,103,2675,3
962,6530,10395,415,53,2614,3
1982,5275,10122,260,1,2086,3
2340,4784,9870,-85,-92,1375,3
2591,4922,9670,-245,-61,811,3
2743,5029,9529,-79,135,332,3
2723,5366,9374,105,310,-45,3
2449,5906,9201,12,297,-152,3
2303,6172,9162,-223,201,-45,3
2304,6171,9138,-334,153,173,3
2251,6019,9019,-268,156,427,3
2123,5757,8927,-169,184,670,3
2166,5153,8970,-128,191,825,3
2323,4077,9032,-175,130,705,3
2297,3428,9071,-304,27,359,3
2217,3586,9071,-311,2,17,3
2185,4289,9089,-321,-17,-158,3
2195,4905,9097,-463,-115,-179,3
2306,5060,9031,-601,-211,-113,3
2383,4942,8875,-696,-273,-5,3
2428,4772,8710,-793,-332,97,3
2494,4486,8552,-860,-373,198,3
2570,4136,8388,-849,-384,283,3
2667,3539,8271,-720,-348,276,3
2673,3062,8175,-570,-279,170,3
2712,2930,8266,-587,-291,22,3
2773,3146,8450,-641,-322,-66,3
2791,3537,8497,-626,-305,-98,3
2809,3791,8496,-653,-302,-111,3
2798,3961,8493,-717,-325,-67,3
2814,4109,8451,-721,-330,50,3
2931,3875,8441,-652,-292,172,3
3059,3266,8417,-504,-199,155,3
2966,2901,8487,-394,-119,6,3
2833,3021,8694,-342,-75,-88,3
2880,3209,8916,-270,-45,-105,3
2844,3389,9002,-207,-27,-115,3
2858,3399,9080,-224,-45,-111,3
2917,3350,9093,-295,-95,-82,3
2917,3350,9093,-295,-95,-82,3
2949,3393,9068,-308,-116,-35,3
2978,3459,8962,-251,-105,35,3
3053,3271,8881,-210,-96,96,3
3055,2936,8809,-185,-87,83,3
2997,2847,8782,-136,-53,31,3
2956,2773,8825,-101,-21,-34,3
2882,2695,8933,-116,-25,-145,3
2755,2882,9019,-101,-27,-202,3
2871,3507,9003,-12,-4,-97,3
2871,3507,9003,-12,-4,-97,3
2913,3591,8991,5,-9,1,3
2940,3561,8964,12,-29,102,3
2964,3547,8882,30,-56,207,3
3064,3348,8706,88,-53,305,3
3159,2864,8530,129,-35,312,3
3195,2298,8508,79,-30,162,3
3050,2323,8589,-29,-47,-41,3
3010,2632,8715,-103,-64,-142,3
3003,2955,8819,-87,-54,-152,3
3000,3075,8882,-25,-37,-133,3
3000,3187,8852,30,-29,-105,3
2986,3404,8784,47,-32,-66,3
2960,3598,8690,56,-41,-3,3
3002,3610,8565,83,-36,88,3
3068,3337,8464,78,-31,152,3
3140,2959,8480,15,-44,115,3
3110,2954,8601,-16,-31,19,3
3067,3277,8751,11,1,-28,3
3070,3487,8825,15,4,-22,3
3095,3523,8854,-11,-18,6,3
3091,3549,8830,-12,-26,51,3
3081,3571,8776,-2,-27,111,3
3061,3482,8747,11,-33,190,3
3080,3397,8731,46,-26,261,3
3117,3272,8739,88,-7,288,3
3178,3057,8745,94,0,260,3
3228,2697,8801,44,-13,127,3
3122,2745,8885,-14,-22,-36,3
3045,3070,8972,-45,-30,-113,3
3057,3316,8955,-82,-62,-117,3
3093,3379,8881,-91,-79,-73,3
3146,3375,8759,-44,-64,-15,3
3149,3336,8637,7,-46,41,3
3170,3323,8553,38,-34,100,3
3203,3058,8484,60,-24,107,3
3184,2905,8481,31,-28,30,3
3112,3039,8508,-6,-23,-27,3
3057,3316,8589,-12,-3,-14,3
3124,3249,8648,-21,11,-9,3
3073,3017,8674,-53,8,-86,3
2983,3147,8797,-117,-16,-140,3
3015,3482,8930,-90,1,-121,3
3034,3707,8985,-5,26,-45,3
3056,3723,8940,43,26,62,3
3067,3500,8852,57,17,145,3
3007,3305,8760,69,22,191,3
2994,3241,8743,58,24,217,3
3111,3039,8731,31,15,200,3
3088,2867,8705,7,13,131,3
3069,2856,8734,-52,-1,57,3
3073,2944,8813,-93,-17,19,3
3104,2944,8864,-82,-24,0,3
3120,2961,8852,-69,-35,-7,3
3107,2995,8797,-42,-31,-12,3
3081,3077,8771,-10,-22,-1,3
3110,3118,8746,11,-15,26,3
3129,3099,8718,12,-20,41,3
3119,3010,8690,-19,-36,26,3
3108,3022,8717,-57,-49,2,3
3135,3025,8760,-53,-38,-11,3
3124,3033,8727,-9,-12,-43,3
3093,3098,8684,-23,-16,-63,3
3124,3063,8699,-79,-42,-71,3
3142,2997,8757,-108,-51,-107,3
3130,3170,8796,-108,-45,-102,3
3120,3256,8845,-69,-26,-53,3
3087,3243,8888,-3,-2,4,3
3123,3003,8911,37,4,25,3
3105,2891,8870,42,-4,-10,3
3077,3105,8870,34,-12,-23,3
3124,3176,8901,36,-15,-21,3
3112,3085,8852,15,-27,-34,3
3108,3008,8855,-31,-48,-57,3
3125,3061,8862,-29,-44,-80,3
3128,3177,8812,-6,-36,-87,3
3149,3344,8742,3,-36,-56,3
3154,3373,8700,24,-22,-14,3
3158,3244,8721,15,-19,21,3
3209,2997,8758,-23,-23,10,3
3149,2910,8844,-53,-23,-49,3
3089,2991,8888,-64,-31,-93,3
3105,3124,8921,-52,-26,-93,3
3134,3089,8939,-47,-22,-93,3
3098,3100,8977,-67,-38,-94,3
3068,3148,8967,-52,-39,-84,3
3053,3191,8978,-22,-31,-76,3
3035,3215,8989,-13,-26,-51,3
3093,3131,9026,-19,-33,-38,3
3106,3086,9043,-30,-43,-43,3
3079,3032,9026,-19,-46,-55,3
3069,3032,9006,-20,-52,-85,3
3055,3086,8989,-61,-77,-105,3
3063,3183,8955,-91,-98,-101,3
3117,3207,8937,-85,-99,-86,3
3117,3207,8937,-85,-99,-86,3
3177,3197,8940,-63,-87,-76,3
3196,3241,8897,-25,-68,-61,3
3199,3187,8846,-17,-60,-63,3
3199,3081,8856,-63,-80,-96,3
3140,2958,8881,-94,-85,-164,3
4079,9688,14308,423,-892,-597,3
4079,9688,14308,423,-892,-597,3
2229,13512,17347,1110,-1547,-655,3
-1374,14162,18227,1935,-2586,-144,3
-5232,12658,16346,3349,-3668,1947,3
-7879,17409,15326,5012,-4391,6925,3
-10761,24390,14894,7595,-4633,13600,3
-13060,23606,16275,9755,-5076,17453,3
-12818,17268,18197,10233,-5875,17453,3
-12064,10459,18550,9990,-6345,17453,3
-9423,4012,16099,9779,-5973,17453,3
-7449,-393,7793,8407,-4508,17453,3
-6556,-8462,-1929,6074,-2083,17453,3
-4485,-14716,8012,1751,2902,6006,3
-4485,-14716,8012,1751,2902,6006,3
-4435,-12616,9443,-50,2039,4882,3
-3573,-11479,9225,-233,1535,4593,3
-2844,-10500,7640,265,1278,4133,3
-2023,-9826,6178,388,925,3397,3
-1834,-8633,4920,290,573,2582,3
-1956,-7655,4611,272,495,1815,3
-2625,-7271,5135,255,602,1274,3
-3234,-8087,5772,164,704,865,3
-3759,-9299,6319,144,787,346,3
-4066,-9693,6915,93,761,-260,3
-4273,-9647,7286,-112,633,-901,3
-4490,-9640,7315,-389,454,-1492,3
-4640,-9944,7015,-618,261,-2016,3
-4523,-10063,6577,-756,109,-2534,3
-4180,-10037,5971,-828,-31,-3084,3
-3672,-10160,5311,-917,-179,-3709,3
-745,-9864,2618,-3407,1099,-13423,3
-1557,-8765,2327,-3761,1961,-15170,3
-3617,-7594,2607,-4044,2980,-16901,3
-7110,-4963,3826,-4838,3840,-17453,3
-10016,-1962,5989,-6173,4777,-17453,3
-12581,1494,8028,-6625,6679,-17453,3
-13877,6705,9979,-5556,7736,-17453,3
-3609,12988,16944,-2681,5159,-8201,3
2656,4476,9116,360,34,598,3
2657,4826,9065,51,14,205,3
2414,5206,9101,-57,15,30,3
2138,5444,8642,441,77,674,3
2158,4909,8339,584,113,857,3
2118,4370,8169,568,131,845,3
2284,4089,8174,458,151,657,3
2342,4201,8275,303,139,355,3
2302,4513,8362,80,59,63,3
2294,4855,8425,-105,-29,-90,3
2338,5233,8363,-119,-47,-68,3
2411,5361,8214,-36,-38,47,3
2425,5270,8024,21,-41,207,3
2540,5025,7902,33,-50,346,3
2692,4467,7869,43,-52,393,3
2688,3834,7840,64,-51,286,3
2469,3879,7773,121,-20,154,3
2448,4198,7814,141,21,99,3
2469,4449,7943,104,34,37,3
2467,4406,8068,17,10,-74,3
2420,4513,8162,-33,-4,-175,3
2395,4910,8169,-13,11,-200,3
2423,5224,8186,-5,17,-148,3
2411,5411,8189,-34,-5,-58,3
2349,5401,8116,-33,-13,33,3
2297,5230,8073,2,0,89,3
2299,5153,8122,-3,10,128,3
2302,5168,8188,-32,6,170,3
2323,5054,8232,-31,5,216,3
2323,5054,8232,-31,5,216,3
2440,4448,8300,-50,-1,178,3
2393,4009,8413,-88,-5,4,3
2268,4355,8542,-99,4,-105,3
2279,4899,8656,-97,4,-90,3
2284,5111,8667,-81,-10,-14,3
2381,4904,8597,-43,-33,76,3
2371,4588,8433,-30,-60,76,3
2381,4484,8306,-45,-73,48,3
2455,4721,8365,-36,-55,90,3
2529,4822,8430,-5,-36,143,3
2558,4418,8429,13,-29,147,3
2464,3925,8408,-9,-39,1,3
2390,3978,8468,-69,-68,-160,3
2407,4498,8520,-86,-87,-174,3
2473,4915,8503,-25,-91,-103,3
2551,5054,8332,10,-102,-11,3
2638,4884,8145,0,-113,50,3
2693,4774,8029,-26,-112,121,3
2746,4618,7970,-61,-107,151,3
2782,4488,8006,-96,-103,137,3
2770,4479,8013,-99,-91,110,3
2731,4496,7963,-60,-57,95,3
2709,4271,7972,-34,-28,38,3
2606,4179,8075,-55,-25,-62,3
2504,4540,8223,-87,-38,-119,3
2491,4859,8332,-58,-23,-136,3
2510,4988,8421,3,-11,-108,3
2576,5002,8395,42,-27,-42,3
2614,4769,8260,60,-45,-29,3
2594,4600,8156,18,-71,-72,3
2585,4722,8120,-22,-87,-76,3
2638,4940,8035,-17,-85,-26,3
2711,4947,7880,-12,-78,43,3
2670,4575,7786,-13,-51,54,3
2643,4318,7887,-19,-7,-26,3
2618,4611,8092,-34,4,-58,3
2672,4969,8192,-7,5,-28,3
2692,5093,8175,22,5,30,3
2722,4739,8148,7,-7,56,3
2741,4213,8142,-42,-22,-6,3
2660,4205,8118,-99,-25,-78,3
2564,4551,8075,-105,-19,-90,3
2548,4767,8072,-62,-2,-61,3
2624,4795,8090,-17,11,-3,3
2633,4683,8151,27,27,36,3
2559,4485,8261,74,50,21,3
2480,4473,8344,90,59,-30,3
2463,4772,8426,55,37,-39,3
2498,4960,8460,48,22,-2,3
2554,4877,8399,34,5,42,3
2596,4588,8316,-32,-31,29,3
2570,4486,8242,-63,-39,-6,3
2567,4522,8232,-31,-19,-26,3
2563,4531,8282,-23,-19,-47,3
2603,4580,8346,-15,-26,-60,3
2650,4731,8347,32,-12,-33,3
2649,4741,8342,75,6,-1,3
2595,4543,8296,74,5,-17,3
2545,4517,8259,28,-12,-60,3
2575,4774,8318,5,-13,-50,3
2590,4977,8311,20,-4,-10,3
2613,4886,8244,10,-6,25,3
2567,4689,8239,-37,-29,7,3
2519,4635,8285,-76,-47,-13,3
2528,4802,8306,-66,-42,-6,3
2553,4878,8351,-28,-28,12,3
2712,4549,8109,-6,29,-23,3
2622,4531,8176,-13,31,-46,3
2531,4698,8254,-22,29,-45,3
2578,4750,8300,-23,25,-31,3
2545,4668,8345,-33,10,-27,3
2549,4529,8348,-49,0,-64,3
2530,4623,8332,-90,-16,-101,3
2521,4723,8328,-128,-36,-119,3
2522,4834,8296,-129,-36,-102,3
2558,4895,8288,-100,-23,-56,3
2579,4776,8261,-63,-10,-11,3
2555,4538,8251,-46,0,-24,3
2516,4496,8261,-71,-4,-60,3
2571,4497,8281,-107,-11,-86,3
2604,4393,8321,-127,-4,-123,3
2575,4387,8292,-145,-6,-145,3
2569,4350,8285,-143,1,-150,3
2524,4387,8340,-119,24,-157,3
2560,4517,8373,-72,51,-164,3
2502,4656,8394,-32,68,-168,3
2426,4796,8437,-17,74,-173,3
2439,4759,8452,-12,74,-166,3
2461,4574,8430,2,78,-194,3
2427,4506,8441,-44,61,-265,3
2402,4506,8444,-143,25,-339,3
2414,4356,8464,-231,0,-425,3
2414,4356,8464,-231,0,-425,3
2418,4134,8505,-295,-15,-574,3
2352,4178,8573,-362,-19,-762,3
2262,4510,8686,-409,-23,-905,3
2157,4470,8800,-423,-28,-1092,3
2157,4470,8800,-423,-28,-1092,3
2074,4294,8869,-378,15,-1204,3
1877,4546,9010,-357,40,-1372,3
1731,5492,9325,-387,-3,-1486,3
1756,6979,10090,-322,-110,-1481,3
1300,8153,11639,-12,-360,-1328,3
701,9194,13252,411,-747,-985,3
-2445,12844,16042,3027,-2841,1726,3
-4587,14374,16346,3860,-3890,3820,3
-7501,20540,14741,4916,-4701,7813,3
-12225,28051,10793,6517,-4883,13982,3
-14508,25737,9032,7190,-5140,17453,3
-13722,15528,8797,6756,-5528,17453,3
-11069,7312,8836,6538,-5168,17453,3
-7197,2894,8905,7091,-4211,17453,3
-4482,-104,5895,7296,-2820,17453,3
-2938,-4416,275,6492,-893,17453,3
-2294,-11043,-2431,5351,1144,15949,3
-2620,-16231,-530,4548,2718,13000,3
-3381,-17596,3343,3959,3564,9591,3
-4154,-17080,6805,3013,3497,6400,3
-4749,-15730,8582,1872,2947,4342,3
-4775,-14702,9731,1058,2448,3301,3
-4422,-14043,10298,713,2098,2652,3
-3973,-13101,10015,552,1740,2051,3
-2448,-8801,7919,-85,649,-200,3
-2369,-8133,7965,-208,543,-733,3
-2509,-8613,8500,-452,467,-1158,3
-2542,-10671,8759,-837,317,-1774,3
-2687,-12470,9009,-1226,107,-2674,3
-2937,-14221,9140,-1780,-174,-3878,3
-2804,-15362,8800,-2508,-518,-5335,3
-2589,-15093,8223,-3136,-919,-6863,3
-1800,-10045,5135,-3098,-1004,-11181,3
-1671,-8711,4130,-2824,-807,-12526,3
-1825,-7987,3000,-2450,-475,-14057,3
-2792,-7680,1765,-1929,78,-15704,3
-4958,-6059,1266,-1866,585,-16884,3
-7103,-2815,1550,-2355,1204,-17225,3
-8163,715,3070,-3061,2090,-16789,3
-7036,10522,7290,-3353,3593,-11260,3
-7036,10522,7290,-3353,3593,-11260,3
-5166,11686,7890,-2826,3526,-9564,3
-3441,13980,8816,-2049,3527,-8093,3
-1589,16283,10860,-1380,3356,-6776,3
-462,18168,12761,-810,2914,-5714,3
-961,17879,12953,-148,2253,-4677,3
-2111,16072,11922,508,1655,-3298,3
-2980,13781,10306,826,1244,-1605,3
-3255,11978,9130,810,1016,-21,3
-2942,9996,8809,607,934,984,3
-2492,8071,8861,527,965,1237,3
-2235,7200,8979,546,1033,1153,3
-1832,7289,9229,455,1037,949,3
-1210,7703,9592,159,908,676,3
-644,7820,9833,-14,737,371,3
-338,7914,9908,-80,539,214,3
45,7911,9829,-120,344,263,3
623,7221,8786,283,209,804,3
623,7221,8786,283,209,804,3
696,6480,8711,129,167,704,3
642,6334,8746,-68,95,505,3
634,6573,8792,-229,17,408,3
638,6709,8825,-311,-59,400,3
660,6719,8752,-318,-134,447,3
790,6433,8588,-294,-198,548,3
994,5980,8418,-264,-229,553,3
1091,5944,8063,-96,-210,303,3
1091,5944,8063,-96,-210,303,3
1170,6061,7913,-68,-220,362,3
1310,5699,7795,-119,-256,387,3
1375,5506,7655,-181,-279,339,3
1297,5638,7455,-217,-289,319,3
1261,5712,7276,-180,-270,357,3
1452,5387,7174,-120,-231,395,3
1641,4913,7217,-106,-193,326,3
1646,4869,7315,-87,-153,183,3
1519,5245,7354,-53,-111,73,3
1467,5716,7361,-42,-87,43,3
1533,5949,7419,-34,-85,72,3
1622,5935,7461,23,-55,140,3
1684,5563,7498,120,9,141,3
1577,5421,7541,121,29,55,3
1496,5661,7588,16,-4,15,3
1459,5845,7601,-44,-25,28,3
1435,5749,7637,-67,-28,23,3
1416,5769,7683,-118,-42,35,3
1424,5782,7737,-140,-45,65,3
1454,5613,7746,-110,-23,49,3
1454,5613,7746,-110,-23,49,3
1484,5539,7873,10,8,59,3
1484,5539,7873,10,8,59,3
1466,5444,7927,19,11,14,3
1492,5697,7992,47,12,20,3
1529,5839,7980,76,3,66,3
1552,5729,7963,66,-18,103,3
1604,5482,7976,-1,-53,80,3
1582,5369,7916,-54,-77,7,3
1553,5631,7838,-72,-88,-46,3
1623,5906,7759,-75,-91,-27,3
1649,5946,7777,-38,-69,18,3
1665,5921,7814,8,-46,80,3
1666,5730,7781,42,-35,125,3
1583,5446,7761,39,-33,78,3
1514,5500,7875,-36,-54,15,3
1540,5740,8025,-104,-87,-1,3
1583,5810,8011,-101,-112,-14,3
1616,5743,7873,-82,-130,-22,3
1667,5622,7723,-121,-153,-15,3
1716,5521,7682,-120,-138,-29,3
1709,5589,7704,-73,-94,-52,3
1720,5812,7836,-76,-82,-47,3
1751,5946,7925,-58,-83,-3,3
1788,5840,7817,-1,-77,38,3
1759,5728,7674,32,-66,61,3
1755,5753,7649,46,-36,88,3
1780,5658,7697,45,-17,103,3
1834,5292,7755,22,-18,38,3
1738,5327,7804,-22,-33,-72,3
1739,5735,7840,-71,-59,-104,3
1770,5978,7795,-77,-74,-67,3
1738,5883,7739,-61,-66,-21,3
1734,5737,7725,-76,-66,-2,3
1740,5797,7726,-84,-69,22,3
1744,5895,7695,-36,-49,66,3
1716,5760,7689,18,-22,90,3
1691,5650,7705,33,-18,92,3
1703,5728,7757,42,-9,115,3
1758,5679,7836,55,3,127,3
1729,5429,7868,44,0,96,3
1679,5262,7879,-1,-22,-2,3
1644,5517,7904,-50,-50,-68,3
1722,5767,7891,-54,-71,-67,3
1792,5836,7776,-23,-71,-31,3
1857,5832,7682,-7,-59,28,3
1895,5639,7617,-4,-53,57,3
1891,5449,7489,22,-34,60,3
1909,5261,7450,44,-7,43,3
1787,5697,7847,18,33,-56,3
1787,5697,7847,18,33,-56,3
1755,5589,7885,-28,19,-89,3
1710,5746,7989,-85,-10,-107,3
1703,5983,8020,-58,-9,-68,3
1653,6016,7960,11,9,5,3
1647,5615,7928,13,5,-5,3
1632,5534,8019,-60,-23,-75,3
1625,5879,8091,-87,-43,-78,3
1662,6114,8038,-37,-40,-30,3
1695,6129,7899,22,-30,61,3
1738,5680,7752,42,-22,102,3
1716,5164,7698,-11,-27,14,3
1656,5354,7767,-58,-26,-68,3
1679,5824,7790,-31,-11,-61,3
1717,5995,7780,11,9,-13,3
1752,5771,7805,13,17,30,3
1763,5396,7861,-12,13,0,3
1731,5360,7878,-51,0,-62,3
1732,5624,7897,-79,-21,-88,3
1731,5812,7869,-65,-34,-54,3
1744,5819,7777,-29,-27,8,3
1752,5719,7711,-7,-14,63,3
1820,5539,7692,-4,1,85,3
1807,5390,7722,-13,12,47,3
1728,5512,7844,-22,18,11,3
1733,5625,7937,-9,26,14,3
1772,5509,7998,-14,16,9,3
1764,5419,7986,-36,-3,-6,3
1757,5352,7914,-54,-14,-38,3
1714,5401,7890,-75,-22,-83,3
1691,5613,7905,-72,-18,-84,3
1658,5791,7926,-32,0,-53,3
1604,5850,7944,12,14,-14,3
1636,5749,7959,26,7,4,3
1636,5689,7941,30,4,0,3
1619,5710,7916,37,11,-19,3
1594,5800,7910,-2,-5,-35,3
1583,5856,7940,-49,-17,-44,3
1604,5840,7990,-85,-26,-41,3
1643,5679,8014,-127,-39,-60,3
1600,5593,8029,-144,-39,-108,3
1565,5809,8056,-106,-16,-112,3
1568,5954,8126,-61,-1,-58,3
1488,5966,8190,-17,-6,6,3
1423,5964,8186,48,-4,64,3
1351,6069,8212,85,4,90,3
1198,6447,8379,71,0,70,3
1201,7441,8850,72,-20,86,3
1237,11789,11997,413,-541,243,3
-447,15341,13494,622,-1034,655,3
-447,15341,13494,622,-1034,655,3
-2972,18543,16192,327,-1996,2043,3
-6219,22807,17013,864,-3143,5148,3
-9792,28519,14553,2527,-4034,10524,3
-12186,28402,12174,3896,-4746,16961,3
-13889,21766,9675,4712,-5002,17453,3
-5723,-13882,5460,2595,3930,7754,3
-5723,-13882,5460,2595,3930,7754,3
-6714,-14939,7585,2351,3908,5688,3
-7192,-14656,9617,2100,3679,4464,3
-7223,-14044,11089,1705,3317,3649,3
-7115,-13502,11669,1270,2734,2934,3
-6389,-12616,11274,833,1997,2190,3
-5482,-10999,10245,550,1327,1323,3
-4587,-8873,9107,383,791,498,3
-4006,-7391,8369,178,407,-183,3
-3632,-6745,7800,52,168,-704,3
-3314,-6375,7264,33,40,-1114,3
-3038,-6383,7282,-96,-60,-1512,3
-3209,-7215,7593,-356,-216,-1922,3
-3363,-8772,7647,-638,-423,-2384,3
-3171,-10395,7591,-873,-612,-2981,3
-2918,-11845,7728,-1178,-832,-3791,3
-2735,-12727,7440,-1492,-1080,-4824,3
-2426,-12854,6790,-1605,-1270,-5992,3
-1788,-8753,4947,-1814,-1562,-9433,3
-1788,-8753,4947,-1814,-1562,-9433,3
-1394,-8286,4952,-1813,-1462,-10486,3
-462,-9026,4741,-1917,-1391,-11962,3
-610,-9885,4045,-2033,-1289,-14132,3
-3102,-8970,3355,-2075,-956,-16433,3
-6715,-6620,3372,-2398,-359,-17453,3
-10762,-2181,4088,-2761,544,-17453,3
-13248,3270,5487,-2894,1600,-17453,3
-13834,8085,6579,-2869,2538,-17384,3
-12644,10257,7036,-2855,3027,-15861,3
-10804,11827,7512,-2957,3170,-13911,3
-8403,13441,8664,-3117,3150,-11872,3
-5354,15976,11013,-2902,3097,-10027,3
-2207,19057,14074,-2103,2931,-8552,3
-877,21077,15766,-1363,2412,-7422,3
-1648,20131,16003,-862,1520,-6218,3
-3366,16334,14103,-216,665,-4351,3
-3848,12817,11395,380,210,-2011,3
-3708,11591,9538,738,213,-13,3
-3502,10860,8791,791,376,1323,3
-3100,9252,8712,637,445,1910,3
-2298,7819,8956,356,414,2124,3
-1079,6666,9296,232,465,2062,3
-270,6665,9607,408,639,1750,3
124,7184,9742,638,764,1403,3
391,7580,9793,580,669,1201,3
804,7231,9872,289,416,1087,3
1217,6460,9777,112,210,907,3
1337,5894,9466,137,137,679,3
1377,5646,9153,205,150,453,3
1221,5844,8909,167,128,317,3
1195,5968,8771,35,51,259,3
1186,6064,8601,-44,-21,262,3
1192,6287,8458,-26,-54,356,3
1289,6288,8263,81,-45,476,3
1288,6161,7996,134,-60,544,3
1192,6083,7855,69,-118,620,3
1316,5685,7820,76,-125,660,3
1422,5394,7787,154,-71,548,3
1307,5606,7739,139,-53,380,3
1237,5886,7727,20,-98,265,3
1289,5861,7733,-118,-164,218,3
1440,5601,7701,-197,-206,186,3
1441,5482,7595,-234,-226,144,3
1419,5599,7460,-240,-229,132,3
1474,5737,7292,-249,-238,157,3
1535,5894,7161,-196,-224,241,3
1556,5933,7094,-84,-175,363,3
1606,5735,7115,42,-108,477,3
1723,5542,7152,144,-53,547,3
1783,5312,7193,171,-13,526,3
1801,5083,7321,93,-2,395,3
1770,5120,7512,-50,-18,207,3
1678,5421,7701,-118,-14,65,3
1611,5764,7771,-86,14,47,3
1634,5869,7843,-74,15,91,3
1734,5622,7858,-65,9,128,3
1772,5426,7903,-54,29,135,3
1735,5408,8086,-60,46,112,3
1719,5431,8255,-77,37,85,3
1660,5518,8310,-85,9,79,3
1684,5565,8271,-96,-17,103,3
1701,5510,8221,-100,-27,117,3
1716,5408,8178,-125,-38,102,3
1741,5321,8166,-169,-63,70,3
1762,5316,8152,-196,-89,30,3
1777,5286,8126,-196,-103,9,3
1738,5229,8135,-258,-142,-23,3
1753,5218,8199,-356,-190,-63,3
1817,5171,8280,-382,-205,-90,3
1895,5203,8364,-362,-217,-119,3
1908,5442,8334,-315,-224,-101,3
1908,5442,8334,-315,-224,-101,3
1929,5639,8195,-257,-228,-34,3
2027,5682,7995,-193,-224,52,3
2126,5509,7832,-126,-201,111,3
2183,5309,7698,-57,-159,136,3
2211,5266,7570,-10,-119,142,3
2189,5108,7543,4,-90,132,3
2179,4899,7592,3,-58,83,3
2096,4919,7697,-30,-46,19,3
2066,5168,7840,-84,-53,-2,3
2081,5387,7945,-94,-53,1,3
2092,5440,7965,-84,-63,29,3
2118,5415,7898,-50,-75,71,3
2165,5361,7765,-18,-88,111,3
2237,5260,7656,-4,-93,143,3
2233,5203,7583,42,-55,166,3
2229,4932,7529,88,-1,133,3
2160,4696,7600,50,17,22,3
2132,4890,7778,-7,19,-61,3
2109,5282,7878,0,28,-88,3
2080,5692,7866,-10,20,10,3
2080,5692,7866,-10,20,10,3
2037,5649,7834,5,33,63,3
2078,5431,7889,-18,26,83,3
2094,5448,7993,-29,27,101,3
2066,5573,8035,-11,41,138,3
2060,5436,8086,-2,52,175,3
2063,4956,8157,-17,49,118,3
1957,4768,8197,-49,26,-1,3
1898,5153,8231,-52,10,-41,3
1895,5505,8218,-14,7,-18,3
1971,5676,8178,5,6,42,3
2057,5543,8121,12,-4,96,3
2094,5215,8057,27,-1,91,3
2059,5170,8010,20,-4,76,3
2065,5310,7969,35,0,92,3
2115,5303,7928,49,9,110,3
2188,5145,7938,5,-1,116,3
2200,4832,7934,-25,-2,72,3
2126,4765,7934,-21,11,-8,3
2100,5044,8005,-18,18,-53,3
2080,5316,8065,-1,21,-39,3
2044,5269,8091,25,21,-24,3
2005,5203,8130,34,13,-12,3
2024,5326,8162,50,4,13,3
2032,5462,8105,82,-2,49,3
2007,5530,7998,94,-5,109,3
2084,5241,7928,79,-2,152,3
2142,4710,7920,-5,-24,41,3
2047,4817,8004,-92,-51,-106,3
1999,5407,8055,-67,-38,-142,3
2000,5746,8025,-28,-29,-100,3
2039,5755,8013,-26,-28,-21,3
2069,5643,7989,-16,-22,43,3
2104,5373,7964,15,-11,70,3
2138,5029,7919,44,4,20,3
2132,5007,7958,-33,-23,-58,3
2112,5276,8019,-91,-44,-86,3
2097,5462,8022,-67,-30,-49,3
2172,5394,7986,-22,-17,17,3
2268,5158,7945,5,-10,42,3
2176,4989,7916,39,7,7,3
2061,5103,7927,64,22,-20,3
2081,5241,7972,64,17,-14,3
2093,5327,8011,55,14,-6,3
2074,5323,8069,28,7,2,3
2083,5033,8068,10,0,-31,3
1992,4968,8068,-9,-14,-101,3
1978,5273,8048,-34,-36,-121,3
1988,5515,7999,-22,-37,-97,3
2023,5479,7971,-5,-27,-46,3
2047,5190,7929,-1,-26,-43,3
1992,5097,7935,-15,-30,-91,3
1907,5300,7935,-30,-35,-128,3
1907,5557,7968,-23,-30,-115,3
1962,5609,7996,-11,-22,-75,3
1968,5508,8042,-5,-10,-59,3
1964,5470,8095,-31,-17,-67,3
1956,5534,8129,-50,-26,-73,3
1999,5666,8158,-9,-6,-35,3
2054,5644,8127,44,14,21,3
2057,5397,8010,47,11,50,3
2093,5203,7986,20,0,51,3
2139,5102,7984,-5,0,26,3
2111,5156,8059,-52,-8,-3,3
2093,5194,8183,-76,-15,-13,3
2071,5127,8233,-55,-11,-19,3
2014,4972,8244,-26,-9,-35,3
1993,4925,8229,-43,-28,-84,3
1952,5043,8221,-70,-50,-139,3
1911,5219,8181,-31,-39,-161,3
1914,5162,8169,-4,-22,-185,3
1959,4865,8208,-34,-23,-287,3
1747,5038,8329,-82,-10,-859,3
1557,5305,8318,-153,-28,-1078,3
1240,5911,8424,-217,-47,-1194,3
1061,6721,8621,-199,-41,-1210,3
933,7716,9038,-230,-79,-1192,3
776,9040,9896,-281,-201,-1177,3
296,10480,11357,-149,-411,-1152,3
-816,12463,12619,183,-673,-977,3
-5528,17875,14463,1078,-2435,2147,3
-5528,17875,14463,1078,-2435,2147,3
-6826,18568,15055,1719,-3175,4734,3
-9793,22551,14107,3312,-3504,8923,3
-14321,25590,10667,4878,-3673,14618,3
-17095,21395,8712,5731,-3908,17453,3
-15865,14216,11383,5892,-4326,17453,3
-13931,10053,13349,5687,-4769,17453,3
-12226,5983,12166,5724,-4768,17453,3
-10492,1280,8101,6097,-3530,17453,3
-8777,-3414,2472,5697,-1441,17453,3
-7552,-9141,-1849,4767,737,17453,3
-6170,-14461,-1733,4441,2792,14863,3
-6691,-17217,2172,4456,4273,11502,3
-8736,-18932,9281,1881,4008,3615,3
-5746,-9768,8181,-431,412,-368,3
-5746,-9768,8181,-431,412,-368,3
-5417,-8365,7296,-476,10,-1017,3
-4993,-7521,6768,-419,-202,-1551,3
-4658,-7641,6287,-424,-336,-1979,3
-4375,-8917,6039,-581,-422,-2491,3
-4255,-10324,6203,-814,-487,-3192,3
-4189,-12088,6713,-1177,-557,-4061,3
-3764,-13891,6996,-1703,-691,-5187,3
-3317,-14484,6902,-2080,-934,-6531,3
-3353,-13791,6275,-2038,-1084,-7909,3
-3659,-12330,5655,-1805,-1087,-9116,3
-3996,-10881,5308,-1736,-1063,-10080,3
-3453,-9925,4983,-1962,-1153,-10945,3
-2676,-9494,4547,-2272,-1268,-12050,3
-2676,-9201,3665,-2399,-1082,-13583,3
-4109,-8626,2918,-2329,-565,-15460,3
-7134,-7218,2557,-2117,299,-17152,3
-10915,-3791,2745,-2166,1258,-17453,3
-13814,1034,4183,-2599,2191,-17453,3
-15089,5090,5974,-3086,3168,-17453,3
-15963,8595,6986,-3172,3948,-16795,3
-15563,11905,7629,-3241,4262,-15302,3
-12578,14722,9055,-3470,4324,-13256,3
-8555,17748,11965,-3433,4278,-11312,3
-4892,21506,16255,-2854,3950,-9702,3
-3117,23315,18140,-1878,3143,-8168,3
-3926,21177,17257,-680,1945,-6221,3
-4801,17175,15030,494,979,-3587,3
-4840,12280,9666,1840,569,1162,3
-4484,10346,8701,1646,737,2082,3
-3917,7589,8967,909,772,1997,3
-3089,5797,9671,253,771,1462,3
-2383,5776,10241,-1,783,780,3
-1947,7307,10600,-90,683,226,3
-1549,8846,10788,-194,473,33,3
-980,9445,10879,-278,240,230,3
-386,9186,10650,-110,102,661,3
116,8181,10217,114,19,1007,3
348,7413,9724,276,-9,1238,3
671,6526,9276,342,9,1248,3
778,5548,8946,249,-12,981,3
773,4909,8800,23,-58,566,3
592,5165,8719,-206,-111,251,3
571,5452,8663,-333,-155,60,3
536,5613,8696,-405,-216,-19,3
676,5879,8711,-382,-277,72,3
867,6051,8469,-256,-314,226,3
927,5865,8048,-143,-344,305,3
956,5792,7704,-63,-343,393,3
1002,6082,7527,30,-286,557,3
1023,6340,7458,121,-226,767,3
1142,6117,7368,149,-192,1000,3
1391,4926,7269,55,-197,991,3
1307,4095,7140,-82,-191,652,3
1136,4412,7178,-179,-158,325,3
1067,5159,7258,-225,-139,221,3
1188,5760,7342,-250,-157,295,3
1340,6003,7247,-272,-195,426,3
1418,6173,7033,-287,-216,640,3
1511,5767,6835,-249,-180,839,3
1789,4692,6797,-174,-74,795,3
1194,4952,7767,-70,252,41,3
1170,5399,8200,-33,272,-13,3
1146,5758,8436,43,270,43,3
1261,5814,8520,59,217,161,3
1356,5710,8444,69,161,259,3
1374,5698,8274,106,141,356,3
1441,5772,8141,134,138,498,3
1441,5747,8048,167,155,674,3
1545,5214,8055,265,230,782,3
1632,4373,8126,372,333,650,3
1482,4134,8231,248,307,335,3
1271,4521,8412,-54,162,68,3
1181,5065,8636,-235,76,-88,3
1284,5275,8798,-209,74,-166,3
1322,5399,8852,-153,58,-144,3
1302,5638,8849,-101,34,-50,3
1363,5719,8830,-27,18,55,3
1432,5456,8777,63,11,94,3
1432,5456,8777,63,11,94,3
1413,5182,8676,95,-18,40,3
1330,5261,8565,69,-69,-9,3
1332,5572,8421,58,-99,10,3
1344,5795,8297,77,-106,63,3
1367,5941,8192,88,-103,141,3
1393,6049,8089,83,-103,249,3
1458,6057,7937,79,-106,367,3
1558,5779,7776,94,-99,447,3
1642,5292,7713,101,-74,433,3
1759,5285,7745,-84,-101,26,3
1616,5109,7916,63,30,-65,3
1616,5109,7916,63,30,-65,3
1629,5213,8018,29,13,-109,3
1601,5413,8005,42,10,-129,3
1585,5619,7940,57,4,-92,3
1647,5614,7867,45,-11,-31,3
1691,5484,7798,33,-21,-4,3
1717,5518,7751,43,-8,20,3
1715,5676,7727,63,12,69,3
1673,5621,7752,60,22,116,3
1661,5247,7832,27,22,111,3
1600,5026,7890,19,26,41,3
1567,5235,7980,44,49,-13,3
1598,5415,8061,53,58,-36,3
1564,5354,8153,7,28,-83,3
1498,5457,8250,-31,4,-127,3
1516,5642,8261,-39,-14,-122,3
1563,5684,8206,-42,-29,-95,3
1635,5663,8162,-29,-27,-48,3
1647,5728,8122,24,-12,13,3
1636,5680,8023,70,-5,87,3
1713,5263,7970,86,4,109,3
1650,5023,7965,61,3,31,3
1549,5268,7933,18,-10,-28,3
1563,5614,7940,0,-11,-30,3
1543,5587,7946,-15,-7,-10,3
1571,5124,7996,-58,-26,-75,3
1575,5156,8061,-101,-49,-166,3
1593,5634,8053,-80,-47,-174,3
1617,5922,8031,-15,-26,-115,3
1637,5927,7994,34,-10,-3,3
1653,5763,7927,52,-8,80,3
1662,5554,7895,47,-2,117,3
1649,5472,7909,59,18,134,3
1607,5322,7928,77,29,109,3
1520,5123,7901,31,7,13,3
1438,5238,8007,-59,-23,-80,3
1455,5563,8158,-88,-34,-124,3
1488,5828,8169,-69,-41,-119,3
1567,5882,8062,-56,-53,-74,3
1617,5806,7968,-24,-46,-24,3
1605,5733,7913,23,-23,25,3
1601,5619,7860,50,-4,62,3
1519,5256,8190,-66,-9,-102,3
1474,5409,8259,-148,-47,-206,3
1388,5624,8273,-173,-64,-263,3
1345,5869,8236,-98,-40,-256,3
1271,6167,8223,-25,-14,-208,3
1243,6398,8340,8,-2,-118,3
1212,6574,8449,60,11,-7,3
1157,6773,8481,112,12,129,3
1136,6905,8470,143,-1,291,3
1046,6856,8413,162,-14,426,3
952,6841,8435,204,-10,545,3
893,7017,8567,257,-6,670,3
828,7348,8626,270,-42,818,3
884,7886,8700,220,-114,1023,3
1119,8730,9113,127,-221,1286,3
1222,10136,9846,63,-414,1577,3
347,12715,10594,-67,-738,2040,3
-905,16114,11520,-502,-1202,3149,3
-2013,18708,12705,-732,-1641,5392,3
-4616,24361,13712,-230,-1945,9057,3
-7685,27001,13355,684,-2418,13955,3
-10212,25640,13314,1188,-3261,17453,3
-12998,22240,12553,1408,-4171,17453,3
-14048,15002,9425,1742,-4676,17453,3
-9881,6280,7869,2190,-4936,17453,3
-4124,-57,7449,3245,-4812,17453,3
-3153,-887,4835,4538,-3571,17453,3
-5718,367,2298,4691,-1564,15194,3
-8638,-2384,130,3549,196,12936,3
-9754,-9585,721,2498,1335,11548,3
-10009,-15579,3372,2882,2640,9827,3
-10853,-17846,6826,3142,3797,7875,3
-10788,-19530,10437,2221,3859,6071,3
-8181,-12238,12137,-45,1791,1913,3
-6172,-8488,10330,-533,920,1206,3
-4655,-5564,8692,-716,313,787,3
-4655,-5564,8692,-716,313,787,3
-3433,-4187,7467,-820,-87,492,3
-2525,-3798,6691,-714,-280,191,3
-2312,-3967,6340,-381,-243,-158,3
-2636,-4674,6263,-135,-116,-457,3
-2954,-6639,6343,-104,-23,-855,3
-3456,-7928,6743,34,118,-1349,3
-3829,-8828,7163,78,187,-1886,3
-3972,-9468,7492,-61,140,-2392,3
-3913,-9769,7773,-308,-4,-2829,3
-3629,-9732,7708,-575,-241,-3229,3
-3171,-9607,7230,-755,-515,-3685,3
-2607,-9638,6472,-862,-800,-4332,3
-2255,-9830,5673,-956,-1077,-5236,3
-9184,-5682,3055,-4100,2343,-17453,3
-12715,-2005,5414,-4797,3337,-17453,3
-15121,2342,7959,-4950,4553,-17453,3
-16162,6080,9539,-4440,5590,-17453,3
-15863,8945,10251,-3709,6043,-16254,3
-14187,12244,11342,-3091,6058,-13972,3
-10580,14970,13664,-2467,5755,-11455,3
-5437,17332,17788,-1723,5054,-9093,3
-1930,19822,21331,-589,4063,-7146,3
-1583,19592,21905,906,2739,-5485,3
-2899,16179,18528,2262,1284,-3366,3
-3117,12665,14170,2917,369,-691,3
-2913,10629,11370,3125,243,1346,3
-2676,9156,10388,2940,426,2385,3
-2199,7710,10336,2264,502,2599,3
-1596,6441,10445,1273,315,2196,3
-828,5573,10417,325,3,1519,3
-4,5636,10328,-184,-180,965,3
867,6148,10180,-149,-117,600,3
1455,6936,10057,84,58,405,3
1719,6990,9786,192,132,359,3
1788,6605,9456,109,67,463,3
1830,6049,9154,-51,-47,613,3
1822,5632,8886,-115,-107,731,3
1750,5535,8625,-47,-88,825,3
1670,5433,8476,84,-25,909,3
1626,5232,8394,207,40,1004,3
1666,4720,8372,291,92,1038,3
1758,3986,8397,256,90,901,3
1726,3827,8383,125,36,624,3
1725,4332,8372,-55,-55,388,3
1756,4772,8372,-184,-140,263,3
1883,4873,8388,-196,-157,209,3
1907,4911,8294,-92,-121,194,3
1928,4932,8104,35,-96,197,3
1968,4854,7921,59,-108,244,3
2036,4738,7842,23,-121,314,3
2193,4328,7848,11,-117,296,3
2202,3944,7770,3,-118,160,3
2128,3937,7643,-54,-142,33,3
2049,4279,7478,-128,-169,-16,3
2114,4483,7387,-116,-119,-29,3
2248,4336,7485,-63,-26,-64,3
2190,4368,7656,-42,27,-133,3
2024,4680,7747,12,57,-164,3
1950,5019,7834,79,80,-107,3
1988,5230,7975,130,111,9,3
1990,5074,8153,160,139,77,3
1766,4978,8587,-152,-84,46,3
1840,4887,8561,-91,-75,170,3
1924,4580,8506,-66,-79,237,3
2001,4242,8451,-14,-67,234,3
1942,4127,8396,76,-17,196,3
1971,4060,8485,116,29,108,3
1965,4137,8632,126,50,-10,3
1901,4424,8694,122,35,-82,3
1939,5055,8491,60,-43,-28,3
2006,5055,8438,22,-67,60,3
2032,5081,8399,39,-62,162,3
2094,5074,8348,110,-51,280,3
2182,4838,8254,157,-56,374,3
2255,4325,8107,205,-38,361,3
2230,4039,8053,223,1,213,3
2117,4119,8186,159,25,28,3
2011,4368,8399,112,34,-135,3
1908,4808,8486,68,3,-212,3
1957,5158,8436,34,-45,-176,3
2048,5304,8298,49,-66,-70,3
2099,5275,8187,99,-49,17,3
2150,4987,8123,135,-18,178,3
2205,4719,8134,173,18,156,3
2146,4543,8157,188,47,66,3
2146,4543,8157,188,47,66,3
2097,4587,8213,95,10,-34,3
2059,4758,8218,6,-33,-105,3
2030,5044,8160,43,-11,-125,3
2036,5250,8135,86,12,-95,3
2030,5327,8117,79,5,-40,3
2031,5229,8056,72,-1,11,3
2008,5170,8026,68,7,55,3
2048,5145,8096,80,37,94,3
2078,4911,8266,108,61,98,3
2049,4750,8388,139,67,65,3
2014,4790,8329,149,54,42,3
2038,4660,8288,113,26,-17,3
2015,4653,8328,49,-2,-103,3
2018,4854,8418,22,-13,-155,3
2031,5104,8406,41,-23,-157,3
2020,5266,8268,62,-41,-100,3
2056,5345,8158,84,-44,-13,3
2049,5297,8060,100,-41,59,3
2068,5132,8005,104,-30,115,3
2136,4884,7980,132,0,127,3
2134,4666,8012,143,25,64,3
2098,4668,8081,82,7,-46,3
2037,4913,8150,44,-3,-115,3
2012,5135,8213,64,4,-138,3
2027,5342,8248,74,6,-121,3
2030,5438,8255,63,0,-89,3
2031,5393,8271,35,-19,-61,3
2015,5391,8217,10,-37,-33,3
2014,5437,8126,4,-42,8,3
1989,5420,8085,-2,-37,64,3
1999,5189,8118,2,-19,88,3
1990,4974,8162,10,-12,74,3
2014,4768,8177,19,-11,21,3
2035,4799,8175,-1,-30,-54,3
2053,5099,8172,-26,-46,-86,3
2060,5311,8134,-6,-40,-58,3
2121,5262,8050,7,-36,-13,3
2142,5132,8036,13,-31,7,3
2108,5201,8048,35,-17,15,3
2123,5324,8069,43,-13,42,3
2127,5063,8038,52,-9,49,3
2130,4819,8001,37,-8,34,3
2116,4545,7970,-38,-35,-80,3
1990,4720,7995,-82,-41,-169,3
2001,5152,8077,-64,-25,-169,3
2008,5432,8101,-28,-9,-127,3
2013,5487,8168,-1,-3,-67,3
2024,5508,8171,29,-3,0,3
2009,5499,8130,52,-2,63,3
2000,5344,8118,50,-6,108,3
2011,5129,8132,27,-12,117,3
2037,4887,8156,12,-8,71,3
2067,4726,8180,5,-2,-23,3
2038,4853,8203,-57,-34,-100,3
2115,5212,8195,-6,-34,-102,3
2115,5212,8195,-6,-34,-102,3
2091,5205,8150,38,-21,-71,3
2089,5281,8054,62,-13,-32,3
2075,5334,7993,65,-5,9,3
2019,5257,7940,51,1,36,3
2030,4992,8012,-11,-7,18,3
2005,4965,8160,-72,-23,-20,3
1992,5134,8250,-51,-20,-32,3
1910,5043,8251,-40,-26,-126,3
1910,5043,8251,-40,-26,-126,3
1883,5127,8273,-53,-33,-168,3
1836,5302,8339,-86,-52,-189,3
1868,5450,8340,-98,-66,-168,3
1880,5466,8300,-105,-77,-134,3
1898,5357,8275,-101,-82,-124,3
1948,5169,8318,-89,-70,-159,3
1948,5185,8375,-104,-69,-224,3
1857,5314,8417,-131,-77,-264,3
1857,5018,8520,-195,-110,-350,3
1859,4490,8637,-274,-138,-575,3
1662,4586,8764,-315,-133,-884,3
572,7995,10281,-662,-250,-1481,3
572,7995,10281,-662,-250,-1481,3
-47,9536,11514,-737,-362,-1581,3
-1148,11124,13825,-730,-706,-1661,3
-2462,12553,16451,-174,-1322,-1382,3
-4419,14585,19803,940,-2143,-525,3
-7089,17584,21498,2367,-3298,1251,3
-8007,18402,19700,3822,-4899,4388,3
-9666,21750,18932,5295,-5855,8922,3
-14449,30815,18597,7020,-6206,15075,3
-18398,26311,17893,7997,-7390,17453,3
-18930,12820,15225,7506,-8790,17453,3
-16127,5497,9663,6962,-8612,17453,3
-11832,1013,5888,7011,-6957,17453,3
-7814,-3508,1149,6318,-4884,17453,3
-5050,-9374,-5371,5267,-2438,17453,3
-4313,-14720,-6085,4562,218,16970,3
-4853,-16094,-2068,3884,1865,12998,3
-6293,-13398,1139,2936,2182,9483,3
-6845,-11444,3438,1738,1868,7392,3
-6845,-11444,3438,1738,1868,7392,3
-6634,-11254,4388,1221,1632,6611,3
-6295,-11461,4532,937,1626,2261,3
-4729,-9184,6228,50,1000,-439,3
-4729,-9184,6228,50,1000,-439,3
-4636,-9361,6551,-24,774,-899,3
-4587,-9809,6589,-81,572,-1302,3
-4576,-10486,6371,-110,425,-1653,3
-4667,-11226,5912,-172,298,-1929,3
-4458,-11742,5236,-260,209,-2162,3
-3869,-11705,4534,-380,110,-2452,3
-3123,-12259,3878,-543,-15,-3069,3
-2869,-13422,3477,-783,-88,-4124,3
-3100,-13986,3458,-1122,-88,-5427,3
-3363,-13901,3478,-1475,-150,-6827,3
-3753,-13630,3209,-1569,-183,-8154,3
-4235,-13457,2859,-1522,-144,-9347,3
-3942,-13682,2272,-1820,-217,-10655,3
-3077,-14650,877,-2209,-263,-12496,3
-3362,-14979,-1272,-2404,246,-14750,3
-5722,-13865,-2549,-2617,1371,-16860,3
-9684,-10842,-2200,-3368,2647,-17453,3
-12554,-6761,15,-5080,3773,-17453,3
-14306,-2523,3885,-6634,5322,-17453,3
-15985,966,7820,-7576,6828,-17453,3
-17313,4356,10217,-6545,7990,-17268,3
-6221,16775,17359,-546,6247,-8693,3
-6221,16775,17359,-546,6247,-8693,3
-2323,21991,21354,482,5482,-6865,3
-1734,23052,21402,1622,4066,-5256,3
-3161,19176,17652,2491,2271,-2877,3
-3658,14722,13871,2753,1230,155,3
-3513,12274,12070,2917,1095,2558,3
-3180,10598,11746,2929,1087,3766,3
-2537,9744,11789,2878,1041,4200,3
-305,8554,11114,724,-361,5044,3
-305,8554,11114,724,-361,5044,3
1505,7684,10435,-4,-833,5073,3
2917,6979,9614,-552,-991,4784,3
5011,3940,7631,-1584,-711,1672,3
5011,3940,7631,-1584,-711,1672,3
5280,3362,7717,-1440,-459,413,3
4843,3960,7960,-977,-101,-358,3
4215,5152,8208,-499,190,-599,3
4025,5880,8372,-283,312,-499,3
3883,5899,8473,-273,315,-273,3
3633,5733,8578,-297,297,-13,3
3500,5408,8549,-315,262,246,3
3475,4975,8491,-381,217,416,3
3359,4774,8575,-535,133,472,3
3354,4456,8700,-682,12,441,3
3421,4042,8657,-734,-88,297,3
3511,3929,8546,-839,-198,120,3
3475,4181,8431,-928,-266,28,3
3460,4496,8397,-919,-267,84,3
3707,4303,8273,-866,-253,175,3
3822,3986,8019,-768,-221,225,3
3732,4064,7816,-656,-160,339,3
3864,3876,7751,-594,-132,444,3
3945,3504,7589,-594,-167,449,3
4027,2924,7516,-658,-246,324,3
4031,2553,7556,-641,-268,116,3
4002,2718,7653,-441,-184,-60,3
4118,2767,7711,-248,-86,-216,3
4167,2861,7749,-216,-50,-303,3
4148,3079,7867,-247,-31,-338,3
4191,3310,8038,-245,5,-324,3
4185,3555,8136,-233,30,-248,3
4134,3738,8180,-205,49,-129,3
4060,3647,8186,-153,63,-15,3
3963,3290,8093,-77,69,13,3
3927,3135,8006,-14,78,0,3
3939,3172,8018,22,93,-25,3
3956,3202,8168,61,111,-78,3
3912,3219,8260,109,125,-120,3
3829,3301,8288,160,140,-147,3
3787,3492,8271,182,151,-136,3
3854,3747,8195,145,141,-66,3
3903,3914,8164,86,132,42,3
3966,3894,8218,36,140,153,3
3972,3751,8262,-10,132,231,3
3925,3511,8261,-50,109,239,3
3921,3433,8306,-76,107,221,3
3840,3162,8499,-75,113,153,3
3768,2765,8620,-5,135,-62,3
3646,3201,8646,-16,112,-229,3
3731,3651,8620,-95,47,-263,3
3832,3955,8545,-115,7,-170,3
3894,3939,8425,-94,-9,-76,3
3925,3796,8275,-84,-20,-15,3
3956,3767,8171,-126,-31,43,3
3975,3797,8079,-181,-34,102,3
4010,3741,8038,-222,-14,148,3
4043,3302,7986,-264,-3,137,3
4043,3302,7986,-264,-3,137,3
4016,2844,7926,-280,8,1,3
3889,2837,7977,-289,31,-169,3
3756,3161,8130,-275,62,-305,3
3597,3609,8232,-218,91,-302,3
3611,3755,8332,-136,118,-172,3
3719,3717,8350,-50,125,-20,3
3764,3680,8267,18,127,80,3
3735,3622,8158,38,128,140,3
3756,3391,8193,-4,119,144,3
3745,3220,8284,-61,111,132,3
3689,3050,8366,-55,139,93,3
3682,2821,8469,-62,167,-13,3
3647,2813,8585,-162,150,-151,3
3512,3195,8777,-673,-45,-285,3
3512,3195,8777,-673,-45,-285,3
3603,3019,8834,-768,-68,-286,3
3590,2937,8886,-849,-78,-357,3
3572,3068,8909,-923,-76,-417,3
3521,3101,8929,-1028,-73,-423,3
3529,2985,8992,-1160,-67,-435,3
3579,2591,9043,-1283,-72,-496,3
3537,2379,9034,-1386,-92,-617,3
3466,2573,9119,-1448,-100,-692,3
3465,2784,9241,-1472,-119,-696,3
3450,2832,9265,-1438,-155,-649,3
3445,2801,9200,-1342,-184,-573,3
3523,2770,9089,-1202,-202,-478,3
3700,1986,8980,-43,19,-162,3
3700,1986,8980,-43,19,-162,3
3697,1884,8972,-44,6,-144,3
3663,1964,8995,-30,4,-120,3
3598,2103,8933,-1,7,-59,3
3609,2057,8843,-5,-13,8,3
3596,1885,8772,-24,-43,47,3
3557,1771,8722,-10,-43,47,3
3566,1749,8765,31,-11,23,3
3604,1755,8846,58,18,-9,3
3567,1788,8903,46,17,-51,3
3560,1934,8907,4,5,-73,3
3591,2080,8942,-35,-13,-50,3
3646,2166,8930,-46,-29,10,3
3691,2146,8834,-19,-23,87,3
3720,2001,8801,28,3,125,3
3665,1890,8746,61,28,126,3
3674,1507,8699,57,36,56,3
3575,1393,8804,50,47,-52,3
3538,1763,8948,102,90,-95,3
3501,1984,9099,133,101,-105,3
3505,2025,9186,100,62,-82,3
3512,1958,9161,60,26,-70,3
3480,2013,9117,42,17,-71,3
3489,2218,9079,27,10,-33,3
3521,2276,9013,18,-4,32,3
3580,2059,8913,27,-6,66,3
3557,1824,8849,43,-2,54,3
3548,1715,8822,50,-2,13,3
3575,1697,8804,23,-11,-45,3
3592,1807,8802,2,-7,-91,3
3523,1974,8812,5,13,-114,3
3483,2096,8893,-18,23,-112,3
3465,2184,9010,-44,29,-84,3
3475,2207,9103,-23,27,-55,3
3482,2164,9123,-6,9,-30,3
3480,2159,9113,-20,-20,-4,3
3514,2190,9073,-31,-41,18,3
3554,2126,8986,-31,-43,35,3
3604,1939,8945,-34,-36,22,3
3587,1796,8966,-26,-19,-22,3
3572,1794,8989,-38,-22,-78,3
3591,1790,8967,-90,-54,-137,3
3614,1878,8970,-133,-71,-170,3
3549,1917,8970,-111,-47,-184,3
3514,1818,9025,-66,-9,-214,3
3544,1836,9119,-99,-14,-278,3
3493,2026,9251,-183,-50,-340,3
3526,1992,9385,-226,-66,-389,3
3572,1652,9481,-251,-71,-523,3
3340,1679,9603,-302,-75,-767,3
2869,2370,9911,-370,-47,-996,3
-7610,17814,22058,2033,-10985,7766,3
-7586,19190,18889,3603,-11781,12579,3
-9111,14340,17139,5814,-12018,17453,3
-9305,2446,14414,7552,-11900,17453,3
-5694,-4268,10607,7678,-11695,17453,3
-1140,-9706,5073,7032,-10917,17453,3
1271,-13577,-1134,6349,-8993,16742,3
-782,-10925,-4417,5327,-6811,12371,3
-4976,-7614,-3913,3648,-5168,8715,3
-13076,-8476,-2266,687,-3648,6878,3
-13076,-8476,-2266,687,-3648,6878,3
-13887,-11267,-2785,802,-2798,6888,3
-14085,-12878,-3170,1388,-1841,6442,3
-14801,-13964,-3575,1696,-1008,5568,3
-14885,-15502,-3233,1764,-291,4502,3
-14241,-17001,-3105,1645,419,3461,3
-12712,-18119,-2871,1344,1063,2484,3
-5243,-11791,650,-525,1644,-1836,3
-5243,-11791,650,-525,1644,-1836,3
-4066,-10382,1314,-466,1483,-2495,3
-2928,-9379,1929,-195,1437,-2839,3
-2078,-9022,2379,115,1502,-3074,3
-1555,-9298,2546,342,1646,-3346,3
-1007,-9633,2628,312,1805,-3659,3
-401,-9665,2668,14,1903,-4098,3
38,-9615,2701,-383,1899,-4741,3
353,-9560,2705,-676,1890,-5476,3
755,-9808,2571,-812,1952,-6304,3
1025,-10048,2402,-894,1999,-7283,3
990,-9642,2147,-935,2038,-8275,3
939,-9079,1762,-874,2135,-9106,3
1067,-8521,1225,-701,2355,-9833,3
1106,-7825,841,-535,2743,-10589,3
974,-7204,806,-561,3297,-11476,3
454,-6648,1455,-905,3917,-12687,3
-1368,-4164,2789,-1358,4620,-13972,3
-2972,-937,5032,-2546,5320,-14702,3
-4861,2390,6847,-4844,6441,-14084,3
-4644,2608,8589,-6537,6737,-13294,3
-5043,3960,9933,-5536,6626,-12853,3
-4459,6140,10586,-4960,6336,-11431,3
-2948,7998,11486,-4188,6041,-9837,3
1024,11430,16307,-2017,5147,-7016,3
1024,11430,16307,-2017,5147,-7016,3
1559,11502,18058,-1229,4358,-5790,3
-181,10322,17083,47,3251,-4678,3
-967,8085,14642,683,2206,-3405,3
-742,6571,12619,799,1706,-2160,3
-951,6866,11733,940,1712,-1094,3
-1177,7750,11652,1014,1698,-169,3
-687,7441,11790,902,1512,401,3
70,6350,11649,590,1188,662,3
639,5525,11241,187,837,679,3
1088,4873,10934,-175,526,599,3
1587,3846,10638,-217,366,424,3
1094,5074,10154,176,627,23,3
1094,5074,10154,176,627,23,3
1259,4861,10617,-47,538,-32,3
1240,4934,10874,-92,457,-14,3
1247,5080,10890,53,395,117,3
1310,5168,10713,231,308,353,3
1432,5005,10345,417,238,647,3
1485,4605,9869,671,258,878,3
1351,4230,9477,860,329,956,3
1339,4128,9279,922,403,908,3
1320,4362,9229,834,409,798,3
1267,4741,9290,554,303,721,3
1395,4753,9396,230,157,678,3
1602,4300,9484,0,34,605,3
1677,3982,9451,-60,-17,480,3
1648,4104,9375,-70,-43,419,3
1760,4318,9288,-120,-101,457,3
1905,4183,9120,-103,-151,523,3
1958,3775,8875,6,-139,538,3
2020,3568,8734,120,-75,492,3
2090,3574,8693,166,-26,418,3
2193,3463,8692,88,-33,265,3
2037,3615,8701,-20,-56,129,3
1946,4041,8825,-44,-43,104,3
1958,4398,8948,-4,-27,191,3
2083,4223,8968,63,-33,263,3
2123,3847,8838,106,-50,245,3
1909,3860,8722,85,-58,228,3
1926,4195,8807,74,-42,276,3
2000,4585,8922,104,-39,406,3
2014,4824,8827,136,-67,592,3
2191,4531,8668,102,-117,768,3
2542,3743,8566,-49,-183,771,3
2646,3436,8470,-165,-213,640,3
2564,3630,8346,-194,-199,525,3
2530,3939,8267,-208,-181,510,3
2558,4219,8243,-226,-159,602,3
2585,3823,8296,-190,-108,701,3
2637,2949,8408,-6,17,546,3
2555,2918,8654,117,109,264,3
2523,3495,8917,94,99,85,3
2519,4072,9073,38,37,54,3
2579,4308,9062,31,-5,118,3
2645,3761,8719,68,-34,138,3
2692,3865,8601,68,-24,118,3
2681,4146,8506,64,-23,160,3
2613,4216,8472,86,-3,219,3
2633,4162,8531,113,25,282,3
2676,4036,8597,138,34,327,3
2687,4008,8570,161,33,361,3
2638,3949,8430,168,27,385,3
2758,3511,8357,121,28,327,3
2833,3240,8413,14,23,128,3
2833,3240,8413,14,23,128,3
2757,3526,8552,-96,5,-21,3
2695,3828,8627,-120,2,-39,3
2564,3702,8626,-66,19,-37,3
2616,3305,8727,-32,32,-123,3
2583,3537,8881,-41,28,-188,3
2583,3990,8945,5,24,-178,3
2572,4252,8854,75,18,-100,3
2536,4229,8697,109,9,-7,3
2543,4027,8599,83,-6,37,3
2587,3927,8582,35,-11,48,3
2609,3878,8614,39,3,31,3
2512,3902,8582,31,3,12,3
2458,3955,8638,26,17,24,3
2486,4091,8776,45,41,78,3
2531,4047,8819,67,43,122,3
2640,3719,8704,78,38,101,3
2621,3532,8614,27,17,22,3
2545,3699,8639,-29,7,-11,3
2596,3952,8784,0,26,9,3
2624,4088,8796,40,28,55,3
2619,3992,8690,47,8,92,3
2614,3761,8627,50,3,108,3
2592,3834,8670,52,19,-27,3
2592,3834,8670,52,19,-27,3
2539,4015,8684,-4,2,-36,3
2542,4072,8692,-7,7,-5,3
2533,3985,8705,-4,6,12,3
2511,3872,8682,-10,-6,17,3
2503,3883,8611,-3,-14,36,3
2479,3913,8530,8,-11,67,3
2539,3817,8523,18,-1,75,3
2552,3763,8558,19,11,73,3
2572,3615,8626,24,23,56,3
2564,3435,8661,25,21,-21,3
2582,3577,8660,-16,0,-94,3
2582,3895,8639,-54,-21,-113,3
2563,4017,8602,-49,-27,-77,3
2598,3861,8553,-15,-12,-46,3
2625,3725,8518,7,9,-72,3
2537,3848,8569,-11,14,-105,3
2516,4145,8672,-13,28,-96,3
2540,4352,8751,11,41,-31,3
2519,4213,8742,14,30,27,3
2509,3923,8730,-25,5,28,3
2529,3872,8739,-55,-3,31,3
2570,3696,8675,-37,0,48,3
2473,3591,8706,-57,-2,-22,3
2439,3766,8796,-65,-6,-58,3
2482,3887,8857,-54,-18,-60,3
2537,3833,8882,-27,-28,-63,3
2531,3761,8852,-26,-41,-90,3
2529,3851,8837,-39,-55,-104,3
2549,4027,8808,-24,-55,-75,3
2587,4142,8718,9,-51,-22,3
2676,4058,8559,11,-56,19,3
2656,3806,8439,-33,-68,22,3
2686,3519,8498,-67,-50,-52,3
2572,3727,8643,-64,-18,-137,3
2466,4088,8792,-93,-25,-161,3
2502,4150,8915,-125,-37,-145,3
2543,4039,9014,-99,-25,-130,3
2496,4016,9018,-75,-21,-134,3
2381,4116,9013,-75,-36,-130,3
2371,4221,9013,-65,-48,-95,3
2419,4121,8990,-35,-51,-67,3
2425,3895,9004,-49,-62,-116,3
2433,3707,9057,-85,-64,-233,3
2397,3671,9148,-108,-61,-396,3
2244,3897,9179,-101,-45,-526,3
2123,4160,9233,-51,-15,-624,3
1927,4562,9319,-58,-15,-688,3
1690,5290,9615,-104,-31,-695,3
1558,6736,10480,-115,-77,-639,3
1529,9269,12507,-37,-291,-604,3
494,12059,15103,205,-728,-557,3
-1511,14741,17754,421,-1355,-273,3
-4104,16346,19749,706,-2470,623,3
-6413,16224,19429,1389,-3921,2586,3
-6612,15556,18116,2595,-5154,5751,3
-8051,18006,15130,4590,-5517,9919,3
-9859,17728,11543,6287,-5370,14212,3
-9598,13276,10167,7224,-5095,17453,3
-7704,9033,10089,7376,-4740,17453,3
-6067,6067,9019,7076,-4306,17453,3
-5142,2766,7326,6643,-3656,17453,3
-4297,-745,5452,6114,-2570,17453,3
-3884,-4037,3231,5334,-1203,15903,3
-4149,-8022,1638,4195,182,14101,3
-3092,-12421,6566,-185,1290,1861,3
-2845,-10850,6179,-300,1043,1010,3
-2637,-9148,5984,-357,867,458,3
-2330,-8130,5919,-393,737,90,3
-2087,-7666,5944,-341,685,-147,3
-2087,-7666,5944,-341,685,-147,3
-1960,-7605,6220,-240,694,-300,3
-1883,-7907,6638,-175,695,-398,3
-1828,-8536,7035,-156,632,-475,3
-1658,-9379,7180,-147,502,-626,3
-1395,-9929,7064,-79,335,-902,3
-1185,-9961,6714,30,184,-1302,3
-899,-9749,6360,70,56,-1730,3
591,-10282,4948,-555,-182,-4219,3
591,-10282,4948,-555,-182,-4219,3
616,-10175,5176,-772,-117,-4956,3
829,-10076,5473,-900,-49,-5632,3
1118,-9822,5748,-880,-64,-6357,3
1055,-9780,5843,-860,-111,-7244,3
1213,-10173,5685,-1084,-182,-8368,3
1309,-10916,5418,-1556,-366,-9840,3
994,-11494,4776,-2224,-601,-11721,3
-154,-10710,4070,-3017,-642,-13723,3
-2357,-9022,3642,-3438,-55,-15575,3
-5411,-6142,3486,-3322,1131,-16882,3
-8539,-1303,4400,-3197,2368,-17078,3
-9706,3444,5880,-3166,3397,-16331,3
-9712,6486,6865,-3552,3801,-15036,3
-8767,7846,7613,-3971,3854,-13215,3
-7136,8989,8505,-3828,4079,-11222,3
-5268,10468,9712,-3323,4344,-9343,3
-2870,11984,11916,-2638,4382,-7879,3
-656,14365,14995,-1728,4051,-6889,3
31,16109,16334,-880,3256,-6105,3
-538,15048,16214,-134,2106,-5087,3
-1347,12738,14014,796,1219,-3373,3
-1608,10691,11128,1484,796,-1386,3
-1371,9627,9201,1673,776,156,3
-1031,8415,8468,1532,950,968,3
-1015,6605,8423,1205,1096,1048,3
-901,5296,8887,842,1214,712,3
-802,5486,9573,601,1294,250,3
-757,6605,10205,429,1230,-109,3
-468,7619,10622,323,1053,-256,3
-161,8194,10755,203,793,-214,3
114,8001,10591,84,503,-44,3
322,7533,10254,126,327,204,3
531,7330,9834,280,258,486,3
725,6914,9447,429,247,735,3
945,5997,9085,529,254,741,3
908,5566,8826,440,201,575,3
865,5712,8667,173,88,462,3
762,5769,8546,-34,3,400,3
948,5182,8567,-105,-7,217,3
1022,5114,8674,-103,7,-35,3
998,5837,8798,-113,-3,-114,3
1131,6504,8870,-102,-38,-19,3
1230,6662,8703,-89,-84,153,3
1157,6322,8387,-146,-148,337,3
1138,5898,8186,-280,-208,441,3
1175,5864,8168,-418,-240,527,3
1256,5980,8215,-496,-258,664,3
1381,5846,8177,-518,-266,839,3
1647,4987,8127,-508,-253,918,3
1812,3858,8065,-463,-216,727,3
1644,3592,7966,-392,-183,438,3
1520,4102,7950,-308,-121,249,3
1502,4641,8085,-247,-55,180,3
1612,4763,8338,-194,-6,143,3
1652,4668,8563,-113,26,70,3
1601,4823,8716,-46,32,19,3
1614,5139,8798,-17,9,68,3
1672,5298,8725,-9,-26,158,3
1705,5150,8570,-23,-70,246,3
1683,4811,8407,-82,-110,282,3
1646,4421,8312,-104,-108,212,3
1647,4313,8287,-83,-78,98,3
1622,4467,8372,-114,-82,24,3
1629,4692,8455,-113,-79,-19,3
1647,4957,8517,-65,-53,-25,3
1671,5067,8542,-42,-43,9,3
1711,4908,8510,-31,-45,35,3
1723,4737,8492,-46,-58,49,3
1729,4755,8478,-39,-64,84,3
1757,4771,8397,2,-58,123,3
1792,4602,8345,12,-50,134,3
1783,4441,8344,5,-48,110,3
1778,4449,8412,10,-44,93,3
1862,4346,8498,36,-27,58,3
1835,4210,8533,31,-35,-53,3
1889,5054,8303,-53,-152,-44,3
1981,5042,8177,7,-131,33,3
1994,5093,7984,33,-116,116,3
2020,5120,7883,58,-88,216,3
2126,4755,7908,111,-27,275,3
2154,4212,7982,156,35,161,3
2026,4326,8081,113,40,-2,3
1975,4826,8184,20,4,-54,3
1922,5136,8159,4,-4,-29,3
1849,5027,8449,94,-16,101,3
1849,5027,8449,94,-16,101,3
1853,4817,8441,70,-23,99,3
1896,4934,8417,64,-30,109,3
1969,5051,8311,84,-35,145,3
2001,4800,8160,91,-31,151,3
1989,4491,8096,84,-9,92,3
1934,4568,8151,67,11,41,3
1972,4746,8220,37,6,26,3
1966,4756,8189,22,-3,9,3
1843,4692,8223,22,-2,-8,3
1843,4814,8383,30,7,20,3
1914,4952,8498,60,14,59,3
1911,5036,8500,80,6,103,3
1892,4927,8447,102,7,132,3
1897,4793,8378,109,15,144,3
1942,4759,8370,48,-9,145,3
2032,4763,8333,2,-37,158,3
2050,4427,8237,36,-17,120,3
1964,4158,8229,52,11,-31,3
1895,4504,8387,-48,-20,-144,3
1984,5018,8535,-92,-53,-155,3
2027,5256,8531,-35,-54,-111,3
2011,5136,8414,15,-47,-45,3
2001,4814,8365,35,-44,-34,3
2023,4830,8385,49,-43,-34,3
2009,5053,8323,71,-44,-6,3
1996,5111,8232,86,-36,24,3
2006,4969,8211,53,-36,22,3
2039,4856,8212,-28,-70,3,3
2090,4982,8172,-58,-83,5,3
2094,5141,8029,-25,-64,30,3
2069,5172,7953,-6,-41,66,3
2074,4927,8007,-8,-19,71,3
2048,4711,8087,9,4,17,3
1953,4867,8189,20,22,-13,3
1953,5089,8370,21,33,-1,3
1958,5063,8512,14,15,19,3
1969,4835,8492,36,-4,15,3
1936,4762,8369,47,-20,-17,3
1947,4946,8336,11,-38,-41,3
1999,5080,8318,-3,-46,-30,3
2042,5005,8249,-14,-62,-13,3
2103,4796,8215,-19,-68,-15,3
2092,4725,8190,-6,-56,-46,3
2062,4800,8207,-17,-52,-77,3
2043,4931,8215,-14,-44,-85,3
1962,5066,8208,11,-30,-83,3
1923,5139,8230,25,-20,-54,3
1919,5225,8284,34,-13,-27,3
1843,5395,8311,46,-6,2,3
1829,5618,8441,58,1,56,3
1838,5670,8590,67,-3,113,3
1765,5564,8775,192,-43,211,3
1738,5590,8761,239,-46,230,3
1673,5751,8747,251,-55,254,3
1616,5946,8894,257,-61,280,3
1568,6372,9234,256,-92,333,3
1541,7059,9763,261,-194,411,3
1511,8023,10494,321,-354,518,3
1283,9223,11250,447,-564,667,3
-475,11754,11858,235,-1917,2309,3
-690,12950,12294,17,-2689,3751,3
-869,13628,12648,73,-3454,5399,3
-1361,13673,12238,686,-3973,7195,3
-2015,13527,11547,1456,-4341,9211,3
-2715,12148,10212,2198,-4667,11137,3
-2815,9458,7820,3180,-4713,12723,3
-1835,6972,5571,4206,-4212,14009,3
64,5328,5005,4718,-3555,14828,3
1279,3829,4889,4864,-2927,14945,3
1777,1921,4284,4677,-2234,14380,3
1666,-357,3736,4157,-1416,13409,3
1924,-1959,3991,3350,-637,12322,3
1617,-2849,3715,2432,-34,11372,3
1185,-4441,3220,1762,457,10546,3
1034,-6202,3536,1409,850,9966,3
1319,-7105,4702,1310,1051,9431,3
130,-8633,5826,1553,1030,5719,3
-757,-8928,6282,1544,1139,4896,3
-1488,-9542,6749,1366,1234,4180,3
-1942,-10170,6951,1154,1320,3535,3
-2205,-10240,7132,967,1397,2940,3
-2364,-10087,7219,737,1410,2359,3
-2529,-9986,7437,515,1374,1786,3
-2622,-9726,7878,340,1241,1286,3
-2679,-9404,8154,202,1059,837,3
-2468,-9014,8245,80,830,476,3
-2190,-8466,7999,41,613,199,3
-1856,-8011,7802,-2,432,-61,3
-1577,-7688,7752,-78,270,-321,3
-1482,-7672,7660,-173,99,-563,3
-1413,-7952,7537,-257,-43,-779,3
-1289,-8180,7417,-289,-144,-976,3
-1121,-8454,7284,-282,-196,-1194,3
-832,-8621,7152,-292,-227,-1413,3
-389,-8607,7069,-319,-259,-1663,3
89,-8487,6993,-363,-302,-1953,3
89,-8487,6993,-363,-302,-1953,3
362,-8609,6906,-419,-354,-2319,3
541,-8875,6674,-507,-410,-2790,3
652,-8807,6308,-607,-495,-3315,3
792,-8983,5776,-672,-583,-3915,3
729,-8694,5280,-631,-579,-4472,3
721,-8197,5006,-594,-525,-4957,3
659,-7884,4944,-580,-430,-5389,3
450,-7841,4948,-578,-269,-5766,3
351,-8099,5060,-622,-101,-6117,3
579,-8676,5241,-761,-15,-6633,3
768,-9021,5388,-1008,-40,-7436,3
744,-8781,5183,-1245,-80,-8465,3
391,-8175,4632,-1436,-39,-9622,3
784,-9334,3743,-1849,199,-12819,3
-11381,5163,6161,-3697,3773,-15289,3
-10922,7705,7330,-3276,4299,-13674,3
-9695,9262,7989,-2833,4432,-11661,3
-8178,10959,8415,-2431,4515,-9597,3
-5782,12803,9765,-1826,4577,-7950,3
-3189,14708,12852,-1201,4275,-6847,3
-1242,17217,16290,-744,3587,-5885,3
-1109,18148,17921,-223,2599,-4936,3
-2582,15182,16436,621,1569,-3788,3
-3701,11826,13383,1411,908,-2056,3
-3465,9694,10971,1927,813,-288,3
-3047,8638,9694,2294,1118,720,3
-1891,7806,10504,54,621,-123,3
-1407,8463,10745,-193,456,-249,3
-854,8347,10842,-211,333,-274,3
-606,7958,10786,-91,226,-227,3
-432,7737,10496,11,124,-99,3
-244,7696,10079,42,26,51,3
-240,7504,9678,25,-51,204,3
-203,6961,9465,18,-85,286,3
-143,6599,9375,15,-82,311,3
-4,6510,9361,-66,-104,329,3
187,6281,9329,-168,-149,328,3
125,6119,9140,-190,-189,285,3
107,6180,8893,-169,-230,293,3
254,6301,8678,-158,-273,390,3
457,6184,8484,-144,-307,503,3
747,5785,8338,-141,-317,564,3
749,5673,8127,-117,-297,592,3
666,5803,7954,-81,-256,645,3
754,5613,7881,-86,-222,721,3
981,4911,7897,-164,-231,665,3
1039,4535,7860,-274,-266,511,3
913,4650,7653,-339,-296,377,3
865,4842,7522,-308,-280,304,3
990,4861,7547,-224,-227,267,3
1149,4722,7676,-192,-205,224,3
1239,4793,7771,-150,-194,184,3
1267,5019,7814,-26,-142,170,3
1241,5310,7828,109,-71,194,3
1316,5199,7793,217,19,317,3
1316,5199,7793,217,19,317,3
1355,5298,7756,199,33,357,3
1406,5181,7783,126,30,381,3
1405,4699,7887,45,28,290,3
1321,4513,8080,3,35,110,3
1223,4807,8232,-23,27,-3,3
1210,5205,8308,-7,15,-3,3
1193,5318,8302,35,9,46,3
1171,5035,8235,63,-1,90,3
1171,5035,8235,63,-1,90,3
1077,4976,8232,56,-12,63,3
1067,5066,8265,5,-46,50,3
1094,5334,8298,14,-39,62,3
1169,5347,8336,42,-28,71,3
1185,5207,8338,33,-40,50,3
1180,5270,8320,14,-55,44,3
1228,5397,8278,10,-66,51,3
1268,5527,8196,2,-78,86,3
1303,5494,8051,37,-61,144,3
1325,5391,7968,74,-31,182,3
1393,5226,7980,110,9,204,3
1379,4974,8013,100,17,154,3
1283,5016,8091,38,-10,61,3
1267,5375,8209,17,-20,26,3
1297,5643,8257,41,-19,58,3
1352,5382,8190,43,-33,63,3
1368,5518,8150,-44,-86,-2,3
1450,5578,8090,-16,-75,58,3
1482,5336,8036,32,-51,102,3
1458,5067,8042,54,-38,93,3
1489,5057,8047,62,-30,76,3
1543,5282,7993,73,-26,91,3
1594,5406,7914,84,-14,133,3
1610,5364,7849,87,5,193,3
1661,5056,7822,39,1,210,3
1731,4698,7858,-98,-50,134,3
1740,4670,7925,-187,-79,53,3
1740,4670,7925,-187,-79,53,3
1726,4778,7960,-133,-52,34,3
1683,4637,7907,-32,-1,2,3
1395,4620,7868,18,40,-62,3
1268,4898,7993,-27,46,-115,3
1273,5253,8165,-47,50,-147,3
1205,5595,8248,-6,61,-146,3
1162,5782,8266,13,52,-107,3
1186,5842,8277,6,36,-39,3
1207,5786,8237,34,33,18,3
1171,5691,8158,54,35,57,3
1206,5420,8147,47,42,44,3
1203,5333,8181,33,41,11,3
1223,5399,8183,18,25,10,3
1249,5321,8164,11,17,-15,3
1237,5364,8199,-9,11,-43,3
1302,5518,8236,-23,0,-36,3
1370,5603,8208,-27,-6,-6,3
1379,5512,8181,-18,0,37,3
1328,5370,8159,10,11,69,3
1368,5326,8115,15,10,98,3
1490,5328,8028,10,10,135,3
1325,5073,8315,-18,58,-82,3
1325,5073,8315,-18,58,-82,3
1410,5500,8406,-45,21,-76,3
1389,5510,8366,-64,-9,-50,3
1322,5144,8373,-105,-35,-85,3
1259,5116,8412,-139,-49,-153,3
1284,5458,8417,-140,-54,-158,3
1321,5685,8402,-103,-53,-100,3
1297,5578,8369,-59,-42,-36,3
1246,5354,8389,-15,-25,-17,3
1236,5373,8403,13,-20,-12,3
1258,5575,8348,28,-26,20,3
1325,5666,8256,45,-33,70,3
1403,4895,8051,-6,-29,-19,3
1403,4895,8051,-6,-29,-19,3
1380,5099,8036,4,6,-17,3
1380,5099,8036,4,6,-17,3
1352,5291,8110,17,12,-15,3
1304,5411,8135,30,16,4,3
1272,5363,8109,11,8,17,3
1301,5372,8121,-22,-1,33,3
1319,5425,8117,-37,-4,54,3
1351,5373,8091,-41,-2,72,3
1370,5087,8115,-45,-2,52,3
1343,4960,8172,-47,-3,-17,3
1380,5499,8278,-27,2,-16,3
1380,5499,8278,-27,2,-16,3
1415,5484,8290,-8,4,24,3
1409,5304,8297,1,-1,44,3
1405,5165,8273,15,-2,39,3
1383,5205,8253,35,1,43,3
1324,5233,8196,44,2,41,3
1295,5150,8209,10,-4,12,3
1246,5194,8332,-37,-14,-39,3
1201,5427,8431,-47,-17,-66,3
1194,5589,8455,-34,-21,-67,3
1183,5675,8480,-67,-45,-66,3
1174,5809,8565,-89,-66,-35,3
949,5763,8596,41,-33,135,3
949,5763,8596,41,-33,135,3
766,5800,8663,60,-25,110,3
-50,7444,9447,199,-15,280,3
-50,7444,9447,199,-15,280,3
-262,7812,9574,265,-31,405,3
-312,8492,9937,370,-71,564,3
-301,9979,10880,510,-237,790,3
-444,12611,12050,635,-593,1187,3
-1025,15200,13301,445,-1131,1858,3
-2336,16975,14451,126,-1723,2983,3
-3307,19330,15399,-81,-2450,4979,3
-4422,22050,15068,140,-3394,7945,3
-5819,22205,14485,480,-4562,11796,3
-7302,18593,13146,1056,-5519,15527,3
-8213,13733,10380,1956,-5857,17453,3
-3836,4387,5197,4598,-4008,17453,3
-3369,2895,3876,4466,-3017,16921,3
-3526,816,2419,4132,-1632,15716,3
-5346,-10849,1012,2048,1970,11361,3
-5083,-12645,2869,1987,2566,9757,3
-5024,-13069,4557,2085,2971,7851,3
-5396,-13373,5892,2046,3128,6050,3
-5839,-13995,7005,1741,3062,4611,3
-5919,-14025,7963,1259,2816,3615,3
-5721,-13326,8638,814,2491,2876,3
-5230,-12447,8792,443,2116,2174,3
-4719,-10982,8461,91,1685,1505,3
-4133,-9502,8037,-189,1251,904,3
-3493,-8190,7695,-319,860,433,3
-3176,-7128,7462,-306,570,78,3
-3176,-7128,7462,-306,570,78,3
-2833,-6869,7417,-225,382,-215,3
-2559,-6835,7547,-169,239,-405,3
-2347,-7131,7664,-205,90,-584,3
-2276,-7699,7689,-269,-58,-784,3
-2140,-8285,7623,-335,-185,-1011,3
-1862,-8797,7597,-388,-300,-1283,3
-1710,-9164,7637,-433,-396,-1607,3
-1391,-9534,7586,-523,-520,-1994,3
-884,-9792,7356,-627,-694,-2479,3
-520,-9997,6915,-746,-871,-3109,3
-208,-9848,6427,-901,-1014,-3788,3
-142,-9536,6106,-991,-1094,-4458,3
-215,-9537,6037,-1054,-1080,-5149,3
-289,-9650,6092,-1167,-1023,-5811,3
-275,-9360,6044,-1206,-996,-6416,3
-263,-9047,5998,-1122,-997,-7084,3
-347,-8825,5879,-1097,-966,-7902,3
-104,-8551,5306,-1486,-1122,-9811,3
-104,-8551,5306,-1486,-1122,-9811,3
-107,-8615,4491,-1497,-1178,-11099,3
-592,-8330,3484,-1162,-964,-12652,3
-1863,-7110,2628,-851,-565,-14280,3
-4268,-4163,2448,-689,47,-15496,3
-6517,51,2767,-466,963,-15928,3
-7909,4460,3539,-959,1589,-15609,3
-8362,7820,4549,-1955,2072,-14526,3
-7734,9307,5387,-2481,2630,-13049,3
-6785,10692,6025,-2386,3155,-11419,3
-5430,12700,6614,-2069,3494,-9691,3
-3356,14510,7907,-1770,3521,-8167,3
-1362,8970,8244,784,960,587,3
-1362,8970,8244,784,960,587,3
-847,7940,8494,490,905,560,3
-328,7799,8675,382,871,447,3
148,7938,8843,314,788,234,3
386,8031,8960,202,636,15,3
398,8345,8930,111,487,-70,3
427,8658,8831,115,397,3,3
561,8661,8736,161,357,132,3
599,8425,8648,164,333,274,3
568,7722,8668,74,279,305,3
600,6973,8783,-32,211,185,3
634,6921,8861,-51,169,52,3
611,7330,8838,-46,123,17,3
609,7515,8728,-59,72,80,3
632,7209,8679,-118,4,113,3
735,6933,8664,-150,-52,128,3
810,7037,8563,-111,-80,197,3
964,7150,8426,-86,-113,319,3
1092,7197,8175,-104,-159,504,3
1059,7033,7796,-144,-193,703,3
1174,6226,7525,-241,-234,740,3
1376,5419,7439,-362,-277,578,3
1436,5345,7406,-370,-256,378,3
1450,5779,7371,-321,-204,264,3
1484,6132,7301,-315,-184,276,3
1501,6171,7160,-320,-176,357,3
1517,5654,7100,-323,-165,382,3
1595,4952,7199,-296,-142,247,3
1520,4910,7308,-185,-94,34,3
1459,5573,7422,-107,-61,-69,3
1480,6132,7586,-85,-63,-59,3
1537,6343,7699,-60,-63,7,3
1567,6390,7731,-17,-53,109,3
1582,6284,7655,-14,-61,211,3
1630,5989,7535,-46,-79,287,3
1710,5570,7425,-23,-68,272,3
1646,5256,7304,27,-39,164,3
1606,5256,7304,-15,-46,44,3
1652,5512,7403,-89,-63,-11,3
1659,5669,7512,-58,-38,-47,3
1648,5767,7611,15,-3,-69,3
1638,5929,7665,45,10,-59,3
1620,6069,7699,54,8,-28,3
1593,6100,7707,60,0,18,3
1630,6031,7704,52,-9,54,3
1659,5812,7637,44,-13,42,3
1614,5651,7638,13,-18,-39,3
1626,5769,7717,-58,-31,-110,3
1677,6091,7774,-105,-46,-126,3
1704,6298,7738,-105,-58,-71,3
1737,6343,7721,-85,-60,36,3
1726,6065,7678,-55,-46,92,3
1758,5917,7599,-44,-51,59,3
1762,5935,7600,-7,-29,84,3
1733,5734,7555,15,-18,86,3
1641,5515,7507,17,-13,34,3
1662,5542,7528,-10,-19,-31,3
1670,5843,7558,-17,-21,-50,3
1725,6106,7561,21,-6,-35,3
1756,6232,7593,46,3,4,3
1747,6185,7653,45,4,44,3
1746,6095,7682,37,3,75,3
1758,6068,7680,41,12,100,3
1771,5992,7650,48,23,125,3
1771,5992,7650,48,23,125,3
1780,5687,7598,21,13,85,3
1697,5558,7609,-68,-23,-14,3
1690,5670,7666,-133,-48,-67,3
1637,5809,7744,-82,-21,-73,3
1640,5851,7807,-49,-7,-71,3
1624,5789,7841,-63,-30,-89,3
1576,5869,7852,-81,-55,-85,3
1625,6056,7794,-52,-52,-41,3
1658,6238,7703,7,-35,34,3
1662,6225,7634,34,-28,112,3
1620,6064,7569,28,-29,170,3
1631,5777,7575,43,-10,188,3
1678,5567,7606,70,17,139,3
1652,5595,7588,56,20,51,3
1623,5774,7595,-6,-3,-3,3
1660,5911,7616,-51,-24,-3,3
1725,5824,7557,-35,-19,0,3
1709,5718,7535,-23,-5,-25,3
1721,5758,7589,-42,-4,-44,3
1731,5859,7672,-33,3,-29,3
1760,5813,7735,0,11,-2,3
1758,5689,7761,0,4,0,3
1735,5654,7756,-22,-11,-15,3
1711,5666,7715,-23,-15,-24,3
1692,5710,7709,-3,-9,-13,3
1687,5729,7714,33,4,-19,3
1646,5854,7726,45,4,-30,3
1630,5995,7732,28,-5,-18,3
1634,5934,7714,14,-10,-13,3
1638,5867,7705,-14,-24,-41,3
1679,5983,7710,-55,-39,-43,3
1722,6061,7710,-66,-42,-4,3
1727,5938,7707,-31,-24,43,3
1733,5563,7714,17,5,10,3
1702,5546,7749,-20,-6,-72,3
1714,5850,7781,-104,-51,-101,3
1738,6021,7708,-100,-61,-76,3
1775,6028,7617,-44,-36,-13,3
1811,5654,7575,-7,-11,-13,3
1760,5370,7625,-42,-21,-114,3
1725,5672,7658,-104,-50,-165,3
1691,6014,7610,-69,-34,-148,3
1697,6190,7643,-10,6,-69,3
1739,6162,7775,-1,25,12,3
1751,5986,7878,-5,19,51,3
1685,5917,7880,18,13,68,3
1602,5906,7836,57,15,63,3
1579,5943,7819,70,11,49,3
1599,5977,7812,63,4,51,3
1653,5889,7757,42,-8,64,3
1707,5743,7699,21,-16,47,3
1691,5748,7648,-10,-24,23,3
1732,5773,7641,-18,-29,13,3
1793,5786,7616,0,-26,19,3
1776,5803,7568,17,-13,30,3
1750,5895,7579,41,10,42,3
1717,5925,7636,61,28,59,3
1690,5839,7696,50,28,53,3
1625,5814,7733,14,12,21,3
1509,5937,7773,5,6,-3,3
1540,6045,7808,13,7,-3,3
1547,6008,7871,-8,-4,-23,3
1525,6097,7913,-46,-28,-41,3
1508,6246,7895,-45,-35,-26,3
1525,6371,7892,-8,-28,9,3
1564,6440,7858,28,-27,72,3
1579,6460,7790,58,-29,138,3
1549,6359,7755,74,-23,192,3
1503,6314,7789,77,-10,230,3
1508,6404,7852,79,-1,246,3
1491,6554,7964,92,-8,271,3
1568,6967,8208,105,-39,323,3
1683,8031,8861,118,-131,386,3
1834,9762,9905,110,-338,485,3
1367,12271,10532,-70,-675,698,3
271,14023,10738,-805,-1235,1195,3
-453,14836,11223,-1885,-2038,2380,3
-1064,15410,11445,-1991,-2614,4214,3
-1903,16479,11579,-1092,-2862,6733,3
-2836,16661,11988,-344,-3353,9619,3
-3729,15040,11320,517,-3929,12244,3
-4148,12650,10077,1293,-4429,14247,3
-3927,10576,9033,2127,-4660,15671,3
-3293,8952,8054,3273,-4488,16664,3
-1913,6539,6888,4257,-3903,17144,3
-471,3470,5464,4456,-3160,16911,3
624,278,4656,4077,-2282,15992,3
1436,-2424,3887,3517,-1260,14416,3
723,-4406,2655,3005,-257,12474,3
-305,-7029,2012,2521,672,10532,3
-657,-8931,2990,2094,1407,8986,3
-1100,-9614,5152,1676,1797,7837,3
-1151,-10473,7003,1395,1903,6605,3
-1338,-11030,8233,1334,1857,5428,3
-1755,-11261,8901,1265,1693,4470,3
-1987,-11184,9085,1089,1472,3754,3
-1921,-10929,9050,784,1240,3180,3
-1628,-10404,8763,464,1024,2604,3
-1260,-9627,8133,190,834,1989,3
-768,-8711,7501,-16,700,1405,3
-374,-7533,7008,-136,606,933,3
-92,-6678,6779,-223,521,578,3
117,-6391,6850,-245,469,299,3
265,-6432,7061,-230,422,66,3
265,-6432,7061,-230,422,66,3
362,-6828,7210,-216,332,-161,3
405,-7411,7277,-199,228,-418,3
369,-7830,7354,-199,135,-723,3
411,-7764,7418,-226,43,-1047,3
696,-7711,7345,-316,-81,-1376,3
940,-7676,7103,-376,-185,-1684,3
1031,-7538,6899,-421,-262,-1939,3
1148,-7614,6699,-449,-306,-2177,3
1155,-7913,6425,-435,-314,-2421,3
1241,-8545,5986,-450,-294,-2769,3
917,-10149,5764,-1106,115,-5725,3
917,-10149,5764,-1106,115,-5725,3
758,-9141,5842,-1198,127,-6435,3
776,-7898,5723,-1113,183,-7040,3
1169,-6794,5333,-1044,267,-7613,3
1455,-5964,4767,-1007,348,-8174,3
1638,-5778,4284,-935,460,-8808,3
1557,-5906,3908,-1009,606,-9668,3
1059,-5191,3773,-1170,870,-10643,3
262,-3584,4114,-1180,1361,-11630,3
-702,-1456,4903,-1246,1934,-12494,3
-1993,1549,5705,-1518,2442,-12864,3
-2753,4155,6276,-1838,2855,-12501,3
-2725,5573,6572,-2069,3191,-11611,3
-2549,6842,6903,-2142,3464,-10288,3
-1741,7609,7588,-1948,3705,-8843,3
-840,8271,8735,-1622,3747,-7502,3
-14,8792,9938,-1123,3588,-6301,3
1462,11040,13407,1354,1608,-3543,3
1462,11040,13407,1354,1608,-3543,3
876,10769,11995,1719,1089,-2746,3
314,9984,10720,1821,749,-1805,3
113,8955,10065,1691,620,-875,3
221,8166,9796,1603,667,-165,3
484,7653,9696,1444,716,263,3
654,7157,9630,1055,616,431,3
887,6610,9665,584,447,425,3
1252,6304,9680,270,328,334,3
1540,6229,9648,148,265,172,3
1684,6147,9553,78,209,-72,3
1551,6477,9459,31,165,-252,3
1585,6666,9511,-21,124,-264,3
1723,6545,9590,-30,82,-194,3
1671,6300,9504,55,71,-114,3
1695,6101,9389,103,54,-28,3
1726,5976,9223,40,3,52,3
1807,5844,9044,-50,-50,120,3
1818,5678,8840,-100,-75,177,3
1834,5397,8681,-157,-100,194,3
1859,5029,8600,-189,-121,151,3
1792,5006,8547,-137,-98,87,3
1831,5146,8523,-107,-82,73,3
1895,5012,8485,-164,-107,61,3
1915,4903,8435,-235,-138,41,3
1959,4960,8384,-276,-152,60,3
2013,4878,8238,-292,-163,99,3
2037,4517,8075,-292,-167,62,3
1990,4307,8013,-288,-171,-5,3
2021,4512,7977,-254,-157,3,3
2129,4789,7977,-177,-124,68,3
2215,4940,7895,-91,-92,151,3
2147,5065,7739,-38,-71,250,3
2232,4784,7592,-38,-53,332,3
2294,4313,7551,-136,-66,329,3
2121,4172,7595,-209,-56,277,3
2056,4407,7716,-194,2,269,3
2110,4599,7887,-189,41,313,3
2205,4021,8154,-219,45,253,3
2139,3556,8503,-176,85,27,3
1940,3934,8728,-68,135,-158,3
1914,4533,8809,-30,114,-198,3
1977,4874,8797,-39,54,-129,3
2084,4878,8781,-36,14,-28,3
2075,4854,8703,0,0,58,3
2102,4607,8613,83,20,68,3
2094,4532,8590,98,25,62,3
2098,4707,8615,88,31,94,3
2108,4835,8620,92,42,139,3
2105,4828,8608,69,39,194,3
2079,4747,8583,19,28,239,3
2108,4517,8590,-3,31,238,3
2110,4016,8640,19,45,115,3
2037,3859,8724,38,42,-72,3
1953,4353,8831,31,15,-161,3
2005,4704,8861,32,-11,-172,3
2067,4859,8792,35,-35,-113,3
2130,4784,8688,18,-54,-52,3
2183,4741,8539,-3,-70,6,3
2238,4729,8384,-13,-80,63,3
2237,4727,8257,0,-77,125,3
2227,4634,8180,15,-65,166,3
2284,4389,8153,-2,-58,160,3
2285,4197,8202,-15,-42,88,3
2156,4251,8257,3,-15,-8,3
2086,4449,8290,10,-2,-67,3
2139,4647,8340,-4,-8,-68,3
2148,4818,8338,1,-27,33,3
2193,4800,8321,22,-22,83,3
2193,4800,8321,22,-22,83,3
2156,4687,8327,30,-20,110,3
2146,4592,8376,21,-22,121,3
2189,4455,8407,5,-27,108,3
2203,4284,8443,14,-26,33,3
2120,4386,8413,13,-30,-47,3
2122,4545,8425,-11,-47,-84,3
2214,4705,8350,9,-49,-76,3
2214,4705,8350,9,-49,-76,3
2189,4767,8336,25,-46,-60,3
2244,4778,8342,21,-50,-11,3
2282,4705,8299,25,-49,38,3
2260,4600,8251,45,-34,66,3
2241,4460,8212,48,-21,76,3
2241,4273,8170,41,-13,59,3
2238,4163,8212,33,-6,0,3
2165,4239,8260,24,-2,-63,3
2144,4440,8317,14,-3,-99,3
2128,4629,8403,0,-11,-108,3
2099,4761,8515,-9,-17,-103,3
2083,4808,8597,-10,-25,-85,3
2126,4708,8640,29,-19,-82,3
2135,4605,8596,59,-20,-99,3
2120,4598,8499,31,-44,-125,3
2083,4595,8427,0,-59,-134,3
2142,4443,8429,-25,-55,-168,3
2118,4294,8478,-86,-66,-254,3
2079,4369,8529,-185,-97,-369,3
2050,4665,8582,-279,-132,-418,3
2102,4874,8341,-153,-100,-194,3
2145,4450,8311,-115,-85,-224,3
2049,4314,8315,-126,-78,-337,3
1981,4449,8424,-188,-76,-438,3
1962,4436,8547,-280,-90,-531,3
1951,4397,8656,-369,-102,-617,3
1863,4541,8822,-413,-98,-693,3
1813,4703,8876,-321,-49,-723,3
1793,4903,8895,-235,-27,-689,3
1813,4962,8892,-249,-56,-622,3
1862,4807,8871,-306,-99,-582,3
1873,4514,8869,-352,-129,-617,3
1757,4338,8883,-353,-129,-713,3
1634,4344,8928,-319,-112,-812,3
1652,4225,8968,-278,-92,-919,3
1637,4227,9067,-274,-91,-1054,3
1562,4345,9075,-259,-86,-1172,3
1514,4498,9061,-212,-61,-1217,3
1532,4322,9051,-200,-68,-1281,3
1303,4393,9007,-218,-95,-1351,3
1069,4826,9009,-185,-102,-1325,3
912,5306,9077,-131,-105,-1196,3
857,5628,9288,-105,-130,-1042,3
719,6039,9721,-3,-165,-908,3
435,7029,10741,207,-274,-749,3
-40,8923,12750,552,-578,-507,3
-885,10630,14184,1066,-1015,-169,3
-1452,10972,13721,1716,-1482,505,3
-2341,13832,13764,2415,-3167,5462,3
-3324,14710,13502,3569,-3475,7780,3
-4729,16115,12261,4802,-3612,10926,3
-4959,14655,11226,5157,-3947,14043,3
-4494,10831,9878,4936,-4408,16131,3
-3428,7465,7450,4448,-4529,17295,3
-1629,4921,5114,3923,-4099,17453,3
51,3001,3089,3679,-3146,17453,3
1507,1758,2037,3321,-2037,17013,3
2130,464,1592,2752,-935,16261,3
1254,-2584,606,2270,210,14983,3
745,-6712,144,1833,1179,13432,3
-1051,-10085,4948,1444,1738,6084,3
-1553,-8497,5361,1342,1679,5088,3
-1686,-8464,5618,1259,1731,4489,3
-1911,-8964,5889,1105,1754,3984,3
-2199,-9209,6172,1026,1748,3350,3
-2400,-9324,6415,911,1716,2621,3
-2591,-8888,6780,704,1660,1987,3
-2646,-8445,7211,523,1595,1463,3
-2670,-8400,7655,333,1467,1026,3
-2521,-8546,7897,170,1274,607,3
-2294,-8479,8038,94,1072,168,3
-2072,-8129,8025,12,838,-250,3
-1850,-7866,7727,-149,592,-576,3
-1558,-7834,7477,-232,427,-826,3
-1471,-7705,7418,-248,290,-1058,3
-1446,-7719,7377,-388,113,-1281,3
-1484,-8314,7362,-665,-100,-1552,3
1083,-7544,4067,-1157,-476,-9101,3
1415,-6744,3766,-1216,-273,-9525,3
1415,-6744,3766,-1216,-273,-9525,3
1904,-6867,3668,-1370,-78,-10154,3
2649,-7749,3811,-1779,103,-11279,3
2581,-7826,3944,-2300,410,-12909,3
846,-6517,3799,-2551,1013,-14760,3
-2503,-3378,4145,-2518,1742,-16057,3
-4497,-243,5096,-2653,2377,-16123,3
-5237,1796,5897,-3429,2642,-15285,3
-5639,4019,6411,-3632,3005,-13850,3
-4925,5512,7033,-3148,3408,-12047,3
-4036,6608,7738,-2788,3558,-10289,3
-2955,8002,8670,-2599,3569,-8653,3
-1182,9057,10105,-2404,3502,-7373,3
509,10360,12104,-1972,3241,-6609,3
1288,12252,13129,-1132,2793,-6093,3
-633,9585,8382,907,501,-1029,3
-466,8318,7510,922,659,75,3
106,6542,7550,1016,1036,427,3
256,5314,8044,853,1251,142,3
8,5354,8528,383,1206,-239,3
-17,6238,8950,56,1075,-435,3
111,7028,9104,102,998,-432,3
177,7251,9100,271,955,-289,3
311,7097,9086,444,958,-113,3
262,7065,9146,510,958,69,3
175,6817,9290,500,930,186,3
138,6501,9429,442,873,180,3
-52,6330,9541,251,744,120,3
-225,6256,9706,104,616,26,3
-126,6270,9842,83,514,-53,3
-92,6641,9689,135,421,-43,3
4,7037,9432,148,320,67,3
207,7136,9122,131,231,241,3
287,7228,8836,72,158,465,3
583,6097,8492,-17,99,795,3
751,5299,8548,-87,116,658,3
684,5114,8668,-168,132,423,3
693,5153,8887,-253,129,210,3
695,5110,9101,-320,96,16,3
599,5213,9149,-306,57,-156,3
530,5537,9089,-326,-20,-218,3
626,5807,8950,-376,-121,-176,3
732,5850,8703,-354,-181,-76,3
854,5742,8467,-253,-170,41,3
905,5664,8312,-187,-147,163,3
908,5577,8242,-215,-153,247,3
958,5332,8285,-246,-151,271,3
1107,4958,8457,-155,-82,200,3
1011,5017,8518,-14,6,82,3
951,5245,8571,-41,9,-9,3
969,5243,8680,-143,-34,-78,3
940,5345,8751,-198,-69,-123,3
909,5467,8766,-179,-84,-93,3
984,5321,8715,-95,-76,-62,3
986,5253,8638,-74,-93,-43,3
984,5354,8572,-126,-131,-9,3
972,5466,8479,-128,-138,37,3
952,5450,8401,-92,-126,83,3
950,5480,8367,-67,-122,148,3
1040,5494,8333,-43,-126,239,3
1171,5189,8280,2,-120,288,3
1189,4801,8202,-2,-117,215,3
1132,4883,8262,-43,-114,123,3
1163,5278,8358,-39,-102,118,3
1234,5502,8344,-12,-108,194,3
1417,5209,8231,15,-118,273,3
1595,4541,8103,10,-119,198,3
1539,4359,8035,-114,-146,27,3
1362,4654,8081,-232,-168,-77,3
1325,5030,8158,-214,-142,-73,3
1401,5309,8201,-135,-99,20,3
1406,5367,8189,-65,-76,121,3
1394,5247,8181,-18,-64,205,3
1398,5084,8189,30,-43,255,3
1472,4908,8197,69,-25,244,3
1483,4795,8243,67,-15,184,3
1393,4862,8250,26,-19,108,3
1362,4941,8315,13,-6,62,3
1424,4978,8385,2,-4,31,3
1462,4963,8436,-58,-40,1,3
1505,5036,8418,-84,-64,-2,3
1549,5068,8363,-40,-59,20,3
1571,5026,8262,3,-53,57,3
1611,4956,8189,35,-46,103,3
1618,4841,8091,69,-26,121,3
1590,4731,8026,81,-1,105,3
1569,4759,8065,36,5,80,3
1568,4890,8175,-10,9,69,3
1593,4851,8268,-1,22,56,3
1544,4707,8341,14,22,4,3
1418,4849,8315,21,11,-37,3
1418,5165,8316,33,13,-23,3
1464,5360,8378,42,18,18,3
1482,5197,8388,33,9,29,3
1453,4940,8350,9,-14,-16,3
1470,5020,8323,-20,-34,-36,3
1497,5262,8308,-10,-26,-11,3
1503,5269,8333,18,-8,30,3
1557,5005,8363,28,-5,44,3
1538,4774,8371,5,-26,5,3
1539,4921,8340,-9,-45,-20,3
1567,5200,8302,1,-45,-7,3
1567,5200,8302,1,-45,-7,3
1588,5300,8257,12,-36,39,3
1577,5104,8237,21,-29,72,3
1573,4837,8177,30,-25,62,3
1538,4883,8118,30,-21,42,3
1505,5032,8089,24,-5,32,3
1498,5056,8105,33,11,22,3
1462,5099,8144,35,21,23,3
1459,5199,8174,32,32,42,3
1455,5165,8238,42,46,53,3
1425,4958,8310,20,39,11,3
1392,4958,8414,-27,11,-44,3
1377,5233,8461,-32,-1,-36,3
1466,5251,8430,-26,-9,-5,3
1510,5102,8366,-23,-15,27,3
1553,4908,8328,-38,-25,33,3
1593,4795,8274,-39,-26,2,3
1550,4804,8217,-30,-20,-23,3
1467,4835,8197,-37,-15,-32,3
1416,4811,8268,-68,-10,-59,3
1403,4886,8421,-100,-14,-85,3
1395,5006,8499,-99,-20,-92,3
1370,5112,8500,-41,-4,-81,3
1314,5180,8480,2,6,-45,3
1326,5102,8473,-5,-3,-25,3
1313,5020,8490,-38,-19,-47,3
1286,5043,8548,-55,-24,-81,3
1261,5151,8582,-75,-29,-118,3
1201,5177,8606,-121,-50,-143,3
1150,5140,8666,-165,-68,-185,3
1113,5200,8746,-184,-76,-232,3
1028,5485,8832,-193,-79,-267,3
853,6075,9026,-175,-70,-262,3
861,6964,9511,-123,-76,-207,3
948,8547,10670,-25,-196,-111,3
517,10767,12274,168,-478,0,3
-711,12957,13436,415,-837,169,3
-2474,13801,13957,445,-1373,653,3
-3514,14544,14630,207,-2195,1757,3
-4500,16809,15434,339,-3094,3579,3
-6516,21094,15478,1313,-3767,6554,3
-9337,23997,14338,2343,-4517,10759,3
-11395,20484,11609,3148,-5245,14826,3
-10928,12957,9531,4005,-5509,17453,3
-8684,8599,8577,4851,-5037,17453,3
-5982,7758,9602,5303,-4344,17453,3
-5092,6316,9731,5372,-3812,17453,3
-5473,3304,6894,5089,-3011,17453,3
-5500,253,3592,4465,-1813,17134,3
-4895,-4133,1766,3963,-373,16283,3
-4120,-9165,2160,3796,1236,14930,3
-3893,-11868,4096,3511,2377,13381,3
-3870,-12999,5816,2948,2783,11633,3
-3884,-14089,6954,2196,2686,9665,3
-4355,-13982,7688,1483,2411,7891,3
-5062,-12160,8553,635,1652,4239,3
-5062,-12160,8553,635,1652,4239,3
-4800,-10601,7805,243,1333,3231,3
-4446,-9250,6976,-131,1061,2332,3
-4324,-8141,6492,-263,919,1584,3
-4367,-7453,6234,-198,884,1009,3
-4472,-7200,6379,-138,867,548,3
-4610,-7867,6799,-125,835,109,3
-4755,-8873,7255,-144,762,-360,3
-4919,-9715,7677,-216,619,-894,3
-4351,-10355,7848,-439,203,-2161,3
-4351,-10355,7848,-439,203,-2161,3
-4028,-10016,7747,-578,-31,-2795,3
-3489,-9648,7514,-780,-336,-3380,3
-3114,-9402,7069,-923,-619,-3879,3
-2711,-9499,6565,-1057,-810,-4289,3
-1990,-10167,6186,-1253,-981,-4786,3
-1453,-10790,5711,-1421,-1075,-5500,3
-1041,-10823,5282,-1447,-1012,-6401,3
67,-8285,4612,-1354,-641,-9052,3
67,-8285,4612,-1354,-641,-9052,3
469,-7524,4430,-1661,-626,-9834,3
445,-6760,4109,-1833,-544,-10592,3
355,-6697,3776,-1682,-339,-11522,3
44,-7073,3320,-1203,36,-12729,3
-816,-7000,2903,-908,390,-14171,3
-2603,-5807,2608,-721,897,-15462,3
-5524,-1805,2695,-654,1555,-15982,3
-7209,3110,3841,-1708,2079,-15486,3
-7276,6471,5111,-2708,2738,-14386,3
-6912,8351,6095,-3013,3186,-12842,3
-6070,10538,6696,-2734,3499,-10854,3
-4478,11828,7198,-2387,3689,-8851,3
-2418,12373,8059,-1938,3786,-7122,3
-518,12738,9731,-1126,3756,-5761,3
885,13721,12115,-224,3424,-4743,3
1552,14846,13431,317,2721,-3988,3
1103,14306,13521,578,1791,-3427,3
249,12414,12197,778,971,-2780,3
-618,10579,10349,958,604,-1826,3
-1122,9471,9162,1088,637,-948,3
-1142,8862,8942,1181,834,-267,3
-243,7607,9061,733,800,246,3
187,7632,9132,460,673,143,3
468,7891,9144,238,541,12,3
802,7811,9240,-62,334,-113,3
802,7811,9240,-62,334,-113,3
1094,7678,9268,-186,201,-181,3
1103,7802,9103,-28,213,-174,3
1018,7868,8919,126,248,-131,3
1016,7670,8865,102,232,-91,3
1034,7286,8954,-78,153,-105,3
1030,7027,9033,-211,90,-165,3
1010,7063,9034,-188,77,-174,3
1009,7004,8965,-151,60,-125,3
1069,6798,8851,-141,27,-79,3
1132,6714,8685,-139,-18,-18,3
1133,6629,8464,-131,-55,36,3
1176,6466,8376,-46,-33,78,3
1203,6471,8296,56,9,139,3
1189,6336,8134,61,0,174,3
1219,6088,8087,-75,-70,156,3
1239,5986,8111,-191,-127,156,3
1292,5938,8041,-193,-138,205,3
1350,5597,7925,-227,-166,207,3
1459,5156,7794,-357,-244,93,3
1494,5123,7616,-443,-305,7,3
1486,5376,7465,-418,-281,13,3
1601,5448,7461,-336,-203,43,3
1648,5342,7504,-237,-132,3,3
1600,5466,7522,-175,-93,-38,3
1520,5785,7544,-87,-47,4,3
1484,6061,7549,25,11,108,3
1516,5862,7631,89,54,177,3
1556,5487,7823,36,47,143,3
1507,5499,7947,-49,20,87,3
1533,5540,8017,-59,10,139,3
1533,5540,8017,-59,10,139,3
1450,5345,7978,-80,3,121,3
1424,5286,7975,-108,-5,91,3
1477,5282,8007,-122,-18,61,3
1532,5430,8059,-93,-20,67,3
1581,5602,8086,-43,-15,109,3
1666,5530,8051,-2,-10,162,3
1703,5250,8000,34,1,174,3
1628,5086,7965,67,15,112,3
1629,5073,7996,15,-6,20,3
1654,5322,8111,-47,-39,-11,3
1691,5620,8117,-19,-37,14,3
1720,5783,7996,6,-44,74,3
1681,5413,7944,-46,-34,-44,3
1772,5871,7717,98,2,272,3
1719,5312,7886,26,18,-19,3
1719,5312,7886,26,18,-19,3
1811,5358,7974,-86,-23,-110,3
1822,5486,8020,-167,-69,-146,3
1816,5625,7935,-167,-93,-117,3
1856,5693,7782,-112,-79,-66,3
1841,5711,7727,-59,-45,-14,3
1860,5753,7764,-15,-10,39,3
1867,5816,7810,23,10,110,3
1904,5520,7792,61,23,160,3
1883,5053,7719,28,9,111,3
1745,4881,7654,-91,-40,7,3
1685,5112,7680,-118,-39,-35,3
1746,5376,7807,-42,13,-17,3
1769,5377,7941,27,54,-31,3
1745,5372,8059,10,35,-70,3
1776,5535,8091,-27,-1,-66,3
1825,5686,8054,0,-4,-33,3
1873,5729,7944,28,1,29,3
1902,5627,7830,29,0,95,3
1920,5298,7726,26,10,121,3
1802,4952,7683,45,41,54,3
1683,5150,7795,6,49,-39,3
1650,5548,7976,-53,26,-83,3
1638,5618,8084,-17,28,-96,3
1624,5604,8105,43,41,-110,3
1587,5712,8107,20,18,-95,3
1628,5821,8120,-6,-3,-55,3
1695,5892,8090,5,-4,-1,3
1687,5887,8022,9,-2,64,3
1698,5722,7950,-7,-9,119,3
1689,5631,7878,-6,-3,169,3
1677,5595,7846,23,23,208,3
1690,5452,7931,49,49,219,3
1722,5118,8097,63,63,129,3
1622,5139,8230,11,32,-17,3
1629,5476,8279,-71,-29,-77,3
1674,5735,8196,-59,-53,-44,3
1765,5587,8066,-20,-56,1,3
1826,5348,7921,-22,-66,0,3
1780,5358,7849,-34,-66,-23,3
1806,5515,7889,-18,-44,-24,3
1857,5610,7982,11,-22,1,3
1879,5499,8029,38,-18,21,3
1830,5211,8001,21,-31,-7,3
1738,5195,7963,-35,-55,-62,3
1649,5463,7938,-60,-66,-94,3
1659,5689,7943,-32,-56,-77,3
1697,5822,7928,0,-49,-23,3
1697,5822,7928,0,-49,-23,3
1759,5729,7914,10,-52,15,3
1765,5594,7892,16,-50,21,3
1745,5597,7812,14,-46,27,3
1740,5504,7755,-16,-51,35,3
1766,5390,7762,-59,-60,32,3
1782,5312,7775,-53,-50,18,3
1784,5317,7820,-29,-31,-3,3
1749,5379,7878,-2,-17,-19,3
1745,5412,7921,8,-15,-34,3
1760,5597,7943,0,-18,-42,3
1776,5788,7952,11,-14,-13,3
1801,5820,7919,35,-3,46,3
1842,5769,7880,64,9,98,3
1843,5609,7875,65,14,127,3
1814,5408,7952,26,5,114,3
1781,5293,8060,-5,4,63,3
1704,5403,8182,10,18,14,3
1667,5613,8253,22,22,-6,3
1442,6283,8342,-39,-25,-70,3
1442,6283,8342,-39,-25,-70,3
1434,6511,8344,45,0,21,3
1452,6663,8445,145,12,136,3
1574,7188,8849,270,-7,278,3
1946,8542,9917,397,-129,421,3
2051,10680,11130,520,-388,515,3
1209,13404,11354,474,-660,523,3
-688,16477,11721,-247,-1153,794,3
-2798,20251,12826,-1405,-2111,2186,3
-5972,24031,12308,-1581,-3127,5246,3
-8958,26839,11097,-555,-3740,10082,3
-11423,25267,10735,689,-4320,15667,3
-13154,18884,10210,2112,-4676,17453,3
-12779,12106,10143,3425,-4504,17453,3
-9549,6998,10933,4539,-3873,17453,3
-6867,3543,10230,5241,-2970,17453,3
-5719,1458,7207,4897,-1802,17453,3
-5753,-1245,3136,3558,-573,16835,3
-5437,-6299,942,2387,574,15228,3
-5168,-11724,854,2030,1733,13522,3
-4464,-15944,2778,2185,2933,11319,3
-4350,-17392,5900,2311,3764,8558,3
-4719,-17017,8547,1680,3737,6035,3
-4796,-15651,9972,575,3123,4327,3
-4904,-13714,10830,-291,2434,3445,3
-4731,-12464,11054,-577,1889,2837,3
-4277,-10852,10222,-660,1344,2413,3
-3489,-8955,8800,-851,786,2039,3
-2557,-7504,7673,-1007,374,1535,3
-1699,-5634,6666,-891,65,517,3
-1699,-5634,6666,-891,65,517,3
-1622,-5689,6561,-731,59,143,3
-1948,-6477,6727,-552,105,-149,3
-2241,-7491,6949,-429,149,-412,3
-2009,-8673,7028,-309,194,-784,3
-1845,-9153,7004,-193,227,-1254,3
-1715,-9188,6930,-203,181,-1778,3
-1557,-9020,6856,-275,76,-2268,3
-1522,-8719,6648,-346,-39,-2657,3
-1410,-8357,6429,-434,-161,-2897,3
-1279,-8116,6352,-535,-290,-3002,3
-1071,-8448,6241,-647,-402,-3111,3
-912,-9340,6015,-763,-524,-3378,3
-678,-10595,5831,-877,-633,-3977,3
-560,-11154,5503,-829,-693,-4855,3
-614,-11527,5245,-674,-705,-6004,3
-779,-11888,4969,-666,-656,-7355,3
-1081,-11872,4895,-855,-639,-8761,3
-1620,-10795,4884,-1135,-725,-9965,3
-1733,-9962,4783,-1355,-796,-11060,3
-1774,-9499,4030,-1234,-612,-12196,3
-2564,-8366,2810,-899,-256,-13266,3
-3774,-6489,2100,-907,103,-14067,3
-4975,-4058,2315,-1139,682,-14637,3
-6798,-849,2845,-1341,1505,-14960,3
-8498,3259,4014,-1347,2428,-14759,3
-7521,14077,8072,-1401,4457,-9921,3
-104,6425,9027,972,529,2339,3
401,5485,9435,712,578,1701,3
946,5791,9642,700,678,1058,3
1659,6392,9689,507,648,388,3
2037,6957,9575,19,394,-292,3
1919,7599,9366,-465,98,-704,3
1895,8039,9240,-640,-42,-700,3
2056,8086,9057,-484,-38,-436,3
1998,7793,8748,-251,-18,-132,3
1969,7368,8480,-182,-36,101,3
2019,6993,8431,-197,-44,253,3
1986,6800,8373,-189,-25,365,3
1903,6462,8335,-170,-12,428,3
1970,5791,8377,-167,-20,406,3
1970,5791,8377,-167,-20,406,3
2019,5383,8378,-151,-29,295,3
1980,5373,8305,-127,-38,169,3
2148,5406,7741,-281,-129,4,3
2148,5406,7741,-281,-129,4,3
2110,5426,7652,-279,-121,-2,3
2170,5514,7630,-233,-92,37,3
2223,5442,7617,-199,-74,84,3
2262,5415,7500,-157,-69,128,3
2282,5442,7338,-102,-72,186,3
2223,5424,7176,-10,-46,243,3
2184,5206,7168,64,-5,248,3
2157,4988,7320,47,20,200,3
2073,5134,7480,50,38,138,3
2005,5389,7658,100,69,91,3
2025,5632,7823,112,100,47,3
1992,5541,8144,-105,31,0,3
1992,5541,8144,-105,31,0,3
2038,5358,8148,-121,15,15,3
2085,5069,8080,-123,-6,-21,3
2056,4873,8004,-119,-29,-109,3
2021,5084,8078,-75,-9,-143,3
2048,5391,8226,-10,21,-101,3
2045,5563,8302,23,19,-9,3
1999,5572,8203,29,-3,95,3
1942,5287,8134,33,-20,128,3
2030,5036,8165,32,-15,105,3
2055,5224,8275,27,-18,102,3
2133,5439,8287,26,-29,120,3
2195,5566,8174,18,-50,183,3
2223,5543,7975,4,-71,256,3
2231,5440,7765,-2,-81,310,3
2310,5487,7606,12,-68,350,3
2365,5649,7565,40,-37,396,3
2299,4759,7891,145,60,205,3
2299,4759,7891,145,60,205,3
2273,4933,7975,26,10,12,3
2294,5253,7996,-66,-31,-114,3
2314,5527,7944,-147,-79,-155,3
2372,5704,7887,-185,-108,-119,3
2341,5597,8039,14,-12,120,3
2399,5282,7989,35,-20,136,3
2402,5135,7925,27,-29,120,3
2399,5227,7898,13,-22,118,3
2406,5154,7922,7,-12,120,3
2419,4790,7938,10,0,61,3
2328,4707,7905,-7,-4,-46,3
2268,5047,7891,-55,-29,-102,3
2339,5387,7899,-59,-34,-116,3
2378,5565,7940,-20,-17,-103,3
2400,5616,7978,0,-9,-67,3
2396,5561,7980,-16,-22,-38,3
2414,5551,7988,-34,-33,5,3
2436,5528,7970,-16,-30,61,3
2503,5296,7902,17,-24,99,3
2524,4958,7792,25,-19,90,3
2438,4641,7757,2,-16,5,3
2343,4729,7796,-27,-14,-104,3
2352,5151,7830,-50,-17,-164,3
2316,5437,7887,-46,-15,-174,3
2316,5551,7957,-32,-10,-121,3
2339,5540,7990,5,-4,-60,3
2333,5470,7929,51,10,-26,3
2323,5514,7889,62,14,-10,3
2339,5452,7897,39,8,2,3
2348,5296,7920,27,13,-9,3
2274,5231,7966,-4,13,-61,3
2285,5421,8038,-56,5,-105,3
2316,5593,8026,-76,-1,-121,3
2296,5559,7994,-87,-6,-126,3
2281,5514,8053,-93,-5,-119,3
2214,5678,8118,-64,4,-87,3
-250,13530,13303,-623,-1504,7,3
-250,13530,13303,-623,-1504,7,3
-1981,14244,14187,-1263,-2453,949,3
-2895,15724,15804,-1564,-3650,2858,3
-4156,19022,16800,-982,-4824,5917,3
-5213,22368,17474,78,-5993,10200,3
-6208,21444,15888,1410,-7130,14709,3
-6465,14990,12409,2768,-7686,17453,3
-4611,8275,10442,3703,-7704,17453,3
-1217,3494,9073,4310,-7523,17453,3
1331,578,6335,4568,-6915,17453,3
2211,-1577,3183,4363,-5593,15486,3
2073,-2985,430,3866,-3822,13338,3
969,-3596,-1836,3135,-2061,11750,3
-181,-6320,-2504,2388,-454,10474,3
-864,-8542,-816,1766,671,9431,3
-1826,-9512,1406,1244,1119,8450,3
-3597,-11952,4398,1476,1494,3571,3
-3597,-11952,4398,1476,1494,3571,3
-3644,-11854,4361,1111,1477,2805,3
-860,-9115,5481,-17,754,-1708,3
-472,-9386,5630,-90,715,-1924,3
-186,-10064,5626,-136,655,-2290,3
64,-10848,5385,-205,606,-2895,3
160,-11114,5020,-297,542,-3709,3
55,-10925,4580,-418,487,-4631,3
-1,-10672,4033,-507,529,-5572,3
-142,-10061,3433,-457,694,-6434,3
-404,-8789,3007,-337,919,-7025,3
-407,-7768,2818,-352,1119,-7375,3
124,-7835,2713,-495,1287,-7697,3
818,-8609,2279,-662,1545,-8248,3
1061,-8982,1441,-927,1944,-9046,3
841,-8875,985,-1419,2468,-10003,3
287,-7975,1382,-2064,3216,-11049,3
-875,-6276,2619,-2558,4235,-12150,3
-2722,-4100,4786,-2830,5241,-13130,3
-4553,-1934,7227,-2916,5965,-13790,3
-6700,691,8915,-2890,6294,-13837,3
-8292,2922,9792,-2871,6261,-13202,3
-8753,5004,10823,-2525,6072,-11879,3
-7832,6686,12231,-1783,5768,-10151,3
-6410,8371,13186,-668,5439,-8305,3
-4370,10154,14849,494,4947,-6563,3
-1675,12414,17849,1423,4148,-5007,3
326,14867,19995,2279,3073,-3670,3
429,15152,18762,3056,1821,-2543,3
-615,12639,15174,3697,821,-1341,3
-1016,10021,12122,3880,391,-58,3
-690,8397,10484,3676,379,941,3
-325,7568,9830,3304,526,1507,3
125,6695,9933,2699,586,1594,3
390,5925,10203,2016,526,1377,3
1579,5254,10185,526,180,361,3
1948,5455,10102,153,33,-55,3
2027,5889,9908,-117,-79,-396,3
1903,6480,9700,-210,-115,-493,3
1879,6634,9228,-121,-96,-83,3
1883,6189,8996,-52,-69,128,3
1890,5680,8843,-45,-54,260,3
1868,5327,8747,-20,-29,305,3
1792,5035,8734,39,20,296,3
1829,4875,8765,99,68,252,3
1801,4837,8763,124,86,206,3
1808,4555,8815,25,26,101,3
1847,4449,8854,-116,-77,6,3
1897,4650,8721,-137,-125,-7,3
1951,4842,8488,-102,-128,34,3
1974,4704,8261,-102,-127,83,3
2048,4210,8175,-120,-124,23,3
2036,4132,8139,-164,-133,-42,3
2068,4359,8135,-202,-142,-37,3
2129,4488,8065,-192,-128,17,3
2285,4526,7854,-191,-111,105,3
2256,4479,7617,-207,-99,173,3
2205,4367,7495,-183,-60,203,3
2224,4382,7516,-145,-3,228,3
2266,4386,7671,-134,30,241,3
2361,4145,7934,-111,67,222,3
2150,3997,8164,33,157,100,3
1950,4781,8820,169,180,45,3
1950,4781,8820,169,180,45,3
1942,4910,8924,168,159,92,3
1881,4856,8967,175,151,101,3
1891,4626,8966,115,114,51,3
1829,4715,8960,-26,35,22,3
1862,4893,8894,-78,-5,50,3
1940,4992,8766,-61,-15,110,3
1981,4915,8655,-69,-25,182,3
2066,4672,8595,-72,-28,218,3
2114,4510,8520,-44,-18,227,3
2096,4535,8421,-33,-11,250,3
2111,4568,8435,-35,0,286,3
2172,4482,8497,-39,18,330,3
2304,4079,8606,-60,23,297,3
2279,3815,8675,-69,30,164,3
2036,3885,8731,-43,47,29,3
1940,3893,8825,-12,53,-76,3
1962,4067,8959,-56,6,-137,3
2047,4340,8973,-83,-47,-164,3
2156,4619,8674,-18,-87,-76,3
2156,4619,8674,-18,-87,-76,3
2183,4417,8430,0,-96,-62,3
2138,4308,8291,9,-95,-82,3
2213,4344,8278,25,-68,-87,3
2218,4517,8292,43,-44,-87,3
2189,4696,8336,45,-38,-55,3
2223,4787,8344,35,-37,4,3
2249,4747,8320,20,-38,61,3
2266,4683,8267,7,-40,109,3
2258,4646,8135,1,-32,160,3
2190,4581,8129,14,-13,194,3
2205,4389,8203,39,10,182,3
2229,4207,8299,47,20,124,3
2195,4243,8354,20,3,60,3
2129,4425,8365,0,-5,32,3
2135,4607,8415,-9,2,37,3
2130,4649,8474,-45,-2,54,3
2156,4453,8515,-76,-27,42,3
2157,4363,8524,-71,-45,-4,3
2191,4458,8497,-4,-27,-34,3
2238,4646,8469,36,-14,-4,3
2237,4619,8431,29,-12,57,3
2178,4444,8443,10,-9,95,3
2183,4296,8457,-3,-5,87,3
2219,4131,8490,-9,-12,37,3
2160,4107,8494,17,-11,-42,3
2175,4539,8531,25,-5,28,3
2148,4458,8499,26,-10,34,3
2156,4472,8438,33,-20,44,3
2223,4361,8408,49,-19,46,3
2194,4198,8399,62,-5,-1,3
2132,4349,8439,52,2,-26,3
2159,4552,8468,31,1,-13,3
2168,4552,8478,18,2,4,3
2201,4345,8487,4,0,-16,3
2159,4252,8527,-23,-15,-63,3
2158,4425,8557,-30,-24,-68,3
2171,4585,8536,-7,-26,-37,3
2165,4623,8485,9,-22,6,3
2185,4523,8484,27,-14,37,3
2174,4343,8462,65,0,16,3
2112,4448,8487,72,5,-13,3
2120,4727,8589,49,6,-10,3
2120,4812,8679,30,0,16,3
2129,4623,8679,5,-24,35,3
2147,4401,8642,5,-28,14,3
2122,4397,8626,21,-30,-28,3
2138,4550,8613,18,-44,-47,3
2156,4588,8526,21,-55,-33,3
2181,4513,8411,25,-51,-24,3
2219,4480,8373,5,-43,-23,3
2285,4494,8391,-38,-50,-15,3
2287,4495,8406,-50,-53,5,3
2285,4440,8364,-29,-39,26,3
2273,4338,8383,-10,-26,17,3
2239,4321,8427,4,-11,-15,3
2205,4381,8494,-20,-23,-49,3
2181,4471,8540,-39,-34,-71,3
2150,4555,8537,-19,-27,-87,3
2133,4551,8528,-11,-25,-102,3
2115,4597,8581,-19,-22,-116,3
2056,4731,8638,-27,-25,-119,3
2027,4862,8682,-34,-33,-101,3
2011,4223,8803,-124,-92,-278,3
1935,4387,8917,-224,-126,-477,3
1940,4670,9021,-286,-149,-612,3
2068,5600,9802,-92,-188,-828,3
2351,7065,11464,70,-456,-758,3
2169,10184,13799,408,-976,-682,3
859,13403,15420,801,-1588,-728,3
-1134,15184,16209,1161,-2468,-364,3
-3942,15626,15987,1690,-3558,852,3
-5164,15229,16108,2138,-4516,2945,3
-2988,13325,10288,5648,-5792,14513,3
-2988,13325,10288,5648,-5792,14513,3
-1142,9803,8558,5515,-5504,15521,3
-158,6805,6116,5113,-4913,15575,3
523,4060,3691,4400,-3943,15209,3
1352,1847,2185,3390,-2776,14616,3
1264,-563,88,2378,-1545,13772,3
-2482,-11493,4419,572,1719,3753,3
-2679,-11885,4889,358,1753,3111,3
-2768,-11861,5203,208,1727,2440,3
-2637,-11408,5350,26,1602,1751,3
-2407,-10613,5588,-194,1395,1094,3
-2179,-9788,5814,-356,1153,521,3
-2112,-9238,5858,-401,923,88,3
-2024,-8911,5893,-354,739,-185,3
-1836,-8833,5761,-241,617,-347,3
-1526,-9013,5583,-108,568,-479,3
-1118,-9201,5619,-37,541,-645,3
-711,-9243,5728,-44,472,-875,3
-371,-9213,5779,-74,364,-1148,3
14,-9128,5760,-93,253,-1419,3
430,-9026,5808,-101,152,-1665,3
926,-8931,5814,-112,73,-1897,3
1367,-8906,5654,-98,-18,-2164,3
1770,-9259,5247,-105,-121,-2580,3
1944,-9893,4737,-217,-215,-3220,3
1903,-10291,4365,-381,-239,-4012,3
1817,-10571,4140,-566,-219,-4883,3
1735,-10653,3828,-663,-147,-5861,3
660,-8491,3379,-1325,169,-9220,3
1003,-8567,3009,-1470,278,-10013,3
842,-8458,2564,-1577,446,-11044,3
125,-8225,2221,-1694,764,-12259,3
-1030,-7158,2215,-1929,1332,-13537,3
-3527,-4331,2694,-2140,2227,-14606,3
-6391,64,3998,-2136,3278,-14912,3
-7934,4528,5452,-2188,4070,-14329,3
-7137,9824,7207,-3249,4341,-10159,3
-5956,10721,7941,-2681,4488,-8823,3
-2087,7514,9344,1365,1023,659,3
-1891,7257,9568,818,913,215,3
-1422,8025,9804,276,714,-76,3
-646,8510,10060,-14,560,-267,3
-169,8798,10079,-2,486,-444,3
51,9179,9900,64,413,-426,3
311,9167,9668,0,280,-258,3
498,8724,9441,-43,153,-70,3
551,8320,9191,41,109,140,3
541,8170,9014,144,118,384,3
356,8112,8867,197,125,645,3
238,7922,8734,171,118,913,3
547,7053,8794,-42,29,1018,3
1483,4994,7887,-400,-183,849,3
1364,4848,7723,-267,-110,652,3
1352,4892,7632,-175,-57,479,3
1386,4822,7679,-158,-43,332,3
1462,4747,7722,-159,-45,205,3
1496,4921,7823,-145,-38,115,3
1547,5235,7813,-147,-43,81,3
1610,5445,7714,-142,-60,99,3
1588,5506,7617,-91,-64,151,3
1638,5482,7444,-13,-43,232,3
1626,5387,7351,57,-10,304,3
1606,5182,7400,104,35,331,3
1623,5019,7604,137,92,296,3
1529,5002,7835,186,149,188,3
1381,5093,8065,166,157,62,3
1324,5220,8209,50,93,-9,3
1300,5285,8279,-25,30,-60,3
1344,5445,8235,6,13,-73,3
1404,5704,8138,54,7,-34,3
1478,5800,8043,58,-12,29,3
1531,5766,7951,47,-31,108,3
1538,5687,7843,71,-22,194,3
1582,5414,7753,115,12,235,3
1547,5056,7773,140,51,181,3
1514,4914,7893,116,75,60,3
1514,4914,7893,116,75,60,3
1453,5090,8065,17,42,-45,3
1452,5363,8244,-76,-5,-102,3
1460,5549,8287,-102,-36,-125,3
1555,5725,8221,-94,-58,-92,3
1643,5776,8135,-65,-69,-33,3
1675,5795,8069,0,-50,28,3
1685,5760,7980,23,-47,91,3
1501,5388,7792,69,3,29,3
1501,5388,7792,69,3,29,3
1535,5638,7993,70,27,-5,3
1551,5684,8105,29,-2,-54,3
1574,5757,8079,-14,-42,-74,3
1625,5833,7946,-44,-78,-67,3
1630,5881,7705,-19,-85,-34,3
1721,5887,7543,17,-68,34,3
1837,5887,7482,38,-36,112,3
1875,5769,7512,37,-6,165,3
1841,5633,7640,21,11,204,3
1775,5508,7743,33,30,216,3
1729,5363,7835,53,47,186,3
1725,5206,7982,64,64,111,3
1635,5257,8096,52,60,11,3
1544,5473,8136,-4,21,-53,3
1557,5672,8105,-43,-19,-67,3
1557,5803,8041,-35,-35,-45,3
1608,5897,7954,-16,-36,2,3
1667,5868,7873,-2,-34,51,3
1689,5789,7844,3,-30,87,3
1689,5669,7818,13,-29,111,3
1692,5553,7795,44,-15,116,3
1690,5557,7808,75,9,129,3
1619,5101,7899,-16,9,-51,3
1619,5101,7899,-16,9,-51,3
1571,5365,7926,-61,-8,-96,3
1635,5609,7893,-69,-18,-79,3
1711,5707,7871,-53,-19,-24,3
1713,5691,7822,-41,-13,35,3
1642,5561,7806,-30,-6,66,3
1625,5510,7804,-4,6,84,3
1642,5564,7813,29,21,108,3
1637,5267,8019,-18,21,0,3
1637,5267,8019,-18,21,0,3
1643,5335,8047,-34,10,-38,3
1648,5479,8029,-38,0,-74,3
1647,5657,8043,-34,-7,-81,3
1684,5766,7992,-17,-15,-49,3
1685,5755,7913,12,-12,-2,3
1672,5600,7869,21,-7,11,3
1620,5564,7874,3,-8,0,3
1625,5637,8033,19,23,27,3
1625,5637,8033,19,23,27,3
1571,5560,8055,22,20,1,3
1551,5599,8020,-4,-12,-19,3
1624,5583,7953,-26,-39,-32,3
1654,5649,7899,-27,-43,-34,3
1701,5643,7844,-41,-44,-28,3
1750,5589,7774,-63,-46,-7,3
1849,5383,7654,-68,-31,-1,3
1751,5239,7582,-46,-6,-23,3
1687,5299,7667,-26,23,-51,3
1675,5508,7869,-13,41,-53,3
1614,5599,8010,14,49,-43,3
1545,5564,8098,22,49,-50,3
1490,5572,8171,-25,25,-83,3
1455,5706,8213,-76,-2,-110,3
1492,5839,8201,-93,-14,-118,3
1418,5929,8211,-74,-9,-104,3
1395,5863,8230,-41,4,-101,3
1400,5785,8257,-69,-15,-142,3
1376,5842,8293,-143,-57,-214,3
1289,5948,8353,-192,-79,-269,3
1192,6052,8425,-182,-80,-304,3
1042,6211,8491,-157,-78,-324,3
858,6486,8609,-129,-87,-333,3
657,7106,8942,-90,-102,-335,3
203,8118,9364,-28,-129,-306,3
-615,9256,9772,27,-191,-242,3
-1187,11204,10790,14,-294,-157,3
-1547,13735,12522,-69,-520,-96,3
-2171,15639,13949,-199,-904,55,3
-3152,16567,14321,-508,-1421,592,3
-3498,16439,14527,-1031,-2204,1780,3
-4131,2646,4274,3179,-5298,17453,3
-2378,-79,3653,3773,-4396,17453,3
-1998,-1665,3674,3867,-3611,16166,3
-2594,-2563,3371,3581,-2750,14100,3
-4406,-3107,2566,3006,-1723,12139,3
-6496,-4587,1283,2095,-722,10749,3
-7322,-8279,1213,1343,-31,9913,3
-7461,-11828,2360,1154,586,9205,3
-7392,-14077,3839,1262,1205,8089,3
-7273,-15388,5160,1286,1478,6655,3
-7155,-15739,6000,1102,1339,5151,3
-7155,-15739,6000,1102,1339,5151,3
-6976,-15192,6126,780,1052,3714,3
-6603,-14057,5916,417,763,2438,3
-6142,-12517,5490,100,539,1396,3
-5488,-11031,5004,-136,424,584,3
-4855,-9872,4680,-291,387,-54,3
-4307,-9167,4678,-396,388,-565,3
-3869,-8746,5014,-467,371,-944,3
-3537,-8651,5278,-493,300,-1228,3
-3241,-8861,5333,-442,219,-1441,3
-2936,-9249,5470,-327,168,-1620,3
-2725,-9652,5687,-257,116,-1808,3
-2335,-10320,5731,-266,43,-2053,3
-1823,-10938,5689,-294,-59,-2410,3
-1215,-11567,5388,-393,-192,-3043,3
-767,-11755,4904,-543,-305,-3966,3
-430,-11324,4510,-603,-320,-5012,3
720,-9331,3766,-926,67,-9277,3
720,-9331,3766,-926,67,-9277,3
515,-8988,3210,-1086,202,-10439,3
435,-9117,2788,-1094,464,-11693,3
192,-8761,2691,-876,954,-13132,3
-1182,-6942,2790,-730,1571,-14698,3
-3701,-3769,2958,-916,2118,-15779,3
-5619,-77,3891,-1405,2635,-16018,3
-7225,4104,5053,-2044,3200,-15438,3
-7688,6702,6229,-2722,3637,-14321,3
-7008,7613,7079,-3153,3976,-13065,3
-6113,8618,7958,-3434,4174,-11630,3
-4822,9932,9065,-3296,4308,-10185,3
-2754,11400,11211,-2725,4203,-8933,3
-494,13569,14233,-1674,3831,-7803,3
803,15434,15676,-640,3154,-6815,3
89,14814,15475,13,2142,-5837,3
-1266,12409,13540,513,1212,-4550,3
-2008,10344,11086,883,736,-2918,3
-1884,9226,9565,1180,770,-1523,3
-1656,9065,9172,1420,1066,-556,3
-1552,8729,9154,1452,1210,-1,3
-1528,7902,9205,1120,1077,180,3
-1091,7235,9226,542,818,156,3
-744,6900,9208,233,659,33,3
-664,7152,9185,272,659,-117,3
-562,7512,9358,315,669,-185,3
-286,7506,9562,373,658,-218,3
-221,7127,9706,164,343,-27,3
-221,7127,9706,164,343,-27,3
-134,6926,9591,139,274,12,3
191,6167,8808,-14,11,241,3
191,6167,8808,-14,11,241,3
298,6298,8798,58,29,246,3
329,6707,8759,129,38,332,3
413,6960,8640,111,-6,512,3
374,6884,8312,30,-72,730,3
484,5929,8067,-129,-141,766,3
677,5060,8068,-306,-187,583,3
711,5117,8147,-346,-170,422,3
776,5619,8188,-317,-147,388,3
872,6026,8151,-333,-166,483,3
979,6217,8067,-394,-214,672,3
1551,3070,7503,-140,-9,831,3
1551,3070,7503,-140,-9,831,3
1283,3628,7557,125,207,362,3
1225,4471,7915,109,246,66,3
1312,5255,8275,11,192,10,3
1403,5572,8514,7,161,93,3
1431,5660,8601,116,184,251,3
1549,4798,8063,443,234,851,3
1517,4308,8005,380,237,695,3
1413,4169,8145,170,189,413,3
1270,4303,8420,-30,111,110,3
1262,4568,8696,-148,44,-165,3
1318,4988,8782,-202,-21,-341,3
1324,5408,8721,-234,-100,-367,3
1410,5707,8634,-175,-121,-251,3
1552,5828,8511,-45,-94,-98,3
1642,5770,8370,66,-74,24,3
1648,5547,8174,145,-60,117,3
1577,5268,8008,210,-25,145,3
1516,5196,8013,205,3,113,3
1533,5320,8174,128,-2,100,3
1567,5177,8328,89,-10,79,3
1531,4980,8286,109,-8,-19,3
1471,5124,8170,39,-53,-97,3
1494,5376,8120,-35,-90,-109,3
1564,5606,8077,-23,-90,-63,3
1642,5685,8017,7,-83,19,3
1689,5490,7934,9,-89,69,3
1719,5166,7889,9,-80,71,3
1674,5193,7877,13,-62,87,3
1668,5276,7852,30,-50,113,3
1634,5239,7847,50,-33,141,3
1587,5050,7909,69,-13,120,3
1587,5050,7909,69,-13,120,3
1581,5048,7958,69,-9,68,3
1585,5267,7951,40,-27,41,3
1608,5409,7953,7,-44,35,3
1600,5508,7978,-14,-47,42,3
1678,5504,7987,-6,-38,57,3
1762,5334,7933,27,-22,70,3
1731,5162,7871,38,-13,46,3
1726,5150,7871,31,-2,5,3
1707,5265,7907,33,12,-20,3
1649,5311,7964,35,19,-39,3
1642,5298,8063,49,25,-47,3
1587,5415,8107,92,41,-53,3
1559,5581,8150,112,48,-43,3
1607,5612,8152,89,26,1,3
1629,5588,8111,68,4,49,3
1642,5506,8055,55,-9,92,3
1665,5359,7976,27,-19,125,3
1696,4948,7954,0,-21,83,3
1659,4758,8006,-12,-5,-38,3
1577,5103,8056,-53,-14,-132,3
1583,5427,8122,-99,-42,-145,3
1571,5624,8005,38,-26,-69,3
1552,5127,8203,-10,12,-68,3
1552,5127,8203,-10,12,-68,3
1525,5098,8225,-77,-19,-144,3
1477,5236,8202,-116,-50,-197,3
1425,5545,8134,-78,-49,-182,3
1447,5789,8091,-5,-24,-103,3
1474,5868,8083,64,-1,-8,3
1527,5706,8089,90,5,62,3
1580,5408,8071,72,5,81,3
1472,5722,8164,-88,-56,-175,3
1472,5722,8164,-88,-56,-175,3
1467,5806,8110,-54,-53,-113,3
1449,5735,8147,11,-31,-42,3
1448,5546,8211,62,-10,10,3
1397,5419,8271,72,-4,6,3
1347,5448,8350,36,-13,-41,3
1289,5621,8450,-49,-45,-91,3
1294,5733,8508,-118,-76,-110,3
1279,5845,8508,-143,-96,-99,3
1268,5851,8494,-137,-107,-68,3
1248,5862,8551,-119,-111,-31,3
1207,6007,8631,-113,-111,31,3
1212,6045,8652,-123,-134,108,3
1276,5940,8634,-135,-156,170,3
1289,5830,8646,-144,-173,205,3
1289,5796,8662,-153,-202,223,3
1272,5852,8563,-140,-227,260,3
1267,6010,8491,-104,-235,321,3
1376,6396,8624,-63,-233,405,3
1618,7254,9210,-56,-265,487,3
1770,8614,10524,-118,-453,583,3
1476,10555,11740,-166,-888,780,3
197,12534,12292,-326,-1477,1219,3
-1285,13995,12478,-834,-2204,2335,3
-1914,14279,12692,-1026,-2953,4301,3
-2607,15486,12762,116,-3210,7175,3
-3873,17583,12787,1875,-3231,10625,3
-5062,18058,12360,2987,-3653,14027,3
-6047,14544,10536,3314,-4309,16607,3
-5717,10179,8494,3402,-4699,17453,3
-4085,6615,6684,3704,-4557,17453,3
-1983,3724,5615,4070,-3951,17453,3
-222,2038,5292,3984,-3128,16801,3
398,913,4078,3459,-2067,15493,3
-50,-1140,1659,3017,-666,13992,3
-1007,-4340,207,2538,715,12516,3
-1106,-8025,767,1970,1701,11165,3
-1368,-9720,2810,1703,2280,9846,3
-1777,-10227,4866,1694,2584,8269,3
-2432,-9857,6697,1550,2573,6893,3
-3170,-10233,8018,1380,2385,5918,3
-3681,-11354,8923,1395,2232,5093,3
-3992,-11860,9429,1245,2041,4370,3
-3912,-11517,9640,866,1771,3722,3
-3398,-11182,9454,453,1468,3025,3
-2870,-9948,9004,155,1201,2313,3
-2333,-8300,8508,-115,968,1634,3
-1829,-6834,8163,-316,757,1087,3
-1614,-5997,7954,-392,575,708,3
-1485,-5746,7863,-390,420,442,3
-1532,-5968,7818,-325,270,226,3
-1516,-6604,7775,-214,155,18,3
-1594,-7266,7664,-99,90,-239,3
-1555,-7717,7465,-106,18,-556,3
-1291,-8306,7142,-165,-28,-948,3
-1205,-8439,6820,-175,-19,-1350,3
-1096,-8499,6489,-224,-12,-1727,3
-990,-8594,6124,-305,3,-2078,3
-884,-8599,5858,-359,51,-2407,3
-764,-8524,5764,-382,112,-2714,3
-764,-8524,5764,-382,112,-2714,3
-575,-8457,5741,-390,163,-3030,3
-532,-8687,5869,-410,156,-3411,3
-453,-9693,6068,-543,105,-4000,3
-428,-10802,6225,-780,-19,-4942,3
-738,-11182,6229,-1007,-147,-6108,3
-987,-11190,5850,-1153,-217,-7318,3
-1107,-11095,5247,-1260,-243,-8487,3
-987,-11532,4482,-1535,-144,-9684,3
-688,-11937,3478,-1940,149,-11033,3
-907,-11339,2466,-2227,792,-12533,3
-1898,-9942,2255,-2195,1780,-14195,3
-4409,-6895,2533,-2154,2762,-15578,3
-6226,-3490,4203,-2643,3396,-16128,3
-7227,-76,6114,-3082,3979,-15989,3
-7935,2498,7296,-3343,4368,-15459,3
-8012,3475,7861,-3662,4448,-14572,3
-7368,3772,8378,-3782,4530,-13462,3
-6703,4699,9316,-3152,4802,-12253,3
-6154,6426,10822,-2245,4969,-10905,3
-5037,9316,12912,-1516,4784,-9065,3
-2857,11907,15478,-845,4245,-7079,3
-1073,13641,17374,170,3542,-5370,3
-919,13755,17163,1365,2645,-3840,3
-1407,11898,14845,2296,1686,-2296,3
-1557,9320,11972,2876,1075,-803,3
-1253,7453,9966,3120,990,275,3
-1053,6373,9142,2933,1136,679,3
-778,5874,9177,2546,1338,629,3
-790,6003,9538,2063,1432,408,3
-791,6280,10004,1455,1325,176,3
-588,6525,10510,919,1106,26,3
-380,6923,10750,591,879,30,3
-220,7235,10668,395,669,164,3
-175,7168,10386,227,461,319,3
-106,6749,10111,26,276,448,3
47,6271,9933,-94,149,565,3
231,5916,9771,-77,108,652,3
568,5145,9808,125,158,703,3
568,5145,9808,125,158,703,3
694,4362,9743,189,159,521,3
719,4212,9674,120,110,278,3
739,4689,9645,-17,19,144,3
859,5120,9561,-100,-65,142,3
966,5182,9354,-148,-124,200,3
957,5059,9152,-207,-173,271,3
1011,5026,9027,-252,-206,399,3
1077,5083,8901,-264,-232,583,3
1114,4982,8679,-273,-266,801,3
1522,3957,8487,-306,-302,847,3
1826,2921,8311,-313,-286,553,3
1623,2901,8138,-327,-234,233,3
1346,3414,8007,-303,-180,44,3
1288,3986,7917,-274,-127,27,3
1241,4413,7928,-210,-56,101,3
1192,4579,8090,-128,20,201,3
1216,4336,8827,198,213,194,3
1191,4600,8971,211,195,178,3
1144,4830,8941,176,139,201,3
1120,4711,8815,152,100,222,3
1101,4340,8723,150,96,190,3
1157,4160,8740,54,71,133,3
1205,4266,8798,-76,25,96,3
1211,4334,8857,-103,4,70,3
1227,4316,8881,-28,24,62,3
1189,4242,8862,66,54,61,3
1138,4126,8892,100,63,29,3
1179,4187,8994,66,49,-9,3
1168,4416,9080,13,21,-15,3
1193,4543,9093,-21,-6,2,3
1260,4307,9088,-7,-12,3,3
1256,4164,9058,39,0,-22,3
1264,4300,8995,10,-28,-30,3
1312,4374,8917,-33,-62,-14,3
1343,4352,8856,-23,-72,2,3
1365,4315,8794,-10,-80,27,3
1367,4353,8707,-5,-87,70,3
1397,4381,8644,9,-83,115,3
1449,4257,8611,50,-64,143,3
1461,4008,8541,115,-29,91,3
1431,3940,8516,100,-15,-17,3
1401,4246,8612,9,-43,-70,3
1438,4526,8656,-30,-61,-64,3
1498,4608,8585,-26,-68,-23,3
1526,4407,8464,-24,-67,-2,3
1522,4106,8366,-36,-63,-55,3
1462,4134,8397,-94,-76,-112,3
1462,4428,8399,-144,-88,-116,3
1478,4656,8469,-140,-80,-86,3
1552,4576,8545,-92,-50,-45,3
1527,4438,8588,-20,-17,-28,3
1386,4460,8548,12,-3,-11,3
1371,4393,8557,36,17,-11,3
1353,4315,8656,37,34,-43,3
1337,4397,8781,37,33,-76,3
1365,4496,8795,33,15,-78,3
1416,4454,8676,-5,-21,-86,3
1441,4382,8542,-53,-44,-97,3
1410,4467,8511,-68,-33,-88,3
1397,4567,8624,-59,-11,-53,3
1436,4405,8742,-27,2,-24,3
1419,4358,8706,53,20,-3,3
1391,4468,8552,84,23,33,3
1391,4468,8552,84,23,33,3
1334,4406,8424,58,17,50,3
1307,4170,8389,30,25,33,3
1338,3956,8461,28,50,-29,3
1284,4077,8602,-7,49,-113,3
1245,4393,8711,-55,34,-141,3
1203,4563,8765,-38,37,-129,3
1179,4562,8782,-19,37,-82,3
1256,4400,8766,-30,19,-44,3
1331,4109,8734,-42,10,-66,3
1332,4107,8764,-29,20,-113,3
1282,4267,8796,0,31,-136,3
1201,4286,8761,12,31,-135,3
1241,4070,8796,-17,11,-152,3
1237,3943,8848,-39,0,-232,3
1192,4118,8865,-41,-4,-307,3
1166,4307,8830,-14,-5,-341,3
1128,4418,8783,-10,-9,-369,3
778,5583,9286,53,-47,255,3
778,5583,9286,53,-47,255,3
770,5412,9162,69,-63,410,3
756,5291,9134,94,-59,549,3
788,5373,9276,136,-55,687,3
887,5778,9712,186,-104,849,3
841,6626,10512,278,-297,1128,3
458,8549,11370,362,-689,1648,3
-331,11627,12706,75,-1309,2514,3
-1824,14460,14043,-483,-2155,3953,3
-3407,17931,14564,-940,-3235,6518,3
-4350,20049,14221,-853,-4322,10342,3
-5230,18123,13051,-173,-5087,14130,3
-5351,-13643,8154,2219,2818,5489,3
-5576,-13911,9783,1172,2462,4570,3
-5528,-13850,10489,428,2024,3768,3
-5266,-12543,10582,50,1591,3043,3
-3967,-10655,10137,-235,1159,2345,3
-2806,-8039,8924,-474,733,1689,3
-2027,-6076,7843,-650,434,1077,3
-1551,-4869,7167,-630,304,647,3
-1404,-4541,6662,-461,255,353,3
-1459,-5141,6632,-230,288,69,3
-1854,-6045,6836,-10,324,-232,3
-2061,-6943,7088,61,302,-590,3
-2041,-7883,7161,75,265,-1067,3
-1431,-7212,6979,-417,-90,-2154,3
-1024,-6735,6972,-680,-251,-2217,3
-466,-6396,6969,-830,-373,-2147,3
216,-6422,7021,-856,-435,-2083,3
787,-6604,6982,-750,-452,-2076,3
1108,-6760,6860,-584,-427,-2108,3
1022,-7206,6827,-496,-380,-2203,3
964,-8437,6635,-573,-319,-2468,3
453,-10221,6355,-897,-148,-4819,3
-61,-7016,6650,-1220,-70,-8386,3
-37,-6281,5808,-1237,-75,-9197,3
-232,-5298,5062,-1219,22,-10190,3
-691,-3719,4734,-1304,406,-11302,3
-1054,-1721,5025,-1528,1043,-12476,3
-1169,306,5771,-1698,1849,-13798,3
-2473,2777,6305,-1596,2657,-14932,3
-4084,5291,6390,-1404,3244,-15368,3
-4386,6997,6759,-1582,3440,-14734,3
-3707,8067,7561,-2036,3391,-13380,3
-2730,9290,8415,-2077,3346,-11764,3
-1473,10632,9593,-1711,3240,-9954,3
56,12337,11407,-1102,2997,-8074,3
1630,13856,13328,-340,2547,-6342,3
2338,14714,14117,563,1931,-4797,3
2159,14046,13157,1332,1233,-3309,3
1784,11509,11151,1610,607,-1976,3
1589,8090,9433,1232,198,-1123,3
1272,5305,8448,778,128,-965,3
996,4399,8120,553,369,-1188,3
754,5293,8229,393,663,-1298,3
830,6607,8563,294,830,-1125,3
830,6607,8563,294,830,-1125,3
1142,5923,9458,298,456,-253,3
1142,5923,9458,298,456,-253,3
1127,6250,9694,184,364,-231,3
1207,6442,9633,118,251,-157,3
1373,6368,9409,26,123,-43,3
1363,6329,9077,-15,29,101,3
1409,6380,8828,13,4,293,3
1927,4564,8077,-116,-21,447,3
1927,4564,8077,-116,-21,447,3
1828,4252,7910,-174,0,301,3
1740,4223,7837,-225,32,191,3
1715,4255,7903,-298,56,100,3
1727,4344,8043,-390,41,44,3
1722,4577,8071,-383,36,37,3
1691,4909,8146,-271,72,82,3
1635,5215,8266,-140,111,186,3
1607,5429,8408,-51,121,347,3
1606,5667,8510,-18,101,545,3
1643,5619,8595,-52,46,737,3
1841,4986,8682,-102,-13,812,3
1901,4392,8639,-17,10,728,3
1817,4198,8541,96,77,563,3
1866,4040,8566,94,102,330,3
1909,4186,8583,-9,65,108,3
1843,4528,8527,-103,3,1,3
1845,4716,8469,-131,-29,-7,3
1892,4623,8522,-129,-39,-6,3
1962,4563,8565,-127,-61,-1,3
2027,4672,8505,-111,-83,23,3
2061,4835,8412,-74,-84,74,3
2057,4757,8359,-38,-69,125,3
2054,4679,8445,26,-20,81,3
2169,4422,8255,-1,26,91,3
1983,4616,8601,30,26,14,3
1962,4666,8518,42,9,-29,3
1966,4840,8426,31,-6,-30,3
2036,4826,8444,10,-11,-30,3
2089,4780,8494,3,-12,-19,3
2139,4780,8487,2,-28,14,3
2199,4690,8402,14,-39,44,3
2189,4545,8305,34,-29,35,3
2160,4579,8268,33,-23,21,3
2174,4691,8232,15,-29,33,3
2189,4659,8150,11,-23,51,3
2163,4295,8096,9,-7,-6,3
2011,4247,8206,-36,-1,-113,3
1981,4636,8415,-74,-7,-147,3
1993,4897,8534,-67,-21,-119,3
2018,4994,8535,-36,-26,-61,3
1980,5037,8516,-9,-20,1,3
1980,4826,8485,26,-10,19,3
1993,4701,8421,53,-10,-5,3
2054,4835,8347,39,-20,-2,3
2090,4915,8303,25,-22,33,3
2134,4764,8302,12,-19,62,3
2136,4556,8296,-20,-28,61,3
2120,4394,8286,-32,-27,33,3
2099,4303,8303,-8,-9,-30,3
2084,4446,8326,-5,-5,-101,3
2114,4677,8330,-42,-20,-129,3
2079,4828,8309,-36,-15,-115,3
2044,4919,8280,5,3,-70,3
2078,4934,8259,23,6,-6,3
2110,4892,8226,31,3,39,3
2139,4747,8249,36,11,37,3
2102,4650,8293,25,21,12,3
2075,4727,8462,-75,-2,-128,3
2065,4758,8491,-112,-26,-163,3
2065,4758,8491,-112,-26,-163,3
2041,4792,8497,-121,-35,-163,3
2042,4851,8496,-67,-17,-127,3
2009,4908,8456,3,6,-85,3
1988,4946,8462,36,8,-27,3
1992,4853,8427,43,3,21,3
1946,4620,8400,-87,-40,-192,3
1946,4620,8400,-87,-40,-192,3
1932,4751,8438,-71,-27,-218,3
1926,4869,8449,-37,-10,-225,3
1930,5010,8454,-7,1,-208,3
1929,5109,8448,19,6,-181,3
1829,5148,8419,40,17,-151,3
1699,5101,8690,-90,-15,-221,3
1576,5227,8755,-134,-33,-262,3
1514,5585,8921,-142,-38,-272,3
1708,6453,9504,-149,-70,-240,3
2065,8130,10875,-149,-263,-202,3
1877,10767,12632,-126,-705,-163,3
208,13672,13747,-185,-1293,123,3
-1750,14875,14576,-430,-2074,1247,3
-3458,16239,14921,-204,-2870,3567,3
-5104,20381,15263,695,-3679,7292,3
-6538,23188,15494,1977,-4547,11977,3
-7733,20619,14293,3295,-5281,16102,3
-8669,14208,11342,4347,-5588,17453,3
-7047,8722,9437,4881,-5507,17453,3
-4188,5668,8491,5077,-5191,17453,3
-2837,3542,7146,5014,-4574,17453,3
-2066,1053,5066,4472,-3518,16687,3
-673,-6008,7285,-575,365,66,3
-401,-5830,7133,-506,268,-186,3
-222,-6147,7005,-388,230,-376,3
-203,-6581,6981,-267,243,-576,3
-142,-7028,6887,-206,237,-811,3
-44,-7650,6774,-196,219,-1081,3
-68,-7982,6809,-238,214,-1318,3
84,-8433,6960,-343,186,-1592,3
136,-9012,7085,-428,137,-1928,3
396,-10181,6863,-758,-131,-2981,3
568,-10376,6597,-943,-262,-3603,3
775,-10519,6487,-1037,-339,-4271,3
945,-10775,6281,-1051,-328,-5059,3
964,-10443,6023,-1068,-283,-5903,3
991,-9585,5778,-1052,-273,-6717,3
1152,-8438,5505,-1038,-305,-7483,3
1203,-7303,5024,-1012,-262,-8194,3
1328,-6669,4473,-995,-120,-8921,3
1389,-6735,4145,-1157,2,-9752,3
1362,-7327,3911,-1527,107,-10831,3
1122,-8239,3764,-1909,376,-12295,3
-502,-7218,3695,-2035,926,-13812,3
-3047,-4285,3901,-2180,1627,-14817,3
-5217,-816,4266,-2247,2400,-14999,3
-6325,2673,5081,-2578,2977,-14472,3
-6695,5093,5961,-2955,3417,-13483,3
-6621,6645,6471,-2932,3693,-12130,3
-5753,8036,6897,-2800,3783,-10511,3
-4466,9411,7824,-2681,3809,-8803,3
-2971,10552,9301,-2176,3845,-7295,3
-1163,11710,11387,-1279,3753,-6122,3
-1344,11379,12063,1657,1185,-2073,3
-1344,11379,12063,1657,1185,-2073,3
-1780,9968,9975,1931,886,-643,3
-1607,8851,8806,2156,986,388,3
-1363,7527,8475,2025,1105,793,3
-1169,6294,8626,1561,1110,666,3
-963,6108,9012,1104,1065,365,3
-786,6738,9391,783,996,101,3
-604,7282,9719,559,893,-138,3
-391,7587,9972,333,733,-325,3
-221,7922,10087,116,527,-393,3
-3,8008,9986,-14,338,-351,3
150,7952,9765,-36,210,-218,3
143,7680,9524,51,157,-56,3
137,7306,9310,196,178,97,3
177,6930,9159,317,240,125,3
160,6796,9138,306,264,49,3
161,6900,9211,171,214,36,3
149,6760,9176,-1,119,48,3
178,6409,9152,-130,26,1,3
257,6348,9149,-193,-39,-5,3
389,6510,9086,-154,-68,62,3
418,6648,8845,-120,-98,172,3
418,6648,8845,-120,-98,172,3
326,6374,8541,-152,-140,259,3
484,5667,8458,-267,-209,233,3
568,5373,8482,-327,-251,175,3
635,5541,8441,-266,-237,160,3
714,5804,8294,-235,-236,216,3
790,5883,8121,-266,-263,318,3
739,5848,7904,-271,-272,443,3
788,5604,7682,-244,-257,548,3
948,5200,7580,-256,-248,580,3
1060,5005,7541,-274,-245,573,3
1096,4879,7553,-205,-192,550,3
1120,4874,7565,-54,-74,484,3
1138,4872,7677,28,18,386,3
1071,4867,7814,43,54,268,3
1098,5256,8190,-45,16,45,3
1098,5256,8190,-45,16,45,3
1131,5132,8200,-55,11,30,3
1119,5019,8201,-82,-2,-2,3
1070,5062,8215,-85,-1,-19,3
1077,5187,8243,-65,7,-5,3
1052,5312,8254,-38,10,31,3
1041,5388,8241,-20,8,84,3
1091,5314,8182,-14,5,126,3
1116,5060,8114,8,4,117,3
1064,4974,8133,14,3,86,3
1106,5194,8238,10,10,94,3
1130,5335,8316,37,20,121,3
1228,4970,8351,56,22,87,3
1183,4806,8369,10,1,-12,3
1150,5018,8396,-55,-33,-71,3
1213,5248,8333,-55,-50,-70,3
1167,5424,8208,-14,-46,-39,3
1193,5320,8152,26,-33,-32,3
1216,5608,8096,-54,-31,75,3
1216,5608,8096,-54,-31,75,3
1282,5303,8135,-69,-32,91,3
1285,4886,8123,-49,-22,6,3
1210,5029,8138,-37,-19,-70,3
1258,5396,8181,-58,-27,-62,3
1254,5555,8189,-38,-18,-14,3
1290,5439,8168,-3,-5,48,3
1283,5223,8062,17,-2,74,3
1200,5148,8013,4,-4,64,3
1189,5124,8061,-4,5,45,3
1161,5219,8147,16,28,5,3
1166,5397,8212,32,39,7,3
1170,5403,8242,38,43,32,3
1149,5308,8242,38,50,39,3
1143,5259,8250,23,41,46,3
1149,5265,8187,0,17,47,3
1169,5300,8128,-1,5,49,3
1181,5351,8168,14,23,59,3
1166,5212,8261,26,37,37,3
1097,5142,8284,10,18,-13,3
1115,5279,8248,-26,-11,-26,3
1140,5395,8189,-27,-17,-9,3
1133,5400,8150,-11,-1,13,3
1167,5290,8194,-17,8,22,3
1158,5185,8229,-13,4,11,3
1166,5291,8164,20,3,22,3
1210,5347,8115,43,13,47,3
1163,5273,8130,26,20,53,3
1116,5197,8207,2,22,48,3
1104,5248,8251,-8,15,61,3
1073,5276,8221,-3,7,75,3
1112,5123,8183,11,12,69,3
1101,5010,8208,11,11,15,3
1102,5112,8227,-23,-14,-21,3
1161,5286,8142,-28,-28,-12,3
1193,5359,8025,-7,-20,15,3
1193,5302,7994,-18,-7,39,3
1240,5145,8123,-28,14,36,3
1197,5039,8280,1,39,-28,3
1119,5255,8280,-4,24,-74,3
1143,5426,8320,-49,-7,-68,3
1118,5450,8379,-61,-10,-46,3
1043,5367,8455,-34,3,-49,3
1060,5287,8502,-43,-11,-75,3
1031,5346,8481,-82,-46,-105,3
1035,5546,8493,-93,-63,-94,3
1090,5670,8423,-56,-56,-37,3
1131,5637,8294,-5,-45,33,3
1120,5485,8189,26,-36,89,3
1149,5274,8120,34,-27,123,3
1213,4977,8057,35,-17,98,3
1162,4911,8079,15,-12,29,3
1157,5085,8199,-22,-11,-13,3
1175,5265,8327,-36,-16,-15,3
1146,5263,8347,-21,-21,-8,3
1122,5144,8284,-27,-37,-17,3
1139,5377,8133,14,-35,23,3
1166,5108,8132,27,-30,6,3
1166,5108,8132,27,-30,6,3
1163,5249,8157,3,-36,-15,3
1189,5376,8152,-1,-39,0,3
1195,5334,8074,-10,-43,5,3
1205,5225,8069,-34,-42,4,3
1188,5203,8124,-39,-38,-1,3
1157,5266,8200,-30,-28,-10,3
1148,5382,8248,-8,-21,-6,3
1110,5444,8262,29,-10,4,3
1065,5469,8321,34,-7,11,3
946,5536,8379,-7,-23,-1,3
895,5687,8485,-44,-44,-9,3
870,5833,8577,-36,-43,6,3
828,5828,8651,-30,-44,7,3
743,6001,8821,-69,-76,-13,3
785,6429,9149,-107,-127,-12,3
875,7057,9696,-117,-222,1,3
-566,10767,12269,111,-1310,302,3
-566,10767,12269,111,-1310,302,3
-976,10898,12452,-5,-1751,622,3
-1367,10546,12850,-12,-2335,1081,3
-2485,12259,13455,190,-2913,1978,3
-2967,14553,14120,404,-3610,3786,3
-4753,17795,12799,1483,-4062,6544,3
-7137,21732,10429,2520,-4395,10700,3
-7662,20674,9539,3069,-4892,15400,3
-7084,14539,8868,3746,-5192,17453,3
-6008,9270,7506,4354,-4856,17453,3
-3618,5425,7328,4616,-4255,17453,3
-2534,-9100,6677,-244,517,337,3
-1698,-7840,6794,-586,160,-1340,3
-1698,-7840,6794,-586,160,-1340,3
-20,-11122,5760,-883,-392,-3649,3
-20,-11122,5760,-883,-392,-3649,3
254,-11551,5468,-1057,-395,-4654,3
482,-11432,5110,-1152,-321,-5724,3
366,-8727,4582,-1460,-110,-8672,3
366,-8727,4582,-1460,-110,-8672,3
559,-8166,4623,-1495,-26,-9418,3
1121,-8352,4385,-1595,18,-10371,3
-1774,-7777,2347,-1531,986,-15626,3
-1774,-7777,2347,-1531,986,-15626,3
-5378,-3899,2808,-1943,1768,-16785,3
-8370,781,3863,-2232,2714,-16868,3
-9384,4717,5342,-2923,3327,-16032,3
-8971,8523,7021,-3595,3942,-13005,3
-8971,8523,7021,-3595,3942,-13005,3
-8006,10048,7580,-3182,4240,-11115,3
-6141,11445,8675,-2658,4465,-9303,3
-3845,13184,10969,-2032,4449,-7772,3
-1514,15799,14302,-1390,4055,-6485,3
-296,17639,16974,-806,3227,-5509,3
-987,16376,16967,44,2059,-4539,3
-2658,13227,13922,1028,1012,-2966,3
-2982,10728,10846,1618,496,-961,3
-2393,9510,9197,1991,627,711,3
-1892,8109,8731,2154,979,1473,3
-1658,6538,8798,1925,1170,1388,3
-1514,6021,9056,1432,1175,1031,3
-1259,6469,9358,996,1088,658,3
-891,7125,9668,634,925,344,3
-456,7476,9885,352,727,58,3
-362,7837,9856,186,533,-104,3
-259,8126,9663,35,340,-58,3
-59,7739,9466,-38,200,64,3
-10,7297,9249,-50,127,145,3
29,7199,9095,-129,49,210,3
-44,7382,8928,-239,-38,321,3
58,7199,8763,-259,-75,421,3
341,6402,8743,-202,-59,368,3
379,6159,8809,-141,-18,262,3
433,6311,8875,-100,2,226,3
469,6660,8819,-66,-7,297,3
465,6568,8676,-79,-46,386,3
671,5812,8640,-187,-110,340,3
749,5388,8620,-312,-178,178,3
720,5572,8557,-340,-214,94,3
758,5916,8405,-315,-223,144,3
883,5557,7793,-272,-255,494,3
883,5557,7793,-272,-255,494,3
1071,5081,7667,-177,-192,452,3
986,5087,7595,-53,-103,361,3
912,5490,7598,33,-35,331,3
921,5895,7652,79,5,382,3
949,6119,7676,113,34,495,3
938,6215,7682,117,48,653,3
968,6028,7728,103,63,805,3
1157,5276,7781,162,124,783,3
1200,4637,7826,196,178,556,3
1126,4614,7958,67,151,268,3
1131,5378,8377,-193,-82,-11,3
1131,5378,8377,-193,-82,-11,3
1164,5430,8241,-164,-96,50,3
1150,5390,8083,-129,-97,108,3
1248,5244,8005,-96,-91,162,3
1391,4957,7941,-53,-59,159,3
1395,4769,7932,-55,-46,54,3
1271,4814,8028,-49,-29,-41,3
1234,5370,8280,96,21,32,3
1234,5370,8280,96,21,32,3
1216,5417,8196,74,1,47,3
1179,5481,8122,50,-16,72,3
1177,5512,8055,36,-22,103,3
1277,5260,8051,32,-20,89,3
1256,5097,8081,11,-29,-1,3
1192,5377,8066,-22,-49,-49,3
1255,5524,8073,-14,-53,-50,3
1315,5454,8026,27,-41,-51,3
1294,5448,7965,29,-41,-59,3
1318,5523,7903,-2,-52,-58,3
1370,5736,7920,18,7,117,3
1370,5736,7920,18,7,117,3
1377,5360,7917,29,23,147,3
1349,4935,7968,22,31,55,3
1276,5039,8032,-40,9,-39,3
1279,5370,8071,-68,-7,-53,3
1288,5569,8069,-28,2,-19,3
1295,5524,8077,13,20,32,3
1315,5224,8081,30,27,19,3
1199,5140,8078,12,13,-43,3
1162,5394,8095,-22,-9,-62,3
1143,5655,8092,-23,-12,-51,3
1127,5722,8142,-19,-9,-5,3
1181,5545,8177,-1,0,30,3
1167,5387,8182,36,9,10,3
1191,5499,8141,42,7,10,3
1219,5555,8130,30,-4,33,3
1229,5485,8092,24,-8,40,3
1245,5481,8098,0,-14,55,3
1255,5514,8129,-25,-20,74,3
1259,5152,8033,15,2,39,3
1259,5152,8033,15,2,39,3
1236,5178,8019,15,6,-4,3
1205,5297,8044,4,7,-39,3
1177,5399,8086,0,14,-65,3
1170,5534,8153,-11,5,-62,3
1191,5625,8177,-14,-5,-34,3
1189,5603,8150,2,-5,6,3
1224,5405,8134,25,-1,30,3
1171,5238,8123,23,-10,12,3
1132,5329,8059,4,-20,2,3
1122,5528,8078,1,-16,17,3
1109,5607,8102,5,-6,38,3
1118,5505,8108,5,-2,39,3
1174,5421,8084,0,-7,34,3
1212,5512,8086,-1,-7,40,3
1234,5632,8063,15,-2,68,3
1227,5645,8045,37,1,114,3
1295,5391,7975,39,-1,140,3
1363,5098,7907,-4,-13,111,3
1361,5039,7941,-19,2,57,3
1285,5122,8028,-8,28,-12,3
1274,5302,8123,-25,23,-51,3
1273,5344,8124,-55,0,-69,3
1234,5394,8148,-62,-4,-75,3
1227,5481,8203,-37,5,-71,3
1187,5609,8250,-9,5,-46,3
1199,5636,8251,14,2,-8,3
1218,5511,8207,33,3,11,3
1209,5353,8215,7,-9,-1,3
1219,5275,8263,-46,-34,-39,3
1213,5323,8279,-63,-43,-76,3
1225,5402,8243,-60,-46,-91,3
1160,5512,8224,-14,-21,13,3
1121,5294,8261,-63,-39,-41,3
1051,5334,8353,-127,-62,-119,3
1051,5334,8353,-127,-62,-119,3
1009,5496,8431,-129,-63,-172,3
1009,5595,8503,-119,-68,-209,3
993,5746,8543,-164,-99,-227,3
1000,5795,8609,-186,-113,-234,3
960,5846,8654,-140,-105,-230,3
912,5933,8612,-93,-107,-211,3
854,6012,8615,-80,-131,-183,3
774,5983,8606,-61,-145,-166,3
632,6047,8690,-40,-141,-199,3
490,6478,8870,-68,-152,-247,3
440,7471,9443,-164,-220,-262,3
390,9249,10953,-267,-410,-267,3
-330,11474,12714,-299,-764,-291,3
-10386,25760,16224,1364,-5132,9525,3
-5213,1988,6275,5234,-3975,17453,3
-5213,1988,6275,5234,-3975,17453,3
-4223,-731,5116,5496,-2495,17453,3
-3617,-2318,2693,4890,-932,15578,3
-4132,-4079,420,3753,512,13935,3
-4089,-7818,141,2571,1660,12425,3
-4265,-11160,1800,1832,2477,10999,3
-4456,-13051,4057,1561,3016,9427,3
-4375,-14037,5985,1342,3172,7774,3
-4376,-14615,7258,1103,3000,6187,3
-4543,-14346,8024,858,2696,4834,3
-4715,-13593,8420,510,2343,3753,3
-4745,-12789,8722,82,1927,2901,3
-4642,-12015,8540,-265,1497,2207,3
-3061,-8012,7061,-547,722,550,3
-1699,-7818,7075,-144,171,-567,3
-1699,-7818,7075,-144,171,-567,3
-1454,-8341,6991,7,99,-737,3
-1240,-8802,6851,101,32,-978,3
-1104,-9076,6671,147,-19,-1292,3
-519,-10043,6483,-20,-97,-2001,3
-519,-10043,6483,-20,-97,-2001,3
13,-9634,6555,-192,-162,-2384,3
506,-9038,6686,-336,-293,-2922,3
1166,-9298,6056,-719,-732,-4354,3
1247,-9329,5713,-781,-809,-5103,3
956,-8980,5603,-664,-724,-5710,3
888,-9012,5567,-554,-571,-6214,3
1013,-9182,5575,-533,-440,-6761,3
1166,-9290,5633,-671,-411,-7480,3
1211,-9195,5742,-918,-434,-8392,3
1349,-8868,5564,-1136,-390,-9480,3
1228,-8373,5218,-1222,-275,-10741,3
299,-7400,4529,-1239,-79,-12132,3
-1180,-6262,4030,-1393,244,-13381,3
-2972,-4579,3897,-1429,843,-14268,3
-5069,-1982,4084,-1048,1732,-14714,3
-7090,1344,4219,-746,2519,-14736,3
-8613,4713,4686,-1049,2993,-14223,3
-8968,6761,5456,-1665,3341,-13225,3
-8503,8745,6561,-2111,3618,-11809,3
-7231,10488,7980,-2102,3800,-10300,3
-914,15437,14588,-1044,2834,-6320,3
-221,16360,16085,-435,2077,-5410,3
-693,15094,15104,293,1169,-4318,3
-1708,9809,8442,1617,524,202,3
-1646,8968,7937,1778,837,869,3
-1532,7879,7903,1427,898,1063,3
-1071,7151,8157,854,808,1065,3
-499,6454,8527,508,746,855,3
-107,6350,8818,502,804,449,3
114,6705,9118,458,816,7,3
28,7434,9368,262,705,-270,3
58,7795,9553,63,572,-333,3
191,7813,9604,-47,460,-281,3
169,7637,9513,-74,354,-171,3
130,7352,9341,-20,272,-42,3
195,7108,9117,27,215,85,3
251,6820,8954,39,182,183,3
265,6550,8893,53,161,248,3
332,6246,8840,49,142,259,3
371,6083,8842,50,143,203,3
365,6075,8924,19,131,134,3
355,6041,8994,-58,76,69,3
359,6159,9055,-99,20,47,3
378,6357,9026,-103,-27,115,3
481,6328,8784,-126,-86,224,3
592,5753,8409,-169,-152,245,3
610,5195,8263,-232,-193,150,3
684,5372,8286,-243,-193,114,3
752,5680,8248,-186,-182,149,3
815,5881,8116,-172,-197,245,3
1083,5106,7496,-298,-238,158,3
1083,5106,7496,-298,-238,158,3
1116,5436,7430,-225,-169,225,3
1169,5261,7444,-159,-99,291,3
1182,4579,7607,-108,-22,162,3
991,4650,7939,-78,47,-37,3
877,5290,8294,-74,71,-100,3
841,5770,8445,-51,59,-67,3
833,5921,8463,-23,29,26,3
879,5712,8369,-10,-1,119,3
952,5314,8242,21,-18,134,3
982,5321,8134,49,-17,157,3
1075,5486,8017,69,-10,208,3
1118,5529,7921,91,-1,266,3
1143,5309,7841,110,15,314,3
1210,4874,7823,126,51,268,3
1169,4768,7863,104,72,123,3
1083,4963,7944,1,41,10,3
1073,5217,8074,-56,22,-28,3
1019,5431,8183,-35,31,-36,3
1048,5566,8248,-21,16,-14,3
1126,5667,8208,-19,-8,47,3
1177,5670,8141,10,-8,103,3
1171,5583,8039,66,14,161,3
1204,5314,7968,92,28,172,3
1133,5097,7982,84,34,112,3
1124,5253,8051,65,38,61,3
1103,5448,8146,58,33,49,3
1113,5379,8221,61,29,21,3
1098,5417,8254,33,3,-23,3
1089,5603,8230,-13,-35,-42,3
1120,5684,8207,-21,-51,-33,3
1134,5703,8157,-9,-61,3,3
1193,5650,8055,0,-68,55,3
1251,5352,7914,11,-62,55,3
1233,5207,7842,11,-49,13,3
1251,5335,7842,4,-36,12,3
1274,5454,7823,25,-10,46,3
1246,5446,7842,49,18,86,3
1255,5103,7921,52,39,64,3
1205,4913,8062,22,35,-44,3
1118,5296,8180,-11,12,-90,3
1069,5686,8244,6,11,-70,3
1060,5913,8294,29,18,-17,3
1058,5968,8321,16,6,60,3
1023,5887,8269,-6,-17,120,3
1072,5591,8226,15,-20,134,3
1045,5433,8120,31,-22,107,3
1046,5520,8008,27,-30,102,3
1095,5473,7947,8,-36,101,3
1131,5314,7931,-22,-43,87,3
1203,5189,7940,-22,-31,63,3
1216,5287,7959,-2,-8,49,3
1177,5456,7970,13,2,56,3
1169,5475,7968,35,9,81,3
1188,5312,7953,58,18,84,3
1150,5150,7960,33,7,43,3
1119,5175,8017,-1,-2,-4,3
1108,5340,8056,5,2,-18,3
1108,5463,8035,9,3,-6,3
1130,5390,8011,11,7,-3,3
1121,5336,8010,19,15,-24,3
1133,5389,8044,-9,3,-44,3
1137,5450,8090,-43,-19,-53,3
1094,5450,8103,-30,-19,-52,3
1114,5505,8141,0,-2,-33,3
1114,5553,8172,6,1,0,3
1150,5418,8174,-3,-2,11,3
1082,5503,8225,-23,-14,-72,3
1089,5606,8271,-22,-13,-70,3
1034,5540,8285,-25,-17,-70,3
1003,5469,8336,-21,-14,-101,3
961,5616,8391,-36,-20,-140,3
914,5881,8406,-48,-35,-143,3
896,5958,8384,-50,-48,-116,3
900,5869,8397,-59,-64,-95,3
797,6095,8553,-78,-88,-124,3
768,6196,8613,-105,-118,-117,3
773,6324,8778,-127,-153,-94,3
810,6700,9014,-105,-193,-30,3
832,7374,9507,-50,-282,57,3
733,8375,10417,61,-472,184,3
456,9826,11130,285,-697,340,3
-105,10950,11472,443,-923,499,3
-835,11617,11793,404,-1252,772,3
-1449,11581,12209,254,-1750,1168,3
-2239,11994,12456,287,-2299,1890,3
-2506,13932,13345,231,-3003,3369,3
-2873,15362,13949,573,-3771,5252,3
-4273,17013,12826,1666,-4246,7774,3
-5666,18304,11172,2567,-4653,11298,3
-6183,16650,9926,3454,-4941,15168,3
-5615,13053,8786,4391,-4923,17453,3
-4456,9381,7720,4969,-4598,17453,3
-2796,6432,7077,5109,-4043,17453,3
-1357,4228,6117,4712,-3424,17453,3
-556,1350,3780,3988,-2529,17355,3
-165,-2062,594,3325,-1175,15574,3
-470,-4945,-1328,3022,428,13823,3
-1312,-8138,-920,2807,1777,12008,3
-1312,-8138,-920,2807,1777,12008,3
-2169,-10700,1314,2512,2575,10048,3
-3221,-11742,4209,2089,2741,8148,3
-3832,-12149,6067,1648,2530,6430,3
-4160,-12301,6970,1281,2230,5184,3
-4397,-12599,7458,1028,1979,4287,3
-4485,-13101,7959,853,1813,3474,3
-4350,-13126,8099,624,1646,2596,3
-2346,-7190,7003,-510,335,-941,3
-2346,-7190,7003,-510,335,-941,3
-2163,-7091,6970,-518,255,-1187,3
-2021,-7227,6999,-535,175,-1350,3
-1889,-7744,7039,-561,92,-1497,3
-1541,-8755,7023,-578,27,-1702,3
-1067,-9948,6974,-607,-85,-2152,3
-579,-11245,6680,-710,-237,-3046,3
-153,-11863,6189,-869,-366,-4193,3
-23,-11400,5785,-1039,-441,-5281,3
70,-10575,5491,-1210,-431,-6136,3
335,-9587,5039,-1250,-309,-6819,3
723,-8357,4617,-1122,-156,-7341,3
1120,-7195,4346,-937,-19,-7819,3
1879,-6247,4059,-711,219,-8937,3
1933,-6354,3466,-790,259,-9787,3
1551,-5873,3190,-860,351,-10654,3
1325,-5596,3290,-835,688,-11669,3
652,-4838,3527,-804,1283,-12877,3
-1282,-2655,3796,-817,1956,-14034,3
-3711,949,4553,-1086,2523,-14501,3
-5588,4744,5121,-1445,2997,-14064,3
-5953,7166,5801,-2356,3101,-12989,3
-5503,8681,6332,-3053,3284,-11486,3
-4488,9748,6990,-3104,3568,-9903,3
-3021,10625,8147,-2730,3723,-8437,3
-1398,11615,9976,-2111,3674,-7057,3
99,12973,12251,-1301,3442,-5809,3
1107,13916,14465,-533,2946,-4877,3
816,13759,15014,158,2161,-4141,3
-482,12142,13303,647,1311,-3226,3
-1217,10217,11218,737,708,-2027,3
-1162,8406,10055,825,553,-958,3
-967,7617,9511,1197,792,-199,3
-834,7170,9202,1331,968,199,3
-675,6487,9120,1045,920,263,3
-341,6202,9233,704,833,157,3
164,7115,9624,542,697,-163,3
197,7051,9563,377,532,-214,3
299,6921,9539,222,396,-284,3
294,6994,9562,117,308,-306,3
168,7136,9516,64,232,-314,3
67,7298,9346,66,178,-265,3
167,7346,9197,60,143,-152,3
264,7235,9105,15,102,-26,3
508,6419,8800,-36,-5,287,3
662,5958,8834,-21,-8,176,3
644,6065,8870,-42,-24,78,3
663,6464,8809,-84,-64,99,3
726,6516,8642,-143,-110,205,3
725,6079,8442,-181,-126,282,3
773,5566,8309,-209,-131,265,3
846,5432,8226,-271,-151,241,3
1005,5627,7878,-336,-180,382,3
1116,5366,7603,-375,-194,459,3
1247,4867,7427,-428,-205,425,3
1304,4286,7411,-368,-154,306,3
1203,4143,7490,-151,-18,179,3
1075,4409,7646,37,100,84,3
976,4783,7922,65,139,13,3
963,5079,8271,13,135,-32,3
937,5375,8518,2,132,-27,3
944,5612,8597,11,115,22,3
974,5588,8545,-24,62,74,3
1009,5334,8438,-110,-10,87,3
1121,5000,8348,-191,-58,63,3
1082,5036,8299,-43,22,19,3
1116,5073,8438,-19,31,10,3
1092,5012,8561,-14,15,-14,3
1025,5077,8564,29,13,-34,3
1021,5189,8569,62,15,-44,3
1021,5317,8560,81,25,-49,3
954,5502,8537,67,18,-18,3
962,5619,8553,55,6,31,3
976,5650,8530,55,-2,85,3
1009,5637,8511,51,-22,144,3
1006,5599,8401,51,-46,208,3
1073,5126,8275,48,-54,200,3
1071,4689,8227,23,-55,51,3
1002,4895,8310,-16,-66,-68,3
1096,5318,8308,-49,-92,-83,3
1254,5475,8214,-56,-107,-33,3
1368,5397,8099,-53,-97,52,3
1368,5075,8028,-51,-86,104,3
1380,4588,8020,-47,-69,50,3
1380,4588,8020,-47,-69,50,3
1391,4580,8080,-77,-71,-37,3
1389,4898,8105,-101,-80,-72,3
1450,5118,8065,-111,-79,-54,3
1450,5109,8078,-135,-71,2,3
1316,4940,8038,-157,-66,44,3
1222,4829,8022,-147,-55,43,3
1185,4994,8101,-90,-23,36,3
1120,5207,8196,-18,0,30,3
1061,5358,8303,60,18,35,3
1069,5424,8338,118,31,54,3
1071,5421,8327,111,25,72,3
1091,5366,8306,66,9,79,3
1139,5242,8244,24,-1,73,3
1171,5172,8162,6,0,70,3
1222,5236,8075,12,7,90,3
1254,5215,8012,37,22,114,3
1264,5072,8043,53,46,103,3
1236,4994,8192,50,64,70,3
1223,4931,8314,47,71,14,3
1154,4996,8418,31,60,-26,3
1163,5160,8487,3,39,-44,3
1122,5291,8521,-8,22,-47,3
1124,5305,8529,-9,11,-41,3
1114,5330,8528,-13,-2,-40,3
1091,5393,8537,-17,-13,-13,3
1096,5401,8520,-4,-22,22,3
1139,5151,8472,12,-36,23,3
1130,4987,8358,6,-51,-5,3
1152,5073,8329,-20,-63,-19,3
1219,5068,8255,-17,-60,12,3
1237,4875,8196,-10,-51,-9,3
1198,4862,8168,-28,-50,-29,3
1192,4998,8223,-41,-46,-14,3
1192,5190,8287,-34,-35,23,3
1197,5180,8316,-19,-30,62,3
1188,4933,8242,10,-20,50,3
1119,4914,8175,5,-23,6,3
1150,5112,8209,-34,-37,2,3
1201,5208,8277,-30,-29,6,3
1235,5124,8328,-17,-21,-12,3
1206,5159,8376,-3,-14,-23,3
1212,5256,8405,4,-14,-9,3
1235,5304,8426,6,-22,25,3
1282,5274,8384,11,-29,59,3
1300,5165,8318,5,-33,69,3
1272,4962,8280,-29,-39,38,3
1295,4808,8328,-81,-52,-18,3
1278,5026,8347,-85,-50,-42,3
1280,5185,8339,-70,-51,-42,3
1308,5147,8312,-72,-54,-26,3
1300,5095,8280,-46,-52,-10,3
1274,5101,8229,4,-36,5,3
1248,5075,8238,14,-26,9,3
1252,5035,8242,24,-14,-9,3
1245,5157,8280,29,-4,-2,3
1242,5166,8348,10,-5,5,3
1264,5030,8435,-50,-26,-26,3
1145,5232,8445,-78,-45,-155,3
1109,5452,8491,-72,-49,-147,3
1107,5468,8533,-67,-62,-117,3
1131,5427,8576,-49,-64,-116,3
1130,5462,8672,-35,-42,-101,3
1031,5414,8794,-1,-37,-72,3
1013,5390,8839,27,-57,-59,3
1006,5411,8871,35,-88,-56,3
1052,5634,8973,83,-115,-65,3
1016,6185,9279,184,-172,-56,3
1078,7121,10100,317,-306,33,3
1150,8994,11356,460,-545,135,3
778,11277,12438,472,-879,157,3
-345,13296,12901,262,-1338,243,3
-1881,15435,12589,-329,-2019,666,3
-4098,16877,12204,-947,-2833,1656,3
-6392,19387,11816,-735,-3357,3976,3
-8473,24682,11145,86,-3660,8140,3
-10231,26770,10949,913,-4189,13059,3
-11684,21277,10665,2035,-4717,17174,3
-11505,13969,10234,3227,-4761,17453,3
-8937,8887,10245,4104,-4332,17453,3
-6733,5857,9859,4700,-3674,17453,3
-5833,2493,7312,4742,-2778,17453,3
-5414,-998,3770,4194,-1396,16821,3
-4678,-4650,1488,3518,302,15023,3
-4588,-8148,1000,2931,1802,13230,3
-4984,-12127,2079,2452,2920,11228,3
-5063,-17608,9113,886,3771,5530,3
-5063,-17608,9113,886,3771,5530,3
-4891,-16747,10545,311,3193,4203,3
-3735,-7721,9039,-921,554,862,3
-3735,-7721,9039,-921,554,862,3
-3282,-6171,8146,-1014,153,618,3
-2749,-5569,7770,-907,-54,425,3
-2300,-5515,7449,-695,-178,210,3
-1995,-5648,7081,-452,-228,-61,3
-1786,-6034,6815,-288,-240,-346,3
-1722,-6956,6682,-198,-234,-618,3
-1522,-7744,6731,-127,-216,-867,3
-1245,-8109,6870,-108,-227,-1153,3
-1245,-8109,6870,-108,-227,-1153,3
-621,-8864,7403,-265,-389,-1834,3
-621,-8864,7403,-265,-389,-1834,3
-95,-8824,7531,-336,-547,-2170,3
401,-8800,7338,-330,-727,-2577,3
634,-9003,6958,-349,-916,-3094,3
848,-9516,6385,-520,-1137,-3738,3
1241,-10209,5730,-776,-1352,-4562,3
1322,-10623,5193,-857,-1402,-5613,3
503,-9615,4573,-1347,-926,-8631,3
503,-9615,4573,-1347,-926,-8631,3
512,-8421,4405,-1638,-854,-9540,3
-6064,7099,6331,-949,4188,-11723,3
451,6828,9362,-8,298,108,3
451,6828,9362,-8,298,108,3
718,7154,9396,-140,185,-102,3
768,7494,9344,-226,76,-156,3
872,7599,9261,-229,20,-15,3
931,7332,9067,-172,-7,166,3
889,6794,8917,-33,4,270,3
785,6529,8827,145,84,356,3
772,6460,8874,216,145,442,3
726,6257,8911,136,119,485,3
687,5778,8865,17,55,416,3
779,5530,8900,-63,17,235,3
812,5854,8989,-111,-6,99,3
855,6203,9001,-130,-55,71,3
970,6028,8795,-180,-131,83,3
1108,5631,8537,-318,-224,60,3
1182,5523,8304,-359,-266,45,3
1221,5522,8103,-271,-239,77,3
1482,4933,7601,-185,-128,62,3
1482,4933,7601,-185,-128,62,3
1486,5041,7443,-172,-102,60,3
1282,5193,7294,-104,-63,116,3
1259,4907,7810,52,75,52,3
1259,4907,7810,52,75,52,3
1193,5401,8166,67,91,22,3
1186,5809,8300,63,76,54,3
1187,5901,8324,14,36,119,3
1217,5734,8304,-60,-12,182,3
1276,5512,8237,-102,-48,231,3
1300,5333,8122,-85,-51,257,3
1324,5158,8069,-63,-35,251,3
1347,4965,8054,-66,-17,184,3
1297,4783,8118,-85,-12,60,3
1240,4789,8229,-92,-4,-105,3
1440,5315,8200,-15,-43,88,3
1440,5315,8200,-15,-43,88,3
1417,5245,8133,-35,-49,152,3
1434,5231,8103,-11,-27,209,3
1538,5065,8135,37,2,225,3
1539,4948,8118,98,36,178,3
1421,4999,8117,137,60,115,3
1397,5036,8245,119,51,61,3
1437,5010,8353,101,32,13,3
1466,5079,8338,91,12,-31,3
1476,5232,8263,39,-25,-66,3
1498,5352,8232,-10,-55,-62,3
1520,5435,8124,-30,-66,-23,3
1545,5431,8060,-43,-75,24,3
1588,5334,7957,-71,-86,72,3
1662,5121,7855,-70,-88,75,3
1646,4948,7800,-18,-58,52,3
1604,5066,7832,22,-21,53,3
1620,5153,7901,26,-13,64,3
1606,5041,8030,29,-9,37,3
1623,4848,8073,61,4,-76,3
1514,5109,8087,-5,-27,-172,3
1485,5520,8141,-70,-47,-181,3
1491,5771,8214,-38,-37,-129,3
1505,5792,8192,29,-19,-47,3
1551,5620,8164,75,-3,11,3
1483,5512,8147,81,1,39,3
1437,5541,8163,76,5,64,3
1423,5499,8192,52,7,78,3
1334,5090,8286,-17,-2,-24,3
1334,5090,8286,-17,-2,-24,3
1332,5146,8352,-30,-16,-77,3
1344,5193,8387,-66,-39,-116,3
1405,5232,8370,-108,-66,-144,3
1455,5274,8335,-112,-85,-146,3
1460,5339,8261,-86,-85,-108,3
1485,5290,8147,-30,-74,-54,3
1523,5212,8051,23,-56,9,3
1563,5116,7978,52,-41,61,3
1544,4899,7965,56,-24,58,3
1482,4745,8043,41,-12,12,3
1398,4770,8136,54,8,-45,3
1297,4952,8192,76,20,-102,3
1252,5156,8218,57,4,-121,3
1272,5191,8207,5,-32,-132,3
1300,5245,8194,-55,-63,-151,3
1320,5348,8217,-48,-61,-150,3
1357,5414,8219,-4,-44,-128,3
1381,5451,8177,36,-35,-92,3
1394,5432,8168,59,-34,-40,3
1441,5266,8168,69,-30,-10,3
1442,5026,8176,57,-26,-46,3
1394,5050,8177,42,-25,-107,3
1364,5270,8153,35,-22,-141,3
1373,5351,8151,28,-25,-151,3
1376,5339,8108,5,-42,-158,3
1377,5373,8095,-5,-52,-160,3
1345,5458,8095,10,-43,-169,3
1343,5657,8152,15,-25,-190,3
1343,5657,8152,15,-25,-190,3
1315,5633,8196,-29,-33,-192,3
1304,5528,8265,-56,-36,-210,3
1273,5563,8290,-58,-30,-235,3
1249,5709,8328,-44,-23,-240,3
1285,5678,8365,-38,-27,-236,3
1284,5553,8365,-36,-28,-267,3
1171,5661,8395,-53,-33,-312,3
1092,5877,8457,-71,-45,-325,3
1082,6117,8577,-56,-54,-286,3
1252,6616,9064,-21,-93,-200,3
1479,7674,10284,61,-252,-87,3
1569,9854,11942,150,-572,26,3
852,12449,13326,105,-1026,94,3
-881,14432,14699,-346,-1840,411,3
-2709,15754,15761,-1058,-3139,1446,3
-4727,18219,15194,-1107,-4514,3497,3
-7931,23200,12619,-172,-5484,7260,3
-9803,24911,9730,1119,-6046,12620,3
-10413,20554,7641,2915,-5950,17453,3
-9347,14303,8007,4053,-5470,17453,3
-6484,9167,10349,4598,-4977,17453,3
-4537,5170,10433,5329,-4330,17453,3
-3659,1630,7285,5740,-3157,17453,3
-2958,-1382,3116,5097,-1592,16032,3
-2278,-5077,31,4153,124,14374,3
-2235,-8924,-781,3600,1775,12566,3
-2746,-12373,1082,3172,3038,10645,3
-3281,-14698,4456,2548,3664,8639,3
-3450,-16294,7539,1959,3722,6621,3
-3246,-16254,9720,1390,3361,4906,3
-3386,-14522,10672,819,2819,3617,3
-3187,-12762,11244,117,2136,2761,3
-2718,-11488,10981,-361,1487,2113,3
-2097,-9548,9932,-485,986,1557,3
-1301,-7459,8758,-520,567,1064,3
-724,-5948,7946,-604,251,641,3
-213,-5075,7503,-617,76,276,3
148,-4749,7053,-502,-1,-66,3
256,-4884,6735,-343,-2,-366,3
257,-5369,6694,-224,18,-563,3
179,-6069,6633,-162,21,-731,3
1049,-8449,6365,-144,0,-2053,3
1049,-8449,6365,-144,0,-2053,3
1245,-8806,6268,-181,-5,-2579,3
1478,-8776,6318,-282,4,-3071,3
1867,-8346,6484,-436,-47,-3495,3
2160,-7980,6431,-592,-186,-3930,3
2461,-7855,6113,-709,-335,-4414,3
2697,-7905,5760,-721,-405,-5021,3
2712,-7920,5487,-639,-346,-5738,3
2620,-7807,5304,-573,-210,-6514,3
2645,-7723,5318,-697,-90,-7321,3
2491,-7622,5062,-984,56,-8164,3
2388,-7474,4556,-1364,264,-8999,3
2123,-6851,3802,-1732,587,-9865,3
1416,-5540,3425,-1921,1203,-10825,3
112,-3396,3693,-1939,2028,-11735,3
-1377,-915,4695,-2054,2813,-12351,3
-2755,1564,5938,-2302,3483,-12577,3
-3536,3530,6865,-2604,3994,-12350,3
-3731,4595,7456,-2866,4322,-11808,3
-3839,5026,8227,-3009,4499,-11140,3
-3982,5524,9268,-2768,4621,-10315,3
-3814,6551,10579,-2367,4607,-9145,3
-3106,7775,12232,-2042,4333,-7775,3
-2235,8980,14233,-1660,3834,-6385,3
-1268,9961,16108,-1038,3213,-5084,3
-797,10661,17038,-218,2478,-3910,3
-876,10459,16428,615,1633,-2779,3
-752,5646,10471,1971,270,11,3
-752,5646,10471,1971,270,11,3
-571,5031,9656,2166,436,397,3
-493,5130,9331,2094,574,617,3
-246,5242,9389,1636,539,749,3
128,5129,9672,1123,449,772,3
499,4989,10037,789,395,720,3
712,4960,10291,610,351,637,3
797,5063,10290,475,272,578,3
932,4835,10155,322,165,538,3
1047,4427,9963,253,111,451,3
1002,4179,9790,231,109,324,3
891,4102,9659,151,91,200,3
776,3883,9592,1,41,60,3
796,3659,9641,-83,34,-117,3
639,3969,9747,-99,47,-247,3
571,4404,9871,-107,27,-272,3
668,4604,9876,-60,-7,-214,3
903,4732,8967,122,-115,249,3
903,4732,8967,122,-115,249,3
1047,4296,8802,90,-135,296,3
1041,4055,8718,96,-124,315,3
1058,4002,8704,120,-95,346,3
1175,3814,8605,134,-74,347,3
1289,3447,8510,45,-100,228,3
1296,3304,8450,-83,-136,63,3
1286,3538,8369,-109,-129,-16,3
1307,3806,8227,-89,-107,-6,3
1234,3816,8038,-59,-72,5,3
1249,3587,8014,-26,-9,-64,3
1192,3724,8265,-3,63,-119,3
1058,4167,8637,50,128,-96,3
1007,4522,8964,114,165,-31,3
1003,4591,9189,155,165,50,3
1024,4394,9359,193,156,87,3
907,4270,9390,201,130,84,3
859,4127,9366,152,77,54,3
881,4187,9280,85,23,52,3
1072,4198,9024,9,-27,86,3
1072,4198,9024,9,-27,86,3
1103,4021,8960,7,-31,66,3
1077,3926,8935,33,-23,40,3
1075,3894,8954,40,-22,24,3
1122,3911,8976,41,-22,-3,3
1097,3860,8978,18,-35,-51,3
1058,4003,9041,1,-36,-84,3
1131,4318,9026,-17,-58,-47,3
1131,4318,9026,-17,-58,-47,3
1139,4397,8948,17,-54,-2,3
1152,4343,8880,33,-55,42,3
1174,4292,8845,36,-52,82,3
1151,4302,8824,39,-44,123,3
1146,4089,8781,64,-29,124,3
1191,3864,8816,75,-21,64,3
1187,3948,8855,9,-50,9,3
1183,4146,8870,-35,-82,-4,3
1176,4234,8796,-10,-78,0,3
1221,4089,8706,-14,-74,-25,3
1242,4047,8681,-116,-107,-64,3
1288,4172,8691,-173,-127,-72,3
1285,4273,8657,-137,-106,-40,3
1261,4145,8589,-79,-71,5,3
1310,3992,8643,-10,-27,27,3
1308,4063,8674,36,0,42,3
1324,4166,8645,27,-9,64,3
1376,4057,8363,1,-13,116,3
1313,3852,8382,-34,-4,95,3
1289,3861,8571,-75,10,70,3
1301,3974,8776,-64,27,55,3
1266,4042,8864,-17,50,20,3
1127,4128,8907,3,65,-14,3
1101,4221,9032,-50,56,-6,3
1128,4197,9177,-79,42,7,3
1126,4107,9215,-52,27,9,3
1125,4082,9143,-26,0,4,3
1107,4112,9009,-9,-19,20,3
1148,4211,8885,9,-17,57,3
1192,4195,8781,20,-17,95,3
1188,4061,8743,31,-6,118,3
1210,3997,8785,43,12,137,3
1304,3776,8824,54,28,110,3
1265,3597,8846,39,21,7,3
1199,3727,8867,-2,4,-70,3
1228,3934,8883,-28,-2,-77,3
1231,3984,8851,-31,-1,-51,3
1204,4004,8820,-24,2,-19,3
1213,3966,8869,-10,8,0,3
1219,3933,8893,24,15,6,3
1173,4031,8886,60,22,12,3
1140,4204,8883,59,17,35,3
1120,4266,8887,39,15,61,3
1143,4090,8904,7,9,63,3
1218,3909,8912,-36,1,25,3
1225,3851,8945,-38,11,-55,3
1146,4022,8965,-13,26,-117,3
1132,4246,8955,-20,19,-108,3
1174,4320,8958,-37,8,-70,3
1210,4283,8918,-27,10,-26,3
1258,4151,8867,-7,14,0,3
1228,4060,8863,-3,15,12,3
1234,4021,8888,13,19,37,3
1234,4021,8888,13,19,37,3
1256,3877,8904,35,25,49,3
1210,3735,8937,33,25,17,3
1125,3818,8945,13,14,-15,3
1098,3982,8958,-9,6,-36,3
1107,4034,8950,-28,4,-71,3
1121,4088,8942,-42,0,-103,3
1134,4249,8897,-38,-1,-99,3
1176,4310,8839,-31,-7,-82,3
1185,4321,8785,-29,-11,-43,3
1194,4279,8760,-9,0,6,3
1179,4194,8764,3,14,51,3
1217,3923,8788,5,23,54,3
1158,3798,8862,6,28,13,3
1094,3900,8900,5,30,-19,3
1079,3958,8909,-13,19,-62,3
1075,4016,8941,-58,-3,-100,3
1067,4160,8965,-68,-10,-102,3
1078,4271,8953,-30,-2,-70,3
1126,4267,8948,14,1,-17,3
1188,4223,8868,50,0,34,3
1191,4169,8766,74,4,77,3
1180,4073,8684,66,10,103,3
952,4109,9077,-26,-21,71,3
952,4109,9077,-26,-21,71,3
906,4054,9164,-52,-29,13,3
894,4265,9245,-44,-26,-14,3
958,4449,9258,-35,-35,7,3
994,4418,9268,-47,-46,37,3
873,4345,9308,-38,-52,64,3
799,4444,9399,-4,-54,92,3
763,4664,9474,23,-64,135,3
730,4903,9650,14,-93,176,3
714,5075,9836,-5,-148,224,3
703,5263,10023,25,-214,302,3
616,5633,10213,79,-292,380,3
663,6289,10800,62,-411,451,3
672,7552,11791,-46,-643,534,3
186,9683,12871,-261,-1024,555,3
-1092,12160,13807,-749,-1607,670,3
-2612,13846,14839,-1571,-2480,1293,3
-3770,14990,15793,-2001,-3568,2654,3
-5383,17858,16065,-1427,-4542,5094,3
-7005,20687,16447,-708,-5634,8884,3
-8594,18821,16136,181,-6851,13058,3
-8927,13588,13743,1833,-7357,16067,3
-7236,8657,11576,3190,-7119,17453,3
-4646,5424,10131,3987,-6489,17453,3
-3567,3393,8181,4506,-5596,16866,3
-3694,1345,5746,4505,-4473,15457,3
-3776,-1071,4109,3813,-3265,14207,3
-3991,-3307,2681,2980,-2056,13156,3
-4425,-6245,1559,2342,-881,12313,3
-4440,-10236,1781,1913,182,11443,3
-4436,-14135,3243,1715,1099,10403,3
-4197,-17217,4951,1814,1864,8875,3
-3745,-18389,6471,1954,2392,6953,3
-3672,-17802,7468,1755,2465,4891,3
-4251,-15478,7382,1248,2170,3023,3
-4297,-12647,7393,131,1502,1918,3
-3492,-11186,7081,-878,822,1271,3
-2879,-9068,6453,-972,559,768,3
-2482,-7410,5944,-788,466,314,3
-2129,-6513,5572,-648,402,-7,3
-1739,-6137,5528,-493,356,-267,3
-1749,-6245,5645,-324,311,-500,3
-1946,-6708,5851,-190,273,-656,3
-2100,-7336,6068,-141,225,-724,3
-2126,-8176,6274,-172,185,-786,3
-1930,-9082,6378,-222,166,-932,3
-1689,-9385,6548,-262,121,-1166,3
-1441,-9548,6778,-366,17,-1515,3
-1058,-9755,6881,-480,-126,-1960,3
-683,-9792,6723,-461,-284,-2503,3
-541,-9620,6340,-355,-419,-3176,3
-312,-9723,5723,-311,-534,-3932,3
-193,-9747,5141,-209,-577,-4753,3
-32,-10179,4581,-102,-500,-5731,3
-239,-10546,4334,-72,-359,-6777,3
-487,-10874,4065,-228,-197,-7797,3
-395,-11066,3828,-628,-153,-8783,3
-442,-10826,3142,-1012,-43,-9720,3
-640,-9765,2500,-1234,372,-10550,3
-930,-7865,2069,-1505,995,-11278,3
-1486,-6587,1883,-1758,1771,-12232,3
-2585,-5190,2311,-2016,2623,-13241,3
-4248,-3234,3674,-2218,3578,-14209,3
-6884,-130,5359,-2449,4426,-14912,3
-9037,3014,6994,-2782,4949,-14957,3
-10100,4308,8006,-2899,5250,-14653,3
-10811,5863,8875,-2569,5459,-13775,3
-10405,8700,10138,-1912,5516,-12017,3
-8559,11219,11866,-1278,5272,-9734,3
-5693,13457,14655,-867,4665,-7509,3
-5693,13457,14655,-867,4665,-7509,3
-2669,15462,18389,-437,3766,-5668,3
-1410,15731,20109,449,2648,-4381,3
-2608,13375,17949,1648,1415,-3189,3
-3504,10455,14096,2506,560,-1749,3
-2949,8298,11427,2707,312,-434,3
-2513,7318,10302,2588,458,255,3
-2230,7126,10155,2172,617,559,3
-1704,6701,10314,1541,594,637,3
-1155,6116,10482,926,426,451,3
-729,5776,10555,509,264,197,3
-324,5733,10598,418,213,-22,3
68,6022,10464,545,229,-173,3
195,6464,10115,572,176,-226,3
335,6666,9774,410,44,-178,3
438,6563,9449,259,-43,-49,3
402,6310,9213,216,-30,100,3
100,4684,8927,182,227,275,3
100,4684,8927,182,227,275,3
41,4956,9004,155,267,121,3
107,5510,9166,91,250,49,3
271,5469,9336,75,207,-42,3
367,5239,9392,36,129,-178,3
361,5458,9356,-53,42,-199,3
350,5664,9268,-77,-1,-127,3
375,5707,9171,-63,-1,7,3
435,5565,9041,-88,0,140,3
500,5054,8918,-201,-46,168,3
445,4749,8812,-316,-95,164,3
453,4846,8722,-323,-93,186,3
420,4318,8476,102,44,332,3
420,4318,8476,102,44,332,3
379,4370,8470,131,48,223,3
411,4850,8552,99,38,190,3
469,5104,8628,47,22,197,3
562,4935,8686,-18,-7,191,3
571,4721,8661,-67,-47,148,3
599,4679,8594,-60,-70,124,3
630,4734,8460,-58,-88,139,3
669,4776,8352,-42,-92,180,3
742,4602,8342,-26,-86,199,3
784,4403,8383,-5,-74,163,3
695,4413,8414,60,-43,120,3
662,4540,8441,79,-45,120,3
664,4550,8435,57,-70,132,3
644,4598,8395,83,-64,133,3
660,4762,8391,98,-54,150,3
714,4875,8351,66,-66,192,3
822,4440,8340,33,-64,53,3
849,4697,8379,-27,-88,39,3
988,4553,8411,-26,-90,36,3
951,4289,8399,17,-66,-5,3
847,4183,8418,-7,-77,-69,3
829,4381,8452,-36,-93,-103,3
821,4680,8486,-9,-77,-88,3
872,4860,8472,46,-50,-59,3
883,4871,8502,59,-47,-43,3
917,4909,8530,43,-55,-12,3
939,4899,8535,55,-50,23,3
950,4751,8573,79,-36,23,3
948,4757,8581,64,-34,4,3
981,4861,8575,26,-39,15,3
1022,4923,8553,-2,-44,56,3
1048,4715,8531,-21,-48,89,3
1041,4333,8536,-18,-43,34,3
958,4452,8549,-20,-38,-28,3
1006,4600,8625,-52,-58,-67,3
1009,4725,8670,-66,-73,-74,3
1000,4741,8686,-32,-64,-63,3
972,4685,8676,24,-41,-51,3
924,4660,8667,54,-38,-52,3
891,4650,8633,61,-44,-43,3
920,4701,8565,71,-50,-33,3
911,4537,8542,67,-59,-53,3
854,4523,8570,58,-56,-103,3
787,4801,8614,43,-54,-123,3
827,5017,8655,18,-69,-104,3
879,5020,8639,17,-85,-75,3
909,4926,8620,36,-96,-59,3
952,4953,8512,41,-112,-21,3
1006,4957,8394,33,-118,13,3
1012,4830,8282,44,-90,52,3
1059,4826,8244,80,-72,63,3
1102,4687,8227,94,-62,39,3
1036,4652,8187,91,-53,-25,3
975,4828,8176,42,-60,-53,3
1023,4902,8196,-15,-72,-52,3
1057,4892,8227,-61,-77,-50,3
1071,4920,8231,-75,-71,-35,3
1096,4903,8268,-67,-54,-19,3
1101,4859,8318,-77,-45,-17,3
1088,4896,8405,-96,-43,-29,3
1073,4898,8464,-107,-36,-35,3
1059,4908,8461,-87,-25,-26,3
1049,4756,8468,-53,-15,-35,3
1052,4739,8527,-31,-3,-45,3
1083,4721,8621,-26,-3,-54,3
1083,4721,8621,-26,-3,-54,3
1064,4702,8697,-6,2,-82,3
1060,4727,8791,-6,3,-100,3
1045,4696,8873,-50,-14,-111,3
1027,4685,8903,-69,-36,-125,3
1009,4744,8848,-60,-51,-110,3
968,4789,8747,-53,-70,-84,3
893,5038,8619,-194,-118,-173,3
893,5038,8619,-194,-118,-173,3
878,5241,8627,-187,-102,-140,3
937,5267,8627,-168,-82,-90,3
1016,5051,8648,-177,-77,-91,3
981,4998,8745,-223,-91,-110,3
950,4936,8800,-213,-84,-138,3
854,4879,8813,-146,-55,-162,3
796,4765,8877,-116,-37,-183,3
700,4801,9025,-125,-28,-247,3
603,5073,9200,-153,-18,-308,3
365,5482,9379,-175,-28,-358,3
37,6332,9766,-152,-38,-383,3
-213,8117,10789,-158,-78,-384,3
-610,10646,12589,-259,-314,-427,3
-1751,12990,14352,-269,-754,-437,3
-3618,14455,15010,-148,-1257,-155,3
-5203,14578,15249,-290,-1964,830,3
-5923,15164,15269,-118,-2620,2869,3
-7009,19179,15687,825,-3045,6185,3
-9647,25380,16959,1818,-3752,10785,3
-11479,24708,17589,2515,-5124,15723,3
-12870,17157,15743,3128,-6550,17453,3
-12652,10449,13069,3495,-7177,17453,3
-10076,5786,11116,3994,-6971,17453,3
-6944,2979,8478,4526,-6086,17453,3
-5156,1282,4846,4378,-4814,17453,3
-4614,-1312,2008,3531,-3283,16699,3
-4559,-4508,337,2636,-1446,14908,3
-4660,-8022,-711,1932,266,13216,3
-4737,-11433,-450,1513,1462,11585,3
-4953,-14420,1470,1433,2268,9851,3
-4968,-16261,3627,1744,2888,7763,3
-5241,-15155,5448,1889,3150,5769,3
-5087,-12481,7436,349,2070,3375,3
-4934,-11702,7023,126,1608,2552,3
-4392,-10176,6368,53,1282,1945,3
-3326,-8498,5749,-131,997,1473,3
-2572,-7360,5233,-238,813,1026,3
-2187,-6407,5083,-235,788,627,3
-1897,-5770,5298,-287,811,338,3
-1731,-5865,5930,-396,821,119,3
-1801,-6457,6639,-455,787,-59,3
-1923,-7351,7275,-386,739,-254,3
-1922,-8075,7757,-320,670,-464,3
-1877,-8451,8101,-351,501,-711,3
-1964,-8718,8066,-400,296,-1002,3
-1970,-9439,7820,-452,131,-1337,3
-1926,-9913,7603,-532,-8,-1664,3
-1757,-10008,7158,-612,-164,-2044,3
-1419,-10343,6472,-635,-281,-2559,3
-1004,-11079,5759,-686,-341,-3322,3
-502,-11948,5231,-850,-380,-4415,3
-380,-11978,4875,-976,-338,-5621,3
-430,-11439,4721,-896,-168,-6748,3
-588,-11105,4690,-731,63,-7751,3
-512,-11407,4594,-738,201,-8746,3
-651,-11403,4327,-1014,155,-9725,3
-620,-11764,3620,-1490,26,-10705,3
506,-13774,2509,-1922,128,-12019,3
627,-15231,903,-2235,630,-13901,3
-1775,-14607,-372,-2876,1498,-15855,3
-5420,-11636,102,-3705,2794,-17153,3
-8603,-7199,2704,-4631,4178,-17450,3
-10551,-2798,5858,-5169,5307,-17096,3
-11286,-307,8326,-5535,5719,-16389,3
-11443,324,9550,-5532,5633,-15334,3
-11461,1737,10360,-5009,5418,-13665,3
-10128,3565,11242,-3741,5384,-11612,3
-8582,6116,12753,-2510,5290,-9830,3
-6803,12010,16666,-1932,4845,-8318,3
-4956,18008,21748,-1719,4123,-7167,3
-5892,18535,22465,-1205,2829,-6017,3
-6318,13179,18434,-327,1097,-3824,3
-5342,9693,13597,977,295,-855,3
-4482,8597,10654,2169,675,1665,3
-982,7710,9836,437,-23,2005,3
-416,6991,9216,123,-280,2576,3
659,5104,8843,221,-260,2744,3
1319,3401,8737,474,-18,2496,3
1801,2157,8891,719,323,1949,3
1620,2393,9067,1017,689,1303,3
1046,3580,9324,1009,845,894,3
748,4350,9773,662,745,765,3
681,5262,10330,529,299,1285,3
681,5262,10330,529,299,1285,3
563,5499,9891,602,183,1673,3
618,5390,9498,344,-22,2029,3
996,4847,9399,-122,-302,2231,3
1447,4015,9501,-460,-486,2204,3
2002,3083,9638,-491,-468,1935,3
2339,2575,9671,-317,-292,1433,3
2889,4098,10774,-384,-17,198,3
2889,4098,10774,-384,-17,198,3
2728,4425,11225,-118,-13,271,3
2677,4599,11488,227,-127,349,3
2662,4928,11224,510,-371,458,3
2679,5357,10362,715,-649,600,3
2964,5330,9211,762,-871,687,3
3257,5219,8174,599,-984,653,3
3390,5091,7369,339,-947,484,3
3578,5097,6891,7,-844,266,3
3545,5221,6591,-381,-737,158,3
3606,4739,6513,-634,-602,63,3
3545,4367,6457,-752,-394,67,3
3259,3824,6489,-769,-204,60,3
2959,3446,6706,-752,-53,33,3
2719,3096,7061,-676,92,29,3
2558,3009,7385,-483,262,15,3
2369,3181,7576,-344,381,9,3
2120,3379,7704,-344,426,34,3
1834,3481,7868,-347,475,76,3
1705,3347,8095,-343,527,132,3
1673,2949,8419,-409,526,142,3
1678,2414,8728,-444,500,58,3
1557,2008,8889,-374,471,-123,3
1302,2196,8838,-259,413,-240,3
1236,2508,8734,-174,330,-229,3
1313,2711,8654,-101,265,-170,3
1410,2770,8608,-2,227,-118,3
1666,2822,8971,272,114,-124,3
1816,3197,8983,370,72,-116,3
2048,3480,8974,378,-6,-125,3
2151,3703,8933,338,-91,-140,3
2197,3961,8758,279,-208,-135,3
2189,4192,8678,260,-243,-83,3
2179,4286,8667,250,-267,-24,3
2258,4352,8668,219,-299,45,3
3074,4413,8731,166,-331,151,3
4255,4604,8770,89,-349,287,3
4173,4397,8632,91,-287,161,3
3680,4501,8514,109,-149,-128,3
3217,5122,8596,12,-51,-262,3
1953,4971,8967,-274,45,-282,3
1740,4605,9210,-282,64,-202,3
1599,4442,9393,-192,54,-115,3
1587,4315,9475,-77,-11,-31,3
1916,4064,9373,19,-123,95,3
2158,3694,8943,101,-204,165,3
2349,3287,8593,117,-229,47,3
2406,3272,8394,61,-224,-93,3
2288,3510,8272,24,-186,-207,3
2384,3826,8360,-6,-135,-240,3
2515,4204,8561,-15,-107,-163,3
2651,4460,8646,23,-107,-61,3
2680,4551,8542,49,-124,42,3
2715,4312,8371,23,-136,123,3
2816,3616,8351,3,-122,92,3
2782,3271,8372,-3,-93,-18,3
2772,3369,8335,3,-64,-131,3
2804,3436,8302,-7,-54,-213,3
2921,3271,8314,-18,-46,-276,3
2962,3112,8348,28,-5,-362,3
2875,3244,8395,95,46,-403,3
2790,3338,8450,127,68,-381,3
2674,3295,8450,128,54,-343,3
2539,3268,8385,126,39,-333,3
2458,3353,8339,122,28,-355,3
2364,3549,8300,115,13,-401,3
2235,3943,8271,78,-10,-438,3
2223,4201,8303,25,-19,-479,3
2290,4286,8394,0,0,-499,3
2292,4218,8551,1,56,-539,3
2183,4166,8710,-28,93,-617,3
2066,4221,8916,-74,94,-684,3
1922,4416,9019,-110,72,-693,3
1781,4490,9047,-96,45,-629,3
1796,4419,8988,-70,1,-523,3
1910,4374,8868,-39,-37,-402,3
1956,4437,8735,17,-45,-293,3
1999,4512,8657,19,-50,-196,3
2029,4444,8685,-12,-64,-114,3
2071,4316,8851,19,-37,-77,3
1964,4277,9077,77,2,-85,3
1889,4334,9257,75,-7,-124,3
2037,4233,8992,-69,-206,-204,3
2037,4233,8992,-69,-206,-204,3
2117,4052,8781,-59,-219,-231,3
2129,3747,8585,-52,-216,-307,3
2111,3421,8515,-65,-197,-476,3
1923,3658,8611,-70,-153,-666,3
1816,4106,8727,-94,-130,-796,3
1675,4270,8789,-165,-147,-899,3
1675,4270,8789,-165,-147,-899,3
1449,4263,8800,-175,-132,-997,3
1150,4136,8953,-220,-116,-1132,3
832,4158,9313,-224,-84,-1314,3
440,4597,9749,-211,-80,-1474,3
20,5302,10325,-283,-170,-1552,3
-428,6147,11145,-338,-320,-1487,3
-824,7145,12386,-222,-521,-1272,3
-1588,8406,13919,53,-825,-917,3
-2772,9742,15335,447,-1279,-522,3
-3988,11945,16811,737,-1920,-97,3
-4830,14419,18088,900,-2775,492,3
-5480,16551,18556,1167,-3927,1758,3
-6478,17933,17371,1615,-5221,4081,3
-7482,18877,15395,2177,-6299,7399,3
-8734,21451,13582,2885,-6790,11742,3
-10075,22223,12068,3686,-7071,16645,3
-10568,17903,9738,4156,-7347,17453,3
-10337,11651,5087,3941,-6973,17453,3
-9044,5027,1940,3536,-5866,17453,3
-7188,-897,1782,3245,-4512,17453,3
-5681,-5115,243,3084,-3017,17453,3
-4861,-7394,-1088,2631,-1462,16133,3
-5784,-8820,-1052,1548,-93,13453,3
-7844,-11976,-900,311,1014,11134,3
-8961,-16204,-74,-514,1739,9409,3
-8493,-18925,1879,-715,2131,7976,3
-7937,-18657,4301,-625,2066,6326,3
-7485,-16848,5436,-611,1520,4335,3
-7638,-14405,5300,-600,875,2512,3
-7866,-12012,5056,-492,392,1426,3
-7807,-10524,4191,-301,49,1080,3
-7502,-10370,2830,-105,-52,1062,3
-6656,-11437,1678,-30,56,1013,3
-5807,-12482,1024,39,357,721,3
-5012,-12305,1356,140,784,274,3
-4400,-12159,2391,-99,1015,-234,3
-3911,-12047,3417,-304,1103,-671,3
-3245,-11846,4154,-349,1040,-1034,3
-2457,-11218,4622,-314,824,-1310,3
-1641,-10448,4704,-236,534,-1534,3
-851,-9838,4379,-144,229,-1712,3
-191,-9457,3753,-32,-17,-1840,3
1057,-13270,2438,-238,323,-4430,3
1057,-13270,2438,-238,323,-4430,3
1623,-15109,2446,-735,313,-6388,3
3008,-17177,2385,-1358,271,-9239,3
3305,-18520,1558,-1656,573,-12550,3
657,-16895,-117,-1235,1439,-15287,3
-3017,-13538,-1338,-617,2295,-17112,3
-4855,-10667,-956,-1061,2669,-17453,3
-5620,-7045,208,-2301,2957,-17148,3
-6051,-3724,1948,-3206,3451,-16181,3
-6694,-366,3662,-3103,4178,-15088,3
-6993,1655,5008,-2835,4595,-13773,3
-7134,2843,5540,-2804,4577,-12371,3
-6580,4798,5705,-2755,4463,-10830,3
-4938,6715,5824,-2582,4495,-9113,3
-2912,8657,6501,-2251,4604,-7567,3
-1285,10155,7849,-1515,4791,-6287,3
27,11561,10168,-721,4952,-5122,3
-2729,10917,15865,722,3583,-585,3
-2729,10917,15865,722,3583,-585,3
-2813,8441,15423,1153,3036,884,3
-2412,5940,14535,1693,2768,1569,3
-2284,4885,13751,2009,2663,1653,3
-2229,5484,13273,1787,2389,1433,3
-1795,6150,13210,977,1745,873,3
-1358,6263,13151,77,952,167,3
-984,6459,12773,-439,371,-230,3
-870,7224,12186,-575,46,-193,3
87,6513,10902,-141,-127,406,3
87,6513,10902,-141,-127,406,3
526,5491,10327,-218,-288,574,3
600,5011,9832,-394,-472,692,3
900,4437,9474,-315,-496,758,3
1049,4164,9134,65,-332,738,3
1000,4309,8849,389,-167,708,3
1108,4709,8763,401,-136,661,3
1271,5178,8782,230,-196,640,3
1517,5097,8631,177,-218,598,3
1630,4928,8308,174,-228,533,3
1722,4883,7963,133,-229,555,3
1850,4620,7694,87,-199,618,3
2077,4180,7613,29,-152,615,3
2114,4102,7638,9,-62,616,3
2177,4154,7694,-38,6,651,3
2148,4155,7822,-157,18,687,3
2111,3944,7996,-191,59,711,3
2151,3799,8238,-109,167,704,3
2166,3842,8521,-41,264,663,3
2072,3883,8773,25,323,566,3
1938,4070,8952,76,334,495,3
1913,4315,9162,44,295,497,3
1994,4359,9293,47,249,496,3
2098,4078,9256,110,223,454,3
2269,3891,9290,51,168,396,3
2472,3814,9466,-14,133,302,3
2521,3768,9578,21,139,198,3
2521,3768,9578,21,139,198,3
2480,3851,9628,56,123,173,3
2431,3866,9578,67,68,211,3
2427,3720,9449,110,2,252,3
2370,3574,9259,139,-69,292,3
2273,3529,9073,172,-130,342,3
2123,3861,8528,310,-151,201,3
2123,3861,8528,310,-151,201,3
2077,4417,8406,201,-183,114,3
2181,4520,8346,32,-245,-1,3
2225,4523,8256,-86,-289,-70,3
2237,4470,8145,-103,-279,-91,3
2267,4363,8013,-26,-219,-101,3
2282,4222,7950,22,-176,-134,3
2294,4312,7964,-1,-166,-149,3
2310,4616,7941,4,-138,-112,3
2281,4670,7890,50,-85,-64,3
2220,4504,7929,61,-46,-37,3
2207,4510,8177,67,-22,-12,3
2226,4722,8505,105,7,46,3
2280,4816,8816,164,21,113,3
2305,4624,9132,243,12,126,3
2231,4528,9390,312,-23,104,3
2150,4550,9423,304,-104,104,3
2202,4412,9247,234,-185,92,3
2318,4183,9056,137,-240,33,3
2383,4150,8924,-10,-285,-31,3
2353,4205,8810,-158,-330,-93,3
2340,4237,8786,-218,-341,-122,3
2365,4314,8753,-213,-327,-109,3
2437,4449,8701,-208,-329,-78,3
2555,4547,8698,-214,-345,-43,3
2567,4653,8666,-197,-346,11,3
2608,4625,8627,-151,-330,78,3
2724,4432,8577,-104,-313,130,3
2777,4083,8509,-73,-308,114,3
2730,3858,8464,-46,-303,30,3
2729,4027,8474,-55,-296,-45,3
2758,4304,8449,-53,-294,-95,3
3170,4552,7943,69,-261,15,3
3170,4552,7943,69,-261,15,3
3225,4500,7852,90,-242,76,3
3287,4338,7761,122,-214,141,3
3360,3970,7705,95,-203,132,3
3391,3551,7656,-14,-219,5,3
3331,3616,7642,-69,-206,-151,3
3314,4088,7634,-50,-166,-222,3
3361,4404,7607,-46,-157,-229,3
3475,4895,7609,71,-60,-85,3
3475,4895,7609,71,-60,-85,3
3411,4874,7522,85,-37,-25,3
3384,4611,7385,88,-17,19,3
3343,4161,7282,100,20,-11,3
3209,4002,7435,52,56,-107,3
3099,4371,7721,-10,90,-178,3
3067,4796,7976,-26,119,-205,3
2947,5235,8461,62,93,42,3
2947,5235,8461,62,93,42,3
2927,5117,8384,60,73,132,3
2918,4668,8300,21,52,168,3
2898,4042,8255,-17,46,105,3
2751,3814,8326,-69,43,-18,3
2772,4069,8502,-106,53,-134,3
2725,4465,8607,-132,46,-225,3
2694,4684,8663,-178,9,-246,3
2640,4893,8686,-161,5,-196,3
2575,4977,8718,-69,28,-121,3
2518,5065,8666,-6,31,-29,3
2482,5123,8614,17,18,52,3
2388,5004,8613,10,11,92,3
2227,4972,8740,-31,14,74,3
1924,5369,8940,-76,14,42,3
1725,5877,9317,-77,13,38,3
1586,6648,9920,-13,10,95,3
1569,7868,10982,47,-83,191,3
1325,9565,12329,38,-337,291,3
749,11035,13694,11,-756,400,3
-95,12047,14607,-7,-1254,642,3
-1326,12973,14742,-151,-1820,1178,3
-2128,14357,15067,-695,-2606,2202,3
-2589,16619,16053,-1127,-3578,3843,3
-4005,19020,16393,-775,-4464,6046,3
-5087,19963,16164,72,-5347,9236,3
-6478,18203,14322,1240,-6100,12604,3
-7456,14229,11023,2177,-6530,15445,3
-6818,9903,7695,3008,-6434,17443,3
-5537,5657,4399,3895,-5659,17453,3
-4834,1984,2284,4578,-4297,17453,3
-5205,-1037,1758,4499,-2739,16501,3
-5533,-4169,1562,3587,-1292,15088,3
-5711,-6431,961,2424,-86,13576,3
-6775,-8680,-435,1343,915,12251,3
-7386,-12420,-578,503,1588,11101,3
-7320,-15665,849,70,2025,10062,3
-6765,-16855,2996,189,2290,8642,3
-6496,-17169,4683,585,2279,6667,3
-6472,-16403,5718,731,1950,4590,3
-6724,-14692,6067,553,1486,2843,3
-6854,-13503,6435,208,1105,1641,3
-6854,-13503,6435,208,1105,1641,3
-6742,-12913,6774,-78,843,937,3
-6167,-12585,6715,-139,695,546,3
-5140,-12143,6401,-84,641,274,3
-4003,-11502,6365,-79,625,-44,3
-2990,-10812,6585,-207,544,-441,3
-2224,-10102,6587,-400,390,-831,3
-1655,-9628,6500,-560,223,-1148,3
-1179,-9221,6488,-646,73,-1355,3
-752,-8766,6506,-643,-65,-1488,3
-416,-8569,6362,-573,-199,-1562,3
-31,-8697,5972,-458,-302,-1567,3
492,-9047,5547,-363,-399,-1618,3
719,-9486,5120,-346,-501,-1812,3
857,-10446,4698,-401,-542,-2219,3
963,-11303,4391,-477,-517,-2848,3
1039,-12076,4371,-619,-496,-3749,3
1127,-12845,4300,-747,-431,-4926,3
938,-12872,4179,-675,-315,-6070,3
952,-12507,3802,-477,-193,-7196,3
837,-11755,3359,-408,-137,-8309,3
404,-10474,3032,-396,-23,-9185,3
532,-9705,2962,-795,-72,-9828,3
1585,-10088,3062,-1366,-123,-10577,3
2384,-11423,2770,-1602,65,-11831,3
1963,-12601,1842,-1520,524,-13429,3
-763,-10841,717,-1374,1236,-14538,3
-3187,-6435,622,-1401,2081,-14457,3
-4072,-2485,1729,-1497,2865,-13653,3
-4807,-16,3102,-1291,3430,-12867,3
-5736,1673,4456,-1200,3703,-11962,3
-6183,2315,5298,-1276,3780,-11137,3
-6828,2748,5396,-1412,3721,-10625,3
-7549,5280,5387,-1398,3884,-9666,3
-7325,8362,5934,-1324,4232,-8244,3
-136,16003,16180,-315,3324,-4238,3
-136,16003,16180,-315,3324,-4238,3
-1186,14807,15292,295,2355,-3505,3
-2201,12421,13538,858,1572,-2439,3
-1101,6774,10813,-172,229,23,3
501,6399,8510,46,45,927,3
501,6399,8510,46,45,927,3
800,5686,8421,-70,0,940,3
949,5102,8401,-91,10,818,3
1036,4959,8431,-166,-8,736,3
1183,5078,8478,-265,-69,789,3
1255,5305,8371,-314,-120,948,3
1365,4919,8253,-364,-171,1116,3
1825,3456,8341,-475,-213,998,3
1935,2698,8415,-395,-158,588,3
1585,3440,8401,-239,-79,232,3
1343,4507,8430,-220,-87,86,3
1438,5059,8498,-229,-141,116,3
1607,5039,8449,-121,-158,199,3
1751,4940,8266,92,-117,278,3
1843,4968,8075,288,-49,362,3
1917,5151,7951,366,0,459,3
1942,5297,7911,360,19,581,3
1927,5334,7910,351,32,728,3
2004,4832,7891,384,65,801,3
2066,4039,7881,410,98,646,3
2048,3571,7887,338,92,298,3
1975,3713,7956,123,19,-109,3
1836,4450,8042,-113,-76,-428,3
1687,5390,8061,-191,-111,-527,3
1646,5880,8023,-147,-84,-430,3
1720,5915,8013,-96,-53,-237,3
1818,5810,8000,-39,-14,-67,3
1786,5704,8008,1,9,65,3
1817,5496,8039,14,13,171,3
1838,5075,8072,58,33,158,3
1687,4856,8154,71,46,20,3
1529,5195,8327,22,31,-88,3
1490,5606,8508,1,7,-109,3
1528,5759,8542,40,-1,-113,3
1540,5944,8423,51,-31,-91,3
1643,6059,8314,31,-71,-31,3
1703,6063,8200,51,-78,62,3
1784,5824,8085,98,-65,172,3
1957,5300,8022,101,-55,185,3
1942,4907,8033,56,-61,91,3
1893,4897,8090,-12,-77,-9,3
1940,4871,8171,-31,-88,-75,3
1945,4976,8120,5,-90,-106,3
1933,5077,8017,5,-117,-112,3
1954,5130,7883,-16,-145,-101,3
1999,5202,7714,-29,-153,-91,3
2023,5328,7610,-29,-133,-56,3
2023,5328,7610,-29,-133,-56,3
2048,5323,7541,-16,-96,-26,3
2042,5329,7552,-23,-66,-4,3
1996,5413,7646,-32,-40,35,3
2025,5292,7759,-20,-12,58,3
2024,5103,7873,12,21,7,3
1942,5244,8012,-1,28,-69,3
1913,5551,8130,-59,0,-91,3
1893,5699,8135,-71,-21,-72,3
1897,5613,8105,-5,-5,-52,3
1921,5567,8059,19,0,-25,3
1905,5620,8054,8,-2,12,3
1897,5579,8072,35,6,50,3
1889,5449,8060,75,17,71,3
1877,5435,8059,85,12,74,3
1860,5472,8019,61,-3,71,3
1873,5500,7943,38,-13,71,3
1947,5314,7874,27,-17,52,3
1970,5145,7848,-7,-30,-10,3
1871,5239,7847,-41,-41,-56,3
1844,5474,7860,-16,-17,-56,3
1825,5606,7926,-4,6,-21,3
1896,5585,8011,-33,0,19,3
1962,5363,7974,-40,-11,14,3
1993,5176,7925,-45,-11,-12,3
1942,5265,8013,-72,-10,-23,3
1939,5425,8103,-63,-6,-13,3
1907,5520,8123,-28,0,26,3
1868,5485,8096,19,15,73,3
1831,5417,8083,41,27,100,3
1802,5372,8096,21,19,112,3
1854,5317,8109,-3,0,95,3
1851,5326,8097,-18,-10,72,3
1855,5193,8092,-4,-4,51,3
1867,5073,8098,16,2,17,3
1866,5142,8095,-7,-10,-10,3
1822,5260,8084,-42,-30,-37,3
1820,5336,8108,-69,-49,-57,3
1875,5399,8126,-60,-52,-44,3
1902,5433,8060,9,-28,-14,3
1891,5462,8043,53,-7,35,3
1941,5412,8041,52,-3,76,3
1939,5294,8010,52,-3,95,3
1928,5148,7960,35,-7,98,3
1939,5041,7915,-23,-23,54,3
1957,5092,7952,-59,-31,11,3
1974,5163,7995,-39,-18,-10,3
1989,5191,8017,-7,-2,-20,3
1990,5288,8055,6,1,-7,3
1969,5226,8031,27,2,10,3
1927,5171,7958,60,14,15,3
1886,5209,7944,38,9,9,3
1891,5223,7933,-10,-9,-3,3
1904,5260,7952,-34,-9,-15,3
1929,5303,7994,-23,8,-27,3
1903,5348,8011,-16,13,-29,3
1914,5377,8032,-30,7,-10,3
1953,5373,8035,-13,13,13,3
1983,5279,8056,15,21,34,3
1818,5322,8254,-8,2,-37,3
1831,5288,8291,-40,-17,-47,3
1819,5261,8248,-58,-38,-61,3
1818,5292,8157,-64,-55,-53,3
1845,5236,8123,-44,-51,-42,3
1867,5225,8108,-21,-41,-42,3
1860,5262,8086,-4,-34,-46,3
1835,5286,8114,7,-19,-51,3
1808,5366,8132,14,-11,-27,3
1813,5363,8151,21,-12,-2,3
1823,5361,8151,13,-19,5,3
1830,5269,8151,-14,-37,-5,3
1836,5238,8142,-38,-55,-34,3
1840,5377,8132,-38,-59,-42,3
1880,5506,8098,-17,-54,-36,3
1921,5488,8043,-4,-51,-20,3
1948,5275,8037,-22,-62,-22,3
1933,5207,8018,-46,-70,-46,3
1947,5342,8065,-42,-62,-40,3
1990,5375,8109,-18,-53,-6,3
2000,5232,8024,10,-49,14,3
1969,5044,7917,20,-48,13,3
1932,4896,7835,0,-49,-22,3
1922,4995,7855,-34,-48,-66,3
1903,5209,7898,-46,-39,-92,3
1844,5315,7950,-47,-31,-125,3
1861,5302,8026,-108,-43,-152,3
1831,5294,8169,-181,-65,-184,3
1783,5448,8250,-183,-62,-179,3
1728,5402,8290,-149,-50,-157,3
1739,5163,8379,-151,-51,-194,3
1662,4999,8482,-240,-85,-322,3
1555,5023,8631,-366,-142,-507,3
1320,5209,8764,-406,-173,-694,3
1098,5360,8843,-378,-176,-903,3
711,5834,8928,-290,-151,-1098,3
387,7078,9387,-223,-155,-1171,3
70,8820,10417,-190,-267,-1072,3
-344,10911,12026,-134,-513,-863,3
-1034,13030,13749,-86,-947,-654,3
-2232,14777,14630,-144,-1591,-264,3
-3634,16518,14442,-337,-2425,814,3
-4692,18105,14032,-457,-3321,2866,3
-4692,18105,14032,-457,-3321,2866,3
-5367,18710,14200,-67,-4029,5547,3
-8184,22351,13939,851,-4587,9080,3
-11238,25516,13163,1266,-5635,13812,3
-12374,20812,12162,1579,-6936,17453,3
-12611,12994,10449,1961,-7840,17453,3
-10520,6391,8089,2948,-7681,17453,3
-6945,-627,5005,5235,-4691,17453,3
-6945,-627,5005,5235,-4691,17453,3
-6064,-3390,1544,4593,-2914,17453,3
-5925,-6128,-1594,3549,-1088,15648,3
-7100,-10386,-2451,2604,669,13705,3
-7699,-15619,-530,1966,2033,11801,3
-7698,-18919,2977,1573,2639,9837,3
-7282,-18864,5450,1232,2669,7674,3
-6990,-17658,7243,714,2222,5373,3
-6932,-15986,8054,77,1484,3409,3
-6659,-14024,7986,-377,766,2064,3
-6027,-12138,7690,-474,289,1252,3
-5145,-10586,7255,-384,42,795,3
-4198,-9572,6669,-333,-99,529,3
-3275,-9362,6154,-193,-61,254,3
-2543,-9332,5880,-79,72,-37,3
-1993,-9304,5722,-99,219,-320,3
-1543,-9277,5755,-207,362,-600,3
-1156,-9275,5778,-311,454,-861,3
-757,-9126,5887,-378,488,-1102,3
-360,-8830,6165,-444,434,-1317,3
-9,-8577,6245,-480,286,-1493,3
357,-8435,6185,-459,114,-1611,3
820,-8464,5960,-377,-28,-1693,3
1211,-8464,5612,-240,-126,-1790,3
1385,-8415,5183,-80,-161,-1923,3
1440,-8656,4625,22,-140,-2127,3
1616,-9178,4061,-82,-118,-2478,3
1930,-10211,3663,-404,-116,-3107,3
1984,-10901,3401,-652,0,-3984,3
1772,-10873,3405,-738,233,-4969,3
1727,-10889,3784,-726,498,-5955,3
1783,-10935,4110,-602,790,-6943,3
1605,-10700,4249,-540,976,-7927,3
2044,-11147,4680,-952,884,-10034,3
2830,-12520,4573,-1347,620,-11624,3
2281,-13448,3760,-1752,459,-13688,3
-520,-12499,2897,-1975,728,-15493,3
-4040,-8888,2260,-1529,1743,-16376,3
-6664,-4227,2491,-1162,2935,-16178,3
-8004,13,3653,-826,3757,-15358,3
-8713,3338,5087,-618,3934,-14182,3
-8593,5135,5727,-718,3674,-12552,3
-8165,7095,5585,-767,3464,-10576,3
-6838,8971,5820,-1172,3415,-8585,3
-4925,10156,6748,-1334,3599,-7032,3
-2555,10810,8608,-1032,3832,-6017,3
-689,12201,11158,-588,3822,-5482,3
39,14673,13598,-219,3394,-5041,3
-300,15763,14460,97,2564,-4439,3
-1370,14675,14046,499,1671,-3554,3
-1995,13395,12976,994,1112,-2294,3
-2302,13009,11347,1392,932,-870,3
-2200,12439,10139,1384,907,179,3
-2009,10684,9935,777,821,578,3
-1829,8731,10319,-11,637,490,3
-1640,7472,10727,-400,494,195,3
-1647,7304,10904,-335,429,-159,3
-1763,8026,10836,-116,314,-340,3
-1516,8901,10491,21,91,-177,3
-927,9150,9864,102,-130,139,3
-310,8554,9259,221,-238,337,3
98,8148,8730,303,-280,463,3
331,7954,8184,300,-297,603,3
541,7655,7788,232,-305,744,3
793,7110,7582,158,-298,838,3
1003,6632,7483,123,-270,942,3
1197,6415,7424,105,-243,1094,3
1319,6456,7332,102,-211,1290,3
1285,6419,7035,119,-175,1542,3
1666,5358,6885,47,-158,1666,3
2172,3894,6993,-160,-167,1400,3
2311,3621,7099,-248,-106,1010,3
2255,4274,7182,-267,-15,769,3
2051,4995,7236,-310,52,707,3
2114,4919,7466,-320,113,734,3
2382,4112,7832,-220,185,665,3
2395,3755,8109,-22,251,493,3
2244,4100,8219,85,243,340,3
2202,4658,8280,66,189,262,3
2147,5110,8308,18,131,260,3
2160,5193,8357,33,101,295,3
2251,5051,8335,80,96,323,3
2218,5013,8192,127,101,327,3
2209,4919,8075,112,78,290,3
2243,4857,8006,18,30,205,3
2281,4998,7980,-41,2,142,3
2320,5238,7968,-14,3,126,3
2339,5245,7959,100,44,117,3
2270,5165,7969,214,91,56,3
2209,5225,8008,190,61,-29,3
2168,5469,8053,102,10,-57,3
2115,5719,8123,108,17,-23,3
2106,5836,8102,158,30,37,3
2136,5640,8047,169,15,87,3
2191,5379,7976,131,-15,111,3
2258,5071,7902,79,-39,84,3
2258,5071,7902,79,-39,84,3
2266,4948,7792,61,-41,-1,3
2181,5209,7725,86,-21,-38,3
2184,5473,7702,109,-7,-19,3
2241,5399,7714,128,1,-11,3
2239,5350,7671,127,3,-10,3
2219,5440,7610,83,-11,-10,3
2166,5585,7513,55,-15,11,3
2140,5600,7497,77,12,56,3
2144,5567,7610,101,41,91,3
2145,5625,7653,98,51,113,3
2139,5790,7705,101,55,144,3
2114,5718,7723,120,70,167,3
2262,5144,7802,107,76,68,3
2217,5114,7933,26,48,-72,3
2154,5698,8019,-31,24,-118,3
2207,6153,8030,-31,13,-95,3
2316,6246,8022,-19,13,-17,3
2383,6044,8024,-12,10,46,3
2341,5797,8006,-2,-10,38,3
2233,5736,7908,23,-30,37,3
2206,5807,7733,68,-32,65,3
2242,5821,7613,110,-22,82,3
2196,5864,7531,124,-13,108,3
2191,5879,7460,110,-6,139,3
2129,5923,7391,96,3,170,3
2191,5892,7389,89,22,205,3
2250,5704,7450,80,36,188,3
2218,5511,7571,84,54,97,3
2146,5717,7722,66,67,55,3
2162,5830,7891,2,49,51,3
2153,5670,8006,-29,31,31,3
2142,5524,8086,-66,-4,28,3
2171,5449,8041,-47,-24,27,3
2158,5294,7774,-26,-71,-93,3
2135,5488,7746,-28,-74,-100,3
2172,5763,7778,5,-60,-80,3
2164,6001,7794,46,-42,-41,3
2196,6147,7817,59,-31,22,3
2196,6159,7890,52,-27,93,3
2255,5928,7952,50,-34,144,3
2358,5425,7954,45,-54,108,3
2360,5682,7650,-31,-123,-9,3
2464,5567,7477,-30,-124,3,3
2462,5407,7393,-62,-135,-6,3
2444,5456,7401,-21,-109,-18,3
2452,5692,7459,79,-50,-21,3
2397,6022,7495,121,-25,17,3
2371,6086,7520,116,-22,75,3
2394,5759,7500,90,-23,99,3
2442,5333,7501,29,-37,66,3
2424,5223,7512,-32,-53,-25,3
2395,5585,7465,-43,-58,-64,3
2431,5810,7386,-13,-48,-41,3
2474,5764,7300,17,-23,6,3
2488,5673,7348,26,1,39,3
2406,5689,7434,28,22,56,3
2372,5745,7524,37,42,75,3
2385,5628,7658,26,51,72,3
2310,5533,7743,14,48,42,3
2293,5479,7758,-14,28,25,3
2324,5314,7752,-79,-6,-30,3
2342,5334,7738,-142,-41,-102,3
2354,5511,7729,-169,-59,-136,3
2363,5639,7680,-164,-62,-134,3
2327,5621,7591,-120,-43,-108,3
2329,5490,7561,-102,-29,-118,3
2285,5329,7644,-132,-23,-191,3
2158,5184,7737,-168,-15,-329,3
1970,5027,7879,-211,-2,-544,3
1817,5135,8117,-302,-1,-833,3
-6607,20681,14619,-225,-3782,2933,3
-7246,21283,13829,923,-4026,7101,3
-10133,25609,12920,2552,-3672,11768,3
-13193,28878,11747,3387,-3885,17122,3
-14037,22751,10970,2972,-5084,17453,3
-13682,14843,10430,2450,-6047,17453,3
-11664,8288,10017,3106,-5866,17453,3
-8687,3057,7846,4187,-4794,17453,3
-5791,-872,2764,4411,-3181,17453,3
-5213,-4303,-2330,3883,-995,17453,3
-7229,-8942,-3879,3077,1283,15222,3
-8515,-14487,-1874,2340,2785,12311,3
-9261,-17329,2172,1922,3319,9851,3
-9267,-17518,5391,1449,3234,7639,3
-8974,-16288,6847,713,2684,5741,3
-8832,-15128,7447,157,2021,4169,3
-8559,-13824,7458,-49,1492,2971,3
-7866,-12001,7239,-136,1025,2134,3
-7866,-12001,7239,-136,1025,2134,3
-7045,-10635,6901,-231,608,1539,3
-5662,-10034,6083,-202,158,688,3
-5662,-10034,6083,-202,158,688,3
-5140,-10085,5971,-69,194,265,3
-4731,-10193,5995,-5,303,-169,3
-4328,-10279,6047,-40,414,-594,3
-3873,-10301,6103,-153,474,-1020,3
-3278,-10471,6172,-296,444,-1472,3
-2921,-10151,6263,-348,371,-1889,3
-2478,-9777,6439,-387,253,-2246,3
-1966,-9332,6642,-395,96,-2539,3
-1411,-9308,6506,-364,-88,-2837,3
-743,-9963,5851,-372,-262,-3278,3
-175,-10476,5308,-551,-459,-3895,3
187,-10850,4978,-697,-583,-4664,3
624,-11882,4626,-699,-568,-5752,3
917,-13063,4173,-654,-435,-7151,3
664,-13287,3755,-695,-268,-8587,3
37,-12524,3545,-800,-115,-9813,3
142,-12200,3683,-1016,19,-10890,3
593,-12385,3781,-1286,135,-12073,3
514,-12765,3914,-1907,40,-13422,3
-859,-12428,3499,-2121,275,-14741,3
-2947,-10740,2767,-1870,814,-15647,3
-5145,-7822,2063,-1415,1507,-15933,3
-6624,-4258,2168,-1159,2154,-15683,3
-7489,-1776,2910,-1309,2574,-15236,3
-8792,429,3906,-1631,2776,-14219,3
-9877,2475,4775,-1688,2910,-12639,3
-9778,4550,4838,-1355,3065,-11004,3
-9089,6499,4552,-1250,3223,-9547,3
-8063,8406,4683,-1254,3563,-8226,3
-6379,10968,5470,-1175,4014,-7055,3
-4515,13988,7606,-1176,4361,-6098,3
-2906,16000,10779,-1065,4412,-5483,3
-2803,15844,13367,-754,4030,-4975,3
-3632,15040,14529,-222,3435,-4130,3
-4602,14053,14289,459,2847,-2881,3
-5241,12602,13696,949,2349,-1507,3
-5502,10285,12762,1150,1969,-512,3
-5098,8577,12025,933,1668,-214,3
-4920,8534,11943,468,1417,-347,3
-4814,9419,12259,65,1178,-519,3
-4568,10094,12239,-168,873,-563,3
-596,6786,7418,52,-215,360,3
-596,6786,7418,52,-215,360,3
-423,6739,7240,86,-174,539,3
-260,6530,7107,104,-110,739,3
-114,5980,7058,43,-82,888,3
112,4980,7089,-104,-92,827,3
247,4252,7258,-162,-41,576,3
159,4477,7412,-75,69,295,3
-16,5274,7565,-58,119,141,3
-76,5813,7729,-115,109,128,3
40,5832,7869,-115,113,161,3
101,5822,7922,-77,127,202,3
134,5818,7978,-65,114,229,3
123,5719,8056,-42,100,247,3
146,5723,8103,19,113,302,3
266,5439,8168,54,110,301,3
249,5134,8134,26,63,166,3
71,5196,8032,-44,-6,37,3
49,5620,7984,-70,-27,16,3
47,5952,8007,-24,4,51,3
142,5737,8128,-35,7,33,3
205,5389,8227,-128,-52,-85,3
101,5648,8121,-166,-115,-150,3
89,5983,7896,-85,-127,-105,3
141,6043,7719,38,-84,6,3
167,5782,7607,120,-29,85,3
174,5443,7637,82,-13,56,3
122,5613,7781,9,2,-10,3
19,5997,7953,-5,24,-15,3
-26,6158,7995,14,29,39,3
7,6019,7977,-14,6,79,3
47,5845,7963,-42,-13,98,3
51,5880,7971,-10,8,124,3
41,5941,8028,55,48,125,3
-3,6009,8122,95,66,122,3
8,6156,8201,91,47,156,3
26,6251,8176,89,22,218,3
83,5978,8096,106,13,259,3
155,5449,8042,102,4,206,3
162,5315,8007,23,-37,70,3
123,5631,7982,-68,-95,-27,3
165,5985,7939,-53,-106,-27,3
216,6028,7853,18,-84,18,3
233,5880,7761,51,-71,46,3
245,5862,7704,55,-61,55,3
249,5983,7692,69,-38,76,3
204,6025,7674,95,-13,115,3
187,5935,7653,86,-3,145,3
243,5825,7767,13,-18,139,3
243,5825,7767,13,-18,139,3
275,5855,7895,-35,-28,127,3
222,5964,7850,-13,-22,132,3
209,5917,7782,33,-5,142,3
219,5780,7806,52,3,108,3
246,5776,7948,31,-8,38,3
208,6081,8005,13,-30,12,3
203,6277,7920,33,-41,24,3
186,6186,7847,37,-42,51,3
204,6082,7889,13,-46,77,3
239,6091,7928,14,-41,105,3
264,6082,7910,35,-35,136,3
197,5921,7804,54,-31,127,3
131,5895,7767,71,-25,100,3
132,6137,7805,83,-13,118,3
130,6353,7878,98,0,155,3
130,6240,7897,84,2,186,3
183,5891,7960,22,-21,135,3
116,5971,8079,-25,-45,58,3
10,6307,8126,-13,-49,46,3
7,6511,8139,-4,-58,81,3
53,6549,8178,-14,-79,132,3
80,6402,8221,-20,-100,157,3
52,6152,8215,-29,-119,129,3
34,6243,8217,-45,-140,99,3
13,6492,8277,-46,-162,118,3
73,6508,8268,-15,-175,169,3
129,6526,8188,32,-178,245,3
201,6585,8090,86,-169,319,3
290,6578,8008,121,-159,394,3
371,6523,7935,132,-152,483,3
480,6399,7920,162,-132,582,3
911,4873,7624,-242,-353,-26,3
911,4873,7624,-242,-353,-26,3
951,5619,7532,-214,-352,-94,3
1019,5991,7407,-104,-308,-14,3
1203,6101,7280,-29,-270,113,3
1336,6123,7156,18,-222,192,3
1333,6050,7088,61,-161,266,3
1415,5704,7150,86,-96,307,3
1156,5578,7711,-55,-80,22,3
1156,5578,7711,-55,-80,22,3
1176,5761,7740,-105,-119,8,3
1227,5883,7670,-101,-139,17,3
1251,5933,7610,-67,-135,44,3
1273,5952,7568,-21,-111,96,3
1298,5739,7577,12,-85,127,3
1245,5488,7614,19,-67,89,3
1128,5427,7613,-3,-61,7,3
1072,5436,7684,-66,-70,-115,3
939,5654,7836,-130,-81,-225,3
793,6033,7977,-152,-98,-287,3
683,6469,8109,-118,-106,-306,3
652,7448,8528,-72,-123,-294,3
270,8960,9586,-50,-242,-250,3
-591,10245,11120,-15,-510,-145,3
-1734,11935,12079,100,-851,84,3
-3173,14162,12982,182,-1339,523,3
-4608,16509,13911,-35,-2077,1495,3
-5486,18726,15027,-376,-2931,3187,3
-9694,28339,15546,262,-4767,10094,3
-9694,28339,15546,262,-4767,10094,3
-11224,29311,14508,746,-5943,15756,3
-12574,23849,12644,1017,-7143,17453,3
-13134,16545,9871,1510,-7778,17453,3
-11505,9386,6759,3187,-7126,17453,3
-6622,3797,5126,4793,-5715,17453,3
-2949,-175,1989,5453,-3908,17453,3
-3469,-2147,-2054,5353,-1430,17453,3
-11391,-10780,191,1521,3421,10031,3
-11391,-10780,191,1521,3421,10031,3
-11851,-14529,3923,1358,3499,8541,3
-11352,-15523,6299,1444,3373,7131,3
-10500,-15872,8012,1363,2916,5600,3
-9877,-15413,8860,1090,2192,4165,3
-9178,-14212,9028,697,1424,2976,3
-8518,-12992,8814,313,764,2007,3
-7638,-11893,8158,49,258,1262,3
-6618,-10895,7534,-109,-43,648,3
-5852,-10148,7158,-202,-167,52,3
-5231,-9755,6803,-281,-186,-528,3
-4562,-9559,6559,-416,-161,-1087,3
-4085,-9416,6442,-578,-117,-1621,3
-3797,-9799,6490,-703,-44,-2132,3
-3653,-10895,6715,-881,5,-2710,3
-3284,-12792,6960,-1185,-11,-3525,3
-2777,-14286,7136,-1456,-100,-4653,3
-2525,-14557,7005,-1572,-224,-5922,3
-2128,-14401,6474,-1606,-359,-7194,3
-1731,-13715,5621,-1635,-512,-8442,3
-1660,-12516,4976,-1630,-619,-9610,3
-1236,-11954,4474,-1571,-575,-10785,3
-654,-11966,4025,-1666,-536,-12172,3
-723,-11710,3422,-1911,-512,-13740,3
-1958,-10751,2597,-1958,-300,-15146,3
-3270,-9604,1932,-1829,150,-16013,3
-4309,-8444,1321,-1734,750,-16309,3
-5516,-6077,1353,-1780,1372,-16016,3
-6250,-2813,1975,-1621,1993,-15195,3
-6250,-2813,1975,-1621,1993,-15195,3
-6488,13,2759,-1091,2492,-13935,3
-6348,1800,3387,-604,2718,-12510,3
-6264,3278,3507,-519,2594,-11198,3
-6165,4732,3403,-1090,2290,-9773,3
-5309,5227,3531,-1506,2347,-8401,3
-4517,5473,3792,-1147,2900,-7587,3
-4772,7585,4131,-575,3524,-7017,3
-4574,10541,5092,-414,3935,-6355,3
-3828,13470,7211,-486,4112,-5651,3
-3401,15687,9894,-377,4043,-4980,3
-3484,16809,12171,-31,3693,-4284,3
-3937,16848,13039,274,3097,-3297,3
-4478,15304,12815,519,2531,-2176,3
-4907,12968,12538,575,2096,-1320,3
-5024,10794,12002,384,1711,-859,3
-4923,9639,11461,-24,1342,-730,3
-3422,9828,10251,76,419,-437,3
-3422,9828,10251,76,419,-437,3
-3014,10018,9944,249,379,-144,3
-2731,9845,9642,310,321,79,3
-2672,9536,9288,266,223,214,3
-2396,9100,8961,176,108,408,3
-2012,8181,8643,150,43,572,3
-1753,7134,8287,211,45,510,3
-1668,6668,7962,76,-30,306,3
-1505,6785,7688,-198,-168,185,3
-1210,6909,7528,-311,-219,187,3
-955,6561,7502,-251,-168,206,3
-727,6120,7515,-169,-106,134,3
-651,6083,7492,-136,-83,103,3
-545,6294,7480,-103,-52,158,3
-398,6210,7564,-24,13,220,3
-365,5693,7623,64,70,200,3
-442,5312,7656,67,75,96,3
-433,6035,7683,-133,-79,-211,3
-433,6035,7683,-133,-79,-211,3
-390,6174,7577,-162,-99,-156,3
-311,6326,7526,-134,-63,-70,3
-283,6403,7525,-61,-17,41,3
-282,6302,7535,-12,20,147,3
-335,6149,7561,20,58,214,3
-380,5868,7638,49,94,221,3
-480,5716,7741,51,109,174,3
-523,5742,7824,-23,78,94,3
-308,6152,7659,-30,-18,207,3
-366,5803,7743,92,71,175,3
-366,5803,7743,92,71,175,3
-349,5838,7759,28,30,127,3
-338,5763,7783,-41,-21,50,3
-252,6159,7601,-54,-72,65,3
-252,6159,7601,-54,-72,65,3
-213,5808,7649,-83,-64,30,3
-201,5882,7775,-115,-52,-15,3
-231,6216,7910,-105,-38,-18,3
-223,6411,7935,-79,-33,44,3
-222,6357,7854,-41,-33,129,3
-164,5936,7746,2,-34,154,3
-75,6147,7368,113,24,515,3
-95,6089,7386,77,34,533,3
5,5758,7561,26,39,463,3
4,5430,7762,5,54,232,3
-175,5627,7963,-47,36,-16,3
-268,6295,8092,-138,-25,-112,3
-227,6638,8073,-166,-74,-84,3
-73,6488,7999,-107,-80,-10,3
7,6283,7932,-51,-78,41,3
79,6143,7858,-40,-88,61,3
123,6154,7816,-20,-90,96,3
128,6130,7743,26,-77,139,3
105,5755,7555,22,-63,12,3
130,5862,7506,18,-61,-11,3
107,5979,7541,5,-60,-30,3
120,6130,7585,4,-55,-18,3
134,6216,7533,26,-44,13,3
158,6113,7514,44,-23,41,3
160,6052,7595,39,-4,48,3
146,6146,7726,28,-3,67,3
167,5958,7735,38,-6,64,3
114,5571,7705,15,-27,-15,3
114,5571,7705,15,-27,-15,3
62,5602,7794,-58,-64,-113,3
38,6047,7812,-88,-94,-156,3
2,6332,7764,-56,-95,-136,3
67,6118,7648,-7,-66,-47,3
67,6118,7648,-7,-66,-47,3
47,6152,7653,-44,-82,-54,3
17,6244,7648,-12,-61,-31,3
-11,6306,7628,28,-25,21,3
32,6082,7640,37,-5,41,3
44,5911,7699,13,-5,0,3
16,6074,7729,-33,-19,-39,3
-25,6281,7762,-59,-26,-52,3
-19,6210,7817,-56,-22,-55,3
-57,6167,7871,-54,-26,-68,3
-158,6354,7863,-42,-34,-46,3
-235,6548,7885,-4,-32,3,3
-314,6675,7860,43,-20,60,3
-353,6723,7901,54,-22,106,3
-436,6701,8013,34,-21,122,3
-593,6921,8290,39,-7,119,3
-836,7474,8650,44,-34,135,3
-1091,8241,9246,91,-135,229,3
-1489,9772,10613,240,-306,389,3
-2838,12621,12502,461,-650,577,3
-5616,16318,14405,346,-1295,1148,3
-11002,22367,12010,1982,-6150,17453,3
-398,1924,1461,2662,-1331,13584,3
-398,1924,1461,2662,-1331,13584,3
-3258,2504,452,1166,156,11699,3
-5851,-1006,-798,-393,997,10871,3
-8463,-13661,3676,-126,1825,8525,3
-8463,-13661,3676,-126,1825,8525,3
-7109,-13199,4113,371,1411,6898,3
-6720,-12395,3879,597,1026,5107,3
-6623,-11911,3806,456,686,3788,3
-6025,-11606,3520,278,525,3025,3
-5254,-11596,3559,198,592,2458,3
-3083,-10203,5378,-73,957,-327,3
-3083,-10203,5378,-73,957,-327,3
-2682,-9970,5880,-128,907,-708,3
-423,-9073,6023,-92,387,-1634,3
-423,-9073,6023,-92,387,-1634,3
183,-8962,5949,-33,314,-1817,3
670,-8894,5711,-1,246,-2027,3
1248,-9053,5581,-19,204,-2327,3
1561,-9122,5480,-102,168,-2724,3
1813,-9269,5229,-189,150,-3201,3
2118,-9556,4990,-273,136,-3748,3
2408,-9969,4875,-454,100,-4418,3
2640,-10161,4774,-596,66,-5225,3
2524,-9502,4739,-564,80,-5943,3
2418,-8697,4769,-478,125,-6521,3
2533,-8209,4774,-480,190,-7089,3
3129,-8809,4835,-447,307,-7927,3
3786,-10060,4714,-474,389,-9347,3
4119,-11273,4278,-869,325,-11374,3
2970,-11405,3574,-1196,484,-13645,3
289,-10188,3215,-1610,868,-15610,3
-3526,-6350,3409,-1895,1546,-16639,3
-6336,-1641,4156,-2746,2077,-16589,3
-2751,5994,6587,-452,3182,-7885,3
-1802,8494,7543,-462,3292,-7024,3
-588,10072,9336,-945,3110,-6521,3
172,11376,11415,-1225,2795,-6357,3
-368,12874,12374,-858,2480,-6032,3
-1559,13169,11742,-259,2062,-5184,3
-2007,12226,11029,226,1690,-3808,3
-2297,11591,10458,727,1568,-2235,3
-2576,11399,9885,1008,1520,-717,3
-2231,9459,9553,953,1416,216,3
-1813,6648,9452,635,1301,231,3
-2061,4974,9391,125,1112,-306,3
-2815,4915,9213,-161,930,-818,3
-3371,5837,9180,17,893,-1029,3
-3478,7073,9402,261,890,-1017,3
-3355,8327,9585,313,773,-942,3
-3203,9296,9668,182,583,-826,3
-2998,10016,9536,108,411,-569,3
-1879,8102,8135,537,300,452,3
-1595,6793,7789,558,344,410,3
-1646,6398,7680,410,366,305,3
-1746,6610,7858,252,374,197,3
-1727,6828,8043,165,378,120,3
-1727,6828,8043,165,378,120,3
-1646,7028,8241,45,330,81,3
-1547,7306,8305,-74,243,121,3
-1406,7477,8189,-127,169,242,3
-1273,7385,7951,-141,121,420,3
-1058,6908,7825,-129,123,605,3
-768,6210,7897,-33,207,713,3
-549,5482,8072,112,325,620,3
-696,5417,8138,174,372,421,3
-882,5721,8160,73,317,286,3
-875,5833,8225,29,271,232,3
-845,5852,8269,50,235,213,3
-581,6227,7625,56,64,513,3
-581,6227,7625,56,64,513,3
-542,5892,7614,82,107,583,3
-499,5579,7739,190,193,553,3
-533,5706,7881,196,234,469,3
-503,5670,8041,46,178,331,3
-541,5566,8218,-77,101,151,3
-636,5891,8261,-108,44,52,3
-662,6223,8153,-70,9,65,3
-599,6340,8010,-31,-22,123,3
-541,6338,7849,-1,-47,194,3
-469,6381,7771,14,-46,273,3
-416,6353,7775,26,-26,341,3
-366,6152,7820,59,-2,361,3
-359,5899,7807,124,34,316,3
-411,5852,7761,185,58,263,3
-417,5879,7758,157,42,215,3
-342,5912,7824,51,-12,145,3
-275,5972,7783,-22,-70,82,3
-256,6129,7652,-21,-99,66,3
-187,6247,7482,9,-98,121,3
-155,6269,7387,32,-84,213,3
-80,6241,7336,50,-60,298,3
-61,6170,7294,59,-28,363,3
2,5833,7336,11,-17,358,3
80,5535,7497,-42,-7,247,3
-40,5567,7641,-38,13,100,3
-138,5868,7806,-53,7,9,3
-101,6342,7628,-37,-75,20,3
-101,6342,7628,-37,-75,20,3
-93,6275,7559,5,-55,56,3
-104,6246,7482,28,-41,92,3
-104,6207,7470,11,-38,111,3
-108,6182,7514,-20,-39,107,3
-119,6257,7544,-30,-32,105,3
-117,6252,7616,-27,-27,110,3
-138,6192,7652,-2,-20,94,3
-181,6262,7648,26,-13,87,3
-179,6357,7702,11,-13,78,3
-211,6477,7767,-9,-17,81,3
-225,6553,7819,-5,-16,105,3
-215,6577,7835,-12,-23,136,3
-189,6550,7836,-18,-39,183,3
-131,6447,7854,-13,-46,224,3
-111,6340,7838,-7,-53,240,3
-136,6361,7808,-5,-57,255,3
-93,6263,7793,-1,-57,263,3
-61,6136,7778,-52,-88,227,3
7,6100,7777,-164,-148,169,3
65,6173,7743,-232,-183,140,3
83,6214,7688,-225,-186,136,3
128,6210,7600,-200,-175,158,3
243,6205,7541,-192,-165,203,3
348,6144,7539,-172,-143,252,3
471,5952,7529,-136,-112,276,3
488,5704,7519,-146,-96,254,3
486,5543,7539,-210,-109,200,3
469,5440,7603,-230,-111,151,3
458,5414,7632,-192,-90,111,3
489,5473,7662,-166,-78,69,3
470,5566,7662,-162,-80,36,3
454,5522,7632,-144,-82,9,3
501,5522,7634,-97,-59,-17,3
514,5658,7655,-59,-33,-41,3
476,5825,7679,-29,-10,-50,3
396,5852,7697,26,23,-47,3
-51,6397,8012,50,3,-75,3
19,6390,8007,55,-8,-42,3
22,6405,8024,71,-4,-10,3
10,6447,8042,78,-9,18,3
47,6555,8023,96,-6,68,3
93,6565,7986,95,-19,150,3
204,6234,7932,41,-58,193,3
304,5686,7913,-36,-100,164,3
392,5334,7898,-52,-113,82,3
389,5400,7838,-19,-103,-16,3
337,5551,7794,-30,-106,-102,3
383,5705,7790,-64,-124,-131,3
435,5899,7746,-38,-126,-113,3
508,5934,7664,24,-109,-69,3
567,5837,7556,50,-95,-27,3
567,5837,7556,50,-95,-27,3
549,5658,7472,34,-81,-8,3
512,5504,7504,37,-44,-26,3
495,5536,7606,35,-12,-66,3
373,5676,7677,19,-10,-103,3
283,5615,7758,-27,-24,-148,3
204,5553,7852,-62,-35,-234,3
16,5806,7891,-59,-34,-327,3
-232,6130,7933,-55,-35,-403,3
-527,6192,8089,-41,-18,-498,3
-834,6138,8348,-31,9,-646,3
-1474,6378,8622,-2,15,-862,3
-2399,7547,9037,44,8,-1052,3
-3221,9978,10002,90,-28,-1114,3
-4110,13579,12037,84,-234,-1047,3
-5567,17158,14925,98,-779,-764,3
-7610,19519,17218,300,-1642,-111,3
-21016,31548,8996,2372,-5627,17453,3
-21016,31548,8996,2372,-5627,17453,3
-22925,20988,9340,2258,-6707,17453,3
-23042,10246,9217,2670,-7386,17453,3
-19589,3798,8019,4207,-6462,17453,3
-15823,-235,6232,5801,-4528,17453,3
-13308,-4386,2542,5361,-2347,17453,3
-12617,-10368,-2777,4352,313,17453,3
-13458,-16609,-4909,3639,2745,15674,3
-13233,-23570,-308,2632,3768,13151,3
-11438,-24589,4361,1918,3849,10125,3
-10253,-20941,6745,1331,3171,6621,3
-9878,-17399,8265,467,2081,3390,3
-9514,-13951,8773,-339,963,1343,3
-8843,-11139,8132,-655,106,515,3
-7893,-10087,7485,-437,-260,292,3
-6982,-10000,6697,9,-308,220,3
-6119,-10568,5527,323,-216,56,3
-5336,-11424,4822,308,-4,-279,3
-4799,-11949,4868,79,271,-794,3
-4363,-12453,5006,-205,547,-1482,3
-1737,-1051,3848,-1413,1539,-13026,3
-3198,934,4468,-1405,2175,-13364,3
-4399,2709,4957,-1253,2739,-13287,3
-5287,4498,5051,-917,3108,-12698,3
-5667,6529,4917,-632,3296,-11423,3
-5223,8596,5057,-536,3393,-9687,3
-3914,10175,5754,-425,3489,-7992,3
-2291,11688,7042,-181,3593,-6601,3
970,13518,11949,327,2881,-3865,3
489,12617,11943,201,2241,-3354,3
-748,11257,11358,297,1667,-2837,3
-1665,10460,10462,557,1361,-2112,3
-1904,10067,9879,775,1309,-1315,3
-1904,9630,9890,822,1363,-765,3
-1776,8883,10406,579,1349,-606,3
-1743,8293,11035,207,1206,-736,3
-2152,7992,11201,105,663,-1163,3
-2229,8576,10904,218,413,-1124,3
-2111,9378,10415,487,233,-945,3
-1869,10002,9755,662,75,-653,3
-1634,10284,9134,614,-68,-324,3
-1344,10151,8639,475,-141,-31,3
-1070,9786,8219,309,-170,241,3
-768,8868,7971,-1,-241,366,3
-673,8007,7863,-292,-317,373,3
-529,7344,7855,-288,-287,366,3
-366,6681,7873,-107,-190,284,3
-344,6369,7896,-42,-154,154,3
-274,6496,7998,-127,-201,98,3
-135,6799,8107,-215,-256,142,3
93,6814,8121,-204,-274,237,3
339,6511,8038,-156,-285,314,3
577,6122,7895,-103,-279,354,3
720,5844,7737,-76,-257,385,3
781,5383,7619,-75,-239,355,3
774,4913,7556,-90,-213,230,3
701,4936,7559,-127,-185,109,3
732,5102,7611,-159,-169,23,3
778,6095,7708,-91,-64,54,3
847,6143,7783,-56,-42,143,3
872,6083,7812,-35,-29,221,3
878,5968,7854,-34,-22,288,3
841,5626,7914,-12,-10,303,3
841,5626,7914,-12,-10,303,3
794,5442,7971,75,33,270,3
735,5393,8026,112,49,221,3
706,6045,8110,-17,-103,-60,3
706,6045,8110,-17,-103,-60,3
778,6316,8104,-15,-127,15,3
848,6415,8059,48,-136,105,3
937,6032,7781,55,-166,466,3
937,6032,7781,55,-166,466,3
1027,5621,7826,-24,-174,434,3
958,5500,7869,-53,-155,368,3
919,5406,7971,-101,-151,281,3
1005,5365,8092,-188,-184,210,3
1055,5583,8136,-228,-219,182,3
1104,5666,8026,-255,-260,162,3
1328,5403,7752,-341,-307,100,3
1330,5399,7732,-345,-301,80,3
1358,5268,7747,-327,-283,55,3
1398,5320,7782,-325,-267,36,3
1406,5406,7804,-325,-251,23,3
1415,5309,7834,-316,-237,-14,3
1429,5314,7856,-295,-220,-23,3
1492,5402,7889,-263,-202,-2,3
1592,5446,7880,-230,-182,29,3
1652,5468,7855,-207,-159,83,3
1622,5484,7782,-175,-137,155,3
1678,5251,7719,-119,-106,211,3
1693,4972,7705,-70,-76,215,3
1628,4940,7773,-10,-39,185,3
1553,5033,7872,58,9,164,3
1514,5152,8024,74,29,142,3
1544,5184,8172,67,29,119,3
1579,5156,8229,74,27,73,3
1533,5147,8260,37,-1,28,3
1550,5190,8214,-36,-54,10,3
1600,5203,8105,-46,-74,13,3
1634,5163,7951,-1,-69,21,3
1636,5190,7819,16,-64,43,3
1630,5123,7750,22,-47,51,3
1610,4857,7835,41,-22,-11,3
1522,5421,8026,17,-1,18,3
1541,5603,8063,15,-1,38,3
1550,5766,8002,38,5,72,3
1632,5628,7943,57,20,116,3
1662,5184,7999,77,42,100,3
1601,4972,8069,92,58,13,3
1497,5145,8157,48,38,-72,3
1418,5405,8263,-3,13,-107,3
1400,5470,8336,15,-7,-117,3
1436,5466,8226,37,-37,-106,3
1479,5633,8043,25,-62,-76,3
1519,5728,7873,15,-68,-41,3
1538,5705,7725,26,-55,13,3
1568,5597,7640,69,-20,68,3
1587,5259,7676,100,22,68,3
1538,4863,7874,28,20,-42,3
1409,5068,8103,-62,1,-162,3
1284,5547,8201,-57,10,-215,3
1225,5813,8207,-21,17,-191,3
1286,5892,8170,-13,6,-124,3
1340,5959,8115,-12,0,-77,3
1324,6125,8101,-11,-2,-29,3
1351,6087,8124,-4,-9,26,3
1249,5567,8321,-34,-21,-4,3
1186,5715,8420,-26,-13,-51,3
1146,5875,8432,-28,-18,-94,3
1042,6033,8447,-1,-26,-99,3
930,6167,8482,59,-23,-92,3
640,6687,8590,72,-36,-101,3
213,7856,9104,46,-82,-142,3
-265,9862,10370,31,-201,-177,3
-1284,11867,11885,58,-452,-139,3
-2369,13447,13055,91,-753,-2,3
-3050,15469,14195,58,-1151,365,3
-3824,17435,15100,-187,-1812,1157,3
-4613,18376,15948,-499,-2719,2513,3
-5563,19627,16757,-210,-3544,4561,3
-7401,23127,16133,585,-4324,7817,3
-9699,25248,14018,1264,-5146,12242,3
-11685,21795,12182,1697,-5988,16666,3
-12123,16072,10048,2296,-6381,17453,3
-9534,-8085,814,2283,2710,11867,3
-11214,-12065,5910,1390,1823,4723,3
-11214,-12065,5910,1390,1823,4723,3
-11524,-12397,6711,1019,1545,3696,3
-11455,-12626,7102,812,1381,2828,3
-11387,-12617,7271,710,1316,2000,3
-10955,-12343,7642,552,1242,1169,3
-10094,-11538,8008,284,1092,397,3
-9207,-10927,8395,-10,879,-379,3
-8306,-10257,8664,-252,609,-1074,3
-7369,-9761,8588,-416,280,-1596,3
-6383,-9525,8163,-517,-54,-1986,3
-5567,-9240,7446,-548,-321,-2289,3
-4903,-9026,6589,-535,-478,-2501,3
-4193,-8813,5983,-561,-532,-2615,3
-3597,-8603,5479,-620,-533,-2663,3
-3086,-9165,5251,-611,-461,-2790,3
-2403,-10756,5191,-490,-329,-3252,3
-2008,-12365,5318,-542,-322,-4252,3
-2056,-13909,5490,-809,-431,-5642,3
-2364,-14487,5554,-904,-457,-7063,3
-2382,-14670,5490,-905,-512,-8476,3
-2182,-15131,5300,-1083,-699,-10066,3
-1531,-16417,5243,-1467,-935,-12066,3
-1945,-17280,4610,-1672,-938,-14579,3
-7504,-13974,2541,-2844,-765,-17453,3
-9912,-10259,1468,-3366,-207,-17453,3
-11797,-6085,1405,-3513,1006,-17453,3
-13822,-1039,2341,-2927,2496,-17453,3
-14292,2432,4072,-2478,3327,-16591,3
-14169,4551,5316,-2256,3626,-15389,3
-14098,7156,5403,-2002,3719,-13796,3
-12520,10161,5153,-1648,3797,-11520,3
-9223,13647,6227,-1381,4101,-9140,3
-4449,19483,9421,-1134,4490,-7290,3
-489,24092,14301,-903,4360,-6108,3
152,22907,17265,-608,3471,-4922,3
-1684,19501,15234,-168,2296,-3065,3
-2485,16355,12095,212,1511,-813,3
-2288,12796,10368,827,1564,1156,3
-2582,10744,9823,1347,2035,2388,3
-3265,10713,10421,1267,2270,3200,3
-3219,10642,11989,737,2101,3790,3
-2415,9374,13516,306,1646,4085,3
-1272,7589,14261,124,1038,4092,3
34,5710,14074,-1,364,3689,3
1349,4155,13069,29,-136,2920,3
1948,4090,11503,307,-312,1976,3
2026,5159,10015,367,-371,1175,3
2236,5899,9061,145,-459,627,3
2336,6323,8466,-51,-505,407,3
2383,6522,8043,0,-425,429,3
2487,6592,7719,217,-263,581,3
2528,6589,7549,423,-123,797,3
2575,6549,7586,570,-35,1023,3
2695,6610,7677,653,20,1251,3
2790,6489,7717,678,50,1440,3
2966,5758,7630,692,100,1514,3
3490,4209,7620,84,69,769,3
3490,4209,7620,84,69,769,3
3623,3900,7701,-312,-51,386,3
3592,4021,7892,-457,-57,124,3
3531,4492,8013,-387,11,54,3
3541,4786,8024,-262,54,107,3
3554,4828,8065,-160,36,221,3
3545,4802,8096,-81,-12,353,3
3536,4679,8022,-13,-68,486,3
3709,3878,7829,-7,-135,484,3
3764,3357,7575,-36,-197,305,3
3589,3575,7405,-7,-199,103,3
3554,4167,7288,54,-125,15,3
3684,4564,7314,64,-59,27,3
3873,4066,7406,-12,-37,-72,3
3808,3693,7440,-131,-21,-313,3
3587,4136,7409,-193,0,-437,3
3465,4671,7350,-180,29,-418,3
3459,4999,7283,-117,87,-318,3
3604,5255,7397,-28,150,-176,3
3646,5467,7747,76,180,-31,3
3565,5469,8062,179,173,80,3
3580,5350,8196,255,139,183,3
3633,5215,8229,303,119,287,3
3322,4575,8352,168,84,4,3
3322,4575,8352,168,84,4,3
3294,4683,8371,-27,18,-139,3
3283,4818,8341,-188,-46,-256,3
3263,5051,8237,-260,-90,-282,3
3320,5221,8121,-242,-110,-243,3
3430,5290,8022,-117,-118,-183,3
3469,5420,7852,38,-118,-63,3
3561,5450,7638,162,-99,77,3
3600,5244,7485,229,-61,207,3
3662,4631,7547,214,-24,209,3
3533,4246,7691,110,-23,80,3
3420,4388,7783,-9,-46,-1,3
3477,4662,7738,-69,-57,-3,3
3464,4759,7582,-63,-53,20,3
3620,4453,7580,-34,-42,5,3
3645,4280,7725,-18,-52,-119,3
3550,4629,7790,-40,-95,-237,3
3626,5116,7676,-50,-113,-220,3
3683,5378,7563,3,-85,-130,3
3714,5407,7482,45,-44,-24,3
3714,5407,7482,45,-44,-24,3
3764,5389,7468,36,-21,80,3
3767,5292,7515,22,-11,166,3
3695,5130,7539,28,2,225,3
3638,4850,7579,44,12,224,3
3580,4630,7667,39,-3,168,3
3571,4598,7688,42,-15,79,3
3577,4778,7642,36,-19,-1,3
3621,4960,7640,-21,-37,-42,3
3630,5029,7598,-58,-43,-51,3
3664,4993,7529,-49,-27,-38,3
3695,4945,7504,-28,-13,-4,3
3654,4565,7632,13,23,53,3
3654,4565,7632,13,23,53,3
3647,4318,7725,31,32,-26,3
3574,4353,7703,24,35,-128,3
3499,4664,7698,-27,21,-177,3
3545,4758,7704,-71,4,-180,3
3577,4831,7622,-87,2,-152,3
3638,4932,7533,-105,9,-113,3
3627,5037,7551,-118,5,-60,3
3638,5029,7577,-105,5,0,3
3648,4885,7565,-61,4,35,3
3579,4814,7526,6,22,60,3
3626,4648,7618,63,50,66,3
3545,4431,7741,74,66,-26,3
3396,4552,7871,18,56,-150,3
3348,4889,7977,-78,17,-216,3
3356,5170,7986,-130,0,-225,3
3447,5291,7969,-159,14,-182,3
3539,5225,7935,-200,18,-155,3
3572,5178,7899,-262,-2,-145,3
3571,5197,7826,-274,-12,-105,3
3591,5083,7765,-213,-10,-44,3
3605,4713,7682,-119,-6,-11,3
3501,4419,7648,-22,-1,-36,3
3447,4495,7692,61,14,-72,3
3474,4746,7745,98,37,-111,3
3397,4956,7778,68,43,-122,3
3537,4655,7647,-112,9,16,3
3537,4655,7647,-112,9,16,3
3543,4189,7769,-58,25,-54,3
3484,4102,7893,-6,36,-175,3
3411,4297,7913,-36,23,-291,3
3311,4496,7937,-76,30,-389,3
3216,4792,7983,-62,75,-431,3
3177,5000,7986,-38,113,-414,3
3192,5141,7911,-30,131,-373,3
3223,5168,7823,-46,119,-337,3
3235,5068,7798,-51,108,-315,3
3183,4939,7837,0,128,-344,3
3101,4916,7905,66,174,-429,3
3009,5202,7959,87,208,-506,3
2918,5437,7993,65,222,-522,3
2859,5454,8059,31,225,-531,3
2803,5522,8102,10,230,-537,3
2607,5689,8122,4,227,-532,3
1443,6117,8858,67,253,-1029,3
1443,6117,8858,67,253,-1029,3
1025,6924,9342,155,308,-1377,3
275,8684,9941,202,327,-1801,3
-594,11869,11059,124,251,-2049,3
-814,16026,13427,-108,-66,-1993,3
-1441,19920,16791,-342,-770,-1644,3
-3985,21911,18723,-425,-1801,-810,3
-6128,22062,18581,-141,-2927,981,3
-7784,24673,18069,557,-3922,4379,3
-9924,27731,17401,1650,-4737,9411,3
-12717,26729,14624,2827,-5346,14538,3
-15404,24248,9895,3158,-5735,17453,3
-13028,-843,2994,2646,-4400,17453,3
-13028,-843,2994,2646,-4400,17453,3
-12274,-4909,447,2999,-2408,17453,3
-12731,-8613,-3119,2908,-112,16360,3
-14360,-14541,-4357,2568,1886,13772,3
-14269,-20761,-1175,2188,2964,11563,3
-13150,-21079,1692,1772,3245,9504,3
-12144,-19716,4346,1334,2953,6924,3
-11615,-18042,6137,773,2178,4304,3
-11148,-15627,6518,255,1269,2322,3
-10528,-13048,6749,0,612,1181,3
-9583,-11328,6937,24,267,586,3
-8516,-10779,6426,145,131,305,3
-7303,-11034,5832,274,216,87,3
-6010,-11124,5845,297,441,-175,3
-4848,-11156,5983,152,646,-517,3
-3828,-11126,6015,-64,785,-904,3
-3014,-10735,6213,-274,860,-1291,3
-2390,-10213,6639,-503,803,-1664,3
-21,-12587,3284,-782,-891,-6514,3
-44,-12573,2827,-714,-675,-7755,3
-269,-12953,3113,-1421,-3,-12886,3
-7260,-2196,2123,-2067,1937,-15444,3
-7260,-2196,2123,-2067,1937,-15444,3
-8187,1383,3515,-2347,2705,-14513,3
-8852,4072,5047,-2590,3168,-13146,3
-9208,6377,5883,-2643,3344,-11461,3
-8217,7993,6046,-2671,3402,-9884,3
-6542,10592,6657,-2574,3751,-8401,3
-4370,14603,8771,-2468,4205,-7174,3
-1654,17942,12513,-2238,4266,-6214,3
-293,18344,15797,-1883,3744,-5160,3
-1053,16364,16339,-1184,2790,-3799,3
-2354,14290,14903,-169,1914,-2312,3
-2541,12079,12737,595,1449,-894,3
-2121,9826,11067,890,1368,53,3
-1793,8657,10792,739,1497,340,3
-1883,8697,11594,338,1596,212,3
-1843,9051,12761,-41,1512,15,3
-1766,8922,13411,-189,1255,5,3
-1504,8862,13296,-91,930,264,3
-1048,8794,12678,159,602,706,3
-496,8085,11827,456,328,1149,3
160,7064,10925,679,127,1411,3
604,6135,10211,667,-81,1390,3
902,5530,9731,529,-280,1193,3
2122,5522,7518,248,-203,917,3
2122,5522,7518,248,-203,917,3
2299,5233,7540,255,-169,1007,3
2450,4806,7576,301,-131,1028,3
2618,4348,7647,262,-121,912,3
2742,4145,7708,207,-111,707,3
2869,4221,7798,230,-52,448,3
2839,4682,7879,215,-7,240,3
2778,5102,7953,95,-45,152,3
2757,5298,7981,-5,-97,159,3
2813,5401,7915,7,-108,239,3
2842,5539,7897,75,-107,368,3
2867,5537,7861,119,-118,509,3
3125,5425,7646,223,-12,599,3
3391,5639,7848,1,-173,400,3
3391,5639,7848,1,-173,400,3
3447,5657,7735,11,-182,442,3
3494,5488,7650,-3,-192,507,3
3468,5383,7515,-19,-194,568,3
3573,5159,7456,-7,-174,614,3
3769,4755,7494,36,-128,595,3
3756,4173,7406,-155,-178,184,3
3770,4134,7344,-100,-148,126,3
3816,4243,7362,-110,-139,85,3
3851,4398,7424,-134,-132,82,3
3915,4471,7439,-135,-110,107,3
3927,4258,7382,-120,-85,118,3
3877,3948,7397,-108,-62,81,3
3883,3863,7529,-72,-28,21,3
3834,4082,7678,5,15,-50,3
3762,4351,7784,62,26,-63,3
3711,4297,7762,68,-8,-45,3
3669,4174,7670,55,-37,-53,3
3621,4161,7582,64,-32,-92,3
3620,4295,7580,46,-29,-145,3
3650,4521,7599,22,-17,-174,3
3642,4643,7605,-3,1,-194,3
3651,4729,7611,-52,8,-210,3
3651,4723,7629,-74,20,-226,3
3464,5027,7595,93,91,-80,3
3429,5152,7599,114,72,-36,3
3408,5341,7514,111,55,12,3
3360,5437,7473,113,47,73,3
3320,5347,7467,139,61,110,3
3374,5262,7471,179,103,79,3
3464,5378,7540,148,126,42,3
3441,5467,7658,60,112,10,3
3311,5500,7800,8,100,11,3
3302,5426,7897,31,104,61,3
3347,5282,7960,83,105,112,3
3328,5249,7952,137,98,144,3
3328,5249,7952,137,98,144,3
3434,5008,7586,64,-33,84,3
3434,5008,7586,64,-33,84,3
3514,5032,7400,66,-27,24,3
3634,4936,7316,0,-31,-27,3
3672,4916,7307,-71,-23,-71,3
3627,4936,7342,-92,3,-108,3
3611,4968,7460,-93,36,-94,3
3565,4922,7507,-40,63,-61,3
3517,4891,7468,53,91,-22,3
3550,4813,7453,115,121,9,3
3563,4671,7529,109,143,-17,3
3499,4655,7659,76,152,-85,3
3454,4774,7746,46,155,-132,3
3399,4840,7810,27,145,-160,3
3326,4903,7879,16,136,-172,3
3379,5156,7983,46,140,-190,3
3379,5156,7983,46,140,-190,3
3398,5281,8051,35,120,-182,3
3380,5243,8107,7,74,-167,3
3366,5120,8141,-18,16,-166,3
3365,5045,8158,4,-4,-178,3
3340,4988,8150,39,1,-218,3
3243,4945,8112,36,1,-305,3
3244,4823,8105,-26,-28,-444,3
3247,4622,8104,-68,-48,-660,3
3166,4565,8054,-13,-13,-942,3
3107,4355,8036,50,39,-1312,3
2917,4283,8118,19,69,-1799,3
2673,4387,8399,-90,86,-2412,3
2044,5685,8983,-236,83,-3060,3
808,7898,10400,-622,-116,-3710,3
-1027,10366,13319,-1118,-560,-4410,3
-3571,13200,16508,-1213,-1064,-4745,3
-6929,17565,18974,-708,-1721,-4232,3
-11269,21299,19795,3222,-5026,2186,3
-11269,21299,19795,3222,-5026,2186,3
-11594,23897,16022,4185,-5813,6340,3
-12778,24651,12374,4144,-6269,10913,3
-14672,22534,10496,3889,-6375,14946,3
-18518,21927,9270,5142,-6014,17453,3
-21653,15468,11225,5648,-6164,17453,3
-23212,3939,12296,5184,-6398,17453,3
-22214,-7192,7662,4929,-5486,17453,3
-18730,-13739,-120,4721,-3350,17453,3
-15623,-19634,-6997,3823,-837,17453,3
-10773,-27726,-8515,3081,1540,17453,3
-9232,-30102,-6580,2971,3115,16413,3
-12247,-26061,-2790,3043,3464,10143,3
-15184,-19147,341,2154,2507,4222,3
-15377,-16283,782,575,1212,709,3
-14688,-15058,657,-803,262,-387,3
-12591,-14375,1879,-916,103,-132,3
-9038,-14147,3495,201,674,507,3
-5359,-13664,4195,1105,1075,905,3
-2099,-13358,4379,1189,987,705,3
292,-12754,4381,948,727,20,3
2152,-11794,4528,660,450,-786,3
4847,-7361,5616,-19,-4,-1936,3
5087,-6559,5674,-144,-101,-1941,3
4880,-6155,5707,-311,-225,-1956,3
4424,-6099,5618,-413,-329,-1928,3
3925,-6346,5573,-346,-317,-1812,3
3306,-6811,5559,-164,-197,-1636,3
2685,-7455,5418,-38,-53,-1490,3
2395,-8736,5238,-90,69,-1425,3
2339,-9930,5099,-210,173,-1524,3
2512,-11154,4838,-369,199,-2002,3
2644,-12031,4412,-517,207,-2932,3
2610,-12283,4022,-620,236,-4200,3
2488,-12226,3889,-676,289,-5605,3
1964,-11589,3970,-627,405,-6853,3
1398,-10940,3891,-487,554,-7856,3
1254,-10893,3760,-572,522,-8717,3
998,-10800,3458,-772,383,-9449,3
1067,-11241,2944,-1092,202,-10195,3
-243,-12766,-317,-2621,899,-13247,3
-1503,-10946,-933,-2622,2093,-13691,3
-3444,-7454,-326,-2688,3312,-13794,3
-5430,-3883,1589,-3364,4057,-13607,3
-7538,-632,4016,-4129,4402,-13138,3
-9037,3304,6104,-4338,4530,-12085,3
-9100,6023,6958,-4167,4510,-10570,3
-8296,9082,7203,-3657,4646,-8943,3
-1638,17330,14740,-2127,5083,-5626,3
-1879,16336,16478,-1544,4471,-4188,3
-4240,10472,14034,2021,2550,636,3
-3906,9141,14199,1996,2357,895,3
-3608,8657,14451,1513,1936,601,3
-3025,8815,14515,669,1320,319,3
-2315,8998,14225,-1,682,170,3
-1690,8815,13463,-142,156,231,3
-931,8128,12295,99,-185,502,3
-295,7361,11000,420,-360,846,3
891,4962,8807,691,-384,994,3
891,4962,8807,691,-384,994,3
1085,4872,8522,559,-390,869,3
1235,4891,8248,395,-440,744,3
1404,5078,7937,290,-501,673,3
1585,5220,7585,241,-554,688,3
1719,5206,7303,289,-543,745,3
1956,5254,7187,417,-452,799,3
2549,5367,7279,459,-142,961,3
2549,5367,7279,459,-142,961,3
2662,4862,7211,372,-120,871,3
2712,4504,7150,213,-129,684,3
2650,4392,7072,113,-132,459,3
2549,4644,7094,51,-120,274,3
2582,4936,7246,50,-86,164,3
2521,5378,7418,96,-51,160,3
2561,5674,7503,151,-37,241,3
2584,5812,7528,182,-52,349,3
2600,5276,8008,168,77,249,3
2600,5276,8008,168,77,249,3
2547,5230,7872,199,45,207,3
2444,5236,7709,248,39,174,3
2413,5304,7603,239,20,126,3
2461,5517,7541,158,-9,82,3
2519,5786,7576,61,-21,90,3
2553,5856,7668,2,-14,154,3
2657,5691,7697,-49,-26,242,3
2717,5250,7707,-62,-36,298,3
2806,4743,7727,5,-3,294,3
2747,4571,7758,115,41,235,3
2639,4656,7830,222,76,158,3
2619,4963,7901,275,84,101,3
2567,5373,7915,262,59,86,3
2488,5552,7867,184,21,74,3
2546,5492,7852,56,-11,53,3
2697,5425,7935,-49,-37,6,3
2780,5450,7923,9,-20,58,3
2918,5213,7915,52,-5,108,3
3159,5185,8002,34,-2,127,3
3159,5153,8069,-25,-32,61,3
3146,5184,8086,-91,-67,-28,3
3068,5267,8012,-118,-82,-84,3
3007,5456,7957,-121,-76,-107,3
3070,5581,7928,-139,-76,-105,3
3028,5633,7859,-138,-83,-76,3
2910,5613,7723,-79,-63,-8,3
2927,5492,7659,-10,-19,72,3
2956,5330,7708,-1,6,118,3
2949,5280,7794,-12,10,129,3
2919,5087,7787,1,9,99,3
2825,4794,7751,-5,-16,1,3
2719,4908,7662,-91,-69,-83,3
2782,5178,7616,-166,-114,-157,3
2846,5375,7537,-178,-130,-184,3
2922,5379,7410,-153,-136,-156,3
3002,5417,7265,-99,-128,-90,3
3112,5446,7176,-39,-108,-34,3
3185,5306,7115,13,-80,9,3
3143,5205,7079,41,-58,23,3
2749,5399,7631,14,102,-180,3
2701,5552,7739,-22,82,-203,3
2713,5633,7762,-19,90,-197,3
2742,5754,7795,11,105,-160,3
2785,5704,7793,23,91,-102,3
2804,5468,7703,18,66,-69,3
2700,5350,7628,15,58,-55,3
2606,5316,7641,17,75,-67,3
2496,5400,7745,-26,79,-120,3
2467,5581,7844,-56,83,-160,3
2478,5678,7935,-67,79,-189,3
2516,5739,8043,-87,55,-206,3
2533,5842,8081,-53,37,-186,3
2561,5874,7970,10,31,-147,3
2619,5662,7877,13,18,-134,3
2595,5452,7861,-30,0,-166,3
2614,5256,7890,-29,13,-269,3
2643,5101,7974,-1,50,-456,3
2515,5160,8062,-4,65,-699,3
2330,5286,8168,-4,80,-927,3
2157,5373,8350,17,111,-1188,3
1666,6008,8579,31,124,-1459,3
747,7395,8861,45,111,-1611,3
747,7395,8861,45,111,-1611,3
-563,9889,9964,56,28,-1664,3
-1848,14232,12841,47,-183,-1753,3
-3903,19215,16536,78,-634,-1723,3
-7078,22617,19692,208,-1491,-1138,3
-10580,25739,21859,350,-2737,829,3
-12597,30756,21761,1086,-3982,5225,3
-15896,-30266,17720,2971,-4651,11719,3
-19975,-28744,13173,3979,-5006,17453,3
-21826,31722,11209,2901,-5935,17453,3
-22551,21621,9705,1187,-7234,17453,3
-23206,10188,8028,1344,-7422,17453,3
-21121,-950,6185,2686,-5961,17453,3
-18966,-9505,1013,3227,-3453,17453,3
-16291,-14933,-7035,3109,-60,17453,3
-18171,-20279,3445,576,3596,4938,3
-18171,-20279,3445,576,3596,4938,3
-18228,-15032,4504,-248,2171,2038,3
-18145,-11998,3566,-620,1038,1182,3
-16265,-12581,3191,-314,478,1273,3
-12648,-13627,2921,477,248,1293,3
-8851,-12812,2432,1042,76,882,3
-5385,-11394,2445,938,-90,191,3
-2284,-10018,2721,541,-179,-529,3
253,-8321,3373,349,-92,-1123,3
2039,-6645,4416,253,61,-1444,3
3445,-5637,5887,97,141,-1529,3
4343,-5098,7168,2,122,-1475,3
4731,-4919,7834,19,-1,-1384,3
4941,-4895,8215,40,-200,-1233,3
4942,-4881,8214,14,-404,-1026,3
4611,-5217,7741,18,-528,-860,3
3952,-5795,7158,39,-514,-743,3
3085,-6448,6635,27,-392,-670,3
2229,-7093,6353,-18,-215,-637,3
1590,-7634,6646,-140,-78,-656,3
979,-8107,6903,-309,-54,-719,3
532,-8964,6888,-402,-111,-855,3
27,-12232,6666,-682,-706,-3007,3
-11,-12836,6003,-821,-933,-4228,3
-35,-12975,5334,-887,-1072,-5453,3
69,-13230,4692,-908,-1098,-6728,3
38,-13787,4060,-841,-963,-8126,3
-65,-14590,3814,-949,-839,-9595,3
521,-16102,3993,-1218,-738,-11338,3
306,-17511,3515,-1379,-692,-13650,3
-1735,-16656,2994,-1482,-636,-15561,3
-3814,-14315,2224,-2087,-630,-16537,3
-9047,1357,4501,-2278,2473,-12503,3
-9669,3778,5061,-2054,2806,-10799,3
-10224,6542,4522,-1869,3144,-9478,3
-9823,10653,4911,-2002,3560,-8293,3
-7652,16053,7629,-2159,3972,-7346,3
-4796,21737,11994,-2107,4006,-6738,3
-3781,22955,16216,-1848,3288,-6176,3
-5002,20563,16107,-1065,2138,-4942,3
-6094,18522,13126,-74,1209,-3146,3
-5925,15659,10488,703,923,-1223,3
-5024,12705,9091,1311,1147,377,3
-4114,10917,8809,1478,1380,985,3
-3519,10749,9213,1114,1385,783,3
-2946,11327,9702,630,1226,396,3
-2251,11612,10036,107,887,129,3
-1480,11593,10065,-331,452,134,3
-615,10998,9750,-438,141,410,3
159,9846,9070,-239,26,755,3
629,8619,8296,16,51,999,3
976,7765,7783,192,143,1129,3
1370,6926,7592,348,286,1099,3
1525,6624,7600,376,384,929,3
1575,6814,7655,255,385,784,3
1667,6769,7753,158,365,647,3
1637,6666,7817,78,324,529,3
1613,6858,7826,-18,279,487,3
1562,7261,7898,-104,229,531,3
1432,7609,7946,-139,170,673,3
1283,7725,8023,-149,88,937,3
1400,7051,8053,-104,31,1195,3
1568,6055,7883,82,63,1245,3
1648,5712,7719,211,100,1102,3
1794,5766,7764,153,75,850,3
1861,6021,7812,86,40,576,3
1772,6398,7723,41,-20,400,3
1778,6682,7492,-37,-104,366,3
1948,6732,7260,-69,-167,397,3
2050,6575,6981,-46,-217,434,3
2086,6602,6669,1,-231,509,3
2182,6668,6494,75,-193,612,3
2365,6463,6489,144,-132,661,3
2512,6165,6578,165,-88,598,3
2523,6019,6629,151,-70,436,3
2409,6265,6601,139,-45,282,3
2370,6590,6616,78,-28,205,3
2388,6672,6665,-35,-44,189,3
2445,6554,6653,-91,-62,136,3
2383,6526,6618,-69,-52,94,3
2383,6526,6618,-69,-52,94,3
2306,6717,6623,-39,-30,128,3
2297,6597,6623,-18,-14,179,3
2306,6183,6666,-1,-1,156,3
2261,6198,6841,12,20,123,3
2213,6565,7035,24,36,140,3
2191,6829,7094,31,37,204,3
2196,6707,7180,22,26,287,3
2328,6178,7300,-34,-11,264,3
2317,5903,7275,-75,-59,144,3
2291,6300,7216,-66,-72,87,3
2349,6719,7207,-64,-72,112,3
2442,6846,7142,-87,-95,188,3
2446,6694,7016,-98,-122,271,3
2506,6448,6909,-63,-127,304,3
2622,6211,6845,17,-92,299,3
2621,6153,6883,94,-37,260,3
2527,6343,6944,143,10,204,3
2527,6620,6973,116,20,196,3
2564,6711,6945,49,3,235,3
2654,6433,6929,12,-11,238,3
2681,6140,6970,-23,-36,144,3
2638,6201,6964,-52,-62,64,3
2639,6513,6976,-54,-62,69,3
2637,6471,6992,-41,-56,92,3
2643,6089,7017,-50,-74,73,3
2679,6098,7041,-60,-85,41,3
2707,6407,7057,-21,-64,32,3
2675,6542,7039,10,-46,35,3
2652,6547,6979,-14,-54,55,3
2664,6583,6924,-38,-57,84,3
2627,6602,6933,-26,-42,109,3
2609,6634,6945,-27,-40,127,3
2697,6487,6976,-36,-54,136,3
2630,6324,6954,-37,-60,120,3
2582,6337,6906,-10,-57,92,3
2729,6322,7009,7,-47,74,3
2792,6233,7122,-20,-67,19,3
2792,6393,7084,-46,-93,-13,3
2729,6634,6984,-38,-86,9,3
2819,6601,6881,-33,-69,168,3
2836,6482,6753,-8,-58,180,3
2855,6144,6713,-9,-59,135,3
2839,6080,6780,-25,-59,82,3
2840,6336,6860,-5,-33,51,3
2864,6549,6938,-28,-25,51,3
2906,6543,6942,-87,-36,76,3
2843,6421,6927,-110,-35,114,3
2821,6238,6999,-142,-44,136,3
2965,6087,6841,-79,-53,0,3
3001,6268,6930,-19,-9,7,3
2946,6329,7004,8,17,31,3
2891,6237,7055,-46,0,29,3
2893,6214,7114,-115,-18,25,3
2940,6130,7151,-126,-10,-7,3
2833,6074,7176,-158,-15,-90,3
2668,6161,7253,-156,-3,-195,3
2563,6516,7360,-84,50,-291,3
2371,6917,7553,-49,83,-349,3
2059,7601,7778,-23,88,-395,3
1464,9347,8332,56,90,-456,3
292,12501,9542,147,32,-595,3
-1612,16546,12055,178,-217,-771,3
-4187,21277,15372,209,-656,-667,3
-7134,26394,18504,-36,-1414,350,3
-9981,32656,19647,-170,-2418,3214,3
-12362,-26873,18672,263,-3517,8165,3
-15951,-26310,16769,814,-4707,14451,3
-19603,-29195,13835,769,-6177,17453,3
-21580,24125,10140,447,-7698,17453,3
-21157,11377,7632,1241,-8094,17453,3
-17789,2927,7425,3251,-7104,17453,3
-16905,-3574,5822,4512,-5387,17453,3
-16240,-8782,687,4177,-2737,17453,3
-17254,-13407,-5224,3385,392,17071,3
-19473,-23110,-4896,2889,2662,14483,3
-18579,-27099,-1413,2121,3688,12119,3
-19679,-15908,3790,-407,1733,1746,3
-19785,-13615,2856,-1059,658,482,3
-18683,-14012,2792,-926,176,207,3
-15291,-14291,3131,138,323,392,3
-10362,-14606,3226,741,303,85,3
-6270,-13364,3276,397,-77,-663,3
-2692,-11075,3427,252,-186,-1496,3
422,-8924,3724,175,-232,-2221,3
2802,-6949,3934,-12,-307,-2637,3
4221,-5049,4224,-181,-345,-2787,3
4808,-3974,4490,-321,-388,-2805,3
4960,-3705,4504,-397,-418,-2627,3
4662,-3780,4523,-336,-377,-2264,3
4154,-4301,4874,-163,-269,-1853,3
3629,-4936,5294,25,-162,-1442,3
2861,-5804,5273,167,-49,-1121,3
2157,-7059,5039,221,96,-948,3
1804,-8144,4887,211,230,-904,3
1804,-8144,4887,211,230,-904,3
1672,-8895,4709,200,348,-1022,3
1395,-9516,4666,178,435,-1328,3
1059,-10041,4520,90,438,-1817,3
568,-10139,4258,39,370,-2368,3
63,-9823,4063,139,324,-2888,3
-417,-9417,3930,284,303,-3347,3
-678,-9519,3797,332,239,-3822,3
-802,-9899,3561,256,104,-4413,3
-867,-10513,3266,157,-48,-5197,3
-736,-11608,2983,-28,-217,-6371,3
-480,-12308,2743,-244,-329,-7784,3
-262,-11751,2500,-205,-243,-9171,3
-205,-10776,2037,45,32,-10514,3
-349,-9888,1540,46,341,-12044,3
-6569,-1389,2857,-652,2702,-16560,3
-8941,3258,4632,-733,3690,-16604,3
-10588,7659,5818,-1302,4293,-15778,3
-10677,10015,6760,-2517,4497,-14327,3
-9890,11722,7819,-3373,4826,-12528,3
-8099,13899,9611,-4045,5060,-10631,3
-5259,15889,12713,-4454,5040,-8975,3
-2067,17079,17196,-4313,4637,-7543,3
-22,18208,20120,-3738,3795,-6105,3
-968,17617,20601,-2616,2497,-4651,3
-3383,15105,17924,-906,1080,-2886,3
-3993,12909,13665,771,354,-458,3
-3076,12431,10891,2043,535,1955,3
-2136,11381,10648,2780,945,3520,3
-1480,10137,11594,2985,1177,4401,3
-579,8669,12524,2948,1182,4651,3
815,6504,13196,2679,984,4119,3
2038,4332,13278,2147,605,2851,3
2262,3859,12523,1332,126,1380,3
1914,5038,11318,422,-263,213,3
1887,6112,10382,-216,-419,-463,3
1929,6687,9686,-573,-488,-643,3
1952,6680,9063,-670,-509,-415,3
2418,6405,8686,-539,-405,-59,3
2813,6203,8478,-351,-281,208,3
2783,6029,8360,-191,-214,379,3
2171,4811,8631,-102,-231,63,3
2171,4811,8631,-102,-231,63,3
2229,5238,8828,-174,-231,-83,3
2247,5796,8910,-215,-250,-32,3
2462,5874,8763,-187,-284,121,3
2583,5642,8512,-150,-309,308,3
2624,5460,8281,-169,-325,486,3
2632,5217,8061,-219,-345,614,3
2778,4218,8103,-380,-361,322,3
2778,4218,8103,-380,-361,322,3
2740,4126,8138,-472,-373,168,3
2733,4278,8121,-585,-384,77,3
2712,4624,8127,-672,-372,60,3
2804,4868,8248,-746,-359,78,3
2856,4994,8384,-826,-374,146,3
2887,4968,8496,-886,-419,242,3
2978,4941,8545,-885,-458,361,3
3050,4743,8455,-832,-478,480,3
3320,4193,8193,-676,-461,635,3
3320,4193,8193,-676,-461,635,3
3496,3923,8051,-720,-471,621,3
3545,3659,7950,-781,-468,516,3
3571,3506,7891,-810,-422,359,3
3508,3687,7887,-816,-350,259,3
3580,3719,8079,-795,-282,222,3
3600,3568,8299,-778,-245,214,3
3605,3350,8437,-766,-238,213,3
3586,3282,8530,-716,-230,205,3
3597,3425,8531,-669,-217,217,3
3653,3471,8511,-650,-210,266,3
3703,3384,8479,-630,-205,334,3
3747,3192,8388,-602,-197,398,3
3775,2734,8241,-587,-190,400,3
3742,2360,8107,-592,-181,274,3
3677,2333,8095,-619,-158,136,3
3666,2427,8257,-623,-123,54,3
3717,2450,8460,-569,-98,8,3
3786,2353,8628,-518,-123,-41,3
3808,2448,8673,-490,-163,-58,3
3715,2564,8530,-468,-176,-40,3
3702,2676,8468,-475,-177,10,3
3785,2792,8518,-523,-171,84,3
3897,2833,8499,-605,-179,159,3
4031,2712,8364,-672,-191,226,3
4136,2226,8230,-710,-193,240,3
4174,1630,8135,-696,-185,180,3
4212,1288,8043,-585,-141,75,3
4191,1182,8013,-424,-73,-38,3
4149,1158,8023,-351,-43,-128,3
4006,1251,8142,-319,-20,-201,3
3990,1507,8414,-249,44,-256,3
4009,1812,8644,-211,87,-249,3
4054,1994,8748,-226,85,-193,3
4155,2126,8737,-258,60,-105,3
4247,2112,8591,-280,23,-29,3
4374,1717,8420,-279,-21,-22,3
4199,1424,8196,-179,-29,-73,3
4199,1424,8196,-179,-29,-73,3
4131,1411,8151,4,38,-156,3
4149,1731,8348,111,116,-231,3
4079,2129,8638,86,144,-273,3
4047,2461,8845,29,143,-263,3
4051,2681,8959,-7,139,-196,3
4085,2791,8991,-40,126,-104,3
4087,2796,8952,-79,91,-5,3
4083,2536,8895,-89,51,48,3
4066,2170,8759,-52,20,43,3
3990,2006,8621,43,22,33,3
4023,1959,8518,161,52,-3,3
3949,1998,8512,209,63,-63,3
3849,2179,8601,226,89,-121,3
3899,2871,8915,78,124,-52,3
3899,2871,8915,78,124,-52,3
3812,2773,8895,31,96,7,3
3738,2377,8828,21,59,45,3
3736,1976,8727,44,28,29,3
3763,1902,8634,103,23,-52,3
3755,2179,8512,136,30,-135,3
3772,2493,8476,114,41,-161,3
3824,2637,8557,111,92,-142,3
3810,2751,8705,122,140,-122,3
3822,2819,8898,133,171,-109,3
3785,2956,9069,169,202,-70,3
3702,3007,9183,225,228,-35,3
3632,2798,9269,270,245,-68,3
3541,2548,9407,346,260,-204,3
3420,2540,9613,433,266,-397,3
3283,2764,9775,479,235,-567,3
3176,3187,9918,520,208,-719,3
3041,3721,10115,521,200,-829,3
2354,4580,10425,580,240,-851,3
928,5724,11190,785,360,-856,3
-770,7300,13357,1071,567,-850,3
-2637,10187,18131,1316,597,-795,3
-4121,14453,25475,1617,-40,-762,3
-4877,19982,32377,1869,-1665,-689,3
-7656,24189,-31740,1925,-3728,-274,3
-9929,27133,31472,808,-6005,1359,3
-11499,29589,28732,-986,-8471,4643,3
-13558,30554,25888,-2186,-10551,9094,3
-16770,26908,21469,-2592,-12044,13637,3
-19775,20138,13477,-2712,-12854,16789,3
-22953,13294,3409,-2701,-12785,17453,3
-23967,5366,-5563,-1969,-12095,17453,3
-20540,-24723,-16419,4480,-2579,16436,3
-20540,-24723,-16419,4480,-2579,16436,3
-22125,-29095,-13708,4689,-556,13347,3
-22932,-29836,-14747,4203,313,9305,3
-22716,-28299,-13633,3015,681,5138,3
6243,-2662,5293,-773,-464,-3112,3
6243,-2662,5293,-773,-464,-3112,3
7286,-1613,4883,-653,-480,-3114,3
7829,-1369,4637,-393,-386,-2706,3
7794,-1600,4662,-132,-230,-2040,3
7034,-2658,4673,84,-71,-1383,3
6262,-4399,4826,202,33,-831,3
5304,-5857,4901,183,-19,-330,3
4321,-7503,4273,215,-105,-10,3
3602,-9166,3414,313,-123,121,3
3055,-10371,2772,349,-113,91,3
2670,-11231,2181,286,-103,-159,3
1898,-12777,7,-43,142,-2954,3
1898,-12777,7,-43,142,-2954,3
1938,-12885,-100,78,254,-3921,3
1753,-12616,-428,231,376,-4906,3
1247,-11508,-798,384,521,-5528,3
999,-10609,-906,590,681,-5833,3
1635,-10867,-834,619,784,-6189,3
2351,-11638,-976,393,828,-6879,3
2596,-12172,-1223,170,971,-7954,3
2009,-11812,-1944,87,1291,-9268,3
1285,-10853,-2462,-514,1471,-10370,3
561,-9780,-2329,-1530,1758,-11098,3
-207,-9201,-1874,-2430,2397,-11643,3
-1388,-8486,-1368,-2752,3389,-12091,3
-2727,-6077,-256,-2621,4457,-12104,3
-3759,-2626,1575,-2473,5247,-11635,3
-4425,805,3440,-2399,5641,-10867,3
-4880,3397,4483,-2372,5728,-9794,3
-5591,5523,4841,-1954,5956,-8395,3
-5309,8278,6025,-1373,6545,-6976,3
-3486,13976,9956,-1091,7249,-6053,3
-1434,19678,16454,-1381,7377,-5727,3
-1195,19301,22606,-1749,6383,-5339,3
-3119,14387,24014,-1742,4450,-3929,3
-4637,10871,22046,-1386,2420,-1719,3
-3299,8263,18457,-657,998,178,3
-1690,5832,15049,117,431,1169,3
-694,5558,13131,412,352,1339,3
374,6772,12428,134,332,1104,3
374,6772,12428,134,332,1104,3
1254,7495,12143,-367,291,754,3
1945,7203,12006,-722,277,501,3
2420,6548,12009,-754,265,461,3
2909,5778,11967,-477,232,663,3
3381,5011,11733,-30,204,984,3
3741,4309,11236,404,190,1271,3
3913,3610,10540,649,161,1400,3
3741,2865,9903,626,95,1376,3
3810,1830,9717,474,84,1133,3
3871,1881,9771,396,142,803,3
3908,2677,9781,371,173,607,3
3961,3347,9590,274,122,575,3
3818,3494,9320,140,41,586,3
3938,3204,9320,95,10,559,3
3963,3204,9420,156,2,556,3
3909,3478,9385,284,-17,597,3
3841,3737,9132,404,-42,705,3
3647,3797,8837,468,-63,887,3
3753,3125,8608,397,-95,970,3
4003,2358,8527,101,-203,813,3
3973,2281,8431,-169,-287,593,3
3888,2682,8341,-230,-260,427,3
3997,3448,8122,-123,-144,-80,3
3997,3448,8122,-123,-144,-80,3
3972,3515,8140,256,-28,259,3
3972,3515,8140,256,-28,259,3
3900,3252,8139,133,-71,161,3
3872,3259,8194,-10,-120,53,3
3832,3495,8241,-69,-133,11,3
3872,3671,8261,-70,-122,5,3
3988,3751,8244,-63,-110,0,3
4061,3706,8239,-52,-117,4,3
4149,3500,8010,145,-84,263,3
4149,3500,8010,145,-84,263,3
4113,3383,8059,184,-64,335,3
4204,3059,8105,171,-54,303,3
4267,2855,8130,87,-64,158,3
4109,3038,8130,9,-68,-12,3
4077,3389,8181,-47,-70,-99,3
4084,3644,8196,-85,-88,-85,3
4230,3543,8122,-103,-108,-28,3
4363,3526,7998,-116,-116,34,3
4365,3416,7750,-65,-116,120,3
4365,3416,7750,-65,-116,120,3
4348,3213,7648,7,-87,172,3
4087,3079,8157,45,76,172,3
4087,3079,8157,45,76,172,3
4076,2961,8294,33,68,58,3
4073,3313,8322,9,55,-3,3
4168,3680,8315,-14,39,4,3
4205,3729,8277,-14,20,46,3
4209,3555,8203,18,17,96,3
4272,3235,8087,53,27,125,3
4268,2989,8061,19,19,112,3
4210,2875,8083,-29,16,69,3
4126,2934,8140,-34,35,23,3
4134,2970,8254,-46,38,-28,3
4217,3062,8300,-44,39,-56,3
4264,3312,8279,-14,48,-47,3
4325,3387,8284,-3,45,-16,3
4296,3332,8271,-2,34,28,3
4289,3249,8286,28,43,65,3
4166,3019,8663,-20,34,-63,3
4168,3287,8688,-61,17,-110,3
4203,3517,8589,-92,-1,-93,3
4286,3477,8462,-113,-20,-45,3
4348,3263,8395,-126,-24,-21,3
4271,3168,8403,-145,-23,-23,3
4145,3305,8462,101,18,27,3
4131,3410,8570,74,14,39,3
4089,3299,8639,-10,-19,41,3
4076,3290,8633,-45,-38,55,3
4109,3246,8564,-38,-40,67,3
4163,3071,8548,-51,-58,67,3
4217,2973,8497,-51,-70,30,3
4207,3134,8415,-33,-70,11,3
4247,3179,8372,-35,-74,3,3
4233,3164,8388,-70,-87,-2,3
4228,3232,8413,-86,-86,4,3
4187,3312,8454,-90,-78,19,3
4170,3354,8474,-98,-85,53,3
4209,2973,8315,-38,-102,120,3
4174,2922,8297,-15,-100,101,3
4227,2813,8288,-5,-92,77,3
4268,2694,8321,-53,-101,36,3
4268,2694,8321,-53,-101,36,3
4290,2735,8339,-86,-104,5,3
4255,2882,8327,-79,-87,-20,3
4314,2954,8397,-99,-73,-47,3
4301,3006,8494,-151,-78,-77,3
4066,3365,8862,-141,-5,-167,3
4066,3365,8862,-141,-5,-167,3
3992,3565,9142,-180,19,-202,3
3865,3808,9500,-250,26,-265,3
3653,4225,9925,-290,50,-327,3
3416,4705,10416,-313,72,-383,3
3075,5093,11133,-408,11,-442,3
2528,5796,12237,-577,-136,-601,3
1327,7131,13848,-625,-259,-844,3
96,9641,16999,-510,-480,-1072,3
-1128,13022,21886,-64,-1015,-1181,3
-3512,15725,26558,718,-2067,-985,3
-5865,18966,28973,1372,-3725,37,3
-7576,22824,28514,1771,-5953,2644,3
-10065,27919,25892,2533,-8074,7525,3
-11362,26870,22375,3770,-9411,13379,3
-12816,21038,17662,4530,-10164,17453,3
-14376,12853,10905,4493,-10515,17453,3
-13706,4703,5606,4683,-9955,17453,3
-13953,-1229,2893,5138,-8701,17453,3
-15435,-5785,733,5278,-7130,17453,3
-16166,-9947,-2179,4940,-5254,16578,3
-17685,-14856,-5500,4476,-3031,15259,3
-18796,-22459,-5956,3991,-664,13990,3
-17480,-26461,-5106,3264,1029,12708,3
-17024,-26377,-4749,2375,1979,10606,3
-17028,-25370,-3821,1388,2440,7381,3
-16874,-23633,-2626,346,2166,3879,3
-16217,-21427,-1980,-465,1536,997,3
-14614,-18972,-853,-876,1043,-732,3
-11794,-16089,568,-849,788,-1522,3
-8116,-13221,1658,-617,685,-1825,3
-4264,-10631,2405,-418,664,-1923,3
5334,-4065,4953,-365,526,-1970,3
5334,-4065,4953,-365,526,-1970,3
6064,-3542,5530,-338,404,-1833,3
6391,-3387,6010,-280,225,-1508,3
6174,-3780,6019,-100,56,-1105,3
5765,-4887,5521,134,-54,-732,3
5280,-6472,4911,297,-102,-452,3
4650,-7879,4399,284,-113,-366,3
3907,-8950,4067,142,-87,-475,3
3186,-9774,3802,-67,-16,-702,3
2796,-10459,3654,-330,27,-1004,3
2482,-10629,3563,-511,13,-1311,3
2132,-10373,3258,-524,21,-1568,3
1911,-10102,3193,-427,55,-1772,3
1818,-10172,3192,-367,9,-1995,3
1952,-9755,-990,-1899,1034,-9556,3
1541,-9854,-1583,-2321,1422,-10215,3
764,-9618,-1699,-2629,2157,-10892,3
-402,-8749,-1176,-2810,3207,-11658,3
-2387,-5651,167,-2745,4216,-12037,3
-3518,-1495,2177,-2785,4777,-11453,3
-3238,1154,4152,-2857,4937,-10226,3
-3039,2596,5643,-2750,4939,-8763,3
-3219,3459,6083,-2442,4960,-7433,3
-3577,6007,6567,-2040,5247,-6426,3
-3384,11099,8891,-1886,5758,-5946,3
-2801,16398,13277,-2090,5938,-5866,3
-2608,18271,19053,-2126,5344,-5455,3
-3738,16419,21757,-1811,4059,-4245,3
-4520,14973,21136,-1364,2517,-2454,3
2059,7524,12379,25,135,616,3
2519,7121,12097,-284,-36,410,3
3058,6779,11597,-352,-203,436,3
3560,6158,10759,-235,-342,617,3
3967,5305,9806,-66,-410,877,3
4387,4251,9037,58,-392,1071,3
4713,3355,8621,168,-311,1145,3
4907,2587,8543,325,-153,1126,3
4901,2081,8669,528,43,1016,3
4679,1891,8796,613,159,827,3
4521,1775,8822,477,152,599,3
4400,1822,8717,296,109,350,3
4054,2338,8593,207,91,166,3
3917,3041,8577,176,95,120,3
3925,3597,8559,155,84,207,3
3961,3848,8662,196,52,334,3
3955,3689,8757,309,9,452,3
3946,3409,8672,352,-50,575,3
4100,2927,8463,366,-90,615,3
3988,2655,8215,399,-92,522,3
3927,2921,8051,343,-85,422,3
4042,3772,7371,-113,-39,51,3
4042,3772,7371,-113,-39,51,3
4146,3803,7456,-60,25,99,3
4158,3764,7618,4,72,129,3
4138,3901,7874,68,109,177,3
4156,3873,8152,150,123,216,3
4199,3759,8261,233,125,213,3
4152,3796,8212,224,93,181,3
4176,3864,8157,150,52,143,3
4265,3896,8148,90,31,90,3
4337,3961,8134,73,23,42,3
4363,3973,8087,63,7,21,3
4423,3908,8010,15,-10,16,3
4446,3859,8019,-60,-26,24,3
4383,3844,8120,-91,-22,54,3
4355,3768,8178,-80,-18,101,3
4358,3595,8180,-71,-36,135,3
4405,3340,8098,-50,-52,156,3
4468,3144,8014,0,-38,143,3
4447,3108,8002,19,-25,71,3
4333,3304,7983,-14,-35,-15,3
4270,3549,8010,-35,-27,-52,3
4234,3735,8132,-16,6,-52,3
4272,3832,8277,0,23,-51,3
4309,3925,8333,-9,12,-19,3
4395,3955,8377,-11,0,14,3
4361,3881,8426,0,-26,26,3
4340,3696,8400,22,-62,33,3
4309,3652,8271,45,-92,65,3
4301,3642,8116,51,-98,83,3
4319,3612,8020,23,-105,81,3
4327,3466,7923,-47,-127,43,3
4342,3521,7863,-105,-132,-3,3
4345,3790,7852,-104,-108,-14,3
4324,3981,7875,-61,-76,7,3
4324,3878,8004,2,-46,32,3
4304,3760,8186,56,-26,28,3
4318,3808,8251,72,-37,15,3
4382,3559,8005,35,-78,93,3
4428,3484,7908,19,-77,92,3
4456,3536,7852,2,-68,85,3
4465,3523,7838,7,-52,82,3
4462,3432,7850,12,-44,61,3
4470,3494,7872,26,-35,42,3
4437,3611,7873,51,-20,39,3
4440,3629,7959,58,-18,41,3
4434,3355,8117,36,-27,-18,3
4397,3566,8169,6,-35,-49,3
4370,3822,8218,25,-22,-34,3
4391,3907,8253,36,-20,3,3
4425,3804,8192,22,-41,27,3
4441,3757,8050,14,-64,32,3
4492,3782,7880,25,-69,59,3
4537,3751,7850,31,-59,94,3
4547,3600,7859,30,-56,108,3
4576,3409,7883,44,-50,39,3
4509,3499,7934,34,-38,-4,3
4478,3630,7972,4,-38,-24,3
4502,3719,7999,-43,-51,-31,3
4521,3854,7981,-62,-56,-6,3
4544,3861,7911,-51,-58,42,3
4597,3718,7778,-22,-59,101,3
4654,3472,7647,18,-48,138,3
4653,3039,7586,31,-34,98,3
4613,2898,7699,-21,-29,-5,3
4539,3278,7916,-33,-9,-74,3
4483,3600,8051,-22,0,-96,3
4480,3703,8080,-35,-15,-78,3
4508,3703,8029,-38,-25,-38,3
4471,3737,7926,-7,-14,-2,3
4528,3727,7883,33,-3,37,3
4582,3537,7848,27,-6,68,3
4553,3220,7840,-26,-18,29,3
4490,3195,7877,-69,2,-54,3
4428,3414,7932,-112,33,-120,3
4443,3436,7968,-190,35,-159,3
4411,3399,7984,-221,50,-199,3
4403,3556,8018,-164,104,-197,3
4403,3747,8037,-80,167,-173,3
4431,3759,8059,-68,189,-157,3
4461,3621,8114,-107,186,-162,3
4404,3375,8147,-146,197,-230,3
4204,3336,8203,-183,233,-341,3
4058,3381,8345,-239,284,-457,3
3958,3326,8484,-326,327,-639,3
3642,3773,8719,-344,405,-817,3
2985,4765,9085,-206,536,-901,3
2014,6022,9579,61,680,-907,3
-15974,26779,19226,3296,-8267,16839,3
-15974,26779,19226,3296,-8267,16839,3
-16447,18039,14378,2670,-9378,17453,3
-13595,-8676,-1601,3362,-4494,17453,3
-13595,-8676,-1601,3362,-4494,17453,3
-9361,-14350,-1158,-134,429,-432,3
-9361,-14350,-1158,-134,429,-432,3
1656,-10599,1951,-67,-216,-2126,3
1497,-12380,1332,-243,-134,-2661,3
1484,-13697,841,-363,9,-3509,3
1588,-14316,592,-398,160,-4572,3
1620,-14304,490,-409,265,-5740,3
1531,-13937,175,-305,402,-6920,3
1046,-12895,-47,-91,556,-7926,3
1078,-12160,-89,-54,603,-8743,3
1534,-12696,-469,-265,576,-9731,3
1664,-13712,-1261,-713,573,-10940,3
1130,-14868,-2171,-1076,916,-12446,3
-718,-14763,-3108,-1284,1673,-13940,3
-3519,-12076,-3223,-1920,2500,-14784,3
-5461,-8239,-1628,-3007,3314,-14749,3
-6926,-4914,928,-4027,4010,-14295,3
-8217,-1514,3438,-4623,4368,-13396,3
-8584,2154,5381,-4743,4488,-11837,3
-8958,4575,6064,-4635,4671,-10081,3
-8784,9033,7583,-4292,5186,-8593,3
-6912,17175,12238,-3875,5874,-7522,3
-5460,23995,20121,-3430,5993,-7029,3
-6402,22664,27086,-2733,4865,-6198,3
-9386,19613,27134,-1449,2930,-3932,3
-9107,18245,22868,-116,1268,-1053,3
-7439,15177,18822,909,529,1495,3
-5637,12140,17035,1342,366,3015,3
-3085,10767,16388,1098,240,3096,3
-768,9726,15786,368,-109,2196,3
968,9032,15099,-409,-559,1455,3
2261,8539,14175,-602,-880,1152,3
3022,7933,12580,-125,-1050,1266,3
3689,6893,10635,390,-1163,1715,3
4191,5577,9008,600,-1240,2221,3
4763,4037,7972,650,-1214,2573,3
5365,2352,7356,736,-1064,2661,3
5842,1017,7087,783,-856,2409,3
6129,630,7003,789,-620,1901,3
6031,1289,7017,700,-452,1358,3
5361,3356,6782,162,-411,1010,3
5378,3407,6516,237,-392,1191,3
5427,3221,6251,358,-350,1353,3
5541,2703,5967,410,-306,1393,3
5662,2217,5806,306,-273,1314,3
5778,1747,5854,213,-202,1097,3
5810,1423,5961,196,-94,759,3
5607,1514,6012,167,9,398,3
5332,3268,6378,24,128,21,3
5409,3322,6709,283,53,359,3
5474,2904,6701,253,63,241,3
5437,2867,6794,144,54,14,3
5281,3306,6805,16,34,-180,3
5232,3799,6747,-37,44,-241,3
5335,4195,6762,-19,84,-206,3
5515,4376,6876,27,108,-130,3
5646,4484,7108,100,100,-28,3
5569,4490,7257,189,78,80,3
5484,4264,7182,258,64,182,3
5478,3946,7065,286,67,267,3
5521,3553,6987,255,87,271,3
5517,3174,7008,131,82,129,3
5450,3205,7139,-18,62,-73,3
5469,3627,7248,-70,74,-206,3
5440,4140,7318,-45,107,-228,3
5448,4371,7476,-26,119,-189,3
5461,4403,7617,-17,102,-138,3
5469,4398,7720,6,72,-78,3
5439,4387,7858,34,26,1,3
5439,4387,7858,34,26,1,3
5455,4103,7818,53,-25,56,3
5479,3724,7583,49,-65,64,3
5480,3447,7400,28,-68,8,3
5487,3476,7387,-63,-78,-80,3
5541,3725,7306,-180,-99,-136,3
5551,3848,7251,-190,-93,-182,3
5487,3917,7209,-127,-82,-193,3
5443,4048,7170,-41,-74,-143,3
5425,4213,7197,45,-65,-71,3
5510,4047,7116,126,-51,54,3
5510,4047,7116,126,-51,54,3
5484,3781,7071,78,-55,37,3
5463,3642,7094,5,-50,-28,3
5440,3648,7096,-67,-46,-127,3
5423,3776,7119,-160,-67,-173,3
5420,3798,7124,-201,-71,-195,3
5344,3934,7052,-172,-51,-205,3
5355,4071,7017,-127,-37,-156,3
5488,4114,6967,-87,-42,-68,3
5539,4021,6871,-31,-46,-2,3
5535,3812,6780,33,-25,33,3
5548,3668,6754,78,13,41,3
5480,3494,6756,24,18,-15,3
5395,3458,6840,-63,16,-113,3
5369,3735,6985,-96,42,-189,3
5399,3958,7039,-127,55,-231,3
5439,4053,7057,-173,50,-238,3
5484,4187,7107,-166,44,-204,3
5506,4242,7052,-82,54,-144,3
5508,4224,6969,-4,56,-65,3
5469,4148,6879,49,46,22,3
5474,3774,6766,66,47,71,3
5523,3435,6713,9,57,29,3
5517,3363,6798,-40,93,-75,3
5473,3691,6906,-58,131,-165,3
5473,3878,6896,-110,132,-199,3
5466,3756,6887,-172,117,-199,3
5470,3754,6884,-165,113,-186,3
5484,3923,6882,-86,137,-169,3
5445,4065,6929,-14,175,-123,3
5481,4055,7022,25,202,-69,3
5484,3870,7052,73,232,-44,3
5369,3605,7036,69,248,-66,3
5287,3402,7058,-11,238,-121,3
5241,3505,7069,-63,245,-189,3
5195,3652,7076,-87,269,-246,3
5135,3715,7160,-110,293,-306,3
5132,4466,7617,3,387,-264,3
5146,4495,7683,50,399,-220,3
5016,4356,7682,67,395,-174,3
4848,4061,7743,27,383,-186,3
4732,4018,7843,-23,396,-239,3
4638,4349,7957,-36,431,-262,3
4625,4733,8107,-61,439,-250,3
4634,4851,8227,-94,401,-225,3
4522,4881,8193,-88,365,-195,3
4400,4971,8219,-69,345,-147,3
4336,4984,8338,-46,305,-90,3
4362,4988,8473,-33,221,-10,3
4353,5067,8567,18,148,102,3
4351,4989,8523,82,92,185,3
4331,4777,8299,76,25,248,3
4364,4492,8105,31,-22,265,3
4436,4393,8016,-28,-36,240,3
4450,4416,8023,-133,-45,162,3
4427,4607,8120,-233,-44,95,3
4306,5066,8279,-235,4,88,3
4116,5548,8478,-184,68,96,3
3677,6531,9031,-133,107,88,3
2974,8573,10240,-25,109,76,3
1780,11553,12585,161,54,69,3
233,15355,16246,452,-113,132,3
-1234,19352,20667,784,-485,227,3
-3340,21864,24347,1018,-1307,751,3
-4964,23554,25500,1075,-2752,2378,3
-5595,23963,23814,1530,-4304,5010,3
-6999,22824,21299,2366,-5472,8353,3
-9761,20990,18954,3312,-6392,12299,3
-12540,14521,14933,3609,-7331,15836,3
-14308,5643,9962,3396,-7678,17453,3
-14783,-1956,5174,2884,-7134,17453,3
-13152,-7357,47,2309,-5913,17453,3
-10398,-10277,-4606,2000,-4159,17453,3
-10624,-15300,-8693,1630,-1955,17453,3
-10462,-22753,-8302,1194,370,15854,3
-8785,-24984,-5964,674,1674,13662,3
-8950,-24491,-5724,389,1966,10215,3
-10983,-22204,-5672,150,1644,6182,3
-11401,-19576,-5259,-306,814,2972,3
-10591,-16969,-4464,-550,96,1213,3
-9830,-14619,-2513,-651,-218,681,3
-3787,-13197,1617,-349,329,990,3
-493,-11553,2870,-136,680,1013,3
2384,-10081,3225,-77,753,553,3
4498,-8403,3474,-124,611,-206,3
5413,-6314,4071,-310,313,-869,3
5676,-4886,4407,-527,-35,-1214,3
2740,-8661,4045,119,302,501,3
2740,-8661,4045,119,302,501,3
2254,-9932,3976,68,455,510,3
1945,-10685,3841,-43,536,279,3
1529,-10937,3730,-166,543,-98,3
1063,-10859,3751,-250,479,-500,3
578,-10649,3738,-251,355,-817,3
-864,-10941,1478,572,247,-1395,3
-864,-10941,1478,572,247,-1395,3
-1127,-11377,788,703,356,-1604,3
-1327,-11772,326,725,463,-1983,3
-1492,-11923,38,654,518,-2509,3
-1424,-12065,-149,543,521,-3181,3
-1240,-12258,-357,374,457,-4036,3
-1023,-12620,-780,153,323,-5144,3
-1002,-13202,-1840,36,249,-6506,3
-629,-14894,-3514,2,354,-8300,3
-416,-16538,-4684,-205,733,-10532,3
-1394,-16971,-5152,-439,1627,-12925,3
-3050,-15617,-4860,-504,3020,-15329,3
-6559,-11740,-3385,-732,4528,-17309,3
-11624,-6132,-588,-809,5996,-17453,3
-15184,471,2979,-1898,6773,-17453,3
-16061,4881,6129,-3854,7131,-16883,3
-15689,7969,8107,-4174,7842,-15412,3
-14627,10392,10587,-3953,8365,-13641,3
-12370,13295,14784,-3723,8446,-11645,3
-8163,16678,21518,-3551,7866,-9663,3
-3914,19322,27622,-2992,6441,-7980,3
-4371,18380,28528,-1113,4392,-6376,3
-7161,14399,23692,1251,2413,-4075,3
-6820,11296,17753,2635,1352,-977,3
-4988,10155,15065,2938,1228,1358,3
-4122,9368,14946,2698,1309,2318,3
-3190,8124,15386,1938,994,2314,3
-2114,7337,15244,961,331,1903,3
-1088,7064,14244,115,-380,1469,3
-205,6901,13082,-574,-1013,1159,3
418,6575,11903,-1103,-1540,1079,3
964,5960,10662,-1262,-1862,1108,3
1760,5347,9573,-1045,-1889,1237,3
2546,5078,8763,-725,-1686,1474,3
3137,4647,8139,-435,-1426,1653,3
3537,3761,7674,-149,-1148,1576,3
3786,3017,7547,9,-831,1356,3
3770,2874,7664,79,-548,1151,3
3797,2880,7893,101,-369,994,3
3802,2773,8098,71,-271,871,3
3507,2668,8174,71,-192,747,3
3353,2801,8259,81,-143,652,3
3442,3058,8282,41,-142,643,3
3690,3045,8170,-110,-216,605,3
3585,3107,7931,-311,-321,504,3
3544,3324,7784,-360,-331,449,3
3454,3517,7713,-272,-270,497,3
3709,3190,8127,102,-80,389,3
3709,3190,8127,102,-80,389,3
3693,3308,8188,92,-94,322,3
3715,3361,8212,56,-121,269,3
3811,3579,8231,19,-132,300,3
3867,3712,8184,-13,-137,383,3
3830,3584,8050,-46,-148,457,3
3979,3085,8019,-51,-128,398,3
4037,2992,8080,-55,-83,256,3
4014,3292,8164,-126,-59,159,3
3824,3587,8118,-230,-62,133,3
3791,3863,8042,-294,-54,156,3
3855,4104,7974,-272,-22,247,3
3822,4090,7946,-182,23,387,3
3923,3967,7950,-111,58,573,3
3823,4029,7974,-88,84,789,3
3876,3678,8196,-43,149,935,3
4028,2767,8523,72,225,857,3
3890,2190,8798,202,264,665,3
3756,2308,8955,204,242,531,3
3571,2381,9002,144,181,428,3
3524,2248,9037,111,137,295,3
3596,2432,9064,51,110,227,3
3738,2700,8995,-45,51,223,3
3733,2776,8845,-111,-14,233,3
3793,2735,8705,-142,-62,259,3
3952,2788,8521,-142,-82,326,3
4065,2824,8232,-119,-80,384,3
4149,2482,8110,-34,-51,307,3
4091,2221,8250,87,17,167,3
4022,2436,8460,190,76,101,3
4063,2813,8615,242,88,103,3
4064,3020,8577,245,71,132,3
4017,3049,8461,216,58,167,3
4156,2704,8314,45,30,117,3
4052,2849,8320,5,45,24,3
4023,3096,8448,18,82,-52,3
4004,3221,8579,30,95,-105,3
3991,3350,8685,-6,76,-113,3
3950,3463,8800,-27,62,-95,3
3963,3425,8897,25,65,-51,3
3988,3295,8845,112,71,5,3
3929,3154,8782,143,54,21,3
3939,3019,8722,124,23,-4,3
3948,2911,8619,109,-2,-69,3
3847,2883,8442,103,-20,-152,3
3847,2883,8442,103,-20,-152,3
3767,3092,8352,66,-31,-197,3
3791,3341,8375,27,-23,-189,3
3782,3480,8439,45,6,-142,3
3724,3410,8486,109,28,-84,3
3712,3210,8466,164,38,-21,3
3791,2845,8376,169,23,-32,3
3723,2643,8262,128,-6,-115,3
3651,2691,8201,95,-9,-176,3
3577,2899,8177,107,29,-228,3
3598,3171,8259,95,65,-259,3
3602,3363,8359,46,64,-256,3
3554,3483,8362,21,54,-218,3
3527,3531,8369,41,62,-150,3
3551,3511,8387,68,72,-82,3
3592,3377,8444,67,59,-65,3
3634,3253,8469,62,46,-83,3
3616,3250,8421,58,51,-98,3
3578,3304,8431,46,70,-124,3
3536,3464,8500,17,88,-141,3
3499,3560,8567,-25,90,-161,3
3560,3622,8682,-74,78,-158,3
3614,3815,8797,-77,69,-109,3
3665,3833,8778,-35,61,-32,3
3742,3468,8682,-8,37,23,3
3754,3056,8565,3,22,10,3
3766,2804,8390,14,25,-44,3
3804,2766,8256,6,36,-124,3
3772,2844,8130,5,60,-182,3
3682,2792,8085,-5,83,-229,3
3717,2711,8144,-43,102,-284,3
3794,2664,8274,-62,123,-351,3
3767,2719,8273,-33,135,-432,3
3724,2748,8146,-4,128,-499,3
3774,2572,7972,-6,119,-569,3
3755,2384,7849,-39,117,-696,3
3599,2452,7832,-68,147,-851,3
3448,2654,7914,-66,227,-1000,3
3214,2844,8158,-124,276,-1144,3
3009,3058,8481,-175,329,-1251,3
2748,3493,8782,-87,437,-1315,3
2025,4597,10236,273,561,-1607,3
2025,4597,10236,273,561,-1607,3
1641,5321,10530,396,551,-1593,3
1139,5855,10895,398,479,-1551,3
450,7081,11758,400,417,-1533,3
-424,9945,14334,494,283,-1487,3
-2092,13476,19077,816,-167,-1436,3
-5518,17261,24856,1135,-1063,-1141,3
-9987,20828,30536,1245,-2699,20,3
-12824,24963,31381,1931,-4940,3111,3
-13139,27528,27515,3225,-6971,8204,3
-13853,27069,23509,4526,-8287,13631,3
-14394,23426,20779,5445,-9025,17453,3
-14852,14965,17008,5604,-9562,17453,3
-14921,6747,11509,5546,-9358,17453,3
-13780,723,5654,5310,-8349,17453,3
-12510,-3682,5,4634,-6673,17453,3
-10592,-19767,-7746,441,2400,9851,3
-11887,-17372,-128,199,1394,939,3
-960,-10500,4531,180,710,-1934,3
-960,-10500,4531,180,710,-1934,3
645,-8764,5270,9,519,-2432,3
1826,-7263,5734,-75,370,-2875,3
2766,-6441,5764,-107,262,-3301,3
3249,-6046,5408,-110,186,-3603,3
3147,-6063,4862,-95,207,-3795,3
2858,-6750,4211,-125,310,-3966,3
2752,-7715,3629,-231,426,-4215,3
2419,-8199,3281,-397,486,-4560,3
1691,-8293,2861,-509,531,-4903,3
1308,-8587,2367,-482,626,-5214,3
1010,-8782,1845,-350,725,-5508,3
773,-8897,1376,-153,827,-5761,3
846,-9081,834,28,926,-6090,3
1016,-9365,277,186,1022,-6615,3
1029,-9877,-820,267,1128,-7420,3
821,-10603,-2395,199,1308,-8401,3
1024,-11511,-3589,132,1832,-9618,3
401,-11541,-4124,-245,2676,-11152,3
-1739,-9972,-3173,-1178,3774,-12779,3
-5148,-6573,-699,-2322,5186,-14300,3
-8807,-2065,3278,-4418,6357,-15150,3
-11979,1753,7421,-6895,7335,-15300,3
-14030,4297,10722,-8778,8022,-14899,3
-13601,5962,13605,-10213,8275,-13764,3
-12935,7543,15648,-10946,8341,-11992,3
-11372,7996,19088,-10266,7802,-10101,3
-7792,4829,24076,-7773,6535,-7751,3
-5663,3769,29807,-4486,5218,-4684,3
-4879,5865,-32749,-198,3753,-2116,3
-5226,7145,26511,4320,2188,-172,3
-5226,7145,26511,4320,2188,-172,3
-5369,8348,17490,6716,1464,2016,3
-4759,9937,13240,7054,1899,3886,3
-3866,10046,14097,6120,2245,4726,3
-3399,8431,16263,5209,2131,4883,3
-2834,6790,17243,4485,1541,4876,3
-1713,5152,16643,3442,539,4642,3
-158,3824,15438,2250,-490,4093,3
1221,3354,14358,1379,-1183,3359,3
1681,3138,13229,1033,-1465,2534,3
2009,3003,11877,970,-1401,1670,3
2130,3486,10638,809,-1180,1038,3
2044,4076,10026,512,-970,674,3
2014,4504,9921,208,-824,513,3
2078,4479,9702,-54,-770,552,3
2213,3986,9322,-172,-764,629,3
2412,3135,7707,-13,-542,423,3
2412,3135,7707,-13,-542,423,3
2463,3440,7668,-200,-565,273,3
2573,3884,7824,-357,-546,159,3
2630,4370,8072,-382,-459,142,3
2764,4569,8207,-393,-382,223,3
2947,4473,8197,-455,-344,327,3
2935,4272,8129,-530,-320,388,3
2913,4163,8044,-595,-296,453,3
2997,3930,7980,-632,-276,537,3
3075,3192,8001,-598,-253,500,3
2995,2554,8002,-474,-218,349,3
2929,2582,7922,-296,-149,251,3
3067,2946,8031,-149,-42,217,3
3244,2943,8444,-84,32,104,3
3250,2752,8796,-60,49,-59,3
3177,3073,8925,-57,56,-97,3
3172,3355,8966,-103,62,-66,3
3196,3504,9001,-175,50,7,3
3196,3504,9122,-216,9,93,3
3001,3281,9202,-231,-77,176,3
3006,3062,9098,-200,-145,274,3
3136,3089,8912,-108,-142,354,3
3117,3180,8782,-35,-116,403,3
3077,3171,8730,-56,-103,450,3
3079,3006,8678,-116,-96,467,3
3058,2644,8691,-157,-94,402,3
3059,2394,8789,-148,-61,270,3
3094,2508,8955,-86,-4,124,3
2974,2782,9032,-63,-5,23,3
2980,2947,9075,-102,-44,-4,3
3073,3098,9106,-124,-63,49,3
3152,3146,9164,-109,-81,115,3
3096,3124,9229,-136,-136,149,3
3095,2916,9122,-216,-231,158,3
3286,2809,8789,-294,-307,206,3
3363,2877,8490,-322,-315,266,3
3426,2656,8291,-311,-275,290,3
3521,2142,8184,-305,-230,243,3
3490,1777,8116,-305,-188,101,3
3220,1911,8033,-318,-157,-32,3
3159,2353,8043,-323,-103,-93,3
3223,2582,8280,-275,-27,-98,3
3350,3034,8769,82,22,4,3
3350,3034,8769,82,22,4,3
3356,3143,8939,123,24,75,3
3331,3119,9010,135,8,128,3
3299,2899,8959,111,-1,176,3
3350,2657,8933,14,-7,191,3
3387,2309,8919,-88,-8,131,3
3259,2100,8871,-168,-17,-10,3
3365,2894,8668,178,-87,201,3
3330,2399,8597,118,-90,161,3
3275,2232,8567,42,-75,71,3
3369,2527,8662,-13,-28,15,3
3502,2677,8778,-76,-10,-9,3
3500,2449,8784,-107,-27,-65,3
3487,2418,8692,-121,-52,-98,3
3525,2669,8616,-118,-55,-91,3
3526,2886,8661,-67,-35,-69,3
3444,2879,8782,-3,-32,-19,3
3465,2824,8913,51,-34,33,3
3480,2905,9065,112,-23,86,3
3506,2821,9159,157,-21,117,3
3518,2794,8851,46,-105,-50,3
3486,2913,8759,91,-89,-38,3
3454,3087,8773,96,-77,-44,3
3457,3250,8928,67,-82,-28,3
3433,3338,9040,53,-81,12,3
3492,3191,9038,80,-59,47,3
3517,3057,9002,86,-38,53,3
3517,3057,9002,86,-38,53,3
3568,2911,8940,33,-37,45,3
3611,2679,8918,-43,-51,1,3
3523,2645,8881,-77,-55,-47,3
3489,2764,8870,-57,-42,-49,3
3513,2746,8831,-29,-30,-30,3
3438,2734,8763,6,-25,-27,3
3410,2742,8743,22,-22,-39,3
3337,2882,8781,23,-20,-35,3
3332,3039,8860,50,-6,-13,3
3386,3154,8968,88,10,22,3
3410,3240,9155,100,4,49,3
3398,3241,9281,88,-23,66,3
3378,3220,9276,68,-69,87,3
3360,3185,9189,19,-126,133,3
3399,3007,9039,-49,-175,173,3
3457,2757,8898,-85,-185,149,3
3563,2661,8891,-103,-180,107,3
3674,2664,8927,-90,-174,76,3
3646,2718,8939,-58,-172,58,3
3610,2639,8985,-35,-175,50,3
3638,2632,9120,-5,-182,41,3
3581,2844,9198,59,-195,43,3
3617,2907,9221,147,-194,56,3
3628,2900,9235,221,-177,45,3
3579,3083,9256,230,-170,26,3
3568,3166,9295,207,-171,-7,3
3498,3293,9453,189,-160,-62,3
3326,3738,9815,197,-148,-103,3
2944,4473,10458,303,-156,-91,3
2528,5359,11309,557,-189,-23,3
2288,7020,13154,930,-303,88,3
2019,10273,16231,1353,-640,199,3
791,14585,19794,1705,-1269,300,3
-1678,18631,22549,1702,-2314,949,3
-3565,21180,23119,1901,-3552,2925,3
-5035,25312,22749,2876,-4528,6615,3
-6895,28883,21957,3749,-5675,11295,3
-8925,28163,18003,4138,-6859,16329,3
-9428,21962,12666,3927,-7456,17453,3
-9731,13624,8600,3203,-7628,17453,3
-9700,6130,4738,2663,-7191,17453,3
-10006,152,1005,2578,-5884,17453,3
-12907,-8650,-4801,2142,-1631,14923,3
-12907,-8650,-4801,2142,-1631,14923,3
-14387,-15338,-6861,1708,626,13071,3
-14352,-21674,-6543,1333,2434,11441,3
-14529,-24747,-1805,1069,3459,9628,3
-12888,-23826,1358,575,3275,7089,3
-12663,-19986,1200,72,2534,4185,3
-13282,-17990,1837,-403,1889,1477,3
-8364,-12523,2253,-171,334,-1556,3
-8364,-12523,2253,-171,334,-1556,3
-6080,-11406,2243,60,358,-1571,3
-3921,-10060,2558,119,434,-1656,3
-2269,-8998,3355,43,493,-1909,3
-1021,-8339,4235,-56,489,-2254,3
-126,-7990,4790,-137,413,-2615,3
524,-7765,5027,-180,297,-2987,3
866,-7494,5074,-158,175,-3296,3
1122,-8427,4552,-119,-79,-4056,3
845,-9037,4023,-157,-143,-4535,3
802,-9915,3645,-164,-80,-5174,3
1283,-11300,3208,-208,14,-6292,3
1652,-13089,2682,-431,36,-7956,3
1357,-14362,1776,-722,154,-9925,3
1344,-15778,596,-1019,366,-12125,3
615,-17463,-1109,-1367,775,-14617,3
-2540,-17249,-2474,-1991,1424,-16573,3
-6135,-13506,-2705,-3100,2369,-17347,3
-8761,-8746,-848,-4484,3707,-17276,3
-10964,-3549,3322,-5547,5175,-16810,3
-13524,250,7540,-6559,6104,-16041,3
-16058,3112,10164,-6841,6502,-14934,3
-16552,6733,11972,-6720,6529,-13344,3
-14429,10102,13755,-6424,6760,-11415,3
-9982,14663,18088,-5933,6823,-9490,3
-4048,19613,25278,-4942,5990,-7834,3
-1883,19220,28497,-3235,4348,-6288,3
-4585,14026,25918,-594,2370,-3986,3
-5267,9768,19621,1938,972,-788,3
-4416,8037,13800,3227,687,1920,3
-2832,6754,11414,3384,1197,3168,3
-1468,5980,11789,2938,1733,3062,3
-1113,5701,13175,2174,1820,2328,3
-1011,5266,14040,1434,1501,1564,3
-620,4935,14093,718,915,1020,3
2123,3371,10556,-42,-634,430,3
2405,3744,8880,221,-50,450,3
2425,3106,9087,234,60,413,3
2190,2844,9202,246,131,222,3
1965,3275,9349,183,139,60,3
1927,3800,9486,89,76,23,3
2031,4085,9459,46,-11,79,3
1905,4071,9292,79,-93,119,3
1905,4071,9292,79,-93,119,3
1898,4036,9122,109,-135,169,3
1960,4133,9026,127,-137,280,3
2044,4181,8943,148,-141,413,3
2278,3809,8761,115,-178,495,3
2281,3244,8487,-32,-264,392,3
2418,4148,8219,-316,-292,286,3
2418,4148,8219,-316,-292,286,3
2496,4258,7844,-323,-322,416,3
2656,3957,7563,-216,-271,442,3
2784,3669,7567,-67,-115,406,3
2791,3583,7843,41,46,352,3
2662,3567,8292,153,167,248,3
2521,3674,8697,241,240,184,3
2321,3869,8967,273,267,177,3
2236,3826,9221,262,243,165,3
2275,3518,9395,199,169,70,3
2211,3498,9476,71,79,-10,3
2223,3754,9516,-45,0,-43,3
2232,4057,9391,-117,-70,-44,3
2282,3936,9161,-146,-125,-51,3
2379,3663,9046,-172,-153,-63,3
2464,3596,9111,-192,-164,-33,3
2534,3756,9106,-145,-156,22,3
2606,3915,8907,-83,-164,85,3
2624,3979,8534,-13,-175,180,3
2607,3733,8310,97,-130,294,3
2698,3341,8334,209,-32,364,3
2822,3130,8409,314,62,318,3
2590,3410,8450,363,121,223,3
2361,3707,8650,325,156,117,3
2276,3870,9052,234,150,50,3
2258,3974,9374,176,103,34,3
2342,4036,9431,144,43,49,3
2347,4006,9334,79,-25,40,3
2318,3942,9226,-14,-101,18,3
2458,3969,9065,-72,-158,44,3
2626,3933,8785,-88,-189,91,3
2698,3656,8557,-77,-191,76,3
2716,3560,8543,-51,-164,20,3
2758,3651,8639,-2,-131,16,3
2804,3806,8649,50,-115,62,3
2846,3745,8564,83,-105,117,3
2798,3398,8487,97,-90,109,3
2765,3269,8516,56,-76,31,3
2736,3520,8567,-23,-90,-5,3
2688,3810,8662,-64,-92,-9,3
2670,3984,8734,-91,-83,9,3
2707,3809,8761,-135,-103,4,3
2699,3585,8759,-152,-123,-34,3
2658,3693,8643,-125,-120,-31,3
2680,3859,8534,-86,-111,8,3
2734,3808,8482,-25,-94,65,3
2803,3709,8433,72,-55,120,3
2808,3586,8418,142,-12,148,3
2846,3391,8464,155,27,98,3
2830,3409,8633,80,17,10,3
2834,3675,8748,11,-10,-23,3
2867,3844,8722,-1,-23,-18,3
2876,3729,8625,-26,-46,2,3
2838,3562,8520,-63,-69,7,3
2832,3615,8462,-58,-62,16,3
2695,3750,8405,-13,-31,39,3
2654,3732,8415,10,-5,49,3
2716,3684,8540,0,-4,51,3
2710,3760,8632,27,8,56,3
2722,3744,8661,81,32,47,3
2698,3660,8656,90,33,14,3
2695,3676,8660,48,0,-6,3
2747,3767,8621,10,-22,2,3
2826,3760,8570,-10,-25,13,3
2858,3680,8500,-39,-29,12,3
2859,3562,8385,-61,-33,1,3
2857,3618,8262,-49,-19,6,3
2713,3766,8642,47,92,13,3
2697,3924,8804,75,102,35,3
2668,3821,8898,90,92,38,3
2631,3705,8956,77,66,16,3
2676,3760,9002,26,19,1,3
2683,3889,8977,-14,-10,7,3
2706,3881,8913,-30,-29,17,3
2734,3725,8764,-47,-49,9,3
2754,3693,8646,-44,-45,11,3
2804,3666,8601,-22,-26,15,3
2800,3653,8553,-7,-11,3,3
2745,3762,8546,12,2,11,3
2706,3797,8553,31,24,33,3
2682,3707,8606,30,35,44,3
2723,3639,8654,16,29,32,3
2693,3656,8691,14,28,14,3
2661,3717,8740,23,36,4,3
2704,3736,8826,14,36,9,3
2694,3671,8865,-17,16,0,3
2673,3664,8857,-50,-10,-10,3
2666,3718,8843,-63,-24,-2,3
2704,3802,8840,-49,-17,21,3
2727,3800,8812,-34,-22,46,3
2745,3660,8733,-11,-30,55,3
2749,3685,8657,24,-21,60,3
2768,3669,8618,60,1,62,3
2746,3620,8640,66,20,21,3
2724,3772,8701,16,6,-3,3
2724,3772,8701,16,6,-3,3
2748,3879,8752,-31,-13,3,3
2798,3840,8771,-41,-16,17,3
2810,3741,8797,-39,-10,25,3
2790,3753,8845,-49,-18,31,3
2824,3742,8845,-38,-30,45,3
2843,3617,8706,-14,-39,44,3
2826,3600,8668,-4,-31,29,3
2826,3600,8668,-4,-31,29,3
2826,3523,8700,14,-21,20,3
2780,3470,8729,20,-27,-8,3
2755,3628,8776,3,-29,-26,3
2766,3754,8796,-13,-43,-15,3
2812,3687,8673,-9,-52,4,3
2820,3584,8542,-18,-53,4,3
2824,3514,8498,-62,-59,-5,3
2842,3562,8485,-92,-60,-6,3
2825,3494,8435,-76,-45,-23,3
2813,3581,8455,-50,-18,-44,3
2833,3788,8594,-36,0,-29,3
2849,3840,8673,-13,7,-7,3
2818,3712,8643,15,12,-5,3
2772,3691,8680,13,13,-9,3
2785,3829,8767,5,18,3,3
2764,3846,8797,8,14,30,3
2779,3713,8770,6,-1,56,3
2853,3573,8655,13,-10,65,3
2924,3477,8541,20,-4,62,3
2998,3284,8486,0,3,21,3
2982,3205,8514,-33,2,-41,3
2927,3343,8486,-28,12,-60,3
2895,3420,8470,-2,30,-57,3
2899,3396,8473,14,43,-55,3
2846,3391,8442,27,59,-60,3
2806,3436,8517,30,87,-75,3
2790,3515,8663,16,104,-90,3
2725,3573,8826,0,102,-109,3
2602,3648,8915,-17,96,-140,3
2527,3709,9013,-27,98,-191,3
2480,3836,9147,-22,112,-241,3
2438,3833,9316,-11,134,-316,3
2348,3934,9581,10,174,-413,3
2146,4416,9853,50,211,-475,3
1960,4721,10155,91,229,-510,3
1489,4959,10502,192,270,-556,3
396,5546,11159,521,411,-655,3
-991,7648,13218,1073,570,-746,3
-2903,11532,17084,1831,483,-689,3
-4922,16725,22057,2705,98,-435,3
-14826,28339,24021,4690,-5455,11033,3
-17008,28690,19412,4745,-6459,15921,3
-18206,23536,14442,3577,-7773,17453,3
-19580,12890,9958,2404,-8677,17453,3
-20147,2132,6670,2255,-8440,17453,3
-18944,-6047,3877,2695,-7241,17453,3
-16727,-11236,150,2833,-5773,17453,3
-9859,-24269,-4113,1478,1415,11261,3
-10121,-20492,-4909,778,1388,7309,3
-12196,-18044,-4704,174,1431,3538,3
-13241,-17056,-3787,-626,1218,1176,3
-13209,-15337,-3703,-865,941,308,3
-12192,-15265,-2765,-362,1096,28,3
-10498,-15725,-456,230,1355,-7,3
-1649,-13385,3597,331,807,-1761,3
-408,-12628,3711,-84,588,-2899,3
423,-11748,3737,-343,494,-4192,3
772,-10763,3644,-546,455,-5474,3
468,-9204,3620,-583,514,-6371,3
210,-8022,3738,-443,648,-6904,3
69,-7242,3826,-264,773,-7131,3
124,-6997,3768,-140,855,-7211,3
284,-6906,3500,-129,872,-7233,3
360,-6883,3014,-139,862,-7262,3
1015,-7648,2522,-134,866,-7509,3
1835,-9239,1641,-214,885,-8201,3
1828,-10583,154,-439,1014,-9423,3
903,-10333,-741,-755,1452,-10882,3
-29,-9796,-477,-1438,2052,-12637,3
-2490,-8004,415,-2289,2881,-14428,3
-6481,-3474,2215,-2882,4017,-15457,3
-9727,1170,4501,-3349,5058,-15660,3
-11338,4880,6603,-4020,5558,-15006,3
-11381,7446,8229,-4589,5759,-13730,3
-10770,9560,9700,-4416,6057,-12278,3
-8941,13157,12098,-3710,6266,-10636,3
-5303,17602,17067,-2974,5930,-8979,3
-6313,14715,19785,-50,1986,-3229,3
-7212,11906,15753,873,1243,-243,3
-5840,10174,13540,1167,1233,1801,3
-4398,8429,13322,1042,1348,2453,3
-3217,7242,14134,292,1042,2305,3
-2066,5921,14557,-474,535,1807,3
-1096,5354,14194,-641,194,1205,3
-249,5509,13561,-409,27,772,3
1507,5820,10965,-110,-478,1058,3
1507,5820,10965,-110,-478,1058,3
1794,5314,10133,58,-502,1376,3
2202,4525,9435,318,-401,1592,3
2431,3634,8786,422,-290,1613,3
2366,2751,8442,290,-225,1388,3
2554,2129,8567,118,-112,944,3
2513,2395,8964,44,36,526,3
1996,3587,9640,-181,-9,-67,3
1996,3587,9640,-181,-9,-67,3
2007,3960,9730,-79,-22,9,3
2083,4152,9629,-42,-100,114,3
2248,4128,9317,-79,-201,234,3
2323,3672,8915,-162,-287,255,3
2177,3386,8605,-202,-300,181,3
2171,3609,8456,-175,-245,119,3
2390,3381,7674,-204,-230,-44,3
2172,3465,7655,-79,-118,-180,3
2163,4103,7971,84,45,-135,3
2185,4592,8333,210,142,-38,3
2184,4731,8551,298,178,62,3
2079,4842,8678,349,200,169,3
2026,4804,8852,367,189,260,3
2154,4602,8994,324,149,366,3
2276,4180,8986,291,123,403,3
2298,3703,8907,249,116,286,3
2154,3718,8874,79,87,99,3
2051,4008,8931,-152,28,-17,3
2063,4173,9010,-271,-18,-28,3
2073,3957,8997,-4,25,-17,3
2089,4023,9068,85,-3,16,3
2157,4209,9053,170,-17,103,3
2135,4255,9028,243,-9,179,3
2156,4145,9007,258,-18,224,3
2158,4039,8949,231,-43,256,3
2221,3899,8915,218,-52,273,3
2260,3718,8845,238,-28,226,3
2235,3651,8721,209,-35,122,3
2388,4336,8575,-9,-72,-5,3
2371,4094,8520,13,-85,26,3
2333,3688,8424,1,-118,-29,3
2302,3707,8403,-39,-127,-67,3
2332,3993,8542,-22,-82,-74,3
2358,4361,8757,14,-37,-46,3
2406,4557,8849,2,-48,13,3
2413,4534,8707,-27,-88,84,3
2421,4221,8508,-13,-96,125,3
2426,3890,8415,34,-75,111,3
2414,3996,8418,61,-55,118,3
2420,4161,8424,64,-43,142,3
2393,4114,8415,56,-31,166,3
2454,3760,8460,61,-1,124,3
2360,3688,8570,53,19,26,3
2330,3913,8700,1,-4,-10,3
2402,4166,8679,-30,-40,4,3
2389,4217,8541,-16,-54,33,3
2365,4084,8441,0,-39,49,3
2414,3827,8498,-4,-22,1,3
2425,3917,8606,-59,-42,-25,3
2524,4122,8640,-80,-56,-13,3
2506,4156,8594,-60,-49,20,3
2468,3929,8576,-34,-28,22,3
2457,3797,8624,-11,-21,-1,3
2511,3855,8676,0,-39,2,3
2552,4019,8611,23,-49,32,3
2450,4104,8502,45,-41,63,3
2377,3955,8530,32,-24,68,3
2391,3828,8666,13,-10,22,3
2434,3996,8782,5,-22,-14,3
2470,4259,8724,12,-46,2,3
2400,4387,8618,39,-39,36,3
2405,4362,8670,53,-15,69,3
2431,4115,8851,77,-6,50,3
2451,4115,8931,84,-22,34,3
2506,4271,8869,70,-52,54,3
2533,4228,8725,57,-70,71,3
2567,3975,8650,11,-88,48,3
2591,3894,8608,-44,-107,19,3
2649,4022,8540,-49,-112,21,3
2609,4145,8454,-22,-93,39,3
2506,4276,8520,-18,-64,69,3
2518,4278,8699,-21,-52,104,3
2534,4195,8794,-6,-58,140,3
2543,4212,8781,17,-67,170,3
2548,4194,8734,62,-60,179,3
2534,4067,8746,106,-43,164,3
2511,4076,8742,120,-38,148,3
2535,4061,8736,118,-45,127,3
2561,4028,8706,79,-64,85,3
2598,4042,8627,31,-95,52,3
2646,4088,8512,21,-107,52,3
2646,4088,8512,21,-107,52,3
2741,4104,8407,26,-108,90,3
2804,4000,8290,37,-102,134,3
2846,3797,8146,58,-85,149,3
2824,3581,8071,32,-83,116,3
2717,3873,8265,0,-20,1,3
2715,4022,8328,-45,-31,-9,3
2717,4060,8383,-72,-41,1,3
2746,4063,8443,-69,-33,21,3
2770,3990,8505,-71,-32,34,3
2783,3917,8497,-56,-30,19,3
2751,3986,8475,-1,-9,7,3
2718,4045,8473,36,11,17,3
2715,4043,8463,38,17,25,3
2729,4023,8484,27,18,15,3
2729,4083,8546,12,14,5,3
2701,4157,8608,19,19,12,3
2670,4182,8658,30,15,29,3
2673,4176,8634,25,4,51,3
2718,4139,8577,10,-3,67,3
2771,3985,8508,-22,-18,66,3
2826,3656,8456,-74,-36,24,3
2782,3500,8445,-101,-33,-59,3
2755,3545,8490,-110,-21,-139,3
2747,3547,8571,-146,-23,-230,3
2650,3664,8642,-170,-19,-324,3
2478,4069,8779,-159,1,-372,3
2405,4432,8992,-166,6,-350,3
2353,4479,9200,-197,-17,-306,3
2182,4251,9338,-218,-40,-361,3
1793,4589,9642,-238,-51,-521,3
1000,6008,10751,-209,-91,-642,3
148,9166,13723,59,-290,-731,3
-7514,22718,28019,1936,-2921,732,3
-7514,22718,28019,1936,-2921,732,3
-10678,27687,28845,2949,-4881,4698,3
-12162,29624,26489,4711,-6412,10305,3
-13202,30944,25278,6234,-7364,15889,3
-13926,26751,22661,6673,-8420,17453,3
-14067,17193,17633,6127,-9228,17453,3
-12635,8808,11729,5550,-9062,17453,3
-11111,3598,6082,5153,-7838,17453,3
-11187,-490,1100,4252,-5861,17453,3
-11485,-4709,-3659,3040,-3427,17172,3
-12809,-9186,-6808,2144,-1042,15521,3
-14776,-15080,-8496,1489,1000,13931,3
-15021,-21306,-4911,992,2394,12245,3
-13842,-22035,-1847,480,2780,10302,3
-13788,-20772,-529,214,2460,7637,3
-14643,-19988,134,118,1972,4673,3
-15058,-18155,-387,-72,1368,2353,3
-14856,-16485,-1200,-233,965,892,3
-13956,-15811,-1228,-196,954,66,3
-12104,-15065,-506,-104,1126,-288,3
-9434,-14046,470,-43,1314,-462,3
-6575,-12763,1655,-88,1385,-700,3
-3974,-11387,2869,-175,1269,-1116,3
-1630,-10075,3830,-160,1089,-1617,3
160,-8725,4679,-104,882,-2010,3
1198,-9178,2722,390,315,-3229,3
1198,-9178,2722,390,315,-3229,3
957,-10971,2548,-111,234,-4074,3
922,-13242,2461,-677,159,-5490,3
743,-14967,2128,-1186,90,-7312,3
114,-15428,1193,-1445,148,-9219,3
-569,-15494,116,-1439,378,-11084,3
-1484,-15325,-1127,-1380,737,-12732,3
-2073,-16257,-2606,-1358,1294,-14353,3
-10198,-11793,-4438,-3804,4052,-17453,3
-10198,-11793,-4438,-3804,4052,-17453,3
-13060,-6170,-933,-5655,5371,-17156,3
-14476,-1936,4170,-7632,6487,-16243,3
-16157,521,8863,-9039,7067,-15204,3
-17390,3208,12131,-9502,6980,-13977,3
-16252,6302,14251,-9238,6891,-12344,3
-13898,9229,16413,-8794,7256,-10372,3
-10055,13373,22653,-7636,7274,-8580,3
-6189,15678,29244,-5561,6604,-6932,3
-7025,13358,31041,-2589,5284,-5022,3
-9682,8603,27604,986,3279,-2400,3
-7993,4595,22017,2738,1493,1015,3
-6120,4452,17449,3256,1135,3038,3
-5470,4964,15318,3006,1275,2953,3
-3422,6551,16193,491,662,1616,3
-3422,6551,16193,491,662,1616,3
-2932,6804,16194,30,191,1491,3
-1782,6368,15522,152,-279,1668,3
-439,5678,14239,303,-716,1852,3
872,4330,12560,59,-1160,1870,3
1768,3046,10953,-380,-1439,1709,3
2317,2059,9727,-691,-1494,1431,3
2766,1489,8990,-672,-1315,1051,3
2959,1849,8666,-531,-1024,844,3
3015,2375,8432,-374,-788,866,3
3155,2117,8235,-120,-578,879,3
3225,1610,8257,235,-247,815,3
2958,1496,8520,542,124,813,3
2958,1496,8520,542,124,813,3
2783,1432,8910,675,360,820,3
2537,1306,9251,597,419,682,3
2239,1373,9624,420,408,437,3
2085,2004,10024,311,408,314,3
2118,2414,10355,284,361,297,3
2326,2381,10527,230,213,245,3
2160,2427,10404,128,13,193,3
1960,2585,10003,57,-151,193,3
2035,2689,9593,37,-243,260,3
2237,2622,9238,86,-268,312,3
2256,2751,8845,154,-264,340,3
2158,2989,8560,196,-238,367,3
2207,3249,8441,237,-161,454,3
2408,3017,8409,286,-85,517,3
2469,2622,8425,330,-25,357,3
2328,2865,8531,325,25,155,3
2321,3414,8696,318,71,101,3
2341,3742,8874,336,94,178,3
2330,2846,9399,-138,-59,26,3
2330,2846,9399,-138,-59,26,3
2437,2946,9277,-124,-98,67,3
2347,2944,8948,-51,-110,115,3
2338,2701,8753,105,-46,122,3
2365,2672,8838,247,51,133,3
2431,2893,8983,310,94,167,3
2345,3057,8991,348,103,182,3
2227,2924,9051,334,83,115,3
2274,2894,9226,274,54,72,3
2315,3089,9360,279,55,86,3
2357,3320,9398,286,44,113,3
2297,3283,9280,240,0,125,3
2270,3074,9210,186,-31,85,3
2298,3126,9147,125,-54,62,3
2369,3330,9039,62,-91,75,3
2388,3341,8767,20,-125,101,3
2369,2899,8508,-9,-130,59,3
2393,2698,8474,-52,-100,-8,3
2445,2929,8660,-62,-53,-25,3
2524,3150,8815,-28,-21,0,3
2415,3263,8867,5,-1,41,3
2343,3231,8971,36,22,86,3
2364,3268,9135,71,38,149,3
2400,3353,9178,115,39,211,3
2397,3340,9089,146,32,247,3
2365,3178,8961,149,21,217,3
2391,3006,8850,105,-3,145,3
2440,2994,8804,44,-19,82,3
2414,3025,8837,18,-5,9,3
2394,3202,8962,-6,3,-35,3
2448,3360,9020,-38,-18,-16,3
2449,3335,8961,-31,-33,17,3
2423,3235,8929,-2,-22,28,3
2510,3119,8838,58,-1,102,3
2510,3119,8838,58,-1,102,3
2397,2701,8736,44,10,35,3
2302,2717,8857,1,27,-69,3
2339,3099,9138,-51,18,-85,3
2443,3378,9255,-47,-5,-51,3
2506,3493,9143,-13,-14,-1,3
2425,3481,9099,-2,-1,46,3
2402,3320,9198,0,21,79,3
2450,3125,9353,21,25,61,3
2467,3234,9409,57,6,44,3
2464,3444,9312,76,-19,56,3
2498,3355,9201,69,-39,77,3
2530,3077,9057,61,-54,60,3
2576,2996,8948,38,-74,13,3
2633,3077,8833,-4,-98,-3,3
2669,3118,8739,-6,-92,-11,3
2652,3197,8664,11,-75,1,3
2521,3240,8560,26,-60,29,3
2389,3234,8735,23,7,25,3
2322,3384,8916,15,10,30,3
2296,3482,8970,30,11,45,3
2329,3428,9019,40,12,52,3
2321,3338,9065,35,0,61,3
2366,3301,9061,36,-18,75,3
2485,3214,8979,37,-29,68,3
2508,3153,8940,27,-35,36,3
2493,3247,8947,17,-34,33,3
2608,3035,8881,17,-53,35,3
2479,2966,8831,-4,-49,-27,3
2462,3221,8992,-33,-34,-47,3
2509,3401,9085,-44,-45,-20,3
2475,3397,8992,-11,-54,12,3
2493,3351,8901,20,-41,27,3
2494,3399,8891,-1,-39,47,3
2476,3456,8893,-14,-42,76,3
2490,3323,8870,10,-28,93,3
2490,3140,8919,17,-10,75,3
2481,3101,9044,-7,-5,51,3
2554,3160,9125,-7,1,48,3
2518,3108,9126,13,6,41,3
2518,2894,9138,12,3,3,3
2518,2894,9138,12,3,3,3
2521,2855,9144,-27,-20,-24,3
2564,2949,9148,-46,-41,-29,3
2547,3073,9030,-46,-52,-14,3
2631,2897,8667,-11,-29,43,3
2631,2897,8667,-11,-29,43,3
2608,2795,8741,42,7,-27,3
2576,3086,8901,20,13,-66,3
2557,3301,9007,-7,-2,-61,3
2505,3280,8983,-2,-15,-44,3
2506,3181,8880,-3,-19,-34,3
2517,3132,8873,-22,-16,-29,3
2533,3171,8879,-35,-14,-23,3
2559,3324,8916,-21,-11,-12,3
2567,3409,8950,-5,-10,10,3
2621,3271,8943,-1,-12,33,3
2638,3001,8943,13,-3,0,3
2585,3009,8994,9,0,-46,3
2591,3177,9006,-5,-15,-55,3
2539,3290,8960,0,-27,-45,3
2446,3357,8913,4,-20,-29,3
2575,3201,8968,-13,-40,23,3
2575,3201,8968,-13,-40,23,3
2628,3295,8925,11,-20,-6,3
2628,3295,8925,11,-20,-6,3
2554,3021,8948,7,3,14,3
2554,3021,8948,7,3,14,3
2572,3076,9031,-13,-1,0,3
2610,3134,9107,-31,-9,-1,3
2591,3168,9118,-15,-12,4,3
2547,3146,9077,4,-14,24,3
2569,3089,9081,19,-13,41,3
2543,3118,9095,34,-18,48,3
2539,3210,9079,49,-29,62,3
2547,3226,9032,56,-34,88,3
2620,3031,8976,54,-34,90,3
2621,2806,8915,21,-46,36,3
2616,2839,8856,-18,-64,-18,3
2672,3041,8798,-27,-72,-39,3
2754,3091,8711,-10,-60,-43,3
2802,3007,8644,11,-43,-56,3
2774,3061,8642,22,-24,-69,3
2742,3231,8681,27,-5,-66,3
2700,3324,8724,32,5,-46,3
2613,3378,8789,39,14,-26,3
2575,3410,8898,30,18,-4,3
2573,3350,8985,14,13,5,3
2608,3293,8814,-19,-25,-5,3
2651,3257,8815,-21,-7,-11,3
2657,3177,8832,-20,-2,-17,3
2666,3053,8837,-16,0,-18,3
2640,2991,8883,-2,1,-28,3
2631,3080,8935,9,0,-28,3
2643,3132,8953,27,-1,-33,3
2651,3221,8937,31,-3,-31,3
2636,3299,8900,22,-12,-19,3
2632,3365,8873,23,-9,-6,3
2587,3372,8904,27,0,-5,3
2565,3359,8942,14,-3,-10,3
2560,3371,8947,7,-5,-7,3
2555,3408,8996,15,2,7,3
2579,3386,9022,11,0,24,3
2596,3263,8995,0,-13,18,3
2633,3233,8966,-6,-20,9,3
2655,3293,8964,-5,-20,13,3
2682,3256,8971,10,-13,14,3
2697,3213,8965,31,-8,12,3
2713,3222,8948,29,-13,21,3
2700,3191,8954,12,-20,23,3
2689,3147,8953,6,-20,17,3
2652,3126,8955,14,-19,9,3
2643,3137,8977,21,-10,-15,3
2614,3264,9024,20,-14,-28,3
2631,3361,9002,10,-38,-13,3
2664,3304,8892,14,-46,10,3
2715,3161,8798,20,-39,25,3
2710,3000,8733,14,-34,14,3
2704,3004,8725,13,-29,-3,3
2715,3113,8743,18,-20,-5,3
2706,3104,8755,14,-12,-10,3
2719,3062,8803,10,0,-20,3
2718,3029,8840,4,6,-39,3
2686,3068,8899,-5,6,-62,3
2621,3222,8986,-4,5,-74,3
2632,3320,9039,-9,-9,-66,3
2608,3314,9019,-15,-25,-50,3
2558,3329,8984,3,-24,-43,3
2539,3371,8988,24,-13,-34,3
2545,3398,8985,34,-9,-25,3
2551,3457,9016,40,-6,-16,3
2551,3448,9006,36,-11,1,3
2551,3448,9006,36,-11,1,3
2614,3324,8992,22,-25,15,3
2630,3235,8949,20,-30,19,3
2664,3195,8882,7,-38,15,3
2687,3106,8815,-6,-48,14,3
2730,3070,8734,0,-38,4,3
2729,3101,8703,-4,-27,-13,3
2694,3186,8717,-23,-30,-16,3
2709,3207,8688,-20,-27,-14,3
2731,3253,8691,-3,-15,-5,3
2752,3305,8713,0,-1,3,3
2740,3268,8760,4,10,4,3
2728,3265,8824,11,19,1,3
2707,3264,8936,-10,18,-7,3
2749,3266,9057,-30,18,-20,3
2771,3255,9164,-25,22,-36,3
2761,3240,9134,-28,10,-43,3
2679,3203,9103,-39,-4,-51,3
2639,3247,9207,-43,6,-68,3
2079,3510,10005,-336,-47,-442,3
2079,3510,10005,-336,-47,-442,3
1219,4033,10356,-349,17,-596,3
-281,4777,10938,-448,111,-827,3
-1826,6063,12858,-604,274,-1157,3
-2616,9727,17916,-338,519,-1563,3
-4377,16373,25422,688,445,-1874,3
-7592,20421,31739,1863,-318,-1649,3
-11034,20627,-31271,2531,-2009,113,3
-12507,20368,31476,2992,-4557,3455,3
-13318,20297,26011,3969,-6544,7832,3
-14538,19035,22095,5088,-7337,12104,3
-16798,18933,17936,5666,-7950,15909,3
-18874,14322,13460,5378,-8768,17453,3
-19343,5721,9354,4657,-9235,17453,3
-16282,-7365,1034,4543,-7474,17453,3
-16282,-7365,1034,4543,-7474,17453,3
-14239,-11407,-2044,4432,-5605,17453,3
-11989,-13969,-4731,3925,-3592,17453,3
-11836,-17530,-6603,3068,-1569,16140,3
-11245,-21678,-4829,2076,133,13872,3
-10150,-21452,-3735,981,870,11306,3
-10461,-20516,-4365,186,1225,8131,3
-11692,-19873,-3627,-340,1467,4914,3
-12562,-18742,-3013,-865,1249,2493,3
-12409,-17503,-3004,-1049,1017,1082,3
-11590,-16486,-1897,-791,1063,386,3
-9761,-15692,-99,-381,1169,40,3
-7207,-14663,1364,-168,1141,-194,3
-4612,-13348,2238,-133,1055,-519,3
-2391,-12034,2751,-155,993,-1028,3
-511,-10938,3041,-200,981,-1610,3
978,-9476,3255,-270,992,-2135,3
1278,-8152,2844,-292,718,-3550,3
1650,-10170,2197,-419,593,-4003,3
1934,-11942,1429,-682,402,-5064,3
1988,-13162,684,-849,360,-6708,3
1557,-13440,27,-817,610,-8506,3
1227,-13633,-644,-720,1110,-10276,3
282,-12896,-1766,-784,1747,-11712,3
-4982,-3421,3824,-4432,5329,-13673,3
-6415,49,7105,-5499,5937,-13526,3
-7400,2632,9290,-6475,6180,-13046,3
-5573,11794,13103,-5569,6832,-9388,3
-3058,13531,17275,-4423,6652,-7768,3
-1181,12902,22266,-2855,5936,-6012,3
-1677,11351,24710,-911,4764,-4063,3
-2827,9256,23231,1041,3331,-2220,3
-2894,7000,18856,2176,2062,-681,3
-2011,5553,15548,2277,1388,366,3
244,5528,13563,129,317,261,3
979,5181,12994,-362,-47,102,3
1895,4701,12257,-480,-273,127,3
2645,3943,11377,-299,-372,208,3
2936,3518,10428,-59,-414,367,3
3114,3215,9665,118,-401,515,3
3390,3275,9154,202,-352,606,3
3531,3340,8691,268,-276,687,3
3505,2881,8406,306,-133,656,3
3478,2529,8486,376,129,516,3
3324,2655,8883,400,368,384,3
3037,2846,9211,300,437,299,3
2844,2753,9508,134,396,182,3
2752,2789,9865,15,322,63,3
2693,3148,10037,94,275,45,3
2699,3559,10004,205,213,126,3
2737,3530,9860,239,114,167,3
2792,3329,9689,222,33,150,3
2740,3385,9470,199,-5,184,3
2540,3261,9279,221,-4,222,3
2540,3261,9279,221,-4,222,3
2482,3016,9180,252,34,174,3
2420,3120,9243,194,31,110,3
2358,3386,9308,118,-23,121,3
2359,3421,9245,110,-60,175,3
2498,3132,9155,115,-56,165,3
2622,3130,9197,83,-61,90,3
2705,3355,9316,10,-111,58,3
2712,3562,9304,-27,-164,94,3
2643,3530,9188,0,-186,162,3
2666,3314,9095,36,-184,207,3
2657,3251,9013,-5,-208,227,3
2689,3387,8921,-77,-243,267,3
2771,3488,8819,-102,-264,336,3
2927,3295,8639,-88,-266,393,3
3059,3023,8451,-82,-254,373,3
3118,3080,8399,-107,-229,337,3
3197,3174,8473,-94,-178,311,3
3149,3172,8539,-22,-128,292,3
3091,3110,8628,56,-92,282,3
3010,3091,8761,114,-68,286,3
3017,3119,8897,180,-61,279,3
3290,3040,8569,-18,-273,305,3
3290,3040,8569,-18,-273,305,3
3392,2798,8613,-69,-283,284,3
3433,2612,8626,-72,-284,199,3
3423,2607,8582,-130,-314,128,3
3463,2753,8450,-205,-352,92,3
3495,2869,8292,-216,-365,67,3
3543,2915,8138,-176,-349,83,3
3610,2898,8041,-119,-312,123,3
3646,2828,8022,-40,-255,152,3
3640,2783,8006,37,-206,150,3
3585,2798,8008,37,-193,144,3
3604,2729,8061,-21,-193,168,3
3663,2420,8184,-60,-172,202,3
3658,2075,8294,-54,-136,181,3
3639,1951,8356,-66,-121,139,3
3650,1866,8396,-105,-128,66,3
3656,1807,8451,-129,-125,-22,3
3697,1982,8539,-135,-118,-70,3
3727,2162,8559,-146,-124,-84,3
3772,2236,8490,-159,-132,-86,3
3792,2258,8354,-166,-127,-82,3
3849,2201,8241,-177,-115,-82,3
3859,2073,8110,-207,-109,-111,3
3773,1923,8000,-199,-76,-174,3
3743,1971,8024,-141,10,-243,3
3681,2318,8294,-117,94,-269,3
3586,2634,8692,-114,149,-271,3
3470,2863,9062,-87,183,-258,3
3422,3096,9335,-61,185,-205,3
3423,3132,9474,-34,151,-143,3
3469,3086,9429,-9,102,-77,3
3542,2904,9216,0,54,-39,3
3688,2557,8956,-27,19,-59,3
3770,2343,8770,-79,10,-118,3
3808,2354,8723,-148,17,-176,3
3885,2385,8788,-195,40,-216,3
3857,2452,8978,-200,70,-250,3
3871,2918,9161,-77,63,-131,3
3821,2812,8989,-8,63,-75,3
3781,2602,8815,41,79,-56,3
3726,2466,8706,29,81,-96,3
3628,2474,8642,-45,63,-171,3
3598,2709,8676,-84,77,-206,3
3609,2859,8733,-83,107,-205,3
3538,2783,8788,-118,108,-207,3
3472,2794,8803,-161,109,-198,3
3349,2857,8814,-175,121,-167,3
3228,2922,8856,-168,136,-118,3
3204,2950,8931,-174,142,-49,3
3233,2879,8971,-178,135,20,3
3245,2711,9101,-172,132,47,3
3302,2609,9255,-168,119,39,3
3329,2634,9323,-163,92,43,3
3365,2529,9334,-178,45,44,3
3450,2298,9249,-212,-3,24,3
3435,2175,9104,-268,-44,4,3
3360,2048,8976,-335,-75,-30,3
3340,2102,8939,-369,-77,-61,3
3391,2330,8990,-368,-82,-56,3
3411,2490,9040,-310,-84,-19,3
3438,2583,9021,-213,-78,40,3
3466,2680,8979,-141,-72,115,3
3450,2748,8935,-119,-70,186,3
3495,2642,8942,-168,-74,243,3
3780,2377,9140,-313,-91,254,3
3871,2197,9393,-433,-88,238,3
3932,1830,9632,-424,-59,147,3
4083,1662,9769,-387,-55,31,3
3951,1732,9788,-364,-90,-111,3
3761,2005,9742,-348,-128,-211,3
3621,2346,9660,-302,-149,-244,3
3514,2692,9605,-227,-150,-229,3
3511,2978,9573,-188,-161,-156,3
3403,2998,9544,-152,-193,-69,3
3386,2783,9488,-81,-226,-10,3
3413,2577,9381,-39,-235,12,3
3344,2291,9322,-81,-255,-10,3
3292,1999,9305,-95,-233,-74,3
3292,1999,9305,-95,-233,-74,3
3094,1841,9280,-101,-169,-190,3
2737,1715,9379,-183,-99,-360,3
2151,1947,9733,-311,5,-618,3
900,2850,10374,-394,161,-851,3
-656,4683,12087,-411,356,-1037,3
-10677,17708,32283,3247,-5890,3457,3
-10677,17708,32283,3247,-5890,3457,3
-11546,16360,27037,4302,-8204,7214,3
-7583,-20623,-6277,3857,-2761,15415,3
-7583,-20623,-6277,3857,-2761,15415,3
-7419,-21537,-3502,2889,-1438,11714,3
-8628,-17873,-4097,1894,-1095,7629,3
-10996,-15426,-5116,929,-696,4237,3
-13011,-14759,-4702,-109,-286,2478,3
-14633,-14055,-4276,-570,6,2048,3
-14445,-15529,-3791,-234,639,2037,3
-12544,-17600,-2364,269,1357,2233,3
-9480,-18415,-456,562,1684,2293,3
-6596,-17567,869,659,1707,1823,3
-3725,-16348,1446,592,1525,738,3
-1010,-14437,1625,388,1195,-614,3
2069,-12123,1671,79,854,-1783,3
4994,-10219,2103,-193,680,-2332,3
6360,-8382,3046,-246,722,-2311,3
7391,-6976,4230,-29,908,-2218,3
7507,-5707,5316,170,960,-2122,3
6249,-5272,5772,172,793,-2133,3
4970,-6035,5338,-96,514,-2234,3
3808,-7338,4610,-468,223,-2299,3
2818,-8664,3919,-548,136,-2450,3
2232,-10190,3064,-423,228,-2751,3
2499,-12219,2068,-305,433,-3337,3
3087,-13883,1346,-403,639,-4253,3
4030,-14824,1088,-658,867,-5538,3
4416,-14947,952,-809,1192,-7068,3
4053,-14221,539,-858,1538,-8657,3
3641,-13151,94,-1053,1785,-10099,3
3337,-12551,-623,-1552,1899,-11390,3
3547,-13382,-1444,-2429,2090,-12566,3
1840,-12330,-2515,-3137,2808,-13429,3
-52,-9237,-2083,-4427,3673,-13300,3
-845,-6445,-68,-5952,4727,-12821,3
-1971,-3500,3322,-7730,5503,-12338,3
-2958,-1838,6499,-9264,5742,-11887,3
-3845,377,8728,-9099,5456,-11317,3
-2715,2012,9227,-7475,4582,-9912,3
-15,2916,8607,-5533,3880,-7612,3
2251,3265,7893,-3839,3855,-5211,3
3360,3905,8145,-2250,4112,-3367,3
4063,4506,9504,-985,4214,-2197,3
4033,5012,10600,-39,4103,-1430,3
3351,5889,11529,449,3887,-942,3
2509,6994,12501,588,3628,-523,3
1837,7737,13391,648,3321,-5,3
1407,7419,14036,769,2906,599,3
1088,6180,14235,903,2437,1185,3
1033,5059,13956,928,1982,1678,3
1031,3985,13358,937,1587,1994,3
1136,2578,12797,981,1287,1966,3
1496,1543,12487,1176,1208,1577,3
1914,1957,12482,1214,1182,1064,3
2114,3023,12601,900,928,589,3
2446,3815,12542,532,578,262,3
2797,4358,12177,306,275,216,3
3205,4416,11639,231,48,385,3
3550,4055,11038,286,-101,660,3
3730,3466,10368,385,-203,969,3
3907,2749,9611,412,-299,1176,3
3902,2203,8958,288,-415,1239,3
3998,1920,8498,136,-480,1208,3
4217,2056,8230,7,-461,1137,3
4410,2267,8169,-55,-357,1082,3
4658,2201,8357,21,-175,1016,3
4762,1978,8579,231,30,926,3
4624,1887,8707,389,150,803,3
4436,1847,8784,379,125,690,3
4325,1798,8729,335,29,615,3
4278,1668,8512,324,-53,585,3
4365,1532,8220,366,-71,528,3
4380,1619,7925,363,-64,459,3
4483,1613,7653,220,-78,366,3
4580,1570,7529,-14,-96,255,3
4673,1586,7585,-206,-72,198,3
4741,1698,7659,-229,6,197,3
4802,1672,7716,-152,92,234,3
4832,1513,7707,-82,151,275,3
4850,1324,7670,-44,191,275,3
4799,1227,7689,-38,211,232,3
4787,1225,7763,-18,247,182,3
4799,1309,7905,41,308,137,3
4799,1455,8057,86,359,106,3
4683,1541,8244,80,379,104,3
4588,1543,8611,138,413,133,3
4588,1543,8611,138,413,133,3
4512,1551,8758,178,415,129,3
3715,1873,8949,352,108,67,3
3759,1936,8960,278,93,67,3
3854,1822,9020,245,100,51,3
3866,1756,9079,237,116,-6,3
3844,1886,9126,181,101,-43,3
3876,2020,9113,126,76,-32,3
3964,2102,8971,104,51,4,3
3964,2006,8794,94,34,35,3
4016,1812,8696,74,24,25,3
4025,1897,8688,64,34,32,3
3993,1995,8751,76,55,54,3
4088,1877,8892,80,66,49,3
4072,1848,8992,92,64,12,3
4041,1940,8997,118,62,-27,3
4040,2206,8953,131,56,-30,3
4027,2348,8911,128,50,-6,3
4023,2372,8883,115,43,15,3
4031,2376,8894,103,37,20,3
4057,2375,8929,68,29,25,3
4075,2379,8994,13,9,17,3
4034,2396,9034,-31,-16,18,3
4039,2266,9070,-25,-31,38,3
4125,1958,9094,13,-39,25,3
4082,1828,9039,10,-66,-34,3
3958,2067,8961,3,-96,-78,3
3973,2315,8834,23,-110,-61,3
3997,2347,8645,53,-117,-17,3
3998,2211,8451,78,-110,9,3
3997,2104,8323,73,-91,-1,3
4004,2045,8271,33,-81,-34,3
3997,2118,8277,3,-79,-39,3
4094,2184,8271,24,-58,-8,3
4197,2047,8279,36,-38,-6,3
4203,1929,8260,-12,-41,-43,3
4133,2030,8217,-53,-37,-69,3
4109,2121,8219,-70,-19,-81,3
4186,2266,8336,-64,16,-73,3
4231,2472,8481,-56,43,-46,3
4249,2466,8625,-48,53,-17,3
4172,2276,8713,-40,49,-2,3
4022,2153,8763,-20,41,15,3
3993,2108,8773,20,28,54,3
4138,2029,8676,77,18,81,3
4306,2120,8484,105,20,68,3
4351,2382,8309,72,33,47,3
4298,2347,8326,12,52,7,3
4330,2282,8455,-72,58,0,3
4306,2382,8563,-103,74,37,3
4247,2323,8690,-74,117,69,3
4286,1897,9261,-27,143,114,3
4138,1769,9458,23,133,90,3
4023,1757,9535,65,100,71,3
3903,1716,9495,114,61,30,3
3775,1763,9369,94,-10,-16,3
3720,1843,9123,49,-89,-41,3
3770,1836,8769,25,-126,-50,3
3879,1729,8474,-1,-132,-72,3
3997,1721,8311,-65,-133,-134,3
4071,1980,8259,-111,-109,-161,3
4136,2231,8324,-111,-58,-151,3
4151,2375,8449,-94,-10,-133,3
4158,2351,8581,-63,22,-109,3
4130,2247,8729,-13,56,-97,3
4005,2194,8871,25,79,-105,3
3921,2253,8985,15,72,-110,3
3841,2352,9004,12,59,-94,3
3832,2343,8965,-6,33,-77,3
3858,2224,8886,-68,-8,-79,3
3949,2051,8839,-136,-39,-114,3
3980,2042,8797,-162,-38,-170,3
3997,2126,8721,-169,-29,-205,3
3987,2053,8703,-210,-32,-249,3
3956,1958,8758,-237,-16,-307,3
3917,1909,8868,-201,29,-378,3
3826,1964,8989,-174,74,-466,3
3702,1984,9148,-202,103,-558,3
3560,1728,9349,-278,121,-694,3
3359,1333,9548,-393,141,-953,3
2979,1230,9929,-549,182,-1338,3
2270,1848,10654,-732,238,-1693,3
1532,3402,12160,-767,269,-1841,3
1021,6193,14983,-405,182,-1756,3
-20,10122,19538,388,-296,-1588,3
-2424,13692,24395,1482,-1214,-1270,3
-4862,16083,27711,2290,-2771,28,3
-7325,17664,26066,3172,-4959,2939,3
-8230,16853,22612,4847,-6605,7420,3
-10794,18577,20915,6561,-7343,12165,3
-13289,19221,20499,7203,-8274,16983,3
-13289,19221,20499,7203,-8274,16983,3
-14048,12209,19099,7240,-9479,17453,3
-14041,3782,14306,6991,-9912,17453,3
-13457,-3247,8282,6721,-9048,17453,3
-11565,-7855,2305,5956,-7326,17453,3
-8989,-10650,-3144,4614,-5336,17453,3
-8432,-14638,-7593,3343,-2974,16219,3
-8089,-20176,-8356,2404,-563,13916,3
-7567,-22433,-5451,1575,1139,11309,3
-7233,-22834,-779,703,1627,7981,3
-6458,-19730,256,-211,1059,4671,3
-6721,-16319,361,-819,511,2146,3
-6565,-14468,1019,-1121,156,713,3
-5472,-12518,397,-999,-54,266,3
-4349,-11289,-548,-556,112,199,3
-3438,-11056,-481,-197,502,209,3
-2308,-10885,-8,-90,803,206,3
-1460,-10731,677,-63,1029,80,3
-482,-10621,3436,11,1144,-508,3
2577,-15620,-1312,-1710,2673,-13515,3
-7800,416,8638,-7104,6108,-13166,3
-7800,416,8638,-7104,6108,-13166,3
-8134,2114,9549,-6837,5569,-11874,3
-7131,3453,9469,-6111,5224,-9889,3
-5706,5282,9556,-4863,5435,-7597,3
-3405,8056,11124,-3429,5745,-5684,3
-1133,10283,13867,-2402,5673,-4096,3
457,10483,17354,-1546,5134,-2576,3
1304,9535,19607,-413,4335,-1192,3
808,7680,18774,794,3368,-102,3
75,5794,16907,1414,2457,626,3
-231,4200,15292,1488,1915,1148,3
-3,3129,14442,1454,1741,1426,3
116,2414,14435,1285,1642,1456,3
276,2231,14916,997,1441,1417,3
420,2594,15234,829,1160,1418,3
773,2803,15068,845,808,1481,3
1392,2762,14253,1018,474,1532,3
2048,2649,13063,1119,180,1463,3
2320,2570,11790,1051,-103,1339,3
2445,2448,10559,767,-386,1250,3
2677,1933,9525,356,-643,1136,3
3002,1060,8800,49,-748,811,3
3112,905,8388,-41,-638,398,3
3355,1448,8466,63,77,30,3
3355,1448,8466,63,77,30,3
3249,1592,8721,42,138,-68,3
3228,2096,9026,48,202,-33,3
3261,2430,9310,12,205,74,3
3402,2390,9468,-30,167,184,3
3687,1684,9425,-18,140,132,3
3621,1150,9287,-4,110,-115,3
3417,1347,9155,-94,46,-273,3
3377,1850,8982,-190,-7,-281,3
3247,2100,8842,-196,-22,-248,3
3201,2296,8769,-128,18,-151,3
3221,2554,8718,-32,80,-12,3
3126,2402,8789,86,138,94,3
3037,2189,9041,199,215,137,3
2905,2190,9429,275,285,141,3
2888,2171,9860,343,340,115,3
2771,2233,10264,362,345,85,3
2598,2260,10515,324,291,55,3
2502,2033,10358,71,-49,-96,3
2502,2033,10358,71,-49,-96,3
2558,2258,10030,32,-137,-134,3
2640,2496,9761,80,-174,-123,3
2719,2662,9517,150,-183,-43,3
2857,2625,9292,206,-187,54,3
2978,2516,9117,236,-183,130,3
2968,2521,9003,214,-190,184,3
3025,2382,8904,184,-196,207,3
3122,2157,8753,182,-183,209,3
3225,2013,8682,211,-145,162,3
3245,2083,8718,204,-114,115,3
3290,2201,8769,150,-107,103,3
3361,2163,8821,95,-107,99,3
3314,2039,8881,59,-107,59,3
3283,2056,8943,37,-105,19,3
3282,2308,8978,17,-110,27,3
3282,2308,8978,17,-110,27,3
3325,2424,8967,-7,-128,45,3
3379,2436,8875,-26,-147,61,3
3430,2413,8757,-28,-145,81,3
3500,2219,8642,5,-117,82,3
3468,2089,8593,19,-90,52,3
3365,2195,8601,-1,-85,44,3
3410,2298,8661,-5,-75,45,3
3425,2346,8771,10,-43,52,3
3410,2263,8910,7,-22,48,3
3398,2124,9033,-23,-30,-2,3
3300,2262,9094,-33,-52,-32,3
3316,2436,9041,-8,-72,-10,3
3357,2439,8968,12,-78,35,3
3390,2347,8912,18,-72,75,3
3349,2284,8898,0,-69,92,3
3371,2170,8966,-34,-67,106,3
3474,1981,9074,-20,-46,74,3
3427,2057,9125,12,-34,34,3
3425,2199,9082,17,-52,39,3
3486,2166,8915,13,-76,67,3
3537,1988,8751,43,-69,79,3
3517,1837,8624,62,-51,54,3
3463,1824,8631,38,-42,11,3
3436,2006,8724,11,-33,-20,3
3414,2253,8871,-1,-21,-28,3
3440,2361,9018,-17,-12,-33,3
3474,2296,9092,-41,-29,-52,3
3468,2304,9045,-67,-54,-74,3
3465,2442,8992,-60,-58,-66,3
3474,2528,8930,-35,-56,-33,3
3472,2168,8826,73,25,75,3
3472,2168,8826,73,25,75,3
3462,2036,8959,63,33,10,3
3356,2212,9075,6,1,-45,3
3371,2385,9138,-18,-28,-54,3
3417,2448,9099,-18,-35,-39,3
3464,2383,9004,-49,-52,-36,3
3472,2292,8918,-88,-72,-45,3
3490,2280,8822,-94,-78,-36,3
3474,2318,8729,-70,-68,-2,3
3506,2327,8705,-27,-39,36,3
3597,2077,8719,-1,-18,44,3
3685,1656,8760,-34,-23,-44,3
3502,1872,8992,-200,-44,-397,3
3502,1872,8992,-200,-44,-397,3
3444,1879,8936,-304,-76,-485,3
3365,1946,8903,-421,-99,-578,3
3371,1989,8974,-530,-105,-682,3
3367,1975,9076,-520,-49,-769,3
3427,1751,9186,-377,66,-918,3
3167,1890,9340,-220,174,-1111,3
2907,2165,9541,-101,220,-1232,3
2814,2464,9769,0,217,-1235,3
2676,2964,9902,95,200,-1124,3
2612,3195,9945,158,163,-935,3
2625,3047,10012,146,99,-789,3
2541,2925,9998,99,35,-733,3
2288,2970,10002,-8,-33,-734,3
2027,3222,10138,-102,-87,-747,3
1768,3790,10395,-101,-108,-667,3
1485,4551,10881,-1,-127,-485,3
1467,5560,12046,149,-209,-243,3
1300,7391,14262,374,-427,38,3
140,10541,17614,821,-969,405,3
-2251,13227,19882,1347,-1910,1030,3
-3772,13959,20589,1594,-3289,2471,3
-5106,15323,20471,2149,-4887,4900,3
-8468,19603,19265,2937,-6539,9034,3
-11680,20676,18411,3714,-8174,14961,3
-13221,15164,18101,5276,-9125,17453,3
-13327,8199,16395,6578,-9287,17453,3
-13721,1826,12717,6342,-9241,17453,3
-12501,-4413,8186,5399,-8762,17453,3
-8590,-9536,2733,4363,-7664,17453,3
-5251,-13643,-2774,3788,-5846,17453,3
-4592,-17096,-6623,3688,-3345,15207,3
-5350,-18722,-5788,3464,-1118,11568,3
-6357,-18003,-1719,2536,226,8139,3
-4295,-11262,2545,446,264,1462,3
-3562,-11031,2567,511,282,894,3
-3020,-10636,2936,488,435,439,3
-1674,-10588,4743,23,1033,-666,3
-1332,-10442,5281,-82,1054,-1043,3
-981,-10218,5804,-137,995,-1391,3
-815,-10287,6065,-154,883,-1771,3
-580,-10919,5919,-140,779,-2255,3
-198,-11967,5548,-250,657,-2964,3
347,-12761,5071,-481,550,-3957,3
521,-12105,4600,-657,535,-4915,3
608,-10667,4259,-757,574,-5590,3
4635,-14205,2146,-1795,1709,-12475,3
4635,-14205,2146,-1795,1709,-12475,3
2360,-15031,695,-2476,2060,-14934,3
-1574,-12147,287,-3880,2388,-16091,3
-4647,-272,5923,-5739,5334,-13477,3
-4647,-272,5923,-5739,5334,-13477,3
-5013,992,8151,-5772,5204,-12163,3
-4449,726,8508,-5132,4704,-10681,3
-4046,738,7917,-4167,4359,-9224,3
-4072,2261,7421,-3139,4476,-7510,3
-3402,5031,8302,-2360,4879,-5908,3
-2227,8182,10943,-2078,5173,-4687,3
-826,10704,14779,-1989,5084,-3761,3
265,12147,18259,-1758,4490,-3040,3
295,11899,19686,-1279,3393,-2271,3
-397,9574,18075,-585,2108,-1260,3
-836,7218,15863,62,1196,-102,3
-736,5649,14419,572,880,863,3
-323,4155,13587,953,868,1381,3
35,3581,13389,1032,872,1604,3
322,3705,13692,845,787,1666,3
676,3666,14040,767,626,1570,3
988,3586,13935,959,445,1487,3
1446,3415,13236,1273,277,1461,3
1962,3014,12243,1426,106,1266,3
2154,2795,11266,1200,-145,1008,3
2321,2705,10351,804,-419,831,3
2564,2680,9589,425,-634,755,3
2751,2742,8875,181,-745,773,3
2868,2737,8247,6,-792,810,3
3064,2570,7788,-252,-827,838,3
3367,2238,7591,-472,-808,800,3
3634,1928,7533,-466,-651,714,3
3681,1850,7620,-216,-367,618,3
3573,2031,7832,82,-83,534,3
3518,2162,8063,198,84,494,3
3542,1891,8359,113,115,405,3
3578,2002,9085,108,145,27,3
3578,2002,9085,108,145,27,3
3627,1975,9099,-10,78,-19,3
3651,1981,9118,-52,46,-62,3
3608,2223,9097,-10,61,-60,3
3561,2482,9113,17,63,-25,3
3506,2607,9088,28,43,31,3
3508,2666,8995,60,28,110,3
3514,2419,8874,65,14,127,3
3481,2031,8851,38,1,14,3
3373,2128,8925,47,29,-75,3
3190,2528,9033,98,64,-93,3
3208,2698,9156,131,66,-86,3
3250,2771,9231,70,34,-64,3
3195,2842,9223,-4,-6,-23,3
3311,2608,9191,-27,-27,-26,3
3307,2328,9174,-17,-31,-108,3
3289,2365,9166,40,-21,-131,3
3353,2672,9085,116,-17,-61,3
3413,2801,8941,151,-21,26,3
3454,2626,8803,148,-22,121,3
3549,2089,8760,102,-22,134,3
3519,1632,8828,34,-45,4,3
3446,1835,8855,15,-57,-102,3
3397,2440,8893,33,-38,-112,3
3421,2741,9014,41,-22,-70,3
3459,2844,9095,47,-33,4,3
3495,2843,9134,66,-53,99,3
3529,2729,9035,92,-77,208,3
3642,2349,8854,140,-78,246,3
3682,1969,8655,152,-72,146,3
3531,2093,8497,98,-78,12,3
3463,2432,8485,39,-68,-33,3
3555,2558,8599,18,-28,-2,3
3652,2235,8734,16,3,-33,3
3599,2128,8855,-19,-12,-117,3
3514,2463,8886,-61,-36,-140,3
3468,2730,8930,-52,-33,-116,3
3452,2875,8961,-3,-11,-30,3
3487,2892,9004,41,-2,72,3
3532,2715,8988,62,-3,153,3
3571,2378,8940,74,-3,166,3
3538,2329,8845,5,-20,-48,3
3587,2278,8851,-4,-27,-64,3
3598,2300,8850,-42,-38,-96,3
3559,2436,8874,-81,-54,-116,3
3533,2614,8822,-81,-68,-90,3
3559,2753,8701,-52,-69,-30,3
3598,2729,8590,-29,-58,36,3
3657,2458,8576,-19,-38,77,3
3504,2673,8994,58,25,-63,3
3506,2761,9083,51,4,-36,3
3547,2643,9067,53,-12,-14,3
3561,2597,8960,6,-44,-17,3
3513,2648,8830,-44,-70,-21,3
3547,2682,8728,-30,-58,0,3
3586,2619,8707,19,-28,10,3
3586,2619,8707,19,-28,10,3
3578,2649,8721,23,-16,22,3
3548,2658,8739,7,-14,42,3
3554,2541,8819,13,-9,45,3
3567,2496,8891,22,-15,68,3
3572,2537,8892,36,-26,95,3
3574,2569,8825,54,-28,112,3
3645,2332,8757,64,-18,90,3
3544,2183,8719,61,-9,-13,3
3463,2491,8772,14,-19,-61,3
3511,2818,8832,-6,-19,-44,3
3580,2870,8842,12,-9,0,3
3599,2795,8832,21,-9,63,3
3630,2661,8819,28,-7,116,3
3672,2463,8772,60,5,149,3
3663,2219,8705,122,31,131,3
3599,2147,8681,130,38,73,3
3585,2249,8700,73,23,17,3
3618,2340,8782,17,8,-21,3
3589,2407,8794,-2,11,-53,3
3530,2509,8795,-26,10,-73,3
3543,2581,8821,-55,-3,-70,3
3563,2649,8804,-53,-17,-44,3
3574,2716,8761,-18,-12,5,3
3621,2704,8796,13,-6,57,3
3675,2547,8773,24,-18,91,3
3526,2725,8711,-76,48,-187,3
3526,2725,8711,-76,48,-187,3
3526,2555,8748,-69,68,-194,3
3468,2432,8796,-62,100,-246,3
3414,2262,8873,-84,123,-351,3
3373,2215,9008,-138,139,-505,3
3274,2373,9132,-135,185,-638,3
3207,2493,9191,-36,275,-751,3
3050,2822,9273,3,326,-826,3
2887,3166,9433,-32,314,-832,3
2790,3281,9630,-51,281,-785,3
2674,3238,9875,3,251,-728,3
2527,3272,10017,162,249,-677,3
2230,3718,10197,324,246,-618,3
1974,4612,10830,470,209,-524,3
1741,6020,12522,674,21,-353,3
1424,8581,15949,1048,-451,-95,3
-474,12463,19433,1548,-1256,244,3
-3393,15160,21683,1589,-2754,1252,3
-5484,16065,21406,1409,-4880,3668,3
-7907,18784,19187,2053,-6718,7634,3
-10671,22713,17644,3335,-7914,13502,3
-10883,18237,17572,4770,-8756,17453,3
-6390,-3844,8616,5918,-8337,17453,3
-3021,-6387,4976,5323,-7326,17453,3
-1562,-7834,-62,4510,-5788,16017,3
-3061,-9613,-3330,3531,-3656,13340,3
-5136,-12710,-4485,2490,-1508,11058,3
-5740,-15027,-2954,1634,-18,9401,3
-5616,-15860,81,932,719,7922,3
-4514,-11458,3356,515,236,2122,3
-4031,-10773,2897,647,121,1702,3
-3208,-10895,2643,835,166,1404,3
-2304,-10626,2291,877,323,1095,3
-1795,-10594,2573,791,621,676,3
-1369,-10617,3476,578,903,225,3
-1124,-10333,4309,345,1083,-178,3
-946,-10132,5050,149,1151,-524,3
-720,-9929,5566,41,1114,-803,3
-393,-9664,5816,7,1031,-1042,3
-112,-9536,5960,-4,914,-1268,3
166,-9604,5879,71,801,-1493,3
438,-9757,5608,200,724,-1725,3
744,-9908,5089,312,700,-1991,3
1091,-10146,4602,310,722,-2400,3
1428,-10490,4336,134,739,-3049,3
2936,-13789,3526,-1439,1493,-9530,3
-3300,-6771,2129,-3709,3840,-14592,3
-3477,-4258,3908,-4552,4514,-13763,3
-4758,-1424,6113,-5059,5078,-13058,3
-5631,715,7993,-5248,5267,-12092,3
-5844,2087,8989,-4988,5083,-10870,3
-5372,3451,9287,-4317,4824,-9260,3
-4181,4963,9446,-3012,4901,-7324,3
-2425,6884,10543,-1847,5088,-5484,3
1940,8845,17435,-338,3558,-1944,3
906,4236,12438,1145,859,348,3
906,4236,12438,1145,859,348,3
1090,4094,12397,1087,869,551,3
1224,3975,12421,898,771,563,3
1361,3550,12379,738,626,469,3
1589,2916,12167,689,483,324,3
1775,2715,11809,691,335,165,3
1765,3083,11403,650,158,47,3
1770,3554,10949,560,-35,45,3
1932,3790,10409,486,-182,129,3
2172,3793,9931,414,-258,241,3
2353,3888,9575,345,-272,348,3
2570,3915,9265,317,-250,428,3
3071,2423,8796,181,-121,450,3
3071,2423,8796,181,-121,450,3
3015,2340,9138,123,25,-74,3
3015,2340,9138,123,25,-74,3
3091,2654,9214,126,17,-12,3
3250,2596,9107,121,-8,55,3
3411,2029,8946,0,-69,-6,3
3366,1552,9016,-116,-112,-227,3
3215,1978,9120,-43,-75,-343,3
3124,3093,8485,36,-133,267,3
3124,3093,8485,36,-133,267,3
3166,2967,8389,-16,-113,363,3
3229,2777,8452,-29,-74,419,3
3215,2552,8527,44,-13,411,3
3176,2426,8656,164,61,340,3
3138,2529,8839,216,108,269,3
3068,2655,9081,209,118,218,3
3029,2788,9289,199,92,179,3
3083,2849,9335,192,61,174,3
3126,2856,9324,142,29,205,3
3240,2625,9281,60,-8,197,3
3301,2351,9185,-46,-60,125,3
3371,2182,8871,-161,-110,-75,3
3420,2264,8857,-100,-96,-91,3
3405,2433,8815,-2,-60,-76,3
3366,2515,8798,72,-29,-49,3
3341,2551,8842,114,-9,-29,3
3311,2644,8833,129,2,-3,3
3263,2683,8808,116,2,21,3
3231,2631,8808,67,-17,22,3
3215,2612,8840,15,-30,23,3
3252,2649,8891,0,-20,34,3
3277,2535,8916,4,-16,26,3
3316,2440,8919,14,-21,0,3
3329,2484,8919,31,-26,-27,3
3322,2636,8895,48,-29,-38,3
3356,2728,8875,51,-35,-30,3
3372,2820,8837,45,-36,0,3
3366,2813,8746,38,-31,32,3
3375,2626,8688,26,-27,27,3
3392,2494,8733,25,-15,-2,3
3340,2559,8807,58,15,-24,3
3293,2683,8881,77,31,-38,3
3227,2869,8990,58,15,-28,3
3295,2863,8967,54,1,-5,3
3331,2699,8889,47,-4,-31,3
3306,2686,8873,-36,-33,-70,3
3301,2824,8852,-85,-47,-64,3
3305,2891,8790,-62,-35,-31,3
3338,2669,8754,-18,-19,-22,3
3348,2820,8965,67,1,15,3
3243,2940,8881,70,-2,48,3
3261,2721,8845,42,-1,53,3
3300,2399,8936,-12,-6,-4,3
3282,2529,9055,-59,-31,-41,3
3314,2808,9024,-47,-48,-29,3
3361,2871,8887,-28,-55,11,3
3398,2602,8688,-20,-46,42,3
3360,2178,8584,-12,-19,-23,3
3372,2225,8709,-49,-5,-107,3
3357,2693,8855,-80,-10,-132,3
3289,2940,8860,-51,-8,-114,3
3292,2962,8868,5,7,-58,3
3296,2904,8885,45,26,16,3
3323,2699,8910,71,29,43,3
3271,2686,8898,77,19,25,3
3247,2839,8882,64,5,27,3
3283,2844,8901,31,-3,37,3
3329,2414,8864,-79,-23,-63,3
3302,2539,8846,-66,-21,-76,3
3314,2646,8830,-43,-23,-66,3
3324,2670,8786,-29,-18,-56,3
3331,2657,8764,-19,-5,-47,3
3300,2608,8763,0,9,-59,3
3256,2705,8766,28,29,-66,3
3256,2705,8766,28,29,-66,3
3276,2616,8960,-26,14,21,3
3276,2616,8960,-26,14,21,3
3304,2537,8973,-35,7,4,3
3338,2458,8911,-52,-4,-30,3
3328,2472,8850,-71,-12,-59,3
3314,2548,8837,-66,-6,-64,3
3336,2503,8802,-63,3,-67,3
3304,2388,8748,-69,12,-123,3
3268,2463,8766,-89,29,-188,3
3197,2692,8856,-89,62,-229,3
3092,2998,9085,-29,137,-223,3
3092,2998,9085,-29,137,-223,3
2925,3011,9215,-39,127,-216,3
2936,2892,9312,-33,115,-228,3
2967,2853,9374,-55,103,-265,3
2990,2639,9431,-51,111,-361,3
2988,2199,9450,-44,133,-563,3
2928,1972,9474,-57,175,-871,3
2680,2151,9593,-42,243,-1211,3
2223,3067,9987,28,310,-1456,3
2054,5050,11396,117,253,-1484,3
1762,8356,14577,359,-106,-1368,3
-648,12860,18087,834,-865,-1073,3
-4252,16368,20916,1156,-2138,262,3
-8036,21700,21548,2187,-3597,4221,3
-10588,25105,20295,3894,-4781,10277,3
-12737,26117,20848,5409,-5976,16816,3
-12568,21304,20174,5485,-7729,17453,3
-11955,11314,15271,4605,-9106,17453,3
-9956,1590,11797,4826,-8808,17453,3
-5158,-3879,10363,5288,-7652,17453,3
-3294,-6853,4963,4571,-6233,17453,3
-3804,-9613,-715,3225,-4020,14983,3
-4565,-12392,-4371,1999,-1465,12431,3
-5328,-15362,-5183,1024,436,10349,3
-5905,-17896,-1686,283,1446,8294,3
-5470,-17506,2214,-229,1548,6029,3
-5589,-14500,3541,-463,1194,3849,3
-5649,-12706,4529,-597,718,2232,3
-4938,-11418,4500,-634,166,1466,3
-4004,-10504,3396,-386,-140,1178,3
-3075,-10375,2662,-3,-108,1055,3
-2019,-10357,2310,251,74,922,3
-1125,-10024,2232,292,311,686,3
-505,-9622,2727,146,574,372,3
-112,-9293,3459,-44,812,93,3
313,-9079,4187,-152,1008,-112,3
761,-8697,5110,-169,1103,-257,3
1175,-8330,5816,-172,1034,-372,3
1713,-8066,6281,-150,852,-441,3
2170,-7933,6532,-70,645,-495,3
2589,-7838,6506,48,454,-520,3
3071,-7806,6395,144,316,-525,3
3466,-7694,6210,168,227,-531,3
3854,-7692,6000,138,204,-559,3
4207,-7524,6019,76,231,-594,3
4459,-7112,6173,-21,236,-651,3
4263,-6349,6204,-54,-38,-755,3
3993,-6445,5989,30,-94,-725,3
3650,-6650,5695,99,-106,-692,3
3245,-7112,5300,167,-72,-685,3
2880,-7902,4854,213,1,-781,3
2797,-9437,4351,147,82,-1189,3
3056,-11597,3804,-68,144,-2224,3
3222,-12941,3410,-347,234,-3797,3
3069,-13435,3057,-1191,770,-8767,3
3454,-14219,2592,-1432,1010,-10548,3
3232,-15410,1491,-1729,1314,-12702,3
1088,-15652,37,-1916,1908,-14674,3
-1241,-14451,-878,-2654,2511,-15545,3
-2624,-11138,-864,-3620,3448,-15274,3
-3495,-7121,651,-4357,4674,-14562,3
-4503,-3220,3915,-5159,5515,-13605,3
-5383,-1216,7360,-6284,5669,-12449,3
-6068,296,9566,-6956,5287,-11467,3
-5917,1382,10263,-6914,4644,-10521,3
-4878,2852,10014,-5909,4335,-9227,3
-3720,5239,9844,-4223,4550,-7712,3
-2644,7660,10829,-2903,4761,-5935,3
-1444,8724,13306,-2100,4650,-4110,3
-35,9137,16850,-1095,4295,-2544,3
215,9914,18781,210,3700,-1373,3
-800,9996,18104,1106,2762,-560,3
-1501,8831,16386,1361,1832,260,3
-1425,7176,14897,1353,1304,1169,3
-1070,5151,14087,1409,1123,1770,3
-605,3559,13822,1359,993,2071,3
256,2340,13747,1360,906,2062,3
747,1716,13537,1507,858,1726,3
955,1835,13047,1528,695,1263,3
1106,2583,12343,1232,365,897,3
1428,3168,11487,806,-7,698,3
1747,3262,10574,518,-291,581,3
1875,3419,9735,304,-479,562,3
1948,3624,9069,164,-569,688,3
2066,3788,8607,75,-575,923,3
2381,3708,8318,0,-530,1206,3
2381,3708,8318,0,-530,1206,3
2870,3152,8189,-39,-456,1348,3
3337,2572,8281,-47,-359,1294,3
3617,2324,8534,23,-198,1154,3
3656,2370,8830,152,-34,963,3
3562,2567,9065,249,68,778,3
3450,2625,9191,270,96,625,3
3355,2571,9269,254,96,487,3
3243,2669,9276,206,68,412,3
3159,2749,9267,107,-7,421,3
3185,2734,9129,33,-80,469,3
3190,2717,8929,31,-128,537,3
3262,2680,8746,30,-171,619,3
3393,2563,8582,-4,-219,696,3
3532,2272,8420,-30,-242,718,3
3567,2057,8323,-4,-209,646,3
3574,1950,8323,79,-121,535,3
3737,1840,8502,161,-19,386,3
3628,2009,8746,228,61,219,3
3463,2409,9007,297,128,142,3
3338,2776,9190,327,151,182,3
3335,2739,9304,323,140,261,3
3387,2490,9358,356,134,291,3
3342,2551,9298,415,161,291,3
3280,2733,9271,406,174,291,3
3350,2735,9295,331,151,264,3
3307,2704,9308,274,129,220,3
3244,2735,9264,282,148,225,3
3265,2741,9245,310,194,251,3
3153,2740,9251,300,213,273,3
3064,2614,9205,254,199,282,3
2967,2478,9162,182,177,300,3
2868,2311,9184,132,173,308,3
2778,2308,9217,114,182,328,3
2694,2320,9269,108,176,370,3
2713,2080,9322,140,179,361,3
2689,2012,9347,175,191,292,3
2693,2236,9402,174,196,236,3
2697,2529,9435,154,188,223,3
2698,2596,9438,136,161,248,3
2700,2492,9410,134,133,292,3
2715,2396,9377,158,125,329,3
2675,2347,9292,169,111,355,3
2728,2170,9146,149,84,384,3
2855,1764,9032,120,61,341,3
2916,1552,8978,71,33,250,3
3003,1798,8989,18,9,188,3
3022,2123,9037,11,3,174,3
3038,2273,9063,55,-1,183,3
3112,2308,8949,112,-10,218,3
3091,2371,8776,145,-19,266,3
3050,2373,8663,160,-8,319,3
3191,2160,8636,159,14,326,3
3178,2128,8685,136,28,261,3
3073,2382,8790,125,40,223,3
3037,2646,8891,139,54,236,3
3112,2648,8895,168,60,265,3
3187,2591,8832,190,66,268,3
3174,2698,8776,196,69,253,3
3193,2844,8755,180,66,272,3
3197,2882,8736,170,66,324,3
3177,2773,8704,171,78,377,3
3252,2377,8739,178,88,379,3
3253,2112,8827,185,100,286,3
3203,2258,8989,168,99,186,3
3198,2677,9103,163,80,151,3
3190,2935,9089,184,63,158,3
3185,3035,9014,199,54,184,3
3170,3096,8909,194,40,215,3
3116,3086,8830,183,33,251,3
3082,3122,8779,185,37,299,3
3079,3086,8783,206,48,342,3
3131,3001,8827,225,54,382,3
3239,2889,8875,255,59,404,3
3310,2685,8820,302,73,373,3
3263,2727,8730,317,77,336,3
3235,2888,8661,272,66,336,3
3253,2901,8591,219,71,331,3
3241,2898,8644,168,89,323,3
3216,2992,8730,121,100,332,3
3189,2971,8800,105,105,340,3
3132,2869,8828,117,108,365,3
3136,2743,8803,148,114,401,3
3150,2571,8800,184,127,394,3
3143,2498,8773,195,134,373,3
3106,2408,8700,172,129,340,3
3015,2286,8643,133,127,289,3
2919,2253,8687,81,133,231,3
2859,2394,8796,53,148,192,3
2819,2571,8885,53,159,183,3
2783,2687,8927,64,159,208,3
2725,2672,8962,88,156,242,3
2713,2513,8924,135,153,277,3
2670,2321,8903,177,161,284,3
2645,2238,8924,192,174,268,3
2706,2097,8961,164,183,206,3
2654,2030,9034,84,173,101,3
2587,2099,9154,22,184,-5,3
2542,2363,9232,9,212,-60,3
2602,2473,9286,-9,221,-69,3
2685,2399,9334,-53,216,-117,3
2619,2314,9496,-77,221,-199,3
2632,2270,9654,-4,276,-275,3
2649,2126,9773,95,341,-396,3
2564,1988,9938,96,355,-615,3
2564,1988,9938,96,355,-615,3
2442,1927,10045,13,322,-860,3
2428,1467,10091,-107,287,-1236,3
2165,1231,10370,-310,224,-1770,3
1551,2078,10804,-507,174,-2161,3
927,3361,11354,-582,158,-2251,3
305,4640,12179,-438,166,-2065,3
-292,6416,13971,-156,104,-1736,3
-1555,9300,17441,158,-229,-1556,3
-4381,11852,21828,834,-892,-1507,3
-7622,14128,26089,1662,-1885,-908,3
-14825,25688,27090,3570,-7988,9569,3
-14825,25688,27090,3570,-7988,9569,3
-18089,28259,28326,3974,-10205,14873,3
-19133,25143,27421,4913,-12251,17453,3
-18967,14959,21629,6003,-13656,17453,3
-17180,5549,14346,7081,-13435,17453,3
-15031,776,8285,7185,-12201,17453,3
-14002,-3952,1466,6009,-10433,17453,3
-14213,-8848,-6103,4607,-7683,17453,3
-15099,-14251,-12607,3551,-4294,16863,3
-17211,-21577,-12957,3068,-912,14567,3
-15943,-24271,-7728,2100,1293,11650,3
-16872,-21637,-4346,716,1968,8128,3
-17418,-20362,-1913,-455,1750,4720,3
-16855,-18447,-271,-1157,1197,2493,3
-15180,-15745,-53,-1091,721,1341,3
-13022,-13461,-154,-461,588,826,3
-10496,-12311,355,130,652,643,3
-7660,-11776,805,484,745,551,3
-4812,-11266,1246,580,871,370,3
-2504,-10492,1901,505,989,74,3
-885,-9817,2469,408,1054,-290,3
312,-9374,3043,291,1049,-589,3
1395,-9113,3709,186,980,-769,3
2375,-8886,4284,127,842,-887,3
3059,-8844,4496,131,659,-1038,3
3282,-8962,4258,214,477,-1260,3
3143,-8871,3778,369,352,-1514,3
2693,-8536,3243,463,255,-1695,3
2185,-8426,2624,437,169,-1772,3
1783,-8778,1999,388,153,-1812,3
1235,-8922,1685,382,205,-1833,3
779,-9137,1556,335,242,-1910,3
256,-9420,1330,236,207,-2067,3
-185,-10291,804,110,137,-2367,3
-362,-11901,75,-57,93,-3016,3
-602,-13419,-523,-259,110,-4048,3
-515,-15257,-1130,-486,250,-5518,3
-102,-17192,-2194,-804,486,-7460,3
-2330,-18996,-7251,-1295,2668,-13920,3
-2330,-18996,-7251,-1295,2668,-13920,3
-3937,-18419,-7327,-1569,4141,-15648,3
-6063,-16812,-6647,-2395,5321,-16859,3
-9263,-12738,-4805,-4073,6198,-17122,3
-12920,-6441,-567,-5588,7338,-16622,3
-15311,-1198,5522,-6515,8054,-15847,3
-16749,2445,10167,-6921,7926,-14780,3
-16622,5365,12127,-6642,7736,-13135,3
-15362,8533,13618,-5704,7922,-11039,3
-11478,13634,18664,-4473,8174,-8903,3
-5237,20250,28902,-3738,7693,-7055,3
-2472,21403,-30058,-2535,5928,-5623,3
-5854,15541,31959,91,3063,-3519,3
-6507,11289,23285,2067,545,-249,3
-4257,8444,16648,3082,-344,2576,3
-2115,6774,13747,3440,-115,3944,3
-263,6693,13148,2862,18,3970,3
799,6404,13107,1781,-241,3247,3
1602,5955,12888,810,-515,2453,3
2716,5676,12603,284,-596,1823,3
3829,4990,12244,264,-548,1348,3
4460,4130,11461,503,-481,946,3
4478,4082,10422,537,-547,720,3
4626,4144,9529,340,-733,738,3
4928,3788,8754,286,-855,896,3
5067,3199,8045,501,-796,1049,3
5129,2674,7468,820,-560,1115,3
5114,2375,7174,995,-298,1102,3
4966,2360,7097,918,-139,1016,3
4823,2299,7194,679,-80,902,3
4832,2219,7380,472,-55,784,3
4822,2379,7473,471,-3,670,3
4820,2785,7459,556,27,598,3
4813,3208,7370,606,12,574,3
4723,3524,7245,645,-17,600,3
4650,3599,7059,689,-32,663,3
4592,3701,6805,718,-13,746,3
4658,3572,6693,715,23,764,3
4713,3569,6689,733,85,711,3
4661,3846,6663,764,153,645,3
4665,4064,6605,712,191,591,3
4719,4148,6681,555,191,529,3
4746,4284,6762,404,194,458,3
4729,4538,6794,349,223,453,3
4745,4668,6854,361,262,503,3
4817,4648,6954,381,287,581,3
4703,4552,6966,412,296,695,3
4693,4212,6976,522,324,782,3
4646,3956,6945,728,423,793,3
4435,4048,7010,871,532,787,3
4383,4133,7218,859,581,757,3
4308,4166,7571,455,518,608,3
4308,4166,7571,455,518,608,3
4254,4090,7575,402,482,649,3
4235,3896,7466,373,444,703,3
4394,3583,7217,395,438,679,3
4403,3439,7058,415,449,597,3
4348,3566,6958,419,485,531,3
4224,3826,7061,395,532,498,3
4187,4003,7285,376,583,493,3
4193,4061,7524,345,614,502,3
4158,4150,7697,311,618,531,3
4106,4133,7789,288,621,557,3
4079,4114,7920,254,627,581,3
4059,4100,8036,223,638,626,3
4104,3824,8074,177,633,619,3
4031,3542,8122,118,604,545,3
4014,3475,8112,104,602,469,3
3975,3586,8130,94,600,372,3
3900,4375,8104,-4,540,355,3
3900,4375,8104,-4,540,355,3
3821,4591,8121,-34,545,392,3
3871,4677,8192,-27,560,436,3
3909,4656,8166,-25,534,480,3
3815,4622,7330,60,472,584,3
3815,4622,7330,60,472,584,3
3763,4698,6926,123,498,640,3
3790,4722,6629,158,550,688,3
3711,4775,6431,152,611,705,3
3653,4946,6405,155,712,709,3
3531,5251,6605,159,814,731,3
3407,5373,7037,182,893,770,3
3322,5352,7620,208,939,835,3
3264,5282,8144,236,927,906,3
3168,5043,8218,355,885,1039,3
3168,5043,8218,355,885,1039,3
3225,4801,8395,362,885,1078,3
3324,4728,8620,333,881,1126,3
3414,4632,8770,308,882,1183,3
3329,4417,8950,280,857,1258,3
3316,4043,8994,243,780,1348,3
3446,3512,8788,144,684,1390,3
3559,2954,8548,11,619,1317,3
3597,2597,8530,-66,631,1141,3
3595,2582,8694,-99,723,946,3
3487,2780,9006,-103,824,800,3
3191,3033,9290,-105,889,711,3
3055,3173,9767,-72,937,671,3
2851,3171,10272,18,933,694,3
2549,3132,10447,121,903,703,3
2376,3025,10433,179,871,706,3
2432,2689,10522,199,835,699,3
2407,2286,10703,157,815,656,3
2341,1996,10939,80,813,614,3
2227,1753,11073,27,810,586,3
2170,1534,11124,7,806,555,3
2203,1462,11117,-2,805,502,3
2347,1507,11095,36,819,391,3
2403,1804,11002,111,827,250,3
2414,2202,10752,192,813,126,3
2499,2567,10407,258,804,54,3
2555,2630,10012,273,805,-27,3
1806,4237,10187,254,1178,-393,3
1806,4237,10187,254,1178,-393,3
1585,4685,10777,255,1258,-453,3
1361,5039,11195,372,1325,-509,3
1057,5509,11522,534,1335,-502,3
914,5934,11840,688,1241,-431,3
690,6152,11881,851,1092,-307,3
694,6222,11684,977,969,-185,3
858,6099,11299,1030,844,-134,3
706,5970,10698,1020,756,-201,3
609,6161,10307,931,755,-321,3
524,6636,10386,777,785,-390,3
389,7115,10749,663,819,-423,3
432,7453,11054,568,816,-420,3
405,7694,11099,415,733,-363,3
466,7743,10975,258,623,-229,3
577,7558,10705,155,507,-20,3
573,7096,10198,85,411,218,3
650,6331,9583,18,367,402,3
560,5435,9095,-91,359,468,3
373,4637,8964,-224,400,343,3
143,4854,9244,-290,503,191,3
65,5524,9645,-351,568,98,3
92,5858,9793,-420,537,103,3
302,5883,9771,-478,446,214,3
508,5715,9595,-485,328,351,3
644,5184,9123,-411,230,514,3
969,4169,8542,-351,167,653,3
1166,2964,7861,-320,132,653,3
1089,1834,7221,-363,162,471,3
1064,1204,7144,-513,291,69,3
672,1726,7569,-612,495,-397,3
550,2431,8262,-665,678,-768,3
399,3579,9362,-546,960,-1232,3
414,3156,9422,-480,1108,-1302,3
246,3666,10573,-414,1330,-1540,3
-363,5825,13994,-203,1444,-1837,3
-363,5825,13994,-203,1444,-1837,3
-1909,9184,18745,448,1148,-2049,3
-4298,13536,22890,1428,490,-2036,3
-8177,17734,26988,2541,-474,-1687,3
-12851,21435,31597,3660,-1640,-516,3
-18202,27352,-31499,4443,-3325,2427,3
-22385,-31025,-32145,4886,-5594,7964,3
-26574,-30118,31228,5203,-8041,14746,3
-31455,30720,27799,5541,-10339,17453,3
-32680,17607,21912,5800,-12118,17453,3
-29462,7428,13932,6445,-11802,17453,3
-27392,-407,8092,6796,-10044,17453,3
-25782,-7545,495,5943,-7962,17453,3
-22534,-14238,-9018,4530,-5505,17453,3
-20199,-22928,-13075,3819,-2449,17453,3
-17073,-27159,-10575,3125,354,15846,3
-16996,-23206,-8421,1814,1860,10332,3
-17982,-18309,-6135,-44,2097,4874,3
-16345,-15759,-4163,-1734,1510,1409,3
-13180,-12859,-3162,-2157,923,226,3
-8679,-10568,-2068,-1443,716,252,3
-3283,-9130,-1280,-409,657,463,3
1406,-7792,-1321,306,540,339,3
4678,-6411,-1243,541,439,-108,3
6929,-4868,-348,528,463,-518,3
8054,-3314,1041,394,556,-760,3
8218,-2475,2306,175,623,-812,3
7756,-2557,3312,-58,604,-652,3
6742,-3162,4023,-143,498,-364,3
5498,-4217,4157,-25,349,-78,3
4274,-5500,3897,216,182,150,3
-192,-13599,-848,688,526,-2570,3
-192,-13599,-848,688,526,-2570,3
111,-15124,-884,404,580,-4404,3
140,-15724,-961,243,726,-6429,3
-181,-15665,-1113,321,996,-8346,3
-924,-15382,-1598,660,1375,-10182,3
-1899,-15828,-2739,958,1729,-11864,3
-3089,-16783,-4057,1167,2146,-13507,3
-3834,-18116,-4890,275,2378,-15183,3
-7780,-16664,-5438,-1065,2966,-16793,3
-19208,-3583,-797,-2378,5543,-17349,3
-19208,-3583,-797,-2378,5543,-17349,3
-23302,2885,3204,-2174,6404,-16692,3
-25510,8769,5687,-1565,6982,-15435,3
-24585,16151,7638,-1459,7542,-13511,3
-18739,28801,14728,-2279,7717,-11619,3
-10971,-29324,26314,-3218,6875,-10375,3
-9964,32183,29979,-3103,4932,-7951,3
-12611,26557,23826,-1843,2363,-3486,3
-11686,18743,18649,-205,978,677,3
-10042,10988,15262,1356,958,3566,3
-8285,6513,12608,1562,1044,4707,3
-5812,5716,11988,274,739,3818,3
-3854,6481,12850,-1205,449,2312,3
-2646,7532,14352,-1870,420,1208,3
-1860,8110,15191,-1777,361,721,3
-1421,7795,14523,-1378,128,820,3
-1019,6821,13166,-961,-109,1302,3
-636,5158,12045,-573,-223,1841,3
-332,3802,11309,-218,-234,2271,3
-10,2906,10746,65,-239,2489,3
16,2266,10231,254,-266,2540,3
367,1201,9798,408,-234,2413,3
992,226,9447,563,-133,1890,3
1072,593,9047,492,-136,1162,3
762,1813,8492,210,-241,659,3
629,2976,8248,-43,-324,498,3
742,3732,8379,-102,-382,572,3
824,3884,8269,5,-407,749,3
798,3787,7744,167,-384,937,3
820,3853,7338,324,-281,1119,3
889,4090,7367,487,-111,1311,3
875,4132,7613,658,39,1437,3
992,2728,8182,732,259,911,3
778,3318,8237,612,268,551,3
521,4237,8320,430,240,306,3
545,4838,8393,283,201,255,3
611,5069,8455,250,177,363,3
810,5093,8595,337,197,513,3
878,5031,8672,456,219,640,3
796,4795,8577,512,219,714,3
778,4434,8436,474,215,680,3
707,4198,8403,414,230,562,3
624,4073,8500,369,275,381,3
561,4151,8627,307,298,137,3
503,4593,8613,183,277,-9,3
592,5023,8570,80,272,-26,3
568,5457,8707,88,283,10,3
632,5578,8863,149,234,84,3
702,5420,8935,233,152,218,3
641,5144,8842,308,78,349,3
624,4732,8632,336,18,431,3
645,4387,8516,345,-7,461,3
693,4122,8409,371,13,415,3
715,4125,8402,376,42,312,3
799,4297,8455,340,25,208,3
949,4540,8441,300,-26,122,3
949,4540,8441,300,-26,122,3
1142,4891,8322,256,-80,87,3
1267,5150,8272,228,-120,106,3
1359,5251,8197,236,-144,167,3
1429,5169,8121,250,-160,247,3
1413,4921,8055,251,-160,297,3
1443,4655,7983,261,-123,250,3
1391,4642,8039,249,-84,156,3
1407,4874,8080,221,-52,95,3
1472,5097,8095,217,-19,36,3
1521,5371,8181,241,1,-11,3
1585,5880,8203,298,-2,49,3
1585,5880,8203,298,-2,49,3
1650,6013,8266,342,6,123,3
1652,6081,8312,382,24,193,3
1636,5942,8326,385,26,268,3
1737,5597,8369,347,27,306,3
1792,5270,8409,279,34,273,3
1793,5050,8406,149,11,209,3
1965,5211,8334,-40,-69,81,3
1965,5211,8334,-40,-69,81,3
1843,5372,8354,2,-98,86,3
1822,5541,8423,59,-110,127,3
1890,5548,8449,103,-104,180,3
1916,5245,8371,107,-101,172,3
1903,4889,8260,36,-111,108,3
1847,4790,8170,-106,-143,26,3
1766,4861,8084,-210,-143,-52,3
1705,5005,8006,-235,-112,-124,3
1725,5253,7927,-228,-78,-153,3
1759,5475,7869,-205,-46,-129,3
1798,5676,7938,-159,-10,-76,3
1817,5892,8097,-88,14,-8,3
1819,6089,8277,-13,18,87,3
1762,5858,8268,26,0,184,3
1781,4954,8127,-42,-34,161,3
1599,4194,8036,-174,-54,-13,3
1356,4263,8037,-216,-1,-232,3
1061,4703,8049,-266,35,-412,3
866,5134,8069,-342,35,-466,3
967,5394,8055,-352,43,-404,3
1140,5363,7953,-320,27,-332,3
1345,5136,7679,-240,34,-281,3
1472,4848,7387,-155,77,-242,3
1515,4522,7133,-105,143,-240,3
1478,4295,6931,-92,224,-278,3
1557,4090,6822,-139,317,-368,3
1277,4320,6834,-347,603,-753,3
1128,4634,7015,-336,718,-851,3
1022,5169,7314,-249,833,-882,3
960,5753,7689,-120,909,-838,3
964,6023,8084,12,925,-743,3
993,5846,8340,98,873,-675,3
936,5346,8415,137,785,-715,3
707,5065,8347,153,703,-883,3
488,4998,8255,163,670,-1107,3
410,4969,8318,87,667,-1444,3
117,5437,8627,-79,669,-1792,3
-238,6464,8992,-205,696,-2011,3
-645,7546,9443,-258,705,-2041,3
-884,8239,10057,-322,620,-1989,3
-1341,9019,10761,-335,478,-1936,3
-2492,10008,11860,-171,314,-2012,3
-4333,11872,14287,224,65,-2133,3
-6182,15196,17478,700,-271,-1938,3
-8382,19166,20238,1185,-850,-1303,3
-11217,22597,21714,1709,-1858,-150,3
-14242,24741,21785,2263,-3100,1981,3
-16982,28214,21054,2559,-4346,5985,3
-19418,29527,19090,2662,-5648,11046,3
-23004,29774,15446,2658,-7026,16268,3
-10449,-15257,-7124,3295,-1979,17453,3
-9970,-22782,-6440,2841,379,15948,3
-8521,-23730,-1680,2554,1835,12084,3
-8342,-18540,998,1866,2179,7622,3
-9371,-14681,2780,461,1746,3788,3
-9878,-13081,3569,-1037,814,1716,3
-9496,-11285,3488,-1534,39,1302,3
-7793,-10846,3302,-882,-48,1504,3
-5304,-11061,2691,126,205,1596,3
-2808,-11008,1745,631,306,1364,3
-1009,-10570,1124,651,331,856,3
486,-9869,1246,414,326,258,3
1766,-8972,1914,151,333,-227,3
2828,-8153,2944,-8,362,-544,3
3610,-7576,3787,-79,310,-716,3
4557,-6718,3204,279,-311,-813,3
4126,-6829,3142,306,-282,-823,3
3677,-7206,3353,296,-293,-835,3
3176,-7792,3378,338,-330,-859,3
3176,-7792,3378,338,-330,-859,3
2391,-8800,3052,593,-386,-1045,3
2391,-8800,3052,593,-386,-1045,3
2109,-9480,2613,668,-454,-1337,3
1808,-10363,1978,626,-542,-1862,3
1652,-11867,1444,516,-562,-2791,3
1886,-14352,899,252,-483,-4455,3
1966,-16758,385,-279,-325,-6846,3
2118,-19206,-9,-991,-35,-9719,3
2045,-22094,-742,-1682,482,-13030,3
-1684,-23014,-1854,-1572,1517,-16170,3
-640,9696,13534,-663,672,1311,3
-640,9696,13534,-663,672,1311,3
-223,9288,13981,-956,372,1359,3
492,8006,13149,-945,2,1802,3
1507,5922,11546,-859,-357,2232,3
2372,3884,9828,-674,-527,2461,3
3196,2548,7739,134,242,358,3
3196,2548,7739,134,242,358,3
3105,2689,7919,164,297,262,3
2955,3164,7970,238,337,303,3
2873,3606,7950,353,368,408,3
2936,3760,7937,487,406,511,3
3124,3537,7855,653,482,518,3
3195,3498,7703,806,579,432,3
3107,3883,7593,853,649,319,3
2976,4344,7638,762,646,235,3
3028,4489,7698,600,587,178,3
3032,4357,7575,531,553,87,3
2837,4319,7386,477,531,-24,3
2717,4223,7421,330,475,-136,3
2747,4094,7812,150,384,-347,3
2502,4535,8087,132,338,-577,3
2258,5304,8128,196,320,-652,3
2208,6022,8042,205,278,-598,3
2141,6447,7956,183,231,-512,3
2086,6689,7913,219,212,-421,3
1982,6949,7867,282,209,-273,3
1923,7206,7828,295,199,-54,3
2015,6719,7825,333,213,130,3
2075,6247,7826,500,296,140,3
1976,6510,7881,598,329,128,3
1948,6753,8006,475,226,180,3
2068,6607,7993,319,103,231,3
2251,6287,7952,215,20,246,3
2335,6226,7920,95,-43,275,3
2412,6193,7883,-33,-99,316,3
2604,5893,7795,-110,-128,367,3
2709,5485,7683,-88,-118,395,3
2695,5138,7544,-37,-92,387,3
2797,4792,7429,-18,-71,322,3
2856,4379,7423,-52,-65,158,3
2751,4432,7545,-77,-55,-18,3
2634,4891,7678,-54,-30,-113,3
2603,5393,7850,-22,-15,-145,3
2486,5739,7982,-19,-27,-102,3
2509,5965,8073,-39,-59,-9,3
2577,6065,8073,-62,-96,113,3
2524,6029,7975,-77,-128,234,3
2297,4923,7981,-174,-123,131,3
2247,5180,8195,-202,-119,4,3
2128,5661,8340,-160,-112,-59,3
2032,5997,8364,-127,-123,-50,3
1977,6056,8322,-124,-153,1,3
1885,6053,8268,-111,-167,62,3
1686,6092,8177,-88,-162,133,3
1576,5977,8192,-84,-153,201,3
1365,5308,8024,-64,-128,-58,3
1188,5504,7998,-124,-143,-161,3
1136,5736,8000,-120,-127,-162,3
1104,5734,7914,-104,-108,-139,3
1018,5645,7848,-104,-84,-129,3
879,5616,7878,-124,-67,-117,3
712,5614,7913,-113,-39,-97,3
503,5651,7978,-69,-1,-76,3
332,5583,8093,-47,28,-66,3
265,5329,8267,-59,44,-128,3
171,5303,8450,-76,55,-262,3
62,5593,8578,-116,44,-345,3
92,5810,8636,-136,29,-345,3
174,5863,8558,-119,15,-287,3
302,5710,8389,-111,-6,-201,3
302,5710,8389,-111,-6,-201,3
429,5400,8212,-126,-27,-125,3
520,5083,8006,-164,-39,-88,3
621,4843,7856,-206,-43,-67,3
731,4430,7735,-209,-14,-65,3
714,3926,7647,-207,11,-160,3
736,3914,7666,-239,26,-262,3
865,4298,7804,-221,63,-319,3
950,4662,7957,-170,89,-322,3
1115,4784,7958,-158,67,-282,3
1316,4698,7793,-168,44,-238,3
1425,4586,7575,-172,74,-191,3
1533,4361,7447,-184,126,-155,3
1133,4381,7808,-161,438,-581,3
979,5674,8401,-136,537,-248,3
979,5674,8401,-136,537,-248,3
1031,5239,8364,-286,450,-202,3
1090,4379,8261,-449,372,-198,3
946,3809,8189,-490,385,-255,3
767,3671,8278,-558,400,-342,3
693,3747,8423,-682,378,-417,3
178,1371,8261,-393,413,-1232,3
-178,1766,8425,-435,480,-1641,3
-532,2747,8522,-348,606,-1923,3
-869,3891,8626,-210,733,-1981,3
-956,4504,8752,-124,822,-1835,3
-764,4047,8949,-76,890,-1705,3
-669,3266,9166,-4,991,-1853,3
-2786,3583,10358,-426,997,-3050,3
-6856,10773,15828,986,234,-1747,3
-9876,14979,18671,1697,-181,-1343,3
-23505,500,12942,5834,-7957,17453,3
-20632,-2897,6427,5358,-5787,17453,3
-19349,-5710,-2345,3412,-3431,17453,3
-19739,-14712,-9308,2155,-654,17453,3
-16811,-25562,-7532,2038,1880,17453,3
-14175,-24808,-1969,2198,3182,14539,3
-15173,-18069,1581,1740,3197,8492,3
-12812,-9677,2709,769,777,3008,3
-10073,-11584,2393,1535,1079,2514,3
-7369,-12653,3614,1481,1233,1440,3
-4862,-12147,5209,1140,1269,232,3
3614,-3857,8048,-803,-359,-1916,3
-762,-15583,3203,-3290,28,-10519,3
-764,-16301,2723,-3746,326,-12400,3
-1229,-17722,1679,-3733,922,-14869,3
-5172,-16671,86,-3235,1865,-17267,3
-10260,-12222,-1024,-2421,2958,-17453,3
-13081,-6192,-551,-1747,4033,-17453,3
-14538,-130,1345,-1481,4852,-17079,3
-15336,4205,4222,-1742,5116,-16025,3
-15177,7349,6410,-1962,5200,-14370,3
-10740,18038,11259,-2163,5434,-10468,3
-10740,18038,11259,-2163,5434,-10468,3
-6132,24052,16393,-2787,5293,-9189,3
-4025,23365,20629,-2713,4348,-7776,3
-5220,19819,20947,-1567,2718,-5515,3
-6939,17840,18030,151,1439,-2991,3
-7039,15195,14390,1527,806,-1042,3
-2258,8856,12267,21,539,207,3
-1403,9126,12438,-563,219,-241,3
-569,9517,11949,-716,-85,-252,3
235,9320,10903,-522,-275,58,3
818,8505,9714,-240,-370,485,3
1270,7446,8801,-58,-325,808,3
1555,6295,8467,48,-153,902,3
1622,5297,8638,72,30,792,3
1356,4933,8922,27,133,614,3
1149,4759,9161,-8,159,427,3
1064,4851,9287,12,155,196,3
776,5607,9098,60,98,42,3
524,6379,8630,-1,-27,63,3
166,5460,7761,-352,-217,290,3
268,5618,7521,-417,-275,281,3
433,5597,7412,-407,-304,307,3
606,5361,7474,-356,-355,319,3
688,5106,7518,-267,-405,313,3
636,5093,7407,-74,-392,317,3
652,5060,7337,125,-332,281,3
788,4844,7342,166,-298,133,3
1066,6100,8162,49,-160,-296,3
1219,6043,8197,-30,-206,-278,3
1336,6019,8097,-62,-243,-231,3
1452,6002,7976,-26,-248,-152,3
1532,5794,7778,-1,-250,-93,3
1631,5458,7513,-43,-273,-90,3
1686,5194,7285,-115,-282,-160,3
1513,5976,7518,-412,-181,-502,3
1696,5861,7418,44,-66,-185,3
1672,5698,7356,0,-76,-208,3
1666,5444,7337,-124,-111,-291,3
1675,5405,7368,-265,-131,-404,3
1514,5733,7509,-350,-100,-491,3
1446,6061,7735,-403,-58,-547,3
1456,6373,7938,-484,-69,-524,3
1862,5848,7970,-658,-256,-207,3
1862,5848,7970,-658,-256,-207,3
1924,5421,7887,-708,-272,-193,3
1966,4884,7909,-729,-247,-260,3
1954,4628,8092,-751,-197,-384,3
1867,4776,8278,-789,-159,-479,3
1800,4916,8533,-811,-139,-533,3
1877,5012,8782,-772,-129,-530,3
1905,5215,8904,-643,-132,-476,3
2004,5259,8887,-504,-167,-397,3
2077,5153,8724,-430,-226,-296,3
2152,4772,8457,-391,-270,-232,3
2235,4197,8207,-383,-286,-282,3
2122,4170,7996,-370,-255,-384,3
2217,4705,8328,-421,-162,-528,3
2217,4705,8328,-421,-162,-528,3
2199,4837,8350,-411,-157,-515,3
2163,5000,8375,-370,-134,-472,3
2229,5002,8420,-330,-120,-392,3
2241,4863,8376,-291,-118,-306,3
2268,4450,8345,-247,-104,-284,3
2209,4192,8366,-211,-79,-320,3
1745,4227,8913,-320,-17,-545,3
1702,4705,9155,-344,-29,-561,3
1793,5146,9269,-321,-52,-506,3
1934,5227,9273,-288,-95,-418,3
2136,5079,9159,-268,-158,-312,3
2316,4812,8899,-233,-218,-222,3
2316,4812,8899,-233,-218,-222,3
2517,4222,8593,-244,-242,-222,3
1745,4964,8749,-311,35,-858,3
1745,4964,8749,-311,35,-858,3
1650,5802,8971,-306,102,-832,3
1599,6397,9220,-266,165,-741,3
1441,6689,9534,-145,234,-601,3
1400,6690,9875,-44,250,-403,3
1224,6438,10069,-20,186,-213,3
1115,5763,10075,-41,78,-93,3
1083,5189,9937,-78,-39,-18,3
1092,4911,9715,-149,-160,84,3
1183,4581,9398,-240,-268,140,3
1260,4172,9000,-347,-357,114,3
1271,3939,8660,-428,-397,58,3
-244,4759,10320,-10,-207,-337,3
-244,4759,10320,-10,-207,-337,3
-670,6565,11453,45,-214,-359,3
-1680,9848,13952,126,-394,-491,3
-3663,14265,17772,337,-831,-629,3
-7112,19847,23272,369,-1614,-255,3
-11965,25263,27953,-17,-3238,1738,3
-16846,32043,27101,-177,-5591,6308,3
-20534,-29104,24792,-3,-8055,13379,3
-21796,4571,13233,3465,-10212,17453,3
-21796,4571,13233,3465,-10212,17453,3
-18450,-3924,10868,4301,-9236,17453,3
-16065,-10674,5962,4108,-7943,17453,3
-12856,-14976,-1067,3174,-6119,17453,3
-13291,-20647,-7933,2460,-3733,16913,3
-12239,-28394,-7301,2134,-1439,13330,3
-9516,-25056,-3308,1426,-308,9231,3
-8994,-17180,161,408,252,4697,3
-8997,-11834,1745,-935,101,1499,3
-8242,-8443,1340,-1779,-371,687,3
-6517,-7174,1245,-1384,-352,1255,3
61,-8867,3814,615,752,162,3
61,-8867,3814,615,752,162,3
172,-9099,4726,327,959,-196,3
629,-8906,5707,126,1089,-511,3
1148,-8226,6810,-49,1077,-859,3
1551,-7522,7905,-231,892,-1208,3
1564,-6878,8415,-356,582,-1486,3
1486,-6645,8201,-349,288,-1670,3
-135,-9350,4855,-322,111,-2459,3
-135,-9350,4855,-322,111,-2459,3
-597,-11334,4161,-584,254,-3318,3
-893,-13300,3616,-995,394,-4829,3
-1513,-13680,3345,-1450,522,-6619,3
-2335,-13713,3610,-1765,659,-8311,3
-2450,-14772,3684,-2132,754,-10054,3
-2000,-17006,3532,-2627,809,-12229,3
-2223,-20319,2050,-2762,1136,-15135,3
-6450,-21103,-101,-2353,1600,-17453,3
-12341,-16729,-688,-2974,1682,-17453,3
-15543,-11229,-40,-3730,2270,-17453,3
-16944,-5582,1049,-2661,3770,-17453,3
-18118,-1286,2482,-1373,4866,-17453,3
-19880,3593,4286,-1198,5281,-16772,3
-19996,8127,5432,-1176,5717,-15305,3
-17994,11570,6495,-1102,6149,-13572,3
-14834,16120,9435,-1431,6350,-11898,3
-10169,22209,15146,-1774,6197,-10220,3
-5268,26693,20885,-1507,5379,-8549,3
-5388,25147,20301,-345,3903,-6677,3
-8844,19891,16854,857,2454,-4183,3
-10150,15231,14863,1681,1798,-1533,3
-10034,13297,12875,2083,1485,498,3
-525,8212,11365,-591,-549,1525,3
-140,5909,10533,-257,-625,1736,3
-138,4260,9736,-53,-658,1681,3
68,3827,9256,-41,-701,1570,3
709,5121,8516,-97,-836,1523,3
1446,5497,8251,-99,-834,1622,3
1866,5561,7947,132,-688,1701,3
1887,5206,7629,403,-471,1730,3
1825,4690,7442,474,-286,1532,3
1590,4593,7470,290,-217,1191,3
1513,4723,7660,-29,-225,771,3
1476,5224,8005,-293,-235,402,3
1482,5705,8263,-400,-197,169,3
1515,6219,8470,-548,-206,61,3
1574,6696,8563,-733,-271,88,3
1567,6930,8397,-877,-368,241,3
1567,6930,8397,-877,-368,241,3
1482,7072,8057,-1010,-493,516,3
1459,7027,7637,-1140,-632,889,3
1491,6547,7119,-1159,-695,1259,3
1452,5953,6620,-995,-577,1518,3
1500,5350,6450,-716,-294,1597,3
1630,5089,6677,-423,55,1424,3
1575,5344,7156,-296,295,1136,3
1503,5644,7710,-405,351,832,3
1581,5558,8112,-781,210,469,3
1435,5503,8169,-1262,-29,219,3
1248,5529,7909,-1494,-185,201,3
1157,5288,7308,-1499,-211,333,3
1051,4757,6454,-1474,-160,457,3
1033,4134,5813,-1471,-89,513,3
1119,3853,5615,-1481,-26,555,3
1295,3899,5691,-1443,86,584,3
1765,4126,5718,-1462,254,563,3
2314,4545,5716,-1551,458,477,3
2466,4950,5953,-1720,630,368,3
2332,5373,5813,-1944,829,366,3
-2893,1210,10931,-702,2825,419,3
-2893,1210,10931,-702,2825,419,3
-2560,2051,11985,-433,2917,281,3
-2177,2494,13022,-424,2926,181,3
-1824,2773,14227,-798,2766,61,3
-1425,2909,15686,-1314,2380,11,3
-897,2542,16762,-1719,1863,149,3
-84,1670,16888,-2001,1228,401,3
775,662,16319,-2070,574,563,3
3032,933,6387,1472,-2257,519,3
3032,933,6387,1472,-2257,519,3
3359,614,6301,1319,-2178,402,3
3787,446,6372,1128,-2124,131,3
4197,620,6574,983,-2044,-225,3
4432,2411,7374,996,-1603,-938,3
4432,2411,7374,996,-1603,-938,3
4227,3201,8011,994,-1349,-1151,3
3999,3914,8640,939,-1111,-1176,3
3810,4082,9166,803,-949,-1114,3
3618,3348,9490,575,-769,-779,3
3618,3348,9490,575,-769,-779,3
3766,2899,9197,661,-654,-573,3
3992,2618,9050,776,-492,-380,3
4183,2445,9359,835,-312,-267,3
4089,2463,9772,795,-176,-304,3
3925,2408,10101,619,-94,-484,3
3882,2608,10357,374,-34,-679,3
3854,3153,10356,121,39,-797,3
3826,3690,10060,-224,80,-831,3
3775,3979,9613,-678,80,-770,3
3736,3913,8929,-1152,62,-621,3
3422,2844,10043,-1130,950,-1279,3
2688,4443,8917,292,609,-1170,3
2578,3945,9404,304,630,-1200,3
2365,3640,9883,229,607,-1341,3
2024,3595,10240,186,561,-1499,3
1760,3773,10304,130,480,-1590,3
1594,3930,10034,74,397,-1594,3
1594,3930,10034,74,397,-1594,3
1264,4187,9723,111,390,-1485,3
1090,4272,9666,233,459,-1298,3
1198,3861,9817,335,531,-1128,3
1260,3276,9914,445,649,-1088,3
1136,2660,10079,500,803,-1304,3
-4630,14114,19234,874,1303,-3503,3
-24074,-1532,594,1746,-8690,17453,3
-24074,-1532,594,1746,-8690,17453,3
-21935,-7459,-8195,1095,-6069,17453,3
-20147,-16113,-15751,1201,-2940,17453,3
-18824,-25240,-14254,1880,435,17139,3
-16211,-26984,-7686,1572,2347,12912,3
-17730,-22339,-6399,757,2811,7540,3
-17500,-20123,-5079,-568,2395,3034,3
-16022,-17438,-4375,-2126,1611,621,3
-13216,-14046,-4449,-2567,1228,-266,3
-9386,-12110,-3080,-1960,1472,-607,3
-5753,-10579,-869,-1371,1647,-801,3
-2090,-9150,858,-1106,1624,-1074,3
799,-7460,2332,-1110,1607,-1417,3
2849,-5869,3821,-1258,1570,-1797,3
4087,-4703,5067,-1445,1441,-2085,3
4770,-4286,6002,-1577,1242,-2184,3
4992,-4472,6472,-1495,1051,-2129,3
4835,-4902,6446,-1131,887,-2043,3
4377,-5578,5956,-620,737,-2010,3
3644,-6319,5090,-153,592,-1980,3
2831,-7045,4084,181,506,-1923,3
2007,-7872,3129,320,507,-1898,3
1221,-9173,2031,247,574,-2034,3
690,-10895,1040,-10,679,-2466,3
423,-12273,233,-323,827,-3297,3
-51,-12616,-253,-517,1005,-4388,3
-348,-12645,-548,-596,1200,-5643,3
-402,-12663,-688,-607,1418,-7073,3
-800,-12332,-928,-454,1710,-8526,3
-1743,-11700,-1385,-83,2061,-9899,3
-2913,-10849,-2123,331,2358,-11189,3
-4515,-9887,-3510,845,2768,-12344,3
-6502,-8552,-4398,876,3025,-13061,3
-8162,-6433,-3838,550,3393,-13342,3
-10290,-3271,-3168,329,4064,-13336,3
-11615,26088,19733,-1135,8094,-10850,3
-10935,17861,22135,930,1063,-865,3
-9346,15513,17660,2190,462,2088,3
-7764,13723,14323,2266,199,3729,3
-5485,11740,12506,1278,-114,3939,3
-2864,9387,11736,-276,-521,3294,3
-341,7439,11746,-1455,-773,2254,3
1091,6975,11953,-1673,-722,1212,3
1315,7224,11651,-1291,-562,579,3
998,7540,10689,-767,-474,466,3
683,7193,9651,-360,-462,691,3
781,6023,9015,-102,-438,965,3
851,5063,8838,94,-330,1153,3
1017,4512,8962,225,-192,1184,3
960,4363,9109,301,-76,1110,3
644,5201,8347,-412,-128,370,3
815,5309,8408,-403,-124,430,3
949,5263,8569,-347,-94,501,3
907,5105,8734,-283,-62,518,3
891,5014,8874,-229,-50,496,3
870,5202,8964,-166,-44,483,3
978,5376,9131,-81,-49,455,3
812,5405,8563,16,-205,367,3
650,5590,8414,-7,-200,371,3
616,5864,8503,-18,-185,367,3
672,6213,8663,-33,-178,367,3
682,6216,8864,-46,-203,376,3
688,6091,8994,-67,-251,389,3
775,5885,8956,-95,-315,381,3
809,5763,8743,-143,-378,380,3
846,5678,8407,-254,-445,395,3
1024,5457,8117,-413,-503,397,3
1082,5324,7872,-541,-541,427,3
1082,5324,7872,-541,-541,427,3
1040,4958,7549,-589,-545,421,3
1083,4714,7310,-565,-490,381,3
1095,4776,7246,-527,-430,349,3
1221,4929,7351,-470,-377,336,3
1358,5223,7653,-370,-329,359,3
1789,4464,7264,-165,-426,648,3
1789,4464,7264,-165,-426,648,3
1771,4082,7036,-271,-396,547,3
1837,3957,6964,-407,-347,392,3
1840,4061,7003,-501,-282,253,3
1787,4412,8537,294,132,-267,3
1787,4412,8537,294,132,-267,3
1941,5309,9019,178,-2,-160,3
1941,5309,9019,178,-2,-160,3
1914,5006,8718,178,-88,-115,3
1808,4679,8371,178,-120,-96,3
1697,4568,8215,164,-99,-137,3
1693,4772,8242,116,-72,-213,3
1763,5039,8324,37,-69,-279,3
1872,5407,8334,-8,-64,-276,3
2018,5657,8360,-3,-49,-247,3
2099,5658,8367,18,-30,-202,3
2168,5546,8399,44,-20,-140,3
2169,5236,8579,85,-38,-123,3
2078,4869,8557,100,-83,-151,3
2011,4594,8262,65,-129,-198,3
1974,4497,8000,61,-121,-246,3
1921,4699,7952,75,-65,-284,3
1922,5033,8005,58,-29,-273,3
2011,5293,8042,44,-17,-229,3
2078,5433,8005,64,7,-162,3
2178,5478,7968,87,43,-77,3
2298,5363,7995,64,61,7,3
2461,4734,8049,22,69,24,3
2539,3866,8032,-5,96,-108,3
2349,3554,8014,-41,137,-305,3
2279,3488,8130,-77,200,-537,3
2166,3614,8281,-38,321,-796,3
2014,4248,8449,83,478,-1018,3
1853,5026,8541,191,605,-1136,3
1697,5571,8668,263,674,-1159,3
1670,5745,8868,348,719,-1177,3
1623,5646,9241,421,761,-1310,3
1131,5858,9838,482,832,-1637,3
-334,7163,10654,553,920,-2114,3
-2085,10532,12531,673,1003,-2591,3
-3513,17168,17087,977,1025,-2948,3
-6168,24299,24167,1669,678,-3045,3
-10459,29874,30368,2414,-311,-2390,3
-27775,31229,19607,3022,-8942,17453,3
8860,-4103,4034,-187,317,220,3
7085,-5953,4040,-445,351,307,3
3668,-10324,4055,-596,394,-858,3
4580,-7288,2311,-233,843,-1593,3
4580,-7288,2311,-233,843,-1593,3
4488,-7015,1781,-193,994,-1685,3
4174,-7012,1386,-172,1139,-1799,3
3707,-7512,950,-169,1262,-2027,3
3244,-8539,503,-221,1355,-2480,3
2529,-9246,217,-264,1409,-3086,3
1768,-9427,-13,-138,1493,-3699,3
1224,-9396,-338,59,1591,-4306,3
985,-9630,-646,173,1638,-4949,3
585,-9580,-1091,310,1706,-5624,3
-96,-9126,-1656,417,1760,-6226,3
-3409,-9243,-5636,-286,2676,-10582,3
-3409,-9243,-5636,-286,2676,-10582,3
-15614,6123,3011,-606,7552,-12319,3
-15614,6123,3011,-606,7552,-12319,3
-18579,10755,5231,235,8549,-12149,3
-20014,14867,7869,947,9754,-11634,3
-6838,32358,-30429,-1469,7336,-9364,3
-6838,32358,-30429,-1469,7336,-9364,3
-11624,26310,31259,-419,4437,-6831,3
-14630,20207,26046,806,2172,-2432,3
1180,4753,6969,-321,-383,619,3
1355,4606,6946,-158,-273,613,3
1245,4714,6955,22,-108,574,3
998,5092,7187,125,67,551,3
1078,5196,7648,100,202,527,3
1130,5063,8145,13,251,443,3
920,5033,8583,-31,227,317,3
1391,4801,8864,-278,106,462,3
1266,5006,8792,-252,113,481,3
1265,5041,8783,-262,105,527,3
1292,5075,8810,-296,84,637,3
1312,4853,8828,-297,66,730,3
1374,4423,8802,-275,61,752,3
1309,4120,8771,-246,55,727,3
1174,3691,8318,-21,33,597,3
1120,3838,8306,43,77,559,3
1061,4009,8491,58,109,549,3
1031,4054,8682,79,123,539,3
1084,3966,8767,109,129,530,3
1066,3800,8765,156,141,518,3
1002,3593,8687,178,148,496,3
1005,3460,8666,154,150,466,3
1010,3422,8687,141,162,450,3
1156,3398,8766,149,176,460,3
1186,3204,8827,167,163,469,3
1100,2961,8760,202,137,458,3
986,3396,8833,134,183,267,3
986,3396,8833,134,183,267,3
924,3515,9129,160,220,258,3
797,3505,9004,25,18,22,3
797,3505,9004,25,18,22,3
851,3496,9075,20,11,49,3
940,3428,9046,15,4,68,3
975,3304,9013,-4,0,68,3
964,3191,8910,-48,-11,36,3
920,3052,8822,-96,-33,-5,3
962,3001,8794,-96,-37,-43,3
1065,3707,9052,-30,-9,-86,3
1125,3398,8807,-41,-13,-117,3
1072,3055,8619,-66,10,-210,3
993,3080,8608,-120,51,-324,3
961,3213,8740,-175,102,-429,3
984,3411,8880,-160,192,-525,3
1092,3615,9008,-121,281,-573,3
1166,3665,9109,-115,321,-624,3
1154,3589,9143,-59,383,-718,3
724,4021,9538,-18,533,-948,3
743,3751,9840,-31,572,-1138,3
574,3920,10207,-12,632,-1393,3
365,4358,10670,-52,655,-1676,3
-598,6202,11600,-98,603,-1965,3
-1334,7716,12276,-54,546,-1914,3
-2195,10374,13818,23,517,-1868,3
-3530,13956,16958,182,431,-1881,3
-5898,17216,21391,480,-22,-1807,3
-9717,19744,26032,980,-808,-1314,3
-13854,23012,31087,1320,-2114,211,3
-16606,27075,-30656,1209,-4479,3539,3
-19283,29162,-31480,1719,-7338,8122,3
-22753,26503,30127,2389,-9831,12496,3
-25734,22000,25009,2195,-11984,16498,3
-26891,10292,18507,2059,-13625,17453,3
-23098,131,11769,3332,-13501,17453,3
-20235,-4500,6921,5135,-11989,17453,3
-19145,-8680,1605,6043,-9983,17453,3
-16787,-11538,-5309,5886,-7727,17453,3
-14593,-14123,-10385,5378,-5215,17422,3
-14982,-17585,-11133,4720,-2580,15522,3
426,-12572,3039,-358,11,197,3
3281,-9379,2543,-372,-430,-772,3
5148,-6688,2255,-481,-690,-1477,3
6407,-4812,2376,-665,-722,-1733,3
7239,-3623,2705,-796,-580,-1621,3
7559,-3304,3166,-806,-386,-1349,3
7288,-3738,3647,-609,-176,-1013,3
6628,-4850,3903,-232,26,-687,3
4456,-9364,3657,396,178,-118,3
4662,-11204,3363,385,245,-321,3
4727,-11779,3193,230,237,-883,3
4363,-11484,2859,45,160,-1678,3
4054,-10859,2476,0,141,-2503,3
2242,-14135,-1201,-313,932,-7986,3
694,-13897,-1957,-638,1111,-9540,3
-216,-13648,-2042,-1034,1252,-10880,3
-747,-13939,-2815,-1273,1557,-12312,3
-2502,-13124,-4104,-1156,2108,-13705,3
-5901,-9930,-5257,-1127,2841,-14419,3
-8789,-5909,-5263,-2110,3431,-14626,3
-11030,-2686,-3800,-3192,4266,-14645,3
-16157,9342,2946,-2673,6632,-12572,3
-15150,13567,4636,-2145,7117,-10893,3
-15150,13567,4636,-2145,7117,-10893,3
-11721,15846,7686,-2478,7619,-9137,3
-8754,19106,13187,-3183,8185,-7504,3
-5619,22149,20388,-3139,7721,-6215,3
-4741,20243,22781,-1726,6293,-5008,3
-8342,9391,14508,1469,1819,2141,3
-7607,8954,13725,293,1231,1705,3
-6346,8401,13800,-707,716,915,3
-5191,8974,13609,-831,467,198,3
-4069,10597,12957,-788,306,-96,3
-2924,11660,12276,-869,113,26,3
-1956,11522,11830,-979,-75,526,3
-1279,10313,11341,-1003,-230,1181,3
-474,5481,9729,-537,-204,1977,3
-365,4517,9364,-306,-44,1895,3
-665,3999,8943,-184,57,1684,3
-507,3901,8723,-217,92,1418,3
-47,4191,8640,-360,91,1215,3
187,4515,8597,-502,51,1085,3
319,4746,8565,-573,21,1057,3
476,5085,8514,-519,48,1154,3
644,5189,8448,-400,108,1319,3
675,5000,8292,-296,161,1492,3
557,4582,8104,-255,174,1577,3
682,3764,8080,-282,179,1554,3
788,2874,8219,-233,242,1311,3
384,2650,8348,-101,325,940,3
108,3294,8490,0,399,662,3
125,4345,8700,38,427,544,3
313,4966,8806,26,383,531,3
509,5130,8760,-25,302,557,3
526,5206,8616,-63,233,616,3
366,5209,8413,-56,200,704,3
227,5049,8248,-34,205,815,3
114,4745,8207,-18,237,891,3
-38,4553,8351,5,296,902,3
-3,4478,8632,7,344,853,3
-14,4517,8874,-20,346,754,3
-106,4709,8983,-42,331,646,3
-79,4861,9113,-47,324,614,3
159,4555,9104,45,344,698,3
159,4555,9104,45,344,698,3
37,4161,9044,-38,297,710,3
55,3803,9030,-92,282,675,3
13,3749,8990,-76,309,592,3
-186,4212,9290,-62,319,509,3
-162,4309,9416,-58,286,520,3
-88,4270,9352,-56,232,540,3
-56,4270,9258,-46,199,578,3
-46,4239,9176,-44,172,630,3
63,3943,9045,-76,139,663,3
132,3598,8892,-108,117,637,3
130,3368,8771,-130,125,547,3
56,3395,8694,-166,129,431,3
25,3542,8660,-175,130,344,3
116,3800,8667,-160,139,307,3
149,4008,8661,-135,145,300,3
155,4206,8599,-84,164,311,3
231,4388,8618,-41,176,356,3
335,4482,8594,-2,174,438,3
411,4404,8516,46,180,531,3
487,4151,8411,62,192,582,3
447,3978,8346,9,192,574,3
401,3790,8381,-42,198,521,3
386,3646,8551,-44,215,410,3
411,3814,8747,-20,226,305,3
466,4157,8868,11,209,270,3
587,4431,8831,35,174,293,3
683,4407,8687,41,139,319,3
694,4312,8564,29,115,341,3
756,4294,8445,17,115,374,3
791,4185,8375,1,119,393,3
821,3925,8356,-16,127,362,3
794,3842,8381,-34,145,302,3
699,4170,8614,63,204,212,3
699,4170,8614,63,204,212,3
739,4454,8688,117,212,210,3
822,4735,8729,148,209,251,3
895,4856,8729,167,201,306,3
925,4733,8662,167,185,356,3
911,4437,8563,152,173,372,3
785,4182,8521,121,176,333,3
688,4166,8672,55,184,268,3
701,4327,8941,-1,186,221,3
733,4373,9098,25,191,166,3
715,4507,9073,84,190,132,3
693,4738,8991,120,183,144,3
587,4950,8910,156,174,178,3
492,5101,8846,190,177,223,3
548,5238,8923,192,182,280,3
543,5001,8982,161,170,313,3
486,4617,9074,103,149,267,3
654,4849,8990,76,90,246,3
670,4705,8775,31,61,263,3
707,4776,8790,15,90,354,3
707,4776,8790,15,90,354,3
697,4716,8800,37,97,391,3
756,4514,8791,62,112,421,3
808,4151,8807,73,128,379,3
761,3915,8840,39,127,299,3
803,3899,8870,-17,108,227,3
847,3979,8887,-45,104,176,3
857,4126,8874,-71,99,145,3
955,4187,8826,-140,66,146,3
1070,4015,8661,-209,24,156,3
899,3833,8421,-206,28,125,3
385,5418,9941,-234,295,-507,3
-17152,15178,15768,4730,-9143,17453,3
-17152,15178,15768,4730,-9143,17453,3
-14279,6579,13561,5549,-8713,17453,3
-11758,2077,11713,5996,-7879,17453,3
-5355,-12687,3782,653,588,1569,3
-6252,-10083,-2913,-1539,2508,-16837,3
-6252,-10083,-2913,-1539,2508,-16837,3
-12346,-5212,-3041,-1958,3641,-17453,3
-16688,1890,-542,-2522,4950,-17384,3
-18184,7310,3007,-2894,5978,-16060,3
-18366,11487,5613,-2885,6485,-14321,3
-16670,13281,7173,-2922,6834,-12572,3
-14360,16425,10047,-3333,7224,-10803,3
-10494,22798,16783,-3853,7326,-9157,3
-5160,27804,24878,-3625,6386,-8026,3
-5770,26240,24821,-1880,4385,-6692,3
-10415,21765,21432,123,2533,-3933,3
-11387,18220,17971,1938,1825,-387,3
-4385,9172,13595,-104,341,3111,3
-4385,9172,13595,-104,341,3111,3
-2202,7847,12854,-1047,-338,2197,3
-843,7564,12049,-1439,-748,1556,3
95,7151,11178,-1338,-961,1282,3
604,6720,9920,-996,-1110,1379,3
820,5942,8514,-738,-1241,1655,3
1194,5041,7381,-530,-1263,1927,3
1709,4175,6531,-210,-1066,2083,3
1944,3391,5454,326,-386,1828,3
1884,3658,5418,289,-125,1580,3
2072,4025,5739,129,50,1316,3
2145,4462,6140,18,175,1053,3
1963,5055,6532,34,287,777,3
1855,5912,6907,91,373,635,3
1816,6466,7200,139,390,646,3
1806,6344,7365,111,331,688,3
1728,5962,7294,96,308,672,3
1419,5783,7276,107,404,569,3
1368,5898,7412,-4,380,532,3
1219,5918,7446,-80,324,531,3
1145,5876,7389,-20,313,542,3
1227,6026,7322,35,325,574,3
1364,5940,7242,31,308,577,3
1501,5594,7093,-26,267,442,3
1268,5678,6930,-67,266,257,3
1268,5678,6930,-67,266,257,3
1094,6231,6887,-21,339,187,3
966,6773,8033,382,559,749,3
966,6773,8033,382,559,749,3
1051,6744,7938,358,534,884,3
1096,6623,7776,297,506,1010,3
1121,6131,7655,159,455,1041,3
1221,5417,7630,10,388,921,3
1352,5237,7656,-42,378,732,3
1327,5487,7775,-41,410,547,3
1391,5682,8006,-47,423,398,3
1442,5849,8201,-52,399,337,3
1486,6002,8259,-48,351,355,3
1489,6093,8165,-15,316,406,3
1100,6160,7928,14,280,433,3
1024,6453,7910,25,154,565,3
1024,6453,7910,25,154,565,3
986,6091,7739,33,134,618,3
1013,5496,7776,-14,116,600,3
1090,5055,7929,-70,108,478,3
1100,5110,8038,-105,86,356,3
1157,5297,8083,-129,37,284,3
1298,5612,7934,0,18,380,3
1298,5612,7934,0,18,380,3
1224,5521,7908,71,29,442,3
1442,5209,7575,-71,-18,148,3
1442,5209,7575,-71,-18,148,3
1337,5039,7434,-13,43,159,3
1204,5023,7465,72,133,173,3
1125,5010,7674,135,225,173,3
1132,5364,8036,-96,68,-20,3
1132,5364,8036,-96,68,-20,3
562,5418,8523,-151,214,-234,3
562,5418,8523,-151,214,-234,3
507,5725,8751,-169,186,-194,3
618,5996,8906,-137,166,-108,3
684,6013,8984,-86,140,-16,3
742,5751,8927,-51,86,51,3
785,5269,8656,-20,26,65,3
814,4895,8284,-22,-10,13,3
763,4904,8016,-61,-27,-45,3
768,5053,7923,-61,-4,-83,3
878,5330,7980,13,90,-72,3
878,5330,7980,13,90,-72,3
911,5429,8136,6,100,-82,3
896,5567,8215,-4,93,-68,3
843,5594,8213,-15,79,-39,3
835,5442,8154,-59,39,-24,3
954,5111,8004,-92,13,-22,3
636,5865,8078,-50,308,6,3
591,5642,8207,-99,363,-11,3
547,5479,8458,-174,434,-117,3
442,5590,8876,-251,499,-284,3
199,6006,9287,-322,498,-358,3
225,6088,9615,-372,423,-323,3
241,6089,9785,-392,340,-233,3
-374,9123,11872,-217,-144,-92,3
-8366,18000,24438,1188,-4822,2517,3
-8366,18000,24438,1188,-4822,2517,3
-10004,20049,22496,1983,-6788,5507,3
-13550,24995,19732,3233,-8086,9782,3
-18535,27396,15756,4296,-8966,15293,3
-16904,5812,8206,4842,-9577,17453,3
-16904,5812,8206,4842,-9577,17453,3
-13044,-763,6966,5711,-8447,17453,3
-6220,-12296,-5187,4019,-2066,15313,3
-6220,-12296,-5187,4019,-2066,15313,3
-6245,-14952,-3839,3113,-587,13129,3
-6385,-15887,-1998,2472,621,10615,3
-7467,-15620,-712,1910,1338,7912,3
-8521,-15099,1442,1201,1482,5581,3
-8582,-13352,2480,525,1269,4057,3
-2024,-11335,5010,343,401,343,3
-2024,-11335,5010,343,401,343,3
20,-10133,4988,160,311,-153,3
1723,-9143,5239,-76,273,-507,3
3150,-8332,5363,-341,222,-708,3
4237,-7683,5383,-500,169,-855,3
4857,-7102,5377,-560,88,-965,3
3603,-7968,3973,-299,-144,-551,3
3603,-7968,3973,-299,-144,-551,3
3016,-9062,3662,-202,-92,-581,3
2479,-10604,3233,-117,-7,-904,3
1930,-11868,2812,-102,92,-1566,3
1300,-12719,2083,-377,217,-3674,3
1300,-12719,2083,-377,217,-3674,3
307,-12591,1539,-939,728,-8802,3
307,-12591,1539,-939,728,-8802,3
931,-15470,447,-1132,892,-10773,3
165,-18495,-1954,-1090,1308,-13494,3
-3405,-18622,-3779,-1361,1750,-15987,3
-8031,-15838,-3938,-2650,2154,-17325,3
-11436,-11699,-2907,-4250,3111,-17242,3
-13949,-6182,-1057,-4328,4611,-16335,3
-15552,-2615,1544,-3819,5467,-15573,3
-18209,1590,3902,-3304,5789,-14981,3
-19198,11297,6549,-1811,6626,-12783,3
-19198,11297,6549,-1811,6626,-12783,3
-16981,15019,8664,-1859,7237,-11390,3
-12470,21355,14807,-2197,7316,-9915,3
-5552,28361,23539,-2277,6606,-8539,3
-3094,29660,25299,-1162,4937,-7085,3
-7759,24230,20672,600,2861,-4521,3
-10251,17936,17260,1981,1972,-967,3
-9587,14809,14709,2719,1917,2094,3
-8275,12694,13712,2334,1740,3356,3
-6422,9845,14054,1203,1234,3025,3
-4598,7500,14180,107,525,2021,3
-2722,7133,13424,-524,-68,855,3
-1640,8673,12296,-842,-475,15,3
-784,9816,11409,-953,-753,-184,3
108,9749,10557,-866,-948,213,3
709,8494,9446,-598,-1002,786,3
821,6656,8406,-259,-878,1172,3
930,5245,7806,75,-611,1298,3
1059,4512,7513,217,-368,1269,3
1029,3932,7422,135,-248,1114,3
1092,3712,7423,41,-161,910,3
1163,5045,7646,238,79,254,3
1055,5466,7360,232,54,174,3
963,5809,7094,139,14,147,3
800,5859,6972,77,21,169,3
729,5769,7051,21,47,154,3
714,5753,7161,-33,62,118,3
599,5876,7143,-15,78,110,3
495,5774,7069,42,102,104,3
602,6298,7169,39,73,-42,3
339,6695,7279,-95,205,620,3
506,6539,7296,-143,230,802,3
587,6312,7471,-151,289,982,3
682,5785,7854,-181,338,1083,3
653,5303,8272,-199,358,994,3
555,5142,8587,-160,320,836,3
622,5188,8675,-99,242,756,3
653,5645,8625,-71,162,780,3
767,5974,8508,-68,96,838,3
767,5974,8508,-68,96,838,3
870,6190,8377,-102,32,936,3
1004,6227,8230,-169,-22,1065,3
1211,5820,8183,-199,-28,1135,3
1015,5005,8692,-94,217,70,3
1015,5005,8692,-94,217,70,3
942,5153,8949,-46,209,-131,3
905,5372,9008,1,132,-210,3
999,5747,8922,5,11,-181,3
1162,5990,8650,-11,-108,-107,3
1227,5956,8260,-49,-183,-41,3
1241,5755,7947,-101,-216,10,3
1248,5604,7755,-128,-218,71,3
1122,5430,7629,-92,-188,107,3
1112,5056,7617,-15,-121,64,3
1083,4978,7714,21,-68,-58,3
1023,5230,7907,-1,-69,-168,3
1067,5631,8028,-9,-78,-225,3
1155,5956,8045,0,-92,-241,3
1204,6128,8037,-15,-116,-199,3
1195,6170,8011,-22,-127,-123,3
1142,6085,7975,-9,-138,-47,3
1599,5703,7667,-174,-184,-59,3
1599,5703,7667,-174,-184,-59,3
1574,5401,7431,-197,-180,-35,3
1555,5074,7425,-182,-125,-92,3
1501,4987,7586,-150,-70,-202,3
1437,5310,7819,-135,-62,-300,3
1413,5692,7968,-109,-62,-366,3
1379,5879,8083,-87,-54,-410,3
1365,6168,8194,-74,-44,-379,3
1442,6356,8177,-57,-42,-291,3
1482,6352,8133,-46,-53,-175,3
1479,6207,8042,-38,-63,-53,3
1473,5903,7929,-55,-74,24,3
1438,5628,7847,-96,-80,45,3
1404,5412,7849,-117,-69,-5,3
1273,5534,7922,-129,-59,-79,3
1183,5913,8069,-121,-54,-99,3
1224,6177,8189,-82,-55,-43,3
1291,6269,8203,-34,-46,44,3
1313,6237,8236,-6,-33,114,3
1298,5931,8327,-14,-26,124,3
1211,5769,8433,-25,-22,81,3
1082,5887,8611,-12,-19,45,3
1030,5834,8709,-44,-65,-20,3
1005,5758,8826,-126,-142,-123,3
1084,5968,9069,-132,-200,-224,3
1315,6906,9923,49,-268,-266,3
1690,8931,12269,427,-587,-298,3
1309,12289,15537,838,-1171,-428,3
-660,15623,18670,878,-2061,-606,3
-3513,18016,19907,792,-3548,-116,3
-5560,18226,20456,917,-5541,1505,3
-8445,20236,19512,1809,-7134,4154,3
-10380,23393,16526,3231,-8192,7983,3
-11922,25027,13229,5255,-8637,13163,3
-10615,21397,11581,6784,-8688,17453,3
-8425,13725,11124,7096,-8784,17453,3
-6750,7450,9903,7407,-8486,17453,3
-4935,3733,6512,7169,-7585,17453,3
-2718,-572,-316,6092,-6028,17453,3
-1744,-6091,-5661,5061,-3900,17453,3
-2213,-11667,-6404,4471,-1608,14936,3
-2903,-14144,-3198,3871,121,11843,3
-3811,-12461,3875,1076,466,5999,3
-3810,-11758,4219,1137,422,5181,3
-3454,-10804,4561,1222,280,4314,3
-3703,-9714,3605,1164,98,3449,3
-4280,-9401,3087,1091,152,2774,3
-4472,-9765,2929,1090,403,2310,3
-4200,-10519,2640,1059,746,1878,3
-3444,-11239,2588,920,1134,1409,3
373,-9484,2791,122,521,-2660,3
373,-9484,2791,122,521,-2660,3
-395,-10260,2120,129,586,-3199,3
-770,-11863,1480,-43,699,-4092,3
-1052,-13761,1051,-412,881,-5519,3
-1430,-15500,685,-1007,1104,-7411,3
-2114,-16792,125,-1711,1389,-9528,3
-3010,-17232,-743,-2238,1847,-11578,3
-3841,-16688,-1479,-2588,2514,-13466,3
-11418,-10067,-1498,-2929,5546,-17453,3
-11418,-10067,-1498,-2929,5546,-17453,3
-1411,3179,13850,240,575,1530,3
-1411,3179,13850,240,575,1530,3
-593,4697,13585,-632,135,192,3
-45,7112,13163,-1153,-263,-620,3
1780,2956,7963,-10,-222,723,3
1763,2739,8400,261,79,334,3
1723,3496,8899,428,302,-63,3
1505,4725,9220,295,259,-287,3
1596,5414,9294,5,63,-300,3
1678,5616,9091,-148,-71,-180,3
1590,5681,8679,-186,-125,-28,3
1514,5649,8334,-232,-144,140,3
1508,5446,8181,-310,-148,282,3
1537,5101,8215,-346,-123,374,3
1583,4707,8326,-259,-67,415,3
1610,4160,8357,-142,-10,306,3
1502,3902,8329,-115,19,111,3
1401,4049,8429,-221,0,-65,3
1272,4537,8581,-359,-59,-169,3
1315,4725,8645,-453,-108,-200,3
1353,4919,8530,-484,-118,-156,3
1391,4893,8385,-547,-138,-115,3
1090,4618,8511,-434,-9,-164,3
1052,4613,8736,-268,66,-148,3
978,4616,8797,-137,86,-92,3
887,4557,8749,-58,85,4,3
890,4447,8791,-35,78,86,3
948,4241,8850,-89,52,117,3
858,4073,8832,-192,21,118,3
900,3826,8854,-266,6,73,3
1004,3663,8865,-300,10,0,3
1124,3645,8947,-316,28,-93,3
1125,3799,8991,-337,35,-151,3
1128,3804,8984,-413,3,-207,3
1204,3622,9026,-502,-26,-266,3
1156,3676,9067,-510,-4,-278,3
1004,3798,9161,-519,-11,-252,3
968,3827,9234,-547,-47,-178,3
952,3882,9270,-545,-64,-86,3
931,3620,9305,-523,-75,-77,3
857,3331,9358,-520,-103,-139,3
849,3484,9407,-506,-136,-146,3
911,3694,9387,-445,-157,-116,3
1007,3656,9263,-405,-182,-93,3
992,3579,9038,-413,-205,-59,3
875,3094,8622,-347,-111,-112,3
882,3095,8821,-270,-46,-136,3
936,3112,9010,-174,-10,-160,3
963,3287,9129,-88,5,-152,3
950,3430,9197,-26,11,-123,3
894,3430,9178,-20,0,-80,3
846,3283,9044,-59,-28,-47,3
849,3181,8961,-61,-20,-37,3
891,2923,9118,-45,-36,80,3
891,2923,9118,-45,-36,80,3
848,2923,8984,-44,-26,37,3
835,3040,8913,-45,4,4,3
832,3080,8941,-39,28,-16,3
913,3096,9021,-22,53,-40,3
950,3253,9137,-13,78,-44,3
973,3299,9313,-13,85,-37,3
978,3271,9384,-3,61,-26,3
1028,3141,9305,27,29,-15,3
1022,3022,9179,69,21,-18,3
1058,2903,9067,70,19,-47,3
1057,2752,8988,0,3,-132,3
1004,2982,8998,-63,15,-207,3
919,3325,9007,-94,45,-241,3
867,3417,9032,-134,64,-271,3
800,3542,9146,-182,77,-276,3
736,3792,9372,-178,104,-239,3
876,4078,9784,35,86,-6,3
894,3923,9827,74,49,61,3
1002,3614,9706,87,12,87,3
1006,3289,9447,38,-19,29,3
932,3156,9286,-81,-49,-23,3
830,3197,9216,-170,-47,-47,3
821,3081,9268,-194,-17,-89,3
885,2979,9447,-251,0,-172,3
867,3209,9613,-304,-14,-248,3
863,3566,9633,-286,-18,-243,3
866,3580,9581,-249,-17,-192,3
906,3269,9507,-226,-14,-165,3
897,2857,9432,-231,-10,-237,3
876,2166,9331,-260,21,-464,3
966,1351,9402,-336,103,-924,3
987,1064,9657,-415,232,-1522,3
810,1644,10126,-450,401,-2204,3
252,3276,11036,-548,511,-2788,3
-351,5778,12535,-662,473,-3132,3
-1204,8485,14931,-646,256,-3304,3
-3257,10769,18061,-268,-99,-3180,3
-6043,12063,20801,409,-539,-2647,3
-7561,12500,22127,1247,-1183,-1602,3
-8262,12951,22958,2200,-2079,-5,3
-9757,15245,24631,3169,-2981,1912,3
-11728,17433,26750,3493,-4369,4213,3
-14259,19095,27143,3324,-6486,7048,3
-16768,3407,12597,5906,-10821,17453,3
-7319,-22191,-7132,3730,-2749,17453,3
-4859,-24392,-5081,2786,-676,14635,3
-12676,-14138,-2130,-2607,-27,153,3
-11735,-13330,-1115,-2395,-7,408,3
-8190,-12022,64,-748,1089,1027,3
-4497,-11342,539,184,1705,1279,3
-1583,-11069,567,23,1637,983,3
706,-10385,806,-340,1520,234,3
2223,-9140,1306,-624,1485,-596,3
3381,-7887,1824,-819,1536,-1127,3
4417,-7302,2354,-957,1598,-1353,3
5069,-7454,2887,-1015,1621,-1602,3
4883,-7541,3246,-1029,1531,-2029,3
4371,-7948,3319,-1067,1332,-2521,3
3742,-8765,3168,-1028,1142,-2995,3
2674,-8930,2949,-867,969,-3276,3
1817,-9035,2409,-590,862,-3348,3
1276,-9414,1708,-245,873,-3339,3
1063,-10048,984,34,969,-3431,3
1048,-10661,172,112,1050,-3789,3
1241,-11189,-622,-53,1086,-4523,3
1468,-11565,-1322,-289,1243,-5667,3
1380,-11651,-1976,-480,1578,-7070,3
887,-11473,-2824,-618,2070,-8530,3
-35,-10577,-3504,-839,2622,-9802,3
-1456,-9152,-4201,-794,3446,-10710,3
-2681,-8464,-4368,-547,4459,-11215,3
-4051,-7223,-4145,-535,5407,-11463,3
-5912,-4835,-2751,-886,6142,-11495,3
-7452,-2112,-336,-1268,6820,-11413,3
-9211,1182,2658,-1636,7368,-11281,3
-11362,4866,5089,-1355,7886,-10965,3
-12461,7762,6674,-681,8399,-10468,3
-12823,10923,8583,27,8965,-9720,3
-11615,14913,12759,493,9206,-8847,3
-8371,18516,19776,669,8730,-7929,3
-4618,22218,27173,700,7522,-6826,3
-4801,23564,27920,1260,5459,-5425,3
-9040,18797,23890,2262,3202,-3531,3
-9805,14356,19672,2926,1986,-975,3
184,6059,10610,-1479,-1027,210,3
184,6059,10610,-1479,-1027,210,3
426,5287,9635,-1126,-986,459,3
688,4292,8907,-971,-936,649,3
645,3532,8233,-898,-873,759,3
450,2907,7853,-741,-739,688,3
501,2512,7807,-551,-544,547,3
583,2531,7874,-429,-365,488,3
566,2578,8013,-348,-230,426,3
587,2467,8303,-259,-107,227,3
624,2749,8591,-140,25,18,3
565,3410,8827,-76,91,-54,3
577,3776,8869,-157,60,-32,3
609,3757,8664,-406,16,175,3
630,3237,8613,-478,17,120,3
374,2755,8621,-555,-4,-54,3
262,2925,8709,-606,6,-105,3
165,3348,8779,-607,34,-48,3
41,3296,8881,-578,51,-22,3
226,3000,9051,-587,53,-52,3
228,3176,9141,-598,60,-70,3
231,3565,9149,-561,74,-47,3
263,3806,9154,-465,87,47,3
348,3841,9124,-343,105,215,3
420,3501,9040,-218,128,369,3
486,2985,8954,-145,163,398,3
386,2598,8934,-181,179,320,3
286,2498,9009,-237,217,216,3
156,2697,9155,-307,256,125,3
46,2875,9313,-420,261,52,3
15,2938,9535,-507,260,-2,3
26,3104,9777,-604,218,-13,3
258,3396,9931,-543,125,180,3
314,3330,9815,-409,131,330,3
189,2570,10148,-470,25,314,3
234,2598,9957,-542,-42,351,3
239,2563,9680,-561,-81,409,3
259,2317,9472,-539,-92,459,3
259,2150,9356,-466,-70,495,3
290,1880,9275,-339,-12,484,3
216,1680,9350,-224,50,383,3
164,2009,9545,-156,86,322,3
199,2481,9646,-103,104,333,3
167,2681,9731,-91,94,380,3
135,2590,9751,-132,56,453,3
82,2390,9713,-190,23,534,3
69,2089,9668,-251,2,583,3
50,1768,9610,-266,-11,582,3
25,1528,9452,-186,12,530,3
10,1602,9322,-60,61,459,3
-43,1962,9330,27,112,438,3
-3,2184,9421,54,147,443,3
88,2116,9536,41,163,430,3
63,2123,9638,36,182,434,3
29,2094,9640,28,188,469,3
11,1933,9572,-2,160,521,3
4,1681,9427,-31,132,553,3
20,1426,9369,-37,123,556,3
29,984,9334,-28,115,463,3
-137,918,9295,7,110,306,3
-253,1592,9343,62,122,216,3
-243,2280,9464,96,144,249,3
-205,2602,9602,99,143,358,3
-94,2654,9598,92,124,471,3
-47,2627,9542,84,109,586,3
62,2171,9494,84,103,663,3
131,1423,9375,55,86,604,3
15,1142,9264,25,87,495,3
76,1118,9252,27,129,386,3
96,1235,9344,12,168,268,3
51,1488,9486,-12,204,184,3
-88,1811,9641,6,248,147,3
-156,2124,9827,66,299,179,3
-102,2371,10034,131,346,253,3
-126,2332,10169,180,359,299,3
-1006,2025,11394,159,596,-692,3
-1006,2025,11394,159,596,-692,3
-1351,2618,11986,239,678,-937,3
-1703,3520,12644,359,725,-1024,3
-2282,4659,13521,410,669,-926,3
-2954,6367,15305,297,478,-915,3
-4216,8436,18128,90,191,-1139,3
-6705,9583,21173,25,-125,-1319,3
-9652,10440,23696,93,-663,-940,3
-11007,11989,25290,312,-1790,-74,3
-11561,13287,25988,738,-3311,914,3
-13045,14205,25882,1464,-4789,2334,3
-15273,16172,24995,2009,-6223,4268,3
-17692,16722,22935,2009,-7876,6820,3
-21079,18209,17721,2646,-9263,10863,3
-25342,18336,12695,3481,-10026,16379,3
-25342,18336,12695,3481,-10026,16379,3
-26463,10619,12414,3887,-10509,17453,3
-17544,-14897,-101,6167,-7714,17453,3
-17544,-14897,-101,6167,-7714,17453,3
-16621,-21031,-6615,5326,-5280,17453,3
-14649,-27109,-7161,4239,-2812,17453,3
-12361,-26832,-4459,3225,-1054,14481,3
-14777,-22166,-4708,2436,-50,8530,3
-17241,-19528,-3790,1376,530,2958,3
-17313,-17544,-1778,-231,295,-44,3
-15267,-15567,89,-1205,-94,-838,3
5316,-2736,4942,-69,-393,-1362,3
5316,-2736,4942,-69,-393,-1362,3
4447,-4100,4684,-127,-290,-1071,3
3694,-5885,4456,-159,-125,-818,3
3419,-7798,4459,-244,22,-792,3
2666,-9556,4752,-455,169,-1438,3
2666,-9556,4752,-455,169,-1438,3
2285,-9781,4868,-452,221,-1928,3
1878,-9620,4835,-419,220,-2400,3
1610,-9171,4485,-278,225,-2790,3
1426,-8854,4010,-116,242,-3154,3
1284,-9190,3639,-68,235,-3640,3
1418,-10494,3138,-151,255,-4513,3
1363,-11755,2625,-286,344,-5843,3
-1201,-11883,1291,-1059,1125,-9815,3
-1201,-11883,1291,-1059,1125,-9815,3
-17407,12982,13296,-780,9221,-10307,3
-17407,12982,13296,-780,9221,-10307,3
-11895,20795,21394,-1535,9089,-9118,3
-7126,25594,29243,-2541,7728,-7856,3
-6522,22234,30594,-2608,5325,-5995,3
-9398,16295,26229,-1221,2776,-2981,3
-9954,11338,21379,312,1013,304,3
-7908,8060,17448,873,247,2778,3
-5715,6444,15190,685,9,3608,3
-3592,5273,14224,-19,-138,3135,3
-1817,4075,13861,-699,-194,2061,3
-560,3961,14020,-1002,-78,1131,3
257,4917,14226,-955,-7,759,3
761,5305,13785,-697,-141,891,3
1227,4489,12822,-441,-394,1280,3
1515,3270,11680,-236,-621,1672,3
1781,1878,10612,11,-736,1860,3
2166,638,9787,247,-671,1742,3
2006,2226,7483,-287,-121,1425,3
1254,3025,8608,753,875,465,3
1254,3025,8608,753,875,465,3
1228,3380,8819,629,878,563,3
408,3581,9280,386,764,1076,3
408,3581,9280,386,764,1076,3
435,3252,9636,468,801,1206,3
635,2686,9912,634,851,1170,3
685,2340,9944,734,857,949,3
356,2492,9838,689,810,735,3
234,2923,9870,507,717,596,3
336,3374,9873,272,590,528,3
481,3434,9699,141,496,507,3
537,3329,9494,160,488,528,3
503,3318,9350,194,517,586,3
502,3249,9292,145,516,657,3
458,3102,9198,59,486,726,3
179,2955,9068,44,491,770,3
-28,3029,9138,98,556,778,3
77,2992,9453,132,608,731,3
136,2836,9677,155,596,521,3
159,4298,9620,-63,345,282,3
-7,4413,9366,-6,346,464,3
-154,4320,9087,110,413,673,3
-141,4276,9170,187,519,858,3
-68,4316,9519,192,587,957,3
-8,4229,10052,148,542,980,3
-8,4229,10052,148,542,980,3
-131,4178,10373,105,414,971,3
-116,4006,10196,71,301,960,3
-49,3821,9718,22,201,1004,3
-13,3623,9158,-35,163,1055,3
50,3648,8785,-101,215,1068,3
52,3905,8722,-140,299,1055,3
89,4104,8838,-134,366,1052,3
86,4061,8961,-75,403,1038,3
-9,3907,9201,0,411,1017,3
-13,3853,9465,64,415,1041,3
-10,3872,9621,111,416,1078,3
-31,3782,9708,135,392,1100,3
-32,3632,9737,113,338,1117,3
16,3556,9689,41,261,1143,3
168,3480,9545,-34,173,1157,3
203,3414,9281,-60,109,1143,3
-71,4565,9243,272,293,829,3
-71,4565,9243,272,293,829,3
266,4351,9458,453,437,640,3
286,4370,9693,468,495,475,3
95,4762,9951,282,407,414,3
146,4993,10058,134,289,457,3
168,5118,9951,84,182,602,3
132,4978,9664,87,109,765,3
174,4580,9346,94,62,884,3
271,4265,9164,53,29,927,3
399,4004,9035,-28,17,873,3
409,3923,8928,-97,20,795,3
462,4030,8906,-126,58,749,3
526,3549,9123,-172,211,792,3
526,3549,9123,-172,211,792,3
471,3484,9352,-189,227,768,3
416,3456,9566,-194,224,746,3
368,3428,9664,-193,201,743,3
351,3293,9774,-168,184,706,3
350,3312,9784,-162,167,636,3
317,3423,9682,-193,134,571,3
304,3579,9627,-258,97,519,3
308,3826,9519,-331,68,503,3
341,3970,9507,-372,58,515,3
490,3896,9539,-382,51,555,3
579,3644,9493,-343,38,580,3
877,3334,8217,-446,218,376,3
1482,2136,8577,-298,505,183,3
1482,2136,8577,-298,505,183,3
1636,1522,8441,-250,625,-210,3
477,2924,10053,-1017,1306,-1418,3
477,2924,10053,-1017,1306,-1418,3
-229,2882,11675,-1200,1555,-1720,3
-1624,3550,13740,-1006,1777,-1902,3
-6349,9259,25839,271,620,-1165,3
-6349,9259,25839,271,620,-1165,3
-9106,11718,31636,622,-560,-899,3
-13067,13826,-28651,798,-2078,-682,3
-13968,17624,-26310,462,-4149,-19,3
-15731,21088,-26310,-309,-6857,1366,3
-18833,22400,-28677,-837,-9699,3645,3
-20739,22028,31901,-470,-12054,6841,3
-27224,-487,14763,4095,-14451,16017,3
-25246,-2978,8311,5349,-13430,17104,3
-16722,-11883,-11828,4072,-6387,15224,3
-15926,-14557,-12823,2900,-4106,13908,3
1303,-11996,791,-709,514,-317,3
2767,-9810,1278,-710,544,-1282,3
3721,-8028,1854,-714,636,-1978,3
4180,-6784,2059,-657,802,-2324,3
4349,-6044,1746,-482,1075,-2382,3
4353,-5715,1561,-267,1353,-2281,3
4047,-5789,1620,-80,1583,-2106,3
3745,-6349,1892,25,1743,-1981,3
3281,-7016,2115,-20,1762,-1930,3
2601,-7763,1940,-49,1723,-1892,3
2193,-8579,1680,118,1758,-1837,3
2193,-8579,1680,118,1758,-1837,3
1721,-8882,256,1201,2353,-3388,3
-2603,-3419,-3720,1836,4404,-6006,3
-2603,-3419,-3720,1836,4404,-6006,3
-4301,-3251,-3106,1579,5045,-6720,3
-6499,-2310,-2073,1366,5684,-7311,3
-8764,-913,-668,1251,6301,-7636,3
-11109,399,1081,1175,6708,-7711,3
-12987,1252,3034,1142,6980,-7603,3
-15200,2484,6306,1021,7256,-7309,3
-17418,4116,12311,494,7244,-6977,3
-17023,10230,21104,-327,6805,-7008,3
-6739,7805,21438,-888,669,3484,3
-6739,7805,21438,-888,669,3484,3
-1071,-3196,15140,529,-263,332,3
-1071,-3196,15140,529,-263,332,3
-1239,-1611,13956,1395,-45,-121,3
-1189,-339,13215,1863,83,-131,3
-1087,-101,12875,1956,85,-21,3
-1028,22,12809,1893,25,87,3
-928,469,12727,1744,-58,132,3
-986,827,12577,1442,-190,78,3
-1182,1164,12291,909,-363,51,3
-1594,1212,11840,263,-559,36,3
-1969,879,11421,-159,-730,14,3
-1692,79,11184,-218,-876,-10,3
-1371,-739,10801,-79,-930,-13,3
-1234,-990,10258,166,-879,-30,3
-1100,-905,9771,402,-812,-64,3
-675,-633,9386,652,-718,-125,3
-339,13,8980,936,-561,-191,3
-169,700,8698,1175,-372,-188,3
113,1115,8688,1194,-209,-130,3
294,1290,8837,955,-99,-84,3
104,796,9143,568,-66,-107,3
-73,56,9568,148,-104,-166,3
-84,-683,10002,-72,-78,-219,3
-318,-1223,10397,-46,-30,-335,3
-630,-909,10477,439,-38,-450,3
310,1161,10190,787,-129,-68,3
338,1091,10422,694,-91,76,3
470,993,10635,602,-72,229,3
598,736,10723,449,-124,327,3
616,260,10640,333,-217,311,3
442,-147,10398,288,-303,194,3
197,-226,10011,331,-346,44,3
106,-77,9762,321,-405,-86,3
193,295,9629,270,-457,-124,3
252,790,9480,290,-474,-147,3
429,1083,9405,306,-428,-182,3
481,1394,9433,216,-370,-166,3
599,1765,9524,66,-331,-110,3
725,1733,9528,-54,-322,-85,3
745,1373,9362,-110,-331,-174,3
617,1209,9094,-142,-327,-346,3
359,1280,8931,-200,-314,-493,3
216,1617,8843,-220,-298,-574,3
251,2062,8770,-158,-253,-619,3
414,2449,8759,-49,-190,-638,3
566,2917,8830,61,-118,-585,3
658,3417,8930,146,-66,-452,3
760,3541,8998,202,-39,-299,3
533,2482,8622,82,-122,82,3
117,2007,8491,116,-81,7,3
-25,2387,8620,142,-4,-55,3
153,3020,8899,84,45,-95,3
272,3280,9110,-18,56,-149,3
342,3463,9274,-116,58,-154,3
392,3566,9335,-170,52,-98,3
415,3446,9301,-169,31,-13,3
117,2777,9119,59,512,-680,3
-25,3002,9410,120,697,-732,3
-25,3002,9410,120,697,-732,3
-1021,3301,11062,75,1014,-788,3
-1021,3301,11062,75,1014,-788,3
-1260,3125,11699,131,1019,-873,3
-1594,3195,12210,173,989,-947,3
-2060,3223,12571,165,930,-1090,3
-2871,3617,12857,216,873,-1191,3
-3778,4334,13227,349,824,-1154,3
-5035,5918,14187,561,775,-1090,3
-5662,8795,16249,561,724,-1045,3
-11804,-3832,776,3773,-9942,17079,3
-11804,-3832,776,3773,-9942,17079,3
-9312,-5406,-3049,3395,-8403,16324,3
-8554,-8318,-5069,2818,-6741,15098,3
-7965,-11389,-6451,2106,-5053,13610,3
-7409,-13433,-6405,1172,-3604,11911,3
-7308,-13287,-8148,164,-2525,9881,3
-9265,-13871,-10751,-594,-1490,7500,3
6715,-6463,2328,-160,104,-697,3
6687,-6290,2284,-153,162,-514,3
6524,-6311,2288,-140,205,-304,3
6269,-6654,2223,-77,226,-128,3
5894,-7188,2195,2,225,-9,3
3474,-9194,247,127,322,-2452,3
2892,-8754,-377,371,524,-2670,3
2661,-8772,-1004,524,739,-2799,3
2779,-9492,-1410,493,931,-3134,3
2893,-10583,-1710,413,1176,-3879,3
2727,-11517,-1946,404,1466,-4972,3
2065,-11723,-2185,499,1753,-6146,3
1079,-11195,-2543,550,1926,-7134,3
138,-9919,-2662,355,1874,-7747,3
-102,-9264,-2718,136,1832,-8183,3
-111,-9434,-3502,-28,1871,-8697,3
-348,-9530,-4077,-265,2016,-9242,3
-1195,-9039,-4658,-405,2459,-9906,3
-5612,-3921,-4297,-1408,4350,-10279,3
-6912,-2345,-3559,-1299,4926,-10063,3
-8050,-1373,-2282,-1483,5614,-9660,3
-14195,8369,6293,-784,7999,-8731,3
-14412,15480,12526,-1070,8711,-8537,3
-12421,23614,21876,-1698,8871,-8554,3
-10679,26989,30315,-2476,7874,-8248,3
-11947,21968,-32767,-3069,6041,-6433,3
-12505,17025,32661,-3057,3258,-3142,3
-10253,15013,29349,-1980,662,159,3
-7278,13812,24696,-482,-808,2289,3
-4994,12444,19696,483,-1141,3158,3
-3411,11029,15742,724,-1013,3163,3
-1350,9119,13813,288,-843,2726,3
323,7522,13618,-188,-663,2232,3
1399,6262,13795,-327,-576,1751,3
1999,5430,13282,-239,-629,1404,3
2162,4929,12070,-101,-725,1314,3
2242,4268,10830,-14,-771,1362,3
2379,3702,9805,14,-726,1431,3
2530,3092,9018,-35,-619,1450,3
2305,2965,8735,271,262,193,3
2162,2322,8036,-110,141,312,3
2162,2322,8036,-110,141,312,3
2118,2274,8069,-134,176,262,3
2049,2013,8098,-95,208,123,3
1873,1865,8030,-30,253,-134,3
1612,2316,7984,-19,311,-322,3
1630,2891,8187,-44,369,-398,3
1674,3375,8536,-35,410,-415,3
1539,3677,8885,15,418,-413,3
1200,3883,9131,88,400,-393,3
774,4313,9592,255,298,-276,3
774,4313,9592,255,298,-276,3
781,4301,9708,356,233,-193,3
790,4296,9681,478,178,-147,3
786,4642,9427,495,90,-173,3
786,4642,9427,495,90,-173,3
799,4726,9407,419,63,-146,3
830,4673,9346,347,43,-136,3
778,4562,9231,294,38,-143,3
773,4454,9161,201,29,-116,3
767,4340,9124,94,0,-79,3
712,4330,9064,44,-41,-54,3
745,4322,9007,37,-71,-41,3
788,4371,8936,53,-71,-15,3
845,4422,8873,74,-60,29,3
890,4399,8830,83,-46,73,3
889,4306,8818,59,-29,119,3
902,4126,8796,25,-12,149,3
946,3984,8776,4,2,141,3
933,3893,8771,-10,13,136,3
864,3672,8790,-32,31,111,3
843,3477,8924,-64,41,34,3
909,3612,9055,-97,22,-9,3
1052,3763,9086,-109,-8,-11,3
1155,3776,9080,-120,-35,1,3
1203,3691,9075,-152,-59,-35,3
1139,3563,9061,-181,-85,-106,3
1046,3641,8930,-221,-106,-120,3
938,3759,8788,-254,-106,-107,3
918,3914,8816,-238,-62,-96,3
993,4162,8958,-188,-18,-70,3
980,4312,9098,-104,-11,-29,3
968,4310,9140,-10,-21,20,3
1041,4325,9113,58,-31,72,3
1040,4368,9061,102,-35,119,3
1113,4301,9073,132,-21,145,3
1091,4137,9077,142,-6,127,3
1059,3732,8755,-59,-133,68,3
1083,3701,8646,-74,-115,38,3
1120,3769,8559,-47,-69,2,3
1083,3968,8537,-22,-32,-25,3
1055,4104,8634,-13,-7,-43,3
1098,4170,8814,3,2,-25,3
1180,4172,8949,45,-1,7,3
1211,4116,8991,85,-14,17,3
1248,4167,8983,101,-26,30,3
1268,4167,8903,76,-45,55,3
1298,3952,8698,17,-62,58,3
1242,3779,8566,-29,-54,38,3
1209,3680,8606,-52,-24,3,3
1242,3624,8737,-78,0,-49,3
1296,3858,8831,-104,10,-76,3
1364,4027,8824,-117,4,-66,3
1369,4059,8748,-118,-5,-24,3
1381,3924,8622,-108,-10,-5,3
1389,3792,8533,-61,0,-18,3
1377,3950,8584,16,36,-5,3
1358,4178,8735,74,70,7,3
1339,4308,8912,88,77,3,3
1368,4418,9079,67,75,-1,3
1357,4550,9144,39,71,28,3
1375,4552,9134,9,63,62,3
1368,4448,9052,-21,49,89,3
1365,4348,8973,-37,44,104,3
1416,4272,8907,-43,42,122,3
1478,4069,8877,-41,35,126,3
1488,3755,8860,-34,36,80,3
1382,3683,8851,-36,33,25,3
1350,3749,8848,-27,24,-22,3
1371,3913,8843,-3,21,-64,3
1424,4130,8871,-2,25,-74,3
1456,4348,8922,-20,30,-54,3
1453,4448,8918,-26,31,-30,3
1446,4419,8924,-33,14,0,3
1492,4395,8892,-39,-8,35,3
1500,4336,8806,-13,-25,74,3
1497,4172,8680,20,-27,96,3
1472,3938,8549,21,-20,64,3
1350,3863,8529,-6,-2,-17,3
1412,4698,8742,-54,33,-41,3
1468,4732,8713,-58,34,-5,3
1468,4732,8713,-58,34,-5,3
1525,4769,8736,-52,44,39,3
1556,4658,8769,-30,50,87,3
1576,4358,8741,4,55,135,3
1587,3969,8728,11,60,131,3
1477,3623,8740,-15,60,56,3
1345,3668,8795,-31,71,-24,3
1330,3984,8885,-52,77,-78,3
1310,4334,8949,-86,63,-109,3
1346,4565,9000,-104,45,-105,3
1444,4662,9022,-97,36,-69,3
1501,4703,9027,-90,31,-13,3
1503,4691,9043,-71,9,46,3
1508,4506,8974,-25,-17,110,3
1497,4151,8822,27,-33,139,3
1443,3877,8672,47,-41,119,3
1474,3769,8595,23,-39,85,3
1435,3737,8581,1,-30,12,3
1351,3963,8601,-6,-15,-37,3
1371,4175,8609,-28,-12,-50,3
1339,4279,8664,-50,-10,-43,3
1297,4427,8748,-42,-7,-17,3
1292,4623,8748,-2,-14,25,3
1389,4569,8772,35,-27,71,3
1397,4373,8779,46,-39,119,3
1365,4118,8725,47,-48,143,3
1347,3824,8669,47,-45,127,3
1234,3591,8668,43,-31,57,3
1203,3687,8698,42,-11,-12,3
1262,3985,8761,33,3,-49,3
1289,4225,8838,18,10,-70,3
1331,4357,8877,9,7,-60,3
1375,4331,8858,5,0,-25,3
1330,4283,8827,23,-4,13,3
1310,4228,8848,61,1,39,3
1219,4308,8974,29,4,2,3
1246,4340,9026,4,10,-13,3
1221,4400,9092,-25,-5,-9,3
1292,4346,9093,-39,-38,13,3
1336,4243,9024,-5,-60,45,3
1365,4193,8940,38,-68,83,3
1401,4138,8827,51,-79,112,3
1398,3970,8727,47,-88,128,3
1405,3708,8645,35,-81,100,3
1362,3590,8634,20,-60,39,3
1362,3680,8679,10,-33,-13,3
1330,3923,8725,-9,-16,-47,3
1361,4113,8833,-34,-11,-61,3
1462,3896,8892,-34,-19,-60,3
1449,3645,8897,-87,-29,-168,3
1362,3269,8892,-193,-35,-355,3
1437,2513,9024,-399,-17,-776,3
1465,2208,9440,-705,27,-1314,3
1298,2322,10022,-1009,101,-1952,3
428,3180,10650,-1144,250,-2665,3
-1101,5369,11787,-1103,527,-3039,3
-2281,8244,14135,-867,906,-3029,3
-2871,11816,18748,-625,1063,-2991,3
-3330,15149,25260,-457,615,-2934,3
-4421,17085,31369,-162,-690,-2457,3
-8226,16649,-32094,351,-2622,-1194,3
-11538,16205,32068,626,-5009,981,3
-11863,17863,31275,382,-7593,3678,3
-13556,19686,29447,317,-9857,6659,3
-15439,19891,26934,573,-12003,9520,3
-16594,20694,23651,875,-13811,12529,3
-18579,17128,16513,1414,-14725,15245,3
-17109,6476,11122,2386,-14501,16881,3
-14551,1884,7285,3409,-13493,17453,3
-13874,-1095,1349,3714,-12180,17453,3
-11765,-5268,-4945,3475,-10458,17032,3
-10065,-9591,-8536,3190,-8524,15302,3
-9484,-12719,-10592,2835,-6257,12776,3
-12042,-13091,-11924,1888,-4038,9772,3
-15228,-12732,-13654,409,-2645,6913,3
-19034,-12918,-14833,-789,-1658,5024,3
-21542,-14745,-14060,-1156,-686,4181,3
-20143,-17599,-12377,-760,222,3799,3
-15356,-18814,-9275,-325,963,3333,3
-9180,-17776,-5405,-395,1309,2443,3
-3287,-14612,-2055,-735,1349,1195,3
3816,-12318,427,472,934,-1444,3
4308,-11389,556,223,1040,-1911,3
4635,-9854,878,12,1105,-2328,3
4589,-8734,717,-60,1122,-2634,3
4371,-8294,167,-37,1144,-2800,3
4213,-8206,-481,-9,1218,-2918,3
3946,-8133,-1167,-19,1304,-3057,3
3946,-8133,-1167,-19,1304,-3057,3
3468,-8218,-1865,-12,1433,-3248,3
3569,-10752,-3372,-326,2212,-5412,3
3569,-10752,-3372,-326,2212,-5412,3
3049,-10935,-4101,-331,2757,-6678,3
1488,-10008,-5484,70,3452,-7548,3
-339,-9007,-6944,630,4212,-7718,3
-8315,13205,20303,2241,1178,1262,3
-5053,12820,17603,1311,641,2575,3
-3118,11302,15872,-135,94,2517,3
-1637,8743,14256,-1809,-452,1734,3
817,6123,11637,-3094,-969,-167,3
1533,5581,11255,-2344,-849,-704,3
1867,5935,10640,-1350,-642,-617,3
1875,6325,9593,-526,-499,-155,3
1929,5964,8777,-9,-379,387,3
1954,5275,8341,292,-216,883,3
1726,4348,8243,487,-28,1204,3
1764,3500,8353,449,144,1316,3
1787,2709,8435,290,283,1250,3
1516,1758,8514,112,363,961,3
1318,1081,8672,-241,343,494,3
1274,1316,8826,-612,274,161,3
1265,1926,8865,-681,274,-5,3
1289,2427,8935,-526,321,-74,3
1444,2741,9020,-357,339,-85,3
1577,2982,9016,-238,307,-42,3
1636,3170,8864,-138,266,36,3
1525,3255,8517,-29,243,98,3
1309,3184,8260,100,249,74,3
1395,3172,8195,235,311,68,3
1556,3356,8235,335,395,145,3
1690,3484,8376,405,470,216,3
1637,3451,8470,439,543,244,3
1243,3340,8687,450,615,230,3
930,3338,9071,453,691,199,3
712,3471,9472,427,737,146,3
402,3630,9891,425,761,62,3
342,3675,10482,423,764,-44,3
538,3725,10933,418,676,-181,3
640,3984,11038,405,519,-326,3
677,4448,10837,350,345,-393,3
797,4890,10476,267,201,-358,3
860,5039,10077,167,102,-275,3
814,5038,9724,44,27,-160,3
803,4802,9392,-79,-27,-34,3
876,4236,9196,-124,-23,25,3
741,3980,9140,-130,20,41,3
645,4023,9237,-112,64,27,3
779,4193,9332,-70,91,6,3
798,4374,9379,-26,84,9,3
810,4380,9410,8,59,30,3
854,4298,9372,38,42,76,3
863,4175,9274,64,37,126,3
837,4006,9191,71,39,153,3
787,3701,9167,50,48,123,3
719,3600,9209,1,59,96,3
693,3620,9229,-26,69,93,3
563,3531,9277,-96,19,-97,3
563,3531,9277,-96,19,-97,3
584,3696,9200,-109,-33,-88,3
566,3782,9120,-69,-43,-46,3
554,3820,9137,-14,-23,6,3
566,3796,9195,12,-23,54,3
533,3695,9210,29,-50,78,3
440,3603,9141,56,-65,91,3
418,3565,9064,69,-69,109,3
379,3525,8988,76,-77,116,3
252,3469,8850,94,-84,108,3
266,3410,8736,110,-71,70,3
245,3451,8703,103,-49,-2,3
322,3975,8693,72,-31,22,3
322,3975,8693,72,-31,22,3
306,3830,8570,82,-20,83,3
268,3573,8504,95,2,107,3
178,3216,8492,99,38,60,3
126,3089,8560,61,69,-33,3
117,3329,8655,4,86,-86,3
180,3575,8721,-28,93,-96,3
199,3665,8723,-41,103,-75,3
199,3617,8684,-55,111,-39,3
177,3521,8588,-55,121,-13,3
143,3523,8565,-30,139,3,3
126,3573,8591,0,171,11,3
126,3573,8591,0,171,11,3
71,3541,8696,14,207,4,3
3,3477,8819,16,235,-21,3
15,3365,8988,-26,244,-78,3
50,3320,9135,-82,233,-126,3
16,3349,9196,-85,227,-149,3
-88,3435,9184,-60,208,-155,3
-129,3559,9173,-37,207,-140,3
-159,3738,9284,-31,223,-120,3
-168,3853,9459,-20,232,-113,3
-240,3842,10090,46,169,-109,3
-240,3842,10090,46,169,-109,3
-198,3896,10065,48,106,-108,3
-125,3869,9927,42,51,-101,3
-95,3828,9723,21,13,-102,3
-83,3786,9578,-14,-9,-91,3
-63,3707,9504,-45,-10,-91,3
-14,3678,9470,-62,-5,-97,3
41,3670,9445,-75,-17,-102,3
-43,3675,9385,-64,-33,-103,3
-104,3727,9330,-27,-30,-106,3
-100,3844,9288,-4,-21,-109,3
-92,4014,9305,-7,-17,-96,3
-44,4053,9290,-15,-28,-79,3
-25,3976,9245,-18,-43,-71,3
-3,3999,9238,-20,-44,-42,3
68,3991,9241,-20,-42,-15,3
149,3889,9188,-31,-54,1,3
171,3745,9055,-54,-63,27,3
128,3543,8893,-73,-15,-26,3
128,3543,8893,-73,-15,-26,3
79,3647,8888,-99,-2,-22,3
73,3761,8928,-91,18,-10,3
13,3903,8974,-79,24,14,3
70,3893,9065,-59,23,36,3
107,3877,9128,-24,23,66,3
98,3845,9123,10,7,95,3
130,3736,9047,28,4,121,3
105,3609,9016,26,25,114,3
38,3512,9099,-15,46,80,3
-32,3484,9251,-69,56,50,3
11,3549,9352,-86,60,30,3
76,3645,9364,-82,50,25,3
49,3744,9232,-80,27,33,3
80,3770,9122,-65,18,60,3
98,3780,9058,-39,29,109,3
-87,3082,9274,7,56,89,3
-87,3082,9274,7,56,89,3
-150,3360,9349,-20,60,48,3
-112,3592,9403,-69,48,46,3
-102,3624,9322,-93,29,66,3
-87,3581,9162,-86,17,86,3
-141,3529,9031,-73,16,109,3
-221,3492,8996,-56,27,135,3
-237,3409,9057,-30,42,153,3
-282,3293,9177,-10,49,134,3
-320,3278,9289,-16,39,97,3
-304,3373,9352,-35,35,69,3
-298,3426,9380,-55,26,41,3
-287,3504,9344,-74,9,52,3
-223,3492,9287,-67,-6,80,3
-175,3372,9140,-42,-13,108,3
-171,3340,9021,-11,-10,129,3
-168,3337,8968,12,1,133,3
-204,3338,8960,22,11,131,3
-232,3396,9057,25,32,128,3
-222,3367,9215,21,50,99,3
-226,3417,9304,13,49,68,3
-202,3565,9304,3,38,58,3
-165,3644,9262,-3,27,77,3
-129,3531,9243,-4,21,107,3
-98,3313,9165,4,18,124,3
-129,3179,9112,20,18,129,3
-56,3055,9136,24,19,118,3
-19,3070,9162,15,16,105,3
5,3076,9147,0,11,83,3
-27,3027,9132,-3,18,52,3
-49,3023,9149,-1,26,12,3
-59,3093,9168,-3,30,-46,3
-61,3331,9208,-5,33,-80,3
-38,3589,9225,-5,26,-56,3
28,3638,9144,4,12,-16,3
5,3587,9022,23,11,17,3
-14,3526,8980,30,14,38,3
-23,3507,8985,23,19,46,3
-64,3519,8995,25,31,43,3
-81,3454,9069,23,44,18,3
-96,3457,9124,-13,46,-27,3
-70,3579,9195,-49,47,-51,3
-74,3729,9221,-29,54,-41,3
-77,3759,9209,-10,61,-16,3
-69,3760,9235,-13,63,20,3
-83,3764,9296,-3,56,56,3
-76,3659,9275,23,39,80,3
-41,3591,9237,45,34,96,3
-35,3569,9196,49,33,103,3
-9,3535,9202,37,35,99,3
-8,3391,9190,30,42,74,3
-28,3711,9373,30,32,23,3
-28,3711,9373,30,32,23,3
-69,3694,9375,41,19,42,3
-20,3616,9389,46,11,50,3
5,3568,9337,51,1,55,3
22,3525,9253,46,-13,59,3
16,3433,9119,38,-18,51,3
-20,3329,9006,23,-20,19,3
-37,3289,8986,0,-14,-30,3
-57,3525,9067,-13,6,-60,3
-61,3776,9213,-19,21,-70,3
-41,3842,9341,-22,22,-63,3
-98,3858,9401,-20,12,-39,3
-158,3832,9410,-7,1,-3,3
-105,3796,9389,8,-10,36,3
-63,3739,9328,13,-16,60,3
-29,3620,9249,-6,-21,66,3
3,3444,9182,-29,-26,53,3
17,3240,9104,-43,-29,1,3
5,3195,9047,-59,-37,-49,3
17,3223,9025,-75,-34,-94,3
21,3146,9013,-141,-36,-183,3
-64,3106,9132,-298,-61,-309,3
-96,3217,9422,-415,-66,-428,3
-117,3387,9605,-491,-84,-594,3
-360,3811,9794,-568,-92,-778,3
-615,4672,10445,-664,-84,-948,3
-1145,6028,12079,-810,-167,-1304,3
-2382,8587,15462,-934,-385,-1739,3
-3493,13509,21443,-694,-721,-2344,3
-5638,18957,29029,-217,-1440,-2822,3
-9203,21166,-31375,-150,-2882,-2311,3
-10838,21028,-32086,-260,-5112,139,3
-11454,20582,29812,260,-7408,4132,3
-11408,17346,25974,1475,-8820,8012,3
-12185,12858,22745,2113,-9750,10376,3
-12380,10697,18860,2584,-10438,12279,3
-6361,749,4343,4815,-8358,14450,3
-6361,749,4343,4815,-8358,14450,3
-6397,-561,1280,4125,-7245,13775,3
-7103,-3652,-1632,3479,-5999,12827,3
-7654,-6935,-3075,2850,-4536,11910,3
-9120,-10914,-3979,1298,-1875,9587,3
-9120,-10914,-3979,1298,-1875,9587,3
-10858,-12316,-4640,788,-805,8050,3
-13378,-13466,-5000,444,182,6575,3
-14079,-15799,-3373,176,766,5189,3
-13690,-16314,-3374,116,1029,4126,3
-12745,-17163,-2172,291,1333,3127,3
-1285,-10707,1965,-688,1051,-1485,3
-1285,-10707,1965,-688,1051,-1485,3
14,-9312,2164,-680,1071,-2048,3
766,-8429,2199,-516,1141,-2550,3
901,-7931,1981,-229,1249,-3014,3
647,-8043,1532,44,1368,-3416,3
292,-8808,1063,155,1501,-3849,3
-308,-9598,799,76,1659,-4334,3
-788,-10367,669,-144,1825,-4873,3
-756,-11545,501,-474,1921,-5701,3
-752,-12276,112,-725,2046,-6874,3
-1267,-12142,-529,-692,2342,-8195,3
-2345,-11357,-1800,-484,2705,-9369,3
-3469,-10604,-3446,-218,3144,-10246,3
-4535,-9846,-4545,-78,3811,-10904,3
-5712,-8886,-4721,-166,4764,-11437,3
-7637,-7067,-3632,-372,5866,-12033,3
-10327,-3930,-526,-985,6736,-12561,3
-13776,659,3695,-1252,7669,-13094,3
-17390,5669,7231,-1106,8418,-13636,3
-19662,10356,9565,-679,8838,-13764,3
-19689,14047,11639,-427,9005,-13297,3
-4813,22919,29242,-2632,4294,-7123,3
-9359,15949,24781,-1515,1915,-3575,3
-9665,12015,21068,165,702,486,3
-7163,10727,17655,1710,274,3280,3
-5353,9642,15231,2086,287,4620,3
-3872,7895,13811,1514,279,4670,3
-2299,5036,12915,444,18,3697,3
1880,2961,11389,-1661,-221,-232,3
1721,2900,10831,-1304,-125,-347,3
1680,2541,10015,-1058,-146,-185,3
1666,1941,9161,-867,-210,-4,3
1526,1336,8424,-651,-241,85,3
1310,939,7825,-426,-178,118,3
943,925,7367,-268,-34,113,3
816,1189,7271,-111,158,60,3
793,1365,7513,70,327,-5,3
729,1435,7919,212,473,-56,3
697,1467,8429,276,569,-116,3
578,1626,8934,304,604,-205,3
442,1818,9233,324,603,-273,3
474,1958,9429,322,591,-304,3
474,1958,9429,322,591,-304,3
447,1878,9514,257,555,-336,3
350,1561,9397,145,481,-395,3
-76,1470,8997,89,425,-458,3
-428,1734,8730,85,441,-547,3
-498,2296,8657,97,517,-594,3
-530,2766,8663,99,596,-600,3
-496,3037,8759,90,657,-585,3
-1235,3108,9593,133,561,-163,3
-1235,3108,9593,133,561,-163,3
-1431,3125,9571,204,625,-111,3
-1522,3282,9647,204,712,-137,3
-1583,3596,9796,55,756,-169,3
-1631,3846,9929,-184,743,-186,3
-1635,4100,10059,-422,693,-189,3
-2089,4162,8524,-655,303,364,3
-2089,4162,8524,-655,303,364,3
-1932,4143,8177,-452,333,555,3
-1720,4133,7960,-267,417,748,3
-1623,4028,7981,-129,504,917,3
-1455,3232,9022,107,657,1077,3
-1455,3232,9022,107,657,1077,3
-1419,2820,10035,192,647,1065,3
-1582,2679,10867,225,539,1013,3
-1863,2751,11101,149,374,944,3
-2045,2512,10982,-18,190,900,3
-2096,2256,10892,-135,66,896,3
-1781,1992,10884,-194,2,857,3
-1376,1757,10976,-268,-42,770,3
-1204,1782,11277,-347,-76,651,3
-997,1813,11925,-394,-135,548,3
-854,1970,12894,-394,-265,538,3
-629,2066,13785,-356,-511,527,3
-618,1515,14140,-278,-817,355,3
-695,732,13801,-270,-1051,96,3
-372,208,13275,-397,-1259,-168,3
-253,339,12593,-528,-1388,-362,3
-211,1002,12094,-556,-1290,-375,3
169,1422,12434,-544,-1120,-267,3
518,1352,12724,-512,-984,-166,3
551,942,12541,-541,-858,-97,3
524,550,12765,-656,-825,-63,3
600,-57,12651,-647,-861,-153,3
924,-881,11674,-633,-828,-384,3
1143,-1189,11108,-865,-712,-539,3
927,-787,11217,-1046,-536,-601,3
758,-384,11293,-1100,-392,-590,3
675,-147,11263,-1273,-425,-493,3
1024,76,9213,-1170,-884,-461,3
1024,76,9213,-1170,-884,-461,3
1124,250,8946,-923,-788,-296,3
1201,371,8766,-739,-699,-229,3
1223,308,8407,-678,-638,-247,3
1254,112,8310,-805,-583,-314,3
1304,-8,8606,-984,-523,-444,3
1236,453,9144,-992,-494,-578,3
1193,1022,9545,-882,-598,-663,3
1055,1303,9337,-669,-805,-673,3
979,1265,8763,-340,-1038,-609,3
1072,1310,8166,58,-1145,-533,3
1009,1781,7886,386,-1124,-508,3
1035,2195,7938,583,-1098,-483,3
1127,2312,7887,778,-1066,-410,3
1267,2238,7525,992,-1024,-378,3
1440,2285,7172,1041,-953,-369,3
1583,2290,7130,869,-869,-354,3
1662,2165,7276,565,-827,-334,3
1798,1976,7593,241,-818,-289,3
2019,1763,8007,10,-855,-255,3
2110,1255,8006,-98,-947,-276,3
2062,764,7558,-123,-1031,-354,3
2312,818,7221,-34,-1017,-440,3
2531,1340,7063,132,-863,-486,3
2733,1758,7103,352,-638,-486,3
2989,1939,7207,576,-356,-457,3
3032,2084,7412,703,-40,-422,3
2968,2258,7932,696,279,-383,3
2798,2172,8770,599,551,-360,3
2442,1637,9864,445,705,-389,3
2067,1164,10830,339,736,-501,3
1817,1395,11368,433,702,-622,3
1599,1905,11482,626,661,-646,3
1379,2375,11209,863,676,-532,3
1357,2457,10842,1006,718,-377,3
1466,2074,10541,993,782,-312,3
1401,1953,10370,935,905,-303,3
1081,1966,10477,793,1053,-303,3
-63,2399,12111,425,377,-279,3
-259,2762,11765,458,174,-70,3
-379,2924,11273,471,-1,184,3
-525,2983,10870,429,-138,412,3
-525,2983,10870,429,-138,412,3
-456,2130,10605,322,-231,467,3
-271,1416,10374,263,-231,351,3
-232,1482,10115,234,-143,134,3
-323,1798,9970,163,-30,-170,3
-597,2515,10008,82,87,-366,3
-1762,4374,11190,312,642,-635,3
-1762,4374,11190,312,642,-635,3
-2795,6025,13326,482,1028,-809,3
-3356,7909,16836,519,1313,-1014,3
-4683,10524,21528,466,1173,-1202,3
-7956,13275,27892,556,442,-1432,3
-12101,14650,-30557,817,-790,-1281,3
-15019,16554,-26310,1121,-2900,44,3
-17239,19826,-26310,1671,-6268,2795,3
-21201,22369,-27080,2728,-9924,6838,3
-23937,20199,32710,3383,-12793,11117,3
-26847,18289,25755,2630,-14742,14987,3
-30187,16398,18077,950,-16403,17453,3
32643,7582,7573,854,-16597,17453,3
-31432,-816,-2759,2147,-14913,17453,3
-29341,-6099,-13271,2874,-12316,17453,3
-24847,-12355,-20666,3167,-9336,17453,3
-20670,-19684,-20323,3265,-6487,17453,3
-18913,-25928,-18951,2889,-4129,14445,3
-21573,-24299,-22512,1779,-2924,8977,3
-23886,-21888,-21119,603,-1891,4314,3
-23558,-20565,-15599,-512,-1146,2001,3
-17946,-19917,-11105,-927,-374,1523,3
-8930,-17444,-6798,-1038,664,1676,3
235,-13496,-2478,-1406,1274,1228,3
6275,-8672,921,-1674,1385,-28,3
9132,-4227,3621,-1831,1200,-1119,3
10312,-1751,5371,-1697,930,-1392,3
9947,-955,5402,-1204,639,-915,3
8611,-2229,4027,-479,467,-112,3
7122,-5221,2293,107,434,592,3
5494,-8085,847,365,478,893,3
3717,-10362,324,325,599,682,3
2268,-11983,214,67,707,161,3
1315,-12704,307,-153,785,-423,3
651,-12664,410,-235,824,-918,3
438,-12614,262,-214,821,-1365,3
493,-12432,55,-143,804,-1823,3
371,-11848,-415,5,811,-2240,3
237,-11475,-1267,216,919,-2640,3
501,-11898,-2225,325,1092,-3255,3
957,-12711,-3140,284,1343,-4328,3
1118,-12947,-3803,123,1666,-5711,3
785,-12777,-4149,-107,2028,-7191,3
15,-12416,-4444,-205,2461,-8599,3
-1192,-10964,-4840,-163,2814,-9703,3
-2677,-8891,-5529,-61,2901,-10453,3
-3666,-7937,-6901,90,2901,-10871,3
-4919,-9097,-10577,-1278,4395,-11700,3
-7134,-8117,-9415,-1815,5634,-11898,3
-9474,-5576,-7024,-2534,6761,-11657,3
-11909,-1534,-3749,-2766,7812,-11089,3
-13433,2616,-62,-2891,8582,-10280,3
-15006,7039,4276,-2370,9621,-9643,3
-16103,13599,12596,-2072,10906,-9229,3
-14745,21919,25471,-2661,11339,-8625,3
-14229,25986,-28066,-2723,10292,-7516,3
-15081,18931,-26310,-2401,7286,-5157,3
-12501,12234,-26408,-1843,3367,-1296,3
-8642,11368,-29232,-894,222,1952,3
2311,3781,12082,-2784,-2377,1272,3
3350,2815,10910,-1951,-1577,719,3
3867,2433,10236,-725,-919,576,3
4161,2264,9651,424,-496,699,3
4133,2062,9205,1248,-168,928,3
4075,1713,8982,1621,85,1091,3
3994,1595,8834,1613,223,1131,3
3840,1321,8820,1371,218,1041,3
4172,235,8833,928,129,863,3
4480,-427,8657,521,83,717,3
4684,-893,8315,321,94,456,3
4591,-769,7849,304,201,144,3
4368,-21,7472,181,288,-49,3
4254,817,7437,-10,306,-120,3
4065,1662,7751,-45,327,-173,3
3703,2336,7920,101,356,-185,3
3202,3003,7822,298,370,-78,3
2701,3750,7695,441,378,96,3
2389,4328,7494,521,386,288,3
2121,4708,7204,565,423,478,3
1976,4859,7008,590,527,641,3
1957,5231,7065,510,679,826,3
1963,5618,7087,313,809,1085,3
2077,5535,6991,56,942,1397,3
1919,4846,6648,-73,1195,1739,3
1295,4309,5974,-26,1690,2116,3
1023,3583,5879,-147,2321,2286,3
840,1349,6684,-477,2914,1844,3
-1010,-1005,13125,-1002,3137,293,3
-897,-328,14056,-710,2550,216,3
-815,812,13787,-257,1831,293,3
-808,1897,12739,41,1128,408,3
-808,1897,12739,41,1128,408,3
-723,2506,11619,149,564,517,3
-241,2560,10836,32,294,623,3
-112,2481,10480,-226,249,786,3
-10,2051,10453,-340,237,924,3
207,1286,10520,-250,239,999,3
257,554,10526,-71,286,997,3
277,29,10478,133,324,898,3
256,-199,10400,317,325,697,3
174,-64,10289,452,306,485,3
105,423,10182,512,255,313,3
174,1174,10081,524,141,214,3
460,1533,9909,517,62,166,3
391,1913,10047,153,319,201,3
391,1913,10047,153,319,201,3
501,1866,10127,158,340,122,3
436,1805,10148,199,347,-9,3
347,2090,10125,200,329,-108,3
317,2519,10143,173,297,-122,3
316,2857,10215,169,266,-67,3
403,2958,10294,195,227,19,3
484,2888,10197,222,174,98,3
526,2704,9988,200,125,169,3
507,2536,9773,147,102,210,3
499,2230,9660,115,101,160,3
480,2247,9905,-69,131,-38,3
509,2468,9888,-41,113,-26,3
593,2566,9821,-17,95,-6,3
620,2610,9760,2,74,18,3
652,2649,9652,23,38,58,3
853,2420,9517,42,13,70,3
970,2050,9383,9,7,10,3
978,1714,9284,-30,1,-110,3
958,1638,9210,-1,24,-231,3
817,1818,9135,62,68,-330,3
650,2226,9106,120,101,-378,3
536,2548,9188,150,125,-367,3
397,2698,9283,208,138,-296,3
171,2603,9386,481,117,-107,3
122,2174,9391,354,110,-233,3
-122,2128,9483,255,148,-378,3
-295,2476,9684,279,229,-516,3
-441,2867,9979,238,295,-623,3
-650,3304,10350,81,310,-674,3
-668,3846,10812,-21,241,-630,3
-508,4217,11194,8,103,-508,3
-353,4352,11346,64,-60,-305,3
-233,3924,11055,18,-202,-134,3
-225,2943,10563,-158,-329,-120,3
-184,2094,10235,-290,-386,-277,3
-334,1818,10109,-326,-340,-484,3
-314,1695,10260,-455,-298,-755,3
-252,2158,10652,-537,-231,-930,3
-395,2831,11051,-493,-172,-930,3
-477,2959,11309,-328,-186,-833,3
-319,2543,11424,-189,-160,-731,3
-111,1837,11514,-94,-74,-802,3
-1,632,11761,12,86,-1230,3
-597,201,12451,119,367,-1962,3
-2425,1643,13828,331,718,-2519,3
-4587,4113,16021,685,932,-2647,3
-6326,6820,18846,1174,904,-2362,3
-7715,10618,22578,1634,600,-1785,3
-9754,16004,27602,1983,-128,-1314,3
-13404,19069,32073,2564,-1348,-832,3
-17016,20053,-31443,2979,-2974,540,3
-20062,21696,-31031,3241,-5016,2714,3
-23571,23534,-31630,3362,-7412,5879,3
-27243,23870,32038,3154,-10027,10036,3
-32631,22995,27398,3340,-12468,13985,3
27277,18000,19295,3192,-14327,17453,3
26309,7036,11611,2490,-15222,17453,3
29361,-775,4545,2065,-15080,17453,3
32484,-4097,-3994,2539,-13821,17453,3
-30233,-8317,-15253,3435,-11215,17453,3
-27882,-14705,-25294,4051,-7625,17453,3
-25536,-25423,-23008,3758,-4099,17453,3
-23593,-30335,-19738,2338,-1667,16414,3
-24856,-31469,-19789,1098,-171,11576,3
-26317,-30774,-18162,223,943,6221,3
-24518,-27828,-13964,-696,1507,2167,3
-18122,-22999,-7770,-1611,1524,-32,3
-9374,-16289,-1285,-2290,1324,-976,3
-523,-10118,3113,-2512,1064,-1522,3
6093,-4496,5773,-2424,828,-1868,3
8873,-2324,5174,-755,148,-377,3
6730,-5931,2971,-388,196,267,3
5218,-8887,1932,-327,332,603,3
3923,-11225,1364,-412,464,455,3
2654,-12707,1197,-484,572,45,3
1763,-13357,1581,-532,596,-397,3
1448,-13530,2023,-575,466,-797,3
1357,-13467,1863,-533,285,-1210,3
1328,-12972,1206,-380,175,-1637,3
1328,-12972,1206,-380,175,-1637,3
1460,-12073,398,-166,184,-2030,3
1836,-11430,-374,-7,283,-2437,3
2343,-11642,-1405,-19,449,-3094,3
2837,-12413,-2490,-183,730,-4254,3
2317,-12257,-3439,-270,1160,-5574,3
1243,-11184,-4172,-117,1703,-6642,3
56,-10069,-4747,75,2168,-7342,3
-598,-9962,-5182,76,2440,-7825,3
-817,-10525,-5875,-319,2470,-8322,3
-1848,-11450,-7938,-578,2503,-8974,3
-2736,-12833,-10873,-695,2734,-9749,3
-3867,-14263,-13356,-1184,3279,-10521,3
-6155,-14512,-14567,-1828,4304,-11169,3
-8848,-13508,-14147,-2727,5526,-11448,3
-11286,-12328,-11951,-3684,6832,-11671,3
-14605,-9863,-8351,-4349,8185,-12010,3
-18384,-5869,-4401,-4260,9585,-12021,3
-21892,-782,-451,-3631,11011,-11685,3
-24693,4841,3393,-2602,12336,-11124,3
-26255,9158,7907,-1210,13522,-10410,3
-24287,14875,17722,-107,14266,-9473,3
-18512,24749,32457,95,13979,-8454,3
-15999,30048,-27648,757,12367,-7805,3
-21046,21535,-31356,1977,9019,-5760,3
-20996,12736,29738,2294,5668,-1253,3
-17496,10442,26586,2023,3284,1981,3
-15080,8259,24423,957,1451,1856,3
-12458,6732,21936,-686,-202,275,3
-10260,7862,18414,-2114,-1662,-1118,3
-426,2798,9654,-655,-176,-251,3
-450,3498,9528,-745,-351,-267,3
-681,3972,9246,-677,-421,-124,3
-894,3917,8953,-480,-378,12,3
-810,3684,8899,-266,-239,118,3
-790,3745,8974,-83,-96,250,3
-1049,3962,9038,96,-10,412,3
-1303,3960,8989,248,43,580,3
-1118,3300,9031,227,70,567,3
-964,2692,9263,147,76,283,3
-990,3112,9404,137,81,28,3
-1106,3891,9332,135,39,-55,3
-1288,4368,9119,126,-38,-13,3
-1312,4701,8910,157,-66,105,3
-1211,5065,8728,198,-44,267,3
-1122,5162,8554,163,-49,374,3
-1095,4855,8494,83,-67,460,3
-1046,4531,8559,50,-27,528,3
-894,4368,8725,119,50,532,3
-873,4258,8838,208,108,479,3
-884,4043,8910,210,125,393,3
-827,3834,8966,134,117,258,3
-926,3838,8985,27,77,130,3
-967,3902,9010,-35,51,35,3
-990,4051,8983,-19,58,-30,3
-866,4212,8935,-38,60,-70,3
-733,4217,8992,-111,49,-116,3
-848,4642,9496,136,177,-129,3
-834,4702,9507,80,106,-59,3
-1120,3463,9211,-144,-93,-201,3
-1297,3741,9192,-104,-96,-278,3
-1397,4230,9164,-24,-94,-282,3
-1340,4539,9112,51,-92,-210,3
-1283,4632,9142,110,-69,-105,3
-1266,4656,9177,142,-46,-11,3
-1252,4630,9238,118,-50,82,3
-1130,4358,9320,62,-78,156,3
-986,3849,9296,35,-107,167,3
-864,3350,9103,28,-134,73,3
-876,3223,8973,-22,-174,-46,3
-815,3420,8895,-114,-227,-110,3
-745,3642,8749,-163,-271,-151,3
-769,3782,8497,-165,-286,-185,3
-779,3890,8339,-152,-269,-200,3
-738,4077,8288,-150,-238,-185,3
-672,4237,8269,-137,-202,-147,3
-668,4219,8255,-108,-158,-102,3
-670,4019,8209,-59,-100,-82,3
-761,3785,8257,-4,-18,-120,3
-930,3817,8467,-34,38,-189,3
-1035,4104,8796,-117,59,-225,3
-1088,4343,9082,-129,62,-247,3
-1047,4585,9228,-101,49,-232,3
-956,4798,9264,-82,18,-171,3
-888,4866,9200,-56,-13,-95,3
-842,4745,9120,-22,-47,-34,3
-702,4514,9045,-1,-73,6,3
-642,4229,8973,-18,-93,17,3
-577,3836,8916,-58,-104,-26,3
-577,3836,8916,-58,-104,-26,3
-642,3663,8867,-44,-83,-96,3
-835,3656,8909,-55,-68,-182,3
-689,3762,8816,82,-130,-50,3
-719,3709,8788,58,-116,-120,3
-750,3923,8929,39,-86,-149,3
-756,4218,9119,40,-65,-162,3
-818,4516,9240,41,-83,-123,3
-743,4623,9243,47,-120,-41,3
-682,4599,9098,56,-155,27,3
-659,4528,8939,67,-168,89,3
-669,4348,8875,65,-151,127,3
-701,3979,8931,26,-125,110,3
-864,3761,9095,5,-80,18,3
-1081,4101,9472,-6,-40,-54,3
-1194,4489,9868,6,-31,-66,3
-1370,4585,10207,56,-44,-37,3
-1631,5275,11169,294,-101,172,3
-1710,5610,11815,492,-235,288,3
-1915,5968,12791,757,-426,444,3
-2513,7021,14195,1097,-714,619,3
-3356,8104,15482,1322,-1076,694,3
-4095,9217,17090,1304,-1600,778,3
-5089,11007,19659,1253,-2393,1000,3
-6696,14613,22702,1268,-3547,1418,3
-8631,19585,25525,1022,-5301,2368,3
-11722,23546,27340,1422,-7048,4125,3
-15198,29563,27299,2825,-8464,7656,3
-19158,32340,25564,4238,-9841,12824,3
-21349,26320,22117,5633,-10869,17453,3
-14028,2196,10100,7763,-9041,17453,3
-14028,2196,10100,7763,-9041,17453,3
-12938,-2836,4695,6527,-7399,17453,3
-12275,-7075,-1880,4794,-5572,17453,3
-13447,-13561,-6800,3438,-3655,16793,3
-12862,-19247,-9335,2505,-1443,15024,3
-12027,-21018,-7501,1665,617,12656,3
-11329,-19315,-5294,516,1586,9126,3
-12555,-16538,-4942,-420,1805,5315,3
379,-9439,1684,41,1250,-1155,3
379,-9439,1684,41,1250,-1155,3
2054,-8209,2820,-70,1195,-1585,3
3336,-7465,3720,-153,1138,-1870,3
4687,-6213,4461,17,679,-2461,3
4687,-6213,4461,17,679,-2461,3
4225,-6246,3875,173,428,-2544,3
3526,-6517,2978,388,245,-2516,3
2584,-7520,1875,540,142,-2540,3
1462,-9263,579,518,137,-2831,3
308,-11041,-724,462,249,-3421,3
-427,-13861,-1873,371,449,-4516,3
61,-18362,-3281,-62,699,-6487,3
556,-22603,-5448,-830,1119,-9410,3
-3907,-23760,-7988,-2647,3191,-15329,3
-3907,-23760,-7988,-2647,3191,-15329,3
-8582,-22815,-8370,-2756,5221,-17453,3
-14266,-17870,-7253,-3396,6742,-17453,3
-19683,-11625,-3640,-4689,7729,-17453,3
-23526,-4604,2256,-4708,8441,-17397,3
-25692,1234,7529,-4491,8586,-16168,3
-26524,5175,10534,-4138,8617,-14897,3
-26114,8783,12480,-3811,8843,-13343,3
-23783,14352,17139,-3737,9024,-11526,3
-17706,23705,28496,-3731,8620,-9898,3
-10644,28180,-28484,-3016,7036,-8671,3
-11030,22384,-31576,-1162,3965,-6485,3
-14153,16044,27208,79,1228,-2418,3
-12173,11329,23053,1257,264,1081,3
-9962,9900,19332,2177,-12,2774,3
-8438,9811,15761,1980,-226,2931,3
-6652,9203,13339,815,-533,2130,3
-4618,7989,12417,-477,-791,1190,3
-2706,7756,12487,-1030,-761,670,3
-1119,8000,12818,-870,-612,626,3
198,7230,12625,-432,-574,871,3
949,5943,11686,-13,-628,1268,3
1398,4519,10502,292,-653,1643,3
1886,3345,9495,486,-614,1866,3
2157,2436,8709,551,-540,1913,3
2144,1102,8144,485,-463,1687,3
2268,168,7913,295,-365,1240,3
2123,1443,7928,-94,-70,121,3
1747,2074,7933,-35,14,-13,3
1533,2646,7958,57,93,-30,3
1544,3247,8051,146,174,59,3
1528,3729,8239,243,232,162,3
1308,3849,8306,382,257,221,3
8,5158,9381,288,263,180,3
8,5158,9381,288,263,180,3
-128,4966,9332,329,238,124,3
-332,4920,9324,288,162,54,3
-307,4962,9292,209,86,22,3
-179,5109,9241,129,34,0,3
-113,5278,9153,45,-4,0,3
-22,5409,9109,-28,-39,32,3
67,5250,9020,-106,-96,83,3
235,4837,8900,-172,-157,148,3
385,4491,8712,-208,-184,209,3
464,4075,8557,-217,-175,208,3
650,4429,8596,-112,61,26,3
650,4429,8596,-112,61,26,3
675,4558,8736,-28,103,74,3
659,4701,8901,15,127,132,3
578,4735,9128,18,130,196,3
526,4698,9314,-11,93,266,3
536,4298,9366,-30,35,294,3
441,3869,9259,-27,-6,211,3
469,3912,8431,-136,-99,152,3
469,3912,8431,-136,-99,152,3
450,3802,8523,-164,-59,72,3
454,3890,8717,-147,-10,7,3
471,4035,8937,-116,9,-3,3
580,4000,9032,-101,-6,3,3
638,3988,9037,-80,-31,0,3
650,4066,8967,-74,-60,6,3
641,4162,8825,-78,-93,30,3
668,4194,8651,-80,-116,63,3
660,4057,8476,-100,-120,81,3
633,3781,8377,-199,-139,37,3
605,3674,8426,-272,-129,-69,3
635,3924,8606,-244,-63,-180,3
575,4417,8850,-211,-26,-211,3
616,4702,9045,-184,-32,-161,3
714,4761,9067,-99,-26,-62,3
758,4660,9004,-4,-15,31,3
824,4407,8883,22,-28,79,3
662,4604,9300,-26,83,6,3
662,4604,9300,-26,83,6,3
682,4552,9368,10,63,79,3
743,4371,9350,29,22,150,3
737,4110,9179,38,-10,190,3
651,3736,9006,31,-29,173,3
542,3457,8939,-27,-39,72,3
587,3542,9047,-78,-45,-46,3
614,3907,9129,-61,-39,-100,3
615,4078,9104,-58,-55,-115,3
666,3958,9049,-103,-85,-152,3
656,4006,9038,-118,-103,-152,3
678,4144,8997,-57,-94,-112,3
741,4241,8849,21,-79,-54,3
805,4212,8662,53,-76,10,3
773,3948,8451,46,-70,34,3
700,3550,8317,21,-40,-26,3
622,3450,8409,-7,12,-134,3
571,3952,8669,-4,77,-200,3
520,4502,8924,5,113,-212,3
502,4728,9076,10,111,-150,3
573,4725,9171,18,105,-54,3
635,4350,9255,34,82,-32,3
-9290,17647,20842,1299,280,-1814,3
-25059,25829,25821,4565,-9571,15560,3
-25059,25829,25821,4565,-9571,15560,3
-28014,20655,19475,4375,-11026,17453,3
-27461,7091,13832,4777,-11638,17453,3
-22145,-2379,9765,5776,-10682,17453,3
-18986,-7609,6261,6268,-9065,17453,3
-16082,-10904,-729,5991,-7281,17453,3
-13786,-13704,-7217,5079,-5254,17453,3
-8806,-17457,-3821,469,420,8007,3
-8806,-17457,-3821,469,420,8007,3
-9963,-15542,-2511,-295,659,4350,3
-10588,-14613,-1659,-1097,420,2035,3
-10446,-13279,-1362,-1242,159,1083,3
-8986,-12650,-234,-640,265,754,3
2241,-10622,3519,-203,903,-719,3
2241,-10622,3519,-203,903,-719,3
2235,-8225,4014,-308,-161,-3962,3
-177,-17273,-1684,-916,1067,-8911,3
-177,-17273,-1684,-916,1067,-8911,3
-1266,-19319,-3014,-1188,1547,-11094,3
-12872,-15988,-5509,-4683,3780,-17453,3
-12872,-15988,-5509,-4683,3780,-17453,3
-16976,-12225,-3668,-5789,5033,-17453,3
-22099,-6927,-241,-5580,6699,-17453,3
-27034,-996,3502,-4085,7783,-17075,3
-29132,6551,6549,-2741,8416,-15840,3
-27961,19300,12094,-2743,9024,-14576,3
-14135,12699,23538,-916,-172,330,3
-14135,12699,23538,-916,-172,330,3
-11766,7901,18435,1071,-558,2552,3
-8701,8175,13585,1346,-599,2963,3
-6525,8308,11163,-84,-770,1953,3
-4776,7417,11924,-1633,-746,622,3
-3241,8232,13791,-1810,-371,59,3
-2067,8883,14375,-987,-182,207,3
-956,7701,13173,-288,-389,692,3
111,5602,11370,-24,-688,1165,3
1112,3822,9956,161,-761,1425,3
1848,2855,9074,373,-586,1424,3
1719,2358,8581,504,-354,1227,3
1470,2602,8581,437,-153,1006,3
1388,3229,8909,225,-27,890,3
1431,3020,9295,79,30,787,3
1234,2536,9411,35,35,600,3
409,3605,8752,265,-116,166,3
162,3924,8549,478,-72,184,3
-2,4565,8424,627,35,321,3
25,4838,8520,624,203,515,3
-222,4847,8438,405,120,462,3
-196,4942,8449,197,75,371,3
-122,5101,8645,4,28,304,3
-116,5184,8842,-164,-49,297,3
-55,5263,8907,-253,-151,331,3
-84,5117,8764,-247,-254,398,3
-3,4644,8602,-122,-266,460,3
93,4472,8509,76,-145,478,3
98,4527,8587,228,-5,423,3
15,4625,8703,303,75,308,3
-55,4950,8788,310,100,228,3
-16,5254,8886,240,78,200,3
98,5083,8980,145,17,168,3
256,4786,8915,108,-30,102,3
282,4842,8758,92,-70,58,3
280,4988,8602,44,-127,77,3
848,4434,8108,-197,-259,298,3
897,4312,8230,-184,-213,238,3
755,4471,8218,-93,-151,185,3
496,4746,8221,-61,-115,175,3
466,4867,8406,-79,-68,152,3
597,4936,8637,-69,-18,112,3
624,4898,8819,-27,13,52,3
721,5130,8802,37,-91,31,3
810,4944,8602,69,-94,70,3
821,4793,8399,3,-121,86,3
691,4757,8275,-88,-143,98,3
738,4695,8272,-107,-123,99,3
767,4731,8294,-32,-67,75,3
767,4731,8294,-32,-67,75,3
743,4935,8316,35,-26,84,3
809,5004,8362,44,-11,114,3
848,4919,8449,25,-7,121,3
857,4826,8549,9,-18,116,3
891,4702,8614,1,-33,114,3
706,4840,8766,-113,-45,-121,3
706,4840,8766,-113,-45,-121,3
757,4999,8754,-46,-33,-103,3
816,5062,8693,12,-25,-67,3
809,5123,8601,45,-30,-30,3
809,5213,8527,66,-27,17,3
826,5138,8419,88,-17,73,3
725,4581,8543,23,-10,15,3
725,4581,8543,23,-10,15,3
724,4702,8701,-21,-31,-25,3
699,5018,8808,14,-31,-34,3
721,5291,8785,60,-36,-11,3
788,5340,8705,37,-72,33,3
828,5200,8557,-6,-110,78,3
887,4792,8400,-38,-128,88,3
798,5065,8363,-41,-28,-27,3
798,5065,8363,-41,-28,-27,3
817,5157,8457,3,-1,23,3
834,5127,8468,30,7,80,3
787,4887,8474,11,-5,99,3
732,4690,8479,6,-18,76,3
723,4774,8467,29,-18,53,3
915,4594,8399,-44,-35,55,3
915,4594,8399,-44,-35,55,3
1002,4431,8376,7,-37,55,3
1002,4431,8376,7,-37,55,3
969,4421,8311,-37,-55,12,3
961,4491,8324,-52,-41,-15,3
933,4601,8367,-27,-7,-51,3
907,4737,8457,-14,16,-80,3
851,4911,8606,-24,17,-83,3
877,5047,8736,-22,8,-56,3
1013,4640,8457,26,-33,7,3
1013,4640,8457,26,-33,7,3
978,4731,8384,11,-27,-6,3
957,4846,8394,-1,-13,-12,3
960,4811,8412,-23,-7,-20,3
925,4770,8478,-41,-1,-34,3
888,4886,8536,-17,16,-35,3
864,5021,8560,0,23,-14,3
881,4931,8571,-10,10,4,3
936,4767,8523,-1,-5,5,3
984,4757,8394,19,-4,10,3
986,4652,8324,-9,-2,1,3
1010,4497,8369,-63,-3,-35,3
990,4563,8417,-57,14,-58,3
984,4777,8502,-7,54,-62,3
974,4818,8631,0,66,-60,3
1019,4752,8686,-8,52,-66,3
670,4788,8948,-165,83,-154,3
-2566,6171,10689,-140,477,-1062,3
-5017,8116,12450,64,807,-1456,3
-15258,25320,-30387,2918,-1374,298,3
-17402,25556,-31175,3185,-4227,3170,3
-19858,24917,28818,3663,-7221,7375,3
-22289,22179,22133,4059,-9233,12232,3
-26238,21754,15593,3851,-10485,17205,3
-29156,12682,8958,4174,-10918,17453,3
-26085,1735,4980,5142,-10092,17453,3
-22168,-3653,3244,5877,-8527,17453,3
-20199,-9927,1407,6547,-6694,17453,3
-16368,-13892,-2257,6626,-4850,17453,3
-13660,-16913,-5593,5841,-3118,17453,3
-13660,-16913,-5593,5841,-3118,17453,3
-11704,-20787,-8269,4705,-1267,17453,3
-11508,-23238,-7617,3635,385,14474,3
-11237,-22182,-6756,2633,1458,10462,3
-13217,-19109,-6073,1690,2016,6257,3
-14986,-18105,-3539,370,1966,2823,3
-14912,-17967,-677,-744,1487,913,3
-12320,-17573,1806,-974,1151,184,3
-8056,-16000,4172,-531,1109,4,3
-3538,-13027,5699,-52,969,-118,3
409,-10156,5591,78,576,-529,3
6622,-3854,5797,-670,563,-1112,3
6622,-3854,5797,-670,563,-1112,3
6235,-4535,6071,-632,609,-712,3
5577,-5729,6171,-509,562,-330,3
4920,-7241,6010,-347,423,-56,3
4089,-8728,5510,-160,259,27,3
3311,-10149,4770,-38,109,-170,3
2601,-11184,3832,-127,-66,-664,3
1786,-11597,2834,-313,-192,-1335,3
1118,-11549,1896,-355,-124,-2032,3
693,-11684,1120,-378,51,-2790,3
586,-12376,403,-568,237,-3824,3
239,-12633,-100,-830,461,-5141,3
-444,-12461,-69,-948,792,-6494,3
-1034,-12364,-32,-992,1148,-7752,3
-1286,-13148,-577,-1177,1403,-9071,3
-2013,-14475,-2292,-1463,1689,-10404,3
-2584,-16850,-4106,-1716,2239,-11744,3
-3319,-18838,-5230,-2415,3031,-13360,3
-6566,-18388,-6095,-3523,4034,-15136,3
-11305,-15143,-5561,-4856,5206,-16270,3
-15293,-9676,-2482,-6422,6515,-16123,3
-16826,-4740,2881,-8337,7575,-15152,3
-17992,-1076,7649,-9232,8213,-14094,3
-16275,7028,12586,-4930,8985,-9504,3
-16275,7028,12586,-4930,8985,-9504,3
-14681,9326,17477,-3021,9296,-7856,3
-11306,12924,26121,-1246,8963,-6218,3
-8667,16932,32582,269,7615,-4716,3
-9828,17354,31220,1697,5345,-3484,3
-12853,14900,26948,2266,3327,-1659,3
-12654,12447,23977,1526,1937,564,3
-10255,11387,22485,306,829,2020,3
-8080,10733,20869,-744,-201,2444,3
-6104,9393,18392,-1827,-1214,2311,3
-3863,7512,15522,-2658,-2024,1981,3
-1580,5881,13245,-2801,-2343,1858,3
196,4737,11816,-2334,-2212,2062,3
1593,3114,11044,-1591,-1889,2440,3
2638,1169,10179,-609,-1463,2612,3
3061,-128,9334,244,-1018,2379,3
2903,-569,8901,445,-658,1893,3
2311,-515,9623,-696,-269,264,3
2092,22,9560,-556,-164,52,3
1970,493,9427,-374,-70,82,3
1924,755,9270,-355,-9,268,3
2163,700,9264,-377,46,450,3
2275,775,9312,-345,99,578,3
2237,869,9322,-276,107,659,3
1826,-45,9508,-66,129,-92,3
1559,967,9642,300,282,-245,3
1519,1859,9775,386,299,-204,3
1693,2267,9857,293,246,-85,3
1731,2208,9821,218,208,8,3
1581,2097,9647,203,205,74,3
1338,1994,9498,182,218,135,3
1240,1655,9555,85,203,132,3
1204,1265,9733,-22,169,62,3
1160,1233,9914,-17,175,-11,3
1116,1523,10057,91,190,-51,3
1128,1602,10108,213,171,-77,3
1137,1574,9993,270,111,-63,3
1209,1628,9814,275,47,-22,3
1308,1716,9682,254,19,17,3
1381,1777,9565,219,6,30,3
1412,1820,9585,183,-10,37,3
1353,1630,9644,232,-14,20,3
1325,1491,9584,337,7,7,3
1331,1558,9512,394,48,-10,3
1300,1715,9551,394,85,-28,3
1277,1781,9638,346,93,-29,3
1221,1899,9712,279,88,-26,3
1151,1539,9868,-31,20,-31,3
1119,1327,9769,-139,0,-64,3
1091,1179,9759,-184,18,-137,3
961,1206,9777,-197,20,-202,3
885,1388,9799,-181,13,-204,3
866,1528,9842,-113,44,-176,3
839,1654,9948,-64,77,-132,3
804,1690,9992,-74,80,-86,3
707,1683,10020,-131,60,-50,3
717,1556,10037,-202,31,-23,3
743,1193,10049,-266,-1,-26,3
677,922,9997,-257,-15,-88,3
677,922,9997,-257,-15,-88,3
590,1055,9907,-243,-35,-135,3
594,1221,9885,-264,-67,-100,3
703,1094,9845,-266,-79,-34,3
757,869,9733,-258,-75,-12,3
720,755,9607,-309,-76,-44,3
650,705,9573,-404,-77,-67,3
593,620,9535,-450,-55,-99,3
550,586,9586,-418,-15,-149,3
506,714,9512,33,125,-136,3
506,714,9512,33,125,-136,3
397,652,9519,-10,156,-176,3
280,829,9550,-77,181,-200,3
296,896,9603,-143,183,-193,3
395,893,9617,-167,184,-159,3
439,849,9662,-130,200,-159,3
481,812,9457,41,165,-11,3
573,505,9908,-159,191,-137,3
573,505,9908,-159,191,-137,3
574,389,9975,-162,208,-234,3
530,505,10124,-270,179,-320,3
544,848,10363,-355,152,-339,3
511,1189,10674,-346,148,-302,3
531,1357,10970,-315,125,-233,3
543,1328,11126,-318,36,-147,3
945,319,9399,-204,-27,-25,3
931,254,9437,-113,22,36,3
930,144,9580,-58,52,66,3
890,2,9647,21,59,74,3
899,-15,9511,278,127,-10,3
833,245,9523,318,174,-34,3
758,284,9574,247,181,-62,3
662,395,9641,168,173,-100,3
644,561,9733,119,169,-111,3
548,774,9852,98,161,-95,3
450,966,9961,118,152,-79,3
414,1037,10107,159,165,-60,3
413,1157,10501,183,128,-66,3
104,994,10800,382,218,-243,3
-101,946,11108,441,260,-322,3
-2685,1929,14186,752,504,-710,3
-3911,2318,17062,733,555,-809,3
-5819,2788,22311,556,200,-906,3
-8553,3007,30122,570,-948,-1138,3
-20703,9621,22932,-7936,-17453,-4377,3
-21656,10767,13834,-7391,-17453,-4201,3
-21688,10971,2649,-6200,-17453,-3672,3
-19300,10910,-9471,-4696,-17453,-2624,3
-15456,10641,-21190,-3224,-15745,-1494,3
-11936,8567,-30164,-1530,-12309,-935,3
-9707,3319,30293,-72,-9032,-772,3
-7635,167,28125,1639,-6108,-700,3
-6408,3112,26924,3618,-3183,-695,3
-5230,7688,31889,3645,-990,-1116,3
-3457,11600,-22074,1577,-62,-1353,3
-545,13210,-10287,-573,-143,-429,3
2329,9537,-3360,-1681,-696,1449,3
4989,2502,-1171,-1927,-1212,3129,3
7020,-4057,-300,-1952,-1407,4096,3
8865,-10067,493,-1747,-1323,4074,3
10419,-13761,213,-1035,-1041,3095,3
10811,-12699,-1430,-24,-561,1697,3
10253,-8438,-3387,812,-1,349,3
9349,-3950,-4799,1245,447,-470,3
8575,-975,-5522,1142,648,-622,3
8111,-134,-6027,802,716,-435,3
7865,-687,-6623,377,743,-187,3
7739,-1739,-7060,-4,797,-18,3
7783,-2394,-6996,-67,932,-1,3
7719,-2241,-6827,95,1130,-96,3
7589,-2021,-6533,120,1317,-232,3
7589,-2021,-6533,120,1317,-232,3
7522,-1781,-5577,-75,1458,-386,3
7436,-942,-4492,-202,1625,-543,3
7273,221,-3885,-205,1767,-599,3
6882,1148,-3766,-206,1836,-581,3
6350,1952,-3973,-242,1818,-516,3
4283,2941,-7792,-388,1960,204,3
4283,2941,-7792,-388,1960,204,3
3650,2601,-9403,-215,2279,351,3
2976,2144,-11645,395,2878,566,3
2247,1575,-14608,1202,3888,930,3
1753,828,-17222,1843,5244,1337,3
1235,-34,-18646,2345,6842,1491,3
336,-756,-18915,3088,8761,1314,3
-1015,-658,-16708,3869,10889,945,3
-3766,1072,-13078,4684,13000,590,3
-8241,3286,-7933,5608,15027,-44,3
-14742,5837,-1503,6536,16711,-872,3
-16617,9219,-28533,2433,14520,-128,3
-13579,7155,-26310,126,10672,-349,3
-13181,1301,-29331,-1514,6164,-11,3
-11755,-2800,30212,-2619,2467,422,3
-8792,-3038,24853,-3386,123,-95,3
-6059,-1670,20625,-3980,-1315,-779,3
-2886,-308,16943,-3779,-1960,-817,3
-501,462,13804,-2949,-2011,-266,3
883,-301,11453,-2125,-1671,398,3
1599,-1855,9967,-1434,-1022,861,3
1922,-2995,9511,-738,-279,1141,3
1749,-3653,9759,174,510,1289,3
1185,-3652,10441,1006,1138,1284,3
355,-3464,11342,1412,1399,1157,3
40,-3209,12326,1483,1380,898,3
105,-2503,13121,1425,1211,600,3
82,-1280,13480,1393,960,388,3
-11,-336,13409,1372,672,286,3
-65,67,12938,1252,413,290,3
4,184,12287,948,152,315,3
-7,-67,11536,506,-128,267,3
-239,-347,10774,180,-284,166,3
-283,-191,10261,69,-247,119,3
-290,-198,10127,71,-165,155,3
-453,-1158,10314,162,-213,184,3
-227,-733,10215,304,-210,218,3
-86,-107,9980,479,-159,260,3
-118,17,9799,565,-90,245,3
-494,293,10137,430,21,160,3
-422,677,10363,375,36,254,3
-368,907,10416,348,9,383,3
-324,952,10307,297,-41,532,3
-392,372,10134,247,-75,588,3
-738,-350,10021,177,-83,445,3
-872,-257,9992,-11,-128,313,3
-897,193,9962,-156,-166,274,3
-1106,434,10071,-173,-126,258,3
-1089,433,10288,-157,-57,258,3
-1010,293,10411,-113,-48,235,3
-914,222,10461,-63,-86,213,3
-841,487,10366,-23,-112,249,3
-767,757,10235,14,-127,293,3
-735,865,9980,14,-151,341,3
-871,779,9806,-30,-164,377,3
-1029,307,9787,-103,-165,364,3
-1072,-341,9969,-239,-199,262,3
-1116,-421,10221,-310,-227,182,3
-331,-108,9063,-9,-126,330,3
-312,173,9250,112,-57,321,3
-306,416,9337,175,-35,345,3
-337,542,9346,185,-49,393,3
-329,490,9255,176,-86,456,3
-389,234,9077,157,-104,512,3
-398,-336,8979,119,-84,445,3
-464,-676,9035,56,-54,278,3
-568,-445,9200,35,-6,137,3
-678,2,9405,77,48,61,3
-731,422,9609,130,86,53,3
-363,652,9349,141,22,346,3
-345,210,9293,142,68,341,3
-363,-215,9347,157,142,249,3
-430,-316,9535,104,162,132,3
-421,-154,9785,35,146,28,3
-379,201,9990,27,135,-37,3
-316,562,10003,51,115,-41,3
-220,702,9882,78,95,-5,3
-220,702,9882,78,95,-5,3
-181,681,9730,85,93,37,3
-160,653,9561,66,106,68,3
-246,573,9471,47,141,86,3
-421,415,9545,47,215,69,3
-517,228,9816,78,319,5,3
-577,164,10287,102,380,-68,3
-679,470,10672,139,389,-112,3
-729,934,10887,201,348,-115,3
-597,1186,10932,240,266,-58,3
-478,1228,10801,259,174,15,3
-361,1091,10559,256,83,57,3
-227,958,10217,189,-4,89,3
-130,749,9824,109,-58,92,3
-131,469,9547,87,-51,39,3
-418,895,10024,161,117,38,3
-418,895,10024,161,117,38,3
-512,909,10048,153,137,66,3
-634,724,10725,209,122,34,3
-634,724,10725,209,122,34,3
-587,748,10678,238,82,25,3
-563,633,10545,226,40,-25,3
-432,738,10136,15,-65,-43,3
-432,738,10136,15,-65,-43,3
-377,696,10087,7,-62,-1,3
-322,392,10016,20,-55,1,3
-427,74,9970,12,-60,-74,3
-609,195,10036,-9,-75,-124,3
-590,544,10148,6,-70,-106,3
-550,721,10230,45,-70,-61,3
-448,574,10180,60,-102,-41,3
-342,477,10014,52,-142,-55,3
-268,598,9873,39,-151,-58,3
-167,682,9806,30,-139,-44,3
-95,609,9731,41,-125,-30,3
-61,464,9611,60,-112,-33,3
-22,331,9532,59,-95,-60,3
-79,298,9534,39,-77,-102,3
-183,339,9585,27,-62,-175,3
-293,603,9653,45,-38,-221,3
-328,921,9793,85,-7,-188,3
-251,1107,9897,129,3,-133,3
-135,1157,9873,169,-8,-69,3
-5,1189,9747,212,-17,-7,3
107,1114,9583,243,-2,22,3
185,1053,9505,207,10,14,3
205,1054,9472,156,46,-12,3
76,1049,9525,121,126,-78,3
-14,1089,9692,54,241,-162,3
-186,1218,9958,5,384,-255,3
-474,1585,10275,27,544,-299,3
-671,2013,10592,137,718,-283,3
-908,2493,10935,416,907,-200,3
-976,2737,11378,819,1113,-55,3
-1029,2765,11935,1151,1287,83,3
-1435,2809,12530,1409,1413,129,3
-2475,3087,13355,1755,1627,106,3
-4429,3685,14778,2138,1936,93,3
-7156,4405,17375,2365,2185,125,3
-10575,4529,22445,2185,2127,276,3
-25253,4260,-26443,-1023,-8865,-1148,3
-25253,4260,-26443,-1023,-8865,-1148,3
-28557,6171,-26321,-2523,-13287,-1791,3
-31697,7909,-27204,-3556,-16945,-2227,3
-9130,3832,26501,-1482,-8501,3249,3
-9130,3832,26501,-1482,-8501,3249,3
-6271,-1448,26379,-1221,-5955,1924,3
-3817,-2591,26486,1918,-2944,747,3
-1522,-250,-32425,3404,-37,-5,3
-597,2548,-18684,2664,1546,-350,3
1100,4298,-7387,599,1405,-31,3
3975,4014,-477,-1295,638,893,3
6561,677,2420,-2183,-10,1911,3
8425,-3488,3045,-2144,-365,2677,3
9650,-7285,3160,-1482,-298,2845,3
10937,-9698,2502,-667,-125,2296,3
11873,-9458,797,-137,-71,1323,3
10606,-3615,-2554,890,622,-491,3
9931,-2597,-2996,1172,868,-588,3
9440,-1859,-3034,1112,996,-637,3
9106,-1154,-2749,755,1023,-664,3
8949,-331,-2382,384,995,-645,3
8809,-169,-1873,134,903,-565,3
8767,-673,-1829,25,781,-425,3
8933,-1023,-2068,-6,695,-258,3
9147,-1291,-2284,5,697,-171,3
9147,-1291,-2284,5,697,-171,3
9170,-1443,-2519,80,777,-216,3
9058,-1337,-2858,149,889,-320,3
8812,-1011,-3211,218,1026,-420,3
8417,-678,-3562,317,1198,-494,3
7970,-424,-3888,400,1381,-545,3
7460,-184,-4330,436,1546,-616,3
6790,304,-5043,410,1660,-658,3
3723,-313,-18829,1736,4061,-215,3
-10409,1328,-16552,7426,15355,-3209,3
-10409,1328,-16552,7426,15355,-3209,3
-17990,5946,-10301,8339,17453,-4849,3
-25860,10830,-712,7624,17453,-5867,3
-30556,13737,12941,4878,17453,-6169,3
-30623,16779,28955,1200,17453,-5808,3
-25451,17673,-26310,-1565,15180,-4823,3
-20114,11839,-26310,-2423,9594,-2677,3
1741,67,9790,-13,1090,1282,3
1741,67,9790,-13,1090,1282,3
1410,614,11040,634,1712,1474,3
1143,1072,11660,944,1851,1548,3
912,144,10917,1148,1206,820,3
912,144,10917,1148,1206,820,3
318,1964,11508,-340,496,307,3
318,1964,11508,-340,496,307,3
57,1871,11727,-288,439,312,3
-137,1851,11761,-179,354,325,3
-351,1750,11614,-118,235,345,3
-530,1713,11359,-88,112,345,3
-711,1952,11144,-96,15,295,3
-785,2309,11101,-160,-56,246,3
-778,2468,11014,-245,-137,249,3
-719,2395,10792,-308,-233,266,3
-453,2293,10506,-248,-279,267,3
-282,2382,10076,-173,-314,326,3
-124,2201,9587,-174,-375,413,3
-487,2009,10257,30,188,377,3
-487,2009,10257,30,188,377,3
-476,1930,10474,121,184,499,3
-40,962,9881,91,-213,503,3
-40,962,9881,91,-213,503,3
17,833,9681,-130,-338,387,3
17,839,9529,-170,-345,258,3
-28,1186,9425,-104,-278,196,3
29,1465,9460,-69,-231,212,3
19,1467,9501,-20,-197,271,3
65,1225,9537,68,-175,332,3
167,997,9508,119,-170,346,3
122,902,9495,107,-167,295,3
150,828,9589,29,-170,197,3
211,808,9726,-36,-177,78,3
214,940,9804,-28,-177,-21,3
198,1150,9797,-42,-200,-34,3
198,1154,9774,-77,-231,-17,3
153,1069,9663,-88,-251,-14,3
1,1033,9578,-106,-274,-35,3
51,1013,9598,-133,-289,-56,3
120,1187,9645,-110,-276,-57,3
147,1341,9659,-29,-229,-40,3
191,1276,9611,85,-164,-40,3
232,1150,9512,183,-109,-62,3
189,1140,9454,241,-58,-53,3
-28,1181,9973,-75,9,-117,3
-41,1229,10028,-25,40,-103,3
-86,1224,10168,38,58,-80,3
-37,1152,10161,98,53,-45,3
-16,1177,10003,128,22,21,3
5,1125,9906,55,-13,20,3
43,1013,9811,-9,-41,-12,3
59,944,9744,-19,-34,-59,3
59,944,9744,-19,-34,-59,3
52,1053,9745,15,-1,-69,3
98,1136,9797,56,23,-55,3
142,1030,9823,68,20,-72,3
81,939,9794,50,-4,-116,3
-1,986,9775,40,-30,-140,3
15,1158,9726,62,-31,-145,3
11,1204,9653,61,-38,-147,3
17,993,9547,46,-49,-173,3
-62,1009,9500,47,-29,-219,3
-112,1362,9547,47,1,-223,3
-129,1600,9613,44,7,-191,3
-146,1559,9611,45,5,-152,3
-64,1182,9536,-41,69,-100,3
-64,1182,9536,-41,69,-100,3
-111,1330,9680,-55,111,-103,3
-116,1413,9854,-63,144,-104,3
-79,1379,10040,-57,170,-104,3
-76,1234,10112,-49,191,-123,3
-84,1291,10167,-19,217,-144,3
-92,2023,10215,329,606,53,3
-92,2023,10215,329,606,53,3
-37,2051,10194,440,774,43,3
-5588,5684,13501,2238,2795,-23,3
-5588,5684,13501,2238,2795,-23,3
-8290,7826,18064,2689,3402,69,3
-12068,9915,25408,2910,3396,260,3
-15282,9714,-30281,2702,2188,546,3
-18077,8691,-26310,2201,-691,942,3
-21429,8242,-26310,1200,-4824,969,3
-23730,8855,-26408,-675,-9300,661,3
-25176,8371,-27151,-2511,-13372,170,3
-29182,5582,18824,-3773,-17453,-474,3
-29182,5582,18824,-3773,-17453,-474,3
-31540,2015,9683,-2801,-17453,-120,3
32626,-2045,142,-1767,-17453,82,3
-31724,-2129,-10624,-801,-17453,68,3
-28003,-481,-22941,296,-17453,112,3
-22384,1527,29348,1944,-15846,779,3
-16485,2342,26309,2767,-11432,1497,3
-11655,1613,26348,1754,-8177,1613,3
-7399,1397,26397,1667,-5349,1118,3
-4473,3094,26309,2319,-1834,480,3
-2610,4477,30827,1496,964,248,3
-368,3774,-17861,-550,2068,586,3
3320,897,-1522,-2795,1814,1188,3
7464,-2694,8755,-3422,1423,1917,3
9429,-5005,12657,-2132,1222,2533,3
10662,-6875,12899,-791,789,2473,3
11796,-7650,11516,145,322,1748,3
12344,-5970,8559,627,-232,807,3
12019,-3039,3159,884,-656,99,3
10950,-713,-2739,1137,-694,-177,3
10103,330,-6908,1301,-366,-196,3
9651,-233,-8643,1126,55,-216,3
8977,-1356,-8443,716,414,-259,3
8528,-1660,-7649,337,682,-276,3
8317,-1326,-6891,118,924,-326,3
8302,-860,-5815,-55,1120,-368,3
8291,-196,-4577,-174,1226,-371,3
8291,289,-3687,-204,1259,-389,3
8236,683,-3334,-157,1314,-378,3
8026,1029,-3216,-115,1433,-359,3
7501,1316,-3154,-87,1570,-343,3
6873,1644,-3486,10,1667,-284,3
6289,2217,-4286,184,1766,-165,3
5730,2916,-5375,304,1886,-4,3
5166,3463,-6811,374,2046,175,3
4825,3355,-8686,498,2307,371,3
3434,-1258,-17975,2058,6330,877,3
2002,-2836,-19850,2766,8315,592,3
-666,-3940,-19741,3498,10617,-71,3
-4337,-2142,-17169,4049,12891,-1004,3
-8930,1231,-12543,4658,15034,-2195,3
-14429,5393,-6920,5059,16887,-3179,3
-20214,7534,523,4915,17453,-3614,3
-24176,7303,9985,4009,17453,-3439,3
-25097,7636,20987,2748,17453,-2796,3
-22724,9985,31654,1446,16574,-2283,3
-19302,9895,-26475,97,12926,-1879,3
-16787,6079,-26310,-1065,7861,-1073,3
-14053,750,-30457,-2047,2526,-283,3
-12028,-1207,26927,-2996,-1377,-482,3
-10154,1929,20153,-3995,-3433,-1359,3
-7331,6136,15358,-4343,-4247,-1589,3
-4089,7781,11468,-3753,-4115,-923,3
-1361,5572,9134,-2762,-3047,210,3
244,1565,9135,-1957,-1429,1091,3
244,1565,9135,-1957,-1429,1091,3
1072,-1058,10423,-1179,2,1480,3
1212,-1082,11627,-351,885,1678,3
968,-33,12271,228,1246,1784,3
970,117,12348,588,1304,1788,3
861,-362,11935,904,1208,1620,3
550,-612,11486,977,982,1400,3
328,-513,11092,849,739,1157,3
225,-83,10895,649,586,922,3
262,608,10844,471,498,768,3
272,1097,10709,385,421,716,3
-23,583,10447,297,333,602,3
-272,34,10405,113,276,400,3
-262,618,10580,-1,299,313,3
-237,1273,10755,47,308,352,3
-228,1755,10641,155,280,495,3
-268,1617,10270,230,253,642,3
-383,772,10004,248,256,630,3
305,1828,9748,-30,-78,804,3
305,1828,9748,-30,-78,804,3
186,1986,9380,-111,-177,1076,3
-213,1462,9050,-172,-241,1306,3
-520,226,9141,-164,-153,1255,3
-729,-562,9573,-31,71,994,3
-760,-798,10114,86,226,723,3
-574,-174,10658,127,287,470,3
-547,963,11099,86,268,296,3
-548,1751,11340,55,207,269,3
-526,2038,11368,52,110,371,3
-378,1677,11220,42,-14,484,3
-354,1166,10931,110,-90,571,3
-536,1138,10565,214,-88,667,3
-612,997,10294,238,-77,697,3
-529,511,10243,133,-109,610,3
-350,77,10334,109,-109,476,3
-395,250,10389,228,-53,306,3
-614,936,10446,291,0,185,3
-738,1575,10504,226,8,149,3
-780,1915,10585,136,-24,173,3
-748,2026,10577,111,-52,233,3
-778,2060,10467,119,-74,315,3
-902,2063,10253,127,-81,412,3
-879,1643,10136,154,-32,445,3
-827,1096,10160,156,44,369,3
-972,1035,10366,105,64,276,3
-1039,1291,10534,92,51,262,3
-1036,1479,10514,108,17,269,3
-955,1509,9912,28,-98,330,3
-920,1500,9585,-45,-137,389,3
-911,1302,9307,-128,-164,423,3
-933,1113,9136,-212,-172,412,3
-875,1035,9142,-219,-118,392,3
-867,1218,9354,-155,-39,419,3
-921,1260,9583,-101,-3,468,3
-837,1037,9733,-46,-18,501,3
-780,902,9665,15,-48,516,3
-818,908,9506,19,-96,498,3
-804,968,9364,-23,-152,470,3
-773,1031,9140,-60,-201,445,3
-768,937,8842,-118,-233,379,3
-837,884,8666,-193,-228,259,3
-863,1198,8737,-230,-172,173,3
-840,1607,8964,-194,-102,172,3
-810,1804,9091,-99,-59,231,3
-833,1812,9062,-3,-46,301,3
-804,1714,8941,54,-56,354,3
-824,1567,8766,68,-69,383,3
-695,1169,8649,53,-80,342,3
-666,993,8488,25,-73,197,3
-1230,2232,9753,80,230,28,3
-1283,2372,10026,153,250,96,3
-1303,2469,10157,225,241,194,3
-1268,2384,10168,255,205,289,3
-1304,1983,10030,212,133,336,3
-1212,1330,9884,143,66,294,3
-1157,1048,9689,76,22,170,3
-1294,1386,9543,10,5,53,3
-1395,2014,9595,-38,38,-4,3
-1349,2542,9790,-64,85,24,3
-1192,2727,9958,-34,115,117,3
-1088,2700,9948,32,136,233,3
-981,2455,9897,66,151,328,3
-914,2146,9815,39,150,391,3
-870,1784,9781,8,149,396,3
-889,1386,9779,-28,134,342,3
-843,1131,9797,-88,107,240,3
-812,1286,9868,-131,100,146,3
-764,1608,9968,-144,100,94,3
-725,1841,9968,-129,95,70,3
-724,1962,9935,-76,104,102,3
-741,1934,9915,-3,121,181,3
-706,1890,9858,36,113,253,3
-663,1691,9759,16,80,283,3
-712,1204,9650,-40,41,241,3
-729,847,9654,-87,18,125,3
-845,1095,9694,-85,22,35,3
-870,1595,9827,-61,39,-20,3
-887,1986,9958,-62,27,-29,3
-887,1986,9958,-62,27,-29,3
-872,2106,9997,-35,20,-1,3
-803,2158,9999,21,37,62,3
-720,893,9957,-13,72,106,3
-387,1891,10573,112,53,23,3
-387,1891,10573,112,53,23,3
-95,1989,10794,153,76,85,3
-1444,1725,14582,-486,189,-738,3
-1444,1725,14582,-486,189,-738,3
-3393,708,18063,-1112,131,-1219,3
-6033,-344,23730,-1936,-143,-2041,3
-9587,-635,32249,-2547,-1115,-2755,3
-15028,-2535,-26310,-2450,-3191,-2828,3
-20532,-4142,-26310,-2006,-6252,-2610,3
-23924,-4022,-26443,-1402,-10124,-2597,3
-25722,-2917,-26311,-1014,-14310,-2693,3
-28125,632,-26312,-1136,-17453,-3025,3
-30510,3080,-30729,-1427,-17453,-3516,3
-32088,4217,22842,-1169,-17453,-3480,3
30793,4216,9456,-174,-17453,-2924,3
-3567,13412,-13876,206,1168,-701,3
-3567,13412,-13876,206,1168,-701,3
33,10795,-4775,-1499,591,985,3
3689,4239,-365,-2404,-197,2592,3
6573,-2264,1449,-2412,-599,3521,3
8697,-7799,2098,-1768,-511,3434,3
10570,-10446,1974,-894,-265,2605,3
10270,-1775,-2492,418,454,-78,3
9757,-799,-3823,278,443,-46,3
9390,-439,-5102,-17,414,-29,3
9104,-559,-5978,-411,395,13,3
8777,-823,-6715,-625,455,15,3
8588,-790,-7079,-645,576,-56,3
8356,-415,-7073,-654,723,-139,3
8102,-51,-6913,-691,901,-205,3
7817,235,-6674,-687,1130,-254,3
7433,574,-6434,-642,1379,-320,3
6891,1024,-6267,-639,1565,-339,3
6281,1513,-6316,-600,1744,-268,3
5672,1958,-6585,-519,1943,-164,3
5057,2373,-6986,-535,2141,-61,3
4449,2692,-7446,-659,2324,49,3
3865,2826,-8026,-765,2534,180,3
3426,2517,-9031,-790,2804,386,3
1640,-2531,-19874,1091,7455,1252,3
308,-4187,-21006,1800,9696,899,3
-2372,-3536,-20497,2784,12267,314,3
-7875,-1021,-17451,3969,14920,-609,3
-14685,3172,-12298,5002,17225,-1639,3
-23146,6688,-4758,5560,17453,-2427,3
-29989,7128,7052,5182,17453,-2885,3
-31926,7447,20720,3873,17453,-2751,3
-28963,10052,-31253,2224,17453,-2379,3
-23979,10611,-26310,776,15270,-2041,3
-20407,5711,-26310,-148,9528,-1224,3
-16445,-141,-27481,-1217,3326,-323,3
-13121,-2091,29744,-2343,-1120,-949,3
-10774,1179,20576,-3538,-3293,-2285,3
-7844,6188,15081,-4392,-4090,-2779,3
-4650,8036,11036,-4246,-4017,-2359,3
-2045,5263,8731,-3217,-2944,-1201,3
-457,1126,8662,-1986,-1144,5,3
-27,-1771,10006,-780,579,700,3
-529,-2681,11699,280,1685,1056,3
-936,-2156,13160,1003,2142,1139,3
-1139,-1661,13847,1419,2135,897,3
-1391,-1182,13764,1596,1798,459,3
-1623,-288,13237,1498,1310,116,3
-1770,723,12613,1250,869,-52,3
-1840,1343,12053,920,517,-112,3
-1772,1529,11559,529,225,-149,3
-1704,1443,11060,191,-3,-147,3
-1781,949,10625,-11,-143,-94,3
-1691,401,10424,-16,-184,-40,3
-1735,50,10258,149,-178,-4,3
-1853,-287,10028,317,-180,27,3
-1956,-604,9791,413,-206,12,3
-2170,-596,9681,385,-237,-131,3
-2432,-146,9701,272,-256,-311,3
-2619,438,9862,115,-256,-380,3
-2616,1063,9969,13,-251,-317,3
-2490,1236,9966,-45,-248,-229,3
-2315,1095,9882,-65,-225,-200,3
-2273,944,9760,-56,-208,-185,3
-2273,944,9760,-56,-208,-185,3
-2112,873,9674,-91,-226,-78,3
-1940,752,9544,-140,-263,54,3
-1824,183,9437,-192,-283,74,3
-1806,-438,9384,-257,-280,-15,3
-1787,-507,9330,-375,-292,-67,3
-1641,-378,9263,-468,-276,-59,3
-1550,-305,9284,-480,-198,-30,3
-1528,-329,9336,-469,-109,22,3
-1435,-574,9450,-463,-34,95,3
-1303,-854,9617,-381,48,149,3
-1341,-988,9739,-234,128,157,3
-1407,-1139,9804,-128,169,97,3
-1549,-1438,9844,-95,142,-33,3
-1577,-1540,9866,-94,108,-142,3
-1534,-1288,9846,-78,103,-206,3
-1511,-1029,9858,-71,121,-269,3
-1453,-699,9893,-114,122,-304,3
-1392,-440,9866,-144,115,-306,3
-1447,-341,9844,-156,110,-264,3
-1411,-304,9852,-161,119,-202,3
-1330,-286,9839,-143,142,-156,3
-1411,-310,9829,-107,143,-112,3
-1389,-690,9852,-92,127,-96,3
-1235,-911,9909,-156,81,-146,3
-1174,-780,9998,-220,39,-214,3
-1148,-463,10014,-173,45,-258,3
-1262,-244,9961,-116,51,-261,3
-1290,-198,9919,-103,39,-260,3
-1203,-65,9848,-84,28,-255,3
-1161,228,9642,-76,10,-220,3
-1312,416,9367,-80,3,-172,3
-1440,359,9314,-81,38,-115,3
-1355,112,9476,-61,63,-73,3
-1291,98,9528,17,80,-34,3
-1225,366,9476,102,108,22,3
-1343,598,9403,130,134,86,3
-1436,742,9469,108,176,181,3
-1400,641,9638,84,222,280,3
-1474,193,9841,75,225,295,3
-1565,-276,10011,45,154,279,3
-1464,-395,10081,24,67,261,3
-1150,249,9543,-147,-94,-37,3
-1081,135,9510,-168,-91,6,3
-1017,-169,9452,-137,-71,11,3
-1092,-307,9383,-96,-39,-22,3
-1170,-290,9470,-98,-2,-66,3
-1195,-179,9620,-79,23,-79,3
-1201,-113,9648,0,52,-69,3
-1213,-204,9708,67,80,-72,3
-1235,-166,9794,93,84,-82,3
-1218,-2,9826,85,69,-83,3
-1213,144,9756,58,42,-74,3
-1254,198,9597,25,21,-48,3
-1304,51,9508,-18,18,-17,3
-1361,-138,9586,-54,37,-16,3
-1387,-294,9753,-77,47,-53,3
-1406,-197,9918,-61,57,-87,3
-1444,58,10069,3,78,-85,3
-1387,171,10196,51,86,-60,3
-1357,181,10303,56,70,-37,3
-1345,208,10381,58,44,-21,3
-1386,281,10429,80,19,3,3
-1312,379,10412,108,-7,35,3
-1240,319,10383,105,-45,56,3
-1253,155,10344,70,-92,45,3
-1234,71,10292,35,-137,36,3
-1246,-3,10163,7,-173,18,3
-1276,-45,10055,-10,-198,4,3
-1256,-55,9991,-16,-218,2,3
-1249,-45,9869,6,-220,-2,3
-1231,89,9839,64,-181,3,3
-1193,317,9866,125,-136,22,3
-1145,417,9884,159,-112,46,3
-1132,341,9840,156,-100,56,3
-1064,126,9805,138,-86,30,3
-970,107,9763,136,-54,-11,3
-890,426,9713,150,1,-45,3
-847,817,9636,174,68,-26,3
-816,1155,9589,206,155,53,3
-714,1488,9659,250,287,151,3
-659,1849,9771,324,436,239,3
-926,1893,10061,524,645,283,3
-1717,2007,10771,796,980,350,3
-2955,2432,12172,986,1392,381,3
-4802,3287,14961,972,1776,327,3
-7181,4546,19939,807,2036,191,3
-10012,5530,28582,114,1803,-77,3
-13467,5036,-26655,-1431,230,-424,3
-17597,2873,-26310,-2932,-3376,-972,3
-22576,1861,-26461,-3961,-8107,-1703,3
-26296,1157,-26337,-4889,-12703,-2335,3
-27874,1173,-26576,-5290,-16627,-2648,3
-30133,1134,32692,-5205,-17453,-2687,3
-31289,2482,20976,-4799,-17453,-2706,3
-32691,1972,10486,-3939,-17453,-2720,3
32340,911,-778,-2477,-17453,-2439,3
-30655,1416,-15141,-619,-17453,-1842,3
-24412,3201,-31347,911,-17453,-729,3
-16828,4230,26309,1610,-13065,437,3
-11105,1255,26309,903,-8395,714,3
-9053,-1592,26486,1479,-4908,426,3
-9053,-1592,26486,1479,-4908,426,3
-7902,-1585,26309,3178,-1597,-384,3
-6405,2644,29764,2885,1155,-1253,3
-4586,7144,-21668,1129,2727,-1354,3
-1899,7927,-7370,-761,3086,-326,3
2051,4549,2268,-2242,2620,1279,3
5966,-445,7789,-2808,1957,2756,3
8168,-6263,10591,-2607,1471,3612,3
10097,-11899,11767,-1720,1244,3384,3
11839,-13644,11486,-491,1137,2419,3
12844,-10781,9480,452,979,1291,3
12652,-6991,6035,1023,844,298,3
11903,-4278,2602,1240,789,-230,3
11242,-2916,338,1281,841,-310,3
10586,-2873,-391,1257,974,-268,3
10066,-3471,-150,986,981,-208,3
9769,-3678,-4,546,834,-182,3
9526,-3372,-243,219,678,-145,3
9431,-3069,-678,88,605,-47,3
9446,-3142,-1083,-29,584,50,3
9361,-3421,-1268,-181,620,72,3
9207,-3565,-1170,-254,735,3,3
8979,-3362,-1031,-209,892,-108,3
8678,-2819,-1021,-99,1049,-166,3
8409,-2603,-980,0,1214,-191,3
7934,-2640,-711,31,1369,-214,3
7354,-2551,-507,-22,1450,-247,3
5039,-683,-3369,-863,1363,-237,3
4344,-478,-5502,-828,1532,-191,3
3950,-846,-9500,-422,1910,-91,3
4175,-2312,-15311,584,2952,117,3
3167,-5619,-25712,3405,7584,169,3
-159,-7604,-26823,4985,10864,-476,3
-6660,-6595,-23718,6800,14346,-1899,3
-15473,-670,-18103,8445,17398,-3801,3
-24591,8209,-11364,8879,17453,-5161,3
-32675,13565,-1406,7889,17453,-5776,3
27768,13497,13216,5438,17453,-5913,3
27329,14140,29131,2382,17453,-5243,3
-20840,4709,-26546,-772,4640,972,3
-17479,706,-31289,-1184,-600,1459,3
-15109,1304,23503,-2912,-4113,291,3
-11852,4679,15856,-5056,-5927,-778,3
-7850,6713,11032,-6005,-6308,-1502,3
-4500,6262,7629,-5304,-5466,-1306,3
-1868,3317,6373,-3819,-3789,-181,3
-180,-222,6911,-2220,-1839,959,3
498,-2444,7868,-620,-167,1593,3
583,-2792,8499,607,969,1852,3
289,-2196,8959,1354,1640,1862,3
-134,-1514,9261,1880,2006,1749,3
-544,-1082,9377,2220,2095,1688,3
-981,-1510,9408,2271,2005,1644,3
-1325,-2909,9751,2080,1866,1165,3
-1715,-2833,10264,1690,1697,439,3
-2255,-1057,10758,1107,1395,-93,3
-2777,511,11055,523,1008,-371,3
-3474,932,11239,131,660,-475,3
-3513,873,11284,-27,441,-429,3
-3469,1247,11091,-113,268,-277,3
-3640,1461,10650,-156,111,-157,3
-3824,1245,10239,-97,58,-129,3
-3847,1042,10012,-3,98,-140,3
-3748,1413,9948,94,181,-49,3
-3609,1922,9972,204,251,92,3
-3498,2261,9932,292,283,262,3
-3544,2051,9862,309,280,457,3
-3648,994,9986,339,264,543,3
-3537,505,10045,410,208,541,3
-3363,792,9933,396,83,558,3
-3137,1256,9692,267,-83,568,3
-3006,1315,9287,111,-257,582,3
-3028,775,8739,-36,-367,542,3
-3422,215,8381,-206,-379,408,3
-3518,110,8414,-359,-269,249,3
-3531,266,8751,-406,-118,95,3
-3511,499,9216,-309,12,-12,3
-3407,950,9579,-102,125,1,3
-3305,1324,9830,99,194,105,3
-3226,1223,9990,255,221,214,3
-3210,938,9942,384,223,267,3
-3409,815,9762,434,173,256,3
-3569,688,9635,315,79,225,3
-3623,586,9724,121,3,227,3
-3381,357,9932,-34,-53,169,3
-3268,314,10069,-134,-129,62,3
-3295,525,9944,-214,-231,-5,3
-3213,594,9724,-268,-312,-31,3
-3049,620,9563,-283,-344,-26,3
-2991,684,9416,-245,-345,-10,3
-2942,706,9183,-169,-344,17,3
-2820,531,8985,-83,-316,56,3
-2804,341,8880,-9,-242,54,3
-2819,372,8907,38,-151,7,3
-2879,548,8986,36,-98,-17,3
-2962,409,9122,-6,-72,-68,3
-3057,318,9307,-15,-39,-153,3
-3080,636,9465,8,-20,-183,3
-3068,957,9481,11,-38,-152,3
-3052,1103,9428,3,-61,-99,3
-3052,1103,9428,3,-61,-99,3
-3009,1094,9348,-25,-85,-51,3
-2991,1013,9203,-78,-122,0,3
-3009,964,9101,-94,-127,60,3
-2996,778,9126,-73,-84,98,3
-2915,423,9228,-53,-38,42,3
-2921,442,9319,-61,-37,-27,3
-2861,778,9322,-71,-53,-21,3
-2855,729,9195,-91,-53,23,3
-2855,729,9195,-91,-53,23,3
-2812,354,9239,-128,-71,-21,3
-2818,314,9222,-136,-87,-67,3
-2927,597,9188,-102,-78,-74,3
-2932,919,9201,-47,-45,-48,3
-2875,1118,9276,4,-5,4,3
-2844,1063,9330,31,5,43,3
-2891,922,9338,40,-3,87,3
-2954,724,9312,72,1,107,3
-2984,690,9296,110,29,87,3
-2967,958,9365,118,47,72,3
-2918,1191,9450,84,40,94,3
-2903,950,9517,29,19,125,3
-2840,332,9571,-11,5,40,3
-2913,402,9573,-39,-24,-62,3
-2864,895,9565,-53,-55,-62,3
-2795,1104,9463,-62,-82,-26,3
-2885,988,9340,-74,-101,25,3
-2883,650,9233,-71,-93,40,3
-2824,441,9259,-83,-83,7,3
-2748,602,9331,-78,-79,-4,3
-2722,891,9276,-34,-73,8,3
-2842,962,9122,-13,-68,45,3
-2913,623,9110,-3,-34,61,3
-2863,319,9255,20,5,23,3
-2905,507,9403,23,13,-12,3
-2994,840,9478,27,12,-15,3
-3001,877,9601,29,8,11,3
-2937,559,9641,20,-14,-2,3
-2907,537,9585,7,-43,-26,3
-2821,781,9532,-2,-56,-10,3
-2851,869,9445,-17,-70,16,3
-2846,781,9371,-38,-81,46,3
-2831,587,9288,-44,-77,54,3
-2777,410,9306,-59,-67,28,3
-2816,374,9390,-43,-40,-28,3
-2842,561,9459,-2,-14,-71,3
-2898,752,9472,33,-7,-71,3
-2950,933,9502,45,-11,-36,3
-2938,970,9528,34,-23,5,3
-2880,936,9501,25,-38,49,3
-2845,921,9413,9,-55,90,3
-2814,772,9344,-13,-67,115,3
-2785,636,9308,-44,-75,115,3
-2730,462,9307,-35,-61,102,3
-2759,324,9262,2,-32,50,3
-2885,432,9282,-16,-23,4,3
-2849,921,9611,23,-43,3,3
-2849,921,9611,23,-43,3,3
-2849,876,9557,7,-71,34,3
-2885,669,9417,12,-79,53,3
-2932,512,9346,17,-65,39,3
-2917,584,9387,-13,-60,18,3
-2894,696,9450,-35,-66,18,3
-2844,650,9470,-15,-69,26,3
-2845,530,9447,1,-71,18,3
-2840,533,9454,0,-66,3,3
-2694,708,9447,26,-63,3,3
-2694,708,9447,26,-63,3,3
-2640,671,9340,23,-66,1,3
-2615,612,9249,3,-61,-6,3
-2630,668,9269,-7,-35,-12,3
-2631,762,9324,-3,0,-7,3
-2632,830,9414,0,33,3,3
-2621,790,9511,4,72,-4,3
-2619,736,9677,-2,119,-41,3
-2642,618,9900,-65,140,-119,3
-2604,741,10301,-103,202,-152,3
-2826,973,10743,-65,320,-162,3
-3848,1264,11447,-94,443,-241,3
-6356,2069,13392,-129,721,-321,3
-18592,11996,-26310,958,-294,-424,3
-18592,11996,-26310,958,-294,-424,3
-22836,14255,-26310,385,-3794,181,3
-24900,16571,-26489,-228,-9382,1548,3
-25485,14442,-26310,-531,-14294,3014,3
-28665,10240,-26564,-1148,-17260,4986,3
-32522,5336,-32764,-1972,-17453,6551,3
29596,1544,20219,-3050,-17453,7402,3
27925,222,6209,-3910,-17453,7387,3
30621,280,-11968,-3910,-17453,7203,3
-26456,2847,29886,-3047,-16623,7912,3
-18194,1197,26309,-3623,-10817,8062,3
-16026,-6775,26624,-5734,-8151,5776,3
-16500,-9474,26451,-4211,-7106,2378,3
-14146,-2966,26309,-846,-4247,-173,3
-10733,5391,28016,308,-1036,-1222,3
-7288,9943,-24463,-1058,527,-935,3
-2932,8265,-8412,-3105,884,421,3
2027,2056,4407,-4349,727,2009,3
6544,-4559,12463,-3938,553,2961,3
9663,-8452,15407,-2141,705,3000,3
9663,-8452,15407,-2141,705,3000,3
11894,-10154,14828,-289,944,2350,3
12914,-10267,11997,559,797,1275,3
11962,-9296,7083,738,486,190,3
10101,-8885,2370,830,436,-438,3
8698,-9196,-1515,935,596,-638,3
8049,-9389,-4249,894,889,-708,3
7436,-9234,-5232,582,1228,-865,3
7138,-8655,-4777,180,1445,-1096,3
7228,-7392,-3296,32,1400,-1311,3
7228,-5774,-3237,464,1447,-1453,3
7095,-4539,-3325,917,1756,-1456,3
4690,-2968,-2830,335,2495,-1296,3
4690,-2968,-2830,335,2495,-1296,3
4030,-2491,-3978,160,2727,-1258,3
3295,-2104,-5802,91,2956,-1221,3
2437,-2296,-8743,404,3327,-1118,3
1444,-3399,-13000,1310,4099,-942,3
463,-5393,-17623,2586,5423,-778,3
-782,-7758,-21432,3794,7296,-851,3
-3526,-9879,-23059,4764,9657,-1511,3
-7756,-10899,-20551,5606,12057,-3074,3
-13603,-7634,-17806,6891,14372,-5089,3
-21778,-1183,-15201,8091,16496,-7014,3
-30459,5578,-11299,8367,17453,-8371,3
26981,11918,-4358,7903,17453,-8882,3
26309,16709,8672,6451,17453,-8542,3
26439,21498,25949,3807,17453,-7376,3
30135,27194,-26337,780,17434,-5719,3
-15337,41,12923,-5469,-4730,-1133,3
-15337,41,12923,-5469,-4730,-1133,3
-12811,3289,10595,-6526,-4881,-2632,3
-10186,6548,9901,-5867,-3888,-3055,3
-7998,7437,9624,-4131,-2579,-2231,3
-6726,5595,9777,-2196,-1401,-743,3
-5821,2858,10367,-460,-374,627,3
-4889,984,10975,708,459,1526,3
-4477,633,11441,1400,939,2001,3
-4586,1137,11478,1996,1108,2236,3
-4940,1101,11080,2444,1119,2449,3
-5334,249,10597,2544,1001,2506,3
-5742,-1154,10330,2363,814,2136,3
-5928,-1868,10173,1916,598,1400,3
-6045,-1035,10102,1276,345,635,3
-6075,815,10186,589,129,119,3
-5979,2644,10312,29,-31,-83,3
-5604,3355,10451,-241,-153,-10,3
-5297,2779,10283,-275,-263,281,3
-5183,1719,10026,-231,-393,651,3
-4977,809,9793,-88,-499,982,3
-5053,220,9416,183,-520,1146,3
-5211,-213,9012,496,-452,1083,3
-5207,-278,8715,692,-353,920,3
-5108,84,8520,705,-291,712,3
-5016,565,8474,539,-267,443,3
-4911,1216,8631,306,-249,194,3
-4762,1795,8834,105,-242,74,3
-4613,2122,8924,-13,-246,85,3
-4558,2172,8855,-56,-260,150,3
-4495,1999,8670,-82,-285,230,3
-4476,1772,8473,-125,-313,350,3
-4740,1237,8309,-151,-325,415,3
-4901,651,8359,-139,-314,298,3
-4869,841,8493,-99,-280,159,3
-4743,1400,8631,-75,-246,76,3
-4623,1938,8729,-67,-232,60,3
-4735,2122,8743,-45,-217,84,3
-4957,1749,8771,17,-200,44,3
-4831,1653,8791,84,-188,0,3
-4727,2042,8740,110,-201,42,3
-4533,2353,8723,103,-223,101,3
-4371,2509,8590,53,-254,180,3
-4261,2455,8321,-14,-286,276,3
-4359,2339,7970,-59,-295,381,3
-4452,2118,7794,-91,-264,459,3
-4501,1915,7844,-142,-216,536,3
-4687,1458,8117,-152,-162,573,3
-4725,830,8466,-86,-134,441,3
-4553,694,8663,-27,-199,251,3
-4315,1273,8662,0,-263,161,3
-4109,1971,8656,12,-270,123,3
-4057,2227,8634,15,-246,118,3
-4078,2179,8534,19,-226,181,3
-4057,2005,8395,50,-194,267,3
-4043,1907,8312,92,-137,360,3
-4042,1792,8280,127,-66,422,3
-3952,1478,8278,128,-5,384,3
-4000,1209,8268,103,41,214,3
-4137,1292,8321,36,54,70,3
-4302,1613,8391,-7,59,30,3
-4403,1686,8565,-9,62,15,3
-4300,1568,8751,8,45,9,3
-4136,1593,8543,-80,-158,150,3
-4010,1790,8837,49,-43,36,3
-4010,1790,8837,49,-43,36,3
-4089,1911,8843,45,-50,22,3
-4106,1984,8855,21,-86,46,3
-4054,1826,8551,-18,-123,9,3
-4054,1826,8551,-18,-123,9,3
-4054,2011,8612,-43,-98,9,3
-4035,1939,8740,-37,-77,17,3
-4095,1668,8834,37,-70,-13,3
-4035,1936,8757,100,-93,-30,3
-4035,1936,8757,100,-93,-30,3
-4051,2062,8801,82,-93,-9,3
-4045,2133,8856,58,-100,45,3
-4039,2094,8791,34,-117,98,3
-4025,1959,8746,14,-128,132,3
-3982,1837,8694,11,-135,144,3
-4005,1741,8696,14,-133,143,3
-3996,1552,8735,25,-124,91,3
-4059,1535,8783,46,-115,-10,3
-4030,1794,8840,62,-117,-64,3
-3925,2051,8861,59,-119,-46,3
-3803,2008,8893,52,-116,-27,3
-3871,1828,8877,48,-120,-69,3
-3932,1834,8818,42,-138,-100,3
-3826,2041,8838,42,-137,-66,3
-3749,2215,8865,54,-125,-14,3
-3691,2199,8895,35,-121,33,3
-3707,1951,8931,-25,-144,44,3
-3657,1647,8912,-84,-180,21,3
-3590,1599,8830,-124,-212,19,3
-3531,1632,8676,-160,-240,14,3
-3518,1516,8503,-199,-265,-13,3
-3589,1314,8354,-213,-262,-83,3
-3664,1431,8312,-169,-201,-140,3
-3654,1907,8476,-115,-115,-154,3
-3721,2268,8789,-59,-58,-140,3
-3768,2361,9092,22,-20,-92,3
-3833,2055,9490,31,-127,79,3
-3833,2055,9490,31,-127,79,3
-3845,1787,9380,-3,-170,65,3
-3816,1695,9277,-37,-191,23,3
-3772,1710,9274,-100,-214,-23,3
-3759,1662,9305,-161,-247,-90,3
-3775,1916,9314,-174,-262,-113,3
-3702,2148,9320,-157,-270,-94,3
-3624,2256,9301,-158,-280,-48,3
-3536,2253,9264,-161,-287,7,3
-3512,2181,9148,-128,-279,58,3
-3430,2026,9123,-77,-249,93,3
-3408,1884,9148,-22,-211,101,3
-3458,1778,9253,47,-165,105,3
-3440,1687,9422,79,-126,78,3
-3521,1699,9613,35,-123,10,3
-3592,1780,9817,-9,-133,-61,3
-3707,2060,9933,39,-95,-86,3
-3861,2438,10000,165,0,-56,3
-4326,2780,10176,336,132,2,3
-5122,3203,10709,572,314,42,3
-6593,4055,11949,896,512,75,3
-8583,5579,14916,1317,640,62,3
-13609,14676,-31329,874,-2319,-86,3
-15299,15395,-29085,-472,-4975,729,3
-19012,8231,24359,-3482,-15295,6849,3
-18251,7989,17147,-4152,-16203,7631,3
-16872,7558,7180,-5268,-16275,7649,3
-13947,7304,-4002,-6092,-15223,7583,3
-11164,6799,-16011,-6219,-12767,7878,3
-9249,2397,-21267,-6209,-9460,7978,3
-7981,-5830,-17567,-6372,-7511,7203,3
-6563,-10915,-16199,-5304,-6561,5727,3
-5286,-11069,-18681,-3094,-5229,3733,3
-4036,-9140,-18504,-1066,-3588,1722,3
-2264,-5673,-14970,-170,-2379,320,3
-478,-1240,-12449,-224,-1603,-347,3
1177,1751,-10054,-882,-943,-271,3
2263,2138,-7201,-1629,-454,336,3
3131,3,-5075,-1936,-132,1112,3
4246,-3365,-2855,-1997,72,1713,3
5348,-6930,-52,-1813,247,1775,3
6168,-9274,2312,-1327,479,1292,3
6905,-10144,4102,-903,646,610,3
7492,-9747,5083,-572,686,-39,3
7705,-8740,5158,-331,650,-541,3
7733,-7476,4531,-205,632,-802,3
7632,-6247,3361,-225,673,-820,3
7532,-5734,2100,-445,684,-730,3
7212,-5848,608,-674,694,-687,3
6715,-5961,-1072,-853,802,-736,3
6182,-5812,-2165,-1063,945,-805,3
5713,-5651,-3152,-1179,1134,-906,3
5227,-5300,-4228,-1210,1390,-1106,3
4613,-4474,-4849,-1267,1620,-1300,3
3988,-3589,-5440,-1331,1839,-1431,3
3392,-3112,-6023,-1367,2124,-1491,3
3392,-3112,-6023,-1367,2124,-1491,3
2765,-2849,-6579,-1284,2489,-1554,3
1990,-2487,-7318,-1018,2894,-1613,3
1614,-2809,-8783,-584,3345,-1655,3
1355,-4104,-11405,366,3988,-1545,3
854,-5826,-14620,1936,5190,-1267,3
-276,-6723,-16858,3431,7022,-1136,3
-2804,-7303,-17578,4621,9286,-1570,3
-6809,-7442,-15397,5663,11591,-2733,3
-11813,-4738,-12213,6645,13642,-4246,3
-19097,1033,-8157,7413,15472,-5470,3
-25975,6871,-1435,7205,16910,-6286,3
-31592,10981,7928,5928,17453,-6467,3
31453,13447,21109,3183,17453,-5935,3
-31695,17693,-28314,-552,17045,-4764,3
-25344,15098,-26310,-3021,13428,-3596,3
-22985,6650,-26477,-3292,7550,-1388,3
-22249,709,-28426,-2725,1328,1494,3
-16803,-1701,27455,-2298,-2478,2635,3
-12075,-509,18383,-2694,-3856,2644,3
-8451,574,13294,-3701,-4164,1967,3
-4969,84,10419,-4028,-3703,932,3
-3118,-1758,9142,-3538,-2612,415,3
-2223,-3811,9030,-2654,-1392,418,3
-1480,-4844,9354,-1524,-523,707,3
-1084,-5247,9529,-295,94,1116,3
-1188,-5079,9683,805,534,1391,3
-1207,-4620,9844,1644,778,1498,3
-1327,-3976,9818,2212,853,1524,3
-1929,-3541,9636,2541,811,1512,3
-2492,-3100,9524,2717,752,1499,3
-2773,-2583,9443,2793,693,1475,3
-3088,-2280,9293,2690,610,1309,3
-3569,-2121,9255,2314,498,854,3
-3809,-1383,9495,1758,410,391,3
-3979,-301,9889,1174,298,82,3
-4274,362,10210,715,147,-149,3
-4236,616,10376,388,-48,-290,3
-4070,786,10188,236,-217,-245,3
-3984,755,9766,215,-337,-107,3
-4009,384,9387,235,-421,-1,3
-3828,-96,9134,308,-474,33,3
-3639,-111,8917,459,-468,94,3
-3486,210,8699,636,-410,211,3
-3417,599,8464,768,-322,340,3
-3642,757,8367,835,-199,450,3
-3670,817,8524,805,-49,564,3
-3568,715,8894,718,58,636,3
-3413,457,9217,623,90,635,3
-3466,430,9342,538,80,655,3
-3706,367,9369,484,74,681,3
-3705,-144,9532,421,103,637,3
-3506,-614,9738,371,108,420,3
-3565,-478,9791,284,30,191,3
-3577,-38,9727,144,-79,79,3
-3489,414,9686,60,-139,63,3
-3407,629,9682,52,-149,92,3
-3397,623,9592,78,-163,129,3
-3426,581,9475,113,-177,186,3
-3378,670,9441,149,-170,264,3
-3349,803,9443,182,-149,343,3
-3312,779,9433,222,-129,404,3
-3290,627,9353,283,-106,385,3
-3421,525,9300,304,-108,299,3
-3421,464,9286,213,-168,212,3
-3326,629,9216,139,-219,160,3
-3266,872,9207,129,-221,119,3
-3302,1176,9188,104,-217,105,3
-3385,1363,9208,64,-232,126,3
-3355,1332,9257,45,-241,190,3
-3340,1371,9287,52,-234,282,3
-3369,1345,9243,70,-218,357,3
-3181,1162,9279,54,-205,264,3
-3120,1166,9134,46,-214,339,3
-3152,1203,9039,35,-218,389,3
-3108,1122,9034,13,-220,422,3
-3076,1042,9058,-10,-210,441,3
-3008,937,9116,-6,-190,414,3
-3015,930,9189,23,-156,378,3
-2984,932,9308,45,-129,352,3
-2919,985,9390,35,-144,338,3
-2865,1010,9361,20,-173,341,3
-2812,975,9222,16,-186,345,3
-2794,936,9110,-9,-189,329,3
-2807,901,9086,-53,-196,302,3
-2895,925,9070,-57,-187,290,3
-2978,976,9161,9,-137,255,3
-3064,1191,9347,103,-66,209,3
-3150,1456,9522,119,-36,202,3
-3098,1565,9653,43,-72,187,3
-3031,1527,9686,-30,-137,183,3
-2992,1466,9632,-38,-180,207,3
-2967,1406,9450,-27,-229,251,3
-2903,1207,9168,-34,-293,288,3
-2801,1067,8867,-34,-321,317,3
-2800,1029,8625,-18,-292,316,3
-2849,945,8601,-28,-231,267,3
-2851,871,8814,-63,-166,189,3
-2808,1087,9137,-77,-121,127,3
-2808,1087,9137,-77,-121,127,3
-2828,1357,9396,-79,-120,80,3
-2803,1528,9563,-79,-144,92,3
-2620,1644,9563,-21,-233,202,3
-2620,1644,9563,-21,-233,202,3
-2454,1550,9329,-4,-284,256,3
-2444,1467,9049,-3,-296,291,3
-2378,1292,8939,-26,-273,278,3
-2341,1227,8977,-77,-247,240,3
-2393,1233,9104,-125,-224,185,3
-2411,1216,9336,-98,-177,102,3
-2462,1435,9535,-43,-134,36,3
-2484,1771,9687,-68,-141,19,3
-2414,1993,9835,-117,-190,51,3
-2292,2024,9901,-96,-251,117,3
-2159,1899,9787,-22,-286,217,3
-2060,1781,9607,42,-309,312,3
-1948,1614,9469,71,-312,339,3
-1866,1502,9420,68,-299,312,3
-1844,1511,9373,61,-276,247,3
-1923,1654,9407,27,-264,194,3
-1935,1893,9507,10,-243,186,3
-1932,2066,9610,8,-225,206,3
-1892,2270,9696,0,-212,253,3
-1795,2454,9741,4,-209,314,3
-1616,2575,9769,10,-215,388,3
-1237,1905,9395,-89,9,402,3
-1237,1905,9395,-89,9,402,3
-1163,2124,9608,-200,199,285,3
-1413,2464,10163,-323,417,158,3
-1930,2729,11087,-409,643,75,3
-2808,2965,12325,-365,853,81,3
-4098,3088,13873,-192,974,153,3
-6197,3332,15947,107,1017,296,3
-9167,3322,20056,411,906,494,3
-11223,3453,27532,623,191,851,3
-12498,5876,-29129,867,-1652,1179,3
-15470,9799,-26310,685,-4531,1002,3
-19178,12262,-26310,-594,-8032,802,3
-21756,13379,-26387,-2051,-11654,1236,3
-22259,12572,-28550,-2588,-14898,2426,3
-21214,11060,29266,-2309,-16952,4043,3
-20257,8956,20679,-1828,-17453,5573,3
-19199,6723,13952,-1922,-17208,6744,3
-18153,5674,7260,-2909,-16709,7188,3
-17442,5366,-4452,-3976,-15867,6954,3
-15183,3830,-21355,-4007,-13378,6819,3
-11181,1538,-29364,-3822,-9200,6986,3
-8587,-3525,-22587,-4945,-6979,6102,3
-8740,-8357,-21771,-4341,-6950,4294,3
-8315,-9358,-28398,-1551,-5998,2598,3
-5954,-8846,-30251,812,-4049,1237,3
-3644,-7173,-27348,1770,-2525,326,3
-1376,-4620,-24245,1634,-1522,-162,3
600,-2197,-19314,706,-676,-182,3
2794,-1592,-12164,-510,-45,213,3
4935,-1998,-5692,-1418,286,782,3
6840,-3398,-1098,-1889,360,1123,3
8188,-4865,1743,-1824,401,1124,3
9128,-5748,3938,-1430,473,919,3
9783,-6080,5090,-903,434,620,3
9986,-6019,4595,-306,338,296,3
9888,-5628,3051,225,301,-21,3
9354,-5201,1340,542,290,-282,3
8512,-5159,-487,593,276,-471,3
7801,-5406,-2245,448,278,-571,3
7356,-5804,-3537,315,407,-682,3
6955,-5769,-4321,266,642,-858,3
6633,-5284,-4643,235,860,-1031,3
6410,-4636,-4948,175,979,-1098,3
6132,-3952,-5758,128,1127,-1060,3
5877,-3477,-6383,48,1402,-1029,3
5636,-3294,-6583,-100,1738,-1110,3
5297,-3076,-6751,-219,2098,-1323,3
4677,-2581,-7136,-334,2435,-1569,3
3814,-2132,-8097,-427,2738,-1778,3
2871,-2089,-9932,-293,3104,-1917,3
2363,-3014,-12544,216,3751,-1873,3
2237,-4015,-15461,1042,4872,-1601,3
1464,-4485,-17438,1932,6422,-1446,3
134,-4881,-16807,2516,8166,-1828,3
-1502,-3863,-14096,3024,9817,-2528,3
-4353,-847,-10673,4142,11424,-3306,3
-8880,3541,-7213,5363,13133,-4069,3
-14886,8073,-1025,5633,14782,-4601,3
-20123,11230,8272,4581,15994,-4717,3
-22470,12915,19405,2898,16635,-4183,3
-20516,13781,32665,523,15976,-2930,3
-16891,12051,-26310,-1196,13440,-1417,3
-15872,5681,-26310,-1092,9094,346,3
-14928,567,-28602,-378,3787,2590,3
-11457,-2059,28958,207,107,3727,3
-7482,-1743,21360,178,-1006,3305,3
-4966,275,16849,-769,-1213,2106,3
-951,1197,14054,-3265,-1173,-528,3
-282,-332,13465,-2610,-1032,-301,3
349,-1262,12211,-1530,-931,230,3
618,-1654,10817,-477,-770,866,3
711,-1655,9696,285,-598,1382,3
671,-1501,9039,738,-426,1692,3
762,-1227,8746,912,-282,1923,3
1010,-1176,8561,1057,-200,2098,3
1010,-1176,8561,1057,-200,2098,3
1356,-2189,8462,1353,-80,1981,3
1174,-2929,8522,1645,156,1550,3
1029,-2340,8826,1648,343,1037,3
859,-1243,9126,1316,345,542,3
579,-169,9383,798,188,167,3
251,301,9529,388,34,-106,3
22,408,9680,258,30,-249,3
114,946,9865,296,80,-184,3
231,1376,9927,330,67,-50,3
249,1553,9923,384,15,89,3
390,1539,9826,474,-31,240,3
542,1464,9569,565,-60,375,3
529,1419,9211,661,-37,487,3
359,1442,8930,741,39,594,3
38,1466,8903,788,165,680,3
-298,1101,9161,829,353,680,3
-407,702,9638,873,569,529,3
-503,901,10295,784,676,399,3
-584,1358,10864,612,648,333,3
-524,1646,11017,235,239,347,3
-524,1646,11017,235,239,347,3
-568,1511,10611,102,137,407,3
-588,1064,10362,-15,62,390,3
-666,465,10253,-93,42,285,3
-798,276,10371,-151,46,200,3
-781,191,10496,-130,51,134,3
-779,223,10544,-21,49,69,3
-784,535,10534,87,41,19,3
-672,908,10552,116,20,4,3
-566,1136,10563,71,-30,35,3
-466,1155,10437,33,-83,96,3
-452,1112,10265,25,-115,176,3
-495,967,10094,17,-138,244,3
-551,683,9986,-6,-154,281,3
-592,372,9957,-13,-145,260,3
-627,252,9972,-9,-126,200,3
-577,324,9992,-12,-111,112,3
-585,465,9991,-31,-112,3,3
-583,594,9950,-68,-137,-76,3
-512,685,9818,-92,-168,-94,3
-436,696,9684,-71,-175,-79,3
-427,640,9541,-30,-161,-77,3
-360,623,9483,-15,-155,-105,3
-323,683,9456,-40,-158,-124,3
-445,590,9480,-55,-146,-127,3
-429,245,9560,-16,-98,-190,3
-410,187,9676,20,-41,-308,3
-420,560,9816,5,-22,-421,3
-381,1073,9875,-49,-42,-464,3
-319,1345,9829,-88,-69,-435,3
-192,1423,9721,-87,-82,-344,3
-35,1438,9536,-77,-86,-250,3
67,1285,9328,-88,-93,-186,3
88,897,9137,-96,-84,-166,3
94,433,9171,-68,-50,-223,3
73,387,9336,-27,-6,-281,3
22,590,9524,-19,13,-306,3
-47,775,9653,-33,7,-324,3
-71,915,9718,-55,-9,-319,3
-56,1049,9707,-74,-20,-299,3
-111,1171,9634,-93,-23,-287,3
-219,1338,9597,-93,-19,-278,3
-310,1465,9657,-47,6,-243,3
-289,1500,9792,9,37,-201,3
-296,1327,9967,53,43,-188,3
-320,1183,10073,95,35,-225,3
-377,1330,10057,114,23,-261,3
-373,1134,9598,76,28,-116,3
-381,1347,9688,56,22,-113,3
-323,1380,9659,34,18,-93,3
-351,1316,9568,10,20,-67,3
-393,1212,9506,-14,29,-42,3
-375,1148,9495,-22,48,3,3
-389,1042,9492,-2,63,49,3
-405,788,9454,17,80,53,3
-424,593,9480,34,117,13,3
-511,611,9539,53,153,-56,3
-738,793,9681,58,177,-113,3
-1122,1654,10579,228,222,182,3
-1015,1533,10622,268,231,265,3
-1070,1318,10674,311,245,284,3
-1069,914,10715,341,265,223,3
-1041,559,10752,361,302,77,3
-1177,760,10837,321,316,-25,3
-1227,1118,10983,291,351,-49,3
-1292,1370,11251,341,414,-4,3
-1520,1582,11557,462,485,93,3
-2002,1875,11984,616,552,218,3
-2862,2242,12626,744,633,322,3
-4551,2718,13962,786,735,314,3
-6409,3065,16588,641,802,123,3
-6409,3065,16588,641,802,123,3
-8915,3280,21204,225,702,-161,3
-12030,3785,28845,-513,155,-560,3
-13338,6456,-28189,-1745,-1371,-1171,3
-13939,7981,-26310,-3369,-4246,-2019,3
-17081,5585,-26331,-4843,-7878,-2753,3
-26305,1604,29343,-6996,-17117,-3322,3
-26305,1604,29343,-6996,-17117,-3322,3
-26973,5291,20445,-7387,-17453,-3936,3
-26360,8357,11219,-7402,-17453,-4558,3
-25015,11104,1823,-6690,-17453,-4505,3
-23393,13067,-8883,-5113,-17453,-3751,3
-18038,13313,-21723,-2814,-17453,-2163,3
-10846,13161,29442,-17,-13661,349,3
-6118,10559,26309,1448,-8289,2358,3
-3332,2128,26924,-119,-5125,2480,3
-4019,-2948,29818,265,-3588,1837,3
-4502,-2032,32302,2587,-1586,820,3
-2121,1448,-25925,2818,128,-324,3
810,6106,-14635,1135,956,-576,3
3307,7585,-4728,-831,957,196,3
5589,4606,1537,-2057,502,1619,3
7035,-707,4741,-2595,-82,3186,3
7521,-7225,6469,-2238,-360,4097,3
8421,-13434,7022,-1304,-378,3929,3
10149,-15639,5747,-320,-402,2965,3
11134,-13368,2630,460,-380,1596,3
10817,-9598,-810,914,-240,325,3
10222,-6654,-2984,1129,46,-427,3
9512,-4960,-3434,1183,320,-606,3
9050,-4415,-2925,1080,465,-512,3
8889,-4594,-2391,830,475,-420,3
8612,-5097,-1983,528,390,-442,3
8351,-5127,-2100,283,320,-522,3
8170,-4533,-2504,173,291,-533,3
7960,-3956,-3055,143,303,-483,3
7844,-3674,-3657,115,372,-457,3
7634,-3521,-3999,80,506,-541,3
7252,-3106,-4274,78,673,-698,3
6731,-2391,-4686,127,868,-759,3
6227,-1714,-5317,241,1103,-738,3
5662,-1033,-6059,406,1382,-638,3
5164,-541,-6747,510,1690,-534,3
2845,-1066,-12567,1178,3425,144,3
2698,-2104,-15073,1689,4558,581,3
2318,-3193,-17195,2234,6021,680,3
682,-4308,-18562,3077,7857,381,3
-1376,-3751,-17497,3941,9753,-124,3
-4145,-882,-15530,5034,11490,-716,3
-8751,3013,-12350,6459,13221,-1421,3
-14395,7913,-6948,7962,15067,-2190,3
-19830,12416,773,8910,16839,-2939,3
-23973,13731,11227,8323,17453,-3288,3
-25554,12808,22323,5899,17453,-2909,3
-24816,12147,-31090,2836,17150,-2108,3
-21500,8822,-26310,559,13653,-1267,3
-18213,4301,-26310,-412,7939,326,3
-14873,664,-29148,-735,2168,1556,3
-11565,-565,26708,-1397,-1194,1342,3
-8831,1021,18801,-2816,-2630,553,3
-5614,2737,14705,-4110,-3129,-204,3
-843,-1271,10625,-2484,-1366,767,3
-991,-647,11071,489,152,320,3
-991,-647,11071,489,152,320,3
-1126,-116,11132,278,61,270,3
-1131,-46,11060,173,-43,331,3
-1031,-114,10828,138,-142,478,3
-964,-350,10512,190,-206,618,3
-1016,-876,10242,292,-223,649,3
-1067,-999,9996,426,-175,557,3
-1100,-531,9818,499,-116,460,3
-1015,-106,9718,476,-91,395,3
-1039,-119,9750,366,-88,158,3
-1121,208,9857,350,-50,186,3
-992,590,9963,348,-26,279,3
-896,738,9970,295,-59,359,3
-833,652,9805,206,-127,420,3
-756,329,9502,133,-190,410,3
-975,62,9184,75,-237,376,3
-1127,35,8973,44,-229,380,3
-1161,278,8942,68,-155,417,3
-1377,88,9153,108,-51,407,3
-1498,-141,9566,194,43,330,3
-1438,166,10045,282,86,286,3
-1298,788,10431,341,86,311,3
-1198,1167,10659,404,54,363,3
-1071,1213,10652,428,-9,425,3
-966,1109,10381,394,-99,485,3
-859,1018,10028,312,-188,547,3
-663,1028,9694,215,-250,604,3
-494,1021,8965,105,-262,709,3
-486,792,8779,93,-194,702,3
-486,792,8779,93,-194,702,3
-338,603,8808,108,-93,582,3
-227,791,8923,125,-14,440,3
-207,949,9052,109,20,360,3
-81,1113,9226,124,45,343,3
-76,1297,9353,176,95,348,3
-159,1483,9608,205,126,374,3
-112,1425,9909,191,127,420,3
-68,1288,10170,173,118,488,3
-17,1194,10324,174,89,561,3
70,1070,10303,184,51,620,3
126,887,10167,174,14,625,3
232,707,9987,127,-15,564,3
241,678,9836,95,-13,464,3
241,815,9727,67,0,366,3
238,1019,9708,51,15,315,3
257,1170,9694,95,50,299,3
199,1310,9693,165,96,293,3
53,1437,9815,197,118,294,3
-5,1534,9988,208,132,312,3
-82,1568,10120,217,143,353,3
-74,1298,10185,234,132,364,3
-98,1043,10146,239,101,331,3
-99,1004,10029,204,54,291,3
-13,1191,9812,168,6,290,3
52,1331,9565,153,-17,307,3
95,1359,9414,122,-12,315,3
146,1320,9384,73,-4,296,3
126,1447,9428,58,18,300,3
118,1176,9917,29,-2,347,3
118,1176,9917,29,-2,347,3
174,1213,9731,32,-20,326,3
129,1106,9560,56,-18,265,3
-45,1053,9480,81,13,180,3
-196,1332,9668,66,59,119,3
-227,1769,10072,46,90,102,3
-271,2041,10421,79,87,129,3
-277,2060,10534,133,63,188,3
-240,1986,10534,172,27,251,3
-227,1820,10441,179,-15,300,3
-196,1628,10270,170,-56,329,3
-137,1351,10030,158,-89,325,3
-94,1078,9830,129,-118,271,3
-14,1011,9622,90,-141,188,3
-11,1188,9438,79,-128,118,3
-28,1480,9342,79,-90,88,3
-8,1660,9344,78,-51,101,3
8,1749,9384,101,-5,140,3
19,1800,9449,126,33,186,3
26,1774,9490,132,55,232,3
2,1598,9416,123,66,262,3
0,1271,9397,109,70,248,3
-38,1043,9415,110,98,194,3
-116,1133,9501,114,135,137,3
-171,1192,9664,92,146,81,3
-268,1259,9798,49,142,13,3
-397,1517,9964,30,152,-34,3
-427,1820,10155,27,172,-31,3
-480,2057,10371,10,174,26,3
-466,2144,10507,7,155,94,3
-438,2153,10603,37,132,174,3
-413,2065,10576,63,91,246,3
-375,1781,10470,56,21,276,3
-262,1467,10267,22,-44,259,3
-233,1295,10059,-15,-88,222,3
-282,1096,9973,-16,-100,146,3
-319,1173,9998,18,-67,72,3
-356,1581,10219,35,-31,46,3
-329,1974,10521,36,-12,52,3
-368,2242,10752,41,-6,81,3
-2242,3073,13405,145,113,232,3
-2242,3073,13405,145,113,232,3
-3450,3496,14643,146,171,173,3
-4880,3975,16605,123,211,178,3
-6387,4392,19594,87,104,260,3
-8184,3650,24283,-33,-388,409,3
-9868,2382,29999,-295,-1496,577,3
-10683,2085,-30954,-677,-3391,491,3
-11702,3028,-29766,-1173,-5922,21,3
-14365,3438,-30598,-1969,-8503,-607,3
-16170,4195,32241,-3166,-10944,-1159,3
-16706,6188,27811,-4193,-13119,-1877,3
-17892,7060,22952,-4531,-14845,-2484,3
-18683,6681,17409,-4283,-16072,-2611,3
-18518,7538,12092,-3796,-16830,-2107,3
-18403,9267,5958,-3440,-17033,-1373,3
-17769,10233,-1781,-3313,-16761,-800,3
-15329,10612,-11151,-3125,-15925,-38,3
-11885,10941,-22789,-2614,-13897,920,3
-9821,10573,32668,-1711,-10926,1520,3
-6158,3256,30105,-1953,-8616,1240,3
-3800,-3670,27951,-845,-6537,1000,3
-2925,-3924,26309,1772,-3629,838,3
-1211,-715,30325,2540,-1151,388,3
-1211,-715,30325,2540,-1151,388,3
110,2524,-22728,1202,134,-180,3
2280,4243,-10579,-955,126,-111,3
4817,3788,-2961,-2426,-123,564,3
9960,-8454,4902,-951,224,2556,3
9960,-8454,4902,-951,224,2556,3
10541,-9208,3525,-159,261,2142,3
11316,-7958,851,-96,175,1410,3
10947,-6337,-1660,321,400,211,3
9771,-3668,-3543,1008,865,-667,3
8822,-865,-4598,1114,1183,-822,3
8457,395,-4783,670,1277,-689,3
8148,478,-4512,178,1274,-552,3
7188,-274,-4534,-341,1370,-165,3
7188,-274,-4534,-341,1370,-165,3
7006,-438,-4504,-375,1480,-77,3
6763,-278,-4587,-329,1637,-74,3
6508,271,-4976,-213,1837,-119,3
6156,1078,-5715,-34,2072,-113,3
5760,1650,-6955,248,2344,-68,3
5247,2138,-8490,733,2703,7,3
4741,2248,-10192,1304,3230,172,3
3964,1593,-12220,1917,4069,494,3
3197,782,-14354,2459,5266,960,3
2340,183,-15948,2903,6694,1229,3
604,-549,-16856,3467,8382,1144,3
-1477,-272,-15880,4061,10324,995,3
-5285,2545,-12921,4875,12421,883,3
-10585,6386,-7831,5763,14153,463,3
-16308,10188,-1624,6845,15444,-77,3
-14391,10892,-26310,3946,10749,611,3
-14391,10892,-26310,3946,10749,611,3
-13712,7931,-27549,1818,6204,851,3
-13004,5061,31197,-504,2283,1084,3
-10831,4625,23904,-2600,-186,507,3
-7739,5057,18962,-4150,-1554,-320,3
-4767,5535,14966,-4751,-2302,-514,3
-2540,5183,11522,-4106,-2323,84,3
-1198,2862,9955,-2799,-1542,992,3
569,-1984,12155,157,705,2451,3
569,-1984,12155,157,705,2451,3
140,-2209,12194,769,814,2431,3
-387,-2840,12184,1266,867,1972,3
-524,-2515,12100,1479,832,1409,3
-512,-1758,11951,1331,595,919,3
-583,-1492,11753,1057,297,440,3
-492,-969,11463,862,123,58,3
-405,138,11134,690,42,-126,3
-375,1789,9664,11,62,256,3
-375,1789,9664,11,62,256,3
-720,1484,9689,-92,69,301,3
-940,1126,9932,-140,115,328,3
-909,837,10327,-147,142,389,3
-805,386,10605,-78,101,423,3
-611,-34,10653,103,35,356,3
-434,35,10488,323,-13,242,3
-282,386,10186,433,-44,157,3
-272,829,9900,398,-67,133,3
-225,988,9791,294,-109,124,3
26,441,9641,235,-94,69,3
-196,402,9574,195,-22,106,3
-416,368,9692,144,87,105,3
-150,-155,9522,-145,-247,-176,3
59,-288,9386,-130,-217,-209,3
179,-288,9337,-129,-194,-236,3
160,-209,9313,-131,-170,-267,3
107,-150,9268,-136,-149,-302,3
76,-41,9253,-130,-143,-326,3
118,28,9219,-127,-145,-328,3
93,69,9110,-137,-147,-315,3
59,-125,9037,-129,-130,-370,3
-58,-274,9043,-93,-86,-503,3
-167,35,9171,-90,-60,-622,3
-226,615,9356,-101,-62,-659,3
-193,1090,9474,-87,-62,-631,3
-112,1302,9535,-59,-64,-566,3
-111,1447,9565,-33,-78,-495,3
-111,1447,9565,-33,-78,-495,3
-38,1399,9642,-25,-90,-430,3
-16,1222,9744,-25,-94,-332,3
20,808,9748,0,-99,-269,3
-81,499,9696,27,-99,-248,3
-191,284,9726,18,-97,-252,3
-160,-58,9832,-5,-93,-325,3
-216,-251,9924,-20,-100,-467,3
-302,7,9944,-18,-122,-557,3
-312,424,9902,-1,-143,-574,3
-349,707,9858,19,-155,-550,3
-367,857,9881,54,-157,-498,3
-310,830,9949,84,-171,-443,3
-325,724,9932,90,-200,-384,3
-599,-135,9814,159,-176,-418,3
-599,-135,9814,159,-176,-418,3
-758,-226,9951,164,-166,-488,3
-779,-162,10060,159,-170,-558,3
-806,34,10061,152,-199,-606,3
-756,314,9961,170,-222,-605,3
-707,606,9810,202,-216,-573,3
-706,760,9715,209,-197,-516,3
-678,762,9723,191,-169,-447,3
-591,706,9730,169,-143,-371,3
-530,502,9731,142,-126,-325,3
-484,118,9707,106,-123,-340,3
-403,413,9452,-116,-25,-673,3
-403,413,9452,-116,-25,-673,3
-387,673,9529,-99,32,-623,3
-307,845,9664,-58,83,-560,3
-271,932,9701,-26,103,-503,3
-264,1009,9640,-1,108,-457,3
-180,1031,9477,28,112,-429,3
-57,982,9216,73,132,-419,3
68,897,8930,117,174,-455,3
168,927,8810,139,229,-536,3
113,1285,8794,164,306,-622,3
-47,1835,8939,192,421,-667,3
50,2287,9235,188,542,-619,3
150,2474,9480,186,633,-541,3
84,2461,9623,250,721,-474,3
51,2469,9671,403,828,-395,3
-93,2569,9721,664,949,-290,3
-372,2923,9911,967,1093,-140,3
-787,3539,10241,1213,1208,60,3
-1201,3949,10773,1444,1295,295,3
-1564,4179,11445,1712,1393,552,3
-2063,4152,12168,2020,1505,612,3
-3197,4666,13081,2381,1614,453,3
-4672,5688,14660,2612,1646,289,3
-5800,6993,16952,2566,1451,204,3
-5874,8342,19143,2189,956,131,3
-5766,9785,20784,1639,153,46,3
-6159,10746,21962,939,-980,16,3
-7034,10209,22604,44,-2411,69,3
-8527,8611,23897,-936,-3948,183,3
-10336,6428,25763,-1968,-5681,233,3
-12019,4231,26806,-3029,-7634,2,3
-13386,4223,26489,-4219,-9596,-824,3
-15628,5466,26094,-5664,-11471,-2068,3
-16039,9037,24499,-7143,-13126,-3319,3
-15646,12938,21868,-8007,-14378,-4275,3
-15134,15437,17619,-7958,-15302,-4600,3
-14948,16872,11494,-7264,-15884,-3989,3
-13210,18071,3227,-6140,-16048,-2482,3
-10520,17911,-5310,-4946,-15604,-523,3
-7504,15872,-13595,-4371,-14005,1272,3
-5399,11743,-18397,-4439,-11565,2332,3
-4380,5697,-19483,-4764,-9540,2462,3
-3605,-146,-19478,-4275,-8058,1985,3
-2668,-2487,-22047,-2570,-6431,1519,3
-1448,-1089,-25568,-764,-4546,1022,3
16,1243,-26183,44,-2837,378,3
1004,3105,-23485,169,-1462,-73,3
2066,4653,-19023,-85,-564,56,3
3647,5134,-13834,-505,-9,633,3
5103,3866,-8643,-998,301,1402,3
6215,1052,-4213,-1486,396,2102,3
7376,-2287,-772,-1870,330,2531,3
8575,-5377,1517,-1911,258,2570,3
9662,-7167,2451,-1496,267,2178,3
10344,-7210,2044,-928,322,1539,3
10729,-6056,741,-528,386,908,3
10893,-4738,-591,-410,456,396,3
10593,-3823,-1850,-413,533,79,3
10005,-3280,-3221,-380,669,-71,3
9408,-3209,-4131,-445,840,-140,3
8907,-3484,-4392,-601,1020,-215,3
8436,-3490,-4510,-673,1219,-381,3
7880,-3058,-4807,-666,1406,-605,3
7394,-2406,-5183,-759,1532,-811,3
6957,-1359,-5606,-866,1665,-912,3
6525,-257,-6146,-851,1864,-944,3
6046,738,-7057,-698,2111,-914,3
5400,1699,-8745,-391,2412,-804,3
4853,1878,-10950,83,2849,-564,3
4933,707,-13154,735,3586,-181,3
4872,-463,-15147,1682,4764,197,3
4116,-1468,-16934,2841,6307,310,3
2559,-2266,-17771,4040,8127,119,3
-266,-1732,-16303,5174,10098,-351,3
-266,-1732,-16303,5174,10098,-351,3
-4103,934,-12727,6206,11944,-1041,3
-9359,4510,-8785,7428,13646,-1797,3
-14777,8126,-3448,8613,15154,-2531,3
-19206,11329,3864,9241,16463,-3056,3
-21388,12827,12675,8629,17246,-3295,3
-20637,14674,21930,6634,17035,-3150,3
-18013,16946,31173,3868,15441,-2816,3
-15470,15247,-28604,1639,12193,-2206,3
-15146,10841,-27724,271,7532,-484,3
-13471,5983,32584,-456,2611,1186,3
-9864,3142,24686,-1172,-555,1303,3
-7643,4015,19364,-2412,-1914,805,3
-4802,5578,16385,-3655,-2618,217,3
-2164,5348,13988,-4234,-2982,-288,3
-891,3944,11977,-3946,-2779,-325,3
-2,2048,11174,-3285,-2120,-37,3
1089,468,11298,-2435,-1434,396,3
2014,-332,9618,1224,-87,1840,3
2014,-332,9618,1224,-87,1840,3
2084,-690,9410,1814,201,1773,3
1778,-1228,9316,2191,357,1497,3
1464,-1307,9190,2326,409,1155,3
1410,-651,9034,2166,426,850,3
1534,129,9065,1692,346,476,3
1351,762,9281,1065,187,104,3
968,1313,9526,594,72,-143,3
924,1975,9735,303,52,-226,3
1109,2521,9869,105,40,-169,3
1231,2683,9851,-9,2,-69,3
972,2553,9730,-54,-19,26,3
816,2352,9620,-36,-2,128,3
957,2053,9541,62,59,227,3
1094,1723,9481,202,147,165,3
900,1723,9463,265,226,26,3
452,2044,9678,224,301,-58,3
452,2044,9678,224,301,-58,3
80,2315,9870,294,116,-220,3
-50,2515,9893,360,108,-175,3
-144,2438,9918,423,88,-124,3
-307,2179,9903,426,63,-103,3
-524,2147,9939,368,40,-121,3
-678,2385,9987,304,28,-156,3
-839,2594,10087,251,17,-202,3
-911,2536,10188,227,-10,-306,3
-951,2681,10175,233,-56,-368,3
-934,3022,10069,265,-94,-336,3
-859,3269,9993,295,-116,-274,3
-853,3300,9915,306,-140,-205,3
-820,3108,9778,302,-168,-128,3
-772,2871,9554,286,-177,-45,3
-875,2682,9304,262,-161,7,3
-1004,2524,9128,216,-117,23,3
-1045,2219,9138,149,-56,-10,3
-1051,1847,9316,63,-19,-127,3
-1048,1905,9513,-17,-17,-220,3
-982,2157,9609,-62,-27,-253,3
-912,2165,9556,-67,-45,-253,3
-871,1982,9476,-64,-62,-240,3
-775,1902,9387,-75,-72,-217,3
-645,1874,9338,-91,-71,-187,3
-581,1823,9250,-107,-70,-142,3
-608,1745,9132,-125,-65,-99,3
-670,1558,9085,-136,-55,-101,3
-634,1235,9100,-131,-26,-167,3
-632,1075,9174,-116,18,-285,3
-696,1118,9310,-115,35,-444,3
-749,1407,9386,-97,27,-559,3
-848,1863,9444,-42,39,-605,3
-845,2326,9543,-6,60,-593,3
-832,2519,9640,-11,56,-546,3
-823,2565,9732,-25,38,-487,3
-875,2537,9754,-23,22,-431,3
-872,2395,9750,-17,2,-378,3
-869,2123,9701,4,-11,-340,3
-896,1978,9648,51,-6,-325,3
-889,1993,9617,119,31,-363,3
-893,1845,9645,99,27,-440,3
-659,2372,9460,95,17,-438,3
-465,2394,9924,-19,79,-320,3
-465,2394,9924,-19,79,-320,3
-405,2257,9799,-46,58,-223,3
-375,2047,9653,-50,43,-137,3
-353,1812,9535,-36,43,-95,3
-515,2241,9566,49,10,-306,3
-515,2241,9566,49,10,-306,3
-526,2339,9586,61,14,-253,3
-547,2322,9607,81,22,-198,3
-621,2294,9599,100,27,-150,3
-664,2154,9638,105,27,-122,3
-703,1866,9732,104,27,-155,3
-731,1782,9839,86,15,-189,3
-670,1796,9878,71,-10,-210,3
-629,1941,9818,90,-18,-245,3
-610,2212,9729,84,-27,-232,3
-542,2346,9712,59,-38,-177,3
-511,2381,9696,52,-35,-101,3
-537,2355,9703,67,-21,-34,3
-472,2278,9784,66,-13,17,3
-435,2129,9860,60,-12,45,3
-430,1886,9901,58,-11,19,3
-361,1731,9901,19,-22,-60,3
-319,1903,9876,-52,-37,-149,3
-277,2162,9871,-141,-26,-260,3
-257,2510,9985,-280,-13,-333,3
-300,2907,10176,-387,27,-363,3
-523,3203,10429,-449,108,-390,3
-992,3225,10970,-549,204,-483,3
-2188,3056,12095,-622,316,-641,3
-4098,2381,14381,-640,420,-981,3
-6668,2026,19136,-666,398,-1453,3
-8682,2672,26638,-598,-84,-1760,3
-10094,5105,-31577,-335,-1365,-1880,3
-12244,7902,-27344,-186,-3430,-1975,3
-13922,10023,-26358,-740,-5852,-1790,3
-14120,11057,-28176,-1600,-8462,-1141,3
-16378,4630,19115,-3431,-15771,1954,3
-18046,3720,13260,-3813,-16599,2127,3
-18651,3102,6550,-4260,-17087,1965,3
-17856,2522,-1879,-4284,-17004,1674,3
-15690,2808,-12964,-3546,-15837,1826,3
-13524,4668,-26839,-2064,-12998,2403,3
-10494,2746,30956,-1599,-9790,2471,3
-5505,-4229,30975,-2776,-7989,1829,3
-4479,-6129,28953,-1351,-5899,1480,3
-3719,-2521,28370,630,-3371,845,3
-1532,1854,-29043,243,-1530,-86,3
-498,4972,-16964,-1245,-688,-206,3
1825,4750,-6884,-2420,-533,675,3
8559,-4953,5329,-2473,-538,2957,3
9680,-8238,5627,-1415,-417,2886,3
10968,-9030,3623,-446,-301,2315,3
11390,-8033,788,-49,-228,1235,3
10666,-6488,-1783,68,-113,115,3
9694,-4713,-3737,99,74,-493,3
8745,-3863,-4680,5,347,-654,3
8025,-3760,-4787,-287,617,-648,3
7553,-3766,-4884,-712,746,-583,3
7398,-3083,-5754,-1287,875,-545,3
7383,-2420,-6158,-1393,1028,-602,3
7237,-1996,-6209,-1420,1208,-703,3
6979,-1526,-6177,-1367,1399,-830,3
6563,-768,-6162,-1197,1620,-892,3
6098,84,-6205,-1004,1874,-900,3
5561,992,-6532,-867,2133,-862,3
4913,1914,-7564,-632,2412,-730,3
4449,2280,-9644,-174,2818,-422,3
4229,1235,-13091,597,3591,203,3
4199,-331,-17182,1686,4827,1100,3
3956,-1836,-21076,2786,6616,1603,3
2351,-3982,-23388,4204,9118,1441,3
-1252,-3755,-22612,6182,11976,842,3
-7834,654,-19066,8517,14731,-68,3
-16169,7088,-13619,10319,16907,-1349,3
-24984,12444,-6055,11684,17453,-3121,3
-31961,15361,5883,11367,17453,-4662,3
30312,16058,20785,8615,17453,-5149,3
-23915,19209,-26310,1033,15117,-3426,3
-20043,11609,-26424,-1098,8363,-1014,3
-17550,4473,-26827,-1731,1400,1520,3
-13083,2214,30792,-2284,-3101,1816,3
-9135,3317,19433,-3876,-5222,613,3
-5338,5801,12941,-5545,-5995,-605,3
-2002,6824,8668,-6091,-6061,-1192,3
293,5254,6031,-5206,-5227,-751,3
2120,1722,5652,-4011,-3605,101,3
3332,-1233,6548,-2643,-1947,740,3
3769,-2518,7496,-1079,-715,1230,3
3450,-1890,8008,187,72,1722,3
3037,-933,8442,945,487,2102,3
2712,-1126,8718,1539,712,2222,3
2379,-1757,8860,2436,1033,2057,3
2379,-1757,8860,2436,1033,2057,3
1755,-1467,8985,3275,1418,1846,3
1182,-908,9293,3448,1555,1560,3
750,-735,10017,2786,1327,1016,3
597,-192,10770,1773,953,411,3
541,814,11289,947,626,-102,3
390,1772,11549,389,346,-393,3
154,2537,11426,10,70,-400,3
73,2707,10949,-231,-190,-268,3
-44,2588,10303,-298,-339,-75,3
-74,2358,9799,-278,-408,99,3
305,1474,9572,-246,-431,130,3
693,2059,10021,462,240,321,3
693,2059,10021,462,240,321,3
633,1784,10160,499,244,434,3
556,1388,10168,526,230,485,3
566,1315,10112,472,218,509,3
565,1356,10125,344,191,527,3
498,975,10122,174,136,461,3
399,592,10150,1,74,258,3
392,666,10106,-121,22,61,3
556,1084,10009,-166,-11,-20,3
454,1540,9943,-112,-15,-33,3
416,1472,10096,-2,-28,-43,3
654,1216,10148,116,-74,-33,3
748,1276,10059,207,-103,44,3
878,1428,10039,294,-96,100,3
863,1515,10045,340,-86,140,3
846,1334,10003,360,-95,172,3
782,1121,9908,396,-83,110,3
730,1248,9868,369,-54,33,3
744,1494,9894,274,-48,-25,3
717,1741,9875,186,-56,-99,3
701,1917,9858,127,-73,-131,3
766,2060,9839,138,-66,-105,3
768,2181,9853,180,-47,-53,3
745,2217,9900,205,-54,13,3
780,2181,9830,234,-81,93,3
689,2116,9709,263,-98,178,3
708,1904,9676,253,-90,231,3
725,1632,9787,55,-55,61,3
707,1732,9900,5,-70,50,3
742,1721,9913,14,-92,79,3
846,1656,9842,66,-95,125,3
924,1646,9760,117,-88,172,3
946,1664,9651,128,-91,222,3
903,1641,9537,109,-102,276,3
842,1385,9508,73,-114,302,3
938,1112,9498,32,-129,267,3
969,1146,9410,25,-115,197,3
938,1343,9379,31,-73,112,3
1027,1309,9506,6,-36,-20,3
1028,1331,9650,-34,-29,-149,3
994,1623,9738,-46,-34,-156,3
1053,1804,9712,-10,-29,-106,3
974,1816,9622,31,-30,-50,3
957,1652,9549,45,-35,-7,3
915,1371,9605,5,0,50,3
817,1124,9744,14,23,-76,3
761,1368,9872,12,12,-126,3
845,1759,9925,27,3,-115,3
956,2021,9864,39,-4,-90,3
1029,2077,9705,9,-26,-32,3
1057,1928,9551,-29,-42,29,3
1071,1635,9411,-37,-41,55,3
1109,1523,9275,-26,-26,72,3
1100,1563,9192,-18,3,83,3
1088,1356,9261,-10,43,54,3
993,1155,9414,-21,63,-24,3
890,1104,9565,-33,61,-110,3
863,1282,9761,-4,67,-178,3
815,1631,9903,7,55,-189,3
885,1909,9938,12,36,-160,3
997,1975,9905,30,25,-112,3
1021,1978,9816,45,20,-46,3
1013,1921,9725,56,25,14,3
979,1727,9707,58,35,47,3
949,1452,9751,40,29,27,3
970,1338,9781,24,22,-13,3
1012,1377,9766,35,33,-64,3
1018,1515,9723,22,33,-112,3
1007,1673,9635,-28,22,-122,3
1006,1737,9621,-54,29,-88,3
990,1771,9592,-33,53,-30,3
949,1775,9657,1,85,20,3
951,1807,9712,36,116,68,3
937,1762,9724,85,152,84,3
869,1670,9772,109,194,48,3
775,1739,9860,94,223,8,3
745,1814,9969,76,231,2,3
821,1653,9750,200,257,-45,3
782,1927,9622,243,305,-29,3
415,3610,9149,1479,1226,233,3
415,3610,9149,1479,1226,233,3
-349,4130,9241,2464,1790,256,3
-1735,4704,10270,3731,2543,273,3
-3410,5525,12517,4775,3341,355,3
-4804,7005,15818,5275,3817,330,3
-5701,8881,19522,5138,3725,214,3
-11692,6712,30154,-1419,-3562,621,3
-12870,5150,29724,-3396,-6529,133,3
-14395,4482,28965,-4848,-9387,-664,3
-16565,4909,28093,-5791,-11943,-1393,3
-18827,6524,26825,-6421,-14124,-2036,3
-20353,8857,23388,-6905,-15983,-2649,3
-21328,11092,18273,-7177,-17397,-3130,3
-17365,13482,-10133,-4261,-17453,-861,3
-13145,14273,-20600,-3133,-15951,302,3
-8033,14013,-29152,-1898,-12899,1137,3
-4357,7376,31938,-1546,-10141,1820,3
-2742,-2027,30887,-888,-7631,2262,3
-1239,-6219,30302,1049,-4374,2321,3
-189,-5023,-32443,2166,-1418,1657,3
466,-689,-23675,1097,197,292,3
1144,4747,-13576,-736,655,-512,3
2759,8158,-5824,-2335,420,-83,3
5316,7267,-1168,-3374,-95,1075,3
7750,2557,519,-3240,-343,2181,3
9014,-2264,1455,-2595,-410,2687,3
9897,-6125,2258,-1907,-409,2614,3
10832,-8041,1989,-837,-270,1980,3
10976,-6917,197,233,12,1108,3
10589,-4172,-1874,723,259,415,3
10151,-1974,-3330,805,491,14,3
9501,-745,-3946,792,708,-131,3
8892,-440,-4021,556,826,-127,3
8529,-213,-4252,262,887,-59,3
8142,2,-4732,7,939,10,3
7674,-67,-5230,-274,974,85,3
7409,-292,-5632,-546,1016,120,3
7180,-307,-6029,-697,1130,110,3
6776,74,-6355,-669,1337,76,3
6390,685,-6689,-570,1586,59,3
6023,1308,-7136,-454,1863,117,3
5689,1725,-7814,-264,2189,256,3
5450,1830,-8765,89,2607,453,3
5321,1517,-10087,632,3191,699,3
5158,847,-11773,1341,4035,1008,3
4834,137,-13519,2198,5191,1375,3
3881,-650,-14516,3097,6691,1674,3
2251,-1776,-13769,3861,8339,1528,3
11,-1841,-11844,4867,10050,854,3
-3390,125,-9371,6141,11686,128,3
-6985,2703,-6559,7382,13157,-457,3
-10678,5533,-3147,8397,14473,-882,3
-14204,7695,1873,8664,15323,-1181,3
-16489,8950,8202,8120,15683,-1449,3
-17509,9768,15547,6921,15543,-1637,3
-17491,11200,23503,4910,14580,-1676,3
-15222,13388,31056,2595,12399,-1861,3
-12816,11809,-31223,1028,9003,-1976,3
-12135,7600,32151,302,5178,-1127,3
-10113,5491,26926,-36,2152,53,3
-7471,5323,21440,-341,369,540,3
-5378,5910,17107,-882,-677,526,3
-3580,6182,13993,-1545,-1221,519,3
-2176,5390,12028,-1748,-1135,595,3
-1279,3775,11152,-1385,-585,592,3
-847,2363,11048,-798,47,518,3
-640,1889,11303,-150,524,515,3
-343,1989,11567,460,805,631,3
-256,2419,11602,947,924,797,3
-320,2893,11500,1236,929,992,3
-294,2973,11375,1314,842,1217,3
-544,2225,11334,1287,675,1290,3
-724,1552,11378,1204,486,1140,3
-465,1868,11305,1026,307,892,3
-310,2591,11067,688,88,648,3
-161,3047,10726,266,-159,395,3
-246,3251,10152,-103,-371,199,3
-450,3409,9596,-311,-471,112,3
-354,3638,9194,-363,-434,153,3
-84,3669,8997,-280,-316,217,3
150,3495,8911,-124,-168,208,3
144,3480,8822,-25,-48,199,3
-26,3591,8681,22,41,218,3
-371,3721,8585,120,142,250,3
-463,3682,8772,241,277,262,3
-642,3520,9168,332,395,246,3
-1049,3505,9657,388,450,210,3
-1066,3844,10117,408,472,216,3
-963,4264,10430,393,452,252,3
-925,4622,10672,304,356,270,3
-802,4707,10709,139,207,309,3
-737,4733,10551,-25,67,392,3
-729,4559,10269,-164,-38,510,3
-673,4142,9999,-262,-100,589,3
-656,3659,9840,-268,-102,597,3
-675,3355,9818,-193,-67,566,3
-604,3301,9913,-151,-58,526,3
-468,3342,9949,-144,-92,474,3
-354,3281,9920,-127,-152,434,3
-354,3281,9920,-127,-152,434,3
-150,3209,9830,-69,-185,436,3
-58,3263,9707,14,-163,409,3
-144,3353,9659,19,-138,369,3
-146,3396,9726,-67,-141,369,3
-165,2953,9451,-360,-225,318,3
62,3360,9030,-292,-309,117,3
62,3360,9030,-292,-309,117,3
82,3161,8928,-283,-302,172,3
40,2910,8831,-249,-278,183,3
46,2879,8821,-217,-254,188,3
99,2994,8803,-184,-233,218,3
104,3022,8749,-141,-209,244,3
92,2932,8678,-103,-189,243,3
9,2677,8681,-71,-173,183,3
17,2692,8844,-29,-137,136,3
147,3032,9000,30,-112,132,3
251,3252,9045,76,-115,139,3
288,3312,8950,87,-128,159,3
287,3108,8680,88,-78,254,3
287,3108,8680,88,-78,254,3
312,3019,8660,108,-58,257,3
292,2875,8662,92,-36,210,3
288,2888,8769,78,10,148,3
217,3100,8886,102,58,107,3
130,3237,8988,116,76,124,3
190,3126,9088,133,87,163,3
247,2956,9141,152,96,198,3
283,2868,9137,164,94,219,3
369,2910,9052,153,94,247,3
354,2608,8684,91,292,-67,3
354,2608,8684,91,292,-67,3
221,2947,8870,102,371,-99,3
62,3177,9168,123,443,-78,3
-142,3190,9522,152,488,-13,3
-243,2985,9894,182,505,67,3
-241,2688,10134,214,491,115,3
-187,2399,10239,173,425,135,3
-160,2078,10182,105,338,121,3
-213,1944,10034,59,294,109,3
-88,1970,9842,-15,264,111,3
49,1935,9656,-103,226,120,3
118,1291,9392,-148,232,129,3
118,1291,9392,-148,232,129,3
67,1357,9504,-79,272,50,3
-5,1467,9668,-11,314,-43,3
-75,1739,9869,4,324,-126,3
-96,2083,10003,-10,307,-181,3
-146,2355,10070,-7,281,-188,3
-69,2472,10054,18,255,-166,3
-102,2524,9935,54,235,-132,3
-101,2592,9804,86,223,-78,3
-114,2577,9696,133,227,-25,3
-131,2509,9640,185,253,1,3
29,2275,9559,153,256,-274,3
29,2275,9559,153,256,-274,3
51,2279,9440,121,253,-285,3
-126,2293,9353,142,286,-315,3
-271,2443,9379,188,359,-347,3
-329,2529,9536,205,434,-414,3
-426,2517,9826,197,509,-525,3
-545,2402,10136,182,570,-719,3
-715,2272,10473,151,602,-985,3
-963,2353,10836,139,633,-1194,3
-1146,2651,11196,201,658,-1300,3
-1647,2947,11271,254,330,-1155,3
-1964,3057,11364,150,323,-1341,3
-2232,3251,11607,59,365,-1534,3
-2567,3753,12080,-37,395,-1656,3
-2826,4107,12692,-118,329,-1673,3
-2959,3943,13144,-94,192,-1651,3
-3512,3883,13391,10,28,-1546,3
-4653,4180,13713,168,-176,-1285,3
-6378,4060,14937,150,-450,-940,3
-8466,3863,17911,-258,-978,-688,3
-10661,3790,22907,-882,-1938,-572,3
-13552,3970,29821,-1453,-3620,-462,3
-17795,4059,-28484,-2083,-6124,-399,3
-21553,4984,-26310,-3265,-9354,-662,3
-24312,7132,-26310,-4301,-13147,-1409,3
-26286,10403,-28373,-4603,-16456,-2019,3
-27540,12696,30623,-4540,-17453,-1815,3
-27540,12696,30623,-4540,-17453,-1815,3
-27471,12784,22950,-4330,-17453,-1128,3
-27090,11836,13738,-3755,-17453,-237,3
-25840,10677,2098,-2915,-17453,870,3
-22199,9574,-11187,-1920,-17453,2089,3
-17437,8138,-23565,-800,-17105,3140,3
-13024,3885,-30754,-405,-13251,3746,3
-9785,-4926,-31139,-1242,-10377,3647,3
-8236,-11157,-32120,-322,-7810,2733,3
-7877,-10577,29546,2346,-4982,1163,3
-6616,-3903,28177,3649,-2728,-685,3
-5739,4811,32473,3045,-1120,-2020,3
-4005,11901,-24710,1362,-158,-1947,3
-550,13595,-15082,-1032,-47,-239,3
2566,8054,-8049,-3160,-585,2185,3
5045,-318,-4376,-4072,-1019,3951,3
6933,-7227,-1440,-3857,-957,4789,3
9014,-13076,1139,-3101,-722,4450,3
11007,-16264,2372,-1694,-381,2910,3
11615,-14163,1612,-323,-44,1246,3
10726,-9486,106,435,225,16,3
8535,-1813,-4258,95,410,-498,3
6201,-1637,-8215,-484,1080,-687,3
6201,-1637,-8215,-484,1080,-687,3
5788,-988,-8432,-401,1369,-804,3
5302,-110,-8965,-190,1715,-911,3
4877,731,-10127,152,2116,-927,3
4549,1320,-11964,725,2636,-811,3
4245,1154,-14187,1455,3404,-524,3
4237,124,-16794,2255,4516,-107,3
4393,-913,-19512,3208,6012,317,3
3889,-2130,-21704,4485,7962,417,3
1375,-3506,-21949,6091,10330,46,3
-2936,-2627,-18919,7802,12887,-703,3
-8655,1306,-14731,9741,15256,-1815,3
-15793,5413,-9784,11297,17038,-3354,3
-11334,7030,25928,-2306,392,714,3
-11334,7030,25928,-2306,392,714,3
-8418,5266,19714,-3274,-1989,670,3
-5429,4919,15032,-3714,-3064,282,3
-2974,5218,11184,-3641,-3386,38,3
-946,4946,8701,-3380,-2988,188,3
679,3277,8310,-2897,-1936,498,3
1503,1484,9367,-2168,-763,707,3
1546,718,10637,-1217,140,945,3
1247,605,11464,-330,655,1251,3
1116,774,11936,315,849,1526,3
1200,1110,11970,835,867,1711,3
909,764,11578,1264,824,1808,3
909,-623,11300,1669,819,1538,3
949,-820,11022,1895,833,1042,3
817,314,10761,1683,741,623,3
853,1593,10648,1189,561,362,3
717,2096,10536,671,375,196,3
509,1443,10594,226,234,-74,3
389,1252,10775,-36,160,-251,3
545,1734,10700,-76,115,-227,3
770,2073,10433,-76,44,-143,3
928,2242,10017,-135,-46,-37,3
237,2202,8734,-108,125,738,3
124,1417,10278,666,498,-191,3
308,2251,10191,473,328,-370,3
415,3053,10099,267,224,-351,3
523,3282,10027,124,162,-245,3
486,2911,9753,-1,96,-120,3
398,2390,9440,-85,62,-28,3
399,2048,9213,-105,105,11,3
292,1836,9185,-105,170,-65,3
9,1811,9495,-111,221,-148,3
7,2221,9948,-92,-48,-245,3
171,2287,9444,-1,-105,-31,3
205,1886,9433,18,-62,-43,3
205,1886,9433,18,-62,-43,3
53,1626,9498,67,-5,-159,3
179,2218,9375,55,-140,-29,3
179,2218,9375,55,-140,-29,3
144,2092,9324,73,-116,-7,3
222,1825,9365,96,-71,-52,3
113,1814,9504,93,-42,-124,3
-34,1947,9725,64,-45,-174,3
0,2262,9869,68,-59,-175,3
290,2291,9768,-42,-83,-49,3
290,2291,9768,-42,-83,-49,3
399,2262,9724,-40,-97,-61,3
524,2278,9555,-42,-14,49,3
524,2278,9555,-42,-14,49,3
424,2060,9541,-43,-1,38,3
381,2144,9569,-18,33,27,3
384,2389,9615,-23,56,28,3
345,2446,9686,-53,55,36,3
361,2191,9650,-55,44,1,3
180,2709,8897,-79,-20,19,3
180,2709,8897,-79,-20,19,3
189,2545,8862,-83,-2,9,3
93,2598,8906,-68,26,-13,3
159,2716,8959,-23,60,-51,3
204,2970,8962,17,90,-59,3
177,3011,8954,14,100,-44,3
112,2773,8965,-25,92,-66,3
-62,2729,9013,-62,98,-92,3
-77,2847,9162,-80,106,-89,3
-71,3022,9286,-58,114,-61,3
-64,3217,9391,-20,128,1,3
-19,3282,9458,10,135,78,3
20,3160,9484,39,129,131,3
32,2814,9468,55,118,126,3
-20,2672,9408,65,106,88,3
-104,2810,9353,51,102,56,3
-58,2893,9381,3,101,24,3
-13,2961,9459,-46,94,34,3
28,2827,9449,-70,79,40,3
-10,2695,9343,-68,70,43,3
-62,2772,9258,-41,80,50,3
23,2864,9180,-15,97,71,3
-94,2893,8998,51,216,37,3
-41,2923,9149,50,284,-22,3
-460,3141,9404,85,504,-237,3
-545,3141,9550,120,607,-296,3
-616,3120,9814,91,691,-368,3
-627,2929,10130,86,789,-485,3
-803,2824,10471,123,892,-692,3
-1130,2950,10812,159,967,-858,3
-1347,2895,11140,249,1026,-1017,3
-1713,3077,11430,352,1082,-1168,3
-2328,3510,11836,363,1070,-1258,3
-2886,3980,12330,373,1026,-1240,3
-3435,4308,12853,496,1011,-1113,3
-4325,4418,13358,695,999,-983,3
-5476,4264,14081,893,954,-971,3
-9660,6335,20516,796,-57,-677,3
-12396,5499,25427,239,-1423,-182,3
-16119,3755,32234,-336,-3629,300,3
-20423,3027,-26773,-909,-6646,469,3
-23568,5888,-26310,-1760,-10334,71,3
-24938,10198,-27849,-2740,-14194,-716,3
-26178,12240,32135,-3728,-17172,-934,3
-27271,12751,25819,-4331,-17453,-291,3
-28490,11341,18184,-4526,-17453,374,3
-29204,10501,8419,-4257,-17453,982,3
-27073,11266,-3906,-3397,-17453,1688,3
-22698,10471,-19123,-2270,-17453,2792,3
-16899,9760,32288,-1080,-15790,4001,3
2741,11268,-6478,-2710,467,794,3
5391,4887,-2100,-3807,-48,2666,3
7041,-2087,282,-3905,-288,3944,3
7041,-2087,282,-3905,-288,3944,3
8212,-8194,1828,-3245,-196,4324,3
9627,-12628,2308,-2084,33,3502,3
10598,-12786,1265,-942,274,2034,3
10508,-8929,-1012,-149,568,578,3
9941,-4739,-3047,269,934,-393,3
8132,-165,-6025,588,1755,-606,3
8132,-165,-6025,588,1755,-606,3
7437,-316,-6532,472,1903,-590,3
6736,-142,-6990,387,2069,-597,3
6100,324,-7417,357,2261,-675,3
5492,1085,-7937,329,2461,-748,3
5176,1587,-8995,364,2711,-711,3
5130,1345,-11328,749,3150,-496,3
5284,392,-14697,1641,4009,-82,3
5578,-769,-18119,2887,5434,287,3
4790,-2174,-20286,4451,7352,312,3
2062,-3062,-20344,6156,9656,-45,3
-2026,-584,-17492,7850,12068,-502,3
-6438,4388,-13219,9303,14083,-857,3
-11998,8588,-8886,10519,15721,-1314,3
-18283,11309,-2803,11258,16972,-1792,3
-24234,11766,7029,11080,17453,-2196,3
-26876,10308,19789,9264,17453,-2696,3
-23583,13958,-32280,5662,16231,-3299,3
-12391,11803,-29893,-2588,926,-2021,3
-12391,11803,-29893,-2588,926,-2021,3
-8673,8599,24939,-3048,-2393,335,3
-5229,7573,16501,-3640,-3777,1116,3
-2716,7480,11443,-4181,-4342,1294,3
-554,6258,7867,-4364,-4354,1326,3
962,3617,5479,-4061,-3738,1290,3
1743,791,4429,-3351,-2516,1180,3
2092,-1370,5081,-2351,-1080,1002,3
2502,-1874,6782,-1101,203,921,3
2672,-763,8436,179,1122,941,3
2703,581,9695,1181,1617,1004,3
2668,1362,10316,1926,1770,1082,3
2411,1458,10352,2545,1745,1185,3
1830,857,10211,2990,1676,1250,3
1314,335,10188,3166,1615,1202,3
1029,173,10292,3036,1515,1009,3
468,2780,10345,947,789,-506,3
599,3609,10259,653,687,-521,3
715,4063,9956,480,591,-455,3
701,4157,9499,384,516,-346,3
551,4053,9071,353,500,-193,3
241,3881,8737,404,556,-51,3
-55,3642,8727,532,675,0,3
-105,3542,8972,690,822,33,3
-310,3498,9353,845,924,31,3
-360,3524,9814,909,937,14,3
-221,3776,10146,905,894,35,3
-166,3984,10314,837,810,66,3
-107,4066,10370,651,696,104,3
-23,3832,10348,335,550,101,3
33,3380,10202,-40,379,19,3
-216,3251,9678,-326,235,-52,3
-486,3326,9204,-440,199,-73,3
-343,3663,9074,-462,282,-36,3
-256,4022,9172,-435,376,28,3
-324,3982,9365,-360,437,121,3
-421,3438,9604,-198,485,169,3
-626,2828,9970,1,498,128,3
-646,3432,9875,259,251,22,3
-826,3525,9733,205,238,9,3
-748,3618,9768,121,241,3,3
-678,3730,9809,52,222,-6,3
-829,3737,9893,1,167,-20,3
-769,3505,9970,-4,92,-57,3
-702,3371,9924,62,41,-99,3
-646,3677,9799,133,18,-85,3
-512,3948,9696,143,0,-43,3
-468,3876,9538,112,-17,12,3
-486,3586,9359,74,-23,37,3
-477,3350,9244,33,-23,33,3
-343,3307,9170,-18,-22,38,3
-329,3386,9077,-44,-20,63,3
-484,3402,9015,-27,0,91,3
-499,3440,9040,7,33,141,3
-547,3562,9093,54,66,206,3
-701,3554,9447,141,116,87,3
-725,3611,9551,62,76,40,3
-718,3647,9596,27,43,28,3
-648,3696,9542,31,24,45,3
-544,3624,9414,29,0,68,3
-474,3435,9270,23,-7,62,3
-492,3386,9152,-1,-7,76,3
-585,3361,9065,-19,-5,87,3
-695,3265,9079,-10,5,82,3
-652,3192,9198,1,16,83,3
-620,3204,9282,40,18,74,3
-663,3170,9347,77,13,36,3
-639,3199,9367,89,3,-35,3
-639,3199,9367,89,3,-35,3
-634,3450,9317,57,-11,-67,3
-583,3720,9308,24,-15,-51,3
-506,3848,9280,13,-4,-6,3
-472,3763,9244,-6,4,51,3
-459,3416,9226,-8,5,64,3
-536,3210,9161,36,10,39,3
-500,3380,9089,74,25,37,3
-476,3599,9061,75,42,51,3
-549,3683,9099,41,49,79,3
-606,3618,9171,2,49,116,3
-678,3378,9279,-6,46,112,3
-733,3150,9421,-2,25,69,3
-668,3378,9439,11,1,44,3
-597,3729,9414,18,-15,27,3
-563,3863,9366,-8,-26,25,3
-511,3835,9335,-37,-34,53,3
-457,3689,9296,-40,-30,74,3
-416,3603,9240,-45,-27,91,3
-384,3508,9167,-70,-31,97,3
-417,3403,9115,-87,-29,94,3
-551,3223,9091,-83,-16,46,3
-651,3271,9140,-79,-5,18,3
-665,3403,9265,-62,-1,4,3
-645,3484,9413,-35,-4,-28,3
-539,3685,9335,-35,-9,25,3
-480,3639,9241,-12,-21,88,3
-421,3445,9112,-11,-26,135,3
-428,3287,9008,-24,-22,163,3
-483,3010,8954,-6,5,132,3
-563,2928,9021,32,49,61,3
-572,3162,9170,4,64,18,3
-548,3292,9307,-31,56,-23,3
-594,3205,9416,-33,41,-61,3
-615,3241,9470,-6,30,-64,3
-551,3373,9414,3,4,-30,3
-434,3433,9283,-5,-27,16,3
-475,2887,9057,-62,2,25,3
-550,2949,9142,-58,22,-50,3
-585,3189,9259,-60,34,-123,3
-599,3453,9313,-74,44,-184,3
-585,3711,9387,-53,69,-181,3
-533,3987,9435,3,109,-143,3
-548,4169,9474,56,152,-91,3
-562,4188,9551,101,196,-30,3
-600,4030,9604,142,245,-14,3
-723,3917,9681,142,294,-78,3
-863,3992,9862,134,362,-162,3
-1037,4229,10095,173,437,-245,3
-1302,4406,10326,257,515,-314,3
-1507,4222,10603,369,595,-485,3
-1687,4140,10822,464,638,-801,3
-2156,4695,11029,578,667,-1017,3
-2791,5458,11342,784,719,-1048,3
-3427,6126,11704,1094,801,-948,3
-4179,6647,12198,1304,845,-825,3
-4925,7282,13180,1309,794,-680,3
-5666,7858,14985,1057,520,-495,3
-6548,7187,18077,463,-128,-381,3
-7952,6790,23058,-580,-1242,-365,3
-10342,6471,29267,-1928,-3223,-368,3
-13252,5724,-31954,-3320,-6201,-469,3
-15777,6458,-32105,-4571,-9596,-796,3
-18044,8553,29384,-5497,-12705,-1201,3
-18037,11364,9720,-6886,-17453,-740,3
-15854,11836,836,-5970,-17453,-372,3
-11857,11740,-9156,-4934,-17453,379,3
-7703,10787,-18909,-4050,-15171,1388,3
-2737,9478,-24723,-3675,-12027,2015,3
73,2278,-25034,-4157,-9871,2277,3
1771,-5721,-22302,-3810,-8054,1846,3
2590,-9404,-21166,-1380,-5603,1338,3
2946,-8029,-19934,1095,-2958,526,3
2335,-3137,-15874,1907,-1224,-487,3
1871,1921,-11533,1429,-589,-1263,3
2229,5713,-8959,643,-469,-1295,3
3347,7579,-7654,-196,-604,-596,3
4632,5728,-7280,-824,-822,402,3
5867,2188,-7223,-925,-908,1131,3
6633,-502,-7394,-840,-764,1504,3
7246,-2706,-7072,-873,-482,1615,3
8226,-4455,-6031,-948,-139,1433,3
8971,-5018,-4846,-887,246,1016,3
9177,-4588,-3766,-747,605,558,3
9120,-3806,-2900,-570,923,227,3
8788,-3028,-2184,-377,1167,-2,3
8366,-2281,-1849,-316,1236,-182,3
8366,-2281,-1849,-316,1236,-182,3
7956,-1306,-2135,-396,1184,-300,3
7534,-191,-3049,-477,1103,-369,3
6991,944,-4319,-511,1082,-319,3
6379,1770,-5584,-588,1130,-202,3
5748,2323,-6745,-718,1233,-68,3
5187,2504,-7869,-841,1421,83,3
4695,2213,-9432,-706,1758,235,3
4309,1241,-11735,-55,2338,343,3
4264,-551,-14603,998,3315,412,3
4540,-1969,-18127,2102,4869,541,3
4456,-3374,-21597,3388,7014,517,3
2672,-4680,-23630,4880,9715,118,3
-1897,-3462,-22218,6222,12686,-622,3
-29393,13890,1590,10363,17453,-2672,3
-32712,15398,14036,8693,17453,-2867,3
32668,18347,30087,5119,17453,-3044,3
-27058,22068,-26310,1262,15918,-2959,3
-20632,14119,-26310,-748,9532,-1589,3
-17451,3972,-27652,-945,2986,1299,3
-13859,-29,28804,-813,-1020,2342,3
-11153,1567,19076,-1717,-2956,1127,3
-7863,5681,14182,-3476,-4063,-107,3
-4280,8373,10571,-4614,-4643,-588,3
-1919,7324,7260,-3906,-4176,-178,3
-324,3873,5980,-2640,-2565,681,3
647,1392,7083,-1687,-755,1284,3
954,642,9009,-887,447,1615,3
640,289,10360,0,1080,1850,3
221,-341,11169,952,1456,1852,3
-71,-265,11633,1754,1643,1825,3
-202,0,11739,2223,1548,1800,3
-313,65,11651,2238,1214,1678,3
-260,234,11475,1977,841,1439,3
-177,418,11233,1744,579,1117,3
-310,678,10855,1539,416,721,3
-664,1424,10478,1188,274,386,3
-843,2389,10345,700,136,206,3
-756,3190,10371,298,40,181,3
-587,3521,10401,118,-13,233,3
-415,3454,10337,130,-27,297,3
-392,3255,10282,196,-20,382,3
-385,3093,10243,224,-42,472,3
-310,2827,10105,250,-79,508,3
-292,2458,9841,352,-67,425,3
-718,3351,9812,116,-46,119,3
-754,3440,9773,-20,-87,141,3
-750,3489,9672,-127,-132,160,3
-702,3539,9577,-188,-174,201,3
-55,3246,9162,-271,-202,333,3
95,3111,9136,-336,-210,404,3
87,3085,9015,-354,-209,492,3
-89,3114,8933,-338,-179,566,3
34,3244,9013,-322,-119,663,3
150,3290,9143,-286,-69,759,3
116,3179,9220,-243,-41,801,3
49,3144,9312,-233,-25,860,3
124,2891,9426,-202,0,893,3
148,2745,9519,-112,23,868,3
86,2836,9465,-86,3,858,3
96,2932,9396,-133,-27,871,3
167,3022,9344,-197,-38,918,3
161,3071,9316,-217,-21,981,3
210,3091,9334,-195,26,1048,3
286,3106,9341,-165,71,1102,3
280,3011,9298,-176,80,1111,3
243,2834,9300,-208,69,1086,3
284,2855,9374,-23,179,810,3
256,3032,9372,-39,179,789,3
253,3034,9312,-64,174,836,3
193,2991,9231,-57,186,926,3
110,2928,9176,-31,210,1028,3
105,2822,9123,0,243,1137,3
153,2697,9104,56,291,1228,3
105,2674,9150,125,349,1293,3
74,2655,9233,149,390,1330,3
67,2636,9295,130,404,1346,3
39,2502,9352,110,414,1302,3
17,2425,9374,91,430,1176,3
-63,2414,9355,33,443,1028,3
-135,2480,9366,-48,444,913,3
-144,2585,9414,-103,441,854,3
-181,2622,9454,-103,452,844,3
-153,2712,9502,-81,461,873,3
-178,2814,9506,-67,462,924,3
-246,2865,9481,-73,463,976,3
-246,2865,9481,-73,463,976,3
-281,2923,9486,-103,461,1040,3
-330,2954,9512,-151,451,1116,3
-381,2832,9568,-202,432,1188,3
-380,2631,9668,-207,428,1216,3
-409,2409,9785,-189,442,1198,3
-445,2264,9903,-174,449,1153,3
-440,2144,9996,-161,433,1089,3
-363,2094,9988,-142,403,1018,3
-308,2171,9911,-115,368,965,3
-196,2209,9775,-117,337,934,3
-73,2189,9621,-151,311,925,3
9,2079,9431,-186,296,912,3
-399,1928,9828,-138,431,621,3
-441,1926,10169,-94,407,559,3
-411,2030,10330,-25,373,468,3
-426,2348,10332,1,315,425,3
-344,2484,10198,-31,246,431,3
-343,2524,9997,-66,193,449,3
-384,2527,9820,-106,169,471,3
-368,2469,9731,-155,167,498,3
-426,2399,9699,-163,169,503,3
-484,2427,9715,-141,175,491,3
-462,2604,9757,-110,181,484,3
-408,2760,9750,-54,188,487,3
-363,2891,9695,21,207,493,3
-326,3028,9641,76,222,533,3
-295,3053,9592,103,233,591,3
-299,2867,9513,139,249,625,3
-345,2488,9427,204,286,586,3
-300,2105,9439,258,345,423,3
-371,1994,9423,223,396,174,3
-446,2176,9483,75,437,-116,3
-514,2581,9654,-57,524,-340,3
-611,2880,9900,-67,672,-486,3
-848,3068,10239,9,845,-527,3
-1132,3087,10617,148,1009,-519,3
-1513,2942,11220,280,1099,-544,3
-2044,2827,11850,433,1077,-565,3
-2606,2810,12302,670,994,-601,3
-4966,5727,14479,930,520,-482,3
-4966,5727,14479,930,520,-482,3
-5802,6670,15518,929,258,-158,3
-6828,7770,17631,855,-178,233,3
-7807,8308,20691,765,-1029,672,3
-9332,7628,24394,569,-2344,1231,3
-11395,6888,27750,-38,-4096,1799,3
-13115,6312,29781,-952,-6379,2083,3
-14119,7160,30425,-2033,-8945,2220,3
-15772,8688,29061,-3316,-11456,2249,3
-17109,9265,25321,-4693,-13795,2103,3
-17104,10956,20368,-6008,-15389,1898,3
-16300,12567,14848,-7201,-16206,1775,3
-15105,12778,8008,-7929,-16696,1742,3
-13431,11889,-1225,-7876,-16607,2188,3
-10011,10677,-11611,-7107,-15282,3295,3
-7253,9243,-20032,-6282,-12502,4458,3
-5393,3320,-22592,-6517,-9881,4774,3
13,-6010,-23858,319,-3190,-435,3
13,-6010,-23858,319,-3190,-435,3
769,-1397,-20412,1242,-1827,-1403,3
1699,2952,-15093,1133,-1014,-1623,3
3113,5964,-10252,668,-571,-1032,3
4225,6146,-6944,71,-346,85,3
4914,3447,-4727,-664,-365,1416,3
5424,-646,-3505,-1127,-453,2564,3
6255,-4992,-2717,-1091,-362,3056,3
7403,-8651,-1977,-830,-160,2877,3
8558,-10632,-1027,-452,46,2141,3
9170,-10708,-149,43,237,1150,3
9380,-9630,317,525,440,305,3
9554,-8072,326,896,644,-159,3
9550,-6895,-125,1128,798,-385,3
9298,-6176,-732,1145,912,-515,3
8997,-5487,-1228,920,982,-571,3
8713,-4763,-1786,594,1004,-628,3
6490,-2606,-5433,88,1290,-1134,3
3906,124,-8776,-30,2523,-1247,3
334,-2676,-15091,3191,8672,255,3
334,-2676,-15091,3191,8672,255,3
-1746,-763,-12981,3764,10314,24,3
-4186,2124,-10320,4233,11749,-107,3
-8016,4968,-7020,5101,13351,-308,3
-12569,7813,-2469,6055,15000,-615,3
-17603,8830,3007,6784,16490,-960,3
-22935,8324,9794,7100,17453,-831,3
-26405,7029,18231,6843,17453,-117,3
-25945,6670,28291,5878,16443,804,3
-25945,6670,28291,5878,16443,804,3
-22111,7441,-28000,4432,13551,1341,3
-17746,7121,-26310,3003,9018,1649,3
-14211,3845,-31140,1935,4043,1926,3
-12495,1339,25931,1028,770,1910,3
-10488,2300,19898,-307,-721,1174,3
-8219,4733,16573,-2081,-1531,166,3
-6553,5947,14305,-3456,-2077,-378,3
-1276,-1863,10167,1225,-49,2449,3
-1276,-1863,10167,1225,-49,2449,3
-1119,-2517,9963,1404,74,1959,3
-1119,-2255,9823,1330,141,1345,3
-1212,-1350,9741,1058,165,869,3
-1193,-501,9723,685,136,575,3
-1193,55,9741,357,111,437,3
-1158,415,9717,145,115,446,3
-1171,609,9609,78,115,536,3
-1306,591,9408,103,104,663,3
-1357,571,9265,123,116,814,3
-1337,527,9259,146,137,968,3
-1282,-73,9287,299,184,961,3
-1543,925,9413,718,305,425,3
-1543,925,9413,718,305,425,3
-1519,1236,9481,680,308,443,3
-1656,1400,9512,711,352,518,3
-1770,1638,9567,674,406,592,3
-1775,1798,9736,353,441,707,3
-1775,1798,9736,353,441,707,3
-1933,1607,9815,218,422,775,3
-2494,1228,9908,150,388,837,3
-2583,587,10127,192,378,736,3
-2406,356,10543,243,389,497,3
-2420,691,10832,172,310,267,3
-2431,1193,10890,76,170,123,3
-2057,1942,10205,131,-69,388,3
-2057,1942,10205,131,-69,388,3
-2035,1021,9868,-54,-81,262,3
-2035,1021,9868,-54,-81,262,3
-2033,1171,9786,-168,-131,139,3
-2087,1491,9682,-269,-155,61,3
-2165,1842,9670,-304,-135,33,3
-2159,2055,9771,-298,-118,54,3
-2140,2080,9850,-268,-107,111,3
-2193,2041,9938,-221,-85,186,3
-2399,1704,10348,-3,-66,206,3
-2399,1704,10348,-3,-66,206,3
-2352,1795,10233,-43,-119,223,3
-2351,1775,10033,-64,-155,228,3
-2293,1770,9817,-70,-170,222,3
-2233,1878,9621,-95,-181,223,3
-2208,2002,9489,-138,-188,223,3
-2127,2054,9441,-171,-192,236,3
-2094,1992,9340,-162,-196,270,3
-2039,1810,9241,-106,-181,288,3
-1924,1697,9122,-13,-150,267,3
-1922,1790,8971,39,-131,253,3
-1948,1914,8846,17,-129,242,3
-1917,1940,8822,-21,-112,235,3
-1909,1987,8846,-38,-73,230,3
-1887,2065,8983,-62,-32,224,3
-1867,2151,9152,-89,-22,242,3
-1643,1877,9178,94,-2,276,3
-1643,1877,9178,94,-2,276,3
-1679,1964,9183,96,4,237,3
-1729,2085,9263,86,14,202,3
-1737,2169,9386,66,22,199,3
-1697,2224,9464,46,13,203,3
-1681,2274,9444,38,-3,207,3
-1753,2226,9393,39,-19,208,3
-1760,2189,9355,49,-30,197,3
-1746,2114,9375,58,-34,177,3
-1787,2134,9396,67,-43,123,3
-1840,2190,9456,67,-63,118,3
-1824,2132,9508,83,-74,128,3
-1850,2132,9522,94,-87,107,3
-1804,2308,9544,69,-100,105,3
-1719,2494,9550,53,-113,124,3
-1705,2595,9502,52,-122,150,3
-1693,2608,9392,70,-112,159,3
-1746,2578,9270,77,-100,169,3
-1781,2506,9237,54,-93,168,3
-1698,2595,9308,36,-71,159,3
-1659,2430,9314,-86,-107,71,3
-1668,2008,9330,-289,-175,-24,3
-1690,1945,9371,-383,-205,-108,3
-1604,2057,9408,-377,-197,-190,3
-1604,2057,9408,-377,-197,-190,3
-1539,2281,9392,-320,-176,-211,3
-1534,2425,9349,-268,-171,-180,3
-1279,1466,9190,-308,-63,-256,3
-1279,1466,9190,-308,-63,-256,3
-1351,1229,9294,-341,-2,-487,3
-1552,1673,9432,-343,86,-678,3
-1667,2221,9640,-329,160,-736,3
-1763,2661,9826,-221,224,-647,3
-1851,2970,9908,-94,240,-434,3
-1953,3177,9858,19,219,-170,3
-1826,1800,9897,134,127,26,3
-1826,1800,9897,134,127,26,3
-1962,1885,10000,262,210,-149,3
-2159,2292,10156,368,290,-252,3
-2255,2746,10319,419,333,-282,3
-2426,3222,10446,527,359,-267,3
-2875,3900,10431,740,382,-200,3
-3372,4951,10502,1198,421,-61,3
-3869,6721,11480,2112,470,173,3
-7430,18067,20412,5274,102,2409,3
-7430,18067,20412,5274,102,2409,3
-10245,22771,22100,6234,-841,4876,3
-13556,27236,22748,7002,-1963,9368,3
-18008,31390,21185,7987,-2753,15039,3
-21944,30674,17843,8686,-2873,17453,3
-22821,22698,14120,7543,-3158,17453,3
-20449,14085,10364,5624,-3190,17453,3
-15532,7450,7531,4141,-2386,17453,3
-10678,2138,4112,2929,-1207,17453,3
-7723,-3873,8,1950,75,17453,3
-6668,-10355,-2196,1244,1543,16907,3
-6958,-14940,-1100,658,2964,13852,3
-6447,-17711,3170,245,3643,10634,3
-4974,-15720,5791,-154,3355,7814,3
-4400,-12492,6666,-475,2776,5474,3
-4434,-10386,7096,-625,2122,3758,3
-3630,-7830,6403,-655,1426,2877,3
-2531,-5827,5079,-507,985,2431,3
-1830,-5018,4098,-339,807,2181,3
-1010,-5279,3532,-216,800,1931,3
-252,-5797,3523,-55,968,1550,3
1352,-5861,7436,-187,1275,-619,3
1352,-5861,7436,-187,1275,-619,3
1753,-5681,7801,-174,1055,-899,3
2000,-5587,8024,-211,722,-1135,3
2151,-5645,7988,-216,370,-1388,3
2191,-5765,7553,-198,61,-1699,3
2154,-5964,6875,-241,-159,-2081,3
1944,-6299,6219,-309,-278,-2509,3
1654,-6396,5543,-324,-272,-2925,3
1431,-6228,4976,-321,-177,-3342,3
1073,-6219,4836,-397,-75,-3835,3
694,-6930,4836,-705,-75,-4604,3
-17352,-6331,4242,-6418,4520,-17453,3
-20303,-1567,7609,-5934,5824,-17453,3
-22378,2348,9445,-5065,6275,-17453,3
-22498,6589,9547,-3928,6312,-16204,3
-20178,11383,10072,-2875,6390,-13325,3
-15334,14983,12815,-2025,6374,-10385,3
-9597,17475,18650,-1017,6056,-8049,3
-6434,18953,23034,385,5440,-6342,3
-1971,1770,8837,-6,-598,133,3
-1776,2308,8686,142,-427,56,3
-1532,2724,8601,133,-347,46,3
-1259,3002,8529,4,-331,64,3
-1212,3043,8413,-141,-334,102,3
-1413,3046,8244,-231,-305,187,3
-1630,3135,8154,-297,-248,316,3
-1758,2972,8225,-299,-175,457,3
-1529,2117,8329,-142,-35,419,3
-1559,1649,8431,54,97,182,3
-1559,1649,8431,54,97,182,3
-1574,1551,8541,36,118,-90,3
-1637,1802,8745,-110,74,-313,3
-1854,2292,8886,-43,123,-423,3
-2048,2747,8910,127,217,-410,3
-2112,2949,8966,174,264,-311,3
-2251,2834,9071,137,285,-206,3
-2400,2683,9189,137,318,-123,3
-2566,2451,9365,165,362,-54,3
-2581,1986,9680,172,376,-63,3
-2627,1747,9960,173,320,-138,3
-2697,1782,10072,157,204,-207,3
-2774,1899,10055,161,80,-284,3
-2724,2047,9853,215,-18,-345,3
-2648,2281,9567,196,-72,-352,3
-2575,2454,9371,118,-82,-315,3
-2518,2373,9240,69,-71,-256,3
-2531,2224,9125,87,-27,-208,3
-2462,2224,9122,127,44,-164,3
-2423,2260,9210,133,93,-105,3
-2455,1939,9383,124,111,-95,3
-2554,1574,9522,153,117,-174,3
-2573,1637,9550,161,107,-260,3
-2521,1994,9583,108,85,-296,3
-2502,2156,9598,21,66,-312,3
-2561,1901,9651,-75,42,-350,3
-2597,1731,9672,-123,29,-415,3
-2655,1940,9683,-143,21,-416,3
-2608,2087,9737,-144,19,-355,3
-2642,1624,9777,-14,15,-127,3
-2642,1624,9777,-14,15,-127,3
-2648,1543,9732,22,1,-126,3
-2606,1702,9738,53,-7,-122,3
-2576,1747,9742,74,-13,-117,3
-2546,1654,9700,94,-9,-151,3
-2615,1813,9687,84,-3,-204,3
-2542,2011,9759,7,-23,-225,3
-2533,2005,9823,-42,-56,-210,3
-2498,1826,9775,-35,-87,-190,3
-2412,1703,9696,4,-104,-160,3
-2349,1577,9604,49,-105,-177,3
-2370,1593,9517,42,-127,-213,3
-2296,1672,9417,30,-151,-230,3
-2292,1810,9316,63,-145,-235,3
-2303,1971,9324,56,-119,-201,3
-2303,1971,9324,56,-119,-201,3
-2308,2006,9332,43,-126,-157,3
-2266,2147,9287,65,-120,-92,3
-2219,2151,9207,93,-115,-25,3
-2223,1968,9158,92,-123,5,3
-2336,1666,9209,68,-134,-9,3
-2291,1586,9286,75,-148,-38,3
-2169,1796,9265,93,-160,-70,3
-2094,2036,9217,43,-177,-99,3
-2104,2221,9130,-22,-192,-93,3
-2114,2132,9104,-65,-190,-74,3
-2062,1966,9165,-107,-181,-74,3
-2111,1984,9259,-116,-175,-55,3
-2078,2079,9369,-66,-158,-21,3
-2017,2117,9417,-20,-149,12,3
-1956,1907,9416,-38,-170,-7,3
-1947,1678,9366,-115,-219,-82,3
-1998,1806,9277,-162,-246,-133,3
-2008,2090,9282,-155,-214,-133,3
-1903,2144,9404,-143,-169,-127,3
-1862,2160,9450,-141,-141,-152,3
-1851,2372,9513,-123,-106,-113,3
-1843,2633,9581,-66,-59,-11,3
-1891,2401,9651,19,-17,169,3
-1929,1972,9668,-25,-15,125,3
-2019,1926,9733,-95,0,13,3
-2164,2220,9865,-106,25,-71,3
-2209,2554,10003,-86,60,-67,3
-2166,2575,10105,-94,90,-28,3
-2154,2407,10240,-101,110,-25,3
-2300,2381,10312,-48,138,-25,3
-2504,2506,10518,11,150,-15,3
-2619,2537,10746,22,124,6,3
-2776,2581,10937,66,82,19,3
-3021,2900,11139,206,69,57,3
-3280,3589,11480,435,74,105,3
-3627,5096,12296,883,18,180,3
-4314,8109,14631,1583,-86,278,3
-5527,11997,17781,2236,-256,405,3
-7470,16058,21077,2758,-700,773,3
-10343,18926,22543,3347,-1600,2355,3
-12329,20613,22082,4113,-2671,5430,3
-15455,24469,21464,4931,-3680,9805,3
-19732,27859,20236,5501,-4725,14829,3
-22081,22780,18382,5584,-5904,17453,3
-21123,14856,16781,5720,-6593,17453,3
-17576,11686,14595,5801,-6488,17453,3
-13858,8370,11849,5602,-5945,17453,3
-11347,4666,7406,5185,-4827,17453,3
-10361,557,2982,4420,-3166,17453,3
-9595,-6772,259,3416,-1240,17453,3
-7275,-14299,583,2635,562,15965,3
-4867,-17278,2592,2029,1733,13899,3
-3650,-16324,3864,1362,2240,10818,3
-3697,-14257,4517,539,2122,7031,3
-4647,-11402,4569,-548,1396,3767,3
-6176,-6244,3802,-1367,436,563,3
-6176,-6244,3802,-1367,436,563,3
-5810,-6749,3284,-920,610,471,3
-5389,-8073,3062,-588,823,312,3
-4725,-9498,3222,-476,967,50,3
-3942,-10169,3331,-476,1046,-281,3
-3158,-10361,3354,-516,1090,-718,3
-2274,-10261,3579,-612,1061,-1260,3
-1483,-10015,3621,-690,949,-1921,3
-867,-9593,3544,-708,798,-2688,3
-502,-8582,3550,-705,631,-3397,3
-324,-7635,3146,-625,501,-3982,3
-298,-7073,2395,-513,449,-4483,3
-511,-6612,1667,-423,455,-4882,3
-826,-6415,1047,-320,556,-5248,3
-1210,-6368,507,-219,746,-5641,3
-1675,-6541,50,-173,948,-6113,3
-1567,-8030,-416,-246,1149,-6983,3
-26478,5547,9647,-2812,8360,-16010,3
-26478,5547,9647,-2812,8360,-16010,3
-29374,10622,11290,-1530,9016,-15273,3
-27231,17601,15927,-898,9309,-14243,3
-20991,24222,26232,-1445,8555,-13216,3
-15908,26298,-29966,-1758,7087,-11307,3
-15264,25818,-29197,-975,4578,-8199,3
-17206,22556,30555,-79,1881,-4221,3
-16050,16287,24668,786,245,-50,3
-13749,11698,19977,1503,-458,3371,3
-11931,8826,16075,1647,-619,5058,3
-9595,6644,13448,1181,-679,4989,3
-7297,4083,11912,354,-789,3831,3
-5142,2233,11555,-509,-819,2389,3
-3362,2400,11979,-881,-697,1212,3
-2534,3568,12440,-705,-549,438,3
-2360,4282,12347,-398,-540,193,3
-2230,4382,11625,-225,-672,456,3
-2083,3627,10690,-183,-842,838,3
-1987,2300,9895,-181,-952,1056,3
-1971,1295,9348,-164,-966,1057,3
-1758,920,8911,-130,-927,900,3
-1592,934,8567,-137,-904,654,3
-1635,1189,8249,-169,-881,460,3
-1545,1482,7976,-218,-859,329,3
-1498,1822,7694,-230,-813,234,3
-1461,2263,7537,-184,-703,191,3
-1291,2707,7593,-199,-581,185,3
-1279,3020,7677,-218,-473,182,3
-1280,3013,7783,-247,-386,143,3
-1230,3004,7981,-224,-307,113,3
-1154,2953,8248,-64,-176,154,3
-1049,2828,8449,163,-23,219,3
-1200,2741,8833,182,66,131,3
-1460,2525,8786,35,0,50,3
-1714,2476,8706,-18,11,-35,3
-1904,2529,8741,-35,80,-130,3
-1946,2553,8906,-111,125,-273,3
-1987,2745,9079,-198,126,-394,3
-1989,3014,9331,-174,136,-451,3
-1892,3393,9548,-29,157,-419,3
-1853,3767,9654,155,157,-336,3
-1822,3974,9658,267,93,-223,3
-1698,3950,9537,282,-5,-80,3
-1690,3650,9267,216,-92,31,3
-1719,2958,8954,105,-153,-31,3
-1895,2812,8761,22,-148,-103,3
-1982,3006,8735,10,-88,-152,3
-1873,3135,8834,60,-9,-218,3
-1783,3402,8913,70,28,-212,3
-1635,3620,8979,27,31,-145,3
-1521,3410,8946,-71,-10,-78,3
-1616,3574,8819,-74,-9,14,3
-1632,3550,8769,-44,28,112,3
-1664,3293,8777,-23,90,193,3
-1760,2717,8891,12,152,173,3
-1820,2383,9081,35,204,59,3
-1890,2637,9324,18,234,-42,3
-1934,2949,9583,-16,230,-122,3
-1784,3362,9671,17,67,-26,3
-1840,3348,9543,-5,19,46,3
-1807,3249,9429,-22,-10,108,3
-1780,3068,9311,-20,-22,149,3
-1802,2880,9282,5,-3,117,3
-1784,2760,9344,20,29,50,3
-1807,2704,9443,18,45,-56,3
-1857,2797,9476,2,41,-148,3
-1874,2938,9480,6,38,-209,3
-1879,3202,9417,44,38,-213,3
-1920,3387,9341,57,23,-158,3
-1857,2515,9296,-86,-113,-115,3
-1800,3173,9267,-28,-134,-19,3
-1800,3173,9267,-28,-134,-19,3
-1782,3118,9089,-12,-150,38,3
-1788,3021,9010,-44,-145,19,3
-1814,2918,9088,-141,-142,-14,3
-1896,2391,9402,-312,-147,-264,3
-1896,2391,9402,-312,-147,-264,3
-1964,2662,9593,-339,-121,-349,3
-1936,2927,9793,-369,-123,-371,3
-1938,3172,9873,-380,-161,-315,3
-1893,3189,9804,-361,-212,-241,3
-1885,3125,9610,-338,-255,-149,3
-1871,3092,9427,-273,-259,-47,3
-1795,3011,9320,-168,-226,21,3
-1723,2800,9336,-125,-200,46,3
-1698,2597,9435,-107,-181,39,3
-1776,2551,9517,-51,-145,15,3
-1782,2531,9641,18,-99,-11,3
-1823,2595,9757,64,-76,-27,3
-1890,2650,9793,46,-101,-31,3
-1877,2800,9814,-17,-141,-32,3
-1854,3056,9869,-58,-169,-15,3
-1830,3214,9907,-47,-196,42,3
-1735,2964,9908,-27,-218,72,3
-1799,2669,9939,-63,-232,44,3
-1905,2614,10023,-64,-218,5,3
-2059,2685,10097,-3,-181,-71,3
-4466,4207,11845,378,77,-214,3
-6015,5116,14299,495,224,-260,3
-7534,6887,19417,475,127,-267,3
-9414,8613,27206,422,-828,-232,3
-11613,10679,-32024,508,-2807,-193,3
-12815,12868,-31041,519,-5510,6,3
-13945,15520,31311,0,-8266,755,3
-15152,17629,27122,-648,-10720,2335,3
-14840,16958,22958,-451,-12659,4879,3
-13276,16411,17729,727,-13574,8336,3
-12087,12911,13394,2629,-13358,11873,3
-12914,6433,9468,4775,-12235,14753,3
-13570,-1577,5856,6096,-10804,16302,3
-12143,-6367,2492,6018,-9285,17037,3
-9602,-8387,-944,5027,-7583,16910,3
-5166,-11873,-3481,3586,-5875,15301,3
-664,-15276,-4960,1707,-4603,12181,3
-305,-14557,-5215,-55,-3887,8073,3
-3161,-10530,-6744,-1194,-3285,4220,3
-6182,-8746,-7015,-2021,-2803,2109,3
-8775,-9085,-7280,-2427,-2255,2109,3
-8670,-10507,-9322,-2383,-1169,2980,3
-6366,-13257,-10606,-2270,202,3473,3
-3268,-14559,-9267,-2503,1335,3143,3
-269,-13361,-7624,-3050,2041,1971,3
1744,-10386,-5512,-3650,2332,442,3
2713,-7280,-3530,-3926,2283,-594,3
3180,-5492,-2025,-3680,2195,-874,3
4120,-4919,-93,-3118,2151,-678,3
5231,-4869,1395,-2540,2062,-419,3
6167,-5053,2589,-2078,1932,-280,3
6725,-5241,3501,-1728,1798,-235,3
6994,-5607,3602,-1441,1740,-264,3
7118,-6155,3162,-1260,1754,-345,3
6833,-6781,2336,-1210,1854,-493,3
6165,-7406,1450,-1211,2094,-692,3
5751,-7618,1000,-1281,2405,-904,3
5637,-7455,1343,-1483,2484,-1196,3
5420,-7020,863,-1681,2323,-1538,3
4970,-6705,-90,-1648,2167,-1774,3
4679,-6523,-668,-1320,2045,-1896,3
4591,-6203,-1362,-749,2058,-1914,3
4619,-6119,-1834,-148,2187,-1972,3
4528,-5825,-2018,282,2370,-2058,3
4385,-5582,-2267,502,2593,-2226,3
4352,-5557,-2478,532,2824,-2567,3
4180,-5450,-2687,535,3085,-3072,3
3511,-5030,-2988,631,3388,-3617,3
2842,-4911,-3301,771,3665,-4222,3
2194,-5272,-3854,840,3818,-4866,3
1004,-5035,-5065,1098,3992,-5264,3
-15,-5075,-6893,1527,4271,-5228,3
-858,-5412,-8492,2538,5028,-4933,3
-1832,-5685,-8506,3633,6172,-4828,3
-3626,-4522,-6963,4770,7609,-5159,3
-5927,-1496,-4388,5720,8992,-5859,3
-9735,2415,-1887,6802,10341,-6794,3
-15319,6942,1251,7993,11659,-7667,3
-20228,10612,6202,8360,12816,-8177,3
-22589,13607,13594,6963,13580,-8248,3
-21889,18591,23627,3602,13349,-7965,3
-16807,26199,-27930,-332,11191,-7824,3
-12140,23941,-26310,-1658,7363,-7371,3
-14441,15033,-31312,-1284,2902,-4528,3
-14441,11861,25787,-780,-110,-373,3
-10628,8888,19508,-70,-1479,2365,3
-8042,7142,15639,470,-1825,3689,3
-6020,6589,13057,647,-1595,4117,3
-3794,5144,11444,282,-1276,3428,3
-2673,3468,10776,-346,-1000,2133,3
-2142,2784,10982,-820,-822,979,3
-2142,2784,10982,-820,-822,979,3
-1383,3070,11366,-834,-723,296,3
-937,3684,11377,-427,-625,194,3
-696,4033,10986,35,-602,453,3
-503,3966,10346,325,-673,814,3
-520,3629,9757,441,-727,1159,3
-578,3282,9267,464,-721,1450,3
-603,2892,8927,488,-667,1605,3
-324,2124,8620,503,-570,1481,3
-140,1701,8273,430,-473,1108,3
-281,1992,8012,229,-385,676,3
-189,2309,8050,-62,-285,282,3
-116,2739,8193,-283,-183,-9,3
-204,3118,8239,-411,-126,-196,3
-283,3459,8156,-436,-85,-254,3
-380,3745,8069,-374,-23,-212,3
-620,3915,8132,-269,52,-134,3
-726,3999,8330,-146,132,-43,3
-732,4087,8608,-30,223,62,3
-924,3830,9404,159,302,203,3
-924,3830,9404,159,302,203,3
-1047,3547,9529,308,245,173,3
-998,3367,9595,413,184,90,3
-981,3602,9647,385,136,27,3
-1155,4000,9585,235,75,15,3
-1233,4176,9431,67,13,10,3
-1249,4215,9307,-43,0,25,3
-1274,4294,9312,-108,13,74,3
-1288,4252,9380,-132,23,128,3
-1195,3998,9531,-108,24,151,3
-1118,3824,9620,-12,-3,142,3
-928,3845,8906,217,-123,182,3
-1000,3853,8763,176,-108,181,3
-1081,3929,8747,105,-93,181,3
-928,3900,8735,29,-71,178,3
-867,3945,8755,24,-36,184,3
-834,3950,8832,44,2,172,3
-806,3956,8928,60,27,166,3
-791,3773,8838,3,-32,283,3
-741,3712,8755,-19,-31,299,3
-752,3648,8694,-25,-4,295,3
-853,3718,8630,-17,43,272,3
-852,3702,8773,-33,94,230,3
-725,3531,9094,-91,113,179,3
-785,3484,9290,-124,86,143,3
-833,3495,9313,-98,48,74,3
-755,3719,9253,-74,26,41,3
-691,3907,9202,-96,9,64,3
-620,3911,9159,-140,-3,106,3
-572,3815,9040,-181,-18,152,3
-669,3699,8864,-199,-19,182,3
-727,3526,8759,-199,2,181,3
-796,3353,8845,-174,35,141,3
-937,3369,8982,-115,56,56,3
-1000,3489,9183,-38,55,-6,3
-934,3739,9402,28,48,-1,3
-822,4012,9408,-2,-47,41,3
-729,3982,9279,-51,-72,80,3
-755,2977,8713,-18,-31,91,3
-836,3023,8810,-22,0,1,3
-847,3158,9004,-70,-5,-78,3
-839,3506,9120,-84,-14,-95,3
-849,3782,9153,-50,-16,-82,3
-780,3840,9136,-27,-24,-36,3
-764,3823,9071,-29,-29,32,3
-744,3744,9027,-35,-24,77,3
-708,3519,9034,-29,-21,95,3
-687,3184,9050,-2,-12,39,3
-792,3168,9034,22,-1,-49,3
-937,3511,9074,14,4,-76,3
-896,3742,9235,-3,10,-84,3
-882,3737,9354,-10,-3,-84,3
-854,3688,9324,-3,-21,-86,3
-752,3779,9319,5,-24,-88,3
-735,3890,9343,0,-36,-68,3
-721,3933,9330,1,-51,-29,3
-715,3913,9259,18,-56,17,3
-757,3743,9262,19,-52,36,3
-732,3589,9352,-5,-44,-7,3
-775,3741,9399,-43,-47,-40,3
-816,3885,9471,-96,-65,-47,3
-788,3796,9577,-109,-93,-41,3
-736,3685,9544,-63,-116,-15,3
-707,3680,9426,-7,-130,-9,3
-711,3706,9280,4,-150,2,3
-666,3718,9148,1,-157,18,3
-633,3759,9038,13,-150,41,3
-563,3658,8980,-8,-149,64,3
-550,3478,8907,-51,-160,76,3
-472,3202,8819,-69,-166,43,3
-460,3195,8715,-77,-153,-6,3
-533,3374,8692,-110,-136,-31,3
-480,3452,8747,-141,-116,-43,3
-456,3505,8789,-140,-94,-36,3
-456,3505,8789,-140,-94,-36,3
-498,3475,8959,2,-18,27,3
-498,3475,8959,2,-18,27,3
-427,3389,9016,31,-7,25,3
-695,4018,9596,-48,67,-79,3
-824,4089,9706,-59,63,-74,3
-927,4180,9878,-54,62,-54,3
-913,4361,10069,-22,67,0,3
-6322,10174,16430,1632,532,398,3
-6322,10174,16430,1632,532,398,3
-15577,20392,-27445,-613,-9582,4946,3
-17462,17160,32489,-2666,-12167,6143,3
-17119,16129,25148,-5591,-13883,6462,3
-15815,17041,17196,-9084,-14844,5902,3
-15202,17625,9525,-11997,-15282,4972,3
-14930,15834,1679,-13474,-15292,4447,3
-13638,13168,-8628,-13428,-14750,4377,3
-11867,9466,-18974,-11884,-13040,4464,3
-10419,4953,-26529,-9683,-10366,4178,3
-9602,-2043,-28557,-7718,-8354,3152,3
-8194,-6348,-32237,-5265,-6942,2069,3
-7190,-4538,27391,-2369,-4772,1134,3
3617,5073,-9572,-1052,340,270,3
3617,5073,-9572,-1052,340,270,3
5770,2555,-477,-1595,373,1409,3
7225,-1500,5763,-1705,204,2358,3
8214,-5905,8946,-1337,14,2833,3
9106,-9556,8887,-761,-146,2665,3
10071,-10567,6100,-240,-278,1991,3
10386,-8634,2142,209,-274,1137,3
9793,-6247,-1455,719,-64,324,3
9038,-4841,-3548,1148,240,-107,3
7732,-5297,-1631,1115,1148,-793,3
7735,-4406,-1667,873,1175,-851,3
7583,-3391,-1970,661,1229,-892,3
7263,-2511,-2587,544,1353,-867,3
6863,-1871,-3329,477,1543,-794,3
6385,-1447,-4004,349,1740,-710,3
6020,-1219,-4543,99,1902,-627,3
4046,-639,-6931,-367,2850,-514,3
4046,-639,-6931,-367,2850,-514,3
3568,-1274,-8527,-254,3185,-64,3
3354,-2454,-10440,860,3594,-31,3
3033,-4185,-13210,2269,4476,197,3
2430,-5802,-16079,3673,5908,469,3
842,-6498,-17097,5109,7703,48,3
-2621,-5871,-14928,6524,9700,-1079,3
-6757,-2012,-10673,7774,11367,-2251,3
-11043,3876,-7356,9200,12737,-3367,3
-16826,9249,-3750,10606,14222,-4668,3
-22713,13485,2446,10959,15276,-5565,3
-26018,15461,11357,10081,15692,-5727,3
-23917,16542,21921,7952,15380,-5292,3
-18669,21158,-32712,4944,13892,-4703,3
-14608,22323,-26645,2638,10683,-4454,3
-15376,15778,-29060,1476,6244,-2929,3
-15294,10607,29533,400,2297,-200,3
-11789,8326,23011,-808,-127,1320,3
-9220,8114,18633,-1992,-1298,1339,3
-7577,8678,15438,-3206,-1914,922,3
-5540,7869,12587,-4297,-2372,303,3
-4144,6039,10228,-4751,-2517,-161,3
-3265,3998,9253,-4237,-2104,-345,3
-2132,2773,9652,-2992,-1319,-293,3
-1224,2424,10355,-1389,-517,72,3
-796,2557,10600,124,42,532,3
-572,2796,10494,1184,337,976,3
-393,3007,10260,1800,468,1387,3
-569,2858,10093,2178,509,1699,3
-913,2188,10029,2446,550,1818,3
-1145,1792,10042,2619,612,1801,3
-1313,1878,9991,2540,604,1737,3
-1965,2096,9732,2238,517,1607,3
-2255,1749,9803,1785,437,1282,3
-1806,1593,10066,1226,363,716,3
-1662,2139,10115,661,241,149,3
-1632,2986,9968,107,99,-231,3
-1632,2986,9968,107,99,-231,3
-1594,3902,9693,-288,-11,-405,3
-1656,4438,9417,-412,-53,-456,3
-1610,4531,9190,-368,-39,-374,3
-1526,4664,8901,-258,1,-169,3
-1579,4721,8786,-131,55,37,3
-1637,4522,8899,-13,122,191,3
-1656,4631,9168,65,195,363,3
-1690,4939,9401,104,224,549,3
-1683,3335,9348,428,-29,1052,3
-1683,3335,9348,428,-29,1052,3
-1670,3190,9071,299,-83,840,3
-1743,3251,8973,120,-91,568,3
-1660,3386,9117,-11,-62,270,3
-1598,3841,9310,-70,-26,53,3
-1644,4364,9470,-110,-35,-25,3
-1634,4438,9591,-148,-82,-1,3
-1521,4219,9585,-159,-145,44,3
-1446,3776,9508,-154,-219,43,3
-1387,3345,9305,-163,-288,-36,3
-1347,3112,9059,-185,-343,-181,3
-1327,3197,8798,-214,-381,-305,3
-1292,3469,8563,-221,-390,-324,3
-1194,3666,8405,-155,-352,-256,3
-1124,3731,8286,-15,-274,-165,3
-1145,3820,8238,107,-185,-86,3
-1143,3889,8294,136,-116,-21,3
-1061,3757,8419,83,-73,-34,3
-1180,3568,8579,65,-34,-123,3
-1376,3639,8748,91,14,-182,3
-1431,3669,8906,126,54,-247,3
-1502,3660,9052,137,79,-321,3
-1608,3885,9183,90,71,-316,3
-1568,4157,9258,54,38,-237,3
-1501,4268,9256,45,-3,-120,3
-1462,4270,9153,47,-45,22,3
-1412,4172,8974,31,-81,157,3
-1321,3997,8743,21,-91,260,3
-1145,3585,8593,-31,-99,271,3
-1114,3172,8469,-152,-115,196,3
-1152,2710,8432,-213,-101,34,3
-1243,3882,9050,-125,0,-244,3
-1243,3882,9050,-125,0,-244,3
-1237,3998,9024,-64,-3,-132,3
-1213,3986,8995,-13,-15,-17,3
-1161,3809,8927,6,-33,82,3
-1276,3536,8789,15,-44,112,3
-1367,3149,8731,38,-34,50,3
-1391,3069,8781,33,-1,-55,3
-1507,3349,8980,3,25,-143,3
-1461,3715,9167,-38,16,-188,3
-1381,3913,9223,-46,-14,-185,3
-1315,4003,9204,-13,-38,-145,3
-1218,4042,9075,15,-55,-80,3
-1157,4019,8947,23,-66,-13,3
-1206,3931,8838,28,-66,52,3
-1222,3749,8836,48,-45,99,3
-1247,3470,8898,65,-16,92,3
-1290,3234,9019,54,1,4,3
-1380,3318,9186,15,5,-90,3
-1394,3434,9324,-1,-6,-177,3
-1416,3731,9344,5,-23,-234,3
-1484,4133,9312,18,-39,-209,3
-1292,4234,9319,23,-44,-136,3
-1236,4221,9305,34,-43,-49,3
-1340,4140,9273,44,-43,-5,3
-1376,4103,9342,44,-28,19,3
-1351,3920,9450,71,2,0,3
-1389,3599,9543,84,33,-158,3
-1576,3709,9754,10,56,-376,3
-1750,4289,10078,-46,96,-523,3
-1830,4611,10421,-36,119,-617,3
-1866,4602,10658,-11,107,-736,3
-2163,4854,10787,2,75,-812,3
-2577,5316,10988,-24,30,-782,3
-2874,5649,11314,-12,3,-715,3
-3178,5816,11770,6,-43,-710,3
-3957,6381,12380,99,-148,-755,3
-4602,8121,13880,254,-389,-824,3
-4612,11972,17820,463,-883,-903,3
-6411,16989,22979,732,-1731,-888,3
-9608,19091,26404,642,-3223,-249,3
-12494,20314,27849,-60,-5532,1449,3
-15768,22488,26392,-176,-8050,3895,3
-18840,24473,23624,45,-10117,8127,3
-20812,25192,21923,191,-11620,13590,3
-22775,20516,18341,888,-12466,17453,3
-19222,11121,11952,2277,-12029,17453,3
-14797,4489,7943,3395,-10244,17453,3
-8687,-10042,-2047,2062,-6009,17405,3
-8023,-14855,-4403,1815,-4099,14694,3
-7892,-17839,-4550,1384,-2061,11723,3
-7625,-16946,-4000,315,-810,8466,3
-9369,-13510,-4351,-1028,-227,5346,3
-11804,-11549,-4509,-2194,3,3067,3
-13548,-12237,-5433,-2615,235,1916,3
-15359,-15787,-7004,-2449,670,1318,3
-15359,-15787,-7004,-2449,670,1318,3
-13921,-17657,-5599,-2421,1020,794,3
-9575,-14302,-2351,-1684,1383,245,3
-5237,-10644,-377,-582,1738,-231,3
-848,-8566,970,-320,1726,-545,3
3221,-7614,1929,-795,1452,-1103,3
5766,-6627,3426,-1408,1048,-1900,3
6869,-3849,4606,-1230,902,-2079,3
7684,-2264,5373,-651,1015,-1846,3
8004,-2411,5754,-394,935,-1390,3
7812,-3215,5816,-231,768,-820,3
7252,-4331,5881,21,609,-354,3
6494,-5780,5842,271,476,-68,3
5628,-7107,5779,408,374,49,3
4686,-8144,5576,422,256,-15,3
3944,-8965,5087,411,122,-257,3
3227,-9510,4464,460,11,-616,3
2554,-9648,3797,532,-83,-1010,3
2087,-9360,3010,608,-132,-1392,3
1619,-8789,2073,709,-111,-1738,3
1233,-8364,1058,816,-15,-2029,3
883,-8169,142,911,163,-2290,3
542,-8236,-547,975,405,-2629,3
187,-8534,-1012,988,683,-3118,3
35,-9677,-1283,863,971,-4014,3
402,-11407,-1622,484,1266,-5614,3
450,-12307,-2229,-85,1652,-7686,3
-839,-11931,-2895,-467,2294,-9644,3
-2624,-11130,-3768,-346,3264,-11251,3
-4331,-10860,-4379,-105,4247,-12490,3
-6714,-10103,-4840,-26,5190,-13203,3
-12797,-1747,503,-602,6828,-12258,3
-12797,-1747,503,-602,6828,-12258,3
-14120,1079,2535,22,7268,-12112,3
-16680,3860,3861,1022,7747,-12024,3
-19949,7518,4916,2511,8414,-11846,3
-21555,11957,6624,3407,9303,-11256,3
-20603,16703,10969,3063,9758,-10550,3
-16410,22713,21344,1605,9297,-9982,3
-10391,29504,30482,-246,7964,-9454,3
-9777,28341,29441,-706,5524,-8556,3
-15208,21116,24525,-524,2778,-5861,3
-15494,16156,21834,-249,1270,-1750,3
-12749,14506,19756,489,436,1753,3
-10673,12906,17224,1029,-216,3574,3
-8651,11050,14753,909,-606,4012,3
-6470,9369,13082,154,-853,3567,3
-4369,7589,12168,-720,-1000,2689,3
-2621,6307,11642,-1183,-988,1808,3
-1461,5627,11297,-1123,-877,1089,3
-909,5223,10917,-788,-784,703,3
-737,5023,10206,-524,-749,716,3
-913,4490,9408,-367,-796,830,3
-851,3442,8955,-239,-882,852,3
-349,2822,8675,-150,-854,944,3
-146,2803,8366,-75,-765,1096,3
-308,2643,7879,-94,-708,1132,3
-579,1959,7534,-207,-661,842,3
-560,1696,7340,-285,-537,430,3
-578,2349,7277,-283,-371,185,3
-526,3120,7303,-255,-225,87,3
-487,3749,7314,-209,-108,92,3
-635,3984,7277,-131,-8,147,3
-650,3816,7373,-90,91,186,3
-711,3764,7477,-57,189,234,3
-990,3954,7556,54,294,299,3
-1256,4255,7782,201,422,357,3
-1460,4557,8126,312,545,430,3
-1861,4644,8541,376,606,433,3
-1975,4383,9082,408,566,308,3
-1793,4067,9472,458,524,136,3
-1924,4413,9644,476,492,-11,3
-2009,4933,9648,390,387,-175,3
-2026,5359,9577,231,240,-254,3
-2054,5597,9446,84,108,-194,3
-2011,5646,9235,11,24,-82,3
-1889,5412,9081,-10,-15,6,3
-1899,5115,8917,-37,-59,86,3
-1879,4981,8815,-29,-88,185,3
-1802,4847,8778,29,-84,257,3
-1759,4673,8718,107,-66,292,3
-1690,4517,8666,129,-72,304,3
-1601,4411,8564,87,-96,313,3
-1539,4128,8417,42,-108,265,3
-1564,3978,8277,41,-116,156,3
-1501,4093,8166,63,-120,84,3
-1300,4213,8084,81,-96,50,3
-1270,4344,8098,78,-45,47,3
-1223,4364,8178,36,-1,33,3
-1296,4283,8308,7,26,2,3
-1336,4369,8485,39,64,-2,3
-1273,4545,8630,87,91,17,3
-1169,4574,8719,79,78,37,3
-1154,4489,8687,22,44,56,3
-1235,4458,8622,-25,17,83,3
-1386,4189,8536,-5,20,47,3
-1417,4270,8593,-23,23,-15,3
-1326,4541,8692,-61,29,-68,3
-1418,4862,8777,-54,41,-85,3
-1455,5002,8836,-44,44,-87,3
-1373,5055,8868,-53,34,-49,3
-1406,5057,8875,-42,18,-1,3
-1571,5105,8871,-14,-9,32,3
-1571,5105,8871,-14,-9,32,3
-1521,4846,8895,-11,-80,25,3
-1443,4654,8838,-12,-131,36,3
-1422,4622,8729,-4,-131,47,3
-1382,4470,8651,-32,-129,-10,3
-1467,4516,8600,-86,-135,-47,3
-1477,4715,8546,-118,-132,-44,3
-1382,4853,8505,-112,-118,-19,3
-1333,4758,8464,-99,-108,6,3
-1362,4567,8371,-78,-101,-10,3
-1359,4547,8320,-59,-92,3,3
-1296,4606,8245,-35,-73,39,3
-1325,4553,8195,12,-51,50,3
-1419,4501,8206,46,-38,52,3
-1389,4529,8248,55,-28,72,3
-1336,4629,8294,56,-3,95,3
-1326,4614,8408,51,12,90,3
-1290,4503,8454,50,20,46,3
-1356,4465,8425,31,4,-9,3
-1246,4472,8442,-19,-21,-24,3
-1162,4565,8436,-34,-20,9,3
-1179,4479,8389,-2,-3,18,3
-1265,4358,8409,5,18,22,3
-1304,4318,8536,-9,36,18,3
-1313,4291,8673,2,46,-15,3
-1406,5073,8875,25,21,-61,3
-1477,4541,8983,-47,-24,-81,3
-1477,4541,8983,-47,-24,-81,3
-1489,4758,9103,-58,-7,-137,3
-1539,5053,9201,-52,3,-164,3
-1623,5273,9330,-46,9,-169,3
-1717,5397,9468,-15,15,-142,3
-1820,5506,9584,47,14,-102,3
-2045,5780,9733,123,1,-46,3
-2455,5970,9930,205,-26,-4,3
-2956,6128,10360,292,-60,-28,3
-3737,6725,11123,386,-119,-110,3
-4431,8344,12738,545,-302,-208,3
-4318,11923,15724,830,-708,-343,3
-4665,16401,19713,1122,-1324,-536,3
-6519,18790,22557,1081,-2266,-423,3
-8456,19976,23830,557,-3905,448,3
-10603,21514,23396,173,-6032,2351,3
-13613,22671,21614,402,-7965,5182,3
-14054,21166,18760,1063,-9387,8711,3
-14154,19775,14198,2586,-9569,12550,3
-13947,15235,9268,4125,-8918,15926,3
-10533,9361,6998,4765,-7942,17453,3
-8397,5484,7046,5085,-6994,17453,3
-8093,1206,6354,5463,-6006,17453,3
-6844,-1789,5329,5371,-4873,16671,3
-5645,-3368,4017,4679,-3838,15254,3
-5746,-5972,1167,3684,-2898,13838,3
-4043,-12623,985,699,29,7702,3
-4102,-11965,1461,298,207,5683,3
-4831,-10843,822,69,345,3975,3
-5886,-10565,673,42,572,2728,3
-5953,-10731,1076,74,798,2015,3
-4761,-11262,1298,205,1029,1575,3
-3950,-12147,1764,340,1282,1144,3
-3040,-12862,2960,-14,1231,619,3
-1198,-11749,4121,-290,1063,76,3
354,-9526,4617,-143,1048,-362,3
1526,-8324,4351,9,1041,-678,3
2597,-8208,4547,-183,948,-898,3
3767,-7969,5512,-441,721,-1139,3
4702,-7334,5824,-358,570,-1524,3
5072,-6694,5826,-201,499,-1958,3
5081,-6257,5734,-152,401,-2299,3
4808,-5996,5273,-121,271,-2536,3
4273,-5833,4680,-47,205,-2696,3
3701,-5856,4024,42,216,-2785,3
2475,-6228,2616,182,319,-2878,3
1950,-6614,1959,238,431,-3015,3
1462,-7254,1491,225,563,-3325,3
1127,-8211,1055,84,682,-3912,3
943,-9335,715,-178,762,-4909,3
396,-10041,435,-451,863,-6263,3
-6510,-10036,-3841,-1546,3347,-12499,3
-8721,-9307,-2743,-2284,4299,-13357,3
-11883,-7230,-586,-2735,5317,-13980,3
-11883,-7230,-586,-2735,5317,-13980,3
-16027,-3204,2253,-2484,6378,-14271,3
-20322,1259,4709,-1654,7119,-14531,3
-24325,6220,6284,-288,7603,-14608,3
-26559,12338,7998,880,8079,-14233,3
-11086,31394,28762,-3481,4485,-9353,3
-11086,31394,28762,-3481,4485,-9353,3
-16169,21692,24305,-3025,1861,-5010,3
-15250,15722,22210,-1662,650,269,3
-12110,14164,19508,625,256,3895,3
-10315,11424,15896,2296,105,5642,3
-8680,8917,13215,2543,172,5963,3
-6129,7184,12289,1570,110,5148,3
-3380,5965,12642,215,-130,3750,3
-1291,5190,13182,-543,-291,2101,3
-1013,6027,12298,-665,-453,237,3
-1013,6027,12298,-665,-453,237,3
-963,5863,11212,-968,-745,319,3
-768,4869,10184,-1198,-1014,597,3
-519,3604,9367,-1223,-1156,801,3
-377,2798,8547,-1103,-1164,916,3
-442,2148,7921,-936,-1087,895,3
-287,1874,7531,-821,-952,747,3
-235,2021,7279,-743,-803,567,3
-288,2205,7128,-671,-658,373,3
-295,2363,7084,-626,-501,138,3
-264,2685,7125,-576,-326,-62,3
-349,3239,7089,-458,-141,-147,3
-618,3706,7257,-254,29,-142,3
-424,3600,7649,-43,190,-117,3
-359,3707,8025,156,339,-35,3
-440,3937,8341,301,426,61,3
-654,3996,8669,390,445,113,3
-1046,3772,8974,429,402,43,3
-1248,3737,9160,341,296,-69,3
-1314,4120,9211,217,204,-99,3
-1276,4533,9234,156,161,-89,3
-1285,4772,9209,97,117,-55,3
-1358,4786,9044,1,57,-5,3
-1517,4531,8753,-17,10,30,3
-1517,4531,8753,-17,10,30,3
-1491,4460,8742,55,37,26,3
-1731,4337,8640,123,45,-79,3
-1880,4371,8663,158,49,-229,3
-1703,4768,8741,166,67,-246,3
-1509,5132,8810,187,72,-158,3
-1394,5106,8851,202,68,-75,3
-1394,4970,8843,141,18,-67,3
-1394,4771,8782,45,-82,-68,3
-1251,4640,8609,-22,-128,-5,3
-1314,4693,8452,-33,-108,101,3
-1255,4581,8409,-31,-50,165,3
-1122,4552,8486,-43,12,230,3
-1126,4442,8608,-44,53,265,3
-1164,4189,8751,-9,82,251,3
-1182,4133,8857,39,104,267,3
-1168,4205,8946,77,112,316,3
-1180,4132,9034,110,111,349,3
-1260,3957,9050,137,100,304,3
-1283,3909,9055,137,70,224,3
-1157,4121,9063,108,47,197,3
-1005,4307,8886,-22,-21,43,3
-1213,4163,8682,4,-113,-143,3
-1228,4620,8690,-7,-95,-137,3
-1183,4865,8739,4,-61,-109,3
-1176,4978,8790,3,-54,-49,3
-1164,5010,8794,7,-63,13,3
-1136,4890,8815,17,-70,80,3
-1114,4763,8855,25,-78,141,3
-1090,4541,8860,31,-95,150,3
-1161,4429,8820,35,-124,153,3
-1082,4289,8721,31,-154,145,3
-972,4115,8589,14,-176,111,3
-1027,3982,8496,-18,-183,72,3
-1013,3828,8443,-22,-158,-13,3
-1030,3988,8466,-16,-126,-78,3
-922,4476,8615,-28,-120,-77,3
-902,4561,8645,3,-115,-43,3
-888,4604,8593,33,-120,5,3
-924,4535,8506,45,-129,56,3
-937,4264,8462,59,-117,66,3
-961,4009,8482,66,-82,-15,3
-1009,4174,8616,38,-54,-128,3
-1018,4514,8795,6,-41,-183,3
-1002,4692,8857,0,-32,-197,3
-988,4854,8865,2,-33,-147,3
-906,4855,8863,-22,-58,-79,3
-810,4708,8827,-46,-79,-23,3
-793,4606,8733,-54,-90,29,3
-824,4472,8584,-63,-98,69,3
-867,4332,8458,-66,-91,82,3
-938,4204,8435,-58,-68,59,3
-900,3998,8536,-24,-34,-12,3
-927,4064,8663,8,-5,-111,3
-1019,4533,8814,-13,-5,-153,3
-1019,4533,8814,-13,-5,-153,3
-951,4841,8974,-35,-20,-143,3
-906,4904,9022,-14,-35,-90,3
-924,4935,8935,5,-52,-5,3
-864,4774,8891,7,-71,49,3
-826,4528,8867,-1,-80,89,3
-840,4167,8838,-7,-79,63,3
-957,4010,8860,-4,-66,-33,3
-968,4240,8948,-31,-52,-92,3
-931,4320,9063,-54,-58,-166,3
-951,4453,9091,-71,-71,-216,3
-938,4775,9110,-105,-87,-199,3
-866,4883,9156,-124,-103,-161,3
-828,4869,9170,-113,-111,-96,3
-869,4823,9135,-61,-121,-31,3
-846,4749,9073,-13,-128,41,3
-803,4567,8992,-10,-140,74,3
-797,4348,8994,-35,-144,31,3
-827,4313,9015,-30,-127,-9,3
-830,4330,9068,-10,-106,-67,3
-878,4462,9143,-13,-99,-94,3
-882,4613,9183,-36,-125,-84,3
-869,4652,9176,-56,-178,-52,3
-820,4648,9115,-74,-225,-4,3
-756,4661,9013,-85,-248,41,3
-669,4629,8976,-83,-246,79,3
-654,4271,9101,-53,-214,5,3
-654,4271,9101,-53,-214,5,3
-633,4254,9210,-67,-191,-107,3
-651,4513,9360,-119,-168,-223,3
-745,4820,9601,-171,-125,-320,3
-948,5033,9967,-229,-80,-441,3
-1385,5109,10482,-330,-52,-624,3
-2468,5427,11298,-449,-21,-866,3
-3932,5930,13069,-638,37,-1149,3
-5612,6510,16916,-1048,35,-1417,3
-6805,7462,23577,-1873,-338,-1797,3
-8305,8582,31529,-2935,-1656,-2483,3
-12166,8989,-28448,-4042,-3871,-3237,3
-16102,9499,-26310,-5458,-6916,-3503,3
-17721,10732,-27616,-6488,-10378,-3519,3
-19360,9864,-31078,-6749,-13331,-3338,3
-20017,9389,28528,-6433,-15524,-2698,3
-18564,9610,21984,-5878,-16935,-1873,3
-12969,7902,8,-3507,-17183,434,3
-10635,6966,-9220,-3076,-15855,1233,3
-8411,5625,-17726,-2623,-13243,1817,3
-5977,2472,-20800,-2303,-10252,1832,3
-4296,-3735,-20060,-2389,-8375,1311,3
-3365,-8147,-20419,-873,-6865,409,3
-3323,-6907,-23534,1790,-4727,-339,3
1589,8730,-16974,779,-527,-591,3
3385,6293,-13032,-299,-234,642,3
4640,1978,-8439,-1284,-135,1648,3
5843,-2056,-4461,-1715,-70,2288,3
7436,-5377,-1326,-1567,87,2467,3
8990,-7705,946,-1206,266,2002,3
9834,-8028,2224,-709,445,1176,3
10128,-6053,2571,-190,596,462,3
10416,-3624,2243,165,679,83,3
10555,-2351,1727,274,671,-103,3
10309,-1859,875,199,599,-218,3
9753,-1612,-220,116,516,-270,3
8475,-2365,-3481,-521,721,-400,3
8047,-2011,-3747,-633,858,-524,3
7705,-1351,-4027,-609,1044,-586,3
7352,-651,-4306,-526,1255,-623,3
6861,35,-4549,-462,1456,-624,3
6385,682,-4871,-467,1627,-591,3
5893,1363,-5335,-490,1805,-558,3
5424,1945,-5745,-564,1996,-525,3
4896,2393,-6116,-648,2195,-441,3
4468,2628,-6957,-625,2415,-263,3
4140,2493,-8566,-299,2705,-17,3
3984,1533,-11071,384,3274,387,3
3810,399,-14371,1315,4414,987,3
3283,-890,-17447,2221,6067,1446,3
1769,-2189,-19484,3082,8234,1418,3
-1460,-2364,-18316,4053,10639,881,3
-5892,-751,-14583,5238,12814,28,3
-11180,2341,-9677,6765,14729,-953,3
-16477,6207,-4330,8307,16381,-2068,3
-21493,9603,2077,9141,17453,-3062,3
-25244,11371,10235,8718,17453,-3472,3
-26396,12518,20473,7331,17453,-3294,3
-24662,15174,31592,4932,16684,-3043,3
-22774,17289,-26310,2071,13523,-2908,3
-20436,13544,-26310,-217,8239,-2036,3
-16619,7282,-28521,-1646,2557,-157,3
-13376,4065,28785,-2194,-1332,854,3
-10263,4711,20818,-2701,-3184,507,3
-1719,6480,8751,-3364,-3555,150,3
-262,3489,8004,-2598,-2363,674,3
313,171,10310,917,807,2077,3
313,171,10310,917,807,2077,3
336,150,10786,1474,1022,2076,3
293,-258,11040,2064,1102,1811,3
-159,-201,11068,2377,1096,1453,3
-390,448,11126,2245,966,1155,3
-498,670,11195,1842,722,760,3
-828,887,11385,1290,478,294,3
-990,1844,11571,670,244,-56,3
-969,2831,11591,135,5,-244,3
-1004,3436,11306,-220,-201,-288,3
-855,3334,10897,-380,-343,-255,3
-435,1989,9178,-105,-298,128,3
-458,1743,8995,-49,-240,-42,3
-445,2138,8904,45,-129,-106,3
-694,2762,8800,167,0,-87,3
-994,3131,8858,242,135,-52,3
-978,3324,9130,224,261,34,3
-895,3158,9482,169,306,83,3
-903,2950,9654,136,296,66,3
-934,2966,9681,109,265,74,3
-968,2807,9589,67,210,94,3
-1325,2503,9434,86,153,47,3
-1234,2238,9433,130,109,14,3
-958,2348,9408,129,74,68,3
-818,2567,9354,117,40,107,3
-687,2625,9203,81,3,151,3
-670,2336,8915,38,-31,182,3
-865,1746,8667,9,-44,69,3
-933,1656,8587,-17,-5,-58,3
-918,2094,8657,-5,72,-115,3
-893,2928,9007,39,202,-127,3
-924,3099,9068,70,239,-62,3
-1006,3108,9110,124,279,12,3
-1132,3062,9171,182,295,69,3
-1210,2900,9183,240,301,118,3
-1406,2924,9152,292,322,201,3
-1465,2571,9264,256,332,168,3
-1590,2334,9504,142,297,-9,3
-1734,2382,9700,108,281,-177,3
-1756,2733,9839,172,288,-210,3
-1587,3184,9921,242,294,-162,3
-1477,3341,9953,241,276,-136,3
-1479,3225,9974,152,208,-120,3
-1388,2971,9869,92,152,-71,3
-1381,2774,9732,79,132,-2,3
-1363,2518,9624,44,112,56,3
-1429,2184,9589,-19,89,87,3
-1453,1704,9571,-75,77,35,3
-1526,1563,9607,-126,70,-56,3
-1575,1670,9650,-149,66,-123,3
-1592,1751,9700,-121,63,-220,3
-1649,2002,9726,-94,51,-271,3
-1625,2328,9725,-75,38,-241,3
-1590,2536,9729,-51,26,-181,3
-1620,2571,9703,-31,1,-119,3
-1556,2445,9577,-10,-33,-55,3
-1619,2292,9378,20,-41,6,3
-1721,2030,9332,71,-12,14,3
-1769,1850,9395,146,38,-29,3
-1814,1840,9544,160,52,-77,3
-1786,1832,9658,118,19,-155,3
-1820,1946,9725,111,-14,-253,3
-1737,2541,9429,110,-56,-183,3
-1672,2391,9379,110,-63,-146,3
-1646,2284,9240,117,-70,-104,3
-1605,2091,9129,144,-55,-97,3
-1664,1934,9055,167,-27,-149,3
-1689,2002,9082,148,-2,-185,3
-1648,2133,9144,100,6,-206,3
-1635,2264,9202,55,12,-206,3
-1515,2339,9148,-6,3,-133,3
-1472,2262,9030,5,-2,-119,3
-1470,2208,8942,19,14,-110,3
-1534,2132,8950,35,52,-135,3
-1695,2130,9001,52,93,-180,3
-1762,2249,9155,87,136,-211,3
-1799,2511,9414,126,177,-227,3
-1831,2762,9573,141,192,-233,3
-1875,3003,9721,140,183,-188,3
-1824,3142,9824,162,155,-109,3
-1652,1650,9152,-90,9,-150,3
-1757,1951,9223,-79,37,-206,3
-1721,2312,9346,-52,56,-193,3
-1577,2548,9311,150,109,-47,3
-1610,2470,9246,190,133,-26,3
-1640,2262,9143,214,160,-58,3
-1822,2203,9103,222,213,-131,3
-1822,2203,9103,222,213,-131,3
-2035,2462,9208,239,292,-187,3
-2032,2683,9416,246,373,-196,3
-1942,2764,9589,206,426,-201,3
-1917,2728,9717,132,442,-257,3
-1987,2658,9792,86,459,-314,3
-2092,2670,9817,145,517,-378,3
-2297,2749,9891,255,629,-452,3
-6506,4150,12625,1359,1267,-852,3
-8212,5182,15987,1319,1388,-989,3
-9882,6545,21960,757,1034,-985,3
-11400,8323,29611,-99,-407,-964,3
-14225,7970,-29014,-1159,-3021,-1055,3
-18365,6755,-26310,-2671,-6515,-1019,3
-21823,6174,-26310,-4281,-10546,-1065,3
-24249,6733,-29084,-5585,-14199,-1516,3
-25125,9468,31020,-6235,-16670,-1942,3
-24305,11883,25728,-6326,-17453,-1866,3
-22356,13065,19249,-5863,-17453,-1405,3
-20522,11606,12014,-4969,-17453,-541,3
-18580,10223,3489,-3700,-17453,870,3
-16050,8043,-6267,-2515,-17453,2438,3
-13709,5245,-16022,-1724,-15514,3684,3
-10878,924,-21938,-1558,-12380,4042,3
-8522,-6674,-23978,-1796,-9862,3320,3
-5765,-12124,-24851,-756,-7675,1999,3
-2825,2405,-26869,3121,-1752,-1634,3
-1908,7207,-20931,2268,-844,-1649,3
10868,-7194,782,661,775,-111,3
8110,-1535,-1649,51,860,-757,3
7885,-1465,-2314,-365,761,-697,3
7570,-1498,-3096,-509,782,-638,3
7242,-1516,-3774,-545,886,-624,3
6991,-1380,-4295,-616,1034,-674,3
6581,-871,-4756,-632,1243,-763,3
6053,-53,-5171,-534,1516,-816,3
5596,784,-5745,-355,1841,-797,3
-19564,9221,6533,6238,16432,-1408,3
-19564,9221,6533,6238,16432,-1408,3
-22391,8506,15204,5681,16857,-1072,3
-23014,8563,24944,4439,16337,-689,3
-21031,10087,-30160,2382,14476,-631,3
-18456,9575,-26310,225,10856,-788,3
-17878,4599,-26480,-1285,5935,-607,3
-15723,1000,-31180,-2070,1413,-158,3
-12346,1500,26685,-2358,-1319,-262,3
-9595,4587,20529,-2745,-2587,-579,3
-6265,6826,16296,-3269,-3234,-654,3
-3510,6884,13246,-3275,-3396,-171,3
-1928,5042,11322,-2698,-2909,670,3
-837,2561,10357,-2046,-2089,1351,3
-233,956,9887,-1495,-1439,1813,3
-240,413,9422,-941,-1000,2291,3
-140,-639,9123,-346,-600,2631,3
290,-1968,9093,455,-159,2644,3
567,-2828,9007,1354,274,2419,3
640,-3038,8933,2049,554,2017,3
498,-2563,8802,2436,696,1562,3
3,-1668,8767,2486,779,1154,3
-387,-659,9064,2279,851,851,3
-701,341,9628,1963,863,697,3
-1107,1015,10122,1685,831,627,3
-1472,1501,10518,1444,814,610,3
-1579,1950,10860,1088,739,631,3
-1696,2084,11113,692,567,646,3
-1631,1759,11151,346,338,582,3
-1564,1266,10899,142,104,437,3
-1631,776,10454,118,-47,242,3
-1766,882,9986,212,-110,83,3
-1746,1373,9666,305,-94,-41,3
-1747,2059,9602,348,-39,-87,3
-1670,2673,9617,415,0,-45,3
-1492,2857,9593,506,26,46,3
-1568,2921,9543,588,80,198,3
-1620,2807,9622,626,158,338,3
-1550,2455,9815,650,218,419,3
-1543,2272,9944,239,18,-42,3
-1543,2272,9944,239,18,-42,3
-1199,2072,9495,164,-84,79,3
-1199,2072,9495,164,-84,79,3
-1258,2142,9416,192,-65,45,3
-1350,2256,9411,242,-38,3,3
-1440,2446,9452,265,-17,0,3
-1399,2628,9569,267,-1,22,3
-1352,2681,9621,254,-4,18,3
-1429,2790,9593,250,-30,34,3
-1412,2868,9549,291,-34,84,3
-1332,2880,9532,352,-20,153,3
-1246,2730,9514,389,-9,183,3
-1271,2651,9507,393,5,183,3
-1325,2650,9537,349,5,193,3
-1409,2557,9544,262,-34,193,3
-1446,2217,9514,197,-78,150,3
-1444,2091,9464,208,-71,90,3
-1505,2255,9516,194,-61,17,3
-1477,2569,9623,129,-77,-11,3
-1368,2689,9665,93,-109,4,3
-1370,2618,9589,105,-128,12,3
-1330,2552,9481,100,-135,10,3
-1240,2610,9340,71,-143,35,3
-1304,2637,9215,72,-141,66,3
-1340,2506,9170,109,-113,67,3
-1361,2498,9165,129,-80,71,3
-1357,2615,9204,130,-64,100,3
-1369,2676,9194,153,-43,115,3
-1492,2569,9195,191,-10,62,3
-1547,2537,9372,201,12,-6,3
-1505,2797,9547,230,21,18,3
-1377,3019,9591,296,20,69,3
-1333,3118,9459,323,-1,122,3
-1382,3040,9247,299,-25,165,3
-1309,2703,9167,239,-25,168,3
-1240,2584,9231,144,-27,158,3
-1151,2631,9232,68,-43,141,3
-1176,2582,9135,23,-53,105,3
-1228,2314,9068,-11,-50,-4,3
-1197,2274,9125,-33,-42,-106,3
-1155,2630,9180,-28,-40,-117,3
-1104,2772,9149,23,-27,-123,3
-1171,2809,9137,75,-9,-132,3
-1145,2818,9117,79,-5,-117,3
-1218,2949,9141,93,7,-85,3
-1237,3094,9251,117,42,-64,3
-1248,3196,9355,111,55,-25,3
-1264,3147,9402,92,51,11,3
-1237,2821,9462,80,48,-8,3
-1106,2834,9365,46,-67,-12,3
-1106,2834,9365,46,-67,-12,3
-1174,2694,9293,66,-44,-53,3
-1164,2778,9337,33,-31,-104,3
-1167,2979,9396,-2,-39,-115,3
-1140,3050,9432,6,-41,-92,3
-1120,2936,9416,17,-38,-98,3
-1082,2818,9403,-5,-48,-132,3
-1089,2846,9331,-32,-61,-156,3
-1197,3000,9296,-20,-50,-160,3
-1240,3152,9399,11,-25,-124,3
-1262,3226,9469,33,-11,-74,3
-1185,3044,9654,164,19,-95,3
-1243,3153,9657,206,21,-109,3
-1326,3209,9647,218,29,-122,3
-1252,2924,9682,181,47,-205,3
-1231,2627,9834,110,66,-412,3
-1422,2612,10113,65,77,-678,3
-1550,2705,10343,77,92,-958,3
-1857,3079,10393,167,135,-1186,3
-2206,3605,10532,408,196,-1314,3
-3580,6453,13067,1841,117,-1213,3
-4915,9165,15772,2867,1,-893,3
-5953,12571,18675,3581,-240,-433,3
-6447,15419,20668,4036,-930,234,3
-7733,17298,21073,4541,-1944,1463,3
-10054,18983,21584,4797,-3054,3645,3
-12074,20530,22302,4919,-4267,6459,3
-15313,25352,20801,5332,-5434,10573,3
-18441,27780,18307,5338,-6684,15897,3
-19319,20178,15699,5245,-7753,17453,3
-4756,-7348,-976,2732,-1891,14958,3
-5142,-11917,-1194,1878,-584,13097,3
-5142,-11917,-1194,1878,-584,13097,3
-5029,-14178,-605,1104,455,11427,3
-4604,-14972,1253,482,1028,9365,3
-4977,-12074,538,-428,1161,4447,3
-4977,-12074,538,-428,1161,4447,3
-6284,-10500,454,-903,1100,2544,3
-6917,-9604,592,-1175,1012,1487,3
-6877,-9144,568,-1108,1006,1089,3
-6142,-9760,666,-797,1161,882,3
-4709,-10462,946,-433,1334,721,3
-2770,-10336,1401,-197,1406,453,3
-1059,-9686,2116,-147,1320,-14,3
399,-9075,2704,-146,1143,-564,3
1571,-8182,3256,-149,934,-1007,3
2572,-7442,3721,-119,733,-1331,3
3981,-6355,3860,609,446,-2756,3
3981,-6355,3860,609,446,-2756,3
3405,-6140,3597,517,472,-3060,3
2700,-6538,3189,338,511,-3390,3
2057,-7495,2812,86,566,-3910,3
1359,-10830,1917,-926,520,-6361,3
1359,-10830,1917,-926,520,-6361,3
-23135,11688,6946,-1147,6798,-15431,3
-23135,11688,6946,-1147,6798,-15431,3
-20593,14727,8757,-714,6886,-13420,3
-16418,17123,12660,-542,6621,-11660,3
-12031,22660,19096,-711,6122,-9977,3
-9015,27588,22823,-968,4996,-8336,3
-9253,25393,20436,-696,2811,-6475,3
-10731,19199,17135,-455,906,-3581,3
-10708,14445,15589,-125,318,-330,3
-10698,12259,14236,549,53,1768,3
-9653,10700,12413,794,-180,2597,3
-8366,9447,10915,305,-330,2555,3
-7176,8419,10182,-439,-420,1899,3
-5809,7947,10164,-1082,-416,1000,3
-4682,8336,10541,-1503,-389,380,3
-3759,8819,10887,-1569,-395,201,3
-2836,8675,10871,-1366,-453,370,3
-2062,7515,10513,-1160,-557,701,3
-1650,5928,9964,-964,-668,934,3
-1297,4653,9435,-800,-759,1030,3
-1194,4140,8727,-695,-819,1070,3
-1685,3870,8016,-574,-837,1038,3
-1629,3283,7617,-496,-768,860,3
-1231,3132,7433,-436,-619,591,3
-1051,3559,7303,-354,-453,372,3
-951,4140,7222,-280,-308,274,3
-1166,4540,7136,-190,-176,247,3
-1290,5340,7773,64,279,157,3
-1853,4389,8241,50,282,656,3
-1853,4389,8241,50,282,656,3
-2069,3782,8425,140,327,271,3
-2292,4100,8668,153,264,-124,3
-2214,4940,8830,67,166,-319,3
-2139,5974,8965,-6,121,-325,3
-1968,6456,9068,-6,109,-245,3
-1829,6460,9117,2,77,-103,3
-1820,6258,9024,-2,7,60,3
-1747,5739,8802,37,-61,210,3
-1698,5318,8526,51,-117,333,3
-1721,5157,8196,41,-143,448,3
-1804,4618,7960,11,-131,423,3
-1476,4841,8139,83,-68,146,3
-1430,4686,8087,63,-52,183,3
-1459,4512,8105,54,-6,170,3
-1539,4482,8215,65,45,124,3
-1565,4500,8318,72,67,56,3
-1583,4550,8414,40,66,19,3
-1544,4521,8480,-27,44,-49,3
-1544,4581,8564,-85,11,-118,3
-1525,4741,8523,-76,-10,-145,3
-1549,4911,8363,-59,-26,-128,3
-1581,4954,8224,-76,-40,-96,3
-1747,4911,8165,-84,-25,-93,3
-1788,4822,8251,-72,22,-129,3
-1757,4826,8432,-64,63,-215,3
-1829,5232,8585,-45,90,-258,3
-1850,5638,8703,-24,78,-225,3
-1850,5638,8703,-24,78,-225,3
-1732,5672,8754,-8,26,-138,3
-1592,4677,8019,91,-53,171,3
-1592,4677,8019,91,-53,171,3
-1707,4680,7928,68,-33,125,3
-1737,4768,8012,39,-10,84,3
-1708,5018,8417,44,15,-57,3
-1708,5018,8417,44,15,-57,3
-1708,5272,8418,60,-1,-56,3
-1646,5397,8363,57,-28,-22,3
-1568,5383,8225,47,-51,37,3
-1552,5232,8095,39,-62,98,3
-1598,4933,8018,39,-53,129,3
-1626,4650,8037,60,-20,79,3
-1596,4725,8129,68,14,15,3
-1629,5011,8223,53,20,-17,3
-1644,4995,8304,29,-4,-61,3
-1640,4854,8338,12,-24,-109,3
-1646,5102,8341,19,-29,-107,3
-1574,5296,8309,22,-30,-83,3
-1558,5286,8311,9,-37,-41,3
-1600,5025,8274,-7,-45,-26,3
-1602,4793,8239,-20,-42,-38,3
-1599,4625,8224,-42,-38,-93,3
-1672,4660,8238,-92,-41,-179,3
-1716,4812,8306,-111,-34,-233,3
-1738,4919,8316,-75,-20,-260,3
-1802,5079,8320,-43,-7,-243,3
-1836,5352,8377,-12,2,-192,3
-1781,5442,8470,25,-6,-134,3
-1746,5411,8444,52,-19,-63,3
-1770,5274,8393,60,-19,4,3
-1764,4884,8421,59,-4,0,3
-1789,4696,8479,27,0,-82,3
-1795,4820,8523,-35,-12,-162,3
-1818,4881,8590,-87,-33,-230,3
-1819,4818,8619,-92,-42,-276,3
-1793,4816,8573,-105,-52,-340,3
-1817,4993,8517,-140,-71,-385,3
-1848,5160,8522,-136,-71,-387,3
-1871,5122,8503,-95,-61,-384,3
-1841,4941,8490,-60,-37,-411,3
-1951,4925,8583,-71,-25,-482,3
-2041,4865,8718,-78,-3,-569,3
-2524,5342,9261,-100,56,-895,3
-2524,5342,9261,-100,56,-895,3
-2713,5679,9425,-34,60,-904,3
-2996,6031,9525,58,43,-835,3
-3355,6560,9626,155,12,-711,3
-3642,7723,10263,396,-42,-551,3
-4155,9779,12154,979,-170,-368,3
-5400,13445,15299,1752,-382,-178,3
-7689,18086,18142,2315,-764,193,3
-10247,23838,21587,2307,-1826,1438,3
-13977,29198,23852,1898,-3808,4346,3
-18822,-32328,22795,1837,-6126,9255,3
-24133,-30922,20805,2337,-8063,15648,3
-27919,25947,18615,3534,-9163,17453,3
-25445,11142,16603,5487,-9210,17453,3
-18077,5314,14481,7500,-8145,17453,3
-13691,3678,12810,8923,-6824,17453,3
-11330,638,8821,8837,-5231,17453,3
-10005,-1746,3041,7309,-3394,17453,3
-9884,-6863,-854,5256,-1895,17404,3
-8776,-13503,-1328,3522,-648,16166,3
-8123,-19022,299,2547,659,14631,3
-5118,-21470,2594,1976,1728,11933,3
-3668,-18479,2632,1212,2163,8591,3
-3986,-14482,2610,30,1996,5040,3
-5164,-10004,2679,-1385,1397,2528,3
-5713,-7089,2174,-2167,906,1403,3
3442,-7058,4148,542,851,-770,3
4575,-7235,4227,509,797,-1005,3
5126,-7716,4379,24,549,-1444,3
4400,-6420,5032,-191,214,-2099,3
3932,-6409,4734,-264,52,-2179,3
3129,-6688,4193,-336,-139,-2372,3
2170,-7093,3420,-246,-208,-2675,3
1215,-7404,2558,-76,-159,-3035,3
254,-7580,1774,63,-38,-3415,3
-530,-8687,1302,44,144,-3972,3
-683,-10783,878,-173,388,-5029,3
-14342,1205,1037,-455,4746,-15292,3
-14342,1205,1037,-455,4746,-15292,3
-16935,6595,3249,225,5490,-15787,3
-18829,10483,4514,848,6031,-16139,3
-19949,13965,5332,958,6258,-16081,3
-20067,17880,6626,545,6278,-15246,3
-17479,21378,10130,-100,5974,-13971,3
-11582,25641,16993,-1039,5378,-12463,3
-882,6071,9636,-1108,-423,898,3
-882,6071,9636,-1108,-423,898,3
-1021,5593,8820,-1026,-475,907,3
-1310,4707,8224,-1013,-518,822,3
-1042,3963,7874,-1013,-498,623,3
-732,3966,7626,-982,-403,473,3
-531,4110,7492,-926,-293,338,3
-518,3929,7355,-777,-183,95,3
-829,3893,7300,-545,-58,-179,3
-925,4407,7403,-377,39,-290,3
-828,5077,7564,-244,85,-263,3
-820,5578,7636,-93,118,-158,3
-993,5780,7686,50,156,-33,3
-1100,5784,7862,117,194,38,3
-1098,5910,8063,101,227,105,3
-1103,6168,8282,72,231,175,3
-1198,6334,8388,38,199,249,3
-1489,6100,8390,17,145,282,3
-1586,5527,8413,22,107,190,3
-1589,5363,8426,59,101,80,3
-1668,5452,8347,89,73,-40,3
-1781,5573,8238,55,-10,-201,3
-1786,5760,8180,0,-70,-300,3
-1722,6225,8221,-38,-78,-294,3
-1630,6569,8300,-74,-93,-214,3
-1550,6607,8323,-77,-121,-88,3
-1529,6362,8232,-71,-158,10,3
-1449,5968,8087,-72,-194,63,3
-1571,5603,7597,-22,-182,263,3
-1485,5402,7588,20,-131,278,3
-1304,5231,7595,70,-78,238,3
-1199,5279,7656,93,-41,195,3
-1088,5436,7656,63,-21,185,3
-1154,5272,7591,29,-14,168,3
-1234,4865,7585,78,26,55,3
-1195,4832,7666,138,82,-77,3
-1156,5276,7794,101,96,-132,3
-1148,5596,7875,7,69,-121,3
-1124,5595,7928,-110,25,-72,3
-1101,5170,7887,-210,-34,-61,3
-1271,4783,7727,-233,-55,-108,3
-1580,4984,7696,-168,-7,-128,3
-1569,5446,7897,-93,69,-110,3
-1425,5816,8134,-49,113,-58,3
-1327,5888,8345,-28,122,-19,3
-1345,5900,8473,-9,117,-7,3
-1359,5931,8540,12,93,27,3
-1306,5910,8522,15,39,97,3
-1260,5779,8384,7,-18,159,3
-1289,5572,8142,9,-54,186,3
-1328,5320,8000,-7,-68,166,3
-1296,5118,8002,-41,-59,115,3
-1302,5006,8038,-26,-27,10,3
-1454,5115,8104,0,-15,-105,3
-1440,5427,8249,-10,-20,-158,3
-1380,5739,8393,-36,-29,-132,3
-1328,5868,8463,-68,-56,-65,3
-1331,5746,8423,-104,-111,-13,3
-1314,5564,8322,-147,-169,17,3
-1285,5438,8168,-195,-206,34,3
-1224,5486,7941,-164,-125,-105,3
-1187,5366,7986,-73,-39,70,3
-1175,5485,8104,-96,-32,93,3
-1192,5429,8168,-117,-41,101,3
-1171,5250,8187,-130,-47,101,3
-1071,4829,8096,37,1,-72,3
-1089,4891,8166,-4,9,-128,3
-1089,4891,8166,-4,9,-128,3
-1197,4914,8202,-14,26,-147,3
-1216,4891,8261,-3,49,-166,3
-1224,4982,8346,-26,56,-174,3
-1236,5115,8399,-90,35,-176,3
-1228,5219,8432,-117,23,-175,3
-1151,5213,8466,-90,35,-173,3
-1113,5092,8475,-49,45,-179,3
-1176,4980,8484,-4,53,-215,3
-1294,5018,8492,6,64,-245,3
-1380,5004,8515,3,74,-274,3
-1295,5564,8857,-100,100,-445,3
-1295,5564,8857,-100,100,-445,3
-1358,5680,8899,-36,117,-426,3
-1404,5632,8861,14,117,-385,3
-1436,5353,8855,1,99,-411,3
-1474,5156,8889,-39,98,-496,3
-1509,5106,8939,-62,108,-600,3
-1628,5087,8989,-92,107,-751,3
-1764,4989,9059,-170,113,-951,3
-1856,5071,9196,-221,164,-1114,3
-2066,5247,9368,-224,247,-1233,3
-2407,5604,9559,-114,345,-1300,3
-2950,6173,9621,37,436,-1284,3
-3665,6377,9893,91,472,-1349,3
-4553,6372,10496,148,540,-1545,3
-5727,6864,11532,295,675,-1830,3
-7070,7965,13212,487,775,-2030,3
-8763,9299,16266,477,732,-1863,3
-10634,10710,21007,-190,199,-1472,3
-12378,11124,26995,-1382,-1330,-1203,3
-14589,9578,-32717,-2450,-4076,-958,3
-17672,7773,-30527,-3184,-7529,-819,3
-20600,7045,-32086,-4271,-10861,-919,3
-22685,6896,30643,-5244,-14066,-1117,3
-23647,7379,26868,-5558,-16688,-1426,3
-23653,9781,20709,-5616,-17453,-1546,3
-22235,11151,14710,-5671,-17453,-1344,3
-19993,10292,10576,-5472,-17453,-848,3
-18026,9041,4878,-4777,-17453,-155,3
-15829,8895,-3325,-4077,-17453,388,3
-12498,8852,-11694,-3643,-16549,755,3
-8912,7559,-18285,-3096,-13948,1070,3
-6639,3441,-22150,-2416,-11275,1167,3
-5081,-2785,-24143,-1450,-9093,988,3
-3190,-7188,-25027,315,-6637,516,3
-2863,-6111,-25849,2404,-3925,27,3
-3007,-413,-24943,3253,-1980,-743,3
2175,8081,-10488,-828,-96,971,3
4167,3306,-7628,-1300,-46,1895,3
6134,-409,-4818,-1425,117,2330,3
8261,-3270,-2078,-1279,384,2450,3
10034,-5504,313,-1019,638,2249,3
11189,-6927,2207,-804,774,1786,3
11607,-7198,2842,-423,834,1185,3
10285,-1201,-931,312,1073,-253,3
9634,-548,-1895,-49,1025,-322,3
9147,-165,-2747,-322,1009,-355,3
8691,207,-3632,-474,1022,-333,3
8169,476,-4351,-619,1074,-296,3
7694,708,-4866,-715,1191,-248,3
7193,1046,-5372,-665,1382,-233,3
4715,3016,-8686,33,2705,3,3
4591,2610,-10180,469,3233,237,3
4745,1333,-11945,1070,4089,601,3
4744,128,-14012,1843,5448,1033,3
4404,-664,-15610,2667,7247,1322,3
2648,-1675,-15674,3669,9460,1305,3
-724,-1514,-13210,4621,11812,764,3
-19253,9131,5660,6461,17453,-1967,3
-7286,6217,15052,-3947,-2868,-1618,3
-5819,6890,12401,-4161,-3411,-1832,3
-4193,6891,10203,-3684,-3273,-1536,3
-2542,5769,9209,-3128,-2677,-892,3
-1431,4270,9220,-2550,-1921,-111,3
-1016,3052,9438,-1851,-1245,617,3
-944,1947,9284,-981,-714,1141,3
-769,1423,8717,61,-223,1413,3
-604,1454,8176,995,258,1555,3
-573,1592,7968,1564,682,1591,3
-493,1592,8168,1781,930,1406,3
-512,1613,8499,1749,1009,1142,3
-512,1613,8499,1749,1009,1142,3
-608,2017,8834,1647,1043,1006,3
-676,2282,9215,1546,1069,944,3
-847,2083,9496,1507,1091,776,3
-1377,2129,9622,1501,1080,517,3
-2009,2656,9719,1304,1024,306,3
-2393,3357,10004,900,927,211,3
-2506,3818,10331,544,808,222,3
-2322,3630,10526,365,675,194,3
-2231,3336,10472,383,554,53,3
-2324,3543,10283,424,454,-5,3
-2219,4018,10052,385,351,30,3
-2083,4290,9762,336,251,87,3
-1996,4209,8971,202,65,199,3
-1996,4209,8971,202,65,199,3
-2421,4012,8542,187,20,303,3
-2654,3702,8435,191,87,405,3
-2414,3244,8658,193,219,365,3
-2267,3074,9065,233,334,141,3
-2436,3563,9459,256,356,-90,3
-2470,4085,9702,217,270,-207,3
-2596,4416,9223,259,56,26,3
-2827,4348,9058,239,55,102,3
-2649,4139,9580,14,39,87,3
-2628,4023,9453,40,-23,31,3
-2504,4191,9251,100,-67,61,3
-2343,4285,9022,137,-93,98,3
-2276,4292,8757,119,-121,124,3
-2378,4257,8541,73,-139,162,3
-2320,4101,8449,17,-128,197,3
-2081,3653,8485,-36,-108,159,3
-2047,3345,8514,-34,-80,33,3
-2160,3640,8547,3,-52,-37,3
-2126,4039,8583,12,-42,-21,3
-2055,4069,8552,10,-38,6,3
-2097,3798,8545,2,-38,-27,3
-2201,3755,8561,-27,-44,-41,3
-2169,3934,8587,-15,-27,-18,3
-2260,4209,8612,27,2,15,3
-2424,4295,8694,49,23,47,3
-2352,4213,8900,39,35,69,3
-2349,4207,9024,40,36,112,3
-2341,4265,9046,69,25,157,3
-2327,4334,8950,97,6,206,3
-2318,4143,8892,108,-8,238,3
-2182,3714,8790,83,-23,181,3
-2248,3614,8643,15,-50,96,3
-2324,3792,8656,-7,-36,59,3
-2274,4004,8791,16,-3,52,3
-2183,3936,8894,-2,-22,30,3
-2184,3820,8848,-41,-69,4,3
-2177,3865,8765,-41,-78,19,3
-2084,3824,8694,0,-64,26,3
-2021,3826,8614,27,-63,32,3
-2094,3851,8470,26,-72,63,3
-2195,3810,8411,38,-51,83,3
-2188,3751,8517,35,-12,77,3
-2157,3629,8651,3,-9,-14,3
-2285,3855,8649,-13,-19,-87,3
-2316,4255,8658,1,-9,-82,3
-2266,4495,8730,25,12,-31,3
-2168,4558,8790,42,22,48,3
-2122,4455,8760,67,16,127,3
-2094,4218,8650,100,9,172,3
-2060,3791,8537,103,12,158,3
-2063,3513,8511,104,28,78,3
-2196,3699,8517,80,34,20,3
-2175,3885,8627,36,35,-17,3
-2092,3901,8779,-4,34,-58,3
-2045,3814,8889,-54,9,-105,3
-2024,3873,8840,-71,-17,-132,3
-2023,3997,8709,-69,-35,-107,3
-2048,4061,8551,-47,-36,-40,3
-2106,4054,8430,-2,-10,29,3
-2136,3919,8397,31,38,55,3
-2171,3823,8488,39,87,16,3
-2200,3961,8620,27,116,-28,3
-2242,4084,8784,31,140,-74,3
-2286,4192,8934,48,159,-103,3
-2275,4225,8998,62,158,-91,3
-2278,4189,8974,58,142,-85,3
-2310,4139,8994,11,104,-106,3
-2336,4213,9049,-33,76,-96,3
-2411,4375,9123,-49,88,-55,3
-2395,4237,9232,-61,121,-58,3
-2394,3958,9470,-109,160,-182,3
-2608,4061,9838,-206,195,-359,3
-2858,4272,10375,-353,206,-527,3
-3229,4533,11010,-419,198,-681,3
-4045,4692,11948,-418,126,-768,3
-5305,4508,13506,-479,-43,-817,3
-6818,4324,16254,-761,-267,-930,3
-8748,5218,20386,-1385,-758,-1156,3
-10808,5838,25801,-2332,-1949,-1474,3
-12130,5312,30705,-3362,-3961,-1846,3
-13738,5190,32436,-4173,-6339,-2369,3
-15882,6226,31628,-4602,-8559,-2936,3
-16664,7070,30092,-4855,-10493,-3174,3
-17059,5423,28403,-4729,-12321,-2995,3
-16618,3023,26527,-4196,-13897,-2530,3
-16618,3023,26527,-4196,-13897,-2530,3
-12526,6008,7285,-2524,-16099,-1277,3
-12526,6008,7285,-2524,-16099,-1277,3
-11937,7139,605,-1986,-15750,-1128,3
-10070,6429,-6354,-1561,-14807,-558,3
-5444,1267,-16832,-1127,-11091,769,3
-3925,-2020,-21008,-255,-8857,866,3
-2536,-4744,-23022,935,-6526,501,3
-1739,-4307,-24407,2446,-4291,-109,3
-2320,3482,-24356,3811,-1054,-1266,3
-1824,7759,-21443,2866,-281,-1383,3
-563,10271,-17090,1344,101,-834,3
1519,9405,-12338,-300,155,256,3
3429,5652,-8512,-1358,144,1440,3
5110,1285,-5481,-1889,210,2182,3
6921,-2247,-2305,-2182,379,2591,3
11632,-6459,3951,-222,1047,587,3
11632,-6459,3951,-222,1047,587,3
11636,-3896,3337,80,1076,40,3
11332,-2091,2723,85,1030,-223,3
10893,-958,1750,-64,893,-249,3
10381,-502,362,-262,727,-151,3
9786,-656,-1094,-454,597,-80,3
9197,-818,-2517,-624,537,-85,3
8643,-707,-3573,-760,577,-129,3
8135,-632,-4273,-849,712,-207,3
7585,-580,-4826,-893,890,-352,3
7034,-125,-5306,-856,1124,-445,3
6529,539,-5760,-712,1437,-449,3
6099,1150,-6283,-499,1796,-400,3
5694,1596,-7278,-184,2196,-328,3
5329,1693,-9037,413,2719,-212,3
4996,1272,-11303,1297,3538,55,3
4692,646,-13635,2075,4742,442,3
-2747,1292,-11942,4132,12162,144,3
-2747,1292,-11942,4132,12162,144,3
-8272,3521,-7516,4819,14062,-388,3
-13771,5432,-1720,5535,15649,-1269,3
-18288,6684,4263,6091,16953,-2088,3
-22234,7401,10306,6431,17453,-2244,3
-23497,8746,17867,6232,17453,-1521,3
-21173,11502,26572,5632,16578,-729,3
-17880,13897,32516,4708,14019,-307,3
-16188,13468,-32387,3856,10013,375,3
-14105,8306,29609,2770,5580,1515,3
-11836,3217,24930,1237,2418,1837,3
-9884,2836,20751,-395,372,1003,3
-8364,4597,17463,-1861,-1138,-135,3
-7195,5639,15111,-3395,-2319,-1006,3
-5937,6413,12842,-4294,-3002,-1406,3
-4200,6265,10820,-4107,-3004,-1338,3
-2592,5127,9713,-3350,-2470,-863,3
-1393,3761,9622,-2559,-1759,-201,3
-482,1243,8828,128,-417,1324,3
-482,1243,8828,128,-417,1324,3
-274,939,8138,1027,55,1478,3
-124,851,7823,1585,508,1432,3
-272,755,7865,1686,751,1144,3
-523,714,8159,1534,861,777,3
-672,1288,8595,1357,971,561,3
-824,2035,9062,1225,1055,454,3
-1125,2312,9470,1074,1058,311,3
-1525,2136,9850,899,983,21,3
-1739,2493,10210,655,876,-167,3
-1775,3152,10374,417,735,-200,3
-1703,3519,10345,264,560,-168,3
-2334,4051,9881,194,418,152,3
-2334,4051,9881,194,418,152,3
-2340,4173,9998,208,418,238,3
-2494,3681,9951,256,388,240,3
-2585,2953,10003,320,350,99,3
-2468,3177,10109,346,340,42,3
-2326,3683,10211,385,325,23,3
-2261,3851,10240,364,249,6,3
-2148,3764,10100,256,116,6,3
-1835,3324,9465,12,-83,39,3
-1835,3324,9465,12,-83,39,3
-1685,3063,9290,-56,-141,-18,3
-1838,3071,8977,-34,-169,-7,3
-2203,3134,8770,41,-134,16,3
-2194,3217,8897,71,-38,50,3
-2164,3222,9173,95,22,42,3
-2233,3237,9423,151,42,-16,3
-2341,3630,9617,197,50,-8,3
-2211,3914,9610,205,-41,43,3
-2175,3875,9462,181,-112,89,3
-2108,3675,9247,167,-151,143,3
-2017,3510,9071,159,-161,127,3
-2054,3551,8886,112,-174,103,3
-2126,3447,8803,33,-190,76,3
-2009,3342,8846,-46,-169,36,3
-1956,3442,8962,-79,-127,14,3
-1956,3442,8962,-79,-127,14,3
-2013,3538,9032,-76,-113,18,3
-1947,3523,9015,-48,-108,44,3
-1897,3581,9016,12,-82,90,3
-1879,3648,9013,54,-63,151,3
-1865,3561,9015,58,-69,209,3
-1829,3275,8979,42,-85,223,3
-1910,3130,8879,67,-77,211,3
-1983,3071,8849,91,-44,165,3
-1951,3195,8904,28,-27,91,3
-1947,3329,9010,-55,-39,39,3
-1899,3305,9062,-32,-43,14,3
-1898,3322,9016,45,-31,4,3
-1905,3374,8955,65,-39,0,3
-1831,3466,8899,47,-55,13,3
-1784,3609,8863,46,-47,38,3
-1759,3634,8815,29,-39,63,3
-1806,3595,8791,6,-31,110,3
-1908,3476,8795,30,-11,142,3
-1896,3249,8873,60,6,101,3
-1921,3284,9010,45,13,58,3
-1951,3447,9134,44,9,36,3
-1954,3539,9258,58,2,8,3
-1919,3662,9337,59,-17,22,3
-1840,3668,9298,49,-52,55,3
-1710,3217,8846,-28,-55,9,3
-1710,3217,8846,-28,-55,9,3
-1703,3160,8964,-5,-26,-36,3
-1744,3231,9068,38,-13,-71,3
-1786,3397,9117,60,-20,-78,3
-1768,3537,9126,68,-42,-81,3
-1775,3650,9055,70,-56,-68,3
-1866,3805,8982,63,-59,-36,3
-1893,3845,9007,47,-54,2,3
-1831,3676,9082,25,-59,22,3
-1842,3517,9152,1,-73,8,3
-1889,3452,9154,-5,-80,-19,3
-1923,3451,9160,43,-65,-44,3
-1952,3611,9189,102,-39,-60,3
-1915,3773,9245,76,-51,-50,3
-1868,3821,9256,29,-87,-34,3
-1805,3834,9186,26,-108,-6,3
-1743,3788,9037,53,-112,23,3
-1727,3659,8942,56,-124,54,3
-1701,3507,8906,38,-143,86,3
-1611,3299,8885,37,-144,88,3
-1604,3214,8922,27,-128,55,3
-1689,3290,8998,36,-98,-3,3
-1780,3565,9132,50,-76,-33,3
-1786,3754,9229,38,-85,-16,3
-1784,3762,9257,36,-102,1,3
-1836,3773,9282,59,-109,38,3
-1802,3775,9355,90,-104,67,3
-1801,3791,9504,145,-94,65,3
-1799,3974,9633,210,-88,93,3
-1746,4085,9705,238,-103,139,3
-1731,3950,9755,205,-143,153,3
-1755,3768,9781,155,-182,116,3
-1758,3802,9890,150,-191,78,3
-1812,3968,10082,175,-194,56,3
-1976,4107,10314,216,-210,35,3
-2257,4472,10668,266,-252,35,3
-2716,4896,11278,396,-319,103,3
-3229,5393,11996,641,-421,234,3
-3821,6445,13513,1124,-643,409,3
-4786,8369,16199,1856,-957,606,3
-5721,11443,19404,2383,-1465,791,3
-6252,15021,22062,2434,-2576,1090,3
-6970,17329,23714,2199,-4221,1979,3
-9027,19064,24202,2217,-6077,3974,3
-11357,23818,19075,3559,-8680,11367,3
-11357,23818,19075,3559,-8680,11367,3
-12471,24798,14980,4001,-9077,15970,3
-13802,18524,10683,3794,-9129,17453,3
-12522,8498,7425,3944,-8619,17453,3
-9760,2433,5287,4292,-7639,17453,3
-6053,-1419,3530,4311,-6690,17453,3
-1762,-4411,2370,4000,-5786,17453,3
-3828,-6450,-417,2411,-2678,10010,3
-3699,-7163,826,1623,-1844,9099,3
-5261,-8117,-29,775,167,4754,3
-5810,-8547,357,813,487,3952,3
-5888,-8900,418,855,703,3308,3
-6196,-9900,914,879,923,2706,3
-6244,-11406,1811,748,1084,2111,3
-5675,-12704,2452,560,1199,1433,3
-4893,-13079,3015,335,1273,639,3
-3821,-12086,3604,134,1252,-143,3
-2615,-11390,3855,-107,1159,-966,3
-1857,-10808,4188,-315,1013,-1716,3
-1035,-9857,4307,-293,885,-2315,3
-348,-9196,4173,-226,800,-2795,3
126,-9074,3896,-180,778,-3202,3
475,-9059,3409,-156,828,-3640,3
567,-9061,2888,-201,923,-4276,3
488,-8978,2401,-337,1029,-5205,3
164,-8612,1999,-615,1098,-6280,3
-494,-8561,1664,-901,1191,-7361,3
-933,-9129,1091,-1247,1290,-8556,3
-933,-9129,1091,-1247,1290,-8556,3
-1553,-9822,56,-1557,1424,-9874,3
-2468,-10688,-1231,-1541,1768,-11216,3
-3541,-10733,-1963,-1135,2399,-12433,3
-5147,-9985,-2633,-781,3124,-13514,3
-6743,-9209,-2488,-911,3765,-14619,3
-8825,-7404,-1386,-1346,4439,-15530,3
-11873,-4674,620,-1686,5386,-16247,3
-15641,-1847,2941,-1875,6442,-17095,3
-20140,1884,4717,-2140,6920,-17453,3
-23082,6634,6272,-2089,7073,-17387,3
-22657,10392,7933,-1728,7188,-16463,3
-20272,14387,10482,-1410,7230,-14879,3
-16527,19380,14997,-1711,7050,-12596,3
-11803,24686,21034,-1754,6521,-10524,3
-9585,25512,22039,-600,5376,-8789,3
-11702,21489,19133,675,3623,-6194,3
-12405,16520,17267,1008,2562,-2672,3
-11800,13179,16326,1189,2156,148,3
-9125,11163,12427,-1221,-95,1662,3
-9125,11163,12427,-1221,-95,1662,3
-7589,10907,12317,-1907,-543,1667,3
-5944,10340,12194,-2191,-800,1850,3
-4391,9013,12015,-2233,-987,2142,3
-3000,6860,11725,-1999,-1089,2360,3
-1856,4978,11215,-1434,-1053,2414,3
-1339,3748,10285,-874,-979,2394,3
-1407,2572,9241,-474,-905,2040,3
-1237,1498,8539,-313,-834,1317,3
-1012,1563,8166,-370,-697,695,3
-964,2646,7969,-467,-549,403,3
-1004,3536,7715,-501,-457,308,3
-1043,3168,7616,-512,-421,96,3
-897,2464,7665,-539,-346,-165,3
-869,2922,7871,-461,-169,-213,3
-786,3685,8079,-304,-23,-170,3
-962,4064,8159,-132,54,-109,3
-1295,4139,8320,37,139,-24,3
-1364,4336,8527,174,233,90,3
-1412,4660,8685,273,285,207,3
-1698,4941,8786,366,298,309,3
-1981,4905,9018,435,311,369,3
-2066,4841,9198,472,303,338,3
-2213,4873,9220,507,247,297,3
-2280,4983,9149,513,173,298,3
-2281,5130,9057,500,133,298,3
-2288,5298,8973,489,134,260,3
-2255,5400,8915,373,96,221,3
-2214,5375,8807,168,4,190,3
-2158,5232,8637,33,-68,179,3
-2055,5043,8439,22,-90,194,3
-2135,4910,8209,75,-89,190,3
-2194,4738,8103,120,-89,165,3
-2023,4707,8096,127,-71,170,3
-1947,4723,8060,109,-58,204,3
-1998,4441,8030,116,-41,176,3
-1787,4355,8250,94,1,29,3
-1787,4355,8250,94,1,29,3
-1674,4591,8292,47,-6,15,3
-1511,4790,8320,5,-12,50,3
-1429,4842,8259,-13,-26,118,3
-1371,4676,8129,-16,-43,194,3
-1326,4063,7945,-23,-44,160,3
-1716,3611,7911,-27,-14,-7,3
-1891,3889,8117,-62,29,-125,3
-1755,4532,8420,-46,69,-151,3
-1699,5093,8667,24,96,-134,3
-1677,5390,8711,55,88,-66,3
-1652,5316,8692,53,52,8,3
-1528,4929,8614,33,12,21,3
-1522,4711,8476,-2,-24,-5,3
-1583,4721,8236,-31,-46,-21,3
-1726,4656,8039,-31,-49,-45,3
-1679,4619,7977,-25,-19,-57,3
-1744,4686,8081,-20,33,-59,3
-1884,4750,8299,-20,70,-96,3
-1996,4965,8541,-7,85,-112,3
-2008,5231,8723,34,84,-92,3
-1947,5414,8767,51,66,-54,3
-1920,5484,8784,41,27,-3,3
-1847,5409,8747,52,1,64,3
-1798,5213,8662,55,-21,124,3
-1733,4771,8522,23,-50,125,3
-1741,4406,8352,-7,-63,47,3
-1836,4364,8251,-56,-74,-51,3
-1822,4486,8261,-83,-70,-125,3
-1781,4746,8293,-66,-58,-148,3
-1760,4987,8342,-21,-42,-120,3
-1734,5141,8367,11,-27,-78,3
-1703,5238,8367,32,-27,-25,3
-1659,5230,8347,51,-41,59,3
-1593,5078,8241,57,-51,142,3
-1521,4701,8124,4,-65,148,3
-1581,4312,8025,-90,-76,75,3
-1747,4240,8038,-105,-45,-11,3
-1808,4398,8147,-88,-1,-79,3
-1836,4601,8290,-90,14,-135,3
-1844,4860,8396,-99,3,-174,3
-1787,5057,8485,-105,-18,-161,3
-1757,5229,8466,41,-26,110,3
-1826,4454,8327,-87,6,-115,3
-1826,4454,8327,-87,6,-115,3
-1807,4719,8438,-79,28,-152,3
-1726,4938,8561,-54,42,-129,3
-1683,4919,8609,-33,39,-108,3
-1719,4884,8553,-13,34,-94,3
-1798,4837,8475,36,43,-60,3
-1837,4734,8457,100,79,-52,3
-1844,4707,8452,119,114,-122,3
-1916,4818,8528,115,145,-217,3
-1984,4958,8658,108,183,-307,3
-2083,5124,8792,117,221,-369,3
-2114,5176,8955,143,254,-430,3
-2254,5308,9120,170,272,-492,3
-2396,5534,9265,170,246,-515,3
-2581,5851,9469,130,144,-368,3
-2581,5851,9469,130,144,-368,3
-2578,5682,9555,150,105,-275,3
-2621,5393,9563,197,68,-274,3
-2754,5326,9571,168,25,-303,3
-2867,5127,9634,103,-42,-374,3
-2909,5002,9652,108,-78,-555,3
-3232,5432,9580,137,-77,-661,3
-3533,5960,9683,123,-90,-719,3
-3697,6651,10021,110,-123,-676,3
-3797,7828,10583,229,-148,-560,3
-4322,9449,11560,423,-214,-428,3
-5157,11540,13087,518,-395,-302,3
-6526,13713,15036,596,-763,-140,3
-8622,14988,16876,685,-1284,372,3
-10400,16852,18092,777,-2045,1476,3
-11310,19695,19459,632,-3312,3100,3
-12681,22176,20965,361,-4983,5527,3
-25623,11933,9122,1629,-9705,17453,3
-25623,11933,9122,1629,-9705,17453,3
-9838,-17011,-1564,3796,-4403,17453,3
-9838,-17011,-1564,3796,-4403,17453,3
-5620,-21200,-3128,2885,-2860,16227,3
-2740,-22922,-1523,2060,-1522,12862,3
-1331,-19305,-385,1295,-698,8213,3
-2709,-12487,62,217,-405,3639,3
-3968,-8224,614,-1418,-578,647,3
-4448,-5940,647,-2496,-778,-117,3
-4729,-5017,168,-2085,-382,387,3
-4106,-5488,177,-851,402,1094,3
-2852,-6265,521,-56,784,1739,3
-1272,-7844,811,303,821,1985,3
-259,-8992,1344,575,809,1787,3
717,-9595,1976,733,798,1300,3
1958,-9392,2631,728,742,766,3
3124,-8548,3220,630,682,294,3
4297,-7655,3743,473,644,-87,3
5286,-6894,4216,307,634,-360,3
6001,-6270,4767,171,638,-542,3
6440,-5695,5348,86,602,-625,3
6623,-5424,5831,31,538,-617,3
6514,-5462,6237,20,449,-576,3
6075,-5685,6451,59,337,-552,3
5297,-6146,6380,100,213,-540,3
4401,-6786,6089,117,82,-545,3
3368,-7558,5602,151,-40,-602,3
2306,-8531,4941,215,-92,-754,3
1347,-9356,4211,269,-60,-1026,3
594,-10055,3527,253,0,-1462,3
357,-11147,2809,144,100,-2188,3
185,-12036,2235,-9,256,-3264,3
-8,-12420,2008,-267,402,-4634,3
-356,-12354,1954,-667,505,-6226,3
-1060,-11815,1907,-1061,623,-7772,3
-1911,-11402,1763,-1277,793,-9194,3
-2673,-11287,1309,-1397,972,-10532,3
-3359,-11269,418,-1417,1216,-11860,3
-4098,-10902,-228,-1332,1568,-13227,3
-11534,-5002,718,-1163,3583,-16827,3
-15378,-38,1634,-504,4563,-16921,3
-18022,5373,2968,-142,5171,-16306,3
-17435,15575,5581,106,5864,-12482,3
-14429,18611,8655,-543,5715,-11050,3
-10206,23472,14178,-1244,5309,-9838,3
-6124,27090,18501,-1336,4465,-8737,3
-6313,25660,16854,-724,3033,-7183,3
-9681,21008,13776,-199,1677,-4758,3
-10370,16355,12852,308,1289,-1966,3
-9866,14369,12324,1026,1306,396,3
-9441,12593,11097,1418,1149,1599,3
-8300,11277,9876,1212,985,1818,3
-7149,10701,9347,776,865,1619,3
-6284,9821,9362,356,750,1038,3
-5661,9624,9496,-61,567,408,3
-4763,9853,9708,-520,297,47,3
-4763,9853,9708,-520,297,47,3
-3733,9883,9844,-841,42,-19,3
-2898,9616,9700,-937,-147,156,3
-2263,8967,9273,-920,-291,482,3
-1869,8175,8710,-933,-432,836,3
-1993,7228,8042,-1010,-562,1110,3
-2148,5952,7557,-1205,-677,1144,3
-1895,5007,7325,-1425,-718,982,3
-1483,4392,7176,-1390,-592,691,3
-1680,4218,7067,-994,-325,340,3
-1829,4636,7116,-571,-52,102,3
-1586,5469,7340,-349,121,31,3
-1356,6020,7670,-241,193,31,3
-1358,6258,7964,-127,263,72,3
-1483,6308,8170,-10,323,175,3
-1539,6135,8280,58,342,284,3
-1590,5686,8308,-2,292,290,3
-1915,5235,8339,-175,178,160,3
-2237,5344,8384,-306,90,66,3
-2302,5570,8475,-321,62,34,3
-2310,5384,8452,-299,38,-53,3
-2539,5573,8196,-470,-134,-377,3
-2539,5573,8196,-470,-134,-377,3
-2428,6166,8174,-510,-158,-360,3
-2275,6508,8180,-423,-130,-245,3
-2247,6535,8163,-288,-104,-84,3
-2231,6393,8066,-165,-99,84,3
-2294,6214,7890,-49,-94,250,3
-2360,6059,7744,66,-58,388,3
-2372,5854,7661,127,-14,485,3
-2387,5378,7631,109,9,460,3
-2407,5001,7673,58,24,317,3
-2376,5141,7774,1,28,199,3
-2310,5294,7849,-66,0,137,3
-2254,5124,7852,-121,-43,83,3
-2073,5348,7573,-132,-84,-26,3
-2073,5348,7573,-132,-84,-26,3
-2018,5576,7586,-110,-46,10,3
-1976,5642,7616,-75,-17,68,3
-2026,5516,7642,-47,4,113,3
-2019,5257,7764,-35,35,100,3
-2071,5141,7931,-4,72,34,3
-2114,5294,8080,18,73,-33,3
-2056,5509,8130,-11,34,-54,3
-2004,5640,8054,-33,-11,-22,3
-1945,5596,7932,-20,-39,37,3
-1850,5334,7743,-58,-57,31,3
-1856,5156,7682,-162,-86,-53,3
-1867,5259,7684,-200,-84,-103,3
-1977,5757,7711,-90,-14,-38,3
-1951,5766,7767,-48,5,55,3
-2068,5904,7983,18,38,-36,3
-2084,6097,7996,22,27,17,3
-2093,5977,7965,13,9,72,3
-2094,5723,7944,-1,-4,74,3
-2012,5569,7933,13,-10,53,3
-1971,5603,7922,32,-13,76,3
-1892,5450,7938,26,-23,70,3
-1871,5290,7899,14,-36,26,3
-1954,5333,7873,16,-37,7,3
-1890,5199,7879,29,-25,-33,3
-1942,5280,7869,16,-27,-85,3
-2065,5492,7909,-41,-71,-98,3
-2050,5558,7898,-66,-109,-58,3
-1938,5554,7883,-31,-110,-4,3
-1849,5433,7905,-6,-94,-13,3
-1879,5444,7884,-11,-93,-30,3
-1879,5522,7828,-30,-103,-7,3
-1861,5484,7740,-26,-99,34,3
-1868,5256,7695,-6,-81,36,3
-1813,5066,7676,-5,-64,9,3
-1799,5030,7629,-32,-61,-25,3
-1874,5033,7594,-55,-59,-72,3
-1930,5099,7617,-39,-27,-111,3
-1999,5265,7701,-10,13,-159,3
-2110,5567,7852,-7,40,-177,3
-2172,5812,7988,-20,47,-141,3
-2114,5802,8078,-15,41,-88,3
-2062,5715,8067,-12,26,-60,3
-2053,5576,8007,-38,1,-62,3
-2136,5512,7996,-63,-19,-67,3
-2100,5444,7995,-54,-11,-69,3
-2027,5268,7988,-49,1,-118,3
-2036,5162,8025,-90,-7,-186,3
-2065,5193,8065,-147,-28,-257,3
-2148,5335,8074,-180,-35,-301,3
-2202,5390,8099,-163,-15,-318,3
-2199,5367,8203,-138,15,-365,3
-2244,5396,8326,-168,35,-443,3
-2324,5399,8461,-260,23,-570,3
-2638,5124,8960,-460,39,-982,3
-3095,5129,9401,-610,62,-1320,3
-3981,4987,10334,-839,45,-1724,3
-5473,5457,11803,-1000,38,-2067,3
-8097,9004,16801,-1845,-463,-2280,3
-9012,10758,19823,-2290,-1333,-2090,3
-10470,10890,22609,-2246,-2626,-1621,3
-12006,10058,24456,-1934,-4133,-842,3
-12006,10058,24456,-1934,-4133,-842,3
-12731,9143,25534,-1716,-5817,-7,3
-12908,7987,26601,-1837,-7504,509,3
-13283,8029,27222,-2224,-9181,681,3
-13593,8966,26704,-2696,-10867,721,3
-13826,9396,25512,-3195,-12399,944,3
-13798,8971,23301,-3407,-13891,1351,3
-13108,7972,19305,-3086,-15102,1755,3
-12153,7291,13435,-2538,-15631,2231,3
-11187,6427,7588,-2199,-15553,2835,3
-9824,5418,2329,-2467,-14938,3432,3
-9019,4290,-1664,-3107,-13863,3715,3
-8415,2316,-5619,-3607,-12663,3530,3
-7263,164,-10425,-3512,-11392,3115,3
-6925,-1951,-15348,-2864,-9951,2710,3
-5468,-4328,-19052,-1932,-8421,2130,3
-4268,-4291,-23631,-627,-6661,1524,3
-3526,-2260,-27723,624,-4792,769,3
4000,3334,-7485,-1806,-223,1363,3
4000,3334,-7485,-1806,-223,1363,3
6456,226,-3271,-2183,-195,2012,3
11327,-8109,2964,-123,468,1590,3
11327,-8109,2964,-123,468,1590,3
11605,-7704,1788,183,525,778,3
11339,-5795,347,316,622,-14,3
10729,-3781,-876,349,778,-493,3
9956,-2845,-1729,248,957,-700,3
9317,-2545,-2294,-18,1095,-713,3
8966,-2457,-2766,-355,1169,-665,3
8807,-2420,-3073,-649,1221,-654,3
8696,-2491,-3096,-820,1323,-702,3
8498,-2636,-3106,-827,1457,-819,3
8280,-2385,-3251,-772,1592,-949,3
8071,-1777,-3408,-692,1755,-1089,3
7739,-1004,-3687,-518,1959,-1237,3
7275,-169,-4107,-265,2203,-1370,3
6723,853,-4619,-26,2462,-1408,3
6100,1948,-5112,129,2716,-1316,3
5448,2741,-5571,118,3048,-1088,3
4919,3076,-6057,62,3333,-821,3
4121,2212,-7831,469,3846,-444,3
3903,1363,-9336,754,4411,-108,3
3772,408,-11176,1284,5389,409,3
3335,-354,-12432,1833,6841,853,3
1841,-1193,-12281,2271,8618,813,3
-690,-1355,-10137,2654,10541,378,3
-3879,-763,-7058,3373,12552,-274,3
-8414,961,-3786,4710,14467,-1141,3
-13508,3858,-98,5796,15796,-1749,3
-17471,6314,4368,5948,16537,-2009,3
-19765,7780,9647,5421,16762,-1832,3
-20517,8807,15024,5142,16394,-1327,3
-20237,10193,20071,5450,15435,-727,3
-19617,11183,24406,5838,13777,114,3
-18830,11079,27231,5748,11177,916,3
-16899,9683,27236,4848,8045,1172,3
-14697,8016,25364,3060,4968,1058,3
-12556,6621,22874,888,2216,612,3
-10976,6013,19876,-841,7,-136,3
-10090,6605,16745,-1926,-1527,-808,3
-8942,7203,13994,-2547,-2443,-1259,3
-7484,7971,11582,-2657,-2810,-1352,3
-6073,8286,9543,-2331,-2692,-1046,3
-4824,7559,8693,-1798,-2166,-470,3
-3586,6508,8863,-1158,-1440,199,3
-2780,5656,9164,-512,-801,766,3
-2494,4772,9141,18,-367,1100,3
-2282,3725,8946,369,-93,1075,3
-2175,3432,8815,553,103,955,3
-2138,3714,8851,621,209,939,3
-2106,4082,8727,619,173,1058,3
-2486,4065,8309,570,69,1237,3
-2618,3116,8126,503,40,1198,3
-2387,2499,8194,365,67,959,3
-2314,2772,8391,145,43,691,3
-2194,3436,8473,-98,-37,508,3
-2023,4024,8364,-282,-133,458,3
-2202,4306,8049,-351,-203,579,3
-2731,4387,7762,-314,-191,794,3
-2913,4259,7842,-220,-59,1011,3
-2809,3815,8153,99,200,1144,3
-2745,3132,8600,485,519,994,3
-2853,2782,9186,576,651,502,3
-3122,3026,9702,464,608,26,3
-3211,3905,10059,429,532,-239,3
-3184,5092,10283,458,436,-291,3
-3168,5774,10344,392,265,-191,3
-2919,5758,10167,221,40,-16,3
-2745,5340,9689,41,-158,152,3
-2735,4765,9152,-66,-286,268,3
-2869,4084,8730,-112,-331,296,3
-2924,3760,8518,-95,-304,211,3
-2916,3946,8498,-78,-235,111,3
-2827,4212,8600,-70,-189,35,3
-2736,4386,8711,-7,-168,-15,3
-2634,4525,8746,93,-155,-14,3
-2531,4638,8672,167,-150,46,3
-2400,4527,8566,193,-167,107,3
-2366,4425,8406,204,-187,159,3
-2438,4460,8227,212,-199,226,3
-2438,4460,8227,212,-199,226,3
-2521,4393,8075,207,-208,276,3
-2444,4012,7999,158,-196,236,3
-2349,3799,8036,67,-170,124,3
-2370,3846,8128,12,-139,-24,3
-2444,4212,8254,-14,-112,-125,3
-2397,4653,8371,-55,-123,-125,3
-2279,4781,8350,-69,-145,-59,3
-2244,4722,8220,-51,-149,14,3
-2220,4678,8101,-51,-139,93,3
-2217,4595,7989,-64,-120,178,3
-2248,4175,7884,-69,-80,207,3
-2365,3533,8006,-90,-18,43,3
-2576,3627,8364,-110,33,-132,3
-2600,4320,8734,-96,45,-165,3
-2543,4812,8917,-45,27,-117,3
-2481,4972,8968,0,-7,-19,3
-2391,4889,8910,22,-43,82,3
-2276,4484,8748,39,-73,133,3
-2201,4096,8549,58,-85,107,3
-2203,4107,8360,59,-95,74,3
-2194,4063,8208,34,-98,55,3
-2244,3997,8136,9,-80,22,3
-2309,4014,8142,-2,-47,-5,3
-2262,4121,8245,-5,-13,-35,3
-2247,4265,8352,9,12,-66,3
-2330,4417,8394,34,19,-68,3
-2351,4458,8450,62,22,-58,3
-2394,4588,8546,74,13,-28,3
-2394,4660,8555,58,-14,3,3
-2461,4619,8555,22,-34,33,3
-2426,4382,8615,-11,-42,32,3
-2332,4175,8680,-23,-50,-19,3
-2291,4362,8640,-14,-62,-56,3
-2221,4500,8546,-14,-83,-70,3
-2141,4443,8396,-18,-94,-67,3
-2102,4364,8249,-5,-82,-52,3
-2074,4355,8156,-5,-58,-43,3
-2086,4424,8148,-19,-28,-30,3
-2182,4476,8165,-17,-1,3,3
-2305,4432,8237,-8,18,33,3
-2351,4403,8358,-6,39,53,3
-2365,4404,8552,7,56,42,3
-2411,4394,8673,27,59,11,3
-2452,4356,8772,22,36,-33,3
-2427,4444,8792,15,1,-54,3
-2360,4591,8755,14,-27,-47,3
-2264,4611,8661,10,-51,-28,3
-2211,4517,8509,-6,-72,-4,3
-2148,4351,8352,-27,-76,5,3
-2154,4235,8248,-37,-69,4,3
-2157,4149,8215,-22,-41,-9,3
-2221,4101,8256,-8,0,-53,3
-2292,4213,8411,-41,28,-103,3
-2381,4386,8588,-59,48,-135,3
-2468,4510,8759,-23,64,-134,3
-2488,4665,8810,26,65,-106,3
-2521,4738,8830,22,49,-76,3
-2498,4813,8913,-9,41,-47,3
-2488,4757,8936,-15,42,-30,3
-2537,4602,8959,-6,42,-46,3
-2543,4559,9007,-9,49,-67,3
-2541,4527,9057,-22,51,-104,3
-2590,4589,9098,-33,58,-149,3
-2616,4805,9170,-52,72,-176,3
-2681,4994,9259,-76,80,-171,3
-2846,5042,9367,-53,92,-161,3
-3014,5111,9519,6,90,-168,3
-3379,5287,9642,78,94,-142,3
-3820,5414,9912,128,111,-146,3
-4365,5717,10410,168,107,-166,3
-5105,6083,11066,250,89,-174,3
-6207,6081,12411,311,32,-200,3
-7271,6402,14869,189,-162,-202,3
-8299,7514,18459,-88,-718,-171,3
-9834,8651,22992,-428,-1878,-145,3
-11803,9340,27786,-942,-3710,-69,3
-14268,9223,31543,-1804,-6160,116,3
-16914,8593,-32618,-2744,-9189,354,3
-17771,7867,31660,-3645,-12394,570,3
-16990,10325,26979,-4247,-14835,706,3
-17062,13768,20826,-4684,-16152,733,3
-15660,14535,15693,-4947,-16834,973,3
-13225,13576,9846,-4602,-17046,1839,3
-10331,11708,2138,-3634,-16571,2997,3
-7586,8463,-5429,-2693,-15075,4217,3
-2144,-7052,-13113,-894,-6502,1529,3
-2144,-7052,-13113,-894,-6502,1529,3
-1546,-4547,-16700,454,-5193,691,3
-1231,-1221,-19659,1258,-3961,52,3
-969,1559,-21231,1337,-2964,-300,3
-470,3808,-22173,1004,-2127,-139,3
584,4288,-20404,250,-1311,487,3
2309,2347,-15730,-810,-726,1275,3
4119,-739,-10398,-1457,-276,1815,3
5916,-3228,-5583,-1725,38,1942,3
7526,-4739,-2103,-1657,252,1788,3
10643,-3325,421,213,824,-348,3
10643,-3325,421,213,824,-348,3
9958,-3171,-543,102,870,-524,3
9354,-3123,-1502,-128,947,-653,3
8792,-2966,-2345,-415,1073,-800,3
8159,-2768,-3002,-648,1227,-941,3
7793,-2320,-3515,-860,1360,-998,3
7476,-1557,-3980,-1046,1492,-1002,3
7156,-925,-4332,-1178,1647,-1036,3
6174,183,-4695,-1164,2143,-1128,3
6301,620,-4811,-1173,2513,-1294,3
5959,1027,-5585,-1013,2722,-1254,3
5393,1101,-7069,-420,3013,-1175,3
5177,653,-9196,547,3590,-981,3
4740,5,-11405,1636,4481,-555,3
4128,-624,-12710,2375,5645,-228,3
2695,-1222,-13030,2872,7089,-158,3
1101,-1565,-12427,3111,8708,-403,3
-658,-1266,-10547,3270,10256,-953,3
-3604,-28,-7711,3606,11858,-1719,3
-7702,2347,-3776,3747,13404,-2475,3
-12003,4586,847,3690,14613,-3052,3
-15874,5388,5772,3778,15740,-3319,3
-18541,6179,10836,4220,16570,-2999,3
-19440,7974,16531,4644,16647,-2231,3
-19467,9646,24282,4056,15589,-1346,3
-18875,10065,31991,2435,13033,-673,3
-17891,8171,-29620,423,8945,-211,3
-15980,4296,-31932,-1262,4002,55,3
-13641,1502,26989,-2246,-72,-274,3
-11388,1610,21238,-2992,-2246,-1134,3
-9271,4264,17546,-3611,-3171,-1810,3
-6902,6732,14317,-3580,-3711,-1774,3
-4240,6931,10980,-2961,-3924,-1175,3
-2111,5278,8473,-2144,-3425,-182,3
-647,2840,7749,-1504,-2342,712,3
243,1230,8162,-880,-1159,1347,3
391,685,8661,-166,-240,1783,3
-20,120,8741,637,369,1928,3
-547,-416,8855,1311,792,1677,3
-755,-293,9180,1537,1112,1362,3
-834,67,9676,1540,1235,1064,3
-1037,513,10030,1642,1170,813,3
-1176,1042,10235,1811,1081,752,3
-1181,1782,10255,1940,1020,816,3
-1289,2415,10209,1952,941,904,3
-1519,2703,10209,1851,885,975,3
-1638,2895,10243,1596,853,1022,3
-1665,2748,10249,1185,738,920,3
-1838,2258,10320,749,575,607,3
-2001,2116,10521,465,500,290,3
-2123,2499,10717,454,485,69,3
-2175,3567,10531,703,162,1,3
-1801,3714,9859,324,-92,243,3
-1801,3714,9859,324,-92,243,3
-1810,3397,9736,151,-202,148,3
-1901,3281,9444,44,-304,55,3
-1986,3226,9153,-4,-364,18,3
-1934,3289,8977,4,-359,36,3
-1776,3493,8886,55,-313,82,3
-1759,3617,8812,111,-264,108,3
-1874,3688,8839,141,-205,112,3
-1725,3827,9132,254,-41,229,3
-1725,3827,9132,254,-41,229,3
-1631,3539,9161,236,-46,224,3
-1618,3305,9126,164,-79,168,3
-1671,3319,9058,50,-134,108,3
-1647,3354,8992,-18,-169,95,3
-1634,3298,8876,-17,-170,100,3
-1650,3192,8838,-14,-155,49,3
-1643,3426,8886,-62,-155,13,3
-1568,3715,8928,-90,-167,23,3
-1520,3725,8893,-81,-190,43,3
-1588,3684,8795,-69,-206,83,3
-1467,3742,8737,-53,-174,153,3
-1330,3538,8767,0,-112,196,3
-1406,3123,8749,98,-27,104,3
-1585,3537,9198,87,57,-14,3
-1585,3537,9198,87,57,-14,3
-1505,3737,9378,129,64,19,3
-1465,3496,9397,158,41,-6,3
-1459,3347,9337,93,-24,-50,3
-1413,3492,9237,13,-86,-43,3
-1363,3656,9083,-12,-120,-20,3
-1380,3669,8928,-27,-146,17,3
-1324,3653,8824,-44,-157,86,3
-1267,3120,8725,19,-91,118,3
-1403,2984,8735,23,-41,-23,3
-1498,3478,8888,27,6,-85,3
-1478,3957,9016,52,26,-43,3
-1432,3895,9002,70,10,8,3
-1520,3671,8909,72,1,35,3
-1540,3707,8973,87,29,64,3
-1460,3791,9104,112,51,102,3
-1368,3620,9203,133,47,103,3
-1361,3510,9144,158,42,84,3
-1417,3492,9016,163,36,68,3
-1417,3492,9016,163,36,68,3
-1455,3488,8971,126,28,51,3
-1416,3469,8952,66,22,24,3
-1383,3500,8980,18,11,0,3
-1430,3635,8948,-3,-6,-11,3
-1540,3665,8897,-14,-17,-9,3
-1553,3668,8960,-22,-21,-9,3
-1533,3761,9055,-13,-17,-9,3
-1483,3815,9130,10,-7,7,3
-1448,3732,9143,35,-14,6,3
-1418,3695,9109,66,-23,20,3
-1470,3687,8827,-33,-11,-39,3
-1470,3687,8827,-33,-11,-39,3
-1513,3676,8943,-36,3,-48,3
-1513,3800,9056,-25,9,-27,3
-1523,3917,9091,23,20,11,3
-1619,3921,9142,55,18,47,3
-1529,3769,9156,51,-14,57,3
-1543,3741,9069,54,-28,70,3
-1563,3751,9071,68,-14,83,3
-1507,3551,9129,45,-10,58,3
-1495,3659,9203,-5,-24,-50,3
-1495,3659,9203,-5,-24,-50,3
-1389,3750,9112,-28,-50,-38,3
-1355,3646,8945,-52,-69,-37,3
-1398,3581,8885,-49,-61,-31,3
-1398,3599,8887,-24,-44,-22,3
-1399,3708,8929,11,-27,2,3
-1385,3761,8980,36,-8,29,3
-1438,3672,9013,33,-3,26,3
-1488,3606,9041,43,5,23,3
-1452,3618,9075,69,22,18,3
-1422,3557,9113,61,21,-6,3
-1388,3578,9126,24,-2,-29,3
-1362,3634,9123,-1,-22,-42,3
-1343,3656,9064,-21,-44,-37,3
-1290,3602,8953,-36,-59,-22,3
-1296,3421,8826,-35,-55,-28,3
-1359,3347,8733,-38,-46,-62,3
-1394,3390,8791,-51,-27,-103,3
-1466,3535,8940,-23,10,-127,3
-1519,3683,9061,19,47,-141,3
-1551,3799,9153,47,59,-140,3
-1533,3790,9177,79,60,-122,3
-1515,3733,9185,148,80,-109,3
-1537,3654,9129,198,101,-124,3
-1580,3496,9125,169,103,-196,3
-1664,3306,9223,128,122,-330,3
-1716,3076,9316,113,164,-537,3
-1898,2980,9391,104,206,-822,3
-2242,3045,9502,124,269,-1167,3
-2649,3900,9765,227,332,-1465,3
-2909,5249,10676,525,258,-1501,3
-3590,6656,12058,1284,134,-1175,3
-4757,8399,13670,2250,46,-634,3
-5529,10805,15146,2965,-169,-42,3
-5686,13369,16058,3620,-693,605,3
-6331,15347,17210,4206,-1341,1585,3
-7759,16515,17514,4563,-2002,3039,3
-8655,18684,17529,4505,-2922,5202,3
-13773,22224,14735,4742,-5335,15743,3
-13773,22224,14735,4742,-5335,15743,3
-14559,15927,11690,4523,-6004,17453,3
-12182,12288,9197,4604,-5706,17453,3
-9088,10788,8670,4684,-5026,17453,3
-7759,7699,7446,4300,-4555,17453,3
-6267,3687,5603,3386,-4089,17453,3
-5178,-1296,2982,2763,-3342,17453,3
-4847,-7781,1042,2850,-2052,16994,3
-3615,-13306,729,2911,-721,14513,3
-2100,-14863,1435,2553,96,11902,3
-1065,-13712,2649,1755,388,9061,3
-1187,-10965,3397,703,259,6766,3
-1224,-8138,3312,-11,186,5397,3
-826,-5533,2193,2,347,4217,3
-1422,-6063,1598,246,508,3681,3
-2168,-7059,1740,475,678,3139,3
-2648,-7417,2117,683,847,2676,3
-2627,-8660,2699,677,1026,2180,3
-2730,-10181,3283,572,1187,1604,3
-2515,-11059,4014,372,1263,990,3
-2024,-11281,4546,133,1222,294,3
-1689,-10697,4956,-75,1073,-463,3
-1336,-9835,5077,-298,836,-1111,3
-848,-9214,5014,-494,576,-1638,3
-498,-8626,4616,-605,331,-2041,3
-39,-8133,4039,-573,216,-2328,3
411,-7737,3583,-469,233,-2527,3
780,-7591,3247,-395,338,-2696,3
934,-7569,2901,-342,508,-2893,3
756,-7717,2672,-282,732,-3197,3
312,-8312,2692,-270,959,-3662,3
-126,-9547,2783,-285,1114,-4536,3
-616,-10537,2712,-518,1138,-5989,3
-955,-11338,2194,-1049,1091,-7820,3
-1838,-11968,1294,-1475,1145,-9718,3
-2929,-12579,296,-1588,1466,-11525,3
-4497,-12421,-889,-1490,2038,-13143,3
-6001,-12572,-1424,-1324,2719,-14667,3
-7224,-12622,-1219,-1228,3475,-16337,3
-11119,-10300,-550,-1030,4310,-17453,3
-11119,-10300,-550,-1030,4310,-17453,3
-17645,-4602,938,-746,5162,-17453,3
-23751,3000,2925,-265,5921,-17453,3
-2687,8445,10386,-1023,-532,1676,3
-2687,8445,10386,-1023,-532,1676,3
-2116,7448,9816,-826,-646,2009,3
-778,3555,8004,-1253,-968,1208,3
-778,3555,8004,-1253,-968,1208,3
-604,4199,7743,-1273,-944,1082,3
-506,4829,7458,-1300,-925,1155,3
-460,4850,7059,-1294,-893,1373,3
-472,3990,6520,-1202,-814,1482,3
-640,2937,6171,-918,-598,1267,3
-681,2808,6008,-548,-259,914,3
-875,3299,6176,-238,75,529,3
-968,3363,6756,-78,344,-7,3
-1231,3826,7411,-27,521,-554,3
-1412,4848,8104,25,614,-789,3
-1352,5965,8668,170,650,-729,3
-1319,6782,9065,361,635,-536,3
-1395,7185,9208,480,554,-289,3
-1490,7106,9113,480,420,4,3
-1640,6660,8849,437,286,245,3
-1909,6165,8540,404,211,389,3
-2183,5739,8395,326,196,395,3
-2359,5567,8390,192,185,248,3
-2466,5654,8520,53,166,71,3
-2542,5965,8746,6,134,-58,3
-2292,6191,8894,30,75,-134,3
-2045,6414,8855,29,6,-120,3
-1886,6494,8745,-10,-71,-42,3
-1758,6239,8540,-24,-142,50,3
-1723,5830,8310,2,-187,157,3
-1667,5265,8099,58,-194,220,3
-1781,4811,7856,158,-156,158,3
-1762,4747,7747,151,-120,50,3
-1606,5053,7746,14,-131,1,3
-1500,5224,7762,-67,-136,-3,3
-1452,4987,7704,-60,-129,-68,3
-1431,4865,7604,-39,-123,-146,3
-1385,5108,7515,-41,-112,-146,3
-1309,5473,7492,-42,-74,-107,3
-1324,5649,7613,-46,-20,-50,3
-1619,5458,8078,-45,9,75,3
-1594,5528,8079,-25,11,98,3
-1467,5280,8062,-16,13,42,3
-1520,5263,8038,-23,21,-75,3
-1538,5473,8114,-94,1,-139,3
-1412,5646,8168,-150,-30,-142,3
-1333,5588,8199,-149,-45,-116,3
-1282,5394,8171,-170,-64,-108,3
-1314,5245,8096,-198,-96,-102,3
-1358,5126,8018,-170,-102,-88,3
-1482,5019,7934,-101,-91,-103,3
-1613,5002,7946,-57,-83,-150,3
-1709,5128,8080,-45,-78,-179,3
-1686,5205,8190,-15,-78,-238,3
-1720,5377,8226,-14,-104,-322,3
-1680,5606,8225,-62,-150,-348,3
-1631,5770,8227,-84,-177,-314,3
-1547,5571,8181,-68,-183,-278,3
-1521,5212,8055,-34,-184,-280,3
-1551,5122,7846,-17,-184,-279,3
-1596,5128,7682,-19,-178,-255,3
-1716,4980,7641,-24,-156,-249,3
-1772,4683,7685,-13,-119,-317,3
-1770,4823,7789,-6,-94,-402,3
-1717,5282,7877,-27,-83,-430,3
-1679,5509,7995,-29,-73,-412,3
-1626,5571,8059,0,-58,-339,3
-1593,5463,8038,13,-62,-239,3
-1631,5126,7903,-17,-80,-185,3
-1644,4416,7877,-127,-64,-303,3
-1732,4344,8004,-93,-3,-451,3
-1805,4600,8203,-53,48,-568,3
-2069,5379,8373,-14,88,-820,3
-2177,5779,8382,68,117,-781,3
-2348,6155,8429,168,144,-678,3
-2464,6324,8528,287,167,-538,3
-2395,6213,8662,383,181,-430,3
-2430,6014,8778,431,184,-394,3
-2376,5691,8900,372,160,-476,3
-2376,5691,8900,372,160,-476,3
-2420,5604,9049,196,84,-625,3
-2565,5915,9110,67,21,-686,3
-2633,6147,9152,44,-15,-639,3
-2651,6132,9182,39,-64,-496,3
-2748,5923,9141,35,-147,-342,3
-2721,5407,9058,7,-240,-282,3
-2834,5249,8978,30,-249,-340,3
-3016,5521,9053,62,-204,-414,3
-3132,5698,9274,52,-183,-494,3
-3355,5876,9451,63,-206,-560,3
-3671,6385,9572,175,-242,-552,3
-4010,7460,9828,344,-282,-449,3
-4321,8854,10563,557,-355,-289,3
-4853,10424,12071,909,-533,-32,3
-5640,12578,13722,1255,-825,372,3
-6537,15170,15150,1410,-1349,975,3
-7941,17462,15926,1251,-2232,2048,3
-9194,18737,16630,679,-3512,3772,3
-10813,22109,18030,339,-4987,6212,3
-15006,10067,9733,5222,-8521,17453,3
-15006,10067,9733,5222,-8521,17453,3
-10944,7271,8765,6483,-7178,17453,3
-9347,5425,7798,6337,-6144,17453,3
-8937,2097,5789,5442,-4946,17453,3
-8899,-2138,1939,4470,-3350,17149,3
-8945,-8364,-969,3971,-1573,15121,3
-8734,-13925,-1047,3723,241,13151,3
-8196,-17162,450,3138,1732,11049,3
-7847,-17830,2332,2255,2542,8616,3
-7543,-16824,4808,1113,2538,6107,3
-7273,-13672,5127,-159,1954,4071,3
-7422,-10891,5001,-888,1466,2588,3
-6035,-8523,5033,-587,1062,15,3
-6035,-8523,5033,-587,1062,15,3
-4369,-8020,5486,-308,1050,-379,3
-2837,-8014,5211,-86,983,-640,3
-1425,-8238,5084,-104,873,-809,3
94,-8278,5102,-199,753,-979,3
1368,-8341,4810,-296,662,-1268,3
2018,-8438,4820,-457,593,-1694,3
2397,-7958,5150,-596,478,-2001,3
2909,-7326,5389,-549,473,-2185,3
3156,-7198,5613,-590,396,-2413,3
2931,-7488,5333,-584,285,-2758,3
2361,-7307,4792,-473,209,-3141,3
1769,-7194,4280,-402,167,-3527,3
937,-7421,3790,-347,196,-3864,3
114,-7705,3278,-287,271,-4104,3
-507,-7790,2821,-183,338,-4297,3
-815,-8164,2358,-126,387,-4594,3
-566,-9292,1977,-218,417,-5286,3
-499,-10540,1634,-474,449,-6538,3
-854,-11180,1380,-691,598,-8145,3
-1664,-11485,911,-729,910,-9861,3
-3105,-11925,57,-760,1280,-11468,3
-4841,-11577,-579,-765,1742,-12732,3
-6073,-10787,-567,-974,2188,-13660,3
-7561,-9828,-234,-906,2911,-14909,3
-11455,-7039,488,-415,3836,-16629,3
-17595,-1772,1543,279,4762,-17453,3
-23720,5587,2670,911,5502,-17453,3
-25956,11729,4028,886,5865,-17453,3
-24880,16223,5101,597,6173,-16522,3
-22042,20327,7125,90,6241,-14738,3
-16480,24273,12496,-785,5853,-12752,3
-9682,29183,19852,-1487,5216,-10778,3
-6125,30585,20846,-1363,3882,-8724,3
-9129,25196,15896,-744,1743,-6088,3
-11696,18743,13095,-410,662,-2615,3
-10785,14808,12805,425,874,466,3
-10118,13437,11636,1379,1091,2222,3
-9216,12071,9887,1389,1021,2862,3
-7773,10976,9111,526,777,2883,3
-6226,9788,9361,-490,521,2573,3
-1850,6696,10549,-952,216,1200,3
-1467,5619,10010,-886,81,1056,3
-1494,4734,9422,-820,-9,885,3
-1387,4247,8985,-822,-29,687,3
-1388,4108,8745,-857,-27,454,3
-1547,4221,8578,-805,-11,240,3
-1564,4525,8511,-692,63,120,3
-1583,4880,8555,-592,134,51,3
-1602,5066,8691,-431,208,-6,3
-1589,5407,8795,-273,264,1,3
-1529,5794,8848,-216,265,84,3
-1522,5792,8868,-225,240,169,3
-1559,5564,8865,-273,199,183,3
-1661,5474,8731,-353,146,194,3
-2090,5578,8516,-370,108,231,3
-2449,5549,8571,-282,120,266,3
-2376,5435,8746,-191,152,307,3
-2273,5268,8876,-114,126,239,3
-2120,5286,8891,-78,64,131,3
-2185,5612,8827,-96,2,89,3
-2334,5760,8760,-108,-48,99,3
-2260,5728,8682,-85,-85,161,3
-2260,5728,8682,-85,-85,161,3
-2175,5602,8541,-69,-117,221,3
-2062,5309,8427,-117,-158,210,3
-1995,5053,8315,-198,-197,143,3
-2118,5025,8133,-271,-237,95,3
-2211,5051,7927,-309,-280,93,3
-2185,5184,7682,-290,-272,140,3
-2365,5433,7529,-246,-261,195,3
-2347,4898,7540,-199,-275,167,3
-2187,4586,7573,-118,-218,117,3
-2169,4989,7660,-10,-121,97,3
-2029,5351,7879,62,-44,102,3
-1948,5541,8057,79,-5,176,3
-1920,5433,8133,66,2,282,3
-1843,5090,8134,47,-3,374,3
-1781,4786,8066,9,-20,435,3
-1834,4600,7940,-39,-39,477,3
-2053,4515,7889,-45,-40,506,3
-2077,4377,7944,-8,-24,528,3
-1877,4069,7980,39,-9,445,3
-1793,3917,8004,71,9,217,3
-1759,4353,8078,67,39,-2,3
-1711,4932,8239,12,53,-128,3
-1679,5323,8415,-41,47,-128,3
-1635,5387,8464,-42,26,-46,3
-1719,5269,8324,-9,-21,59,3
-1679,5098,8140,20,-67,157,3
-1710,4890,7913,20,-71,194,3
-1884,4679,7855,10,-45,157,3
-1915,4538,8012,6,-6,28,3
-1938,4837,8205,26,27,-95,3
-1966,5147,8383,68,45,-186,3
-1930,5377,8467,83,47,-249,3
-1861,5576,8624,38,13,-229,3
-1784,5564,8685,-2,-46,-138,3
-1719,5344,8599,-22,-98,-45,3
-1677,5083,8445,-42,-140,12,3
-1719,4893,8267,-66,-164,50,3
-1766,4702,8134,-80,-160,42,3
-1832,4565,8061,-85,-150,-36,3
-1875,4650,8055,-73,-133,-131,3
-1886,4851,8141,-48,-112,-235,3
-1913,5227,8220,-31,-101,-270,3
-1860,5490,8278,4,-88,-234,3
-1795,5680,8326,60,-66,-160,3
-1775,5810,8366,91,-59,-54,3
-1739,5766,8366,99,-76,70,3
-1644,5567,8322,87,-100,176,3
-1604,5201,8232,56,-121,221,3
-1593,4697,8130,14,-126,172,3
-1705,4533,8062,-33,-124,59,3
-1798,4648,8086,-103,-134,-27,3
-1805,4830,8162,-148,-136,-91,3
-1799,5213,8208,-151,-124,-106,3
-1721,5424,8273,-160,-129,-93,3
-1677,5511,8333,-180,-141,-49,3
-1604,5506,8367,-161,-138,12,3
-1502,5486,8396,-118,-133,85,3
-1448,5239,8360,-108,-152,135,3
-1393,4642,8286,-144,-181,88,3
-1452,4234,8193,-187,-194,-25,3
-1557,4189,8107,-231,-186,-173,3
-1604,4413,8072,-306,-177,-321,3
-1598,4768,8160,-418,-176,-419,3
-1601,5059,8291,-492,-184,-457,3
-1602,5226,8340,-487,-193,-412,3
-1585,5310,8262,-417,-190,-322,3
-1576,5406,8236,-318,-175,-215,3
-1557,5554,8208,-201,-157,-75,3
-1549,5496,8078,-86,-136,49,3
-1545,5069,8001,-6,-98,72,3
-1595,4652,8107,29,-42,-26,3
-1691,4662,8251,21,7,-185,3
-1774,4996,8390,-18,54,-354,3
-1844,5385,8563,-104,86,-478,3
-1789,5741,8727,-185,95,-497,3
-1811,5816,8771,-210,87,-476,3
-1958,5802,8742,-203,71,-451,3
-2115,5910,8770,-185,69,-377,3
-2211,5911,8849,-133,93,-297,3
-2267,5789,8907,-14,142,-278,3
-2439,5710,8947,95,196,-303,3
-2610,5498,9000,109,232,-436,3
-2757,5633,9099,95,249,-624,3
-3152,6235,9110,120,260,-697,3
-3589,6871,9160,219,281,-649,3
-4017,7484,9246,354,313,-507,3
-4541,7990,9431,448,337,-354,3
-5051,8447,9786,481,329,-258,3
-5184,8723,10354,501,307,-244,3
-5461,9125,10914,541,278,-231,3
-6101,11359,13491,549,-776,570,3
-7033,11668,15116,492,-1480,1156,3
-7576,11982,16810,417,-2550,1731,3
-8912,10854,19205,143,-3784,2469,3
-9947,10118,22012,-564,-5468,3464,3
-10276,9833,23773,-1381,-7711,4238,3
-12089,9245,23824,-2593,-9784,4594,3
-12986,9798,24400,-5055,-11642,4396,3
-13631,13064,23691,-8090,-13516,3791,3
-15208,17541,15771,-11690,-16039,2398,3
-14769,17612,8704,-11779,-16590,2339,3
-12724,16284,-719,-10814,-16621,2913,3
-12724,16284,-719,-10814,-16621,2913,3
-4665,4328,-18263,-7607,-10743,4676,3
-4665,4328,-18263,-7607,-10743,4676,3
-3657,-3621,-18109,-6744,-9067,3702,3
-2517,-8153,-18771,-4901,-7453,2405,3
-1538,-8163,-20993,-2352,-5535,1013,3
-713,-5172,-21455,-247,-3676,-339,3
23,-755,-19477,951,-2295,-1414,3
970,3322,-16962,1489,-1331,-1798,3
2085,5572,-14035,1408,-636,-1414,3
3128,5401,-11248,841,-257,-587,3
4017,3141,-9374,145,-152,438,3
4841,-304,-8187,-353,-67,1346,3
5832,-3664,-7027,-657,129,1775,3
6645,-6209,-5607,-818,425,1675,3
7461,-7479,-4248,-841,755,1276,3
8237,-7576,-3147,-811,1078,767,3
8733,-7112,-2164,-710,1366,222,3
8990,-6198,-1684,-445,1619,-221,3
9201,-4892,-1541,-72,1864,-502,3
9276,-3797,-1448,189,2066,-679,3
9112,-3166,-1391,265,2187,-834,3
8741,-2517,-1432,254,2235,-964,3
8287,-1968,-1644,237,2240,-1095,3
7728,-1425,-2087,253,2278,-1190,3
7090,-736,-2569,272,2346,-1217,3
6439,-136,-2991,221,2411,-1192,3
5921,271,-3469,88,2449,-1129,3
5492,752,-4023,-61,2502,-1050,3
5021,1410,-4662,-161,2636,-933,3
4637,1829,-5359,-145,2876,-805,3
4240,2014,-6386,64,3210,-681,3
3612,2062,-7802,549,3646,-452,3
3563,1492,-9798,1167,4267,20,3
3913,821,-11688,1809,5326,561,3
3372,-299,-12840,2495,6825,787,3
1889,-766,-12619,3298,8762,639,3
-1429,33,-10362,4008,10889,305,3
-5893,1709,-6344,4827,12935,-194,3
-10306,3392,-2360,5798,14779,-836,3
-15312,5445,1550,6546,16345,-1399,3
-20348,7795,6332,6649,17306,-1543,3
-23739,9422,12353,6466,17308,-1118,3
-23700,10114,19439,6388,16437,-366,3
-21148,10962,26240,6426,15016,438,3
-18699,11767,30127,6505,12863,1057,3
-17363,11364,30452,6310,9785,1498,3
-15919,9267,28246,5230,6388,1973,3
-13896,7082,25197,3233,3458,2026,3
-11867,6244,22123,823,1094,1312,3
-10105,6512,19308,-1320,-685,126,3
-8974,7346,16779,-2771,-1860,-826,3
-7835,7866,14429,-3509,-2566,-1233,3
-6012,7950,12220,-3561,-2836,-1173,3
-4230,7106,10200,-3070,-2736,-803,3
-3061,5593,9159,-2316,-2322,-243,3
-2079,4242,9138,-1489,-1750,380,3
-1259,3290,9117,-584,-1189,901,3
-748,2497,8638,153,-768,1124,3
-720,2023,7866,657,-462,977,3
-914,2138,7441,977,-150,757,3
-963,2700,7516,1142,169,710,3
-948,3087,7753,1265,398,779,3
-942,2874,7911,1263,518,737,3
-1124,2566,8018,1088,533,507,3
-1640,2624,8182,855,538,299,3
-1812,2996,8557,642,580,232,3
-1806,3011,8945,492,582,189,3
-2244,2771,9089,381,508,69,3
-2711,2777,9214,274,404,-47,3
-2760,3369,9392,223,361,-51,3
-2727,4107,9554,237,329,7,3
-2719,4567,9668,270,280,93,3
-2725,4853,9694,308,227,223,3
-2695,4895,9622,349,170,353,3
-2613,4145,9389,340,63,470,3
-2642,3884,9281,371,53,358,3
-2724,3817,9166,376,36,197,3
-2845,3923,9156,305,23,20,3
-2868,4192,9308,153,-7,-131,3
-2903,4509,9553,43,-98,-235,3
-2801,4790,9522,28,-200,-218,3
-2691,4974,9292,54,-282,-116,3
-2531,4977,9009,82,-339,9,3
-2421,4841,8727,102,-357,132,3
-2311,4325,8490,104,-335,159,3
-2371,3858,8366,78,-294,58,3
-2348,4641,8634,175,-159,-72,3
-2236,4800,8579,160,-176,-21,3
-2145,4826,8490,155,-177,41,3
-2138,4732,8382,137,-182,109,3
-2078,4477,8311,103,-204,182,3
-1975,4064,8256,79,-206,211,3
-2057,3732,8238,68,-181,149,3
-2158,3736,8341,66,-141,63,3
-2170,3909,8480,61,-118,5,3
-2144,4121,8582,32,-126,-25,3
-2148,4274,8667,5,-132,-61,3
-2211,4419,8716,-6,-131,-88,3
-2185,4640,8773,4,-127,-59,3
-2185,4640,8773,4,-127,-59,3
-2132,4757,8753,26,-125,6,3
-2102,4687,8725,45,-125,84,3
-2005,4382,8674,73,-106,119,3
-1984,4132,8616,75,-93,91,3
-2033,3963,8614,19,-103,49,3
-1965,3936,8645,-36,-116,9,3
-2015,3957,8593,-22,-118,-22,3
-2002,3950,8603,5,-108,-72,3
-1940,4245,8614,1,-105,-95,3
-1965,4562,8595,4,-109,-70,3
-1963,4702,8560,29,-108,-8,3
-1920,4701,8486,49,-106,65,3
-1928,4537,8431,55,-101,126,3
-1942,4322,8414,48,-95,159,3
-1958,4108,8423,39,-87,149,3
-2038,4010,8486,48,-63,130,3
-2056,3848,8622,85,-34,61,3
-2072,3931,8769,92,-31,-5,3
-2059,4271,8812,81,-59,-34,3
-1917,4638,8523,81,-126,30,3
-1813,4508,8367,62,-130,87,3
-1764,4248,8237,39,-116,102,3
-1765,4036,8192,-9,-104,70,3
-1744,3979,8245,-27,-77,46,3
-1766,3957,8322,5,-42,21,3
-1819,3927,8417,13,-23,-21,3
-1831,4004,8526,-14,-20,-54,3
-1825,4198,8589,-28,-29,-69,3
-1836,4352,8564,-12,-40,-64,3
-1849,4441,8475,7,-45,-38,3
-1956,4501,8396,14,-38,-1,3
-2008,4520,8447,10,-19,33,3
-1996,4465,8535,13,6,42,3
-2041,4435,8668,24,23,27,3
-2063,4428,8791,32,26,13,3
-2053,4462,8871,46,25,0,3
-2006,4492,8876,61,14,-3,3
-1959,4442,8845,64,-5,-12,3
-1975,4449,8754,62,-21,-20,3
-2002,4576,8682,42,-37,-11,3
-2030,4703,8644,17,-46,18,3
-2112,4823,8657,15,-30,45,3
-2127,4829,8771,15,-5,69,3
-2122,4716,8882,20,12,56,3
-2179,4830,9008,29,27,43,3
-2141,4959,9094,30,26,58,3
-2185,4926,9161,55,21,62,3
-2231,4764,9257,54,9,54,3
-2292,4778,9355,23,-10,40,3
-2417,4939,9535,4,-27,34,3
-2497,5166,9800,-13,-61,67,3
-2679,5296,10015,-39,-134,110,3
-2901,5171,10321,-108,-231,103,3
-3235,5042,10978,-324,-357,51,3
-3662,5267,11879,-718,-541,-66,3
-4015,5723,13046,-1235,-843,-235,3
-4304,5836,14559,-1826,-1314,-390,3
-4877,5739,16254,-2460,-1979,-538,3
-5837,5212,17852,-3077,-2837,-711,3
-6765,4300,19738,-3682,-3870,-814,3
-7746,3478,22233,-4228,-5120,-901,3
-9283,3308,24802,-4558,-6561,-1112,3
-10981,4002,26730,-4829,-8085,-1426,3
-11594,5299,28001,-5189,-9713,-1691,3
-12472,6155,28339,-5588,-11327,-1959,3
-12804,6389,26957,-5961,-12875,-2154,3
-11642,7357,23459,-5976,-14151,-2119,3
-10154,8500,18247,-5509,-14999,-1946,3
-9027,9447,11737,-4695,-15364,-1471,3
-7447,9293,4307,-3684,-15277,-626,3
-5359,8265,-4416,-2827,-14546,514,3
-3137,6168,-12452,-2404,-12805,1586,3
-1349,2264,-17048,-2223,-10386,1907,3
939,-2743,-18451,-1969,-8188,1651,3
1024,-8254,-18437,-841,-6326,1341,3
1871,-9522,-18050,1294,-4309,431,3
1610,8032,-13902,2117,-607,-1792,3
1610,8032,-13902,2117,-607,-1792,3
2473,8487,-12257,861,-599,-692,3
3329,5911,-11031,-262,-655,633,3
4455,2188,-9562,-1097,-645,1616,3
5688,-1357,-7655,-1458,-439,2028,3
6779,-4035,-5575,-1378,-51,1976,3
8006,-5593,-3019,-1232,330,1669,3
9152,-6249,-484,-1002,651,1164,3
9753,-6037,1466,-614,936,653,3
10145,-5006,2662,-182,1160,256,3
10388,-3678,3271,98,1263,-4,3
10419,-2689,3472,204,1211,-159,3
10252,-1977,2922,170,1036,-213,3
10036,-1472,1710,69,861,-187,3
9884,-1338,494,-110,771,-162,3
9608,-1513,-475,-317,758,-180,3
9359,-1647,-1082,-429,829,-208,3
9032,-1908,-1266,-482,964,-236,3
8685,-2181,-1236,-451,1110,-274,3
8476,-2230,-1279,-335,1249,-324,3
8293,-1834,-1478,-115,1414,-378,3
7976,-1136,-1715,142,1591,-426,3
7594,-281,-1970,341,1751,-428,3
7594,-281,-1970,341,1751,-428,3
7137,371,-2339,450,1879,-405,3
6635,917,-2798,487,1976,-382,3
6161,1437,-3397,471,2067,-315,3
4537,1112,-7348,333,2767,222,3
4537,1112,-7348,333,2767,222,3
4199,403,-9433,621,3370,483,3
4037,-530,-11584,1084,4301,777,3
3800,-1430,-13009,1676,5676,932,3
2528,-1916,-12718,2123,7333,735,3
235,-1345,-10530,2404,9007,345,3
-2257,435,-6932,2725,10599,102,3
-17480,2551,13212,5646,15332,-570,3
-17480,2551,13212,5646,15332,-570,3
-12789,4619,-29524,-439,2332,-969,3
-1804,4271,11862,-2611,-2878,98,3
-1804,4271,11862,-2611,-2878,98,3
-296,2043,10532,-1762,-2187,708,3
743,-393,9975,-813,-1416,1046,3
1297,-1472,9775,128,-728,1164,3
1516,-1188,9620,824,-228,1196,3
1605,-592,9555,1132,41,1178,3
1580,-312,9330,1195,118,1135,3
1418,-565,9082,1124,113,944,3
1346,-796,8933,1012,172,670,3
1216,-568,8995,939,269,450,3
891,-226,9155,860,342,329,3
687,106,9446,723,400,291,3
520,325,9787,554,403,278,3
310,177,10124,396,342,234,3
123,136,10360,226,229,188,3
84,326,10428,75,71,165,3
123,379,10275,7,-67,105,3
94,417,9964,-9,-148,6,3
-5,648,9665,-59,-185,-69,3
-130,896,9482,-108,-172,-83,3
-265,852,9559,-82,-90,-100,3
-235,909,9805,0,0,-142,3
-213,1239,9969,95,55,-111,3
-144,1549,10072,193,89,-21,3
-158,1709,10102,279,109,92,3
-199,1510,10160,324,109,183,3
-155,1219,10137,307,72,192,3
-160,1095,10053,239,19,175,3
-222,1192,9911,157,-17,189,3
-415,1155,9806,83,-31,184,3
-463,724,9840,-1,-15,90,3
-453,422,9973,-110,-31,-58,3
-465,578,10093,-175,-76,-140,3
-395,1015,10099,-130,-95,-141,3
-278,1224,9970,-45,-108,-115,3
-197,1067,9777,9,-119,-124,3
-209,1009,9634,48,-128,-156,3
-138,1210,9592,66,-118,-118,3
-9,1382,9502,85,-54,47,3
-9,1382,9502,85,-54,47,3
-21,1221,9484,59,-37,49,3
-33,1312,9537,20,-14,52,3
-16,1365,9634,15,13,74,3
-39,1081,9682,51,34,55,3
-94,946,9706,87,45,14,3
-90,1120,9794,72,44,6,3
-76,1300,9885,30,36,17,3
-152,1277,9993,15,32,31,3
-179,1048,10052,-11,14,31,3
-161,852,10103,-78,-19,5,3
-150,861,10181,-94,-20,-22,3
-38,1015,10055,-84,-112,-19,3
-38,1015,10055,-84,-112,-19,3
4,885,9919,-87,-142,-7,3
71,763,9742,-90,-168,-14,3
69,790,9587,-86,-173,-8,3
41,811,9548,-48,-126,-21,3
-20,848,9615,-9,-48,-56,3
-33,986,9792,-23,-3,-79,3
-46,773,9981,-70,-61,-67,3
-46,773,9981,-70,-61,-67,3
-45,618,9865,-67,-86,-93,3
-7,705,9735,-55,-108,-108,3
84,729,9592,-47,-126,-111,3
49,624,9511,-52,-127,-131,3
38,562,9492,-49,-101,-167,3
19,726,9553,-58,-72,-184,3
71,915,9644,-70,-56,-175,3
80,1069,9674,-60,-55,-155,3
79,1134,9599,-42,-59,-114,3
64,1108,9504,-39,-57,-57,3
16,969,9481,-46,-51,-17,3
-5,721,9543,-26,-37,-20,3
-5,721,9543,-26,-37,-20,3
-32,693,9591,31,-8,-16,3
-52,784,9595,67,10,6,3
-59,681,9647,37,5,-34,3
-180,748,9727,-32,-15,-99,3
-172,1007,9822,-53,-11,-122,3
-128,1160,9936,-32,2,-112,3
-126,1201,9962,-16,3,-88,3
-108,1168,9921,-16,-20,-66,3
-45,1124,9826,-13,-52,-22,3
32,1003,9639,-16,-73,23,3
47,859,9484,-47,-94,36,3
33,727,9393,-87,-88,14,3
25,565,9433,-101,-48,-64,3
-20,691,9530,-109,-11,-127,3
-58,913,9615,-113,10,-144,3
-50,1076,9715,-76,33,-141,3
-49,1154,9747,-23,47,-128,3
-99,1189,9718,-1,38,-85,3
-113,1150,9700,3,40,-26,3
-77,985,9721,-1,59,-1,3
-98,835,9773,-1,78,-20,3
-164,802,9863,-3,102,-66,3
-213,852,9992,7,126,-132,3
-274,1055,10105,-4,123,-162,3
-326,1332,10199,-22,107,-144,3
-316,1374,10254,-16,93,-107,3
-246,1207,10255,-10,69,-68,3
-221,1104,10218,-7,47,-45,3
-203,1171,10167,-11,31,-7,3
-126,1168,10077,-18,6,38,3
-65,1023,9938,-30,-22,71,3
22,773,9771,-55,-53,67,3
77,583,9644,-70,-56,41,3
55,541,9561,-78,-38,5,3
14,548,9566,-97,-23,-31,3
62,599,9646,-103,-5,-40,3
61,702,9750,-80,14,-42,3
-2,744,9851,-51,43,-43,3
-67,682,9980,-43,55,-60,3
-106,770,10100,-48,37,-53,3
-86,823,10160,-21,26,-23,3
-104,751,10173,9,22,7,3
-87,519,10121,0,1,-2,3
-93,277,10096,-21,-12,-65,3
-141,356,10101,-28,-10,-127,3
-173,549,10128,-13,2,-152,3
-225,606,10175,-12,7,-162,3
-259,633,10204,-26,4,-156,3
-225,551,10266,-22,-1,-151,3
-207,494,10269,15,-9,-164,3
-172,628,10192,59,-20,-157,3
-131,615,10024,82,-27,-138,3
-69,299,9966,62,-22,-175,3
-86,141,10028,22,-9,-248,3
-99,50,10128,44,44,-320,3
-8,-214,10209,55,105,-449,3
-25,-391,10255,-4,133,-659,3
-225,-63,10307,34,198,-837,3
-389,714,10265,332,353,-848,3
-608,1595,10313,949,514,-678,3
-1061,3448,12229,2118,672,-416,3
-2375,7606,16319,3607,868,-203,3
-4583,11706,20781,4586,967,-83,3
-15170,22094,28779,7207,-4667,10118,3
-15170,22094,28779,7207,-4667,10118,3
-18668,22038,26412,7795,-6261,14524,3
-21040,17350,22563,7927,-7656,17453,3
-18069,10592,18170,7707,-8534,17453,3
-12504,7203,13770,7392,-8324,17453,3
-9041,3641,10119,7261,-7307,17453,3
-6555,1580,6143,6541,-5857,17453,3
-5542,-386,1659,5148,-4291,17453,3
-5445,-3833,-1283,3852,-2648,15965,3
-5367,-7175,-1735,2888,-1242,14542,3
-5402,-9733,-1328,2436,20,13153,3
-6627,-11776,1081,891,2068,5882,3
-7745,-10240,374,584,2124,4423,3
-9211,-10519,812,392,2394,3219,3
-10387,-13542,1914,-355,2343,2118,3
-9598,-15103,3724,-1762,1648,845,3
-8439,-12875,5694,-2075,1278,-283,3
-7212,-10292,6992,-1027,1612,-876,3
-5077,-8595,7122,-107,1741,-949,3
-2433,-8455,6608,67,1413,-810,3
-368,-8782,5209,209,1243,-943,3
1061,-8747,4207,270,1322,-1336,3
2488,-8543,4818,-85,1120,-1798,3
3171,-7899,5218,-369,912,-2204,3
3186,-7593,5440,-465,904,-2596,3
2923,-7763,5661,-485,884,-3006,3
2370,-7960,5347,-373,792,-3479,3
1541,-7734,4767,-220,689,-3961,3
700,-7403,4158,-145,524,-4396,3
9,-7368,3484,-82,325,-4794,3
-471,-7528,2758,-2,153,-5233,3
-733,-8062,2026,86,76,-5924,3
-1034,-8555,1407,111,113,-6854,3
-1353,-9015,921,25,255,-7978,3
-2047,-8954,646,-147,512,-9089,3
-2047,-8954,646,-147,512,-9089,3
-2802,-8407,520,-387,852,-9952,3
-3168,-8041,415,-572,1291,-10579,3
-3809,-7127,320,-474,1956,-11011,3
-5127,-5232,780,-168,2701,-11502,3
-7261,-2704,1571,314,3348,-12282,3
-10018,460,2423,972,3890,-13132,3
-12492,3866,3265,1417,4231,-14004,3
-15130,7492,3930,1742,4569,-14829,3
-17353,11207,4222,1962,5102,-15203,3
-18136,14769,4963,1833,5566,-14957,3
-16683,17957,7142,1354,5733,-14261,3
-13581,21524,11358,672,5631,-13167,3
-10259,26687,17025,-231,5156,-11673,3
-7052,29309,19648,-975,3992,-9874,3
-7533,26181,17861,-826,2347,-7183,3
-9703,20425,15407,-330,1070,-3438,3
-9628,16252,13673,429,730,118,3
-8998,13627,11928,1050,720,2224,3
-8237,11903,10412,1007,741,3054,3
-6895,10114,9984,449,755,3005,3
-5394,8436,10265,-196,732,2436,3
-4213,7555,10825,-699,624,1659,3
-3392,7239,11268,-978,429,966,3
-2557,7022,11385,-1077,201,574,3
-1878,6750,11144,-1061,-23,496,3
-1394,6213,10591,-993,-216,604,3
-1223,5411,9909,-915,-352,667,3
-1126,4814,9365,-843,-418,631,3
-1031,4510,8927,-784,-387,589,3
-1353,5813,8776,-187,-43,30,3
-1353,5813,8776,-187,-43,30,3
-1480,5585,8687,-204,-77,119,3
-1479,5012,8505,-212,-110,111,3
-1675,4817,8280,-254,-152,40,3
-1804,5110,8150,-260,-151,27,3
-1892,5411,8207,-201,-101,49,3
-1988,5387,8414,-131,-67,46,3
-1938,5152,8467,-67,-66,9,3
-1934,5273,8436,-21,-69,1,3
-1995,5575,8356,-24,-87,7,3
-2032,5572,8328,-61,-144,0,3
-1989,5419,8212,-104,-207,48,3
-2086,5372,8007,-92,-227,144,3
-2093,5146,8007,-22,-189,189,3
-1989,4841,8095,55,-129,162,3
-2024,4782,8134,96,-105,78,3
-2129,4885,8146,70,-116,0,3
-2063,5099,8176,9,-138,-7,3
-1984,5156,8152,-20,-157,29,3
-1948,5057,8023,-22,-167,67,3
-1945,4962,7878,-64,-180,91,3
-1893,4844,7774,-86,-174,94,3
-1747,4722,7747,-24,-133,75,3
-1733,4752,7726,17,-103,77,3
-1759,4771,7721,52,-91,76,3
-1564,4756,7775,101,-69,82,3
-1514,4842,7746,134,-45,117,3
-1557,4683,7726,126,-25,105,3
-1620,4526,7788,88,3,59,3
-1620,4494,7915,66,36,-16,3
-1643,4705,8017,44,53,-67,3
-1635,4971,8041,3,49,-63,3
-1731,5118,8056,-20,48,-41,3
-1747,5244,8074,-22,53,0,3
-1703,5324,8033,-9,66,46,3
-1799,5253,8062,12,83,39,3
-1934,5290,8170,22,73,14,3
-1865,5370,8262,29,39,23,3
-1772,5481,8279,70,29,52,3
-1801,5413,8275,120,36,37,3
-1787,5201,8358,126,26,-49,3
-1728,5194,8360,39,-34,-86,3
-1629,5227,8247,-34,-93,-79,3
-1559,5185,8090,-37,-108,-60,3
-1612,5166,7976,-22,-102,-27,3
-1727,5160,7781,-23,-94,-17,3
-1866,5256,7691,-36,-82,-26,3
-1869,5492,7725,-34,-68,-39,3
-1860,5801,7768,2,-52,-25,3
-1875,5906,7854,47,-39,11,3
-1814,5909,7897,91,-33,51,3
-1954,5243,7739,84,-28,16,3
-2021,5230,7689,68,-30,-49,3
-2001,5443,7647,43,-30,-97,3
-1959,5713,7665,18,-38,-124,3
-1965,5877,7694,15,-41,-137,3
-1993,6057,7716,33,-38,-104,3
-1948,6174,7727,58,-29,-38,3
-1942,6184,7806,81,-21,37,3
-1867,5484,7798,156,-38,146,3
-1922,5242,7738,148,-33,56,3
-2004,5373,7689,59,-57,-51,3
-1930,5703,7684,-4,-70,-98,3
-1883,5912,7613,19,-56,-101,3
-1883,5912,7613,19,-56,-101,3
-1871,5989,7557,60,-44,-76,3
-1859,6032,7453,88,-38,-36,3
-1875,6119,7401,110,-30,11,3
-1861,6158,7401,124,-11,56,3
-1856,6083,7447,105,1,90,3
-1855,5737,7576,71,4,86,3
-1956,6183,7755,-37,-20,-233,3
-1956,6183,7755,-37,-20,-233,3
-2011,6228,7678,47,15,-201,3
-2051,6349,7661,117,52,-151,3
-1993,6446,7674,127,61,-85,3
-2012,6299,7713,120,50,-35,3
-2080,5901,7733,121,47,-58,3
-2142,5539,7825,94,45,-173,3
-2162,5254,7939,-18,4,-392,3
-2126,5178,8002,-133,-39,-656,3
-2154,5514,8012,-196,-55,-875,3
-2280,5889,8014,-227,-61,-1024,3
-2329,6067,8039,-259,-66,-1102,3
-2475,6098,8025,-225,-39,-1090,3
-2557,5758,8123,-109,45,-1131,3
-2570,5039,8231,-81,111,-1369,3
-2749,4344,8406,-162,150,-1871,3
-3292,4574,8588,-238,227,-2448,3
-3960,5423,8888,-240,347,-2791,3
-4521,6395,9265,-148,433,-2898,3
-5194,7345,9534,-44,386,-2696,3
-5639,7558,9702,-1,209,-2287,3
-6171,7454,9836,204,64,-1951,3
-7197,8490,10204,650,28,-1654,3
-8071,10789,11524,1185,-38,-1251,3
-9062,13775,14036,1764,-278,-683,3
-10431,17433,16510,2079,-674,-19,3
-11751,19732,17767,2066,-1505,767,3
-13501,20662,17922,2021,-2725,2104,3
-15840,21698,16573,2206,-3775,4470,3
-17898,22101,16349,1932,-4792,7543,3
-19410,23700,16380,1402,-6169,11101,3
-22193,25051,14053,1537,-7549,15188,3
-25464,19240,12000,2130,-8481,17453,3
-24227,8622,12360,3356,-8758,17453,3
-19385,4491,10988,4771,-8194,17453,3
-16434,1018,8812,6048,-7234,17453,3
-14370,-3173,6289,6597,-5684,17453,3
-11709,-6518,2959,5704,-3824,17453,3
-10136,-10504,-786,4144,-2264,17453,3
-7224,-18847,-3179,2129,205,14625,3
-7224,-18847,-3179,2129,205,14625,3
-4983,-19573,154,1437,919,11516,3
-4488,-16811,981,875,1103,7616,3
-5909,-13855,1205,308,1072,3934,3
-6969,-12232,1913,-342,864,1532,3
-7298,-10483,2281,-581,652,599,3
-6308,-9650,2196,-272,682,422,3
3915,-7568,5564,-248,915,-1712,3
2519,-6538,3577,85,168,-3553,3
1795,-6674,2773,52,197,-3825,3
1241,-6834,2242,-20,283,-4140,3
878,-7294,1731,-180,386,-4620,3
666,-8066,1272,-399,495,-5393,3
544,-8921,798,-595,651,-6496,3
392,-9875,257,-763,879,-7946,3
-6028,-7810,-1830,-451,2909,-12951,3
-8280,-5403,-1077,-352,3631,-13538,3
-11419,-2219,217,-337,4309,-14159,3
-15140,1684,2096,-270,4942,-14786,3
-19259,5759,3737,134,5540,-15363,3
-22513,10479,4655,902,6162,-15452,3
-23483,15566,5555,1357,6623,-14828,3
-21066,20151,8372,1140,6621,-13853,3
-6997,32073,22083,-1344,3391,-9228,3
-11785,25840,17310,-825,1350,-6455,3
-13513,19008,15335,-477,439,-2459,3
-11791,16509,14338,544,511,1087,3
-10385,15525,12304,1586,601,3107,3
-9150,13682,10285,1632,608,3829,3
-7630,12016,9445,755,434,3863,3
-5834,10467,9659,-355,132,3487,3
-3785,8539,10332,-1203,-159,2826,3
-2226,7034,10679,-1272,-218,1933,3
-1611,6586,10308,-871,-96,1132,3
-1708,6835,9567,-653,-80,687,3
-1923,6811,8997,-684,-226,524,3
-1593,6350,8666,-832,-387,566,3
-1133,5638,8424,-875,-467,679,3
-1133,5638,8424,-875,-467,679,3
-1019,4775,8049,-767,-465,655,3
-1358,4458,7762,-630,-415,537,3
-1344,4649,7691,-569,-353,415,3
-1114,4887,7648,-536,-303,346,3
-992,4929,7529,-550,-302,272,3
-1195,4926,7321,-573,-325,175,3
-1668,5709,7242,-253,23,-35,3
-1668,5709,7242,-253,23,-35,3
-2315,5601,7784,-181,58,-1,3
-2315,5601,7784,-181,58,-1,3
-2322,5555,7919,-154,64,-53,3
-2377,5711,8038,-132,57,-143,3
-2387,6007,8108,-154,19,-183,3
-2293,6186,8176,-188,-28,-179,3
-2220,6201,8201,-199,-79,-142,3
-2220,6154,8105,-169,-133,-70,3
-2172,5940,7939,-90,-175,33,3
-2108,5664,7667,-11,-184,116,3
-2152,5451,7456,7,-180,135,3
-2151,5287,7380,18,-158,110,3
-1756,5758,7450,82,-47,-25,3
-1756,5758,7450,82,-47,-25,3
-1713,5773,7377,73,-49,5,3
-1649,5638,7306,24,-65,51,3
-1655,5365,7273,-30,-14,110,3
-1689,5153,7406,-32,43,37,3
-1804,5129,7611,-31,94,-58,3
-1865,5493,7826,-35,119,-96,3
-1840,5864,8041,-40,132,-89,3
-1813,5938,8158,-35,138,-58,3
-1733,5655,8272,-12,145,-80,3
-1778,5558,8309,6,141,-165,3
-1782,5794,8302,-24,82,-184,3
-1745,5931,8212,-45,15,-128,3
-1775,5943,8090,-28,-4,-37,3
-1759,5916,7969,-37,-11,53,3
-2011,5590,7804,-41,0,-28,3
-2049,5921,7871,-44,1,-64,3
-1968,6094,7986,-49,7,-92,3
-1881,6001,8132,-38,23,-109,3
-1960,5984,8212,-32,-5,-86,3
-1922,5909,8154,-46,-72,-32,3
-1859,5717,7989,-87,-140,20,3
-1810,5514,7808,-120,-166,37,3
-1826,5484,7707,-128,-156,38,3
-1856,5494,7670,-134,-134,42,3
-1802,5303,7733,-124,-102,-8,3
-1859,5193,7804,-121,-86,-78,3
-1921,5324,7862,-128,-91,-111,3
-1781,5110,7896,-145,-103,-13,3
-1774,4926,7892,-100,-71,-91,3
-1831,5596,8016,-261,-124,-157,3
-1802,5587,8055,-224,-99,-107,3
-1861,5591,8081,-184,-72,-66,3
-1880,5560,8127,-160,-56,-41,3
-1883,5436,8170,-124,-39,-54,3
-1874,5326,8229,-92,-18,-117,3
-1844,5384,8354,-91,1,-205,3
-1813,5491,8504,-98,18,-283,3
-1783,5541,8615,-125,14,-367,3
-1782,5651,8662,-141,5,-411,3
-1764,5741,8692,-128,4,-394,3
-1856,5711,8664,-133,-14,-332,3
-1930,5468,8628,-183,-55,-289,3
-1915,5128,8581,-260,-97,-322,3
-2000,5001,8536,-345,-133,-425,3
-2017,4889,8539,-386,-129,-574,3
-2139,4887,8633,-409,-106,-771,3
-2388,5224,8874,-433,-118,-969,3
-2948,6437,9337,-215,-69,-896,3
-3538,6537,9523,-127,-36,-782,3
-4541,6529,9812,-25,46,-843,3
-5751,7253,10585,62,200,-1021,3
-7231,8779,12034,102,339,-1164,3
-8825,10273,14623,91,328,-1201,3
-9811,12124,18256,68,63,-989,3
-17828,9387,-31289,-678,-7413,1681,3
-17828,9387,-31289,-678,-7413,1681,3
-18745,9349,-29992,-2281,-10452,1566,3
-18954,11827,-30930,-3950,-13295,1229,3
-20404,15350,30499,-5553,-15607,575,3
-22619,16617,25175,-6771,-17423,-18,3
-24183,16187,18547,-7275,-17453,137,3
-25016,13366,9641,-6702,-17453,901,3
-24625,10120,-873,-5192,-17453,2046,3
-21893,7670,-11790,-3725,-17453,3430,3
-18062,5183,-21382,-2644,-15439,4624,3
-14832,1440,-29412,-1997,-12018,5063,3
-10990,-3707,32153,-1984,-9301,4142,3
-7557,-5966,28224,-1398,-7246,2494,3
-5620,-3403,26309,76,-5067,871,3
-3118,1956,26456,1124,-2768,-377,3
-1276,6618,32548,1024,-679,-786,3
296,7416,-19805,-103,505,-128,3
2595,4666,-6921,-1499,846,1134,3
5316,132,2806,-2520,668,2229,3
7747,-3949,8470,-2493,462,2943,3
9143,-7034,10617,-1767,299,2948,3
10218,-8522,9955,-854,125,2187,3
11305,-7219,7510,-259,-100,1231,3
11621,-4588,4106,52,-239,454,3
11128,-2712,184,389,-197,13,3
10361,-1926,-2967,658,1,-94,3
9824,-2293,-4498,705,259,-79,3
8779,-1100,-899,-109,1473,-762,3
8642,-418,-835,11,1537,-698,3
8504,64,-843,-4,1575,-598,3
5660,1176,-5057,-862,1978,-83,3
5506,1025,-6601,-521,2270,117,3
5314,435,-8152,62,2773,257,3
5075,-547,-9706,702,3511,299,3
4660,-1306,-11693,1347,4541,348,3
3931,-2090,-13285,2039,5884,397,3
2745,-2961,-13582,2694,7578,206,3
669,-3561,-12362,3336,9539,-388,3
-13014,4437,-2964,5956,15597,-2677,3
-18024,7972,1455,5603,16674,-3016,3
-21474,10322,6543,5056,17150,-3051,3
-22501,11528,12565,4959,17111,-2629,3
-21536,12806,19062,5215,16586,-1734,3
-19968,13285,24325,5526,15275,-784,3
-19992,11521,26861,5320,12745,216,3
-19254,8002,27173,4655,9287,926,3
-15986,4971,25587,3409,5903,1195,3
-13988,3502,23149,1772,3024,716,3
-12997,4970,20413,-124,632,-421,3
-11995,7683,17429,-1816,-1268,-1504,3
-10522,8978,14702,-2948,-2522,-2029,3
-8394,9618,12194,-3245,-2988,-1935,3
-3785,3835,8114,842,430,394,3
-3870,4800,8910,1042,781,236,3
-3973,5405,9755,1139,953,212,3
-4019,5555,10346,1117,949,319,3
-3927,5282,10618,948,786,414,3
-3861,4841,10607,692,515,434,3
-3832,4243,10248,435,224,400,3
-4057,3735,9628,278,6,316,3
-4353,3417,9152,160,-129,178,3
-4331,3532,8989,30,-189,33,3
-4063,4041,9014,-22,-224,-20,3
-3810,4363,9037,11,-264,-11,3
-3675,4591,8891,75,-310,58,3
-3470,4670,8627,161,-346,183,3
-3277,4668,8309,219,-339,334,3
-3214,4658,8056,208,-322,492,3
-3265,4404,7890,161,-302,629,3
-3307,3827,7734,143,-245,670,3
-3436,3773,8140,-30,-51,213,3
-3357,4078,8382,-75,-75,100,3
-3355,4456,8443,-52,-108,55,3
-3221,4629,8364,-29,-155,89,3
-3076,4352,7969,-17,-202,262,3
-3098,3909,7747,-15,-184,280,3
-3294,3348,7643,-10,-119,157,3
-3492,3268,7727,-12,-6,-61,3
-3614,3808,8061,-54,75,-219,3
-3614,4446,8412,-56,113,-270,3
-3614,4446,8412,-56,113,-270,3
-3560,4891,8588,6,132,-235,3
-3508,5051,8654,39,93,-117,3
-3328,4954,8542,61,26,27,3
-3193,4678,8242,76,-12,150,3
-3185,4330,7987,66,-14,245,3
-3215,3940,7895,54,16,280,3
-3204,3739,7964,23,52,260,3
-3144,3560,8073,-19,63,202,3
-3031,3413,8182,-41,64,100,3
-3055,3599,8207,-68,58,0,3
-3116,4005,8267,-112,51,-48,3
-3125,4313,8372,-137,57,-22,3
-3034,4352,8420,-128,71,52,3
-3025,4172,8469,-103,82,135,3
-3025,3853,8491,-87,75,184,3
-3064,3512,8496,-53,66,186,3
-3099,3317,8500,-25,68,138,3
-3158,3170,8534,-25,72,34,3
-3246,3123,8672,-36,68,-88,3
-3306,3367,8815,-70,35,-183,3
-3302,3791,8856,-84,-7,-221,3
-3223,4084,8798,-70,-54,-188,3
-3094,4191,8603,-43,-90,-105,3
-3050,4154,8329,-25,-105,-22,3
-3089,3993,8136,-14,-99,56,3
-3093,3624,8047,9,-62,95,3
-3140,3193,8111,10,-21,41,3
-3259,3088,8323,-25,-6,-53,3
-3268,3356,8543,-24,1,-111,3
-3261,3645,8637,-4,-14,-158,3
-3110,3814,8206,-35,-92,6,3
-3205,3434,8041,-85,-95,10,3
-3361,3064,8091,-168,-82,-64,3
-3372,3111,8340,-193,-36,-149,3
-3409,3378,8564,-201,-27,-215,3
-3401,3548,8688,-213,-54,-240,3
-3349,3689,8735,-182,-67,-225,3
-3316,3873,8674,-116,-73,-168,3
-3161,3905,8607,-74,-78,-94,3
-3068,3798,8518,-46,-75,0,3
-2979,3501,8421,1,-50,86,3
-2974,2995,8341,25,-20,100,3
-3081,2445,8382,16,14,2,3
-3278,2464,8650,-41,27,-132,3
-3301,2953,8936,-63,33,-213,3
-3345,3396,9094,-41,25,-270,3
-3413,3682,9164,-36,1,-270,3
-3385,3689,8871,127,-69,32,3
-3434,3293,8877,85,-69,2,3
-3420,3208,9044,27,-62,-74,3
-3441,3330,9211,4,-59,-156,3
-3474,3401,9305,-37,-93,-243,3
-3389,3459,9326,-88,-139,-300,3
-3306,3731,9281,-62,-149,-316,3
-3266,4046,9196,-8,-153,-259,3
-3219,4182,9125,33,-175,-139,3
-3171,4095,9091,86,-176,18,3
-3144,3642,9080,102,-173,106,3
-3165,3098,9179,27,-191,55,3
-3256,3004,9313,12,-164,-76,3
-3383,3438,9460,92,-99,-211,3
-3733,3896,9678,81,-81,-297,3
-4035,4240,9986,-2,-79,-345,3
-4745,4642,10567,-64,-68,-383,3
-6055,4990,11749,-198,-84,-372,3
-7503,5257,14195,-645,-226,-385,3
-9279,5729,17943,-1527,-702,-566,3
-11448,5752,23502,-2631,-1775,-985,3
-14230,5456,30576,-3681,-3749,-1326,3
-17678,4811,-28735,-4557,-6536,-1627,3
-21541,5261,-26310,-5380,-9677,-2179,3
-24185,6299,-26659,-6078,-12809,-2823,3
-25034,7763,-28710,-6440,-15570,-3245,3
-25548,9578,32033,-6330,-17453,-3460,3
-25477,10312,24797,-5830,-17453,-3277,3
-20927,6420,-318,-2484,-17453,-462,3
-17566,6166,-11942,-1070,-17453,450,3
-12360,6168,-22151,-365,-15815,1466,3
-7863,2992,-27297,-313,-12094,1973,3
-5225,-4620,-27741,-275,-8817,1687,3
-2956,-9923,-26569,976,-6096,869,3
-2764,-9457,-26916,3114,-3487,-129,3
-3000,-5214,-26254,4161,-1666,-1376,3
-2667,344,-23157,4021,-492,-2315,3
-1872,5660,-18813,3274,239,-2244,3
106,8819,-14169,1961,384,-1336,3
2288,8350,-10265,432,132,-63,3
6583,-2310,-5418,-1285,-286,2134,3
8006,-4723,-4030,-1372,-53,1995,3
9065,-5803,-2430,-1138,287,1571,3
9611,-5639,-1058,-681,670,1091,3
9847,-5103,-384,-200,993,690,3
9878,-4616,-360,148,1196,347,3
9759,-4011,-745,346,1330,91,3
9759,-4011,-745,346,1330,91,3
9409,-3354,-1271,456,1456,-81,3
8838,-2704,-1904,439,1552,-200,3
8247,-1988,-2614,287,1584,-261,3
7622,-1320,-3374,72,1594,-290,3
6889,-739,-4037,-140,1617,-331,3
6247,-266,-4671,-324,1626,-394,3
5675,207,-5481,-418,1675,-372,3
5117,787,-6431,-429,1814,-231,3
4729,1096,-7611,-361,2034,-73,3
4483,1116,-9085,-66,2391,123,3
4235,767,-10765,529,3001,364,3
4103,-227,-12838,1363,3927,613,3
3715,-1240,-15261,2236,5283,893,3
2733,-1428,-16896,2697,6966,1114,3
711,-2001,-16876,3025,8839,1090,3
-2352,-2904,-15021,3937,10915,635,3
-6282,-1812,-11831,5477,13007,-133,3
-10682,785,-8484,6914,14811,-1085,3
-15642,3407,-4904,7703,16255,-2059,3
-20340,6383,-372,7842,17361,-2677,3
-24285,8540,5587,7414,17453,-2757,3
-26730,9290,14527,6395,17453,-2432,3
-27282,11860,26607,4157,17043,-2086,3
-23954,14675,-27408,1319,14321,-2452,3
-19927,10716,-26310,-495,9334,-2310,3
-17368,4477,-29948,-913,3753,-724,3
-13665,2232,27043,-874,157,392,3
-8798,5353,16184,-2434,-2509,-192,3
-8798,5353,16184,-2434,-2509,-192,3
-6275,5715,13179,-3354,-3045,-275,3
-4236,4223,10811,-3203,-2782,-88,3
-3181,2084,9621,-2455,-1866,349,3
-2274,148,9866,-1735,-808,728,3
-1507,-407,10862,-850,112,965,3
-1327,221,11682,102,693,1148,3
-1388,559,11935,797,913,1251,3
-2318,1124,11151,473,193,207,3
-2318,1124,11151,473,193,207,3
-2494,920,10867,214,-9,112,3
-2348,908,10604,71,-143,14,3
-2181,1146,10148,14,-243,3,3
-2021,1358,9662,1,-307,49,3
-1865,1547,9195,41,-304,141,3
-1915,1716,8753,115,-237,266,3
-1975,1161,8898,313,316,551,3
-1975,1161,8898,313,316,551,3
-2238,960,9006,318,380,419,3
-2569,786,9282,240,396,237,3
-2692,944,9650,208,389,112,3
-2687,1100,9921,246,352,55,3
-2752,1270,10060,292,307,55,3
-2827,1579,10150,295,273,90,3
-2883,1781,10216,85,45,79,3
-2883,1781,10216,85,45,79,3
-2755,1868,10055,147,32,87,3
-2748,1541,9887,147,-7,62,3
-2689,945,9778,88,-77,-79,3
-2601,1098,9659,86,-125,-161,3
-2379,1561,9508,141,-152,-163,3
-2218,1851,9256,162,-172,-121,3
-2286,1909,8974,156,-178,-56,3
-2400,1744,8838,144,-146,-5,3
-2233,1574,8928,84,-120,14,3
-2114,1573,9067,40,-116,34,3
-2027,1783,9110,74,-101,75,3
-1959,1970,9051,109,-88,136,3
-1968,2024,8925,99,-87,222,3
-2092,1872,8804,69,-74,306,3
-2274,1497,8751,57,-31,336,3
-2425,974,8869,102,42,253,3
-2472,963,9125,199,147,96,3
-2510,1388,9506,222,188,-49,3
-2485,1790,9852,196,137,-144,3
-2433,2250,10006,242,97,-144,3
-2391,2487,10000,304,56,-83,3
-2414,1661,9277,59,-172,-26,3
-2414,1661,9277,59,-172,-26,3
-2491,1853,9265,10,-149,-97,3
-2482,2009,9439,10,-115,-123,3
-2488,1968,9589,45,-102,-130,3
-2434,1987,9640,126,-98,-117,3
-2408,2157,9634,208,-105,-69,3
-2327,2329,9572,256,-133,-22,3
-2270,1883,9200,200,-151,104,3
-2347,1654,9185,154,-148,71,3
-2357,1549,9253,131,-125,10,3
-2311,1474,9353,117,-100,-102,3
-2370,1790,9438,99,-109,-178,3
-2414,2199,9437,101,-119,-170,3
-2389,2475,9426,131,-111,-108,3
-2389,2475,9426,131,-111,-108,3
-2280,2528,9395,147,-126,-20,3
-2171,2396,9287,132,-158,54,3
-2115,2133,9176,121,-158,97,3
-2044,1772,9130,116,-139,80,3
-2148,1605,9119,119,-112,23,3
-2177,2423,9480,64,-83,-104,3
-2177,2423,9480,64,-83,-104,3
-2104,2582,9387,93,-88,-25,3
-2439,2825,9833,-122,175,-157,3
-2439,2825,9833,-122,175,-157,3
-2536,3029,10004,-43,196,-82,3
-2411,2433,9557,597,121,397,3
-2411,2433,9557,597,121,397,3
-2458,2403,9544,682,161,377,3
-2488,2613,9611,765,204,349,3
-2549,2883,9654,891,253,315,3
-2631,3252,9683,999,272,319,3
-2676,3639,9838,1126,256,400,3
-2895,4189,10115,1327,209,504,3
-3051,4676,10379,1589,134,607,3
-3372,4884,10653,1870,40,714,3
-4072,4990,11072,2189,-48,756,3
-4794,5555,11615,2434,-145,794,3
-9869,20492,18130,2644,-2885,1522,3
-9869,20492,18130,2644,-2885,1522,3
-12613,25004,18116,2136,-4076,3722,3
-15177,28433,18131,2186,-5053,7311,3
-18820,31260,15470,3271,-5652,12569,3
-21822,28186,12012,4204,-6108,17453,3
-20868,20423,11679,4999,-6140,17453,3
-17650,14790,12530,5450,-5682,17453,3
-15617,8661,12880,5433,-5137,17453,3
-13921,2286,9873,5061,-4267,17453,3
-11207,-2439,3878,4162,-2829,17453,3
-10269,-8116,-663,2996,-1036,17453,3
-9220,-14801,-1923,1945,633,17343,3
-7395,-19050,1221,1114,1741,15336,3
-4843,-18170,3996,363,1958,12358,3
-6488,-10640,4501,-623,1114,4639,3
-6488,-10640,4501,-623,1114,4639,3
-8288,-7568,3818,-1260,443,2512,3
-9815,-6614,2637,-1302,170,2026,3
-10263,-7345,1823,-724,449,2260,3
-9617,-10459,1139,-188,888,2359,3
-8481,-13504,1241,-271,1059,1874,3
-6384,-12994,2652,-475,1012,903,3
-4470,-10445,4030,-181,1067,44,3
-2343,-8759,4932,232,1147,-391,3
-57,-8214,5363,277,935,-580,3
1733,-7923,4972,188,673,-753,3
3202,-7465,5486,96,491,-1032,3
4297,-6689,5913,44,213,-1377,3
4656,-5991,5797,21,35,-1684,3
4562,-5788,5824,-74,-34,-1885,3
4180,-5851,5480,-134,-70,-1988,3
3581,-6067,4860,-132,-68,-2082,3
2852,-6463,4170,-63,-5,-2234,3
1994,-6797,3654,43,92,-2437,3
1022,-7097,3403,94,194,-2694,3
-75,-7422,2998,55,281,-2973,3
-12590,-16618,-1800,-2973,3014,-17453,3
-16339,20211,22907,-2814,347,-4561,3
-15091,10819,19720,-2057,-929,-19,3
-14593,8288,18398,-94,-643,2443,3
-13197,8091,16093,882,-517,3194,3
-11492,8174,13793,227,-777,3052,3
-9711,8237,12423,-1257,-1221,2475,3
-7458,7399,12280,-2315,-1409,1911,3
-5229,5916,12762,-2089,-1011,1512,3
-3747,4987,13139,-861,-356,1262,3
-2946,4913,13253,111,-31,1307,3
-2236,4664,12862,266,-200,1544,3
-1376,3440,12019,-159,-668,1621,3
-1327,2674,8747,701,909,473,3
-1327,2674,8747,701,909,473,3
-1611,2715,9298,760,934,519,3
-1781,2554,9711,905,922,542,3
-2053,2879,9889,1076,875,573,3
-2285,3289,9832,991,688,474,3
-2285,3289,9832,991,688,474,3
-2393,3275,9799,694,535,222,3
-2722,3723,9754,457,401,0,3
-2589,4161,9796,373,329,-114,3
-2463,4462,9833,331,293,-122,3
-2551,4531,9805,242,220,-102,3
-2558,4466,9762,176,135,-61,3
-2577,4528,9669,184,81,39,3
-2710,4303,9490,234,33,134,3
-2768,3793,9295,353,-6,165,3
-2658,3670,9100,469,-11,141,3
-2487,3986,8935,468,-37,133,3
-2294,4267,8791,443,-64,176,3
-2181,4294,8627,445,-59,247,3
-2123,3763,8481,443,-21,231,3
-2209,3404,8408,400,16,129,3
-2162,3489,8520,289,15,50,3
-1658,4073,8372,-44,-84,174,3
-1658,4073,8372,-44,-84,174,3
-1801,3896,8130,-17,-43,248,3
-1841,3854,8073,34,43,323,3
-2419,3782,8618,484,378,357,3
-2419,3782,8618,484,378,357,3
-2525,3951,8917,607,412,300,3
-2399,3929,9178,592,366,183,3
-2305,4194,9343,574,308,95,3
-2347,4849,9369,538,237,55,3
-2332,5248,9438,416,119,73,3
-2165,5154,9403,253,-14,155,3
-2051,4940,9174,149,-100,279,3
-2012,4770,8833,122,-139,397,3
-1975,4419,8549,81,-160,479,3
-1878,3924,8372,13,-156,433,3
-1944,3742,8244,19,-112,278,3
-2023,4576,8646,66,-42,-115,3
-2023,4576,8646,66,-42,-115,3
-1909,4079,8409,18,-135,139,3
-1909,4079,8409,18,-135,139,3
-2200,4509,8656,69,-87,-199,3
-2104,4761,8779,87,-92,-186,3
-1978,4875,8858,51,-114,-168,3
-1914,4942,8887,-19,-156,-150,3
-1823,4914,8838,-43,-186,-98,3
-1829,4558,8688,-23,-198,-76,3
-2044,4260,8518,26,-181,-95,3
-2033,4167,8487,1,-157,-167,3
-2111,4778,8803,-166,-151,-527,3
-2102,4966,8837,-126,-157,-501,3
-2019,4947,8783,-94,-176,-430,3
-1987,4868,8703,-82,-175,-356,3
-1954,4672,8703,-119,-171,-326,3
-1966,4429,8739,-115,-143,-322,3
-1980,4302,8748,-63,-111,-353,3
-2011,4290,8754,-46,-104,-393,3
-1880,4286,8779,-12,-164,-433,3
-1915,4365,8608,101,-148,-356,3
-1926,4308,8467,140,-137,-291,3
-1880,4110,8408,74,-148,-291,3
-1871,3779,8462,-23,-102,-491,3
-1897,3587,8516,-32,-52,-673,3
-1974,3395,8571,-74,-10,-914,3
-2162,3405,8667,-114,31,-1194,3
-2481,3733,8795,-160,69,-1426,3
-2792,4289,8945,-108,109,-1519,3
-3114,4836,9082,-25,116,-1468,3
-3356,5110,9246,37,84,-1337,3
-3507,5166,9417,108,59,-1180,3
-8863,14010,17602,1999,-815,338,3
-8863,14010,17602,1999,-815,338,3
-10710,16251,18553,2211,-1791,1534,3
-11536,18463,18616,2242,-3250,3609,3
-12240,18362,18674,2530,-4655,6055,3
-14286,20462,17466,3294,-5640,9074,3
-16783,24194,15091,3898,-6433,13018,3
-12192,2460,11425,5872,-5872,17453,3
-12192,2460,11425,5872,-5872,17453,3
-9994,-2103,8437,5291,-4908,17453,3
-7125,-5899,2905,4047,-3629,17453,3
-4892,-11103,-906,2949,-2238,17453,3
-2567,-15748,-1739,2432,-955,15281,3
-905,-16550,-529,2193,224,12151,3
-459,-14014,2645,1651,841,8370,3
-760,-8972,3849,444,477,5232,3
-2340,-5899,3774,-397,22,3506,3
-4004,-5199,4006,-132,186,3091,3
-4892,-5030,3598,640,581,3352,3
-4790,-6367,2779,1116,820,3550,3
-4872,-8522,2176,1383,1132,3331,3
-5880,-12228,1613,1320,1458,2630,3
-6311,-17720,2087,-15,1299,1136,3
-5420,-16141,4247,-960,1079,-184,3
-4345,-11271,5828,-425,1412,-891,3
2494,-6689,4800,78,469,-710,3
2494,-6689,4800,78,469,-710,3
3623,-6818,4747,85,314,-949,3
4227,-7073,4661,-101,255,-1296,3
4304,-7552,5357,-409,176,-1621,3
4170,-7561,5508,-380,224,-1771,3
4166,-7796,5286,-155,380,-1966,3
3870,-7850,4993,-55,447,-2286,3
3341,-7648,4612,-115,404,-2680,3
2691,-7583,4012,-152,341,-3108,3
1850,-7280,3390,-53,339,-3490,3
996,-7253,2840,62,386,-3833,3
404,-7982,2371,147,477,-4289,3
210,-9671,2048,127,596,-5083,3
-1046,-13451,330,-650,923,-10050,3
-1046,-13451,330,-650,923,-10050,3
-2935,-12996,-780,-1099,1039,-11838,3
-4602,-12645,-2168,-1663,1263,-13176,3
-5808,-12478,-2766,-2328,1748,-14162,3
-7105,-12568,-2839,-3052,2621,-15168,3
-10423,-11184,-1993,-3285,3950,-16215,3
-15395,-7805,-29,-2991,5425,-16956,3
-20704,-2966,2233,-2130,6670,-17275,3
-25283,2024,3999,-1105,7330,-17195,3
-28178,7439,5180,-51,7603,-16455,3
-28410,13015,6423,474,7737,-14995,3
-25252,18626,9295,329,7554,-13142,3
-18651,25510,17636,-339,6989,-11384,3
-11408,-32367,25333,-1139,5986,-9773,3
-10150,31699,22829,-887,3840,-7938,3
-14061,22834,18110,-447,1674,-4489,3
-13405,16120,16188,62,1147,-113,3
-3913,9438,11289,-762,82,-131,3
-3101,8831,11101,-877,-163,243,3
-2317,7354,10563,-1010,-470,710,3
-1744,6019,9864,-1101,-704,1159,3
-1915,5385,8795,-1147,-872,1578,3
-2682,4787,7903,-1050,-948,1848,3
-2285,3295,7343,-886,-814,1876,3
-1869,3695,7405,-638,55,-121,3
-1940,4611,7709,-495,223,-169,3
-1909,5200,8092,-262,392,-31,3
-1788,5394,8530,-74,494,153,3
-2162,4897,8857,213,484,323,3
-2657,4729,8797,300,69,300,3
-2807,4698,8528,182,-1,143,3
-3126,5019,8365,27,-63,-31,3
-3167,5379,8390,-93,-101,-135,3
-3052,5621,8474,-90,-93,-136,3
-3001,5751,8504,9,-75,-87,3
-2893,5765,8527,95,-75,-16,3
-2762,5645,8503,174,-85,33,3
-2699,5365,7908,266,-180,243,3
-2657,5150,7691,220,-190,286,3
-2687,5026,7607,171,-176,308,3
-2476,4435,7969,-16,-104,12,3
-2039,4953,7943,-77,-172,38,3
-2039,4953,7943,-77,-172,38,3
-2051,4988,7860,-66,-154,104,3
-2079,4838,7798,-76,-142,145,3
-2145,4635,7814,-93,-116,129,3
-2156,4725,7925,-118,-82,107,3
-2183,4855,8036,-119,-53,66,3
-2201,4823,8108,-72,-32,3,3
-2194,4977,8133,7,-13,-16,3
-2176,5145,8120,60,-7,0,3
-2175,5213,8118,68,-14,4,3
-2191,5241,8177,57,-29,14,3
-2158,5261,8214,41,-39,29,3
-2279,5476,8220,21,-67,-14,3
-2279,5476,8220,21,-67,-14,3
-2255,5452,8245,28,-79,45,3
-2181,5231,8221,47,-88,83,3
-2090,5110,8174,38,-105,111,3
-1992,5069,8047,-3,-130,134,3
-2006,5002,7938,-35,-144,155,3
-2050,4817,7863,-36,-132,164,3
-2008,4587,7806,-18,-104,118,3
-2044,4555,7801,-29,-94,30,3
-2051,4756,7860,-45,-91,-37,3
-1999,5024,7946,-19,-66,-54,3
-1970,5090,8005,36,-35,-66,3
-2066,5182,8017,55,-28,-78,3
-2051,5236,8037,30,-47,-62,3
-1998,5276,8091,15,-55,-26,3
-1958,5339,8102,18,-53,15,3
-1938,5288,8045,10,-61,61,3
-1958,5050,7939,-4,-71,74,3
-1960,4740,7908,-21,-63,24,3
-1963,4701,7972,-32,-42,-48,3
-2009,4950,7990,-27,-30,-93,3
-2057,5008,8013,-37,-40,-111,3
-2045,4901,8050,-59,-45,-156,3
-2008,5002,8111,-68,-39,-192,3
-2032,5287,8132,-77,-38,-177,3
-2118,5461,8128,-85,-49,-128,3
-2102,5514,8153,-75,-54,-51,3
-2027,5470,8205,-33,-44,43,3
-2006,4786,8170,74,2,43,3
-2115,4732,8223,68,6,-60,3
-2086,5075,8299,23,-12,-102,3
-1988,5285,8277,10,-29,-112,3
-1940,5180,8229,-5,-36,-122,3
-1903,5026,8174,-44,-41,-148,3
-1983,5150,8130,-72,-43,-152,3
-2012,5353,8110,-63,-39,-116,3
-2059,5485,8168,-29,-38,-36,3
-2015,5490,8211,2,-35,54,3
-1956,5250,8221,19,-29,92,3
-2071,4857,8280,16,-21,31,3
-2194,5577,8493,-119,-45,-189,3
-2142,5582,8529,-94,-42,-134,3
-2195,5488,8540,-43,-21,-102,3
-2206,5336,8594,-7,1,-92,3
-2201,5053,8682,-34,6,-185,3
-2411,5091,8773,-123,-3,-342,3
-2626,5296,8933,-233,-11,-502,3
-2760,5552,9158,-341,-22,-637,3
-2965,5644,9389,-449,-52,-795,3
-3724,5731,9666,-542,-80,-978,3
-4913,5701,10381,-654,-75,-1225,3
-6250,5715,12062,-921,-17,-1534,3
-7514,6784,14796,-1601,-31,-1919,3
-8527,8667,18671,-2627,-358,-2321,3
-9858,9832,23645,-3766,-1285,-2563,3
-11995,9443,28203,-4780,-3031,-2586,3
-14611,7795,31464,-5400,-5613,-2519,3
-16656,5678,32611,-5531,-8535,-2325,3
-18016,5268,31009,-5184,-11116,-2089,3
-18259,5885,27967,-4597,-13120,-1929,3
-16820,6372,24281,-3903,-14572,-1545,3
-14872,6532,20183,-3234,-15530,-789,3
-13290,6723,15036,-2762,-16002,3,3
-9718,2506,-177,-1611,-15220,1466,3
-8345,2316,-6604,-1565,-13960,1568,3
-6840,1425,-12099,-1865,-12155,1481,3
-4776,225,-15622,-2130,-10220,1227,3
-3249,-1778,-17475,-1960,-8512,674,3
-2109,-3104,-19398,-811,-7066,26,3
-1806,-3065,-22938,1082,-5372,-292,3
-1069,-2171,-24698,2352,-3555,-458,3
1691,5087,-14565,811,-646,-721,3
1691,5087,-14565,811,-646,-721,3
3116,5468,-10963,-255,-572,-114,3
4828,3365,-7848,-1083,-586,704,3
6355,234,-5619,-1358,-490,1286,3
7689,-2029,-3847,-1225,-218,1487,3
8547,-3423,-2000,-1032,68,1439,3
9311,-4289,-496,-758,305,1334,3
10034,-4614,307,-373,528,1083,3
10382,-4393,645,-135,691,646,3
10301,-3712,756,-92,790,204,3
10011,-2687,606,-98,842,-86,3
9853,-1819,-114,-142,842,-220,3
9681,-1387,-1143,-313,852,-242,3
9396,-1376,-1976,-491,923,-264,3
9035,-1553,-2527,-591,1041,-337,3
8670,-1635,-2910,-674,1160,-412,3
8314,-1613,-3174,-668,1274,-486,3
8099,-1409,-3453,-575,1431,-530,3
5032,2075,-7744,852,3416,-362,3
4637,1640,-9372,1351,4052,42,3
4382,993,-11299,2043,4940,428,3
1154,-52,-13592,3613,9532,773,3
-2333,1454,-11071,3970,11467,670,3
-6438,3629,-7275,4526,13201,514,3
-10982,6450,-2943,5597,14670,266,3
-15116,8516,1862,6403,15777,-37,3
-18356,9802,6905,6720,16341,-221,3
-20220,10170,12792,6562,16264,-79,3
-20453,9482,20143,6166,15643,133,3
-18925,9873,27240,5460,14295,136,3
-16506,10853,30710,4538,11677,22,3
-14698,9097,29760,3486,7966,276,3
-13234,5935,26343,2361,4575,895,3
-11684,4415,22539,1187,2240,958,3
-9890,5387,19369,-132,599,358,3
-8457,6775,16952,-1726,-750,-393,3
-7210,6907,14790,-3074,-1762,-845,3
-5974,6547,12727,-3453,-2102,-1005,3
-4670,5755,11346,-3140,-1918,-967,3
-3502,4747,10836,-2477,-1445,-713,3
-2694,3694,11024,-1640,-941,-314,3
-2390,2881,11108,-700,-573,79,3
-2197,2576,10831,94,-352,377,3
-1891,2752,10301,626,-228,570,3
-1752,2737,9871,957,-151,606,3
-1875,2883,9676,1217,-40,605,3
-2002,3119,9617,1396,59,665,3
-1983,3189,9534,1428,105,730,3
-2109,3106,9495,1380,138,660,3
-2184,3216,9592,1211,175,500,3
-2135,3403,9736,918,176,344,3
-2142,3501,9853,635,117,201,3
-1998,3476,9962,464,69,134,3
-1946,3593,10030,400,62,160,3
-2005,3663,10081,380,29,175,3
-1922,3732,10076,329,-54,188,3
-1904,3697,9822,323,-149,237,3
-1915,3481,9443,375,-205,266,3
-1941,3374,9153,397,-224,251,3
-2045,3593,8968,390,-199,204,3
-2157,4054,8962,356,-171,161,3
-2199,4340,9007,290,-176,162,3
-2109,4424,9081,226,-186,197,3
-2066,4708,9240,194,-171,247,3
-2042,4965,9454,162,-181,301,3
-1951,4692,9492,105,-240,324,3
-1805,4192,9398,33,-317,284,3
-1792,3940,9203,-38,-398,243,3
-1792,3779,9025,-81,-453,195,3
-1794,3616,8810,-95,-484,134,3
-1726,3482,8573,-64,-479,91,3
-1638,3585,8403,-2,-418,62,3
-1662,3906,8373,35,-337,35,3
-1655,4237,8526,25,-275,36,3
-1302,4328,8486,59,-251,266,3
-1260,4049,8366,59,-234,284,3
-1316,3772,8279,3,-231,242,3
-1361,3530,8312,-62,-234,158,3
-1255,3408,8417,-31,-189,55,3
-1256,3589,8487,18,-153,2,3
-1268,3817,8496,50,-133,-38,3
-1234,4089,8502,44,-116,-43,3
-1300,4103,8524,17,-84,165,3
-1242,3849,8602,17,-51,204,3
-1204,3713,8705,21,-7,168,3
-1344,3702,8857,31,27,94,3
-1413,3828,8997,41,48,55,3
-1373,3942,9085,51,45,51,3
-1310,4029,9095,31,23,60,3
-1282,4093,9088,-6,-17,70,3
-1158,4075,8997,-34,-66,97,3
-1158,4075,8997,-34,-66,97,3
-1103,3998,8810,-49,-92,152,3
-1193,3808,8645,-60,-90,192,3
-1096,3379,8639,-77,-51,121,3
-1119,3221,8757,-134,-15,-36,3
-1282,3345,8946,-202,-13,-142,3
-1248,3547,9077,-213,-23,-185,3
-1168,3695,9122,-193,-38,-199,3
-1107,3823,9086,-173,-56,-170,3
-1195,4049,8652,-94,-86,-13,3
-1276,3949,8666,-77,-50,25,3
-1230,3725,8838,-52,-4,29,3
-1286,3926,9398,67,54,-115,3
-1289,4124,9489,41,22,-113,3
-1212,4107,9486,-6,-33,-95,3
-1158,4121,9346,-20,-80,-49,3
-1193,4098,9129,-10,-103,1,3
-1246,4048,8937,-15,-111,50,3
-1127,3754,8870,-29,-96,62,3
-1133,3457,8927,-25,-74,-10,3
-1272,3574,9027,-26,-46,-90,3
-1285,3840,9191,-24,-26,-116,3
-1245,3960,9305,-8,-19,-129,3
-1215,4059,9304,3,-38,-120,3
-1143,4075,9197,1,-65,-88,3
-1173,4053,9045,-18,-88,-32,3
-1215,3879,8879,-50,-105,3,3
-1264,3560,8857,-127,-126,-28,3
-1271,3460,8931,-214,-142,-100,3
-1328,3565,9000,-194,-127,-153,3
-1309,3848,9039,-103,-95,-168,3
-1306,4217,9062,-47,-76,-129,3
-1260,4397,9097,-33,-88,-64,3
-1177,4411,9027,-21,-100,19,3
-1094,4272,8907,-7,-102,95,3
-1010,3990,8821,-25,-104,149,3
-974,3785,8766,-41,-94,184,3
-936,3293,8723,-49,-77,146,3
-987,2965,8698,-58,-60,30,3
-1119,3170,8740,-70,-45,-23,3
-1100,3494,8862,-56,-18,-53,3
-1126,3701,8978,-35,1,-66,3
-1181,3826,9037,-43,-3,-62,3
-1282,3988,9065,-61,-11,-45,3
-1646,4260,9590,-26,100,-22,3
-1646,4260,9590,-26,100,-22,3
-1834,4477,9908,-130,118,-92,3
-2281,4964,10503,-217,135,-158,3
-3092,5693,11433,-251,120,-190,3
-3797,7364,13561,-237,-11,-197,3
-4693,9883,17411,-173,-363,-264,3
-6864,11624,21665,-78,-1046,-265,3
-9056,11976,24431,-81,-2155,56,3
-10832,13044,25691,-154,-3614,876,3
-11150,14601,27240,-159,-5255,2110,3
-10425,15542,27762,203,-6903,3428,3
-10509,16282,26808,778,-8492,4874,3
-11024,16761,25507,1325,-9868,6875,3
-11651,16187,22356,2163,-10697,9349,3
-12310,12885,18561,2843,-10988,11750,3
-13316,5790,14117,3378,-11197,13560,3
-11803,-351,10188,4021,-10837,14670,3
-10713,-3750,5855,4276,-9982,15304,3
-8806,-6482,-496,4029,-8587,15336,3
-5984,-9307,-4801,3041,-6826,14497,3
-3318,-11126,-6833,1356,-5366,12534,3
-4358,-11779,-9020,-516,-4448,9937,3
-7389,-13006,-11885,-1636,-3538,7362,3
-11099,-14517,-14183,-1759,-2287,5551,3
-13228,-16320,-15975,-1681,-882,4753,3
-11995,-17933,-15034,-1850,235,4480,3
-9030,-17947,-11904,-2062,958,4014,3
-4761,-16555,-8825,-2136,1347,2958,3
-313,-13376,-5674,-2209,1459,1408,3
2832,-9144,-2469,-2173,1476,-237,3
4868,-5018,-15,-2011,1490,-1308,3
6359,-2470,1490,-1913,1519,-1571,3
7271,-1719,1916,-1718,1699,-1358,3
6368,-4284,-446,-1609,2732,-832,3
5279,-5627,-859,-1627,3100,-730,3
4277,-6982,-1343,-1490,3354,-699,3
3465,-8111,-1711,-1250,3502,-827,3
2843,-8729,-1798,-918,3521,-1120,3
2318,-9068,-1892,-439,3454,-1606,3
2023,-9087,-2212,78,3398,-2254,3
1903,-8605,-2578,460,3401,-2971,3
1723,-7421,-2795,619,3467,-3564,3
1596,-6088,-2509,724,3693,-3916,3
1649,-5033,-1483,920,4105,-4058,3
1611,-4039,-371,1192,4557,-4043,3
1467,-3221,429,1456,4958,-3986,3
1383,-2479,1064,1699,5340,-3914,3
1304,-1549,1608,1929,5691,-3828,3
956,-539,2168,2145,5958,-3754,3
557,306,2807,2291,6095,-3700,3
-2,997,3347,2374,6179,-3682,3
-2549,1484,4495,2941,6763,-3823,3
-6190,7647,13763,3375,8048,-4724,3
-6190,7647,13763,3375,8048,-4724,3
-6136,8134,16088,2563,7358,-4328,3
-6378,8684,18704,1880,6594,-3960,3
-6532,9270,21227,1306,5778,-3674,3
-6899,9674,22555,828,4713,-3286,3
-7761,9256,22342,552,3448,-2704,3
-7662,8461,20840,394,2393,-1874,3
-6935,7969,18846,310,1453,-756,3
-5649,7211,16844,378,774,258,3
-4563,6409,15130,550,425,895,3
-3840,5734,13911,673,304,1150,3
-3326,5184,13077,603,267,1227,3
-2994,2972,12459,403,128,850,3
-1379,3032,9204,-226,-181,172,3
-1379,3032,9204,-226,-181,172,3
-1517,2850,9443,-144,-143,150,3
-1602,2626,9566,-116,-167,154,3
-1547,2405,9454,-61,-221,152,3
-1529,2349,9326,47,-237,107,3
-1541,2437,9259,108,-242,75,3
-1529,2473,9208,117,-244,49,3
-1535,2592,9171,122,-246,58,3
-1579,2710,9178,122,-267,88,3
-1454,2737,9118,127,-293,127,3
-1386,2864,9049,133,-278,174,3
-1331,2946,9069,114,-240,210,3
-1176,2853,9160,66,-208,224,3
-1055,2681,9219,52,-182,184,3
-1012,2601,9161,64,-156,108,3
-1180,2584,9112,36,-144,69,3
-1318,2549,9198,11,-126,51,3
-1300,2545,9341,23,-96,49,3
-1188,2569,9490,43,-82,58,3
-1124,2667,9492,54,-93,60,3
-1069,2749,9456,32,-110,68,3
-1046,2766,9371,-8,-129,98,3
-1122,2721,9311,-45,-151,140,3
-1140,2475,9335,-70,-170,157,3
-1100,2205,9416,-74,-181,140,3
-1077,2083,9431,-30,-193,92,3
-1021,2063,9348,51,-197,10,3
-1065,2434,9202,118,-186,-53,3
-966,2710,9156,120,-174,-98,3
-842,2833,9148,65,-157,-101,3
-841,3000,9091,30,-131,-72,3
-925,3028,9064,16,-88,-60,3
-1040,3074,9210,-9,-36,-42,3
-1023,3120,9462,-52,-4,-14,3
-1036,3088,9636,-80,-3,18,3
-1039,2858,9822,-86,-30,26,3
-1035,2515,9883,-52,-85,0,3
-1013,2279,9743,9,-143,-66,3
-926,2418,9498,46,-168,-133,3
-879,2740,9287,29,-175,-174,3
-784,2822,9148,-24,-177,-186,3
-823,2796,9098,-51,-147,-188,3
-865,2776,9190,-61,-93,-214,3
-1073,3359,9748,-103,-29,-221,3
-1073,3359,9748,-103,-29,-221,3
-1063,3411,9954,-107,-48,-150,3
-932,3228,10036,-130,-109,-110,3
-857,2879,9962,-145,-184,-111,3
-842,2698,9743,-124,-234,-133,3
-851,2642,9391,-140,-270,-136,3
-688,2280,9113,-248,-314,-191,3
-666,2033,8898,-333,-332,-273,3
-826,2086,8746,-362,-295,-352,3
-845,2253,8851,-385,-225,-443,3
-776,2511,9174,-412,-165,-510,3
-738,2800,9419,-433,-136,-512,3
-705,2997,9585,-449,-136,-465,3
-659,2868,9696,-484,-168,-437,3
-743,2581,9695,-487,-214,-421,3
-889,2553,9681,-453,-239,-349,3
-817,2582,9656,-426,-241,-288,3
-725,2458,9636,-414,-234,-275,3
-695,2371,9709,-422,-210,-298,3
-695,2371,9709,-422,-210,-298,3
-662,2411,9812,-420,-167,-327,3
-615,2451,9984,-383,-119,-351,3
-684,2525,10198,-336,-73,-337,3
-695,2628,10435,-298,-48,-302,3
-689,2812,10668,-262,-50,-264,3
-634,2784,10840,-270,-84,-242,3
-739,2724,11024,-320,-137,-246,3
-1055,3111,11590,-338,-174,-242,3
-1285,3584,12653,-302,-278,-270,3
-1650,4090,14147,-134,-352,-330,3
-2248,5153,16430,111,-457,-375,3
-2889,6653,19751,435,-735,-399,3
-3689,8771,23669,728,-1401,-279,3
-4878,10683,26896,1095,-2593,-151,3
-6457,12501,28166,1504,-4255,296,3
-7670,13393,27725,2033,-6038,1319,3
-9347,14224,26291,2913,-7459,2641,3
-10649,13964,22921,3728,-8776,4373,3
-10666,12591,19980,4768,-9751,6508,3
-10938,12131,18257,5886,-10127,9228,3
-10234,10890,16099,7127,-10066,11528,3
-9209,7616,12956,7950,-9604,13101,3
-6979,-3196,-1222,5004,-5586,15128,3
-6979,-3196,-1222,5004,-5586,15128,3
-6332,-7144,-3644,3965,-4266,14595,3
-5405,-9955,-4579,3031,-2994,13671,3
-5600,-10732,-4862,2266,-1780,12269,3
-6966,-12542,-3820,1724,-718,10161,3
-8901,-13445,-4295,1344,-33,7961,3
-11024,-14535,-4767,1111,487,6056,3
-12022,-16087,-3128,976,1031,4630,3
-11004,-16864,-1130,846,1373,3704,3
-9063,-16682,193,739,1514,3011,3
-6634,-16215,1108,678,1531,2221,3
-4043,-15081,1939,580,1499,1307,3
4598,-7725,4218,-290,514,-2066,3
4598,-7725,4218,-290,514,-2066,3
5579,-6015,4534,-238,326,-2574,3
6012,-4380,4605,-98,214,-2844,3
5895,-3439,4377,64,112,-2888,3
5492,-3395,3866,169,-12,-2727,3
4825,-3936,3243,265,-98,-2407,3
4067,-4951,2497,368,-51,-2048,3
3331,-6371,1658,420,80,-1749,3
2819,-7901,889,401,271,-1634,3
2542,-9446,519,288,478,-1830,3
2497,-10877,414,61,690,-2423,3
2632,-12073,477,-228,887,-3442,3
691,-9856,-153,-1195,1811,-9407,3
691,-9856,-153,-1195,1811,-9407,3
-11,-9347,-762,-1028,2265,-10483,3
-733,-10167,-1616,-949,2787,-11614,3
-2582,-9936,-1794,-1151,3290,-12647,3
-5208,-7898,-1393,-1537,3795,-13433,3
-8533,-4183,-142,-1818,4411,-13664,3
-11045,593,2112,-2157,5054,-13251,3
-11176,15722,10488,-1739,7162,-9336,3
-11176,15722,10488,-1739,7162,-9336,3
-6480,20196,15504,-2294,6870,-8270,3
-2273,23340,20857,-2742,5943,-7310,3
-1338,21377,22287,-2523,4456,-5843,3
-5025,18069,20696,-1652,2915,-3790,3
-7391,14658,19385,-588,1830,-1622,3
-6799,12723,17198,507,1230,454,3
-5261,12093,14607,1186,859,2075,3
-3943,11927,12477,1498,819,2953,3
-3392,11565,11146,1318,827,3183,3
-2521,10090,10862,766,785,3035,3
585,5444,10452,-118,629,1145,3
632,4782,10085,-334,508,952,3
458,4025,9711,-500,392,892,3
284,3622,9393,-512,332,865,3
322,3605,9118,-400,350,825,3
313,3805,8982,-223,422,745,3
293,4046,8986,-60,523,672,3
416,4276,9128,14,572,617,3
507,4519,9152,22,548,574,3
489,4705,9021,1,493,537,3
426,4838,8820,-31,429,535,3
296,4963,8594,20,420,557,3
244,5146,8407,137,478,544,3
250,5263,8309,185,549,442,3
275,5169,8437,105,610,271,3
290,5214,8713,-11,673,84,3
195,5414,9008,-78,737,-53,3
142,5642,9241,-150,753,-92,3
116,5657,9440,-248,698,-42,3
59,5530,9512,-302,617,103,3
0,5320,9409,-312,529,291,3
-105,4771,9164,-297,461,417,3
-336,4212,8948,-268,436,457,3
-492,3785,8909,-222,433,405,3
-586,3589,8994,-137,443,263,3
-586,3589,8994,-137,443,263,3
-645,3774,9170,-26,452,114,3
-577,4188,9325,34,439,6,3
-509,4698,9378,26,389,-20,3
-484,5042,9355,6,333,48,3
-452,5048,9275,-25,268,167,3
-507,4744,9069,-65,202,312,3
-630,4332,8883,-70,157,427,3
-857,3994,8753,-31,144,435,3
-990,3747,8727,31,166,354,3
-973,3645,8820,62,202,199,3
-1035,3996,8933,54,235,12,3
-1137,4581,9053,-2,227,-107,3
-1036,4972,9123,-67,180,-76,3
-906,5047,9025,-83,139,54,3
-893,4895,8873,-65,125,213,3
-940,4648,8727,-71,122,360,3
-1010,4203,8583,-107,120,454,3
-1227,3605,8541,-111,129,439,3
-1426,3129,8569,-59,185,295,3
-1503,3261,8634,-20,243,165,3
-1367,3621,8742,-37,265,82,3
-1246,3945,8855,-85,272,26,3
-1217,4180,8889,-122,259,27,3
-1146,4272,8865,-147,235,94,3
-1025,4161,8838,-161,211,202,3
-1013,3911,8771,-164,198,292,3
-1092,3618,8679,-134,193,338,3
-1137,3183,8667,-71,221,295,3
-1309,2882,8775,-28,272,145,3
-1491,2944,9050,-20,315,-33,3
-1465,3390,9349,-62,319,-159,3
-1377,3780,9510,-132,292,-246,3
-1387,4079,9548,-157,268,-271,3
-1349,4290,9587,-140,248,-209,3
-1283,4276,9595,-149,210,-102,3
-1322,4298,9532,-176,135,18,3
-1313,4114,9319,-189,49,125,3
-1303,3834,9095,-160,4,209,3
-1242,3414,9020,-73,7,225,3
-1125,3051,8992,33,42,142,3
-1156,3125,8937,118,86,2,3
-1200,3538,8913,107,104,-88,3
-1096,3814,9013,36,101,-108,3
-1035,3940,9088,-4,103,-87,3
-1040,3859,9077,-24,108,-62,3
-1097,3714,9041,-56,115,-69,3
-1212,3744,9088,-94,121,-108,3
-1218,3891,9211,-134,115,-132,3
-1267,3851,9259,-127,103,-168,3
-1236,3863,9281,-97,112,-234,3
-1098,3973,9371,-86,132,-322,3
-1060,4070,9501,-103,137,-427,3
-1292,4966,9842,-145,64,-468,3
-1292,4966,9842,-145,64,-468,3
-1288,4808,10024,-151,59,-431,3
-1313,4448,10161,-142,51,-485,3
-1497,4298,10157,-82,76,-629,3
-1568,4234,10157,-6,138,-840,3
-1786,4455,10192,6,163,-1062,3
-2217,5066,10356,13,173,-1192,3
-2695,5947,10631,67,183,-1164,3
-3314,6937,11066,202,181,-1009,3
-3514,8132,12086,462,143,-772,3
-3510,9499,13558,857,-58,-460,3
-4412,10556,14662,1320,-315,-62,3
-4823,11221,16014,1626,-647,358,3
-5014,12396,17569,1717,-1219,814,3
-5379,14220,18627,1670,-2035,1250,3
-5874,15323,18971,1711,-2978,1754,3
-7182,15907,19524,1948,-3943,2605,3
-9197,15959,19564,2484,-4941,3712,3
-10771,16284,18116,3073,-5801,5217,3
-10993,17496,15891,3392,-6418,7443,3
-11303,18324,12380,4109,-6427,10026,3
-10139,-11396,-1574,1039,2096,14950,3
-9526,-15953,-238,506,2862,13291,3
-12300,-16571,3087,-374,1840,2277,3
-11985,-17024,4203,-755,1531,1266,3
-8573,-15009,6232,-1184,1192,881,3
-4716,-11103,6222,-796,1163,578,3
-1492,-8370,5703,-299,1258,163,3
1331,-5964,5770,-179,1165,-55,3
3674,-4434,5770,-173,983,-121,3
4895,-3962,5458,-233,879,-170,3
5649,-3712,6426,-331,769,-215,3
5964,-3877,6544,-294,622,-242,3
5697,-4591,6617,-339,479,-293,3
5275,-5484,6749,-435,287,-400,3
4672,-6141,6743,-415,134,-591,3
3778,-6506,6772,-342,42,-820,3
3049,-6912,6636,-320,-88,-1006,3
2638,-7221,6391,-330,-218,-1126,3
2638,-7221,6391,-330,-218,-1126,3
2245,-7495,6094,-306,-295,-1260,3
1869,-7796,5632,-284,-351,-1461,3
1507,-8018,5019,-250,-387,-1728,3
1119,-8288,4339,-225,-382,-2069,3
768,-8600,3699,-257,-340,-2494,3
457,-9043,3128,-346,-258,-3073,3
105,-9666,2535,-502,-129,-3865,3
-282,-10191,2237,-673,62,-4843,3
-11850,3822,4203,-63,4177,-12469,3
-11850,3822,4203,-63,4177,-12469,3
-13401,6557,5133,323,4891,-12274,3
-14564,10137,5758,633,5537,-11726,3
-14493,14164,6365,679,6008,-10994,3
-12335,17366,8429,337,5952,-10134,3
-8924,19552,12015,-208,5257,-9106,3
-6409,20399,15659,-649,4185,-7884,3
-5255,20290,17031,-689,3122,-6478,3
-7792,16515,12974,627,1240,-1932,3
-7792,16515,12974,627,1240,-1932,3
-7534,14731,11955,763,1144,-510,3
-6074,13507,11543,519,1122,379,3
-4701,11741,11626,3,946,627,3
-3715,9858,11731,-512,715,559,3
-2658,8068,11526,-821,560,324,3
-2886,4897,9658,-743,379,-627,3
-2886,4897,9658,-743,379,-627,3
-2979,5211,9854,-507,468,-557,3
-2709,5919,10289,-320,528,-506,3
-2525,6446,10747,-139,547,-487,3
-2348,6729,11042,32,492,-437,3
-2215,6817,11075,140,343,-297,3
-2091,6724,10864,197,182,-85,3
-2009,6405,10659,189,30,136,3
-1828,5612,10362,84,-107,273,3
-2032,4914,9884,-86,-225,308,3
-2406,4363,9493,-181,-260,221,3
-2705,4081,9481,-207,-205,9,3
-2522,3907,9684,-245,-177,-233,3
-2384,4395,9836,-264,-211,-341,3
-2343,5067,9815,-243,-252,-340,3
-2176,5344,9726,-211,-283,-270,3
-2133,5305,9589,-192,-330,-132,3
-2138,5020,9438,-170,-385,20,3
-2168,4684,9140,-136,-426,162,3
-2375,4368,8860,-91,-431,245,3
-2510,3964,8776,-55,-411,209,3
-2687,3721,8899,-52,-382,93,3
-2670,3784,9192,-65,-365,-13,3
-2628,4034,9386,-102,-397,-64,3
-2533,4303,9417,-175,-467,-90,3
-2413,4436,9374,-273,-564,-95,3
-2320,4324,9158,-335,-651,-38,3
-2187,4047,8891,-362,-705,53,3
-2201,3711,8616,-410,-734,97,3
-2221,3355,8503,-479,-736,61,3
-1926,3675,9030,-457,-528,-405,3
-1909,3996,9126,-501,-548,-410,3
-1683,4067,9064,-524,-605,-381,3
-1585,4059,8837,-476,-638,-295,3
-1626,3921,8718,-349,-613,-192,3
-1586,3671,8716,-178,-547,-104,3
-1545,3243,8822,-27,-487,-131,3
-1629,3083,8912,57,-452,-235,3
-1630,3300,9028,125,-428,-298,3
-1552,3615,9055,172,-399,-326,3
-1446,3832,9045,116,-406,-348,3
-1334,4000,9004,-23,-451,-323,3
-1320,3578,8745,-186,-499,-303,3
-1301,3445,8626,-66,-471,-317,3
-1188,3615,8567,61,-426,-318,3
-1049,3810,8679,124,-406,-312,3
-1012,3942,8752,165,-396,-283,3
-914,3974,8758,189,-372,-255,3
-841,3894,8759,150,-369,-254,3
-839,3876,8712,83,-385,-273,3
-846,3917,8622,38,-381,-280,3
-865,3972,8534,30,-357,-268,3
-882,3901,8526,32,-332,-281,3
-919,3913,8537,31,-315,-320,3
-908,3970,8668,37,-307,-380,3
-875,4009,8803,53,-310,-439,3
-860,4201,8844,116,-295,-443,3
-798,4407,8778,183,-267,-414,3
-847,4322,8466,82,-199,-407,3
-847,4322,8466,82,-199,-407,3
-776,4764,8672,123,-144,-420,3
-685,4978,8807,132,-136,-423,3
-606,4903,8846,124,-151,-442,3
-535,4887,8861,141,-153,-466,3
-448,5114,8904,152,-145,-436,3
-373,5274,8874,149,-149,-366,3
-274,5049,8699,129,-166,-334,3
-308,4664,8500,82,-192,-382,3
-423,4569,8400,71,-174,-490,3
-541,4810,8445,95,-118,-599,3
-616,5124,8577,142,-63,-657,3
-633,5412,8618,183,-31,-659,3
-566,5366,8883,254,-11,-634,3
-566,5366,8883,254,-11,-634,3
-584,5164,8875,299,4,-666,3
-656,4875,8903,286,23,-801,3
-853,4831,9008,229,53,-984,3
-1042,5205,9172,222,112,-1127,3
-1267,5681,9378,233,148,-1180,3
-1419,5989,9565,223,127,-1121,3
-1470,6255,9703,234,75,-1008,3
-1509,6573,9868,286,11,-927,3
-1517,6942,10108,362,-39,-899,3
-1828,7515,10348,406,-113,-907,3
-4404,11147,13193,475,-752,-786,3
-5334,13741,15650,762,-1023,-491,3
-6798,17067,18672,1072,-1610,-104,3
-9277,20029,21453,1364,-2563,643,3
-12620,23380,24216,1709,-4113,2543,3
-16300,28325,25670,1981,-6134,6015,3
-20951,31070,24416,2352,-8318,10676,3
-24457,27643,21611,3022,-10211,15917,3
-23508,17509,18154,4148,-11096,17453,3
-18281,10041,14217,5930,-10436,17453,3
-14629,4389,11318,7141,-9148,17453,3
-12542,-300,7852,6681,-7857,17453,3
-10689,-3979,2608,5270,-6359,17453,3
-9530,-8365,-2402,3989,-4365,17453,3
-9768,-14265,-5660,3044,-2131,16046,3
-8510,-19144,-4818,2157,-92,14066,3
-6511,-17933,-2822,1069,1055,11269,3
-6915,-14826,-1598,29,1391,7603,3
-11044,-10246,-1266,-1160,1124,1364,3
-10482,-10607,-1444,-427,1511,1336,3
-8980,-11426,-1508,260,1891,1449,3
-6961,-12168,-938,533,2046,1376,3
-2353,-11633,1926,365,1920,348,3
-594,-10510,3441,167,1645,-401,3
1051,-9366,4581,-63,1270,-1020,3
2673,-8288,5508,-205,877,-1428,3
4121,-7316,6112,-153,546,-1703,3
5180,-6265,6269,-8,267,-1907,3
5658,-5261,6050,104,41,-2065,3
5645,-4970,5700,177,-123,-2197,3
5135,-5164,5062,258,-217,-2250,3
4417,-5505,4229,354,-244,-2215,3
3500,-5911,3411,419,-219,-2143,3
2519,-6706,2723,404,-136,-2123,3
1558,-8005,2184,229,-34,-2236,3
841,-9648,1601,-107,22,-2614,3
483,-11403,1025,-508,66,-3450,3
239,-12628,548,-857,198,-4808,3
-280,-12953,316,-1073,439,-6494,3
-1234,-12209,179,-1107,780,-8135,3
-2175,-11194,69,-1003,1147,-9561,3
-3334,-10187,-520,-785,1529,-10785,3
-4488,-10015,-1638,-541,1893,-11858,3
-5895,-9848,-2519,-158,2415,-12820,3
-17443,3099,-1,1059,4479,-14604,3
-20265,8150,1036,1971,4964,-14505,3
-21858,12470,1757,2195,5502,-14242,3
-22379,17979,2116,1878,6243,-13672,3
-20743,23597,4701,869,6707,-13132,3
-15805,28772,11650,-744,6478,-12606,3
-10162,-31719,20770,-2231,5596,-11336,3
-7891,-30873,22552,-2746,3992,-9117,3
-10998,29279,18234,-1829,2191,-5985,3
-12317,18025,15416,1146,1317,1287,3
-10837,14942,13134,1852,1215,3143,3
-9555,12207,11157,1281,905,3557,3
-7178,9919,10555,60,490,2814,3
-4832,8542,10822,-973,174,1607,3
-3304,8487,11322,-1355,77,578,3
-2478,9069,11286,-1171,69,-19,3
-2048,9259,10604,-937,-42,-54,3
-1692,8809,9783,-836,-225,319,3
-1387,7494,9050,-661,-344,682,3
-1120,6088,8549,-384,-327,898,3
-1120,6088,8549,-384,-327,898,3
-932,5364,8203,-136,-229,1033,3
-817,4976,7931,-58,-158,1078,3
-871,4380,7567,-237,-186,937,3
-1367,3427,7358,-533,-269,542,3
-1596,3107,7374,-603,-232,79,3
-1658,4054,7442,-394,-42,-208,3
-1766,5383,7484,-234,103,-328,3
-1831,6301,7486,-241,126,-331,3
-1719,6628,7546,-292,90,-245,3
-1684,6696,7680,-270,82,-102,3
-1708,6738,7861,-180,111,37,3
-1828,6686,8008,-93,110,107,3
-2162,6453,7996,-54,61,131,3
-2413,6276,7909,-70,3,154,3
-2232,7043,7565,-134,-123,7,3
-2232,7043,7565,-134,-123,7,3
-2290,7023,7490,-115,-128,90,3
-2333,6893,7483,-74,-144,190,3
-2258,6627,7441,1,-150,265,3
-2287,6347,7361,61,-136,297,3
-2346,6044,7327,82,-113,248,3
-2401,5862,7380,90,-84,123,3
-2512,5979,7479,97,-72,-5,3
-2449,6357,7583,95,-110,-50,3
-2242,6648,7556,93,-181,11,3
-1952,6690,7360,115,-226,126,3
-1778,6549,7169,133,-225,220,3
-1695,6286,7053,101,-214,287,3
-1723,6086,6972,43,-207,347,3
-1828,5837,6973,25,-187,374,3
-1743,5488,7075,45,-143,348,3
-1749,5661,7301,1,-82,23,3
-1709,6334,7377,-125,-129,17,3
-1744,6240,7368,-132,-123,48,3
-1707,6261,7459,41,-28,119,3
-1687,6217,7583,47,-1,61,3
-1723,6356,7682,6,-11,32,3
-1654,6433,7756,-54,-52,54,3
-1516,6231,7738,-109,-104,95,3
-1479,6052,7625,-130,-139,140,3
-1511,5892,7495,-128,-143,140,3
-1622,5843,7434,-126,-134,95,3
-1612,5767,7476,-153,-133,22,3
-1666,5861,7549,-189,-143,-12,3
-1685,5971,7586,-172,-135,-33,3
-1643,6040,7667,-134,-122,-55,3
-1558,6107,7753,-125,-140,-79,3
-1500,6209,7749,-122,-172,-66,3
-1511,5575,7595,-153,-151,-363,3
-1454,6301,8033,39,-76,-187,3
-1471,6130,7965,41,-96,-181,3
-1458,5861,7913,-36,-131,-227,3
-1565,5722,7916,-145,-164,-339,3
-1636,5789,7962,-221,-169,-465,3
-1719,6111,8013,-224,-143,-547,3
-1731,6375,8006,-205,-115,-567,3
-1812,6456,8006,-186,-98,-582,3
-1866,6581,8117,-165,-94,-581,3
-1975,6815,8224,-122,-115,-516,3
-2000,6854,8274,-80,-138,-437,3
-2123,6917,8387,-72,-154,-373,3
-2343,6990,8535,-91,-164,-325,3
-2590,7127,8731,-121,-192,-311,3
-2749,7501,8946,-123,-210,-311,3
-2942,8516,9331,-120,-229,-320,3
-8367,19385,17943,-23,-1800,327,3
-10132,21315,19330,-118,-2980,1515,3
-12196,23909,20078,-156,-4580,3716,3
-5861,-10750,2178,-106,-49,2243,3
-5861,-10750,2178,-106,-49,2243,3
3805,-7648,5443,-636,333,-2132,3
4399,-6711,5697,-529,205,-2427,3
4806,-5983,5585,-385,106,-2582,3
3976,-6457,3611,-316,55,-2983,3
3483,-7755,2776,-479,143,-3335,3
3128,-9314,2084,-778,255,-4040,3
2606,-10442,1673,-1084,475,-5108,3
1996,-11029,1467,-1290,789,-6393,3
1523,-11821,1176,-1501,1062,-7869,3
876,-12991,178,-1688,1330,-9531,3
-478,-13549,-1298,-1773,1714,-11234,3
-2389,-13032,-2115,-1809,2293,-12659,3
-4829,-11827,-2263,-1872,3087,-13713,3
-7625,-9562,-1698,-2129,3914,-14288,3
-10351,-6508,-196,-2322,4751,-14439,3
-13303,-3052,1760,-2136,5560,-14551,3
-16129,948,3609,-1420,6161,-14580,3
-17822,5104,4761,-499,6556,-14123,3
-18288,9361,5304,110,6763,-13127,3
-17147,13712,6719,449,6831,-11696,3
-14084,18575,10254,578,6732,-10116,3
-9684,24554,16496,318,6280,-8660,3
-8110,25325,18621,348,3383,-5835,3
-10506,19634,15571,496,1937,-3355,3
-10990,15920,14632,715,1482,-606,3
-10344,13691,14010,1089,1241,1167,3
-9061,12027,12647,1020,877,1673,3
-7747,11251,11444,333,440,1546,3
-6414,10488,10933,-612,-70,1233,3
-4801,9777,10898,-1244,-400,881,3
-1563,8953,10070,-669,-433,906,3
-917,7805,9579,-340,-403,1200,3
-326,6435,9070,-121,-382,1361,3
-1229,3243,7302,-151,-411,963,3
-964,3108,7215,-63,-204,527,3
-902,4142,7306,-10,2,178,3
-775,5432,7545,-30,126,-10,3
-610,6192,7733,-80,174,-37,3
-530,6392,7814,-133,183,45,3
-378,6156,7887,-200,152,137,3
-1223,5446,8176,-15,148,414,3
-1187,5542,8338,120,210,418,3
-1030,5664,8411,253,268,345,3
-1000,5921,8362,345,302,238,3
-1271,6537,8267,361,285,168,3
-1242,6717,8157,271,202,117,3
-919,6219,8062,116,91,4,3
-1060,6262,7952,52,42,-40,3
-1301,6665,8039,121,60,23,3
-1301,6665,8039,121,60,23,3
-1302,6611,8104,93,22,84,3
-1272,6397,8135,73,-30,136,3
-1246,6009,8039,115,-55,116,3
-1315,5961,7834,182,-55,72,3
-1237,6198,7665,173,-77,83,3
-1082,6343,7519,113,-118,119,3
-1057,6203,7368,36,-164,104,3
-861,5786,7306,-47,-195,47,3
-782,5753,7286,-81,-188,33,3
-711,5840,7276,-51,-134,44,3
-721,5937,7248,-13,-82,94,3
-901,5710,7297,6,-47,133,3
-1022,5377,7424,45,5,86,3
-1005,5439,7609,79,64,-30,3
-999,5942,7812,59,71,-131,3
-980,6444,7914,15,48,-125,3
-907,6640,7902,1,39,-37,3
-884,6523,7847,15,41,70,3
-861,6258,7782,22,43,161,3
-1079,5910,7891,12,83,62,3
-1051,5953,8005,6,68,-7,3
-1045,6041,8030,-30,13,-19,3
-1045,6041,8030,-30,13,-19,3
-934,6074,8013,-41,-38,5,3
-817,6123,7893,-4,-58,33,3
-761,6110,7743,5,-66,54,3
-793,5989,7622,-11,-66,73,3
-857,5857,7556,-1,-45,88,3
-908,5858,7577,28,-20,100,3
-767,5856,7265,46,1,243,3
-767,5856,7265,46,1,243,3
-817,5549,7227,27,26,186,3
-761,5391,7345,-44,20,92,3
-731,5516,7468,-62,12,43,3
-669,5761,7492,-18,27,19,3
-615,5857,7443,-20,23,30,3
-566,5795,7377,-72,2,62,3
-520,5679,7255,-124,-13,94,3
-598,5676,7145,-135,-4,142,3
-788,5567,7089,-97,30,178,3
-976,5166,7200,-25,99,117,3
-1138,5087,7483,45,170,-44,3
-1181,5383,7820,84,200,-239,3
-1216,5960,8053,63,184,-401,3
-1267,6638,8221,-2,139,-460,3
-1265,7157,8335,-9,103,-363,3
-1137,7306,8281,75,100,-194,3
-1125,7195,8180,139,86,-30,3
-1081,7039,8099,101,27,116,3
-967,6413,7929,36,-29,178,3
-1094,5910,7802,34,-29,140,3
-1071,5838,7738,-189,-86,-408,3
-1071,5838,7738,-189,-86,-408,3
-1101,5929,7756,-180,-71,-434,3
-1104,5961,7805,-145,-35,-462,3
-1121,5814,7866,-141,-1,-537,3
-1258,5351,7927,-206,8,-706,3
-1245,4466,8072,-295,45,-1095,3
-1388,3907,8278,-401,113,-1749,3
-3802,9480,9869,-108,284,-2199,3
-3802,9480,9869,-108,284,-2199,3
-4230,10769,10717,157,205,-1656,3
-5132,11731,11925,451,9,-1266,3
-6289,13160,13507,794,-279,-976,3
-7496,14727,15018,1071,-679,-617,3
-8533,16676,16585,1116,-1280,-16,3
-9836,18540,17208,1188,-2114,912,3
-11286,20469,17510,1392,-3203,2456,3
-12329,22296,18305,1461,-4566,4703,3
-13787,24039,17320,1496,-6045,7464,3
-15830,24592,15082,1825,-7154,10863,3
-13474,4780,10332,4924,-7315,17453,3
-11729,593,9556,5601,-6344,17453,3
-9444,-2354,5962,5170,-5341,17453,3
-7328,-4386,1834,3985,-4185,17453,3
-6477,-7703,-1304,2854,-3037,16776,3
-5463,-11674,-3435,2111,-1897,15065,3
-4592,-13826,-3104,1703,-696,12950,3
-4270,-14601,-268,1416,230,10048,3
-4777,-13302,1170,870,474,7003,3
-6174,-11918,1393,219,411,4622,3
-7320,-11551,1890,-93,471,3265,3
-7661,-11247,2048,23,585,2671,3
-7561,-11287,1602,420,786,2336,3
-6796,-12188,1404,714,1047,2009,3
-5706,-12938,1626,749,1302,1597,3
-4565,-13150,2100,638,1510,1026,3
-3336,-12976,2905,435,1633,327,3
-2154,-12387,3720,144,1596,-393,3
-1058,-11826,4368,-139,1407,-1095,3
124,-11300,4826,-312,1187,-1774,3
1332,-10704,4887,-351,1006,-2475,3
2232,-10160,4605,-408,825,-3307,3
2630,-9659,4069,-582,637,-4250,3
2630,-9659,4069,-582,637,-4250,3
2603,-9432,3355,-777,545,-5244,3
2369,-9335,2721,-928,609,-6243,3
1963,-9021,2351,-988,821,-7173,3
1517,-8534,2053,-985,1099,-8023,3
1241,-8261,1806,-982,1361,-8847,3
948,-8120,1472,-966,1585,-9708,3
70,-7599,1085,-855,1715,-10477,3
-1121,-6635,628,-533,1859,-11105,3
-1940,-5784,215,-405,1902,-11626,3
-6073,2250,1916,-331,3491,-12157,3
-6073,2250,1916,-331,3491,-12157,3
-7422,17820,15232,-135,2276,-3780,3
-5618,9998,10975,-203,654,624,3
-5618,9998,10975,-203,654,624,3
-4784,9271,10959,-413,526,361,3
-4017,9093,10928,-419,425,149,3
-3166,8998,10660,-411,253,56,3
-2405,8893,10231,-413,69,132,3
-1757,8640,9805,-387,-50,337,3
-1277,8019,9360,-344,-127,520,3
-1059,7058,8862,-308,-173,633,3
-933,6165,8367,-220,-145,687,3
-1060,5734,7835,-104,-49,736,3
-1586,5166,7497,-66,33,691,3
-1412,4170,7634,-187,75,376,3
-1501,6551,8752,-171,248,-210,3
-1501,6551,8752,-171,248,-210,3
-1517,6178,8794,-176,141,-170,3
-1448,5958,8800,-185,42,-145,3
-1381,6245,8710,-148,-13,-92,3
-1442,6598,8497,-115,-66,-3,3
-1660,6694,8178,-96,-121,125,3
-1697,6596,7931,-72,-136,292,3
-1683,6405,7782,-20,-110,419,3
-1619,6047,7723,99,-38,412,3
-1625,5784,7649,213,40,305,3
-1689,5788,7611,183,43,127,3
-1783,6099,7611,29,-31,-13,3
-1805,5609,7344,144,-71,46,3
-1538,6152,7315,103,-17,70,3
-1538,6152,7315,103,-17,70,3
-1516,5802,7261,63,-28,107,3
-1543,5478,7282,-19,-55,59,3
-1532,5511,7342,-53,-58,19,3
-1496,5751,7331,-33,-37,36,3
-1628,5809,7282,-3,-21,70,3
-1665,5589,7391,46,29,50,3
-1776,5590,7629,108,90,-66,3
-1774,5947,7846,57,59,-155,3
-1640,6470,7959,-12,-1,-131,3
-1503,6669,7941,-6,-26,-59,3
-1403,6227,7733,51,35,-46,3
-1494,6288,7717,43,9,-13,3
-1400,6322,7671,29,-27,42,3
-1359,6276,7564,16,-53,104,3
-1449,6128,7422,23,-57,148,3
-1503,5765,7362,57,-29,124,3
-1678,5678,7399,124,38,15,3
-1832,6033,7614,101,54,-86,3
-1784,6389,7853,5,-3,-137,3
-1704,6608,7960,-7,-32,-134,3
-1666,6735,7943,60,-20,-100,3
-1594,6755,7846,73,-37,-29,3
-1489,6587,7717,30,-81,36,3
-1391,6363,7592,22,-100,94,3
-1339,6164,7448,37,-99,147,3
-1303,5873,7307,33,-98,178,3
-1246,5427,7303,15,-85,132,3
-1574,6290,7539,10,-61,5,3
-1574,6290,7539,10,-61,5,3
-1547,6144,7641,-1,-66,-10,3
-1492,6197,7672,1,-87,-15,3
-1386,6363,7594,18,-96,20,3
-1334,6346,7448,22,-99,62,3
-1316,6193,7357,19,-90,111,3
-1243,6070,7312,23,-63,141,3
-1205,5885,7364,26,-37,143,3
-1187,5567,7492,10,-19,85,3
-1267,5357,7570,35,4,-32,3
-1382,5479,7614,50,10,-136,3
-1490,5609,7648,-49,-52,-239,3
-1520,5862,7680,-151,-113,-311,3
-1500,6401,7691,-140,-116,-282,3
-1423,6707,7667,-86,-108,-189,3
-1291,6682,7574,-40,-103,-71,3
-1264,6470,7526,24,-81,36,3
-1251,5919,7508,65,-53,63,3
-1628,5900,7927,37,-5,-268,3
-1628,5900,7927,37,-5,-268,3
-1652,6160,8080,-63,-35,-422,3
-1875,7132,8411,21,-9,-466,3
-1875,7132,8411,21,-9,-466,3
-1838,6879,8569,1,-44,-461,3
-1968,6715,8674,-43,-98,-521,3
-2345,6899,8717,-5,-112,-545,3
-2484,7144,8832,32,-121,-505,3
-2612,7361,8968,38,-169,-418,3
-2686,7448,9001,43,-236,-312,3
-2687,7678,9056,39,-306,-184,3
-2636,8071,9191,49,-366,-42,3
-2606,8524,9472,46,-456,66,3
-2689,9409,9974,10,-610,181,3
-2927,10515,10664,-12,-829,328,3
-3328,11801,11484,-14,-1138,553,3
-4213,12625,11767,-64,-1506,874,3
-5071,12463,11591,-210,-1976,1389,3
-5427,12833,11640,-447,-2535,2262,3
-5305,13690,12350,-521,-3072,3318,3
-5403,14906,13288,-217,-3579,4412,3
-6211,17113,14089,264,-4148,5863,3
-7027,19545,15071,779,-4850,7971,3
-8687,21149,14854,1392,-5539,10487,3
-10944,18572,12059,2234,-6030,12951,3
-10732,13272,9112,3097,-6103,14871,3
-8667,10357,7951,3788,-5642,16136,3
-6841,7865,7719,4267,-4993,16548,3
-6148,4901,6736,4463,-4287,16369,3
-1936,-14845,4134,109,1522,4824,3
-2083,-12744,4783,-460,1183,2827,3
-2272,-10048,4491,-782,855,1555,3
-2716,-8728,4575,-843,738,863,3
-2513,-8271,4774,-761,683,630,3
-1856,-8042,4541,-541,634,594,3
-1222,-8414,4303,-310,657,488,3
-675,-8919,4239,-158,715,297,3
-278,-9340,4321,-115,732,9,3
123,-9614,4622,-154,700,-368,3
489,-9726,4881,-238,617,-808,3
798,-9751,4938,-317,512,-1297,3
1046,-9591,4984,-391,396,-1813,3
1231,-9198,4954,-460,247,-2318,3
1278,-8842,4648,-507,96,-2781,3
1288,-8879,4157,-545,-7,-3233,3
1321,-9429,3595,-593,-53,-3851,3
1036,-9796,2971,-721,-57,-4661,3
836,-9998,2443,-904,-42,-5602,3
719,-10320,2104,-1034,48,-6731,3
43,-10119,1988,-1077,226,-7900,3
-792,-9939,1861,-977,485,-8960,3
-1211,-10454,1332,-867,732,-10037,3
-1826,-11040,381,-948,842,-11241,3
-3180,-11147,-605,-1149,953,-12453,3
-4832,-10750,-1187,-1270,1251,-13597,3
-7397,-8526,-1361,-1152,1787,-14691,3
-10806,-4848,-859,-803,2518,-15499,3
-14376,709,108,-194,3343,-15537,3
-16158,6390,1456,338,4032,-14857,3
-16200,10138,2640,607,4484,-13899,3
-15890,12854,2934,711,4875,-12702,3
-15395,15625,3441,502,5235,-11415,3
-6876,26280,15130,-1404,4936,-7995,3
-5332,26880,16925,-1764,3642,-6576,3
-7643,24183,15639,-1207,2317,-4753,3
-7643,24183,15639,-1207,2317,-4753,3
-9760,14401,11061,1538,1218,1128,3
-9760,14401,11061,1538,1218,1128,3
-8293,12714,9897,1320,1184,1367,3
-6952,12034,9512,585,1032,925,3
-5689,11763,9778,-160,790,409,3
-4337,11681,10297,-646,578,62,3
-3282,11567,10345,-778,383,-28,3
-2581,11072,9894,-629,238,199,3
-2027,10190,9336,-400,162,602,3
-1596,8935,8860,-227,110,969,3
-1484,7506,8372,-140,60,1219,3
-1325,6020,7983,-206,-5,1271,3
-1069,4928,7710,-409,-77,1113,3
-940,5184,7500,-529,49,226,3
-940,5184,7500,-529,49,226,3
-733,5670,7696,-511,94,197,3
-641,5673,7922,-545,92,133,3
-703,5485,8084,-520,83,53,3
-826,5624,8209,-368,121,50,3
-976,5959,8257,-190,148,105,3
-1251,6214,8153,-93,117,168,3
-1380,5941,8041,-61,84,139,3
-1404,5577,7962,-93,52,-40,3
-1602,5935,7871,-132,15,-201,3
-1656,6677,7690,-118,-5,-248,3
-1630,7139,7534,-95,-22,-196,3
-1656,7067,7437,-80,-36,-164,3
-1941,7468,7491,33,-1,-99,3
-1941,7468,7491,33,-1,-99,3
-2049,6544,7306,111,-65,150,3
-2049,6544,7306,111,-65,150,3
-1930,6514,7290,15,-128,147,3
-1806,6182,7205,-19,-157,96,3
-1817,6065,7061,-26,-156,6,3
-1793,6323,6963,-46,-147,-22,3
-1705,6591,6911,-92,-142,15,3
-1434,6071,6847,-180,-175,275,3
-1401,6446,7385,-70,-42,72,3
-1417,6336,7298,5,-28,156,3
-1356,6079,7277,53,0,204,3
-1375,5739,7333,72,28,142,3
-1543,5737,7439,66,49,-5,3
-1634,6205,7575,47,53,-107,3
-1583,6689,7678,36,34,-124,3
-1501,6943,7597,22,-1,-75,3
-1405,6895,7465,10,-34,-8,3
-1400,6750,7345,20,-38,35,3
-1352,6580,7286,28,-39,72,3
-1364,6404,7253,25,-49,121,3
-1450,6028,7229,26,-43,108,3
-1547,5838,7330,17,-19,30,3
-1559,6058,7510,-1,-13,-47,3
-1576,6365,7647,-19,-32,-102,3
-1556,6575,7650,-37,-64,-115,3
-1555,6694,7559,-58,-107,-76,3
-1489,6733,7398,-50,-134,-14,3
-1412,6601,7231,-26,-133,53,3
-1367,6349,7138,-21,-119,104,3
-1341,6130,7063,-13,-104,129,3
-1381,6044,7009,17,-77,139,3
-1474,5931,7003,48,-39,114,3
-1514,5760,7106,57,-2,27,3
-1537,6004,7266,36,5,-48,3
-1496,6454,7356,5,-6,-58,3
-1473,6616,7411,1,-10,-36,3
-1478,6486,7466,14,-9,-22,3
-1441,6290,7455,6,-22,-44,3
-1383,6336,7431,-43,-61,-31,3
-1308,6356,7343,-56,-79,4,3
-1265,6246,7224,-32,-67,49,3
-1223,6015,7191,-22,-54,82,3
-1197,5610,7199,-26,-47,37,3
-1327,5530,7180,-9,-38,-52,3
-1477,5894,7173,15,-26,-104,3
-1476,6343,7255,26,0,-105,3
-1467,6618,7411,27,15,-72,3
-1514,6640,7537,25,9,-39,3
-1527,6501,7573,26,-11,-33,3
-1478,6539,7540,28,-26,-24,3
-1421,6664,7527,11,-41,1,3
-1371,6584,7492,-17,-59,37,3
-1308,6265,7435,-33,-67,56,3
-1242,5897,7346,-32,-66,16,3
-1240,5803,7225,-17,-55,-50,3
-1458,6126,7484,-2,-30,-137,3
-1458,6126,7484,-2,-30,-137,3
-1495,6137,7476,-16,-31,-214,3
-1495,6140,7528,-67,-44,-314,3
-1557,6316,7604,-141,-68,-409,3
-1579,6453,7713,-189,-88,-465,3
-1581,6554,7816,-153,-69,-486,3
-1587,6538,7846,-50,-19,-518,3
-1744,6665,7799,18,11,-539,3
-1853,6721,7802,7,3,-531,3
-1850,6591,7904,-20,-9,-548,3
-1883,6529,7975,-68,-25,-618,3
-1980,6592,8054,-125,-41,-702,3
-2053,6775,8103,-165,-44,-764,3
-2264,6968,8150,-181,-58,-761,3
-2443,7184,8192,-153,-54,-700,3
-2686,7528,8378,-119,-53,-641,3
-2851,7860,8682,-143,-99,-654,3
-3096,8249,9050,-157,-146,-699,3
-3457,9045,9689,-111,-206,-688,3
-3832,10100,10413,-41,-313,-624,3
-4277,11010,10864,-35,-495,-522,3
-4495,11880,11400,-176,-803,-354,3
-4856,12512,12250,-266,-1203,-61,3
-5686,13461,13298,-133,-1656,446,3
-12147,21839,13081,1426,-7006,10837,3
-13133,17567,9654,2382,-7098,13493,3
-10781,11903,7296,3528,-6410,15399,3
-8213,10186,6851,4387,-5296,16512,3
-6871,7799,7151,4928,-4378,16622,3
-6085,5000,6663,5084,-3632,16246,3
-5662,2496,6231,4745,-2917,15660,3
-5874,-621,5221,4058,-2179,14967,3
-6185,-4935,3314,3302,-1437,14367,3
-6006,-9389,1884,2513,-772,14000,3
-5045,-13145,1617,1793,-211,13549,3
-3566,-15057,2194,1261,205,12559,3
-2249,-15799,2797,937,549,10669,3
-1586,-15393,3051,748,806,8015,3
-2266,-13703,3446,449,879,5140,3
-3004,-11633,4330,-82,629,2690,3
-3390,-9105,4164,-447,251,1274,3
-3760,-8073,3772,-495,86,765,3
-3442,-8190,3731,-267,208,818,3
-2288,-8357,3535,139,453,1013,3
-1160,-8637,3538,366,654,1011,3
-239,-9162,3816,302,731,720,3
634,-9454,4321,142,722,259,3
1612,-9265,5019,42,691,-208,3
2557,-8715,5687,-32,612,-600,3
3541,-8051,6100,-125,465,-910,3
4404,-7413,6148,-216,278,-1186,3
5031,-6941,5965,-245,118,-1451,3
5436,-6500,5664,-217,4,-1683,3
5596,-6089,5217,-164,-63,-1864,3
5448,-5882,4643,-119,-72,-2002,3
5031,-5967,4053,-137,-17,-2111,3
4497,-6367,3548,-233,71,-2263,3
3864,-6835,3089,-394,159,-2517,3
3223,-7552,2664,-559,262,-2920,3
2693,-8445,2345,-751,369,-3552,3
2124,-9184,2067,-951,487,-4399,3
1528,-9877,2051,-1060,671,-5399,3
-583,-10441,1422,-708,1455,-8652,3
-1522,-10307,418,-641,1568,-9578,3
-2338,-10321,-847,-527,1739,-10298,3
-3198,-10108,-2317,-467,2116,-10934,3
-4014,-10532,-2845,-1015,2469,-11726,3
-5953,-9674,-2316,-1786,3113,-12673,3
-8871,-7953,-918,-2551,3992,-13605,3
-12306,-4936,1204,-3058,4926,-14255,3
-16270,-475,3165,-2690,5927,-14560,3
-19976,4762,4705,-1383,6473,-14366,3
-21836,9426,5575,211,6332,-13629,3
-21013,12609,6045,1037,6218,-12647,3
-19528,15949,7450,942,6334,-11562,3
-16351,20408,12095,548,6259,-10494,3
-11448,24993,18905,-156,5893,-9416,3
-8041,27737,21086,-851,4865,-8158,3
-10409,25439,18512,-635,3223,-6394,3
-13372,19497,16076,-130,1923,-3651,3
-13099,14710,14757,572,1397,-680,3
-12482,12584,13272,1213,1105,1455,3
-11268,10910,11754,1273,824,2236,3
-9446,9496,10779,719,608,1967,3
-7897,9162,10637,-36,413,1260,3
-6341,9516,11022,-631,260,600,3
-2734,4540,8130,-1,-236,1299,3
-2734,4540,8130,-1,-236,1299,3
-2505,4124,7929,101,-72,1163,3
-2467,4319,7999,66,68,1016,3
-2504,4692,8189,38,170,904,3
-2367,4541,8448,28,257,678,3
-2170,4289,8737,-8,309,317,3
-2339,5674,8594,-4,-3,423,3
-2339,5674,8594,-4,-3,423,3
-2306,5454,8294,-29,-100,521,3
-2549,5458,7963,-30,-147,605,3
-2725,5600,7816,-2,-130,675,3
-2772,5712,7841,11,-102,761,3
-2765,5308,7817,60,-82,697,3
-2828,4939,7765,162,-52,478,3
-2871,5290,7792,219,-10,295,3
-2737,5905,7946,182,3,172,3
-2642,6098,8074,101,-28,67,3
-2677,6154,8089,53,-77,14,3
-2648,6124,7945,71,-127,49,3
-2552,6014,7703,90,-182,143,3
-2509,5824,7417,86,-223,250,3
-2546,5439,7206,99,-231,297,3
-2643,5304,7107,119,-198,277,3
-2640,5384,7134,107,-177,222,3
-2457,5395,7201,73,-188,180,3
-2353,5305,7197,71,-184,145,3
-2400,5232,7137,101,-151,63,3
-2424,5395,7163,110,-102,-18,3
-2428,5798,7265,79,-78,-36,3
-2287,6059,7416,42,-78,-4,3
-2199,6012,7460,44,-76,46,3
-2157,5612,7425,74,-63,35,3
-2269,5436,7296,67,-57,6,3
-2461,5488,7191,43,-50,-9,3
-2561,5694,7223,35,-22,-7,3
-2549,5933,7382,10,0,0,3
-2444,6077,7562,-19,-6,16,3
-2361,6160,7676,-5,-6,51,3
-2330,6290,7723,48,7,90,3
-2394,6415,7725,92,6,139,3
-2318,6336,7707,102,-25,202,3
-2171,6097,7694,70,-62,274,3
-2078,5800,7688,11,-98,297,3
-1984,5488,7674,-60,-118,237,3
-2128,5394,7656,-125,-147,-12,3
-2148,5620,7660,-64,-136,-46,3
-2128,5959,7671,5,-118,-44,3
-2098,6232,7695,35,-122,-12,3
-2077,6369,7720,45,-131,41,3
-2056,6332,7692,67,-134,92,3
-2027,6167,7617,77,-144,138,3
-2072,5929,7525,76,-149,177,3
-2129,5688,7427,94,-132,167,3
-2083,5657,7522,38,-119,47,3
-2044,5807,7526,20,-127,-12,3
-2065,6058,7513,21,-134,-26,3
-1974,6162,7453,14,-145,11,3
-1920,6122,7370,7,-156,62,3
-1904,6015,7257,11,-159,105,3
-1958,5909,7178,18,-148,149,3
-1984,5757,7180,25,-125,166,3
-1945,5565,7266,29,-89,125,3
-1981,5530,7392,30,-58,42,3
-2013,5642,7528,5,-48,-45,3
-1990,5855,7614,-11,-60,-96,3
-1974,6071,7588,-26,-93,-90,3
-1875,6155,7502,-27,-110,-38,3
-1738,6027,7422,-7,-105,21,3
-1744,5825,7319,3,-96,59,3
-1804,5698,7246,3,-84,82,3
-1842,5645,7255,11,-64,90,3
-1860,5645,7352,28,-29,75,3
-1855,5620,7509,29,-3,13,3
-1957,5747,7637,6,-2,-59,3
-2066,6031,7774,-5,-18,-87,3
-2002,6174,7832,13,-36,-96,3
-1982,6290,7737,25,-54,-72,3
-1952,6334,7635,14,-70,-29,3
-1883,6264,7570,1,-78,6,3
-1875,6126,7562,2,-76,39,3
-1863,5897,7604,14,-65,48,3
-1874,5754,7649,29,-52,24,3
-1862,5765,7691,33,-54,-53,3
-1904,5889,7661,4,-75,-72,3
-1893,6041,7647,0,-95,-70,3
-1836,6174,7585,17,-95,-35,3
-1802,6191,7553,33,-85,6,3
-1752,6058,7587,36,-78,26,3
-1737,6014,7592,43,-73,49,3
-1756,5971,7603,43,-76,75,3
-1825,5751,7574,33,-83,70,3
-1845,5557,7582,32,-76,14,3
-1862,5705,7636,12,-71,-45,3
-1869,6049,7714,-26,-85,-62,3
-1823,6272,7753,-41,-94,-46,3
-1811,6286,7765,-23,-110,-10,3
-1811,6286,7765,-23,-110,-10,3
-1677,5994,7605,6,-135,80,3
-1677,5994,7605,6,-135,80,3
-1614,5724,7544,18,-127,85,3
-1732,5371,7535,49,-101,-6,3
-1810,5326,7691,36,-69,-162,3
-1805,5420,7957,-99,-97,-342,3
-1831,5488,8182,-239,-142,-586,3
-1804,5877,8320,-298,-151,-765,3
-1768,6214,8328,-254,-144,-881,3
-1863,6306,8209,-135,-118,-972,3
-1993,6310,8091,-49,-80,-1022,3
-2103,6371,8123,-66,-66,-1086,3
-5976,13824,13257,539,-526,-639,3
-7926,16002,14548,743,-886,-343,3
-9969,17498,15571,678,-1466,376,3
-10840,19248,16898,594,-2374,1845,3
-11588,21322,17947,773,-3457,3989,3
-12463,23365,17755,1211,-4636,6730,3
-14296,25089,16154,1832,-5683,9924,3
-16636,25634,13834,2437,-6299,13520,3
-18256,21487,11524,2837,-6671,16684,3
-16956,14056,9255,3599,-6563,17453,3
-13916,10021,7537,4572,-5660,17453,3
-11668,7570,7039,4826,-4726,17453,3
-10607,4166,5903,4307,-3997,17453,3
-9322,310,3754,3413,-3074,17453,3
-7970,-2724,1377,2505,-1928,16407,3
-7721,-5889,-583,1811,-780,14986,3
-7638,-10030,-1600,1391,267,13373,3
-7097,-13267,-860,1078,1098,11854,3
-6244,-14381,827,726,1613,10234,3
-5512,-14330,2417,420,1748,8267,3
-5114,-13650,3444,161,1557,6191,3
-5330,-12526,3805,-25,1299,4369,3
-5524,-11937,4482,-11,1106,2945,3
-5383,-10873,4403,133,898,2068,3
-5333,-10489,3820,339,795,1494,3
-4702,-10895,3544,503,859,1086,3
-3557,-10871,3430,471,924,777,3
-2530,-10460,3627,283,981,392,3
-1608,-10219,4442,20,1011,-115,3
-847,-10073,5412,-271,886,-615,3
-52,-9991,6018,-494,669,-1056,3
877,-9961,6429,-629,425,-1527,3
3067,-9300,5411,-843,-266,-4256,3
3067,-9300,5411,-843,-266,-4256,3
2733,-9602,4557,-925,-256,-5170,3
2150,-9676,3787,-981,-137,-6128,3
1567,-9720,3204,-1023,59,-7155,3
618,-9736,2852,-1160,261,-8273,3
-375,-9775,2632,-1502,385,-9317,3
-1120,-9714,2117,-1749,451,-10294,3
-1795,-9405,1587,-1861,404,-11227,3
-2808,-8698,529,-1771,476,-11912,3
-4097,-7387,-508,-1361,865,-12240,3
-5057,-5794,-1179,-917,1495,-12495,3
-6695,-3987,-1274,-504,2328,-13008,3
-8930,-1195,-629,-177,3163,-13459,3
-11515,2867,253,108,3855,-13684,3
-13209,6998,1368,63,4315,-13412,3
-13890,10483,2338,-170,4704,-12600,3
-13619,13400,3480,-343,5106,-11449,3
-11892,15979,5245,-319,5490,-10219,3
-9262,19060,8456,-402,5655,-8984,3
-5710,22677,13507,-796,5358,-7773,3
-3466,24195,16622,-1116,4363,-6587,3
-5202,21572,15658,-999,2909,-5242,3
-7908,17115,14208,-601,1829,-3477,3
-8480,13582,13276,191,1423,-1600,3
-8090,11958,11911,1026,1367,-343,3
-7479,11595,10585,1058,1291,127,3
-6723,11518,10039,377,1018,47,3
-5886,11175,10151,-356,707,-259,3
-5008,11126,10526,-734,551,-481,3
-3294,11072,10543,-622,325,-225,3
-3294,11072,10543,-622,325,-225,3
-2838,10454,9873,-409,168,164,3
-2440,9634,9203,-194,53,586,3
-2039,9033,8694,-22,9,982,3
-1971,8221,8245,118,15,1249,3
-2253,6658,7953,214,75,1183,3
-2191,5575,7932,222,202,827,3
-1936,5810,8063,165,326,468,3
-1905,6480,8247,-5,337,211,3
-1905,6522,8447,-213,239,-28,3
-1850,6415,8548,-313,140,-161,3
-1670,6719,8523,-245,109,-118,3
-1446,7060,8429,-152,84,12,3
-1386,7134,8251,-158,10,150,3
-1526,6765,7996,-192,-67,237,3
-1562,6466,7855,-185,-105,323,3
-1432,6410,7764,-135,-102,429,3
-1341,6369,7643,-83,-97,532,3
-1367,5819,7449,-54,-102,520,3
-1585,4934,7294,7,-70,246,3
-1585,4934,7294,7,-70,246,3
-1723,5045,7239,56,-7,-59,3
-1743,6103,7334,44,14,-179,3
-1796,6937,7415,10,-3,-177,3
-1804,7204,7509,12,-7,-115,3
-1735,7161,7576,38,-2,-24,3
-1720,7112,7561,62,-20,61,3
-1807,7138,7397,42,-66,147,3
-2032,7085,7231,27,-103,236,3
-2047,6731,7204,25,-111,243,3
-1790,6179,7227,19,-102,147,3
-1822,6263,7237,36,-92,106,3
-1630,6081,7119,-29,-72,-96,3
-1630,6081,7119,-29,-72,-96,3
-1564,6361,7105,-91,-96,-110,3
-1543,6536,7002,-133,-116,-38,3
-1762,6516,6793,-94,-111,64,3
-1673,6310,6949,10,-29,195,3
-1631,5827,7275,-78,-31,193,3
-1631,5827,7275,-78,-31,193,3
-1569,5749,7282,-66,-7,118,3
-1695,6081,7289,-35,11,43,3
-1404,6657,7568,-61,-39,34,3
-1404,6657,7568,-61,-39,34,3
-1324,6658,7520,-39,-54,97,3
-1340,6536,7437,-34,-72,156,3
-1330,6371,7361,-40,-88,202,3
-1327,6211,7272,-38,-94,232,3
-1320,5983,7186,-14,-80,209,3
-1367,5869,7128,-31,-69,104,3
-1431,6050,7224,-69,-54,-13,3
-1430,6429,7407,-67,-26,-89,3
-1450,6804,7533,-49,-23,-102,3
-1349,6845,7579,-61,-62,-76,3
-1309,5765,7161,-10,-97,68,3
-1309,5765,7161,-10,-97,68,3
-1406,5931,7101,-18,-78,-2,3
-1435,6312,7155,-60,-71,-30,3
-1392,6562,7265,-70,-63,-46,3
-1401,6672,7369,-50,-61,-25,3
-1380,6747,7375,-15,-68,14,3
-1362,6814,7354,13,-67,65,3
-1308,6286,7392,-257,-145,-86,3
-1308,6286,7392,-257,-145,-86,3
-1274,6243,7295,-238,-141,-68,3
-1283,6284,7285,-213,-121,-39,3
-1331,6253,7343,-169,-96,0,3
-1276,6063,7462,-118,-81,22,3
-1225,5919,7533,-62,-57,27,3
-1233,5802,7552,-37,-47,-12,3
-1199,5746,7588,-68,-59,-80,3
-1189,5837,7617,-127,-80,-148,3
-1254,6043,7589,-156,-87,-171,3
-1331,6252,7503,-138,-82,-143,3
-1176,6001,7479,9,-28,1,3
-1176,6001,7479,9,-28,1,3
-1258,5967,7563,19,-19,-21,3
-1265,5968,7662,29,-9,-52,3
-1301,6051,7733,26,0,-107,3
-1327,6152,7796,-13,1,-170,3
-1328,6341,7798,-32,2,-199,3
-1410,6628,7778,-26,-4,-160,3
-1415,6714,7776,-13,-11,-95,3
-1398,6669,7820,-1,-8,-15,3
-1371,6562,7931,-4,-14,28,3
-1374,6361,8057,-19,-21,5,3
-1471,6202,8171,-32,-21,-85,3
-1684,6325,8260,-73,-36,-202,3
-1901,6626,8375,-125,-50,-307,3
-2290,7172,8571,-182,-55,-407,3
-2904,7895,8870,-167,-30,-460,3
-3764,8806,9331,-88,31,-468,3
-4919,10082,10160,-68,82,-472,3
-5949,11820,12274,-281,48,-484,3
-6398,13932,15423,-969,-179,-487,3
-7073,15365,18675,-2077,-878,-443,3
-8565,14436,21564,-3329,-2170,-279,3
-10316,12777,24327,-4589,-3876,12,3
-11657,12104,26946,-5877,-5734,248,3
-12786,12049,29208,-7058,-7880,169,3
-14453,12176,29718,-7828,-10311,-31,3
-14959,11399,27379,-8089,-12656,-213,3
-14401,10864,22847,-7887,-14417,-113,3
-13904,10824,16967,-7452,-15473,329,3
-12836,10152,10434,-6849,-16046,823,3
-12836,10152,10434,-6849,-16046,823,3
-11879,8605,4078,-5994,-16101,1316,3
-4029,1929,-19680,-2942,-10240,2974,3
-4029,1929,-19680,-2942,-10240,2974,3
-2257,-1349,-20921,-2607,-7884,2769,3
-1192,-5115,-19382,-1984,-6177,1979,3
-464,-6268,-19652,-504,-4932,976,3
-75,-4745,-21705,1275,-3534,65,3
756,-1901,-21826,2338,-2065,-551,3
1576,495,-19023,2304,-900,-753,3
2785,2051,-14826,1380,-279,-558,3
4116,2677,-10437,272,-6,-59,3
5154,1879,-6660,-641,62,580,3
6116,-422,-4113,-1203,50,1162,3
6999,-2833,-2371,-1348,94,1517,3
7871,-4521,-1058,-1218,241,1607,3
8848,-5596,134,-1096,387,1422,3
9640,-6039,1128,-940,517,1028,3
10022,-5832,1625,-606,696,568,3
10210,-5121,1593,-148,910,172,3
8250,-2709,-1301,-108,1650,-713,3
8250,-2709,-1301,-108,1650,-713,3
8221,-2328,-1218,-108,1708,-672,3
8126,-2009,-1188,9,1830,-666,3
7850,-1501,-1259,190,1964,-662,3
7486,-827,-1468,351,2073,-592,3
7138,-277,-1838,479,2143,-470,3
6828,126,-2352,543,2193,-340,3
6486,424,-2978,529,2246,-228,3
5191,876,-5205,741,2796,61,3
5191,876,-5205,741,2796,61,3
4794,827,-5757,842,3194,276,3
4334,602,-6125,1005,3600,427,3
3991,93,-6448,1285,4066,635,3
3672,-288,-6818,1926,4771,899,3
2956,458,-7178,2848,5783,1251,3
1679,1144,-7276,3384,6942,1773,3
-131,1480,-6671,3765,8277,2128,3
-2518,1570,-5042,4314,9711,2147,3
-9572,1352,1163,6133,12223,1083,3
-9572,1352,1163,6133,12223,1083,3
-13022,1971,4588,7264,13026,7,3
-16326,3707,7725,8088,13352,-920,3
-17609,4856,11004,8231,13293,-1702,3
-17260,6737,14480,8215,12787,-2151,3
-16190,10892,18957,8062,11782,-2352,3
-14559,15695,23420,7217,10299,-2582,3
-13962,17869,25352,5883,8191,-2532,3
-13889,16251,24197,4554,5709,-1643,3
-12839,13521,21172,3257,3579,-137,3
-11435,10829,18215,2186,2100,992,3
-10223,8656,16072,1424,1213,1250,3
-9474,7672,14275,693,603,874,3
-8730,7544,12762,-184,56,312,3
-7561,7507,11740,-887,-321,-159,3
-6346,7682,11192,-985,-403,-455,3
-5425,7862,11104,-599,-282,-473,3
-4543,7914,11154,-85,-158,-206,3
-3869,7623,10958,413,-113,166,3
-3464,6985,10435,816,-103,495,3
-3561,6246,9778,1072,-104,720,3
-3738,5561,9403,1173,-106,867,3
-3675,5108,9195,1118,-104,931,3
-3672,4699,9035,939,-149,836,3
-3257,5006,7398,74,-137,215,3
-3308,5084,7553,76,-87,149,3
-3301,5284,7705,15,-83,127,3
-3255,5238,7750,-37,-107,111,3
-3318,5044,7753,-81,-142,71,3
-3300,4934,7731,-116,-170,12,3
-3250,5065,7671,-153,-196,-27,3
-3407,5103,7625,-213,-247,-74,3
-3575,4952,7661,-264,-296,-161,3
-3559,5225,7753,-272,-304,-177,3
-3456,5656,7895,-254,-316,-121,3
-3353,5737,7976,-240,-353,-54,3
-3316,5545,7879,-188,-389,-17,3
-3361,5436,7685,-111,-412,21,3
-3301,5466,7478,-72,-415,85,3
-3131,5399,7371,-75,-415,128,3
-2910,5182,7355,-105,-415,115,3
-2806,5027,7297,-118,-404,69,3
-2893,4990,7161,-83,-371,26,3
-2989,5047,7066,-23,-321,10,3
-2886,5206,7048,20,-268,24,3
-2886,5206,7048,20,-268,24,3
-2846,5361,7124,31,-227,19,3
-2728,5388,7233,12,-213,11,3
-2616,5417,7242,13,-200,56,3
-2670,5435,7233,58,-158,113,3
-2654,5339,7325,84,-103,123,3
-2649,5320,7430,59,-69,102,3
-2730,5396,7527,15,-53,86,3
-2749,5317,7707,-34,-41,48,3
-2761,5239,7863,-64,-39,-23,3
-2861,5357,7917,-64,-45,-59,3
-2942,5543,7959,-59,-55,-27,3
-2819,5666,8037,-48,-51,26,3
-2700,5553,8114,-39,-60,53,3
-2783,5427,8083,-63,-101,38,3
-2861,5448,8006,-100,-147,50,3
-2815,5516,7987,-101,-157,94,3
-2766,5555,7993,-86,-153,144,3
-2685,5555,8023,-82,-155,178,3
-2590,5499,8014,-94,-170,200,3
-2486,5361,7971,-112,-185,231,3
-2338,4935,7932,-111,-186,202,3
-2460,5106,7614,-135,-158,44,3
-2460,5106,7614,-135,-158,44,3
-2425,5133,7658,-103,-121,58,3
-2481,5158,7743,-78,-103,70,3
-2488,5202,7795,-25,-82,90,3
-2456,5259,7854,27,-65,129,3
-2364,5108,7921,55,-59,156,3
-2355,4883,7920,57,-54,151,3
-2461,4764,7879,17,-61,139,3
-2505,4638,7913,-25,-64,114,3
-2482,4577,7948,-42,-56,47,3
-2523,4695,7974,-45,-51,-14,3
-2573,5391,7909,18,-62,35,3
-2535,4661,8018,28,-68,0,3
-2535,4661,8018,28,-68,0,3
-2566,4807,7990,8,-79,-60,3
-2533,5039,8001,-5,-85,-94,3
-2517,5235,7993,1,-88,-98,3
-2484,5382,8018,6,-86,-77,3
-2377,5460,8026,21,-79,-37,3
-2558,5457,8269,-1,-34,-139,3
-2542,5656,8275,-10,-61,-75,3
-2531,5706,8268,6,-70,-20,3
-2575,5646,8254,39,-63,25,3
-2619,5551,8312,61,-55,54,3
-2583,5389,8405,72,-49,30,3
-2624,5466,8497,91,-31,-7,3
-2670,5733,8589,126,-11,-39,3
-2783,5985,8682,123,-4,-67,3
-2909,6284,8795,107,-3,-90,3
-3037,6703,8899,194,9,-59,3
-3320,7058,8910,410,59,11,3
-3909,7431,8887,712,132,36,3
-4628,8184,9109,1055,239,62,3
-5223,9833,10192,1351,318,79,3
-5632,12707,12438,1523,207,34,3
-6068,16024,15389,1666,-254,18,3
-12335,22745,19181,180,-5205,4330,3
-12978,22999,18034,616,-6442,6161,3
-7644,-1245,231,2044,-2193,13638,3
-7482,-4588,-3010,1150,-1070,12892,3
-6726,-8177,-3675,510,-10,12164,3
-6397,-9889,-2650,60,812,11273,3
-7547,-11261,-1777,-276,1319,9862,3
-9365,-13538,-1286,-442,1575,8102,3
-10615,-16228,-638,-346,1749,6442,3
-11182,-17930,-991,-55,1966,5143,3
-7813,-22076,2191,-614,2074,1250,3
3399,-4325,2911,4,805,-4533,3
3399,-4325,2911,4,805,-4533,3
3074,-4721,2485,-159,912,-4560,3
2687,-5120,2270,-364,1050,-4704,3
2397,-5852,2269,-524,1201,-5020,3
2333,-6453,2310,-673,1317,-5454,3
2057,-6277,2349,-743,1422,-5925,3
1529,-5810,2378,-591,1605,-6506,3
737,-5223,2211,-248,1815,-7183,3
110,-4497,2039,111,1962,-7794,3
-588,-3253,1838,305,2061,-8335,3
-1611,-2190,1539,400,2237,-9033,3
-2836,-685,1346,545,2600,-9711,3
-4449,1200,1635,772,3068,-10287,3
-6185,3071,2120,1017,3470,-10708,3
-8087,5655,2531,1313,3823,-10779,3
-9534,8494,3106,1595,4237,-10705,3
-10233,11151,3579,1743,4767,-10611,3
-10691,14272,4789,1747,5245,-10312,3
-9567,17389,7461,1430,5513,-9790,3
-6616,20384,11156,678,5366,-9103,3
-4057,23228,15118,-221,4619,-8247,3
-7622,16184,12880,749,1225,250,3
-806,6614,8455,-379,-310,741,3
-806,6614,8455,-379,-310,741,3
-1067,6053,8038,-234,-273,798,3
-1266,5628,7819,-50,-194,736,3
-1076,5553,7734,43,-108,648,3
-926,5627,7664,20,-71,548,3
-958,5474,7607,-79,-88,385,3
-1140,5294,7569,-183,-111,147,3
-1157,5614,7597,-204,-84,2,3
-1006,6129,7607,-184,-49,8,3
-937,6460,7537,-201,-51,83,3
-938,6233,7425,-255,-78,113,3
-999,5747,7283,-280,-95,92,3
-1119,5684,7194,-232,-69,112,3
-1152,5802,7149,-149,-26,145,3
-1182,5901,7119,-75,5,173,3
-1359,5910,7143,-17,43,171,3
-1455,5791,7319,7,76,76,3
-1513,5919,7455,-16,77,-27,3
-1602,6249,7514,-41,51,-56,3
-1641,6518,7563,-33,37,-34,3
-1590,6674,7650,-13,35,6,3
-1546,6675,7711,-7,26,15,3
-1503,6641,7713,-38,-79,67,3
-1594,6363,7580,6,-99,102,3
-1659,5983,7455,53,-98,42,3
-1684,6035,7344,69,-90,-11,3
-1691,6316,7328,62,-90,-29,3
-1528,6577,7369,60,-90,-14,3
-1418,6633,7413,60,-89,12,3
-1363,6465,7391,51,-86,-14,3
-1344,6462,7393,37,-82,-20,3
-1253,6560,7386,25,-90,42,3
-1155,6502,7331,36,-93,124,3
-1126,6380,7291,48,-88,190,3
-1134,6245,7252,53,-78,224,3
-1200,6129,7288,58,-58,223,3
-1207,6158,7392,53,-41,208,3
-1191,6221,7455,50,-38,194,3
-1146,6103,7514,54,-32,121,3
-1130,6114,7559,32,-28,4,3
-1142,6402,7573,-15,-44,-41,3
-999,6640,7607,-46,-56,-6,3
-889,6632,7635,-56,-62,61,3
-848,6363,7561,-76,-86,119,3
-834,6051,7454,-100,-113,155,3
-887,5888,7415,-121,-120,175,3
-907,5759,7369,-142,-116,175,3
-1015,5535,7343,-127,-99,111,3
-1194,5478,7333,-83,-70,0,3
-1252,5649,7391,-74,-71,-108,3
-1096,6520,7526,-26,-106,-116,3
-968,5834,7367,26,-46,36,3
-968,5834,7367,26,-46,36,3
-980,5876,7433,22,-31,1,3
-962,5903,7473,-25,-44,-29,3
-956,5854,7516,-61,-52,-64,3
-998,5895,7539,-63,-51,-96,3
-1058,6152,7507,-38,-40,-109,3
-958,6372,7508,-20,-27,-94,3
-843,6440,7569,-19,-25,-46,3
-811,6323,7558,-18,-31,-1,3
-884,6089,7500,-10,-33,4,3
-982,6009,7528,-1,-25,-12,3
-851,6032,7482,-7,-115,133,3
-851,6032,7482,-7,-115,133,3
-834,5632,7404,-43,-121,93,3
-991,6338,7744,-49,-57,-213,3
-991,6338,7744,-49,-57,-213,3
-1054,6654,7853,-46,-51,-217,3
-1107,6878,7877,-11,-35,-190,3
-1167,7039,7887,25,-19,-147,3
-1152,6823,8005,33,-20,-143,3
-1116,6229,8146,-61,-47,-319,3
-1152,5876,8320,-267,-102,-680,3
-1246,6082,8524,-515,-156,-1105,3
-1345,6591,8751,-749,-203,-1486,3
-1576,6986,8940,-933,-238,-1756,3
-2021,7289,9229,-973,-209,-1885,3
-2481,7259,9543,-838,-111,-1918,3
-3045,6966,9845,-704,-9,-2076,3
-4243,7516,10276,-692,16,-2326,3
-4995,8682,11098,-610,75,-2434,3
-5129,10526,12156,-392,170,-2296,3
-5308,12179,13150,-238,61,-2040,3
-5587,12820,13865,-289,-296,-1669,3
-6210,13399,14413,-493,-804,-1090,3
-6960,13065,14846,-574,-1428,-392,3
-7472,12312,15518,-351,-2076,487,3
-8085,12264,16421,58,-2842,1406,3
-14305,2691,5747,3171,-9179,17453,3
-11365,49,3897,4129,-7797,17453,3
-9881,-3787,2309,4586,-6326,17335,3
-8126,-7090,830,4201,-5043,16690,3
-6105,-9607,-574,3510,-3970,15691,3
-4665,-11752,-1950,2888,-2949,14225,3
-4113,-13741,-2808,2287,-2025,12405,3
-3954,-15119,-2531,1603,-1339,10285,3
-4249,-15639,-2061,943,-890,7975,3
-4702,-15376,-2005,402,-595,5646,3
-5312,-14544,-1934,37,-317,3606,3
-5560,-13836,-1596,-92,41,2090,3
-5194,-13412,-1112,-90,395,1140,3
-4138,-12785,-478,-8,708,622,3
-2644,-11876,374,82,935,315,3
-963,-10916,1320,136,1038,52,3
650,-9938,2156,144,1045,-235,3
2174,-9105,2955,126,1020,-575,3
3617,-8412,3739,90,991,-934,3
5029,-7786,4606,33,950,-1287,3
6108,-7037,5571,-44,885,-1634,3
6666,-6492,6116,-106,798,-2041,3
6828,-6155,6167,-172,642,-2477,3
6545,-5751,5982,-255,432,-2833,3
5948,-5442,5462,-247,261,-3047,3
5367,-5263,4800,-109,198,-3117,3
4689,-5250,4139,15,159,-3094,3
3842,-5577,3167,76,114,-3033,3
3088,-6264,2056,119,138,-2948,3
2724,-7377,997,112,273,-3010,3
2748,-8876,185,-22,492,-3440,3
3006,-10685,-380,-240,817,-4454,3
-2100,-8655,-699,-574,2231,-9614,3
-3172,-7081,-527,-735,2233,-9698,3
-3432,-6713,-594,-789,2350,-9682,3
-3926,-6817,-1145,-511,2711,-9848,3
-5121,-6885,-1716,-392,3078,-10256,3
-7474,-5919,-2061,-433,3481,-10680,3
-10412,-3426,-1709,-180,4010,-11047,3
-13440,89,-604,547,4670,-11504,3
-23688,14448,2724,2024,7324,-12126,3
-23493,20981,5834,1249,7763,-12003,3
-23493,20981,5834,1249,7763,-12003,3
-18140,28742,14374,-589,7545,-11916,3
-10615,-29054,24201,-3199,6470,-11715,3
-9872,-31444,23445,-4055,4533,-10464,3
-16045,24840,19442,-3260,2347,-7033,3
-16358,18073,19263,-1912,1293,-1980,3
-13671,16321,17931,663,1007,2074,3
-11927,14467,13978,2357,772,3945,3
-10002,12042,10892,2248,729,4280,3
-7439,10049,10009,1196,696,3649,3
-2080,7588,9932,-1098,-336,836,3
-2080,7588,9932,-1098,-336,836,3
-1895,6466,9031,-919,-491,1077,3
-1474,5138,8461,-666,-474,1226,3
-1078,4593,8107,-429,-345,1360,3
-812,4304,7822,-272,-214,1362,3
-890,3695,7491,-219,-118,1170,3
-1133,3057,7377,-150,-17,747,3
-2169,5643,7734,108,288,100,3
-2578,6021,7756,170,309,128,3
-2663,6465,7818,210,345,137,3
-2573,6846,7995,192,359,110,3
-2583,7170,8195,158,325,63,3
-2512,7391,8296,101,246,53,3
-2484,7553,8232,57,158,111,3
-2494,7485,8042,67,100,168,3
-2632,7427,7834,100,73,235,3
-2709,7424,7692,96,56,312,3
-2694,7339,7691,76,51,369,3
-2655,7118,7696,58,47,384,3
-2683,7009,7704,62,36,342,3
-2393,6676,7422,-60,-168,365,3
-2232,6501,7218,-68,-199,403,3
-2080,6331,7023,-66,-200,412,3
-1964,6165,6909,-70,-186,390,3
-1983,6018,6817,-98,-186,367,3
-2007,5941,6808,-115,-185,350,3
-2027,5901,6847,-105,-167,329,3
-2049,5911,6930,-56,-127,280,3
-1975,5967,7079,12,-75,206,3
-1936,6208,7179,44,-45,157,3
-1948,6383,7236,5,-58,133,3
-1941,6335,7265,-68,-85,120,3
-2068,6282,7264,-117,-106,141,3
-2043,6390,7337,-128,-79,153,3
-1982,6462,7447,-113,-78,178,3
-1893,6375,7559,-93,-82,185,3
-1831,6336,7601,-85,-110,201,3
-1759,6338,7575,-92,-145,245,3
-1702,6232,7550,-111,-168,297,3
-1652,6023,7472,-145,-181,340,3
-1586,5742,7415,-201,-191,331,3
-1458,5461,7304,-303,-204,223,3
-1413,5326,7344,-225,-169,190,3
-1468,5174,7354,-159,-158,77,3
-1471,5176,7365,-143,-161,-22,3
-1428,5354,7421,-164,-162,-33,3
-1406,5340,7483,-169,-153,-23,3
-1454,5055,7492,-161,-137,-31,3
-1631,4847,7447,-125,-124,-93,3
-1707,5417,7473,-4,-49,-126,3
-1750,5480,7597,18,-31,-125,3
-1783,5504,7698,38,-20,-94,3
-1786,5338,7782,58,-10,-98,3
-1856,5110,7823,59,-9,-158,3
-1868,5117,7828,25,-16,-237,3
-1939,5275,7861,-23,-22,-291,3
-2009,5348,7980,-35,-18,-302,3
-1993,5253,8069,-15,-23,-302,3
-2005,5270,8117,0,-33,-313,3
-1994,5403,8165,10,-37,-303,3
-2050,5535,8233,30,-44,-261,3
-2067,5473,8285,56,-45,-242,3
-2024,5342,8311,59,-52,-273,3
-2008,5304,8339,9,-77,-310,3
-2065,5378,8403,-41,-108,-310,3
-2118,5412,8397,-45,-130,-296,3
-2100,5257,8347,-35,-152,-305,3
-2079,5127,8321,-46,-170,-386,3
-2140,5385,8308,-55,-173,-494,3
-2712,5754,8879,-372,-203,-1329,3
-2898,6172,9075,-374,-188,-1466,3
-3088,6510,9217,-268,-142,-1512,3
-3088,6510,9217,-268,-142,-1512,3
-3411,6745,9324,-119,-111,-1489,3
-3927,7175,9541,22,-90,-1365,3
-4300,7694,9873,125,-89,-1181,3
-4625,8243,10225,219,-113,-972,3
-4976,9097,10764,227,-180,-832,3
-5543,10128,11387,153,-284,-813,3
-6205,11698,12399,68,-477,-744,3
-6747,13342,13577,23,-776,-545,3
-7431,14613,14740,49,-1210,-204,3
-8735,15666,15761,152,-1795,298,3
-10563,17281,16741,250,-2521,1087,3
-11846,19472,18049,74,-3614,2454,3
-13053,21020,19076,-78,-5124,4450,3
-20747,12692,10412,1677,-10052,17342,3
-20747,12692,10412,1677,-10052,17342,3
-17439,5664,6328,3577,-9047,17453,3
-12950,2676,5589,4961,-7253,17453,3
-11198,161,5233,4919,-5890,17453,3
-10180,-3004,3629,4045,-4895,17368,3
-8701,-5986,1796,3039,-3877,16018,3
-7963,-8649,-483,2172,-2825,14680,3
-7447,-11781,-2539,1463,-1899,13328,3
-7049,-14739,-2733,992,-1029,11881,3
-6003,-15615,-1472,644,-324,10045,3
-6366,-14822,-828,345,113,7810,3
-7109,-14515,-403,4,356,5469,3
-7852,-14024,-14,-240,543,3526,3
-8180,-13637,408,-294,715,2185,3
-7509,-13629,937,-156,862,1427,3
-5959,-13315,1714,63,1025,1014,3
-3902,-12544,2689,193,1116,682,3
-1723,-11596,3583,168,1053,290,3
272,-10460,4193,45,928,-174,3
2057,-9256,4631,-82,817,-649,3
3721,-8057,5202,-218,710,-1074,3
5195,-6952,5771,-329,617,-1434,3
6290,-5879,6234,-370,523,-1727,3
7010,-4849,6524,-375,405,-1918,3
7360,-4166,6633,-370,262,-2004,3
7234,-3797,6531,-319,109,-2000,3
6700,-3772,6185,-184,1,-1917,3
5947,-4015,5643,-33,-49,-1759,3
3975,-6094,4059,142,-52,-1244,3
3975,-6094,4059,142,-52,-1244,3
3524,-6942,3641,98,-28,-1242,3
3180,-7806,3069,39,9,-1429,3
2934,-11632,1201,-290,507,-3909,3
2934,-11632,1201,-290,507,-3909,3
2643,-12115,867,-550,803,-5570,3
1762,-11777,982,-680,1213,-7252,3
345,-10850,1188,-656,1630,-8666,3
-571,-10428,1496,-773,1828,-9778,3
-1640,-10676,1532,-875,1939,-10699,3
-2792,-10783,1223,-1042,2001,-11441,3
-11693,-1886,-190,341,3796,-13355,3
-11693,-1886,-190,341,3796,-13355,3
-13792,2579,804,173,4252,-12983,3
-15216,6729,2104,222,4760,-12432,3
-15805,10008,3135,540,5304,-11670,3
-15695,12938,3877,682,5752,-10742,3
-15065,16027,5672,651,6045,-9868,3
-12975,19940,10041,406,6105,-9178,3
-8990,24664,16113,-280,5590,-8563,3
-6468,27202,19186,-1118,4309,-7665,3
-8215,25082,17863,-1196,2842,-6118,3
-10064,21318,16379,-745,1663,-3681,3
-9873,18334,15116,140,982,-874,3
-8998,16404,12800,997,618,1403,3
-8129,14783,10583,1208,463,2769,3
-7039,12800,9615,843,429,3400,3
-5524,10292,9490,453,440,3232,3
-4022,8473,9592,259,472,2459,3
-2680,8080,9616,98,451,1503,3
-1611,8499,9572,-119,356,670,3
-972,8898,9508,-356,241,98,3
-689,8775,9349,-482,180,-142,3
-602,8296,9069,-511,133,-59,3
-532,7558,8857,-468,85,213,3
-404,6817,8587,-301,98,482,3
-398,6123,8297,-140,139,655,3
-936,5255,8054,-36,179,724,3
-1399,4464,8079,83,225,630,3
-1395,4571,8164,190,276,465,3
-1345,6668,8407,95,316,-15,3
-1345,6668,8407,95,316,-15,3
-1315,7045,8435,-39,267,-42,3
-1236,7344,8436,-135,209,44,3
-1274,7351,8399,-184,150,164,3
-1318,6873,8369,-208,77,282,3
-1426,6526,8197,-192,6,419,3
-1421,6144,7986,-126,-20,470,3
-1589,5672,7763,-35,-4,330,3
-1874,5486,7607,7,8,81,3
-1910,5883,7605,-10,2,-84,3
-1757,6624,7634,-43,-17,-108,3
-1709,6991,7617,-63,-36,-66,3
-1733,6589,7322,-139,-184,130,3
-1778,6645,7182,-85,-178,195,3
-1778,6645,7182,-85,-178,195,3
-1814,6605,7119,-50,-171,253,3
-1778,6472,7063,-26,-161,292,3
-1719,6338,6978,-16,-149,286,3
-1709,6331,6929,-36,-136,265,3
-1662,6191,6915,-61,-117,239,3
-1571,6381,7023,-219,-63,19,3
-1571,6381,7023,-219,-63,19,3
-1425,6356,7103,-229,-57,70,3
-1314,6353,7127,-207,-55,125,3
-1270,6324,7107,-200,-62,158,3
-1198,6261,7116,-196,-69,190,3
-1164,6165,7087,-159,-64,211,3
-1180,5948,7052,-118,-54,170,3
-1318,6975,7197,39,63,-80,3
-1318,6975,7197,39,63,-80,3
-1022,6489,7342,-27,-62,-94,3
-1022,6489,7342,-27,-62,-94,3
-1004,6760,7331,14,-43,-80,3
-1003,6938,7319,4,-47,-29,3
-1053,6958,7354,-20,-59,41,3
-1011,6827,7419,-36,-74,125,3
-1019,6471,7465,-36,-81,172,3
-1119,6153,7472,7,-64,111,3
-1200,6221,7498,18,-58,53,3
-1103,6342,7477,-87,-160,-18,3
-1103,6342,7477,-87,-160,-18,3
-1037,6466,7364,-107,-178,-22,3
-970,6609,7308,-118,-176,-3,3
-893,6646,7314,-138,-165,15,3
-829,6526,7331,-158,-147,34,3
-901,6434,7367,-182,-129,60,3
-905,6301,7418,-214,-116,71,3
-945,6101,7476,-226,-104,49,3
-998,6126,7460,-238,-118,-77,3
-998,6126,7460,-238,-118,-77,3
-1023,6320,7441,-214,-110,-101,3
-1025,6484,7433,-200,-109,-75,3
-949,6505,7419,-200,-116,-7,3
-872,6442,7425,-203,-123,64,3
-793,6239,7411,-221,-136,103,3
-833,5974,7403,-238,-135,95,3
-918,5709,7471,-240,-126,40,3
-993,5642,7569,-227,-115,-21,3
-1060,5773,7652,-223,-110,-78,3
-1073,5972,7749,-229,-116,-110,3
-1021,6107,7778,-220,-126,-123,3
-900,6283,7793,-199,-132,-94,3
-773,6444,7765,-181,-141,-41,3
-723,6489,7661,-166,-153,21,3
-785,6447,7529,-155,-171,94,3
-695,6164,7437,-155,-184,156,3
-603,5758,7401,-169,-179,164,3
-651,5354,7406,-200,-161,61,3
-774,5353,7509,-230,-137,-39,3
-798,5457,7586,-273,-135,-120,3
-778,5492,7655,-340,-156,-213,3
-755,5695,7749,-380,-168,-263,3
-699,5977,7819,-369,-164,-239,3
-636,6112,7812,-337,-159,-176,3
-567,6049,7768,-311,-157,-99,3
-578,5921,7728,-297,-160,-17,3
-658,5585,7667,-299,-169,15,3
-780,5077,7658,-338,-177,-81,3
-899,4777,7768,-392,-157,-296,3
-1022,5126,7923,-413,-109,-531,3
-1087,5854,8063,-416,-64,-613,3
-970,6331,8217,-422,-52,-563,3
-906,6404,8290,-389,-56,-473,3
-1058,6379,8294,-302,-62,-357,3
-1128,6459,8296,-194,-60,-219,3
-1143,6501,8306,-72,-42,-88,3
-1139,6237,8406,54,-6,-70,3
-1298,6171,8535,115,32,-142,3
-1716,6245,8705,113,58,-290,3
-2241,6484,9094,126,99,-512,3
-3211,7412,10163,153,175,-747,3
-4497,9317,12625,109,215,-1022,3
-5377,11860,16297,-127,31,-1306,3
-6537,13722,19733,-457,-689,-1336,3
-7435,14025,22368,-760,-2001,-907,3
-8192,13788,23779,-1071,-3659,-38,3
-8989,12920,23763,-1559,-5377,880,3
-9634,11145,23266,-2180,-7090,1553,3
-9833,9756,23461,-2829,-8694,2009,3
-8907,11391,22411,-3708,-10065,2231,3
-8124,13445,19819,-4893,-11023,2087,3
-7395,14763,16990,-5896,-11666,1943,3
-7395,14763,16990,-5896,-11666,1943,3
-6873,14315,14224,-6275,-12107,2163,3
-6256,12799,10125,-6018,-12285,2739,3
-5570,10551,5451,-5320,-12032,3481,3
-5044,8043,1929,-4461,-11410,4195,3
-1965,-4984,-25393,1163,-3501,1258,3
-1965,-4984,-25393,1163,-3501,1258,3
-1258,-5387,-27759,1333,-2123,1388,3
259,-6046,-25640,854,-997,1593,3
1881,-6492,-19688,242,-150,1574,3
3219,-6502,-12171,-141,481,1359,3
4940,-6220,-5399,-358,909,1008,3
6459,-5154,-254,-508,1221,593,3
7881,-3629,3349,-614,1439,304,3
10203,-2830,7070,-953,1091,222,3
10203,-2830,7070,-953,1091,222,3
10479,-3320,5754,-917,923,155,3
10387,-3512,4249,-935,877,-14,3
9985,-3609,2691,-1027,888,-187,3
9460,-3718,1397,-1174,930,-305,3
8970,-4034,678,-1327,973,-415,3
8818,-4516,260,-1442,998,-601,3
8650,-4559,-71,-1470,1052,-835,3
8606,-4393,-186,-1391,1151,-1065,3
8670,-3701,-258,-1143,1263,-1260,3
8729,-2734,-63,-818,1335,-1372,3
8818,-2136,76,-478,1404,-1392,3
8692,-1866,-29,-231,1494,-1333,3
8433,-1880,-114,-189,1543,-1293,3
8163,-1873,-307,-194,1589,-1329,3
7750,-1579,-694,-211,1649,-1398,3
7245,-1291,-1109,-296,1726,-1506,3
6895,-932,-1543,-539,1788,-1584,3
6577,-301,-1939,-892,1847,-1501,3
6432,124,-2338,-1168,1943,-1322,3
6328,257,-2905,-1258,2110,-1086,3
6207,11,-3664,-1118,2353,-839,3
6049,-559,-4658,-759,2680,-712,3
5657,-915,-5684,-247,3123,-634,3
5122,-1285,-6809,317,3762,-463,3
4729,-1770,-7999,1333,4554,-440,3
3794,-2220,-9578,2420,5615,-316,3
2644,-2777,-10582,3077,7009,-268,3
536,-2551,-10296,3709,8599,-684,3
-2585,-928,-8506,4294,10193,-1352,3
-6178,1697,-5895,4435,11622,-1782,3
-10191,4689,-3050,4588,12948,-2006,3
-15279,7636,565,5060,14129,-2329,3
-20151,9329,5740,5505,14933,-2530,3
-22300,9607,12465,6091,15247,-2553,3
-21747,10944,19670,6802,14893,-2426,3
-19488,14352,25386,6928,13501,-2073,3
-16653,16640,27731,6614,10835,-1562,3
-15356,15378,26505,6302,7655,-559,3
-15142,12317,23411,5358,4947,691,3
-14224,10619,20211,3418,2813,1172,3
-12687,10767,16971,1016,899,661,3
-11639,11482,14226,-1312,-670,-125,3
-6994,11104,9300,-2780,-1896,35,3
-6994,11104,9300,-2780,-1896,35,3
-5632,9919,8816,-2170,-1572,514,3
-2233,6027,9986,129,-618,1748,3
-2165,5369,9346,835,-393,1834,3
-2230,5133,8903,1193,-189,1723,3
-2194,4855,8790,1127,-113,1593,3
-2517,4060,8646,852,-144,1310,3
-2745,3478,8650,516,-190,812,3
-2634,4027,8582,181,-200,431,3
-2434,4932,8522,-102,-225,219,3
-2329,5335,8382,-367,-275,124,3
-2467,5330,8184,-569,-338,110,3
-2503,5273,8035,-607,-380,162,3
-2339,5238,7811,-490,-395,282,3
-2100,4936,7728,-375,-401,408,3
-1957,4570,7705,-310,-403,528,3
-2031,4410,7598,-174,-398,623,3
-2068,4261,7472,30,-339,655,3
-1911,4053,7409,223,-199,591,3
-1805,4028,7446,328,-52,401,3
-2029,4212,7412,255,17,182,3
-2444,4454,7430,111,31,2,3
-2570,4874,7550,12,75,-102,3
-2622,5363,7723,-24,115,-136,3
-2694,5657,7915,-24,125,-129,3
-2753,5961,8037,18,119,-79,3
-2512,6097,8164,84,11,29,3
-2413,6018,8093,110,-20,92,3
-2407,5848,7966,104,-52,109,3
-2371,5564,7887,55,-78,84,3
-2394,5355,7812,21,-91,61,3
-2411,5365,7755,19,-84,58,3
-2482,5221,7741,13,-80,24,3
-2502,5205,7806,0,-85,-31,3
-2033,4772,7583,128,-73,231,3
-2033,4772,7583,128,-73,231,3
-2074,4801,7641,99,-28,100,3
-2146,5229,7793,4,-15,13,3
-2157,5512,7990,-32,1,-45,3
-2084,5694,8073,5,27,-52,3
-1993,5874,8018,43,31,-9,3
-1948,5879,7987,34,15,37,3
-1899,5739,7962,4,-10,75,3
-1952,5249,7777,16,0,237,3
-1952,5249,7777,16,0,237,3
-1977,5010,7852,2,16,202,3
-1984,4968,7934,-29,13,150,3
-2094,4996,7984,-42,7,75,3
-2221,4981,8097,-40,-8,-22,3
-2235,5293,8174,-41,-47,-59,3
-2077,5590,8153,-38,-84,-44,3
-1977,5736,8083,-15,-94,-11,3
-1945,5679,7996,6,-96,33,3
-1905,5522,7878,11,-97,88,3
-1885,5367,7758,17,-94,133,3
-1924,5709,7990,1,-59,-49,3
-1924,5709,7990,1,-59,-49,3
-2037,5899,7988,32,-47,-22,3
-2065,5942,8025,52,-36,25,3
-2001,5854,8075,44,-41,60,3
-1963,5589,8080,8,-55,103,3
-1963,5589,8080,8,-55,103,3
-1934,5344,8122,-15,-55,64,3
-1971,5297,8120,-41,-61,3,3
-1947,5358,8071,-73,-75,-62,3
-1982,5475,8033,-111,-90,-103,3
-2049,5651,8069,-111,-100,-98,3
-1962,5693,8136,-47,-87,-60,3
-1945,5733,8099,11,-73,9,3
-1952,5624,8086,5,-82,35,3
-1954,5430,8118,-26,-96,36,3
-1933,5208,8089,-50,-104,-5,3
-1909,5029,8077,-102,-112,-112,3
-2002,5138,8099,-329,-19,-551,3
-1999,5528,8129,-457,32,-655,3
-2181,5654,8256,-570,76,-782,3
-2486,5536,8467,-658,125,-952,3
-2953,5312,8889,-697,183,-1201,3
-3628,5175,9566,-703,243,-1537,3
-4358,5432,10477,-736,267,-1963,3
-5102,6595,11607,-694,283,-2279,3
-5800,8515,12818,-514,299,-2271,3
-6787,10306,14104,-451,74,-1918,3
-7790,11486,15753,-534,-503,-1356,3
-8844,11949,18079,-704,-1327,-762,3
-10121,10927,20491,-940,-2362,-119,3
-11758,8838,22574,-1369,-3767,622,3
-12725,7057,24231,-1952,-5602,1222,3
-13633,6822,25317,-2330,-7652,1523,3
-13757,7786,25560,-2380,-9571,1633,3
-14133,8953,24740,-2230,-11140,1858,3
-14092,9609,23474,-2160,-12528,2241,3
-13260,9774,21783,-2238,-13652,2712,3
-12693,9829,19664,-2286,-14380,3155,3
-11753,9281,16176,-2588,-14955,3815,3
-11826,7231,11104,-2792,-15277,4698,3
-7989,3064,-11879,-1061,-11522,6772,3
-6956,-2473,-16169,-594,-9368,7200,3
-5931,-10028,-18773,381,-7701,7040,3
-4676,-15237,-21738,2093,-6253,6310,3
-4343,-17144,-26715,4011,-4853,5107,3
-3877,-17354,-31242,5747,-3194,3764,3
-2719,-16725,-30090,6597,-1537,2522,3
-1917,-15427,-23226,6197,-339,1277,3
-81,-12371,-14903,4851,405,92,3
2676,-6994,-7307,2735,672,-926,3
4869,-2020,-750,578,664,-1596,3
6574,1374,3517,-819,617,-1721,3
7971,3440,5257,-1334,559,-1376,3
8976,4053,5444,-1079,647,-954,3
9815,3375,5432,-509,788,-788,3
9815,3375,5432,-509,788,-788,3
10225,2399,4851,-66,767,-793,3
8462,-1282,-877,-1511,1500,-172,3
8462,-1282,-877,-1511,1500,-172,3
8357,-1994,57,-2107,1704,-134,3
8631,-2151,1831,-2449,1616,-185,3
8535,-1814,1732,-2311,1490,-243,3
8321,-2071,387,-1873,1530,-253,3
8505,-2634,-317,-1545,1635,-193,3
8587,-2833,-525,-1416,1748,-161,3
8339,-3046,-920,-1370,1906,-254,3
7940,-3247,-1618,-1359,2160,-494,3
7211,-2912,-1988,-1503,2426,-674,3
6409,-2430,-2007,-1951,2592,-747,3
5910,-2433,-1972,-2627,2661,-736,3
5371,-2426,-2018,-2903,2619,-820,3
4813,-2251,-2187,-2955,2643,-759,3
4346,-2426,-2511,-2997,2706,-529,3
4124,-2698,-2874,-2853,2803,-340,3
2427,-4368,-7799,1983,5337,-684,3
2427,-4368,-7799,1983,5337,-684,3
1231,-3854,-7465,2687,6642,-1006,3
-385,-3099,-6344,3112,8051,-1633,3
-2970,-1723,-4818,3378,9539,-2328,3
-6688,287,-2555,3500,11014,-2886,3
-10769,2587,314,3817,12362,-3252,3
-14488,4409,3624,4182,13526,-3293,3
-17615,5697,7149,4529,14506,-2966,3
-19877,7060,11347,5131,14977,-2453,3
-19917,8863,17374,5923,14732,-2097,3
-18815,12238,23995,6503,13909,-1867,3
-18653,15642,28616,6703,12019,-1583,3
-9148,8603,11666,-2031,-1646,-733,3
-7476,9228,10715,-1899,-1646,-588,3
-6041,9047,9992,-1358,-1422,-191,3
-4987,8024,9809,-825,-1133,314,3
-3900,3782,8563,963,-153,779,3
-3809,4198,8723,548,-208,419,3
-3626,5047,8729,167,-292,226,3
-3526,5609,8584,-102,-380,169,3
-3474,5578,8396,-255,-460,213,3
-3330,5391,8164,-310,-504,335,3
-3170,5261,7869,-299,-525,462,3
-3170,5132,7534,-249,-525,558,3
-3229,4960,7331,-203,-495,617,3
-3210,4966,7342,-122,-430,681,3
-3073,4804,7429,20,-324,703,3
-3047,4476,7472,178,-225,575,3
-3245,4407,7497,204,-217,376,3
-3250,4581,7543,118,-249,244,3
-3171,5055,7563,43,-259,201,3
-3068,5324,7571,-10,-278,177,3
-2935,5297,7524,-52,-316,203,3
-2932,5201,7376,-61,-344,276,3
-2964,5017,7228,-23,-339,328,3
-2992,4854,7195,35,-291,313,3
-2982,4965,7277,75,-232,254,3
-3028,5267,7422,86,-192,214,3
-3111,5435,7562,103,-161,204,3
-3073,5427,7697,117,-133,178,3
-2961,5388,7820,91,-137,107,3
-2877,5400,7820,53,-167,60,3
-2943,5492,7768,42,-201,85,3
-2976,5502,7680,56,-220,127,3
-2925,5650,7646,55,-219,168,3
-2748,5721,7667,29,-237,204,3
-2607,5555,7674,13,-248,252,3
-2616,5361,7684,41,-222,280,3
-2578,5160,7731,46,-184,250,3
-2523,5116,7817,5,-170,199,3
-2518,5282,7893,-38,-173,159,3
-2502,5425,7943,-59,-172,151,3
-2528,5435,7977,-74,-166,184,3
-2479,5238,8032,-104,-173,167,3
-2397,5127,8109,-152,-200,126,3
-2257,5239,8138,-196,-229,142,3
-2106,5250,8074,-211,-244,173,3
-2077,5024,7935,-223,-251,190,3
-2114,4592,7794,-230,-248,145,3
-2164,4436,7778,-243,-243,95,3
-2181,4635,7847,-237,-233,75,3
-2177,4836,7886,-197,-217,64,3
-2219,4951,7853,-128,-197,53,3
-2218,5030,7822,-55,-175,51,3
-2258,5315,8171,17,-122,37,3
-2284,5328,8247,-54,-207,2,3
-2284,5328,8247,-54,-207,2,3
-2063,4898,7958,-34,-264,87,3
-2063,4898,7958,-34,-264,87,3
-2047,4897,7911,-38,-259,41,3
-1964,5005,7957,-38,-248,11,3
-1964,5141,7976,-22,-232,18,3
-1950,5106,7964,-19,-224,27,3
-1932,5127,7965,-18,-212,41,3
-1844,5178,8013,-29,-207,58,3
-1772,5136,8032,-61,-219,75,3
-1756,5049,7963,-87,-238,96,3
-1781,4905,7801,-72,-250,111,3
-1838,4841,7676,-29,-239,113,3
-1811,4761,7618,-8,-217,86,3
-1825,4794,7723,7,-188,31,3
-1834,5063,7915,33,-141,-10,3
-1801,5427,8195,49,-115,-36,3
-1801,5427,8195,49,-115,-36,3
-1740,5484,8233,27,-136,7,3
-1690,5369,8200,-1,-156,54,3
-1674,5223,8116,-21,-173,89,3
-1549,5021,8032,-39,-186,109,3
-1474,4771,7964,-61,-194,104,3
-1436,4358,7901,-67,-186,28,3
-1585,4218,7901,-56,-165,-86,3
-1739,4497,7947,-61,-149,-176,3
-1717,4887,8114,-84,-131,-235,3
-1759,5281,8256,-77,-110,-240,3
-1749,5460,8415,-46,-107,-211,3
-1679,5485,8454,-23,-120,-175,3
-1648,5505,8415,-22,-138,-133,3
-1678,5376,8352,-36,-155,-119,3
-1763,5017,8310,-61,-166,-185,3
-1885,4910,8341,-111,-164,-293,3
-1998,5081,8488,-192,-165,-385,3
-2013,5254,8643,-275,-176,-497,3
-2085,5626,8779,-312,-182,-560,3
-2112,5886,8895,-286,-188,-559,3
-2071,5912,8925,-197,-188,-504,3
-2116,5666,8931,-156,-214,-492,3
-2227,5253,8941,-124,-243,-583,3
-2437,5238,9003,-10,-189,-698,3
-2698,5651,9294,108,-124,-796,3
-2934,6302,9805,198,-112,-857,3
-2930,7569,11002,339,-186,-826,3
-4310,11553,14676,741,-765,-698,3
-5895,13064,16652,757,-1400,-492,3
-7450,14244,18083,905,-2370,82,3
-9148,16077,18573,1296,-3606,1202,3
-11875,20140,18823,1067,-6768,5088,3
-14479,23884,18380,1062,-8110,7908,3
-15781,26467,16737,1528,-9150,11619,3
-17006,20316,13864,2147,-9856,15562,3
-14327,12730,10650,3317,-9562,17453,3
-10559,7899,8950,4799,-8469,17453,3
-8607,1840,8831,5756,-7181,17453,3
-6517,-2055,7568,5481,-5994,17453,3
-4617,-4127,3854,4196,-5010,17377,3
-3981,-6838,253,2904,-4067,16144,3
-3134,-10818,-1315,1954,-3180,14735,3
-1252,-13640,-1245,1454,-2135,12941,3
-3456,-6293,1822,-463,-859,3494,3
-5153,-6547,1541,-94,-542,3443,3
-5626,-8284,830,325,-132,3673,3
-6083,-10300,-204,683,346,3622,3
-6068,-12142,-755,753,881,3203,3
-5560,-13036,-427,542,1358,2511,3
-4977,-13253,177,212,1681,1675,3
-4161,-13041,1058,-106,1834,862,3
-3124,-12319,2430,-344,1781,142,3
-2001,-11328,3695,-464,1521,-494,3
-696,-10404,4428,-464,1140,-1053,3
675,-9428,4564,-353,786,-1498,3
2138,-8582,4348,-224,549,-1832,3
3433,-7860,4133,-152,430,-2073,3
4411,-7377,3956,-137,419,-2266,3
4872,-7118,3823,-176,485,-2440,3
4922,-7043,3545,-227,604,-2628,3
4726,-6939,3295,-263,731,-2835,3
4353,-6628,3271,-304,800,-3047,3
3785,-6329,3136,-350,800,-3243,3
3079,-6276,2845,-374,749,-3401,3
2349,-6815,2455,-378,695,-3559,3
1820,-7879,1787,-371,673,-3860,3
1551,-8808,1052,-439,661,-4365,3
1397,-8965,586,-542,688,-5003,3
1205,-8506,418,-529,831,-5697,3
1161,-8019,280,-384,1111,-6505,3
876,-7374,-73,-192,1469,-7386,3
332,-6875,-432,-81,1813,-8292,3
-197,-6632,-865,-41,2214,-9226,3
-197,-6632,-865,-41,2214,-9226,3
-877,-6553,-1274,54,2799,-10247,3
-2014,-6514,-1300,184,3528,-11472,3
-4313,-5158,-648,388,4243,-12629,3
-7101,-2701,702,483,4753,-13429,3
-12951,6545,2934,663,5690,-13136,3
-12951,6545,2934,663,5690,-13136,3
-14718,10254,3585,1544,6179,-12892,3
-13967,14304,4362,2145,6592,-12458,3
-11970,17285,6073,1482,6461,-11340,3
-8711,20456,9583,546,6030,-10092,3
-5110,23688,14326,-394,5374,-8803,3
-3083,24768,17220,-927,4407,-7497,3
-4303,21880,16149,-1019,3136,-5978,3
-7768,17301,14128,-796,2049,-4048,3
-9385,13685,13326,-249,1661,-2045,3
-9035,12964,13047,234,1481,-403,3
-8045,12832,12348,423,1218,493,3
-6823,11958,11684,331,952,623,3
-5599,11241,11364,37,702,484,3
-4483,10855,11290,-259,492,351,3
-3578,10637,11193,-460,308,328,3
-1836,6958,9200,-945,-516,1090,3
-1421,5760,8812,-744,-531,1081,3
-1297,5086,8365,-425,-419,938,3
-1480,4810,8133,-133,-259,587,3
-1377,5181,8166,8,-88,221,3
-1296,6110,8344,19,18,23,3
-1155,6794,8503,-21,53,-17,3
-1195,6832,8534,-63,44,43,3
-1333,6554,8496,-37,30,159,3
-1382,6470,8401,26,37,329,3
-1313,6454,8328,68,37,484,3
-963,5944,8249,20,0,536,3
-824,5520,8087,-117,-68,496,3
-914,5347,7819,-275,-128,411,3
-1204,5147,7555,-369,-170,323,3
-1441,5041,7399,-337,-157,246,3
-1429,4934,7280,-246,-117,132,3
-1613,6805,7756,121,127,-60,3
-1467,7024,7992,121,119,39,3
-1582,5755,7752,118,-5,303,3
-1600,5637,7626,34,-34,210,3
-1636,5655,7592,-56,-59,138,3
-1649,5675,7612,-61,-45,70,3
-1670,5900,7661,-13,-9,-8,3
-1725,6326,7698,38,15,-44,3
-1579,6574,7763,39,-3,7,3
-1330,6514,7771,23,-42,126,3
-1227,6299,7708,52,-59,231,3
-1242,6023,7575,109,-47,291,3
-1234,5912,7484,136,-30,340,3
-1248,5854,7492,137,-8,364,3
-1187,5636,7521,158,29,332,3
-1090,6409,7835,-35,-56,-83,3
-1092,6459,7836,-13,-65,-31,3
-1107,6441,7808,-20,-85,37,3
-1060,6234,7781,-11,-95,103,3
-1142,5498,7671,-2,-101,52,3
-1207,5388,7612,-49,-101,-40,3
-1188,5587,7647,-81,-90,-128,3
-1236,5904,7661,-105,-96,-169,3
-1221,6147,7699,-111,-107,-164,3
-1119,6225,7649,-86,-102,-148,3
-1049,6322,7635,-70,-93,-105,3
-972,6319,7628,-80,-95,-52,3
-939,6105,7599,-90,-100,-21,3
-997,5897,7564,-67,-79,-28,3
-1012,5758,7586,-55,-56,-56,3
-1035,5679,7642,-97,-55,-117,3
-1125,5678,7732,-147,-55,-198,3
-1150,5770,7831,-164,-44,-268,3
-1164,6130,7929,-55,-96,15,3
-1164,6130,7929,-55,-96,15,3
-1127,5610,7943,-71,-100,-38,3
-1194,5347,7996,-170,-127,-215,3
-1309,5695,8117,-250,-138,-355,3
-1301,6085,8206,-256,-119,-425,3
-1277,6323,8259,-223,-101,-446,3
-1353,6544,8272,-189,-107,-400,3
-1515,6650,8293,-136,-136,-299,3
-1559,6550,8339,-76,-163,-184,3
-1456,6591,8478,-75,-177,-126,3
-1479,6680,8733,-186,-223,-217,3
-2508,8531,10520,-861,-475,-506,3
-2508,8531,10520,-861,-475,-506,3
-2822,8883,11289,-1090,-633,-403,3
-3056,9489,12294,-1296,-874,-234,3
-3629,9891,13727,-1335,-1277,-77,3
-4907,10162,15590,-1112,-1850,162,3
-6306,10485,17231,-796,-2549,543,3
-6967,10925,19386,-538,-3518,982,3
-7611,11790,22209,-256,-4726,1444,3
-8157,14541,23447,19,-6152,1942,3
-7861,16899,22144,-246,-7854,2609,3
-8114,17113,20074,-761,-9190,3538,3
-8654,16982,18884,-1158,-9994,4742,3
-7907,17071,18632,-1235,-10689,5820,3
-8959,14716,15490,-1160,-11458,7459,3
-8988,10443,8940,-513,-11578,9259,3
-6944,7767,3530,527,-10769,11228,3
-6293,3755,-627,1763,-9564,12924,3
-5632,-1658,-1996,3383,-7958,13740,3
-1168,-6639,-4502,-1639,5784,-6594,3
-1168,-6639,-4502,-1639,5784,-6594,3
-2341,-6001,-2967,-504,6506,-7176,3
-3669,-4266,-1373,110,7097,-7551,3
-4684,-3385,417,-298,7390,-7842,3
-6575,-1812,1922,20,7843,-8262,3
-9110,1181,3155,931,8374,-8515,3
-11079,4790,4555,1793,8829,-8529,3
-12767,8294,6411,2648,9136,-8269,3
-13289,11861,9844,3177,9060,-7748,3
-11104,15602,15602,2979,8461,-6918,3
-7568,18898,21315,2559,7603,-5994,3
-5322,20020,23459,2403,6257,-5268,3
-7181,17566,21620,2424,4405,-4217,3
-1479,4594,8180,-37,20,779,3
-1261,4205,8341,43,100,656,3
-1261,4205,8341,43,100,656,3
-1114,4134,8616,256,248,401,3
-1225,4549,8881,404,309,110,3
-1207,5114,8982,347,240,-68,3
-1270,5613,8940,201,137,-72,3
-1362,5826,8786,137,70,14,3
-1562,5887,8634,131,38,107,3
-1510,5354,8549,76,2,140,3
-1623,4981,8500,7,-22,123,3
-1725,5030,8528,-40,-20,80,3
-1648,5844,8690,152,-142,6,3
-1648,5844,8690,152,-142,6,3
-1426,5730,8573,121,-240,67,3
-1324,5571,8318,99,-292,175,3
-1324,4769,7852,178,-175,39,3
-966,5407,8035,64,-81,101,3
-966,5407,8035,64,-81,101,3
-920,5355,7966,38,-102,120,3
-1019,5569,8723,-25,-14,-13,3
-1019,5569,8723,-25,-14,-13,3
-926,5581,8656,-19,-61,56,3
-889,5456,8429,-11,-109,127,3
-934,5205,8174,-12,-143,169,3
-950,4971,7989,-19,-139,162,3
-968,4838,7950,-18,-100,133,3
-1085,4841,8013,30,-41,28,3
-1271,5205,8190,50,-18,-67,3
-1128,5516,8442,26,-33,-95,3
-1004,5774,8563,22,-59,-53,3
-905,5810,8565,40,-83,5,3
-870,5722,8460,38,-118,69,3
-984,5698,8503,61,-54,-117,3
-984,5698,8503,61,-54,-117,3
-934,5786,8527,56,-84,-61,3
-884,5780,8444,45,-119,6,3
-822,5687,8260,38,-148,83,3
-823,5369,8045,25,-157,147,3
-816,4830,7957,17,-133,126,3
-827,4601,7969,0,-96,29,3
-866,4746,8062,-35,-85,-55,3
-848,5018,8115,-39,-84,-96,3
-780,5215,8117,-13,-75,-94,3
-781,5340,8126,19,-68,-73,3
-757,5403,8145,34,-62,-38,3
-735,5476,8174,30,-61,12,3
-701,5336,8205,6,-71,49,3
-731,5025,8212,-15,-80,44,3
-814,4920,8226,-6,-75,23,3
-830,4898,8213,11,-68,-13,3
-866,4999,8250,27,-65,-59,3
-861,5193,8271,35,-61,-99,3
-842,5430,8326,21,-68,-113,3
-802,5604,8365,26,-75,-90,3
-763,5706,8345,40,-75,-52,3
-758,5676,8323,46,-79,-3,3
-696,5539,8297,47,-86,55,3
-694,5318,8238,43,-96,93,3
-742,4969,8172,26,-98,67,3
-810,4788,8196,-2,-93,-10,3
-812,5019,8253,-14,-88,-78,3
-839,5435,8271,-11,-90,-112,3
-828,5669,8290,-9,-94,-100,3
-769,5711,8314,0,-90,-61,3
-714,5633,8336,21,-83,-47,3
-750,5685,8339,50,-74,-23,3
-784,5727,8344,75,-75,13,3
-782,5560,8334,92,-78,23,3
-854,5473,8335,79,-80,3,3
-835,5511,8468,93,-53,-47,3
-882,5733,8621,126,-17,-111,3
-918,6044,8854,125,-19,-141,3
-925,6263,9003,97,-66,-137,3
-981,6454,9055,92,-109,-88,3
-1045,6624,9156,109,-137,-13,3
-1139,6820,9292,128,-176,72,3
-1143,7035,9536,179,-225,187,3
-1161,7231,9777,298,-281,312,3
-1387,7395,9979,438,-361,421,3
-1486,7638,10163,576,-483,554,3
-1394,7923,10416,743,-641,698,3
-1412,8675,10913,919,-808,833,3
-1386,9929,11745,1018,-1037,940,3
-1598,11508,12815,1033,-1405,1006,3
-5924,20320,16192,423,-4814,3829,3
-5924,20320,16192,423,-4814,3829,3
-7956,24311,15252,1124,-5743,6824,3
-9255,27021,14230,1846,-6577,10870,3
-9981,24125,12170,3015,-7075,14904,3
-9271,18325,8862,4681,-6841,17414,3
-7314,14217,6407,5780,-5801,17453,3
-6137,10586,7611,5991,-4708,17453,3
-6340,6784,8068,5345,-3877,17453,3
-7101,2302,5077,4020,-2860,17325,3
-8376,-3803,1462,2614,-1456,16587,3
-8144,-11946,-1072,1589,-68,15885,3
-4113,-8512,4965,-763,522,1689,3
-4113,-8512,4965,-763,522,1689,3
-4954,-5213,4589,-868,97,1184,3
-4901,-5219,3799,-807,-100,1724,3
-4057,-7192,2715,-353,66,2107,3
-3335,-8650,2118,170,465,1966,3
-2864,-9730,2126,200,739,1454,3
-2181,-10459,2559,40,942,802,3
-1443,-10459,3002,-64,1158,175,3
-536,-10266,3499,-235,1298,-357,3
501,-9737,4364,-439,1288,-776,3
1455,-8933,5118,-596,1102,-1121,3
2420,-8042,5664,-673,804,-1387,3
3338,-7097,5826,-663,506,-1568,3
4466,-5873,4776,-314,207,-1495,3
4466,-5873,4776,-314,207,-1495,3
4182,-6204,4290,-248,313,-1386,3
3671,-6897,3685,-231,483,-1339,3
3002,-7781,3147,-258,653,-1445,3
2187,-8816,2776,-290,818,-1812,3
1221,-9878,2583,-277,1013,-2477,3
432,-10615,2492,-419,1149,-3417,3
-93,-11389,2288,-749,1143,-4593,3
-395,-11887,1871,-969,1168,-5984,3
-790,-11722,1527,-1062,1249,-7425,3
-1558,-11072,1054,-1043,1383,-8694,3
-2389,-10847,360,-918,1571,-9789,3
-3199,-10697,-444,-754,1816,-10707,3
-4012,-9921,-1211,-634,2108,-11395,3
-4388,-9992,-1590,-682,2539,-12258,3
-5651,-9186,-1371,-617,3276,-13487,3
-8415,-6584,-93,-694,4028,-14811,3
-12398,-2602,1590,-599,4780,-15828,3
-16477,2241,3185,-51,5474,-16210,3
-19502,7632,4127,649,5968,-15921,3
-20324,12147,4861,934,6212,-14865,3
-19100,15926,6053,942,6360,-13191,3
-5394,27741,20463,-801,3208,-7208,3
-5394,27741,20463,-801,3208,-7208,3
-9168,21823,15978,-463,1507,-4958,3
-10733,16722,14233,-14,877,-2027,3
-9440,14901,13744,819,982,319,3
-8441,14120,12167,1480,1016,1488,3
-7829,12753,10646,1147,809,1740,3
-6510,11402,10211,271,506,1503,3
-1946,9709,10957,-588,71,786,3
-1946,9709,10957,-588,71,786,3
-1399,8691,10337,-647,-175,1097,3
-785,7454,9705,-769,-402,1438,3
-494,6439,9082,-838,-543,1758,3
-755,5096,8520,-840,-614,1841,3
-646,3389,8227,-759,-608,1511,3
-440,2968,8012,-614,-484,1083,3
-387,3541,7929,-470,-338,749,3
-240,4321,7993,-347,-229,559,3
-90,4970,8010,-238,-168,534,3
-105,5006,7848,-141,-136,545,3
-130,4464,7649,-85,-118,403,3
-274,4343,7539,-56,-78,207,3
-484,4820,7498,-5,-4,78,3
-683,5414,7559,59,72,3,3
-764,5843,7634,123,149,-11,3
-767,6170,7728,171,210,3,3
-748,6293,7830,163,226,25,3
-727,6158,7860,123,207,30,3
-781,6016,7835,72,176,20,3
-945,5968,7711,30,152,9,3
-1231,6028,7625,14,140,5,3
-1484,6007,7707,25,145,-12,3
-1650,6022,7885,75,151,-77,3
-1614,6165,8061,107,139,-150,3
-1498,6414,8275,105,112,-143,3
-1211,6438,8250,258,-80,156,3
-1204,6289,7938,184,-142,258,3
-1092,5813,7732,91,-174,273,3
-979,5317,7616,-31,-201,190,3
-1006,5194,7496,-76,-189,120,3
-1041,5322,7428,-23,-137,83,3
-906,5429,7441,33,-86,36,3
-827,5484,7466,44,-54,-29,3
-827,5484,7466,44,-54,-29,3
-837,5722,7504,43,-31,-53,3
-808,5959,7589,74,5,-29,3
-808,6132,7702,95,37,13,3
-881,6208,7817,71,38,49,3
-751,5748,7927,-63,-29,157,3
-751,5748,7927,-63,-29,157,3
-781,5394,7853,-52,-16,64,3
-974,5424,7800,-69,-33,-50,3
-912,5800,7837,-109,-70,-86,3
-786,6176,7865,-85,-69,-69,3
-766,6369,7905,-35,-49,-23,3
-797,6250,7970,-19,-42,13,3
-806,6128,8032,-19,-38,-1,3
-752,6183,8103,-14,-43,3,3
-714,6235,8077,-8,-64,47,3
-758,6097,7899,-2,-90,102,3
-873,5894,7707,13,-97,142,3
-925,6217,8008,60,-72,-44,3
-925,6217,8008,60,-72,-44,3
-829,6385,8016,35,-101,-39,3
-828,6506,7968,28,-116,-5,3
-810,6500,7872,9,-142,49,3
-626,6130,7799,-27,-171,102,3
-621,5831,7646,-40,-182,149,3
-675,5565,7495,-26,-174,151,3
-701,5396,7422,-21,-154,118,3
-709,5201,7462,-24,-118,17,3
-784,5278,7594,-19,-70,-124,3
-869,5764,7765,-51,-64,-207,3
-810,6225,7893,-90,-77,-207,3
-733,6462,7980,-72,-72,-155,3
-696,6487,7962,-30,-62,-80,3
-712,6470,7915,-14,-69,1,3
-726,6357,7853,-9,-88,86,3
-678,6025,7836,0,-95,141,3
-703,5599,7786,9,-85,110,3
-849,5387,7805,-3,-70,1,3
-883,5630,7910,-36,-63,-91,3
-907,6062,8033,-29,-58,-139,3
-810,6353,8085,-10,-64,-127,3
-733,6536,8095,-1,-83,-51,3
-677,6557,8036,11,-100,27,3
-629,6444,7965,26,-111,103,3
-657,6108,7892,24,-130,144,3
-849,6107,8150,-30,-99,-90,3
-883,6464,8296,14,-132,-91,3
-955,6474,8342,-48,-169,-136,3
-1067,6574,8437,-105,-214,-173,3
-1126,6530,8554,-138,-247,-260,3
-1374,6992,8912,-272,-263,-618,3
-1294,8502,9585,-416,-284,-779,3
-1505,9942,10453,-629,-361,-915,3
-2066,10526,11290,-997,-599,-954,3
-2652,10810,12147,-1380,-973,-839,3
-3460,11128,13270,-1469,-1458,-638,3
-4598,11421,14614,-1301,-1949,-344,3
-5373,12507,16534,-1238,-2539,100,3
-9711,19734,24791,-2188,-7065,2276,3
-12627,19652,24848,-2389,-8996,3710,3
-14916,20170,22700,-1842,-10481,4886,3
-15808,21131,19258,-1513,-11741,7387,3
-17085,13337,13980,-649,-12767,11410,3
-14418,6489,10185,1907,-12125,14144,3
-12125,924,7863,3766,-11310,16505,3
-10180,-5069,4713,5205,-10234,17283,3
-9220,-8698,1077,5544,-8767,17245,3
-7288,-10835,-1248,5075,-7607,16548,3
-6330,-13235,-2347,4807,-6465,14766,3
-6444,-15729,-4753,3810,-5396,12722,3
-6821,-17589,-6678,2680,-4515,10190,3
-8326,-17966,-7761,1603,-3550,7237,3
-11214,-17587,-8274,868,-2506,4359,3
-12822,-16832,-8441,529,-1440,2344,3
-12335,-16217,-7774,365,-465,1413,3
-9903,-15569,-5810,270,335,1146,3
-5947,-14369,-3311,84,804,1029,3
-1715,-12484,-1313,-133,986,688,3
2291,-10261,282,-237,1061,30,3
5281,-7679,1582,-287,1036,-721,3
7254,-5199,2413,-359,867,-1338,3
8318,-3587,2725,-374,717,-1716,3
8731,-3056,2694,-305,650,-1852,3
8661,-3272,2403,-180,688,-1802,3
8115,-3926,2078,-8,835,-1617,3
7325,-4695,1840,138,1041,-1342,3
6433,-5613,1716,164,1189,-1059,3
5637,-6858,1699,118,1277,-873,3
4975,-8250,1885,62,1304,-860,3
4576,-9366,1859,14,1267,-1048,3
4182,-9803,1545,5,1243,-1398,3
4182,-9803,1545,5,1243,-1398,3
3809,-10008,1182,-19,1219,-1918,3
3702,-10216,508,-82,1253,-2649,3
3245,-9713,-141,-136,1413,-3443,3
2679,-8882,-435,-190,1665,-4141,3
2083,-8130,-530,-229,1994,-4727,3
1494,-7613,-890,-294,2355,-5202,3
894,-7363,-1780,-351,2770,-5559,3
509,-7424,-2539,-361,3278,-5879,3
-87,-7377,-3184,-374,3880,-6228,3
-1260,-7093,-3422,-404,4506,-6562,3
-2276,-6814,-3052,-547,5034,-6886,3
-3107,-6108,-1928,-637,5541,-7233,3
-3866,-4557,-251,-483,6008,-7808,3
-5089,-1830,1355,105,6554,-8536,3
-6781,1599,2905,895,7021,-9094,3
-8321,4716,4103,1540,7233,-9272,3
-9268,7473,5085,2158,7393,-9068,3
-9817,10331,6451,2671,7580,-8697,3
-9294,12656,8751,2764,7746,-8408,3
-7836,14866,12555,2261,7817,-8060,3
-5347,17764,18378,1098,7490,-7584,3
-2510,21209,23880,-420,6497,-7031,3
-2941,21252,24725,-1362,4999,-6071,3
-6726,17338,22311,-1247,3463,-4427,3
-9232,13751,20852,-625,2213,-2201,3
-7790,12144,19501,111,1355,90,3
-5371,11770,17111,515,728,1773,3
-3877,10569,14893,564,320,2513,3
-2633,8297,13649,347,162,2611,3
-1370,6101,13138,130,123,2256,3
-266,4579,12796,12,94,1570,3
276,3721,12256,-27,37,782,3
247,3365,11601,-2,-35,124,3
-185,3494,11017,101,-106,-158,3
-325,3779,10696,272,-154,-125,3
-49,4122,10466,434,-204,81,3
166,4195,10162,530,-250,290,3
44,4146,9883,559,-248,416,3
5,4043,9714,481,-232,452,3
-19,4249,9415,206,-176,394,3
228,4064,9264,192,-130,240,3
205,4222,9087,175,-95,56,3
98,4637,8919,122,-89,-53,3
209,4842,8816,42,-100,-62,3
149,4951,8663,14,-100,19,3
55,4957,8505,63,-72,93,3
-239,4342,8679,111,18,201,3
-162,4373,8877,146,42,184,3
-130,4168,9037,166,24,98,3
-223,3972,9082,175,-7,-38,3
-323,4176,9085,185,-35,-110,3
-270,4484,9092,178,-71,-96,3
-140,4622,9007,151,-119,-49,3
-155,4611,8816,104,-177,-27,3
-167,4565,8639,91,-206,-20,3
-99,4606,8493,125,-193,-2,3
-223,4719,8310,174,-178,-18,3
-294,4733,8254,257,-151,-87,3
-257,5002,8323,356,-89,-124,3
-193,5334,8407,381,-66,-119,3
-23,5407,8443,255,-113,-68,3
-51,5332,8427,177,-141,-3,3
26,5232,8336,141,-156,74,3
51,5030,8235,123,-160,120,3
195,5006,8154,62,-116,-59,3
101,4996,8038,18,-124,-36,3
70,4969,7962,17,-112,-20,3
174,4855,8028,49,-67,-13,3
214,4763,8184,102,-17,-45,3
43,4729,8304,174,13,-134,3
-29,4878,8390,242,46,-217,3
-19,5223,8512,281,80,-240,3
108,5533,8634,170,5,-82,3
141,5433,8537,95,-45,15,3
166,5176,8333,26,-105,78,3
116,4840,8123,-13,-133,99,3
110,4436,8024,-15,-106,22,3
35,4334,8056,-1,-61,-133,3
-39,4802,8233,8,-21,-221,3
1,5260,8376,28,-4,-234,3
71,5573,8447,112,-21,-89,3
87,5619,8351,107,-51,-13,3
80,5481,8226,87,-82,37,3
112,5175,8118,82,-88,49,3
3,4874,8054,94,-68,-3,3
-92,4747,8138,107,-41,-104,3
-98,4951,8315,97,-15,-188,3
-71,5309,8482,60,-20,-217,3
-14,5478,8545,26,-51,-206,3
-14,5478,8545,26,-51,-206,3
34,5480,8452,-7,-93,-173,3
-1,5429,8292,-15,-125,-134,3
20,5420,8177,11,-132,-85,3
20,5379,8042,52,-125,-35,3
-74,5214,7964,82,-106,-24,3
-86,5124,8048,100,-75,-55,3
-45,5128,8218,122,-40,-111,3
-122,5185,8399,133,-13,-205,3
-113,5321,8539,99,-20,-313,3
-59,5474,8583,30,-45,-377,3
-70,5649,8622,-5,-61,-377,3
-62,5724,8596,8,-63,-347,3
-92,5716,8593,36,-57,-291,3
-137,5676,8619,39,-58,-249,3
-153,5502,8687,43,-57,-263,3
-205,5393,8739,43,-51,-351,3
-231,5407,8838,40,-39,-474,3
-320,6457,9105,-104,-205,-390,3
-320,6457,9105,-104,-205,-390,3
-264,6161,8934,-117,-251,-266,3
-300,5765,8776,-128,-284,-244,3
-325,5381,8684,-149,-306,-313,3
-442,5461,8696,-155,-289,-431,3
-594,5827,8800,-159,-271,-521,3
-676,6274,8919,-150,-252,-533,3
-780,6731,9076,-92,-230,-441,3
-921,7085,9286,-2,-247,-284,3
-970,7207,9592,100,-307,-142,3
-1211,7313,9881,182,-388,-79,3
-1520,7692,10333,231,-475,-101,3
-1812,8327,11159,286,-574,-208,3
-2019,9526,12370,356,-699,-360,3
-2324,11490,13601,360,-857,-409,3
-2664,13401,14864,194,-1119,-343,3
-2932,14764,16032,-120,-1628,-29,3
-5326,15000,17588,380,-4354,2450,3
-6197,16175,17573,792,-5419,3844,3
-12000,-5369,3867,5155,-5984,17453,3
-11062,-11451,863,4901,-4862,17019,3
-10119,-18082,-1444,4577,-3541,15606,3
-8916,-22212,-2285,3998,-2054,13395,3
-9049,-22227,-2020,3006,-801,9912,3
-10512,-19519,-1559,1552,-117,5857,3
-12630,-15791,-961,221,159,2754,3
-15549,-15993,-1216,-636,361,1073,3
-14538,-15154,448,-1076,518,520,3
-10413,-12498,1630,-394,970,263,3
-6148,-10812,1810,388,1346,12,3
-2214,-9888,2008,631,1355,-202,3
1368,-8833,2369,759,1292,-540,3
4342,-7569,2533,799,1235,-993,3
6093,-6372,3384,656,1149,-1415,3
7021,-5093,4371,569,941,-1691,3
7095,-4559,4494,582,787,-1750,3
6772,-4614,4752,464,580,-1618,3
4711,-6726,4701,408,156,-1048,3
4003,-7666,4716,344,75,-1014,3
3347,-8605,4482,270,15,-1108,3
2984,-9216,4246,185,-18,-1314,3
2918,-9630,3996,56,-45,-1627,3
3128,-9757,3674,-90,-65,-2048,3
3259,-9494,3265,-213,-67,-2616,3
1910,-6116,1667,-394,312,-4931,3
1351,-5820,1241,-402,537,-5120,3
1022,-6198,865,-535,764,-5323,3
804,-6915,514,-719,1024,-5714,3
464,-7727,168,-900,1318,-6382,3
47,-8593,-536,-1031,1690,-7336,3
-792,-9051,-1595,-1006,2237,-8387,3
-1594,-8865,-1731,-820,2959,-9361,3
-2472,-8330,-1610,-363,3920,-10422,3
-4189,-6881,-1090,227,4776,-11579,3
-6597,-3587,117,658,5231,-12466,3
-9202,914,1514,1221,5547,-13123,3
-11964,5836,2627,2072,5911,-13434,3
-13980,10694,3335,2790,6239,-13409,3
-14162,14840,4115,2768,6409,-13049,3
-13127,18033,6186,2125,6363,-12461,3
-10314,21607,10842,1123,6088,-11571,3
-5651,25703,17481,-118,5314,-10365,3
-2479,27419,20848,-1044,3926,-8812,3
-4064,25312,18969,-931,2408,-6644,3
-7386,20809,16202,-240,1219,-3884,3
-7869,16664,14351,618,709,-1216,3
-6427,14891,12432,1210,612,715,3
-5499,13486,10844,1049,525,1626,3
-5499,13486,10844,1049,525,1626,3
-4606,11512,10229,450,390,1568,3
-3435,9875,10411,-142,267,999,3
-2417,9305,10798,-445,210,441,3
-1497,9539,10950,-477,173,76,3
-834,9794,10624,-477,51,-46,3
-549,9494,10088,-535,-156,58,3
-130,8624,9657,-555,-362,320,3
275,7780,9172,-448,-474,664,3
457,6931,8563,-354,-521,991,3
138,6188,7822,-338,-534,1253,3
-527,5221,7289,-339,-503,1316,3
-542,3939,7209,-407,-415,975,3
-256,3495,7430,-469,-265,439,3
-155,4260,7727,-403,-94,26,3
-83,5498,7960,-325,8,-184,3
26,6317,7975,-295,28,-202,3
90,6548,7863,-279,10,-94,3
100,6496,7668,-234,7,61,3
20,6428,7502,-143,37,225,3
-148,6348,7379,-16,85,373,3
-395,6245,7441,129,157,484,3
-518,6158,7563,217,211,544,3
-578,6093,7680,216,208,546,3
-602,6111,7744,185,176,494,3
-530,6277,7811,125,122,371,3
-481,6571,7817,13,38,232,3
-463,6945,7835,-82,-30,160,3
-296,7110,7841,-101,-44,180,3
-187,6888,7834,-77,-52,219,3
-247,6422,7759,-92,-74,201,3
-462,6233,7705,-106,-94,136,3
-465,6062,7727,-72,-115,58,3
-537,6008,7751,-8,-119,32,3
-626,6113,7811,54,-132,58,3
-626,6168,7853,91,-160,64,3
-456,6319,7789,85,-194,65,3
-280,6477,7655,49,-228,82,3
-99,6227,7340,126,-143,246,3
-74,5918,7285,94,-160,210,3
-53,5668,7279,36,-174,113,3
31,5840,7327,12,-147,46,3
126,6053,7389,-3,-108,17,3
84,5958,7466,-38,-87,-43,3
37,5832,7550,-89,-82,-135,3
77,6003,7635,-95,-69,-139,3
205,6227,7647,-69,-50,-79,3
251,6310,7619,-51,-34,-5,3
96,6223,7552,-52,-37,64,3
59,5833,7552,-72,-48,65,3
-102,5639,7592,-83,-50,25,3
-148,5880,7686,-60,-38,-14,3
8,6348,7783,-22,-20,-35,3
108,6748,7806,-13,-14,-18,3
147,6870,7769,-19,-23,38,3
192,6794,7755,-21,-27,114,3
211,6562,7745,-22,-49,168,3
286,6277,7623,-34,-90,187,3
336,6092,7444,-37,-98,208,3
256,5971,7326,-30,-76,214,3
96,5851,7306,-15,-45,202,3
62,5675,7410,-3,-6,141,3
100,5904,7807,-54,14,-127,3
102,6221,7934,-78,-16,-217,3
110,6460,7866,-65,-50,-196,3
154,6608,7723,-31,-74,-86,3
191,6560,7540,-5,-94,14,3
222,6259,7371,-13,-108,67,3
114,6067,7278,-13,-95,98,3
77,6007,7325,8,-60,86,3
120,6098,7430,22,-38,43,3
154,6332,7528,18,-28,16,3
203,6516,7598,7,-17,31,3
213,6422,7604,-13,-26,45,3
169,6085,7593,-72,-52,1,3
146,6044,7611,-123,-71,-13,3
262,6174,7613,-115,-63,4,3
351,6226,7569,-85,-42,30,3
344,6130,7526,-73,-27,71,3
220,5936,7522,-68,-14,94,3
192,5670,7600,-60,4,46,3
209,5654,7749,-54,22,-24,3
154,5924,7884,-30,26,-50,3
175,6118,7950,-6,24,-44,3
183,6193,7941,-1,4,-7,3
201,5983,7745,-45,-51,-69,3
185,6287,7738,-19,-41,-57,3
289,6311,7740,-11,-40,-44,3
339,6079,7757,-31,-48,-38,3
311,5830,7751,-55,-55,-84,3
293,5742,7720,-80,-65,-157,3
222,5882,7743,-91,-72,-191,3
156,6012,7743,-70,-66,-165,3
137,5944,7721,-49,-53,-139,3
116,5753,7722,-41,-41,-194,3
70,5848,7794,-37,-19,-289,3
27,6387,7905,-38,-2,-303,3
69,6598,8014,-60,-12,-258,3
207,6258,8049,-105,-35,-238,3
207,6258,8049,-105,-35,-238,3
245,5698,8036,-166,-58,-342,3
223,5408,8054,-223,-57,-553,3
180,5297,8037,-240,-30,-814,3
-1351,7227,9013,-68,102,-1198,3
-1539,7097,9232,-38,79,-1178,3
-1746,6889,9484,-20,46,-1292,3
-2128,7103,9805,15,18,-1414,3
-2582,8037,10436,87,-50,-1528,3
-3350,9882,11736,260,-208,-1600,3
-3743,13179,14072,552,-503,-1529,3
-5270,16556,16204,811,-911,-1299,3
-7558,18578,17291,813,-1562,-781,3
-9018,20952,18965,743,-2652,336,3
-10658,23642,20957,1097,-4061,2254,3
-13064,25058,20086,1731,-5725,5290,3
-13239,11381,7096,4831,-6946,17252,3
-13239,11381,7096,4831,-6946,17252,3
-10779,7943,7943,5071,-5902,17453,3
-8986,3265,8842,4995,-5143,17453,3
-7241,907,6495,4654,-4441,17152,3
-6480,-361,1917,3776,-3575,16404,3
-6313,-4021,-752,2666,-2535,15641,3
-5695,-8181,-1483,1787,-1491,14875,3
-4952,-11119,-1252,1269,-670,13895,3
-4251,-14380,1899,436,377,7897,3
-4251,-14380,1899,436,377,7897,3
-4805,-13889,1775,195,290,5737,3
-5909,-12878,1450,62,261,3979,3
-6697,-12100,1209,102,366,2738,3
-6744,-11715,633,113,544,2041,3
-6258,-11702,223,141,849,1698,3
-4990,-12002,502,167,1239,1421,3
-3599,-12049,1514,7,1449,1014,3
-2309,-11897,2560,-159,1470,451,3
-950,-11657,3526,-253,1376,-179,3
360,-11223,4349,-342,1183,-835,3
1611,-10621,4893,-366,952,-1540,3
3793,-8984,3270,-547,525,-4411,3
3793,-8984,3270,-547,525,-4411,3
3414,-8785,2797,-599,713,-5097,3
2900,-8555,2639,-645,1029,-5702,3
2273,-8274,2747,-742,1317,-6180,3
1798,-8095,2741,-1003,1537,-7055,3
1798,-8095,2741,-1003,1537,-7055,3
1691,-7966,2466,-1035,1561,-7555,3
1588,-8041,2136,-1017,1557,-8186,3
1122,-7620,1699,-796,1656,-8879,3
305,-6948,834,-290,1922,-9601,3
-646,-6016,142,248,2283,-10237,3
-1880,-4265,75,614,2736,-10746,3
-3342,-2244,371,465,3017,-11186,3
-4635,-116,1262,19,3204,-11443,3
-5942,2361,2274,-200,3580,-11556,3
-7180,4871,3141,-185,4026,-11443,3
-7972,7306,3818,-37,4452,-11057,3
-8502,9647,4345,131,4819,-10429,3
-5278,17529,9276,162,5028,-7397,3
-822,8153,8596,-437,-99,677,3
-822,8153,8596,-437,-99,677,3
-914,6687,8153,-486,-186,754,3
-1201,5215,7928,-482,-200,566,3
-882,6581,8153,-16,210,34,3
-882,6581,8153,-16,210,34,3
-654,6806,8383,-86,194,-13,3
-562,6504,8488,-221,108,-71,3
-432,6414,8346,-303,11,101,3
-502,6300,8054,-279,-20,214,3
-773,6209,7726,-228,-29,333,3
-865,6256,7544,-167,15,453,3
-919,6232,7611,-129,60,526,3
-889,5971,7814,-54,94,461,3
-920,6029,7958,80,144,366,3
-908,6447,8011,176,173,314,3
-793,6748,8038,173,153,297,3
-669,6739,7975,84,100,278,3
-669,6739,7975,84,100,278,3
-656,6651,7898,-2,60,235,3
-729,6611,7878,-39,47,194,3
-714,6379,7775,-26,58,149,3
-872,6258,7711,-34,56,126,3
-1067,6170,7764,-54,44,85,3
-1157,6166,7890,-26,44,19,3
-1180,6391,8048,5,36,-33,3
-1127,6566,8153,-5,-22,-74,3
-1016,6743,8089,10,-79,-37,3
-926,6869,7914,85,-93,74,3
-854,6729,7751,134,-100,190,3
-773,6401,7585,111,-126,286,3
-793,6049,7361,52,-155,341,3
-885,5648,7218,7,-158,308,3
-872,5494,7266,9,-112,209,3
-845,5637,7395,25,-67,107,3
-852,5915,7479,4,-69,10,3
-758,6146,7543,-46,-98,-43,3
-660,6283,7538,-60,-115,-28,3
-611,6292,7468,-36,-105,8,3
-612,6213,7374,-42,-93,26,3
-611,6158,7334,-82,-98,44,3
-608,6114,7339,-103,-90,76,3
-677,5968,7400,-84,-59,92,3
-697,5790,7533,-48,-14,20,3
-735,5974,7715,-48,12,-75,3
-684,6359,7856,-85,-8,-101,3
-620,6256,7631,-59,-73,66,3
-620,6256,7631,-59,-73,66,3
-603,6156,7612,-57,-71,99,3
-586,5998,7614,-62,-61,81,3
-626,5953,7631,-69,-60,26,3
-635,6088,7638,-74,-61,-1,3
-626,6126,7611,-77,-63,-30,3
-563,6155,7624,-71,-68,-46,3
-565,6245,7629,-53,-65,-42,3
-567,6192,7614,-43,-60,51,3
-567,6192,7614,-43,-60,51,3
-669,5988,7579,-41,-60,58,3
-730,5865,7592,-44,-62,27,3
-681,6004,7696,-37,-49,-4,3
-602,6086,7795,-38,-46,-49,3
-669,6098,7822,-66,-71,-116,3
-681,6118,7782,-115,-112,-155,3
-533,5879,7664,-81,-109,30,3
-533,5879,7664,-81,-109,30,3
-548,5723,7545,-97,-110,34,3
-574,5509,7568,-142,-111,-27,3
-614,5634,7738,-136,-78,-93,3
-630,5955,7890,-124,-62,-119,3
-645,6047,7959,-135,-78,-117,3
-621,5992,7934,-122,-83,-103,3
-599,6033,7910,-123,-84,-89,3
-562,6123,7911,-156,-101,-70,3
-492,6105,7905,-192,-124,-35,3
-523,5989,7849,-203,-147,7,3
-500,5656,7763,-196,-167,6,3
-554,5454,7702,-175,-159,-43,3
-609,5545,7762,-158,-137,-108,3
-572,5713,7892,-175,-126,-172,3
-578,5900,7995,-193,-127,-210,3
-599,6088,8013,-171,-128,-199,3
-577,6241,7958,-132,-124,-142,3
-577,6295,7901,-120,-126,-84,3
-644,6357,7884,-144,-140,-33,3
-659,6340,7909,-172,-141,5,3
-695,6331,7970,-190,-129,33,3
-736,6222,8086,-221,-122,21,3
-788,6174,8203,-267,-124,-43,3
-890,6815,8603,-311,-116,-109,3
-890,6815,8603,-311,-116,-109,3
-1007,7125,8852,-301,-141,-90,3
-1040,7303,9071,-253,-157,-44,3
-1087,7495,9346,-201,-160,19,3
-1395,7834,9814,-187,-193,28,3
-1972,8487,10525,-190,-221,12,3
-2601,9739,11870,-257,-260,-60,3
-3167,11408,14168,-459,-433,-250,3
-3756,13161,16994,-835,-883,-399,3
-4595,13898,19265,-1182,-1712,-328,3
-5316,13747,20996,-1311,-2925,88,3
-6031,13771,22744,-1392,-4464,898,3
-6766,14120,23554,-1393,-6244,1899,3
-7437,14232,22300,-1017,-7964,2914,3
-7227,13782,21329,-459,-9417,3972,3
-6553,13087,19289,0,-10529,5048,3
-5888,11855,16125,690,-10918,6078,3
-5340,11727,13981,1614,-10721,7204,3
-4865,10036,10817,2694,-10315,8317,3
-3882,8296,7667,3545,-9555,9598,3
-4183,6437,6693,3920,-8787,10689,3
-4607,4063,5359,4141,-8112,11368,3
-5053,2097,2711,4149,-7397,11823,3
-5704,-225,-88,3876,-6633,12074,3
-6277,-2974,-2777,3472,-5761,12097,3
-8017,-6138,-5845,3013,-4877,11831,3
-10394,-10254,-8614,2734,-3846,11285,3
-12172,-14393,-10206,2564,-2623,10510,3
-13410,-18024,-11038,2379,-1390,9410,3
-13471,-20939,-10801,2110,-320,7951,3
-13471,-20939,-10801,2110,-320,7951,3
-12138,-22599,-9676,1644,585,6244,3
-9610,-22544,-7703,930,1297,4326,3
-6165,-20415,-4998,58,1630,2229,3
-2780,-16369,-2479,-695,1628,147,3
-112,-11843,-747,-1097,1506,-1556,3
2463,-8111,428,-1259,1345,-2606,3
4406,-5276,1326,-1186,1279,-3000,3
5552,-3574,1577,-846,1351,-2976,3
6270,-2766,1191,-436,1442,-2717,3
6598,-2657,417,-105,1546,-2331,3
6450,-3269,-453,126,1722,-1954,3
6022,-4470,-1197,252,1965,-1700,3
5475,-5642,-1589,310,2238,-1616,3
5055,-6463,-1515,294,2524,-1684,3
4720,-7132,-1085,172,2768,-1907,3
4626,-7616,-530,-14,2948,-2307,3
4436,-7822,-209,-144,3094,-2902,3
4019,-7673,4,-120,3194,-3585,3
3569,-6978,246,44,3254,-4196,3
3047,-5995,355,282,3356,-4703,3
2584,-5427,216,532,3525,-5176,3
2190,-5436,-341,794,3805,-5674,3
1449,-5275,-895,1100,4230,-6081,3
671,-5171,-1049,1148,4603,-6474,3
-50,-5563,-1110,1083,5036,-7130,3
-1205,-5369,-526,1025,5510,-7877,3
-8208,4850,4357,1779,7254,-8939,3
-8208,4850,4357,1779,7254,-8939,3
-8937,8242,5435,2829,7640,-9034,3
-8905,10856,6658,3131,7767,-8461,3
-7847,12016,8789,3163,7587,-7832,3
-6462,13526,11721,3304,7316,-7318,3
-5631,16218,15077,3301,6764,-6632,3
-7319,15556,15046,2099,2228,-869,3
-7319,15556,15046,2099,2228,-869,3
-6307,14547,14107,1308,1622,296,3
-5085,12654,13124,465,1055,844,3
-4534,10934,11842,-294,586,975,3
-4173,9504,10917,-1003,226,902,3
-3251,8227,10605,-1424,107,572,3
-2549,7544,10813,-1471,162,136,3
-2145,7424,11223,-1231,222,-207,3
-1843,7873,11285,-877,189,-290,3
-1641,8329,10957,-546,33,-141,3
-1422,7893,10421,-245,-155,104,3
-1143,7095,9839,-1,-269,379,3
-930,6439,9366,155,-314,630,3
-925,6049,8810,216,-327,815,3
-1383,5413,8238,188,-338,811,3
-1514,4585,8014,54,-318,558,3
-1389,4751,8000,-61,-212,343,3
-1189,5426,8142,-118,-87,219,3
-978,6003,8354,-182,-24,169,3
-1066,6295,8357,-264,-43,199,3
-1231,6006,8141,-349,-131,213,3
-1157,5607,7950,-433,-197,215,3
-1137,5656,7850,-446,-187,274,3
-1200,5745,7789,-386,-147,322,3
-1388,5753,7739,-286,-104,376,3
-1526,5565,7755,-179,-41,423,3
-1629,5326,7875,-35,54,361,3
-1619,5366,8093,79,131,232,3
-1580,5703,8268,76,135,178,3
-1468,5851,8332,21,94,185,3
-1322,5603,8304,-2,69,158,3
-1313,5450,8209,-33,44,111,3
-1458,5581,8095,-106,-17,111,3
-1461,5590,8016,-155,-99,129,3
-1308,5426,7908,-147,-127,175,3
-1321,5388,7840,-126,-119,219,3
-1282,5303,7879,-99,-100,220,3
-1247,5108,7947,-58,-86,165,3
-1284,5049,8014,14,-63,74,3
-1309,5247,8107,71,-49,11,3
-1283,5396,8160,88,-64,-28,3
-1282,5573,8086,103,-94,-48,3
-1006,5547,7634,8,-158,22,3
-1053,5437,7477,-12,-149,46,3
-1127,5418,7446,-19,-117,59,3
-1112,5464,7563,-3,-74,64,3
-1052,5435,7734,26,-51,60,3
-1036,5235,7849,63,-32,-19,3
-1155,5314,7904,77,-20,-119,3
-1146,5669,7948,49,-27,-125,3
-1060,5883,7909,13,-40,-83,3
-1163,5816,7859,-5,-41,-77,3
-1148,5650,7943,-33,-18,-136,3
-1112,5806,8177,-68,-14,-139,3
-975,5977,8357,-66,-28,-93,3
-882,6040,8353,-28,-42,-15,3
-890,5948,8219,-1,-67,73,3
-1036,5737,8123,14,-82,145,3
-1081,5573,8139,15,-87,149,3
-973,5516,8208,-18,-111,101,3
-897,5672,8245,-54,-132,90,3
-793,5783,8232,-64,-143,108,3
-721,5755,8072,-66,-151,148,3
-721,5755,8072,-66,-151,148,3
-624,5622,7841,-75,-154,201,3
-617,5472,7600,-83,-145,254,3
-865,5353,7427,-58,-115,286,3
-940,5306,7415,2,-50,295,3
-900,5332,7527,90,36,271,3
-857,5412,7668,171,101,200,3
-952,5579,7804,167,104,101,3
-917,6217,8152,104,65,-31,3
-917,6217,8152,104,65,-31,3
-806,6299,8162,79,46,35,3
-756,6216,8096,59,22,121,3
-739,5996,7988,54,4,203,3
-683,5470,7794,100,26,327,3
-683,5470,7794,100,26,327,3
-706,5099,7739,100,44,303,3
-695,4678,7763,87,60,164,3
-752,4637,7840,28,58,-30,3
-758,4902,7913,-35,38,-180,3
-715,5160,7951,-51,23,-267,3
-749,5431,7904,-40,18,-275,3
-764,5609,7883,-34,13,-208,3
-781,5687,7867,-26,10,-119,3
-855,5606,7881,-1,11,-54,3
-969,5339,7958,19,19,-61,3
-1168,5270,8129,52,37,-142,3
-1284,5606,8267,94,58,-225,3
-1322,5980,8346,60,37,-299,3
-1187,6156,8506,-21,-2,-327,3
-1071,6265,8582,-46,-29,-304,3
-1023,5625,8116,-66,-97,-91,3
-1023,5625,8116,-66,-97,-91,3
-1057,5482,8218,-83,-84,-162,3
-1116,5557,8375,-130,-96,-231,3
-1115,5621,8464,-174,-128,-283,3
-1122,5609,8475,-207,-160,-344,3
-1188,5668,8419,-201,-172,-409,3
-1174,5825,8397,-206,-189,-429,3
-1096,5863,8387,-217,-206,-417,3
-1085,5779,8356,-198,-207,-418,3
-1225,5691,8360,-146,-177,-444,3
-1273,5460,8468,-110,-143,-544,3
-1327,5132,8670,-166,-133,-776,3
-1576,5248,8974,-283,-133,-1079,3
-1892,5886,9409,-334,-109,-1296,3
-2196,6751,9866,-263,-76,-1371,3
-2491,7587,10330,-88,-97,-1254,3
-2610,8071,10769,91,-165,-1004,3
-4570,12076,15087,-207,-2768,1029,3
-4674,12759,15506,-56,-3319,1720,3
-5421,13919,15845,37,-4114,2563,3
-6076,13977,16580,-339,-5314,3709,3
-7332,14101,16910,240,-7411,5762,3
-8200,16832,16387,798,-8262,7709,3
-9549,16619,14649,1304,-9253,10380,3
-10052,12791,10722,2760,-9573,12716,3
-7573,9356,6847,4526,-8738,14473,3
-5431,8123,5304,5445,-7525,15806,3
-5595,5668,4043,5514,-6614,16333,3
-5630,1749,3034,5251,-5807,15992,3
-5142,-606,2924,4957,-4929,15216,3
-5296,-2287,1544,4414,-4050,14223,3
-6006,-5654,-600,3735,-3085,13213,3
-6225,-9592,-2002,3121,-2022,12345,3
-5727,-12522,-2019,2608,-1051,11285,3
-6128,-13628,-1781,2094,-286,9743,3
-7167,-14460,-1544,1613,340,7644,3
-8297,-14684,-907,1208,813,5599,3
-9219,-14277,-154,945,1111,4054,3
-9232,-13947,673,871,1359,2999,3
-8177,-13956,1485,804,1514,2253,3
-6624,-13812,2232,697,1519,1606,3
-4810,-13351,2831,581,1423,900,3
-3040,-12383,3390,393,1228,161,3
-1508,-11265,3730,178,1008,-541,3
-73,-10364,4019,35,831,-1159,3
1272,-9580,4209,9,736,-1700,3
2069,-8742,4176,11,686,-2205,3
2194,-8238,3877,-31,650,-2697,3
1835,-8147,3442,-126,605,-3141,3
1430,-8588,2869,-261,579,-3596,3
1114,-9283,2255,-429,617,-4198,3
762,-9875,1860,-709,698,-5019,3
555,-10429,1749,-1110,807,-6064,3
422,-10489,1723,-1472,972,-7229,3
-132,-9627,1856,-1581,1205,-8213,3
-690,-8619,1847,-1368,1543,-8900,3
-993,-7671,1351,-949,1924,-9268,3
-1127,-6884,744,-590,2185,-9562,3
-1132,-7059,398,-415,2495,-10288,3
-2112,-6007,565,-318,2946,-11398,3
-4405,-3307,1145,-147,3435,-12620,3
-6312,-195,2284,100,3904,-13784,3
-8172,2904,3356,211,4273,-14794,3
-8172,2904,3356,211,4273,-14794,3
-10609,5506,3940,261,4607,-15354,3
-12346,7873,4373,-25,4774,-15300,3
-13464,10952,4998,-202,5035,-14529,3
-13241,14815,6249,-216,5272,-13035,3
-10354,18886,8980,-525,5241,-11047,3
-5312,22615,13482,-1034,4883,-9010,3
-1258,23969,16807,-1249,4109,-7089,3
-1327,21178,15921,-800,2947,-5254,3
-4314,16393,13348,-223,1820,-3329,3
-5767,12434,11911,325,1325,-1604,3
-5749,10837,10975,792,1318,-374,3
-5773,10291,10103,804,1285,163,3
-5327,9792,9729,455,1224,83,3
-4682,9669,9829,-26,1144,-188,3
-4049,9780,10109,-364,1027,-394,3
-3222,10198,10415,-450,902,-343,3
-2377,10366,10476,-357,760,-79,3
-1625,9926,10223,-239,589,327,3
-1028,8986,9779,-145,425,805,3
-776,7776,9107,0,332,1143,3
-2015,5844,8213,247,544,296,3
-2015,5844,8213,247,544,296,3
-1916,6803,8590,12,488,-58,3
-1582,7549,8891,-156,420,-330,3
-1338,8128,9044,-247,359,-345,3
-1142,8400,9092,-255,293,-148,3
-993,8152,8929,-204,221,122,3
-1027,7617,8618,-157,144,412,3
-1139,6990,8359,-127,88,646,3
-1236,6363,8215,-50,92,748,3
-1371,6026,8189,74,165,732,3
-1375,5873,8230,140,237,619,3
-1382,5940,8268,104,248,409,3
-1410,6240,8265,19,212,189,3
-1387,6633,8253,-73,143,62,3
-1303,6951,8169,-109,76,52,3
-1157,6968,7970,-88,50,113,3
-1173,6853,7810,-71,30,209,3
-1344,6015,7597,-46,-100,99,3
-1272,6059,7484,-90,-127,28,3
-1150,6243,7478,-92,-102,2,3
-1076,6372,7529,-100,-92,16,3
-1035,6208,7529,-116,-111,23,3
-1042,6009,7427,-123,-132,9,3
-1100,5984,7327,-103,-128,19,3
-1189,6114,7263,-46,-104,51,3
-1209,6160,7327,8,-91,75,3
-1043,6007,7399,30,-94,67,3
-1113,6052,7374,33,-98,53,3
-1170,6167,7369,23,-91,41,3
-1108,6264,7394,-5,-80,35,3
-1081,6229,7395,-35,-74,13,3
-1113,6263,7427,-60,-74,19,3
-1027,6259,7474,-67,-64,50,3
-932,6128,7500,-35,-43,56,3
-986,6098,7464,-14,-46,23,3
-993,6132,7425,-53,-81,6,3
-878,6180,7407,-78,-94,18,3
-852,6099,7424,-68,-78,34,3
-769,5989,7450,-55,-61,39,3
-776,5940,7422,-59,-51,28,3
-891,5856,7363,-63,-42,-3,3
-999,5921,7403,-43,-21,-41,3
-986,6222,7490,-26,-8,-46,3
-956,6468,7600,-22,-14,-25,3
-966,6329,7672,-9,-21,-37,3
-1012,6253,7776,-1,-28,-80,3
-982,6493,7822,-1,-46,-72,3
-881,6696,7783,-3,-71,-22,3
-854,6666,7647,-1,-92,42,3
-793,6334,7490,-8,-113,83,3
-714,5943,7355,-24,-122,94,3
-818,5888,7224,-31,-109,88,3
-887,5942,7175,-12,-80,66,3
-865,5962,7302,8,-45,38,3
-833,6014,7436,18,-26,-11,3
-846,6278,7551,24,-18,-47,3
-796,6022,7391,-31,-44,94,3
-822,6039,7497,-13,-21,52,3
-806,6079,7537,7,-8,12,3
-815,6227,7551,7,-20,-18,3
-775,6354,7533,-10,-47,-23,3
-774,6378,7492,-32,-60,-2,3
-806,6336,7474,-45,-58,20,3
-743,6205,7485,-51,-54,49,3
-738,6101,7478,-44,-51,86,3
-757,5944,7509,-22,-39,99,3
-781,5899,7556,-9,-31,88,3
-828,5816,7556,-10,-29,54,3
-828,5816,7556,-10,-29,54,3
-881,5745,7585,-11,-24,-39,3
-957,6012,7601,-12,-20,-108,3
-901,6377,7644,-18,-30,-102,3
-790,6481,7636,-14,-36,-83,3
-784,6519,7635,-6,-35,-58,3
-809,6374,7704,-95,-58,-181,3
-809,6374,7704,-95,-58,-181,3
-809,6508,7747,-83,-63,-146,3
-788,6470,7704,-38,-59,-71,3
-752,6385,7667,10,-52,18,3
-731,6221,7662,38,-47,86,3
-803,5883,7661,20,-54,71,3
-901,5795,7740,3,-43,-9,3
-906,6154,7886,17,-26,-56,3
-855,6415,7959,12,-41,-70,3
-860,6447,7917,0,-70,-80,3
-847,6438,7921,-4,-90,-88,3
-754,6592,7902,0,-97,-76,3
-693,6682,7911,2,-105,-41,3
-678,6658,7919,-3,-119,22,3
-706,6452,7904,13,-125,86,3
-670,6135,7963,30,-112,86,3
-648,6027,8105,27,-101,22,3
-708,6195,8236,19,-103,-62,3
-756,6537,8280,-12,-127,-92,3
-744,6719,8329,-43,-165,-71,3
-743,6788,8322,-40,-196,-23,3
-820,6929,8268,31,-260,112,3
-815,6820,8282,8,-286,119,3
-857,6695,8238,-33,-324,93,3
-927,6717,8233,-54,-341,38,3
-1028,7029,8233,-44,-336,2,3
-1019,7348,8284,-43,-336,1,3
-1069,7626,8348,-71,-358,25,3
-1194,7855,8458,-49,-364,78,3
-1320,8124,8567,-15,-376,162,3
-1339,8376,8765,-21,-427,251,3
-1243,8779,9115,-55,-505,287,3
-1379,9495,9690,-85,-639,284,3
-1401,10514,10835,-51,-895,300,3
-1760,12495,12008,86,-1245,355,3
-2418,14770,13418,169,-1636,414,3
-3550,17632,14679,27,-2200,739,3
-4568,21286,15353,-451,-3072,1676,3
-6330,23638,15937,-882,-4206,3345,3
-9591,25391,16275,-839,-5404,5986,3
-12176,27543,15154,-330,-6477,9921,3
-14694,25722,11509,706,-7228,14057,3
-15101,18394,8333,2354,-7235,16912,3
-12842,11289,8134,4149,-6293,17453,3
-10785,6366,9292,5228,-5336,17453,3
-10084,2668,9022,5445,-4685,17453,3
-10059,-1133,6668,4875,-3841,16995,3
-9340,-4863,2928,3998,-2729,16246,3
-9088,-10113,293,3251,-1669,15509,3
-8140,-15581,-354,2559,-666,14727,3
-4972,-19896,2220,1240,1028,11378,3
-4219,-18937,3547,566,1389,8357,3
-4680,-16309,4082,-193,1222,5061,3
-6134,-13474,4180,-793,894,2359,3
-7096,-11656,4330,-1057,618,769,3
-7294,-10830,4393,-1049,372,137,3
-6869,-10418,4248,-706,331,72,3
-5600,-10294,3724,-110,548,189,3
-4155,-10479,3204,137,657,96,3
-2897,-10758,2937,79,663,-295,3
-1874,-11053,2971,-50,744,-921,3
-1064,-10686,3464,-272,760,-1641,3
-344,-10266,3684,-401,775,-2336,3
334,-10127,3736,-638,718,-3051,3
633,-9846,3555,-941,578,-3877,3
593,-9329,3126,-1115,470,-4780,3
269,-8430,2638,-1138,477,-5606,3
-148,-7576,2324,-1092,561,-6254,3
-561,-7156,2147,-1039,685,-6756,3
-779,-7134,2048,-989,818,-7240,3
-1104,-7142,1744,-979,946,-7791,3
-1399,-7468,1024,-933,1071,-8355,3
-1418,-8377,-84,-781,1316,-9062,3
-1678,-8587,-689,-632,1773,-9977,3
-2874,-7326,-681,-349,2481,-11077,3
-4438,-4923,-83,-11,3209,-12258,3
-7020,-2426,713,467,3852,-13346,3
-10173,2056,1795,1406,4387,-13870,3
-13194,8719,2919,2090,4543,-13731,3
-14104,13265,3183,2293,4635,-13496,3
-13052,15663,3493,1937,4687,-12981,3
-11541,17535,4816,1385,4715,-12180,3
-8869,20004,7901,823,4641,-11247,3
-4576,23613,12178,69,4272,-10118,3
-1240,27225,15613,-634,3500,-8711,3
-1800,27048,15440,-663,2518,-6979,3
-5267,22961,13508,-292,1591,-4707,3
-5267,22961,13508,-292,1591,-4707,3
-4613,12252,9868,304,1075,1277,3
-4613,12252,9868,304,1075,1277,3
-3721,10528,9894,-269,955,906,3
-2880,9847,10202,-694,838,500,3
-2084,9834,10519,-850,776,246,3
-1383,9805,10601,-873,670,144,3
-790,9305,10320,-891,491,227,3
-447,8636,9841,-871,304,463,3
-289,7655,9471,-746,159,681,3
-464,6381,9050,-514,100,769,3
-1000,5628,8707,-254,114,747,3
-1047,5521,8570,-61,184,653,3
-764,5786,8559,18,245,508,3
-565,6111,8615,32,271,348,3
-509,6346,8682,-20,254,199,3
-480,6505,8725,-151,181,68,3
-452,6520,8640,-307,63,-4,3
-405,6457,8491,-391,-44,13,3
-372,6404,8271,-360,-95,102,3
-483,6199,7964,-291,-120,144,3
-623,5961,7696,-214,-127,93,3
-648,6006,7521,-145,-103,45,3
-663,6313,7478,-87,-63,42,3
-620,6531,7479,-56,-34,72,3
-574,6614,7468,-52,-23,126,3
-604,6549,7431,-53,-19,177,3
-739,6472,7409,-66,-28,196,3
-839,6365,7395,-96,-61,193,3
-859,6280,7405,-118,-86,202,3
-861,6367,7454,-109,-84,223,3
-826,6444,7522,-105,-76,222,3
-821,6458,7625,-147,-86,196,3
-881,6478,7646,-166,-96,179,3
-939,6341,7666,-140,-103,170,3
-986,6198,7735,-96,-109,126,3
-927,6171,7659,-28,-102,68,3
-859,6261,7564,-15,-111,38,3
-871,6385,7488,-51,-133,56,3
-799,6316,7452,-58,-133,92,3
-702,6214,7430,-45,-120,140,3
-608,6129,7427,-37,-115,189,3
-571,6045,7383,-30,-107,238,3
-581,5962,7326,-12,-92,272,3
-560,5788,7357,11,-61,274,3
-609,5615,7401,10,-39,215,3
-669,5492,7464,-35,-53,100,3
-672,5711,7552,-53,-41,4,3
-553,6099,7673,-46,-7,-39,3
-512,6310,7768,-47,-3,-55,3
-515,6347,7781,-51,-16,-52,3
-386,6310,7775,-64,-34,-14,3
-254,6261,7750,-71,-45,42,3
-193,6111,7696,-63,-51,95,3
-306,5879,7543,-44,-50,125,3
-365,5751,7483,-23,-26,123,3
-292,5719,7587,-33,-3,87,3
-286,5791,7744,-47,6,14,3
-337,5935,7813,-34,-1,-53,3
-362,6020,7802,-17,-20,-100,3
-359,6255,7816,-8,-23,-93,3
-252,6464,7907,0,-22,-61,3
-216,6476,7925,-1,-43,-10,3
-240,6356,7822,-21,-74,53,3
-277,6161,7729,-33,-99,105,3
-282,6006,7634,-29,-123,140,3
-275,5840,7498,-12,-127,150,3
-314,5722,7418,6,-111,135,3
-284,5572,7398,-18,-99,46,3
-367,5662,7439,-41,-87,-66,3
-415,6037,7522,-15,-58,-137,3
-399,6374,7607,15,-33,-159,3
-367,6560,7691,-2,-47,-161,3
-250,6232,7551,-27,-98,68,3
-307,5764,7441,6,2,-84,3
-377,5906,7589,-13,2,-159,3
-317,6108,7750,-34,1,-224,3
-276,6803,7969,-37,-28,-61,3
-276,6803,7969,-37,-28,-61,3
-232,6639,7931,5,-30,29,3
-219,6343,7889,19,-31,61,3
-253,6129,7867,4,-42,36,3
-259,6069,7915,11,-34,8,3
-214,6009,7984,36,-10,-55,3
-171,6118,8066,31,-1,-126,3
-179,6312,8111,-19,-26,-157,3
-214,6448,8110,-51,-41,-146,3
-240,6527,8154,-36,-41,-112,3
-247,6508,8129,-14,-50,-63,3
-304,6477,8060,18,-51,-49,3
-383,6511,8055,31,-49,-68,3
-325,6460,8118,-5,-65,-115,3
-361,6423,8151,-25,-74,-177,3
-471,6490,8164,14,-45,-232,3
-513,6615,8224,35,-20,-266,3
-513,6615,8224,35,-20,-266,3
-470,6703,8318,-10,-36,-299,3
-411,6648,8371,-69,-77,-336,3
-538,6640,8327,-76,-113,-353,3
-699,6465,8247,-87,-151,-388,3
-794,6290,8203,-156,-188,-505,3
-913,6375,8308,-221,-201,-675,3
-993,6675,8417,-206,-162,-854,3
-1167,7103,8517,-169,-118,-977,3
-1377,7559,8679,-173,-108,-1029,3
-1553,8028,8840,-162,-118,-945,3
-1622,8128,8922,-77,-116,-794,3
-1744,8054,8923,21,-103,-682,3
-1901,7956,8970,12,-112,-627,3
-1998,7818,9129,-113,-176,-626,3
-2141,7826,9305,-208,-249,-610,3
-2264,7966,9429,-217,-331,-521,3
-2219,8016,9426,-211,-430,-322,3
-2349,8072,9256,-197,-536,-42,3
-2755,8151,9113,-150,-629,253,3
-3152,8638,9283,-2,-678,534,3
-2992,9854,10093,193,-759,793,3
-2165,12158,12268,379,-991,1037,3
-2680,15347,14527,650,-1447,1247,3
-4941,17947,15383,715,-2067,1652,3
-6241,20073,16835,54,-3245,2817,3
-8186,22400,17602,-362,-4718,4805,3
-10755,23401,17127,86,-6088,7467,3
-13216,23254,16484,995,-7290,10974,3
-16379,20236,12966,2140,-8116,14358,3
-15991,12761,9198,3380,-8308,16641,3
-12270,7862,8304,4718,-7511,17453,3
-10167,5510,8848,5613,-6453,17453,3
-9689,1746,7565,5635,-5513,17374,3
-8786,-2115,3994,4800,-4459,16561,3
-7877,-5456,128,3946,-3139,15781,3
-7582,-9797,-1817,3368,-1612,14826,3
-7061,-14277,-2000,2768,-61,13711,3
-6615,-16896,-1007,2079,1165,12275,3
-8247,-15747,3147,-284,1220,1278,3
-8247,-15747,3147,-284,1220,1278,3
119,-9258,3395,-387,878,-746,3
6676,-5000,5132,-490,382,-2423,3
6676,-5000,5132,-490,382,-2423,3
6589,-4601,4902,-365,273,-2710,3
6354,-4538,4652,-278,173,-2905,3
5886,-4816,4365,-309,85,-3053,3
5254,-5292,3955,-421,46,-3182,3
4601,-5869,3645,-507,117,-3288,3
4048,-6441,3521,-569,279,-3396,3
3578,-6973,3614,-676,430,-3512,3
3809,-10751,4052,-1259,634,-5417,3
3809,-10751,4052,-1259,634,-5417,3
3064,-11414,4150,-1453,725,-6803,3
-1546,-14408,822,-2739,1719,-14111,3
-1546,-14408,822,-2739,1719,-14111,3
-6604,-11312,648,-2219,2989,-16423,3
-12475,-5151,1865,-1723,3952,-17453,3
-16285,2195,3568,-1591,4552,-17453,3
-16494,8081,4936,-1605,4934,-16219,3
-15056,11526,5648,-1536,5076,-14339,3
-12387,13524,6724,-1478,5068,-12165,3
-8800,15706,8782,-1509,5013,-10111,3
-5194,19172,11816,-1498,4833,-8342,3
-1816,22160,15061,-1349,4211,-6995,3
-1023,21492,15507,-992,3092,-5755,3
-3317,17876,13561,-402,1922,-4267,3
-5575,14334,11892,297,1343,-2463,3
-6744,12456,10713,865,1234,-789,3
-6240,11826,9924,952,1234,376,3
-5148,10765,9690,604,1224,699,3
-4537,9526,9909,129,1169,393,3
-3865,9318,10306,-156,1130,2,3
-3062,9970,10586,-284,1010,-139,3
-2302,10200,10544,-459,729,-37,3
-1508,9580,10196,-660,378,224,3
-729,8602,9705,-680,107,586,3
-231,7720,9097,-567,-79,942,3
-105,6548,8431,-387,-181,1171,3
-389,5339,7666,-120,-158,1208,3
-809,4546,7065,130,-22,1041,3
-829,4350,6917,182,138,749,3
-524,4624,7185,135,292,350,3
-325,5430,7567,187,446,-92,3
-409,6548,7859,162,491,-385,3
-457,7313,8126,15,437,-386,3
-345,7489,8292,-46,366,-204,3
-369,7206,8112,23,302,-21,3
-612,6690,7780,47,223,128,3
-913,6579,7565,-39,159,290,3
-970,6571,7585,-133,162,410,3
-695,6238,7832,-183,223,409,3
-503,5989,8111,-162,307,264,3
-503,5989,8111,-162,307,264,3
-684,6124,8269,-96,369,79,3
-812,6074,7993,170,269,537,3
-812,6074,7993,170,269,537,3
-781,5686,7992,121,275,458,3
-823,5651,8157,-103,215,280,3
-860,5895,8388,-243,167,125,3
-872,5956,8542,-189,167,12,3
-915,5991,8506,-68,164,-71,3
-903,6210,8377,-46,97,-86,3
-811,6336,8190,-89,9,-43,3
-769,6086,7573,-90,-64,96,3
-769,6086,7573,-90,-64,96,3
-829,6047,7441,-29,-33,162,3
-811,5912,7526,17,23,175,3
-769,5912,7743,18,49,135,3
-712,6035,7862,12,39,89,3
-758,6185,7892,19,29,90,3
-742,6076,7871,9,22,90,3
-737,5868,7812,-48,-6,28,3
-792,5867,7732,-98,-42,-32,3
-755,6053,7707,-91,-42,-39,3
-588,6035,7762,-59,-10,-18,3
-566,5903,7835,-11,28,-59,3
-677,5925,7852,-15,26,-126,3
-599,6097,7879,-64,-1,-107,3
-532,6265,7847,-47,-2,-29,3
-742,6159,7726,-6,4,39,3
-843,6077,7728,5,17,108,3
-754,6138,7804,0,31,144,3
-729,6199,7901,-1,34,112,3
-761,6222,7921,22,27,72,3
-875,6326,7859,55,26,77,3
-857,6356,7868,88,39,97,3
-770,6375,7969,116,53,118,3
-725,6403,7994,118,41,140,3
-671,6378,7904,98,12,179,3
-610,6184,7758,78,-6,233,3
-665,5784,7619,71,-2,224,3
-705,5774,7609,20,-31,-19,3
-705,5774,7609,20,-31,-19,3
-669,5846,7617,7,-53,-51,3
-665,5923,7612,-7,-66,-46,3
-712,5982,7634,2,-53,-45,3
-738,6130,7644,19,-40,-30,3
-712,6269,7652,15,-51,6,3
-639,6228,7581,3,-68,61,3
-581,6026,7503,2,-65,98,3
-565,5802,7439,11,-41,101,3
-575,5560,7440,13,-13,33,3
-723,5555,7472,20,16,-78,3
-757,5808,7567,3,21,-156,3
-726,6178,7668,-12,21,-162,3
-739,6322,7703,0,24,-141,3
-816,6261,7711,29,20,-121,3
-824,6316,7750,38,19,-100,3
-693,5776,7634,22,-4,-36,3
-693,5776,7634,22,-4,-36,3
-615,5901,7684,34,0,-77,3
-623,6033,7613,52,7,-98,3
-786,6027,7514,66,9,-111,3
-754,6071,7501,73,25,-124,3
-679,6288,7606,68,46,-131,3
-665,6484,7715,59,50,-128,3
-608,6490,7752,49,42,-105,3
-708,6409,7710,54,34,-51,3
-707,6199,7701,64,34,0,3
-906,6675,8065,6,48,-234,3
-887,6838,8116,-17,15,-202,3
-817,6815,8116,10,4,-168,3
-820,6656,8095,19,-11,-158,3
-884,6444,8087,-18,-34,-189,3
-970,6314,8160,-60,-41,-279,3
-1070,6284,8279,-75,-26,-404,3
-1100,6286,8411,-67,-3,-555,3
-1280,6592,8504,-100,-19,-706,3
-1474,6988,8672,-148,-81,-793,3
-1447,7267,8863,-126,-128,-796,3
-1422,7732,9156,5,-167,-730,3
-1442,8399,9803,228,-288,-590,3
-1588,9640,10837,547,-535,-409,3
-2655,11152,11480,876,-802,-245,3
-3827,13181,12561,1010,-1164,9,3
-5153,16157,14268,1017,-1707,413,3
-6484,19406,16336,882,-2627,1163,3
-8079,21331,16967,687,-3870,2473,3
-9680,24204,16521,896,-5041,4663,3
-11595,28719,15669,1427,-5997,8245,3
-13539,28090,13331,2102,-6701,12538,3
-13569,20121,11089,3321,-6859,16010,3
-11233,14055,9997,4993,-6076,17453,3
-11233,14055,9997,4993,-6076,17453,3
-8734,11461,10101,6245,-4860,17453,3
-7143,8980,10005,6338,-4142,17453,3
-6082,5952,7622,5589,-3566,17453,3
-5227,3148,3524,4655,-2489,16651,3
-5072,-278,418,3667,-1126,15644,3
-5627,-5302,-565,2723,115,14507,3
-5286,-10125,-237,1937,1028,13296,3
-4492,-12710,775,1309,1562,11942,3
-3905,-14063,2242,910,1859,10078,3
-3723,-14469,3446,640,1887,7871,3
-4381,-13939,3895,383,1669,5729,3
-5302,-13204,4130,182,1395,3912,3
-5680,-12121,4435,42,1151,2592,3
-6073,-11233,4081,-52,947,1697,3
-6122,-11259,3356,-40,865,1037,3
-5388,-11447,2907,32,911,601,3
-4432,-11346,2604,55,1009,282,3
-3215,-11145,2569,-70,1071,-60,3
-2041,-10773,2773,-318,1080,-463,3
-857,-10460,3214,-557,1057,-953,3
228,-10089,3663,-667,1032,-1547,3
1095,-9641,3921,-706,984,-2212,3
1917,-9319,4067,-811,892,-2873,3
2627,-9168,4154,-976,767,-3542,3
2913,-8979,3891,-1084,701,-4252,3
2927,-8575,3617,-1099,756,-4955,3
2721,-8091,3583,-1081,920,-5596,3
2530,-7696,3664,-1086,1152,-6216,3
2118,-7122,3731,-1124,1345,-6793,3
1586,-6387,3586,-1166,1438,-7247,3
1152,-5834,3177,-1150,1488,-7595,3
1051,-5551,2440,-1046,1633,-7889,3
917,-5539,1318,-815,1940,-8201,3
580,-5654,583,-549,2334,-8445,3
129,-5396,488,-272,2833,-8684,3
-857,-4489,883,213,3498,-9061,3
-2264,-2697,1769,496,3914,-9512,3
-7035,9234,5171,1247,4389,-9761,3
-7035,9234,5171,1247,4389,-9761,3
-7200,11717,5891,1418,4385,-9309,3
-6695,14041,7255,1520,4335,-8631,3
-1501,9354,10370,-425,567,-639,3
-1501,9354,10370,-425,567,-639,3
-1286,9638,10138,-400,494,-634,3
-949,9525,9820,-435,364,-407,3
-809,8779,9422,-371,232,-131,3
-735,7887,9006,-189,171,91,3
-736,7273,8584,-26,151,257,3
-1145,6688,8345,99,157,286,3
-1237,6397,8363,196,208,194,3
-1069,6535,8505,219,251,74,3
-848,6845,8605,145,224,-34,3
-918,7205,8621,31,152,-110,3
-500,7028,8232,-141,-88,230,3
-452,6711,8047,-258,-149,288,3
-448,6480,7935,-315,-183,349,3
-543,6325,7715,-314,-196,419,3
-630,5986,7460,-300,-207,418,3
-816,5531,7355,-239,-189,279,3
-842,5534,7399,-100,-93,125,3
-748,6085,7561,19,-4,46,3
-961,6272,7859,-124,-105,-238,3
-1011,6514,7875,-139,-134,-185,3
-901,6700,7837,-94,-130,-71,3
-812,6725,7729,-102,-145,63,3
-824,6569,7507,-176,-183,178,3
-952,6196,7284,-231,-226,235,3
-974,5888,7136,-189,-220,250,3
-881,5905,7057,-89,-172,261,3
-800,6033,7035,-31,-133,278,3
-696,6037,6900,-50,-92,330,3
-842,5929,6851,-38,-56,352,3
-902,5826,6883,-2,4,354,3
-920,5804,6988,45,68,333,3
-1088,5962,7094,102,117,279,3
-1072,5937,7354,114,130,139,3
-829,5909,7647,56,122,-4,3
-817,6269,7823,13,107,-51,3
-750,6499,7874,4,89,-35,3
-685,6562,7886,0,63,26,3
-634,6392,7814,3,31,87,3
-544,6136,7692,16,14,136,3
-518,5989,7600,27,25,187,3
-509,5707,7607,31,42,179,3
-509,5707,7607,31,42,179,3
-565,5323,7624,20,53,42,3
-793,5342,7698,19,67,-141,3
-784,5794,7818,13,64,-230,3
-678,6278,7903,-3,40,-216,3
-550,6482,7880,-12,19,-168,3
-506,6462,7805,-11,9,-115,3
-567,6360,7770,-10,0,-84,3
-578,6378,7759,-14,-29,-50,3
-500,6319,7638,-12,-64,14,3
-508,6199,7513,5,-71,83,3
-520,5880,7458,18,-55,90,3
-596,5716,7435,17,-26,22,3
-664,5779,7539,5,-2,-72,3
-684,6767,7846,36,-21,-148,3
-684,6767,7846,36,-21,-148,3
-603,6668,7782,26,-48,-50,3
-562,6423,7699,15,-66,24,3
-611,6070,7625,15,-69,50,3
-738,5759,7555,17,-60,3,3
-852,5656,7622,-18,-63,-71,3
-889,5722,7739,-27,-61,-172,3
-820,6605,7599,-1,-135,-118,3
-820,6605,7599,-1,-135,-118,3
-791,6508,7486,35,-132,-54,3
-841,6488,7446,51,-122,-5,3
-896,6472,7472,41,-112,30,3
-902,6383,7606,27,-100,35,3
-895,6343,7688,15,-102,38,3
-847,6268,7697,-1,-117,46,3
-788,6033,7648,-8,-126,15,3
-809,5881,7550,9,-124,-44,3
-805,5974,7460,14,-124,-89,3
-723,6119,7424,12,-120,-93,3
-616,5935,7497,6,-108,-17,3
-616,5935,7497,6,-108,-17,3
-663,5867,7515,21,-102,-24,3
-572,5638,7539,24,-80,-121,3
-629,5777,7658,13,-72,-229,3
-599,6235,7728,-30,-82,-232,3
-436,6356,7708,-61,-103,-200,3
-553,6063,7581,-31,-53,-344,3
-651,6313,7711,-2,-42,-352,3
-693,6379,7847,29,-36,-364,3
-688,6378,7965,49,-38,-401,3
-762,6434,8013,29,-56,-480,3
-781,6387,8078,-15,-86,-614,3
-845,6353,8148,-54,-104,-766,3
-925,6156,8253,-141,-135,-1008,3
-957,5727,8448,-253,-170,-1389,3
-1067,5417,8576,-286,-160,-1890,3
-1461,5772,8675,-319,-141,-2363,3
-1897,6512,8922,-382,-139,-2684,3
-3599,9154,11093,513,-622,-1876,3
-4175,10591,12154,733,-959,-1615,3
-5041,13088,13673,767,-1331,-1430,3
-6261,14869,14796,691,-1875,-1186,3
-6906,15602,14889,754,-2575,-602,3
-7304,16277,14793,1070,-3241,322,3
-8107,18118,15365,1594,-3823,1341,3
-12786,20882,9678,2857,-6661,11109,3
-13168,18840,8638,4080,-6644,14997,3
-12156,15253,8934,4685,-6365,17453,3
