device_time_ms,ax,ay,az,gx,gy,gz,label
0,350000.0,-238000.0,9689000.0,1000.0,-18000.0,-3000.0,idle
10,356000.0,-251000.0,9650000.0,12000.0,-13000.0,-3000.0,idle
20,356000.0,-232000.0,9651000.0,1000.0,-6000.0,-16000.0,idle
30,339000.0,-228000.0,9656000.0,-5000.0,-6000.0,-18000.0,idle
40,384000.0,-196000.0,9640000.0,11000.0,0.0,-19000.0,idle
50,383000.0,-140000.0,9670000.0,-2000.0,11000.0,-21000.0,idle
60,357000.0,-125000.0,9751000.0,-15000.0,13000.0,-10000.0,idle
70,325000.0,-137000.0,9804000.0,-3000.0,16000.0,2000.0,idle
80,277000.0,-180000.0,9824000.0,0.0,11000.0,9000.0,idle
90,253000.0,-249000.0,9834000.0,0.0,4000.0,0.0,idle
100,263000.0,-202000.0,9846000.0,4000.0,5000.0,-1000.0,idle
110,243000.0,-177000.0,9877000.0,-2000.0,2000.0,0.0,idle
120,246000.0,-235000.0,9859000.0,-11000.0,-9000.0,-4000.0,idle
130,272000.0,-226000.0,9834000.0,-7000.0,-12000.0,-4000.0,idle
140,289000.0,-158000.0,9847000.0,-1000.0,-7000.0,-5000.0,idle
150,266000.0,-172000.0,9856000.0,-1000.0,-12000.0,-2000.0,idle
160,295000.0,-214000.0,9815000.0,3000.0,-18000.0,-1000.0,idle
170,305000.0,-246000.0,9766000.0,5000.0,-21000.0,0.0,idle
180,301000.0,-253000.0,9724000.0,-6000.0,-25000.0,-8000.0,idle
190,357000.0,-241000.0,9720000.0,-14000.0,-21000.0,-13000.0,idle
200,349000.0,-217000.0,9727000.0,-1000.0,-14000.0,-11000.0,idle
210,335000.0,-189000.0,9708000.0,0.0,-14000.0,-5000.0,idle
220,347000.0,-217000.0,9684000.0,-5000.0,-14000.0,-1000.0,idle
230,366000.0,-214000.0,9680000.0,3000.0,-11000.0,-4000.0,idle
240,356000.0,-162000.0,9692000.0,0.0,-4000.0,-7000.0,idle
250,355000.0,-143000.0,9720000.0,-4000.0,0.0,-3000.0,idle
260,329000.0,-166000.0,9756000.0,5000.0,1000.0,-3000.0,idle
270,307000.0,-177000.0,9754000.0,3000.0,0.0,-3000.0,idle
280,331000.0,-221000.0,9759000.0,-6000.0,-3000.0,-9000.0,idle
290,332000.0,-155000.0,9794000.0,0.0,-4000.0,-5000.0,idle
300,349000.0,-108000.0,9786000.0,4000.0,-6000.0,5000.0,idle
310,331000.0,-156000.0,9824000.0,-7000.0,-3000.0,8000.0,idle
320,290000.0,-197000.0,9865000.0,-19000.0,-2000.0,9000.0,idle
330,306000.0,-198000.0,9833000.0,-2000.0,-15000.0,15000.0,idle
340,320000.0,-228000.0,9796000.0,-3000.0,-18000.0,10000.0,idle
350,307000.0,-202000.0,9765000.0,-3000.0,-18000.0,8000.0,idle
360,313000.0,-181000.0,9732000.0,1000.0,-18000.0,10000.0,idle
370,281000.0,-202000.0,9735000.0,7000.0,-18000.0,10000.0,idle
380,307000.0,-247000.0,9755000.0,-1000.0,-17000.0,10000.0,idle
390,324000.0,-268000.0,9810000.0,-12000.0,-12000.0,6000.0,idle
400,300000.0,-292000.0,9854000.0,-29000.0,-12000.0,0.0,idle
410,300000.0,-330000.0,9836000.0,-22000.0,-18000.0,0.0,idle
420,299000.0,-287000.0,9762000.0,4000.0,-25000.0,5000.0,idle
430,329000.0,-234000.0,9677000.0,17000.0,-31000.0,5000.0,idle
440,347000.0,-201000.0,9591000.0,22000.0,-30000.0,6000.0,idle
450,384000.0,-166000.0,9585000.0,26000.0,-21000.0,2000.0,idle
460,380000.0,-164000.0,9639000.0,6000.0,-8000.0,-3000.0,idle
470,375000.0,-249000.0,9737000.0,-11000.0,-5000.0,-15000.0,idle
480,362000.0,-259000.0,9791000.0,-7000.0,-5000.0,-25000.0,idle
490,362000.0,-259000.0,9791000.0,-7000.0,-5000.0,-25000.0,idle
500,339000.0,-209000.0,9798000.0,3000.0,-6000.0,-26000.0,idle
510,324000.0,-179000.0,9798000.0,4000.0,-8000.0,-26000.0,idle
520,311000.0,-175000.0,9759000.0,8000.0,-13000.0,-23000.0,idle
530,323000.0,-135000.0,9719000.0,24000.0,-13000.0,-15000.0,idle
540,307000.0,-141000.0,9689000.0,23000.0,-13000.0,-5000.0,idle
550,286000.0,-215000.0,9636000.0,23000.0,-22000.0,-9000.0,idle
560,402000.0,-117000.0,9635000.0,35000.0,-15000.0,-4000.0,idle
570,549000.0,102000.0,9879000.0,-1000.0,21000.0,-3000.0,idle
580,468000.0,280000.0,10263000.0,-91000.0,53000.0,4000.0,idle
590,214000.0,-142000.0,10302000.0,-98000.0,6000.0,28000.0,idle
600,165000.0,-604000.0,9951000.0,25000.0,-53000.0,55000.0,idle
610,219000.0,-588000.0,9531000.0,105000.0,-82000.0,20000.0,idle
620,311000.0,-181000.0,9329000.0,69000.0,-69000.0,-17000.0,idle
630,404000.0,35000.0,9398000.0,9000.0,-26000.0,-2000.0,idle
640,430000.0,-155000.0,9621000.0,-36000.0,6000.0,25000.0,idle
650,401000.0,-411000.0,9794000.0,-61000.0,17000.0,19000.0,idle
660,405000.0,-456000.0,9857000.0,-67000.0,12000.0,-7000.0,idle
670,418000.0,-314000.0,9833000.0,-40000.0,-5000.0,-24000.0,idle
680,444000.0,-111000.0,9721000.0,23000.0,-17000.0,-11000.0,idle
690,420000.0,-47000.0,9646000.0,70000.0,-14000.0,9000.0,idle
700,308000.0,-135000.0,9623000.0,59000.0,-11000.0,17000.0,idle
710,272000.0,-229000.0,9656000.0,21000.0,-8000.0,5000.0,idle
720,326000.0,-220000.0,9696000.0,-7000.0,1000.0,-1000.0,idle
730,384000.0,-203000.0,9749000.0,-27000.0,11000.0,-12000.0,idle
740,411000.0,-201000.0,9879000.0,-55000.0,14000.0,-14000.0,idle
750,380000.0,-213000.0,9949000.0,-60000.0,13000.0,-14000.0,idle
760,349000.0,-180000.0,9939000.0,-25000.0,0.0,-5000.0,idle
770,313000.0,-186000.0,9815000.0,24000.0,-20000.0,5000.0,idle
780,319000.0,-186000.0,9654000.0,56000.0,-31000.0,17000.0,idle
790,347000.0,-149000.0,9577000.0,55000.0,-21000.0,18000.0,idle
800,351000.0,-105000.0,9618000.0,18000.0,-3000.0,18000.0,idle
810,343000.0,-225000.0,9696000.0,-27000.0,6000.0,12000.0,idle
820,338000.0,-379000.0,9779000.0,-53000.0,8000.0,-3000.0,idle
830,373000.0,-347000.0,9786000.0,-50000.0,9000.0,-17000.0,idle
840,397000.0,-229000.0,9803000.0,-28000.0,7000.0,-19000.0,idle
850,386000.0,-222000.0,9804000.0,-4000.0,-2000.0,-13000.0,idle
860,361000.0,-190000.0,9751000.0,26000.0,-9000.0,-3000.0,idle
870,366000.0,-146000.0,9699000.0,31000.0,-9000.0,0.0,idle
880,348000.0,-104000.0,9702000.0,13000.0,-3000.0,4000.0,idle
890,351000.0,-140000.0,9714000.0,-2000.0,0.0,13000.0,idle
900,334000.0,-238000.0,9719000.0,-13000.0,4000.0,16000.0,idle
910,314000.0,-319000.0,9762000.0,-36000.0,11000.0,1000.0,idle
920,328000.0,-304000.0,9835000.0,-38000.0,13000.0,-15000.0,idle
930,329000.0,-190000.0,9840000.0,-13000.0,8000.0,-12000.0,idle
940,332000.0,-126000.0,9798000.0,1000.0,-2000.0,-1000.0,idle
950,350000.0,-196000.0,9766000.0,5000.0,-8000.0,1000.0,idle
960,355000.0,-223000.0,9707000.0,9000.0,-9000.0,0.0,idle
970,386000.0,-155000.0,9671000.0,9000.0,-6000.0,8000.0,idle
980,366000.0,-177000.0,9749000.0,-11000.0,9000.0,22000.0,idle
990,366000.0,-177000.0,9749000.0,-11000.0,9000.0,22000.0,idle
1000,328000.0,-258000.0,9821000.0,-20000.0,9000.0,25000.0,idle
1010,295000.0,-342000.0,9810000.0,-23000.0,3000.0,15000.0,idle
1020,305000.0,-299000.0,9806000.0,-16000.0,0.0,6000.0,idle
1030,298000.0,-253000.0,9809000.0,-6000.0,-4000.0,-1000.0,idle
1040,302000.0,-246000.0,9812000.0,1000.0,-9000.0,-7000.0,idle
1050,289000.0,-156000.0,9842000.0,10000.0,-7000.0,-11000.0,idle
1060,318000.0,-135000.0,9823000.0,-1000.0,-10000.0,-10000.0,idle
1070,339000.0,-183000.0,9835000.0,-15000.0,-13000.0,-7000.0,idle
1080,319000.0,-180000.0,9860000.0,-9000.0,-14000.0,2000.0,idle
1090,313000.0,-245000.0,9862000.0,-2000.0,-19000.0,14000.0,idle
1100,295000.0,-296000.0,9829000.0,-5000.0,-23000.0,24000.0,idle
1110,317000.0,-363000.0,9818000.0,-1000.0,-27000.0,26000.0,idle
1120,313000.0,-411000.0,9773000.0,5000.0,-31000.0,7000.0,idle
1130,368000.0,-377000.0,9681000.0,10000.0,-33000.0,-10000.0,idle
1140,409000.0,-265000.0,9644000.0,9000.0,-25000.0,-17000.0,idle
1150,439000.0,-191000.0,9615000.0,7000.0,-19000.0,-14000.0,idle
1160,417000.0,-174000.0,9604000.0,7000.0,-15000.0,-9000.0,idle
1170,418000.0,-197000.0,9616000.0,5000.0,-10000.0,-6000.0,idle
1180,389000.0,-249000.0,9642000.0,7000.0,0.0,-3000.0,idle
1190,385000.0,-221000.0,9694000.0,11000.0,2000.0,-1000.0,idle
1200,398000.0,-171000.0,9723000.0,14000.0,2000.0,2000.0,idle
1210,374000.0,-140000.0,9755000.0,17000.0,7000.0,3000.0,idle
1220,383000.0,-125000.0,9826000.0,2000.0,10000.0,-1000.0,idle
1230,356000.0,-101000.0,9856000.0,-13000.0,7000.0,-2000.0,idle
1240,345000.0,-107000.0,9865000.0,-13000.0,1000.0,-2000.0,idle
1250,324000.0,-114000.0,9859000.0,-14000.0,-3000.0,-3000.0,idle
1260,307000.0,-99000.0,9847000.0,-9000.0,-6000.0,4000.0,idle
1270,320000.0,-153000.0,9844000.0,-4000.0,-10000.0,18000.0,idle
1280,339000.0,-213000.0,9864000.0,-7000.0,-11000.0,28000.0,idle
1290,324000.0,-269000.0,9841000.0,-12000.0,-14000.0,34000.0,idle
1300,325000.0,-331000.0,9815000.0,-11000.0,-19000.0,28000.0,idle
1310,337000.0,-334000.0,9761000.0,-3000.0,-23000.0,29000.0,idle
1320,362000.0,-335000.0,9652000.0,9000.0,-27000.0,23000.0,idle
1330,381000.0,-331000.0,9611000.0,13000.0,-23000.0,11000.0,idle
1340,397000.0,-265000.0,9604000.0,3000.0,-15000.0,-3000.0,idle
1350,405000.0,-216000.0,9640000.0,-4000.0,-7000.0,-7000.0,idle
1360,390000.0,-259000.0,9700000.0,1000.0,-1000.0,-10000.0,idle
1370,374000.0,-272000.0,9736000.0,0.0,3000.0,-7000.0,idle
1380,390000.0,-256000.0,9753000.0,0.0,1000.0,-5000.0,idle
1390,392000.0,-209000.0,9765000.0,-1000.0,1000.0,0.0,idle
1400,387000.0,-189000.0,9768000.0,-3000.0,0.0,6000.0,idle
1410,372000.0,-193000.0,9742000.0,-2000.0,-2000.0,13000.0,idle
1420,353000.0,-202000.0,9731000.0,0.0,0.0,16000.0,idle
1430,378000.0,-277000.0,9750000.0,-4000.0,0.0,0.0,idle
1440,361000.0,-213000.0,9755000.0,-6000.0,1000.0,-11000.0,idle
1450,377000.0,-123000.0,9780000.0,-9000.0,3000.0,-6000.0,idle
1460,349000.0,-185000.0,9820000.0,-9000.0,3000.0,5000.0,idle
1470,323000.0,-253000.0,9817000.0,2000.0,-1000.0,10000.0,idle
1480,314000.0,-281000.0,9809000.0,-4000.0,-4000.0,4000.0,idle
1490,329000.0,-302000.0,9811000.0,-11000.0,-7000.0,0.0,idle
1500,339000.0,-290000.0,9810000.0,11000.0,-9000.0,0.0,idle
1510,359000.0,-234000.0,9765000.0,21000.0,-13000.0,5000.0,idle
1520,392000.0,-217000.0,9719000.0,9000.0,-12000.0,6000.0,idle
1530,362000.0,-232000.0,9729000.0,-4000.0,-9000.0,3000.0,idle
1540,355000.0,-323000.0,9730000.0,-14000.0,-9000.0,-10000.0,idle
1550,355000.0,-323000.0,9730000.0,-14000.0,-9000.0,-10000.0,idle
1560,375000.0,-314000.0,9699000.0,3000.0,-7000.0,-21000.0,idle
1570,361000.0,-202000.0,9727000.0,14000.0,-1000.0,-19000.0,idle
1580,345000.0,-225000.0,9774000.0,-4000.0,-2000.0,-9000.0,idle
1590,365000.0,-258000.0,9780000.0,-2000.0,-6000.0,2000.0,idle
1600,377000.0,-262000.0,9721000.0,14000.0,-6000.0,5000.0,idle
1610,396000.0,-240000.0,9723000.0,13000.0,-2000.0,0.0,idle
1620,393000.0,-191000.0,9718000.0,4000.0,-2000.0,-3000.0,idle
1630,372000.0,-172000.0,9694000.0,7000.0,-4000.0,-1000.0,idle
1640,357000.0,-186000.0,9711000.0,14000.0,0.0,-3000.0,idle
1650,343000.0,-190000.0,9755000.0,1000.0,3000.0,-6000.0,idle
1660,375000.0,-172000.0,9768000.0,-10000.0,5000.0,-5000.0,idle
1670,375000.0,-160000.0,9823000.0,-5000.0,5000.0,-2000.0,idle
1680,359000.0,-189000.0,9806000.0,-3000.0,0.0,1000.0,idle
1690,350000.0,-203000.0,9803000.0,0.0,-1000.0,7000.0,idle
1700,365000.0,-204000.0,9816000.0,3000.0,0.0,13000.0,idle
1710,357000.0,-198000.0,9784000.0,5000.0,-5000.0,17000.0,idle
1720,361000.0,-246000.0,9753000.0,13000.0,-6000.0,19000.0,idle
1730,368000.0,-234000.0,9729000.0,12000.0,-3000.0,11000.0,idle
1740,359000.0,-186000.0,9731000.0,-3000.0,-4000.0,9000.0,idle
1750,337000.0,-233000.0,9773000.0,-21000.0,-2000.0,6000.0,idle
1760,345000.0,-275000.0,9792000.0,-20000.0,-1000.0,7000.0,idle
1770,330000.0,-287000.0,9790000.0,-12000.0,0.0,8000.0,idle
1780,336000.0,-292000.0,9822000.0,-13000.0,-3000.0,9000.0,idle
1790,324000.0,-278000.0,9835000.0,-9000.0,-4000.0,12000.0,idle
1800,313000.0,-256000.0,9792000.0,2000.0,-8000.0,12000.0,idle
1810,330000.0,-272000.0,9760000.0,4000.0,-11000.0,7000.0,idle
1820,331000.0,-292000.0,9750000.0,-8000.0,-13000.0,-6000.0,idle
1830,347000.0,-217000.0,9735000.0,-10000.0,-15000.0,-9000.0,idle
1840,365000.0,-216000.0,9745000.0,7000.0,-12000.0,-4000.0,idle
1850,362000.0,-252000.0,9726000.0,17000.0,-11000.0,-4000.0,idle
1860,410000.0,-260000.0,9638000.0,21000.0,-8000.0,-4000.0,idle
1870,410000.0,-260000.0,9638000.0,21000.0,-8000.0,-4000.0,idle
1880,387000.0,-238000.0,9657000.0,18000.0,1000.0,-12000.0,idle
1890,385000.0,-152000.0,9694000.0,3000.0,9000.0,-22000.0,idle
1900,368000.0,-88000.0,9730000.0,-10000.0,12000.0,-12000.0,idle
1910,351000.0,-119000.0,9809000.0,-13000.0,12000.0,7000.0,idle
1920,337000.0,-211000.0,9845000.0,-11000.0,12000.0,20000.0,idle
1930,318000.0,-235000.0,9879000.0,-9000.0,9000.0,20000.0,idle
1940,298000.0,-234000.0,9900000.0,-18000.0,2000.0,19000.0,idle
1950,293000.0,-233000.0,9893000.0,-10000.0,-4000.0,18000.0,idle
1960,302000.0,-245000.0,9853000.0,-1000.0,-10000.0,17000.0,idle
1970,301000.0,-269000.0,9827000.0,-5000.0,-13000.0,7000.0,idle
1980,319000.0,-289000.0,9815000.0,-19000.0,-18000.0,-12000.0,idle
1990,322000.0,-269000.0,9783000.0,-11000.0,-15000.0,-16000.0,idle
2000,329000.0,-243000.0,9784000.0,5000.0,-15000.0,-12000.0,idle
2010,337000.0,-298000.0,9778000.0,5000.0,-22000.0,-5000.0,idle
2020,362000.0,-322000.0,9745000.0,10000.0,-25000.0,-2000.0,idle
2030,357000.0,-278000.0,9729000.0,16000.0,-21000.0,0.0,idle
2040,377000.0,-269000.0,9708000.0,2000.0,-22000.0,-2000.0,idle
2050,399000.0,-250000.0,9660000.0,-9000.0,-22000.0,-4000.0,idle
2060,407000.0,-205000.0,9634000.0,-9000.0,-15000.0,-5000.0,idle
2070,409000.0,-237000.0,9617000.0,-13000.0,-9000.0,-10000.0,idle
2080,386000.0,-256000.0,9636000.0,-6000.0,-2000.0,-15000.0,idle
2090,375000.0,-195000.0,9713000.0,4000.0,2000.0,-17000.0,idle
2100,356000.0,-179000.0,9750000.0,-10000.0,2000.0,-16000.0,idle
2110,375000.0,-169000.0,9777000.0,-10000.0,2000.0,-7000.0,idle
2120,371000.0,-169000.0,9803000.0,-1000.0,2000.0,2000.0,idle
2130,363000.0,-186000.0,9827000.0,-11000.0,0.0,7000.0,idle
2140,357000.0,-235000.0,9793000.0,-9000.0,-2000.0,11000.0,idle
2150,341000.0,-192000.0,9774000.0,9000.0,-2000.0,12000.0,idle
2160,354000.0,-168000.0,9768000.0,15000.0,-3000.0,13000.0,idle
2170,356000.0,-164000.0,9763000.0,10000.0,-3000.0,17000.0,idle
2180,348000.0,-213000.0,9759000.0,-1000.0,-3000.0,17000.0,idle
2190,339000.0,-286000.0,9757000.0,-19000.0,-4000.0,4000.0,idle
2200,336000.0,-275000.0,9779000.0,-27000.0,-4000.0,-3000.0,idle
2210,350000.0,-249000.0,9792000.0,-15000.0,-3000.0,-1000.0,idle
2220,338000.0,-275000.0,9820000.0,-10000.0,-4000.0,3000.0,idle
2230,343000.0,-357000.0,9808000.0,-5000.0,-10000.0,4000.0,idle
2240,354000.0,-369000.0,9760000.0,12000.0,-13000.0,6000.0,idle
2250,353000.0,-316000.0,9714000.0,24000.0,-10000.0,5000.0,idle
2260,390000.0,-280000.0,9714000.0,27000.0,-9000.0,4000.0,idle
2270,392000.0,-250000.0,9703000.0,17000.0,-7000.0,4000.0,idle
2280,378000.0,-262000.0,9670000.0,4000.0,-3000.0,0.0,idle
2290,362000.0,-274000.0,9703000.0,-5000.0,0.0,-12000.0,idle
2300,343000.0,-269000.0,9739000.0,-14000.0,6000.0,-22000.0,idle
2310,335000.0,-221000.0,9796000.0,-10000.0,5000.0,-20000.0,idle
2320,341000.0,-191000.0,9812000.0,-4000.0,3000.0,-18000.0,idle
2330,348000.0,-202000.0,9817000.0,-3000.0,1000.0,-9000.0,idle
2340,350000.0,-201000.0,9806000.0,7000.0,0.0,-4000.0,idle
2350,359000.0,-137000.0,9804000.0,13000.0,-1000.0,0.0,idle
2360,367000.0,-112000.0,9794000.0,4000.0,-4000.0,2000.0,idle
2370,344000.0,-140000.0,9786000.0,1000.0,-5000.0,5000.0,idle
2380,360000.0,-192000.0,9751000.0,2000.0,-6000.0,9000.0,idle
2390,353000.0,-220000.0,9714000.0,6000.0,-7000.0,4000.0,idle
2400,362000.0,-244000.0,9738000.0,3000.0,-4000.0,-10000.0,idle
2410,357000.0,-214000.0,9743000.0,1000.0,0.0,-8000.0,idle
2420,356000.0,-250000.0,9737000.0,-3000.0,-2000.0,-6000.0,idle
2430,350000.0,-266000.0,9748000.0,-7000.0,-4000.0,-7000.0,idle
2440,368000.0,-229000.0,9744000.0,-5000.0,-2000.0,2000.0,idle
2450,366000.0,-220000.0,9731000.0,2000.0,-2000.0,8000.0,idle
2460,371000.0,-222000.0,9739000.0,1000.0,-2000.0,19000.0,idle
2470,367000.0,-233000.0,9732000.0,5000.0,-2000.0,28000.0,idle
2480,343000.0,-266000.0,9756000.0,12000.0,2000.0,25000.0,idle
2490,296000.0,-349000.0,9824000.0,2000.0,6000.0,8000.0,idle
2500,288000.0,-423000.0,9845000.0,-21000.0,1000.0,-15000.0,idle
2510,319000.0,-318000.0,9842000.0,-19000.0,-3000.0,-28000.0,idle
2520,341000.0,-208000.0,9853000.0,-5000.0,-6000.0,-22000.0,idle
2530,331000.0,-237000.0,9833000.0,11000.0,-13000.0,-10000.0,idle
2540,348000.0,-204000.0,9757000.0,23000.0,-16000.0,-3000.0,idle
2550,367000.0,-140000.0,9735000.0,18000.0,-15000.0,3000.0,idle
2560,397000.0,-122000.0,9712000.0,5000.0,-16000.0,7000.0,idle
2570,401000.0,-142000.0,9671000.0,6000.0,-15000.0,17000.0,idle
2580,401000.0,-142000.0,9671000.0,6000.0,-15000.0,17000.0,idle
2590,389000.0,-220000.0,9657000.0,0.0,-10000.0,19000.0,idle
2600,367000.0,-348000.0,9658000.0,-18000.0,-3000.0,3000.0,idle
2610,361000.0,-338000.0,9666000.0,-19000.0,0.0,-12000.0,idle
2620,378000.0,-263000.0,9689000.0,-2000.0,3000.0,-21000.0,idle
2630,375000.0,-216000.0,9718000.0,7000.0,3000.0,-22000.0,idle
2640,391000.0,-167000.0,9719000.0,12000.0,3000.0,-12000.0,idle
2650,386000.0,-148000.0,9749000.0,10000.0,7000.0,0.0,idle
2660,347000.0,-185000.0,9805000.0,1000.0,11000.0,9000.0,idle
2670,308000.0,-231000.0,9845000.0,0.0,10000.0,14000.0,idle
2680,294000.0,-257000.0,9877000.0,-2000.0,5000.0,19000.0,idle
2690,276000.0,-298000.0,9884000.0,-11000.0,1000.0,11000.0,idle
2700,269000.0,-343000.0,9915000.0,-6000.0,-2000.0,-2000.0,idle
2710,304000.0,-274000.0,9885000.0,4000.0,-12000.0,-11000.0,idle
2720,338000.0,-183000.0,9806000.0,9000.0,-17000.0,-10000.0,idle
2730,351000.0,-189000.0,9796000.0,13000.0,-21000.0,-11000.0,idle
2740,390000.0,-196000.0,9668000.0,-4000.0,-20000.0,4000.0,idle
2750,390000.0,-196000.0,9668000.0,-4000.0,-20000.0,4000.0,idle
2760,392000.0,-244000.0,9689000.0,-7000.0,-15000.0,14000.0,idle
2770,380000.0,-286000.0,9686000.0,-2000.0,-10000.0,18000.0,idle
2780,371000.0,-311000.0,9681000.0,-4000.0,-8000.0,12000.0,idle
2790,371000.0,-312000.0,9686000.0,-5000.0,-6000.0,0.0,idle
2800,393000.0,-266000.0,9672000.0,2000.0,-4000.0,-7000.0,idle
2810,386000.0,-213000.0,9698000.0,11000.0,-1000.0,-5000.0,idle
2820,362000.0,-225000.0,9727000.0,9000.0,0.0,-7000.0,idle
2830,381000.0,-254000.0,9723000.0,-2000.0,2000.0,-19000.0,idle
2840,368000.0,-184000.0,9757000.0,-6000.0,5000.0,-16000.0,idle
2850,349000.0,-134000.0,9788000.0,-1000.0,4000.0,-2000.0,idle
2860,353000.0,-158000.0,9797000.0,-2000.0,3000.0,6000.0,idle
2870,354000.0,-222000.0,9815000.0,-9000.0,4000.0,16000.0,idle
2880,325000.0,-268000.0,9841000.0,-14000.0,2000.0,21000.0,idle
2890,313000.0,-270000.0,9850000.0,0.0,-5000.0,23000.0,idle
2900,339000.0,-310000.0,9812000.0,11000.0,-13000.0,20000.0,idle
2910,316000.0,-336000.0,9775000.0,12000.0,-17000.0,0.0,idle
2920,348000.0,-263000.0,9762000.0,8000.0,-14000.0,-19000.0,idle
2930,357000.0,-166000.0,9749000.0,3000.0,-10000.0,-17000.0,idle
2940,380000.0,-284000.0,9742000.0,3000.0,-11000.0,1000.0,idle
2950,380000.0,-284000.0,9742000.0,3000.0,-11000.0,1000.0,idle
2960,371000.0,-304000.0,9714000.0,0.0,-11000.0,1000.0,idle
2970,379000.0,-284000.0,9703000.0,-3000.0,-9000.0,0.0,idle
2980,393000.0,-254000.0,9701000.0,6000.0,-8000.0,5000.0,idle
2990,395000.0,-271000.0,9690000.0,15000.0,-6000.0,2000.0,idle
3000,387000.0,-289000.0,9684000.0,2000.0,-3000.0,-9000.0,idle
3010,398000.0,-226000.0,9707000.0,-5000.0,3000.0,-17000.0,idle
3020,389000.0,-104000.0,9724000.0,7000.0,7000.0,-13000.0,idle
3030,356000.0,-83000.0,9763000.0,5000.0,5000.0,-7000.0,idle
3040,339000.0,-166000.0,9775000.0,-4000.0,4000.0,-1000.0,idle
3050,351000.0,-193000.0,9792000.0,0.0,4000.0,6000.0,idle
3060,362000.0,-185000.0,9787000.0,-1000.0,2000.0,13000.0,idle
3070,363000.0,-195000.0,9792000.0,-14000.0,0.0,4000.0,idle
3080,336000.0,-276000.0,9806000.0,-9000.0,-2000.0,-8000.0,idle
3090,331000.0,-231000.0,9798000.0,0.0,-9000.0,-4000.0,idle
3100,362000.0,-166000.0,9766000.0,0.0,-6000.0,4000.0,idle
3110,360000.0,-240000.0,9769000.0,-8000.0,-9000.0,7000.0,idle
3120,348000.0,-305000.0,9745000.0,-5000.0,-12000.0,11000.0,idle
3130,350000.0,-300000.0,9709000.0,3000.0,-11000.0,7000.0,idle
3140,372000.0,-253000.0,9719000.0,-4000.0,-6000.0,5000.0,idle
3150,369000.0,-196000.0,9730000.0,-12000.0,-3000.0,9000.0,idle
3160,353000.0,-257000.0,9731000.0,-2000.0,-6000.0,11000.0,idle
3170,350000.0,-310000.0,9738000.0,3000.0,-4000.0,13000.0,idle
3180,350000.0,-331000.0,9774000.0,-1000.0,0.0,5000.0,idle
3190,318000.0,-410000.0,9830000.0,-3000.0,0.0,-21000.0,idle
3200,311000.0,-305000.0,9877000.0,3000.0,-3000.0,-26000.0,idle
3210,328000.0,-199000.0,9866000.0,11000.0,-8000.0,-14000.0,idle
3220,331000.0,-198000.0,9823000.0,6000.0,-15000.0,-9000.0,idle
3230,355000.0,-177000.0,9769000.0,0.0,-17000.0,1000.0,idle
3240,389000.0,-129000.0,9714000.0,0.0,-14000.0,7000.0,idle
3250,385000.0,-120000.0,9703000.0,-6000.0,-11000.0,13000.0,idle
3260,366000.0,-231000.0,9699000.0,-11000.0,-11000.0,13000.0,idle
3270,393000.0,-374000.0,9687000.0,-7000.0,-12000.0,-7000.0,idle
3280,390000.0,-259000.0,9705000.0,8000.0,-9000.0,-13000.0,idle
3290,392000.0,-156000.0,9715000.0,19000.0,-5000.0,-14000.0,idle
3300,396000.0,-192000.0,9711000.0,10000.0,-5000.0,-6000.0,idle
3310,396000.0,-237000.0,9684000.0,0.0,-4000.0,-3000.0,idle
3320,403000.0,-205000.0,9696000.0,-2000.0,0.0,0.0,idle
3330,398000.0,-197000.0,9705000.0,-3000.0,3000.0,9000.0,idle
3340,369000.0,-241000.0,9745000.0,7000.0,3000.0,21000.0,idle
3350,345000.0,-298000.0,9775000.0,12000.0,5000.0,22000.0,idle
3360,320000.0,-314000.0,9835000.0,-4000.0,7000.0,20000.0,idle
3370,302000.0,-368000.0,9869000.0,-20000.0,1000.0,1000.0,idle
3380,307000.0,-368000.0,9836000.0,-22000.0,-4000.0,-12000.0,idle
3390,323000.0,-266000.0,9852000.0,-5000.0,-3000.0,-17000.0,idle
3400,326000.0,-246000.0,9853000.0,5000.0,-7000.0,-23000.0,idle
3410,341000.0,-221000.0,9835000.0,0.0,-12000.0,-20000.0,idle
3420,332000.0,-192000.0,9868000.0,0.0,-14000.0,-11000.0,idle
3430,332000.0,-186000.0,9862000.0,5000.0,-19000.0,0.0,idle
3440,344000.0,-249000.0,9820000.0,8000.0,-25000.0,9000.0,idle
3450,353000.0,-292000.0,9793000.0,21000.0,-26000.0,13000.0,idle
3460,375000.0,-257000.0,9735000.0,23000.0,-26000.0,12000.0,idle
3470,392000.0,-235000.0,9665000.0,18000.0,-30000.0,14000.0,idle
3480,414000.0,-263000.0,9622000.0,19000.0,-28000.0,7000.0,idle
3490,421000.0,-300000.0,9593000.0,12000.0,-19000.0,-12000.0,idle
3500,429000.0,-228000.0,9614000.0,0.0,-12000.0,-28000.0,idle
3510,438000.0,-169000.0,9632000.0,2000.0,-5000.0,-22000.0,idle
3520,432000.0,-166000.0,9657000.0,15000.0,0.0,-9000.0,idle
3530,433000.0,-172000.0,9646000.0,4000.0,3000.0,-1000.0,idle
3540,435000.0,-169000.0,9663000.0,-7000.0,7000.0,3000.0,idle
3550,405000.0,-164000.0,9671000.0,-5000.0,12000.0,1000.0,idle
3560,417000.0,-154000.0,9713000.0,-9000.0,12000.0,6000.0,idle
3570,402000.0,-159000.0,9757000.0,-7000.0,18000.0,6000.0,idle
3580,335000.0,-180000.0,9809000.0,-7000.0,19000.0,5000.0,idle
3590,308000.0,-237000.0,9852000.0,-17000.0,15000.0,6000.0,idle
3600,308000.0,-237000.0,9852000.0,-17000.0,15000.0,6000.0,idle
3610,314000.0,-323000.0,9877000.0,-15000.0,12000.0,1000.0,idle
3620,294000.0,-263000.0,9890000.0,1000.0,6000.0,-4000.0,idle
3630,317000.0,-199000.0,9885000.0,5000.0,0.0,0.0,idle
3640,337000.0,-221000.0,9834000.0,0.0,-4000.0,7000.0,idle
3650,355000.0,-323000.0,9749000.0,-11000.0,-13000.0,2000.0,idle
3660,355000.0,-323000.0,9749000.0,-11000.0,-13000.0,2000.0,idle
3670,377000.0,-336000.0,9725000.0,-6000.0,-9000.0,0.0,idle
3680,367000.0,-341000.0,9731000.0,9000.0,-3000.0,-2000.0,idle
3690,383000.0,-283000.0,9759000.0,11000.0,-3000.0,-2000.0,idle
3700,395000.0,-266000.0,9733000.0,5000.0,-3000.0,-6000.0,idle
3710,372000.0,-254000.0,9707000.0,9000.0,0.0,-6000.0,idle
3720,363000.0,-222000.0,9706000.0,9000.0,1000.0,-5000.0,idle
3730,362000.0,-250000.0,9719000.0,1000.0,0.0,-14000.0,idle
3740,354000.0,-211000.0,9761000.0,-3000.0,2000.0,-14000.0,idle
3750,344000.0,-177000.0,9816000.0,5000.0,2000.0,-6000.0,idle
3760,363000.0,-174000.0,9848000.0,6000.0,-3000.0,4000.0,idle
3770,369000.0,-204000.0,9821000.0,3000.0,-5000.0,4000.0,idle
3780,365000.0,-220000.0,9773000.0,-4000.0,-7000.0,0.0,idle
3790,375000.0,-251000.0,9753000.0,-3000.0,-7000.0,-6000.0,idle
3800,383000.0,-185000.0,9736000.0,12000.0,-5000.0,-15000.0,idle
3810,395000.0,-116000.0,9719000.0,4000.0,-7000.0,-9000.0,idle
3820,410000.0,-116000.0,9705000.0,-1000.0,-4000.0,0.0,idle
3830,390000.0,-175000.0,9695000.0,2000.0,-1000.0,12000.0,idle
3840,377000.0,-258000.0,9664000.0,11000.0,0.0,8000.0,idle
3850,371000.0,-229000.0,9656000.0,20000.0,3000.0,0.0,idle
3860,392000.0,-184000.0,9652000.0,4000.0,6000.0,-4000.0,idle
3870,405000.0,-152000.0,9672000.0,1000.0,10000.0,1000.0,idle
3880,369000.0,-160000.0,9717000.0,3000.0,17000.0,9000.0,idle
3890,337000.0,-256000.0,9777000.0,-13000.0,19000.0,14000.0,idle
3900,311000.0,-375000.0,9810000.0,-19000.0,14000.0,1000.0,idle
3910,339000.0,-298000.0,9823000.0,0.0,11000.0,-6000.0,idle
3920,356000.0,-208000.0,9809000.0,1000.0,10000.0,-2000.0,idle
3930,363000.0,-209000.0,9796000.0,-7000.0,7000.0,5000.0,idle
3940,325000.0,-274000.0,9790000.0,-8000.0,5000.0,9000.0,idle
3950,288000.0,-404000.0,9787000.0,-5000.0,2000.0,-4000.0,idle
3960,296000.0,-307000.0,9792000.0,2000.0,5000.0,-12000.0,idle
3970,318000.0,-154000.0,9834000.0,4000.0,5000.0,-9000.0,idle
3980,308000.0,-172000.0,9848000.0,-6000.0,1000.0,4000.0,idle
3990,289000.0,-268000.0,9826000.0,-10000.0,-2000.0,18000.0,idle
4000,294000.0,-374000.0,9791000.0,-9000.0,-5000.0,3000.0,idle
4010,339000.0,-269000.0,9737000.0,-5000.0,-10000.0,-12000.0,idle
4020,386000.0,-114000.0,9702000.0,18000.0,-10000.0,-5000.0,idle
4030,414000.0,-112000.0,9703000.0,28000.0,-7000.0,12000.0,idle
4040,398000.0,-185000.0,9669000.0,17000.0,-5000.0,26000.0,idle
4050,385000.0,-286000.0,9639000.0,12000.0,-2000.0,21000.0,idle
4060,363000.0,-372000.0,9642000.0,1000.0,1000.0,-4000.0,idle
4070,391000.0,-306000.0,9626000.0,0.0,6000.0,-22000.0,idle
4080,319000.0,-205000.0,9751000.0,-8000.0,23000.0,2000.0,idle
4090,317000.0,-256000.0,9785000.0,-6000.0,23000.0,3000.0,idle
4100,317000.0,-228000.0,9830000.0,2000.0,19000.0,5000.0,idle
4110,308000.0,-175000.0,9851000.0,10000.0,14000.0,4000.0,idle
4120,298000.0,-168000.0,9863000.0,10000.0,10000.0,5000.0,idle
4130,293000.0,-190000.0,9870000.0,0.0,9000.0,4000.0,idle
4140,284000.0,-196000.0,9871000.0,-12000.0,6000.0,2000.0,idle
4150,301000.0,-219000.0,9846000.0,-16000.0,2000.0,4000.0,idle
4160,287000.0,-241000.0,9832000.0,-20000.0,0.0,2000.0,idle
4170,284000.0,-280000.0,9818000.0,-14000.0,-4000.0,2000.0,idle
4180,306000.0,-257000.0,9797000.0,13000.0,-8000.0,6000.0,idle
4190,319000.0,-217000.0,9750000.0,26000.0,-13000.0,13000.0,idle
4200,317000.0,-260000.0,9727000.0,22000.0,-13000.0,17000.0,idle
4210,368000.0,-252000.0,9658000.0,-2000.0,-2000.0,-4000.0,idle
4220,365000.0,-292000.0,9657000.0,-3000.0,2000.0,-9000.0,idle
4230,372000.0,-240000.0,9662000.0,-2000.0,6000.0,-13000.0,idle
4240,379000.0,-201000.0,9698000.0,1000.0,12000.0,-16000.0,idle
4250,337000.0,-191000.0,9739000.0,-3000.0,14000.0,-9000.0,idle
4260,337000.0,-208000.0,9783000.0,-3000.0,15000.0,0.0,idle
4270,310000.0,-209000.0,9833000.0,0.0,14000.0,0.0,idle
4280,274000.0,-168000.0,9818000.0,-8000.0,14000.0,4000.0,idle
4290,271000.0,-227000.0,9818000.0,15000.0,1000.0,16000.0,idle
4300,281000.0,-260000.0,9817000.0,7000.0,-2000.0,2000.0,idle
4310,283000.0,-243000.0,9820000.0,-8000.0,-3000.0,-3000.0,idle
4320,292000.0,-233000.0,9818000.0,0.0,-3000.0,-7000.0,idle
4330,287000.0,-249000.0,9799000.0,5000.0,-4000.0,-6000.0,idle
4340,286000.0,-272000.0,9773000.0,-5000.0,-8000.0,-5000.0,idle
4350,307000.0,-300000.0,9767000.0,0.0,-11000.0,-3000.0,idle
4360,323000.0,-259000.0,9737000.0,12000.0,-9000.0,2000.0,idle
4370,356000.0,-178000.0,9633000.0,18000.0,0.0,20000.0,idle
4380,345000.0,-226000.0,9671000.0,4000.0,5000.0,12000.0,idle
4390,307000.0,-324000.0,9733000.0,-10000.0,7000.0,-5000.0,idle
4400,290000.0,-290000.0,9768000.0,-15000.0,9000.0,-21000.0,idle
4410,313000.0,-205000.0,9794000.0,-14000.0,7000.0,-19000.0,idle
4420,294000.0,-213000.0,9814000.0,-6000.0,4000.0,-18000.0,idle
4430,277000.0,-251000.0,9797000.0,-1000.0,1000.0,-20000.0,idle
4440,286000.0,-196000.0,9792000.0,-2000.0,1000.0,-24000.0,idle
4450,289000.0,-123000.0,9811000.0,-9000.0,1000.0,-18000.0,idle
4460,288000.0,-100000.0,9816000.0,0.0,-1000.0,-1000.0,idle
4470,286000.0,-161000.0,9810000.0,3000.0,-1000.0,12000.0,idle
4480,280000.0,-265000.0,9818000.0,-7000.0,-3000.0,19000.0,idle
4490,275000.0,-310000.0,9805000.0,-5000.0,-7000.0,13000.0,idle
4500,289000.0,-288000.0,9797000.0,2000.0,-9000.0,4000.0,idle
4510,295000.0,-228000.0,9771000.0,0.0,-10000.0,0.0,idle
4520,320000.0,-223000.0,9737000.0,-5000.0,-10000.0,-10000.0,idle
4530,300000.0,-187000.0,9736000.0,-12000.0,-5000.0,-8000.0,idle
4540,299000.0,-173000.0,9743000.0,-14000.0,-5000.0,0.0,idle
4550,299000.0,-173000.0,9743000.0,-14000.0,-5000.0,0.0,idle
4560,301000.0,-244000.0,9745000.0,-9000.0,-4000.0,-1000.0,idle
4570,305000.0,-241000.0,9763000.0,-10000.0,-4000.0,4000.0,idle
4580,314000.0,-270000.0,9786000.0,-3000.0,-5000.0,7000.0,idle
4590,277000.0,-334000.0,9802000.0,4000.0,-7000.0,-1000.0,idle
4600,269000.0,-295000.0,9816000.0,0.0,-9000.0,-5000.0,idle
4610,278000.0,-237000.0,9812000.0,-16000.0,-10000.0,-12000.0,idle
4620,290000.0,-189000.0,9817000.0,-18000.0,-12000.0,-8000.0,idle
4630,312000.0,-201000.0,9781000.0,-9000.0,-16000.0,-3000.0,idle
4640,300000.0,-235000.0,9737000.0,-7000.0,-15000.0,-3000.0,idle
4650,289000.0,-234000.0,9743000.0,-4000.0,-14000.0,-7000.0,idle
4660,289000.0,-228000.0,9773000.0,8000.0,-11000.0,-10000.0,idle
4670,311000.0,-214000.0,9785000.0,13000.0,-14000.0,-1000.0,idle
4680,329000.0,-226000.0,9775000.0,5000.0,-18000.0,5000.0,idle
4690,362000.0,-184000.0,9624000.0,19000.0,-19000.0,0.0,idle
4700,347000.0,-203000.0,9634000.0,22000.0,-10000.0,-1000.0,idle
4710,348000.0,-222000.0,9665000.0,6000.0,-4000.0,-2000.0,idle
4720,313000.0,-260000.0,9727000.0,-11000.0,-2000.0,1000.0,idle
4730,300000.0,-284000.0,9754000.0,-5000.0,-1000.0,0.0,idle
4740,313000.0,-302000.0,9780000.0,0.0,-2000.0,0.0,idle
4750,296000.0,-277000.0,9798000.0,-6000.0,-4000.0,0.0,idle
4760,300000.0,-264000.0,9839000.0,-5000.0,-4000.0,-6000.0,idle
4770,310000.0,-239000.0,9824000.0,0.0,-7000.0,-9000.0,idle
4780,319000.0,-181000.0,9830000.0,0.0,-8000.0,-14000.0,idle
4790,316000.0,-141000.0,9859000.0,-3000.0,-7000.0,-14000.0,idle
4800,301000.0,-153000.0,9864000.0,-10000.0,-9000.0,-4000.0,idle
4810,295000.0,-198000.0,9828000.0,-11000.0,-13000.0,13000.0,idle
4820,284000.0,-275000.0,9816000.0,-2000.0,-18000.0,17000.0,idle
4830,288000.0,-317000.0,9796000.0,10000.0,-22000.0,14000.0,idle
4840,326000.0,-328000.0,9761000.0,17000.0,-27000.0,4000.0,idle
4850,328000.0,-266000.0,9732000.0,15000.0,-27000.0,-10000.0,idle
4860,342000.0,-197000.0,9705000.0,7000.0,-22000.0,-14000.0,idle
4870,341000.0,-186000.0,9682000.0,-6000.0,-22000.0,-14000.0,idle
4880,372000.0,-181000.0,9690000.0,-7000.0,-18000.0,-5000.0,idle
4890,413000.0,-193000.0,9680000.0,-7000.0,-10000.0,2000.0,idle
4900,349000.0,-228000.0,9702000.0,-7000.0,-9000.0,7000.0,idle
4910,360000.0,-292000.0,9736000.0,-2000.0,-9000.0,10000.0,idle
4920,357000.0,-251000.0,9765000.0,1000.0,-6000.0,17000.0,idle
4930,345000.0,-201000.0,9766000.0,-1000.0,-7000.0,18000.0,idle
4940,343000.0,-210000.0,9738000.0,-4000.0,-7000.0,21000.0,idle
4950,323000.0,-307000.0,9719000.0,-4000.0,-6000.0,16000.0,idle
4960,305000.0,-408000.0,9739000.0,-7000.0,-6000.0,-13000.0,idle
4970,294000.0,-280000.0,9787000.0,-2000.0,-4000.0,-27000.0,idle
4980,326000.0,-153000.0,9822000.0,10000.0,-6000.0,-19000.0,idle
4990,299000.0,-196000.0,9836000.0,5000.0,-7000.0,-6000.0,idle
5000,290000.0,-295000.0,9820000.0,-2000.0,-14000.0,-3000.0,idle
5010,306000.0,-336000.0,9817000.0,-1000.0,-16000.0,-15000.0,idle
5020,326000.0,-250000.0,9804000.0,-2000.0,-19000.0,-20000.0,idle
5030,350000.0,-183000.0,9800000.0,-1000.0,-20000.0,-15000.0,idle
5040,343000.0,-201000.0,9793000.0,3000.0,-20000.0,0.0,idle
5050,349000.0,-275000.0,9751000.0,3000.0,-22000.0,10000.0,idle
5060,357000.0,-278000.0,9702000.0,2000.0,-22000.0,9000.0,idle
5070,350000.0,-246000.0,9692000.0,1000.0,-18000.0,6000.0,idle
5080,349000.0,-249000.0,9692000.0,3000.0,-18000.0,-2000.0,idle
5090,373000.0,-302000.0,9693000.0,2000.0,-18000.0,-13000.0,idle
5100,393000.0,-275000.0,9700000.0,9000.0,-11000.0,-15000.0,idle
5110,377000.0,-223000.0,9768000.0,13000.0,-6000.0,-13000.0,idle
5120,384000.0,-228000.0,9750000.0,-5000.0,-10000.0,-10000.0,idle
5130,373000.0,-247000.0,9717000.0,-11000.0,-10000.0,-4000.0,idle
5140,361000.0,-235000.0,9719000.0,4000.0,-8000.0,-4000.0,idle
5150,359000.0,-192000.0,9712000.0,10000.0,-7000.0,3000.0,idle
5160,384000.0,-179000.0,9702000.0,13000.0,-4000.0,5000.0,idle
5170,377000.0,-156000.0,9744000.0,17000.0,1000.0,5000.0,idle
5180,353000.0,-116000.0,9768000.0,5000.0,0.0,10000.0,idle
5190,324000.0,-201000.0,9750000.0,-4000.0,-2000.0,5000.0,idle
5200,335000.0,-296000.0,9794000.0,-10000.0,-5000.0,-10000.0,idle
5210,342000.0,-199000.0,9817000.0,-3000.0,-4000.0,-10000.0,idle
5220,375000.0,-165000.0,9796000.0,2000.0,-6000.0,-2000.0,idle
5230,338000.0,-231000.0,9790000.0,1000.0,-7000.0,1000.0,idle
5240,335000.0,-240000.0,9739000.0,-2000.0,-9000.0,-2000.0,idle
5250,357000.0,-202000.0,9717000.0,-11000.0,-7000.0,1000.0,idle
5260,362000.0,-220000.0,9757000.0,-14000.0,-5000.0,5000.0,idle
5270,353000.0,-295000.0,9753000.0,-11000.0,-6000.0,6000.0,idle
5280,361000.0,-300000.0,9732000.0,3000.0,-5000.0,10000.0,idle
5290,341000.0,-265000.0,9775000.0,8000.0,-2000.0,13000.0,idle
5300,323000.0,-295000.0,9796000.0,-4000.0,-4000.0,12000.0,idle
5310,334000.0,-366000.0,9810000.0,-7000.0,-6000.0,5000.0,idle
5320,324000.0,-363000.0,9778000.0,0.0,-10000.0,-7000.0,idle
5330,348000.0,-259000.0,9730000.0,10000.0,-13000.0,-14000.0,idle
5340,363000.0,-205000.0,9739000.0,8000.0,-11000.0,-15000.0,idle
5350,366000.0,-161000.0,9762000.0,0.0,-13000.0,-10000.0,idle
5360,350000.0,-152000.0,9773000.0,-4000.0,-12000.0,-6000.0,idle
5370,336000.0,-181000.0,9759000.0,-11000.0,-9000.0,3000.0,idle
5380,372000.0,-249000.0,9783000.0,-12000.0,-12000.0,7000.0,idle
5390,389000.0,-253000.0,9742000.0,0.0,-15000.0,9000.0,idle
5400,396000.0,-195000.0,9678000.0,13000.0,-13000.0,10000.0,idle
5410,393000.0,-190000.0,9658000.0,4000.0,-10000.0,7000.0,idle
5420,397000.0,-226000.0,9672000.0,0.0,-4000.0,10000.0,idle
5430,378000.0,-262000.0,9647000.0,9000.0,1000.0,2000.0,idle
5440,360000.0,-232000.0,9642000.0,14000.0,6000.0,-5000.0,idle
5450,350000.0,-181000.0,9693000.0,2000.0,12000.0,0.0,idle
5460,338000.0,-204000.0,9749000.0,-6000.0,12000.0,7000.0,idle
5470,330000.0,-246000.0,9827000.0,-6000.0,11000.0,13000.0,idle
5480,335000.0,-290000.0,9870000.0,-10000.0,10000.0,19000.0,idle
5490,331000.0,-278000.0,9865000.0,-5000.0,5000.0,17000.0,idle
5500,322000.0,-286000.0,9856000.0,4000.0,-3000.0,13000.0,idle
5510,308000.0,-314000.0,9852000.0,10000.0,-6000.0,4000.0,idle
5520,305000.0,-259000.0,9851000.0,7000.0,-9000.0,-5000.0,idle
5530,313000.0,-193000.0,9830000.0,4000.0,-10000.0,-8000.0,idle
5540,301000.0,-209000.0,9814000.0,-2000.0,-11000.0,-6000.0,idle
5550,306000.0,-276000.0,9814000.0,-8000.0,-15000.0,-4000.0,idle
5560,312000.0,-287000.0,9794000.0,-4000.0,-17000.0,0.0,idle
5570,343000.0,-243000.0,9772000.0,2000.0,-20000.0,2000.0,idle
5580,343000.0,-243000.0,9772000.0,2000.0,-20000.0,2000.0,idle
5590,371000.0,-219000.0,9750000.0,8000.0,-22000.0,9000.0,idle
5600,378000.0,-232000.0,9690000.0,9000.0,-21000.0,17000.0,idle
5610,380000.0,-283000.0,9682000.0,11000.0,-13000.0,13000.0,idle
5620,368000.0,-307000.0,9675000.0,7000.0,-12000.0,-2000.0,idle
5630,398000.0,-214000.0,9706000.0,1000.0,-9000.0,-21000.0,idle
5640,402000.0,-190000.0,9717000.0,3000.0,-6000.0,-18000.0,idle
5650,399000.0,-166000.0,9723000.0,-2000.0,-4000.0,-13000.0,idle
5660,379000.0,-150000.0,9706000.0,1000.0,0.0,-4000.0,idle
5670,369000.0,-165000.0,9711000.0,9000.0,2000.0,6000.0,idle
5680,375000.0,-160000.0,9733000.0,7000.0,4000.0,15000.0,idle
5690,365000.0,-167000.0,9773000.0,-1000.0,5000.0,22000.0,idle
5700,320000.0,-251000.0,9821000.0,-6000.0,3000.0,26000.0,idle
5710,293000.0,-329000.0,9846000.0,-8000.0,1000.0,20000.0,idle
5720,294000.0,-377000.0,9826000.0,-11000.0,-2000.0,-5000.0,idle
5730,314000.0,-295000.0,9846000.0,-16000.0,-6000.0,-15000.0,idle
5740,317000.0,-271000.0,9851000.0,-11000.0,-8000.0,-9000.0,idle
5750,314000.0,-314000.0,9847000.0,5000.0,-13000.0,-9000.0,idle
5760,296000.0,-330000.0,9844000.0,6000.0,-18000.0,-13000.0,idle
5770,322000.0,-336000.0,9814000.0,3000.0,-20000.0,-19000.0,idle
5780,341000.0,-308000.0,9824000.0,11000.0,-22000.0,-14000.0,idle
5790,355000.0,-293000.0,9812000.0,16000.0,-26000.0,-13000.0,idle
5800,353000.0,-283000.0,9767000.0,15000.0,-27000.0,-8000.0,idle
5810,367000.0,-301000.0,9747000.0,18000.0,-26000.0,-6000.0,idle
5820,390000.0,-317000.0,9814000.0,21000.0,-21000.0,-6000.0,idle
5830,282000.0,-484000.0,9872000.0,3000.0,-18000.0,-8000.0,idle
5840,234000.0,-687000.0,9903000.0,-8000.0,-30000.0,-20000.0,idle
5850,282000.0,-697000.0,9830000.0,11000.0,-40000.0,-46000.0,idle
5860,316000.0,-505000.0,9755000.0,33000.0,-44000.0,-65000.0,idle
5870,366000.0,-299000.0,9699000.0,38000.0,-39000.0,-67000.0,idle
5880,403000.0,-247000.0,9701000.0,30000.0,-37000.0,-64000.0,idle
5890,405000.0,-265000.0,9707000.0,28000.0,-35000.0,-72000.0,idle
5900,387000.0,-193000.0,9739000.0,29000.0,-30000.0,-83000.0,idle
5910,401000.0,-88000.0,9749000.0,27000.0,-29000.0,-68000.0,idle
5920,438000.0,-82000.0,9737000.0,37000.0,-36000.0,-54000.0,idle
5930,456000.0,-63000.0,9717000.0,42000.0,-35000.0,-52000.0,idle
5940,466000.0,-22000.0,9703000.0,36000.0,-31000.0,-51000.0,idle
5950,492000.0,65000.0,9688000.0,27000.0,-26000.0,-51000.0,idle
5960,493000.0,172000.0,9648000.0,18000.0,-21000.0,-48000.0,idle
5970,521000.0,282000.0,9635000.0,12000.0,-17000.0,-36000.0,idle
5980,487000.0,305000.0,9654000.0,-6000.0,-13000.0,-17000.0,idle
5990,464000.0,244000.0,9658000.0,-18000.0,-7000.0,7000.0,idle
6000,463000.0,111000.0,9687000.0,-11000.0,-7000.0,21000.0,idle
6010,464000.0,-25000.0,9721000.0,-11000.0,-7000.0,27000.0,idle
6020,447000.0,-81000.0,9759000.0,-7000.0,-4000.0,32000.0,idle
6030,422000.0,-122000.0,9785000.0,-8000.0,-4000.0,33000.0,idle
6040,392000.0,-227000.0,9787000.0,-22000.0,-4000.0,38000.0,idle
6050,399000.0,-374000.0,9753000.0,-24000.0,-5000.0,33000.0,idle
6060,440000.0,-319000.0,9682000.0,-10000.0,-4000.0,-1000.0,idle
6070,440000.0,-319000.0,9682000.0,-10000.0,-4000.0,-1000.0,idle
6080,458000.0,-260000.0,9658000.0,6000.0,-1000.0,8000.0,idle
6090,453000.0,-225000.0,9634000.0,-1000.0,2000.0,14000.0,idle
6100,458000.0,-187000.0,9629000.0,-8000.0,6000.0,17000.0,idle
6110,454000.0,-128000.0,9639000.0,-6000.0,13000.0,21000.0,idle
6120,427000.0,-120000.0,9670000.0,-11000.0,18000.0,29000.0,idle
6130,389000.0,-214000.0,9705000.0,-20000.0,21000.0,32000.0,idle
6140,367000.0,-307000.0,9754000.0,-14000.0,25000.0,14000.0,idle
6150,362000.0,-101000.0,9803000.0,0.0,1000.0,65000.0,idle
6160,362000.0,-101000.0,9803000.0,0.0,1000.0,65000.0,idle
6170,365000.0,-204000.0,9779000.0,-13000.0,2000.0,67000.0,idle
6180,322000.0,-380000.0,9821000.0,-36000.0,-1000.0,52000.0,idle
6190,347000.0,-496000.0,9792000.0,-37000.0,-9000.0,27000.0,idle
6200,368000.0,-368000.0,9741000.0,-9000.0,-7000.0,18000.0,idle
6210,372000.0,-235000.0,9753000.0,-3000.0,-2000.0,15000.0,idle
6220,366000.0,-270000.0,9759000.0,-21000.0,-8000.0,19000.0,idle
6230,384000.0,-362000.0,9719000.0,-17000.0,-10000.0,20000.0,idle
6240,359000.0,-395000.0,9714000.0,-14000.0,-2000.0,10000.0,idle
6250,344000.0,-320000.0,9768000.0,-19000.0,2000.0,4000.0,idle
6260,335000.0,-336000.0,9835000.0,-9000.0,0.0,13000.0,idle
6270,350000.0,-404000.0,9834000.0,7000.0,-7000.0,20000.0,idle
6280,395000.0,-304000.0,9723000.0,-2000.0,-14000.0,-11000.0,idle
6290,393000.0,-239000.0,9708000.0,2000.0,-9000.0,-13000.0,idle
6300,390000.0,-186000.0,9732000.0,0.0,-6000.0,-9000.0,idle
6310,385000.0,-241000.0,9739000.0,-9000.0,-7000.0,-5000.0,idle
6320,369000.0,-353000.0,9773000.0,-3000.0,-7000.0,-7000.0,idle
6330,369000.0,-353000.0,9773000.0,-3000.0,-7000.0,-7000.0,idle
6340,391000.0,-374000.0,9768000.0,-5000.0,-14000.0,-15000.0,idle
6350,386000.0,-341000.0,9725000.0,9000.0,-14000.0,-15000.0,idle
6360,383000.0,-274000.0,9703000.0,19000.0,-11000.0,-12000.0,idle
6370,371000.0,-288000.0,9709000.0,7000.0,-9000.0,-15000.0,idle
6380,378000.0,-300000.0,9707000.0,2000.0,-5000.0,-19000.0,idle
6390,397000.0,-264000.0,9749000.0,2000.0,-1000.0,-14000.0,idle
6400,395000.0,-305000.0,9774000.0,3000.0,-3000.0,-18000.0,idle
6410,397000.0,-289000.0,9749000.0,13000.0,-6000.0,-25000.0,idle
6420,416000.0,-183000.0,9783000.0,14000.0,-4000.0,-26000.0,idle
6430,416000.0,-138000.0,9785000.0,-1000.0,-3000.0,-22000.0,idle
6440,404000.0,-191000.0,9774000.0,-5000.0,-6000.0,-23000.0,idle
6450,430000.0,-75000.0,9705000.0,0.0,-1000.0,-1000.0,idle
6460,421000.0,-73000.0,9702000.0,0.0,-1000.0,0.0,idle
6470,421000.0,-73000.0,9702000.0,0.0,-1000.0,0.0,idle
6480,446000.0,-80000.0,9711000.0,-16000.0,-1000.0,6000.0,idle
6490,428000.0,-59000.0,9718000.0,-12000.0,2000.0,13000.0,idle
6500,407000.0,-88000.0,9757000.0,-10000.0,6000.0,21000.0,idle
6510,390000.0,-179000.0,9797000.0,-19000.0,8000.0,30000.0,idle
6520,360000.0,-263000.0,9820000.0,-18000.0,5000.0,31000.0,idle
6530,348000.0,-337000.0,9800000.0,-13000.0,1000.0,26000.0,idle
6540,367000.0,-362000.0,9800000.0,-5000.0,-3000.0,20000.0,idle
6550,372000.0,-307000.0,9788000.0,-2000.0,0.0,19000.0,idle
6560,360000.0,-287000.0,9806000.0,-6000.0,0.0,17000.0,idle
6570,368000.0,-282000.0,9784000.0,-7000.0,0.0,20000.0,idle
6580,362000.0,-301000.0,9810000.0,-6000.0,0.0,26000.0,idle
6590,338000.0,-387000.0,9815000.0,-9000.0,-4000.0,23000.0,idle
6600,310000.0,-446000.0,9811000.0,-3000.0,-9000.0,12000.0,idle
6610,348000.0,-405000.0,9803000.0,7000.0,-13000.0,3000.0,idle
6620,361000.0,-326000.0,9790000.0,9000.0,-12000.0,-4000.0,idle
6630,390000.0,-271000.0,9756000.0,4000.0,-16000.0,-12000.0,idle
6640,413000.0,-233000.0,9705000.0,4000.0,-19000.0,-12000.0,idle
6650,415000.0,-209000.0,9668000.0,8000.0,-16000.0,-15000.0,idle
6660,450000.0,-160000.0,9669000.0,7000.0,-13000.0,-17000.0,idle
6670,454000.0,-98000.0,9644000.0,10000.0,-7000.0,-6000.0,idle
6680,447000.0,-128000.0,9663000.0,14000.0,-2000.0,5000.0,idle
6690,422000.0,-186000.0,9687000.0,15000.0,1000.0,12000.0,idle
6700,391000.0,-215000.0,9692000.0,9000.0,3000.0,17000.0,idle
6710,392000.0,-259000.0,9707000.0,4000.0,5000.0,11000.0,idle
6720,392000.0,-294000.0,9762000.0,0.0,5000.0,1000.0,idle
6730,390000.0,-234000.0,9812000.0,1000.0,6000.0,1000.0,idle
6740,393000.0,-156000.0,9817000.0,4000.0,4000.0,4000.0,idle
6750,377000.0,-137000.0,9812000.0,0.0,3000.0,9000.0,idle
6760,379000.0,-116000.0,9823000.0,-6000.0,0.0,19000.0,idle
6770,393000.0,-96000.0,9803000.0,-7000.0,0.0,27000.0,idle
6780,363000.0,-107000.0,9811000.0,-12000.0,0.0,38000.0,idle
6790,348000.0,-223000.0,9841000.0,-15000.0,0.0,52000.0,idle
6800,368000.0,-357000.0,9836000.0,-5000.0,-3000.0,56000.0,idle
6810,348000.0,-434000.0,9817000.0,2000.0,-11000.0,37000.0,idle
6820,341000.0,-433000.0,9747000.0,1000.0,-16000.0,7000.0,idle
6830,395000.0,-317000.0,9668000.0,0.0,-17000.0,-13000.0,idle
6840,415000.0,-199000.0,9640000.0,6000.0,-11000.0,-12000.0,idle
6850,439000.0,-191000.0,9632000.0,6000.0,-6000.0,-4000.0,idle
6860,433000.0,-228000.0,9621000.0,-2000.0,1000.0,-1000.0,idle
6870,444000.0,-201000.0,9642000.0,-10000.0,7000.0,3000.0,idle
6880,426000.0,-155000.0,9689000.0,-10000.0,11000.0,11000.0,idle
6890,397000.0,-191000.0,9729000.0,-7000.0,11000.0,22000.0,idle
6900,381000.0,-290000.0,9762000.0,-5000.0,10000.0,33000.0,idle
6910,365000.0,-380000.0,9794000.0,-9000.0,8000.0,15000.0,idle
6920,359000.0,-360000.0,9802000.0,-26000.0,9000.0,-13000.0,idle
6930,361000.0,-172000.0,9784000.0,-22000.0,10000.0,-14000.0,idle
6940,373000.0,-98000.0,9767000.0,-2000.0,7000.0,-4000.0,idle
6950,384000.0,-177000.0,9783000.0,-2000.0,5000.0,8000.0,idle
6960,347000.0,-266000.0,9777000.0,-17000.0,6000.0,20000.0,idle
6970,319000.0,-316000.0,9785000.0,-10000.0,4000.0,22000.0,idle
6980,318000.0,-361000.0,9802000.0,4000.0,0.0,18000.0,idle
6990,324000.0,-381000.0,9834000.0,7000.0,-2000.0,20000.0,idle
7000,355000.0,-454000.0,9788000.0,2000.0,-8000.0,-17000.0,idle
7010,355000.0,-454000.0,9788000.0,2000.0,-8000.0,-17000.0,idle
7020,359000.0,-258000.0,9757000.0,3000.0,-6000.0,-23000.0,idle
7030,384000.0,-183000.0,9744000.0,1000.0,-5000.0,-20000.0,idle
7040,384000.0,-256000.0,9741000.0,-6000.0,-8000.0,-12000.0,idle
7050,360000.0,-276000.0,9743000.0,-1000.0,-4000.0,0.0,idle
7060,369000.0,-301000.0,9757000.0,11000.0,-3000.0,3000.0,idle
7070,365000.0,-316000.0,9753000.0,19000.0,-5000.0,6000.0,idle
7080,378000.0,-282000.0,9753000.0,28000.0,-4000.0,4000.0,idle
7090,373000.0,-226000.0,9749000.0,-5000.0,-2000.0,-19000.0,idle
7100,373000.0,-226000.0,9749000.0,-5000.0,-2000.0,-19000.0,idle
7110,386000.0,-232000.0,9745000.0,-8000.0,-1000.0,-32000.0,idle
7120,372000.0,-159000.0,9765000.0,-7000.0,0.0,-26000.0,idle
7130,395000.0,-197000.0,9765000.0,0.0,-4000.0,-22000.0,idle
7140,378000.0,-178000.0,9735000.0,7000.0,-4000.0,-9000.0,idle
7150,375000.0,-165000.0,9737000.0,12000.0,0.0,2000.0,idle
7160,386000.0,-174000.0,9730000.0,10000.0,-1000.0,11000.0,idle
7170,386000.0,-156000.0,9715000.0,11000.0,-1000.0,18000.0,idle
7180,387000.0,-178000.0,9713000.0,5000.0,0.0,21000.0,idle
7190,373000.0,-251000.0,9753000.0,-13000.0,3000.0,11000.0,idle
7200,353000.0,-306000.0,9783000.0,-24000.0,4000.0,-3000.0,idle
7210,338000.0,-312000.0,9806000.0,-15000.0,4000.0,-4000.0,idle
7220,348000.0,-265000.0,9778000.0,1000.0,3000.0,-6000.0,idle
7230,348000.0,-216000.0,9757000.0,3000.0,-1000.0,-4000.0,idle
7240,350000.0,-247000.0,9772000.0,3000.0,0.0,0.0,idle
7250,355000.0,-262000.0,9796000.0,5000.0,0.0,2000.0,idle
7260,345000.0,-208000.0,9786000.0,10000.0,-4000.0,4000.0,idle
7270,344000.0,-217000.0,9777000.0,12000.0,-6000.0,10000.0,idle
7280,312000.0,-300000.0,9788000.0,-6000.0,-9000.0,5000.0,idle
7290,329000.0,-326000.0,9798000.0,-18000.0,-10000.0,1000.0,idle
7300,339000.0,-325000.0,9793000.0,0.0,-7000.0,-5000.0,idle
7310,368000.0,-258000.0,9754000.0,9000.0,-9000.0,-11000.0,idle
7320,367000.0,-222000.0,9739000.0,0.0,-10000.0,-15000.0,idle
7330,381000.0,-215000.0,9714000.0,10000.0,-10000.0,-13000.0,idle
7340,424000.0,-162000.0,9677000.0,17000.0,-9000.0,-4000.0,idle
7350,414000.0,-154000.0,9676000.0,16000.0,-4000.0,3000.0,idle
7360,387000.0,-215000.0,9675000.0,22000.0,-5000.0,6000.0,idle
7370,375000.0,-250000.0,9668000.0,16000.0,-2000.0,1000.0,idle
7380,385000.0,-228000.0,9672000.0,0.0,2000.0,-4000.0,idle
7390,383000.0,-221000.0,9692000.0,-8000.0,4000.0,-2000.0,idle
7400,368000.0,-272000.0,9706000.0,0.0,6000.0,1000.0,idle
7410,375000.0,-301000.0,9738000.0,5000.0,9000.0,-4000.0,idle
7420,332000.0,-251000.0,9748000.0,15000.0,13000.0,-11000.0,idle
7430,307000.0,-186000.0,9791000.0,20000.0,13000.0,-17000.0,idle
7440,359000.0,-168000.0,9842000.0,1000.0,10000.0,-5000.0,idle
7450,354000.0,-175000.0,9853000.0,2000.0,9000.0,2000.0,idle
7460,351000.0,-165000.0,9883000.0,10000.0,7000.0,4000.0,idle
7470,300000.0,-184000.0,9878000.0,-1000.0,2000.0,12000.0,idle
7480,300000.0,-282000.0,9868000.0,1000.0,-3000.0,13000.0,idle
7490,324000.0,-281000.0,9848000.0,21000.0,-8000.0,7000.0,idle
7500,339000.0,-191000.0,9804000.0,15000.0,-12000.0,3000.0,idle
7510,339000.0,-191000.0,9804000.0,15000.0,-12000.0,3000.0,idle
7520,361000.0,-150000.0,9750000.0,1000.0,-15000.0,3000.0,idle
7530,359000.0,-191000.0,9732000.0,1000.0,-11000.0,10000.0,idle
7540,347000.0,-252000.0,9731000.0,-5000.0,-9000.0,13000.0,idle
7550,357000.0,-341000.0,9687000.0,-9000.0,-11000.0,13000.0,idle
7560,375000.0,-374000.0,9664000.0,5000.0,-8000.0,3000.0,idle
7570,398000.0,-275000.0,9689000.0,13000.0,-3000.0,0.0,idle
7580,386000.0,-211000.0,9707000.0,9000.0,0.0,0.0,idle
7590,372000.0,-207000.0,9719000.0,8000.0,3000.0,0.0,idle
7600,357000.0,-232000.0,9731000.0,9000.0,8000.0,3000.0,idle
7610,361000.0,-258000.0,9756000.0,4000.0,9000.0,1000.0,idle
7620,360000.0,-244000.0,9754000.0,5000.0,7000.0,-3000.0,idle
7630,328000.0,-214000.0,9754000.0,10000.0,9000.0,-10000.0,idle
7640,323000.0,-171000.0,9792000.0,10000.0,7000.0,-3000.0,idle
7650,311000.0,-233000.0,9812000.0,9000.0,4000.0,2000.0,idle
7660,306000.0,-256000.0,9802000.0,11000.0,3000.0,5000.0,idle
7670,295000.0,-256000.0,9852000.0,13000.0,0.0,2000.0,idle
7680,274000.0,-266000.0,9885000.0,11000.0,-2000.0,6000.0,idle
7690,278000.0,-335000.0,9889000.0,13000.0,-7000.0,2000.0,idle
7700,282000.0,-353000.0,9901000.0,16000.0,-11000.0,-12000.0,idle
7710,269000.0,-353000.0,9941000.0,13000.0,-15000.0,-19000.0,idle
7720,269000.0,-422000.0,9954000.0,15000.0,-21000.0,-28000.0,idle
7730,253000.0,-459000.0,9903000.0,19000.0,-31000.0,-31000.0,idle
7740,294000.0,-523000.0,9839000.0,22000.0,-39000.0,-37000.0,idle
7750,319000.0,-481000.0,9812000.0,34000.0,-40000.0,-43000.0,idle
7760,384000.0,-373000.0,9756000.0,49000.0,-41000.0,-47000.0,idle
7770,387000.0,-308000.0,9674000.0,45000.0,-42000.0,-46000.0,idle
7780,405000.0,-317000.0,9617000.0,41000.0,-36000.0,-52000.0,idle
7790,438000.0,-234000.0,9583000.0,43000.0,-29000.0,-57000.0,idle
7800,442000.0,-116000.0,9577000.0,39000.0,-25000.0,-54000.0,idle
7810,436000.0,-118000.0,9562000.0,27000.0,-16000.0,-63000.0,idle
7820,430000.0,-79000.0,9574000.0,19000.0,-10000.0,-62000.0,idle
7830,460000.0,11000.0,9592000.0,29000.0,-3000.0,-67000.0,idle
7840,480000.0,114000.0,9603000.0,30000.0,1000.0,-60000.0,idle
7850,488000.0,175000.0,9617000.0,20000.0,3000.0,-46000.0,idle
7860,471000.0,204000.0,9657000.0,16000.0,10000.0,-36000.0,idle
7870,462000.0,253000.0,9678000.0,15000.0,19000.0,-15000.0,idle
7880,424000.0,185000.0,9742000.0,3000.0,23000.0,2000.0,idle
7890,374000.0,120000.0,9804000.0,0.0,23000.0,18000.0,idle
7900,379000.0,40000.0,9839000.0,2000.0,21000.0,33000.0,idle
7910,375000.0,-56000.0,9845000.0,-10000.0,15000.0,32000.0,idle
7920,350000.0,-55000.0,9824000.0,-18000.0,13000.0,28000.0,idle
7930,328000.0,-64000.0,9821000.0,-13000.0,9000.0,28000.0,idle
7940,325000.0,-86000.0,9829000.0,-20000.0,5000.0,30000.0,idle
7950,311000.0,-183000.0,9808000.0,-34000.0,3000.0,31000.0,idle
7960,299000.0,-268000.0,9792000.0,-31000.0,0.0,27000.0,idle
7970,293000.0,-296000.0,9788000.0,-25000.0,0.0,25000.0,idle
7980,316000.0,-353000.0,9808000.0,-20000.0,1000.0,30000.0,idle
7990,310000.0,-472000.0,9815000.0,-8000.0,1000.0,25000.0,idle
8000,317000.0,-490000.0,9787000.0,3000.0,-2000.0,12000.0,idle
8010,314000.0,-386000.0,9747000.0,10000.0,-3000.0,6000.0,idle
8020,345000.0,-360000.0,9709000.0,11000.0,-3000.0,-1000.0,idle
8030,356000.0,-310000.0,9695000.0,9000.0,-4000.0,-1000.0,idle
8040,373000.0,-314000.0,9677000.0,15000.0,-1000.0,-7000.0,idle
8050,331000.0,-300000.0,9682000.0,25000.0,4000.0,-10000.0,idle
8060,329000.0,-278000.0,9692000.0,18000.0,4000.0,-13000.0,idle
8070,360000.0,-240000.0,9711000.0,17000.0,5000.0,-22000.0,idle
8080,329000.0,-175000.0,9744000.0,12000.0,10000.0,-28000.0,idle
8090,320000.0,-140000.0,9794000.0,0.0,10000.0,-35000.0,idle
8100,343000.0,-82000.0,9830000.0,0.0,11000.0,-28000.0,idle
8110,322000.0,-46000.0,9870000.0,3000.0,8000.0,-23000.0,idle
8120,313000.0,16000.0,9864000.0,8000.0,4000.0,-14000.0,idle
8130,330000.0,106000.0,9864000.0,12000.0,1000.0,-3000.0,idle
8140,328000.0,123000.0,9857000.0,4000.0,-1000.0,11000.0,idle
8150,301000.0,59000.0,9842000.0,-9000.0,-2000.0,27000.0,idle
8160,310000.0,-53000.0,9845000.0,-17000.0,-9000.0,30000.0,idle
8170,316000.0,-221000.0,9826000.0,-26000.0,-20000.0,11000.0,idle
8180,288000.0,-262000.0,9814000.0,-15000.0,-20000.0,2000.0,idle
8190,347000.0,-144000.0,9783000.0,18000.0,-24000.0,-1000.0,idle
8200,347000.0,-144000.0,9783000.0,18000.0,-24000.0,-1000.0,idle
8210,366000.0,-111000.0,9750000.0,-8000.0,-22000.0,6000.0,idle
8220,369000.0,-153000.0,9695000.0,-13000.0,-19000.0,18000.0,idle
8230,349000.0,-268000.0,9676000.0,-11000.0,-14000.0,21000.0,idle
8240,366000.0,-351000.0,9664000.0,-19000.0,-13000.0,16000.0,idle
8250,386000.0,-332000.0,9675000.0,-14000.0,-10000.0,12000.0,idle
8260,369000.0,-302000.0,9706000.0,7000.0,-7000.0,12000.0,idle
8270,375000.0,-351000.0,9729000.0,9000.0,-7000.0,11000.0,idle
8280,328000.0,-405000.0,9743000.0,8000.0,-1000.0,-14000.0,idle
8290,304000.0,-243000.0,9774000.0,9000.0,3000.0,-29000.0,idle
8300,326000.0,-165000.0,9761000.0,1000.0,-2000.0,-23000.0,idle
8310,344000.0,-202000.0,9755000.0,6000.0,-4000.0,-19000.0,idle
8320,335000.0,-140000.0,9788000.0,3000.0,-1000.0,-13000.0,idle
8330,320000.0,-69000.0,9853000.0,-14000.0,3000.0,-15000.0,idle
8340,281000.0,-92000.0,9881000.0,-19000.0,1000.0,-9000.0,idle
8350,292000.0,-153000.0,9893000.0,0.0,-9000.0,0.0,idle
8360,314000.0,-199000.0,9842000.0,16000.0,-19000.0,1000.0,idle
8370,337000.0,-172000.0,9820000.0,19000.0,-20000.0,-8000.0,idle
8380,338000.0,-69000.0,9830000.0,17000.0,-16000.0,-10000.0,idle
8390,379000.0,-37000.0,9802000.0,4000.0,-21000.0,-2000.0,idle
8400,391000.0,-84000.0,9738000.0,2000.0,-23000.0,2000.0,idle
8410,384000.0,-69000.0,9705000.0,5000.0,-24000.0,12000.0,idle
8420,391000.0,-129000.0,9669000.0,-11000.0,-19000.0,14000.0,idle
8430,366000.0,-222000.0,9714000.0,-25000.0,-11000.0,14000.0,idle
8440,371000.0,-232000.0,9729000.0,-14000.0,-8000.0,22000.0,idle
8450,391000.0,-265000.0,9721000.0,-7000.0,-11000.0,19000.0,idle
8460,371000.0,-264000.0,9693000.0,-9000.0,-11000.0,10000.0,idle
8470,371000.0,-251000.0,9682000.0,-8000.0,-11000.0,-3000.0,idle
8480,411000.0,-210000.0,9640000.0,5000.0,-6000.0,-10000.0,idle
8490,392000.0,-126000.0,9659000.0,18000.0,1000.0,-6000.0,idle
8500,397000.0,-124000.0,9713000.0,-1000.0,4000.0,-1000.0,idle
8510,359000.0,-201000.0,9780000.0,-19000.0,7000.0,-4000.0,idle
8520,345000.0,-227000.0,9838000.0,-26000.0,8000.0,1000.0,idle
8530,330000.0,-226000.0,9853000.0,-30000.0,6000.0,6000.0,idle
8540,342000.0,-244000.0,9839000.0,-22000.0,-1000.0,9000.0,idle
8550,374000.0,-220000.0,9804000.0,0.0,-7000.0,12000.0,idle
8560,374000.0,-220000.0,9804000.0,0.0,-7000.0,12000.0,idle
8570,380000.0,-128000.0,9779000.0,16000.0,-8000.0,12000.0,idle
8580,375000.0,-75000.0,9788000.0,9000.0,-9000.0,14000.0,idle
8590,367000.0,-87000.0,9767000.0,6000.0,-10000.0,15000.0,idle
8600,354000.0,-189000.0,9767000.0,-1000.0,-7000.0,5000.0,idle
8610,322000.0,-214000.0,9787000.0,-20000.0,-5000.0,6000.0,idle
8620,324000.0,-234000.0,9804000.0,-13000.0,-6000.0,9000.0,idle
8630,334000.0,-229000.0,9785000.0,-4000.0,-10000.0,6000.0,idle
8640,356000.0,-180000.0,9777000.0,-13000.0,-12000.0,5000.0,idle
8650,355000.0,-142000.0,9754000.0,-11000.0,-11000.0,6000.0,idle
8660,368000.0,-93000.0,9727000.0,5000.0,-12000.0,18000.0,idle
8670,373000.0,-149000.0,9700000.0,10000.0,-14000.0,22000.0,idle
8680,384000.0,-246000.0,9721000.0,2000.0,-11000.0,6000.0,idle
8690,371000.0,-246000.0,9755000.0,-2000.0,-3000.0,2000.0,idle
8700,365000.0,-264000.0,9777000.0,0.0,-6000.0,-1000.0,idle
8710,353000.0,-276000.0,9730000.0,-5000.0,-11000.0,-6000.0,idle
8720,374000.0,-280000.0,9709000.0,-9000.0,-11000.0,-6000.0,idle
8730,375000.0,-239000.0,9696000.0,-9000.0,-8000.0,-6000.0,idle
8740,399000.0,-164000.0,9692000.0,2000.0,-4000.0,6000.0,idle
8750,399000.0,-164000.0,9692000.0,2000.0,-4000.0,6000.0,idle
8760,354000.0,-173000.0,9715000.0,6000.0,3000.0,13000.0,idle
8770,344000.0,-223000.0,9753000.0,12000.0,6000.0,14000.0,idle
8780,343000.0,-265000.0,9788000.0,3000.0,5000.0,7000.0,idle
8790,347000.0,-277000.0,9835000.0,2000.0,1000.0,-11000.0,idle
8800,339000.0,-158000.0,9856000.0,1000.0,-1000.0,-15000.0,idle
8810,359000.0,-84000.0,9847000.0,-8000.0,-3000.0,-10000.0,idle
8820,347000.0,-87000.0,9852000.0,-20000.0,-5000.0,1000.0,idle
8830,323000.0,-165000.0,9812000.0,-13000.0,-10000.0,4000.0,idle
8840,357000.0,-169000.0,9774000.0,2000.0,-13000.0,0.0,idle
8850,365000.0,-79000.0,9748000.0,4000.0,-13000.0,-1000.0,idle
8860,373000.0,-57000.0,9755000.0,-2000.0,-13000.0,7000.0,idle
8870,363000.0,-138000.0,9760000.0,-3000.0,-11000.0,24000.0,idle
8880,347000.0,-301000.0,9761000.0,-14000.0,-11000.0,23000.0,idle
8890,330000.0,-360000.0,9754000.0,-22000.0,-15000.0,4000.0,idle
8900,332000.0,-234000.0,9742000.0,-5000.0,-12000.0,-7000.0,idle
8910,387000.0,-169000.0,9743000.0,1000.0,-10000.0,-3000.0,idle
8920,395000.0,-197000.0,9712000.0,-3000.0,-13000.0,5000.0,idle
8930,414000.0,-271000.0,9698000.0,-2000.0,-11000.0,7000.0,idle
8940,395000.0,-241000.0,9713000.0,0.0,-8000.0,6000.0,idle
8950,396000.0,-202000.0,9729000.0,-1000.0,-4000.0,5000.0,idle
8960,368000.0,-210000.0,9743000.0,-1000.0,-2000.0,13000.0,idle
8970,344000.0,-287000.0,9794000.0,-5000.0,0.0,19000.0,idle
8980,311000.0,-350000.0,9806000.0,-16000.0,-1000.0,16000.0,idle
8990,323000.0,-351000.0,9805000.0,-18000.0,-6000.0,6000.0,idle
9000,310000.0,-289000.0,9796000.0,0.0,-9000.0,-4000.0,idle
9010,343000.0,-235000.0,9817000.0,5000.0,-10000.0,-13000.0,idle
9020,323000.0,-258000.0,9823000.0,-9000.0,-11000.0,-17000.0,idle
9030,348000.0,-211000.0,9794000.0,-2000.0,-18000.0,-20000.0,idle
9040,373000.0,-123000.0,9747000.0,14000.0,-20000.0,-13000.0,idle
9050,383000.0,-122000.0,9747000.0,9000.0,-16000.0,-10000.0,idle
9060,390000.0,-136000.0,9759000.0,1000.0,-17000.0,1000.0,idle
9070,399000.0,-149000.0,9772000.0,11000.0,-15000.0,12000.0,idle
9080,390000.0,-156000.0,9780000.0,10000.0,-14000.0,18000.0,idle
9090,384000.0,-155000.0,9750000.0,0.0,-15000.0,21000.0,idle
9100,389000.0,-168000.0,9729000.0,5000.0,-15000.0,19000.0,idle
9110,402000.0,-214000.0,9671000.0,3000.0,-17000.0,1000.0,idle
9120,405000.0,-216000.0,9681000.0,-5000.0,-17000.0,-20000.0,idle
9130,391000.0,-126000.0,9713000.0,5000.0,-7000.0,-18000.0,idle
9140,402000.0,-82000.0,9757000.0,7000.0,-6000.0,-5000.0,idle
9150,410000.0,-148000.0,9741000.0,-10000.0,-9000.0,6000.0,idle
9160,389000.0,-199000.0,9747000.0,-18000.0,-6000.0,12000.0,idle
9170,387000.0,-233000.0,9747000.0,-14000.0,-4000.0,16000.0,idle
9180,402000.0,-249000.0,9701000.0,-6000.0,-6000.0,21000.0,idle
9190,381000.0,-262000.0,9695000.0,0.0,-3000.0,16000.0,idle
9200,392000.0,-256000.0,9713000.0,1000.0,1000.0,8000.0,idle
9210,399000.0,-220000.0,9736000.0,-4000.0,2000.0,2000.0,idle
9220,401000.0,-162000.0,9723000.0,-7000.0,0.0,-2000.0,idle
9230,391000.0,-94000.0,9724000.0,-3000.0,3000.0,-2000.0,idle
9240,420000.0,-73000.0,9730000.0,-7000.0,4000.0,6000.0,idle
9250,416000.0,-86000.0,9730000.0,-15000.0,9000.0,11000.0,idle
9260,390000.0,-125000.0,9751000.0,-15000.0,7000.0,21000.0,idle
9270,410000.0,-113000.0,9761000.0,0.0,6000.0,28000.0,idle
9280,363000.0,-61000.0,9786000.0,4000.0,10000.0,26000.0,idle
9290,342000.0,-68000.0,9846000.0,-18000.0,9000.0,37000.0,idle
9300,334000.0,-243000.0,9876000.0,-31000.0,4000.0,42000.0,idle
9310,281000.0,-405000.0,9894000.0,-23000.0,-1000.0,32000.0,idle
9320,282000.0,-458000.0,9935000.0,-27000.0,-3000.0,15000.0,idle
9330,310000.0,-379000.0,9885000.0,-20000.0,-12000.0,8000.0,idle
9340,332000.0,-374000.0,9808000.0,-2000.0,-18000.0,9000.0,idle
9350,328000.0,-462000.0,9761000.0,-5000.0,-17000.0,13000.0,idle
9360,337000.0,-511000.0,9732000.0,-6000.0,-18000.0,10000.0,idle
9370,347000.0,-464000.0,9682000.0,6000.0,-20000.0,0.0,idle
9380,398000.0,-368000.0,9644000.0,17000.0,-21000.0,-5000.0,idle
9390,398000.0,-262000.0,9634000.0,19000.0,-18000.0,-10000.0,idle
9400,395000.0,-239000.0,9632000.0,9000.0,-10000.0,-15000.0,idle
9410,386000.0,-262000.0,9660000.0,2000.0,-2000.0,-17000.0,idle
9420,403000.0,-256000.0,9714000.0,-1000.0,1000.0,-28000.0,idle
9430,366000.0,-196000.0,9774000.0,-8000.0,3000.0,-29000.0,idle
9440,375000.0,-190000.0,9803000.0,1000.0,1000.0,-26000.0,idle
9450,391000.0,-175000.0,9812000.0,18000.0,-1000.0,-18000.0,idle
9460,383000.0,-159000.0,9811000.0,17000.0,-2000.0,-15000.0,idle
9470,371000.0,-132000.0,9827000.0,14000.0,-4000.0,-15000.0,idle
9480,378000.0,-93000.0,9820000.0,11000.0,-6000.0,-10000.0,idle
9490,373000.0,-83000.0,9826000.0,8000.0,-10000.0,-3000.0,idle
9500,367000.0,-84000.0,9821000.0,4000.0,-10000.0,3000.0,idle
9510,347000.0,-141000.0,9815000.0,-7000.0,-10000.0,3000.0,idle
9520,374000.0,-123000.0,9797000.0,-17000.0,-14000.0,4000.0,idle
9530,387000.0,-129000.0,9788000.0,-11000.0,-15000.0,9000.0,idle
9540,367000.0,-161000.0,9769000.0,-5000.0,-14000.0,9000.0,idle
9550,383000.0,-226000.0,9747000.0,5000.0,-18000.0,5000.0,idle
9560,387000.0,-262000.0,9726000.0,13000.0,-19000.0,-2000.0,idle
9570,361000.0,-258000.0,9719000.0,2000.0,-19000.0,-2000.0,idle
9580,380000.0,-304000.0,9737000.0,-1000.0,-16000.0,4000.0,idle
9590,409000.0,-374000.0,9718000.0,-2000.0,-13000.0,-1000.0,idle
9600,396000.0,-363000.0,9701000.0,-12000.0,-11000.0,-14000.0,idle
9610,422000.0,-241000.0,9699000.0,-5000.0,-10000.0,-11000.0,idle
9620,422000.0,-241000.0,9699000.0,-5000.0,-10000.0,-11000.0,idle
9630,452000.0,-207000.0,9693000.0,6000.0,-5000.0,-2000.0,idle
9640,416000.0,-209000.0,9662000.0,6000.0,-7000.0,7000.0,idle
9650,407000.0,-214000.0,9669000.0,4000.0,-5000.0,14000.0,idle
9660,365000.0,-301000.0,9720000.0,10000.0,2000.0,3000.0,idle
9670,348000.0,-300000.0,9771000.0,4000.0,3000.0,-19000.0,idle
9680,367000.0,-204000.0,9826000.0,-10000.0,3000.0,-19000.0,idle
9690,362000.0,-214000.0,9858000.0,-9000.0,0.0,-26000.0,idle
9700,368000.0,-211000.0,9852000.0,4000.0,-2000.0,-19000.0,idle
9710,361000.0,-159000.0,9848000.0,17000.0,-2000.0,-15000.0,idle
9720,408000.0,-181000.0,9719000.0,2000.0,-11000.0,-20000.0,idle
9730,409000.0,-221000.0,9707000.0,1000.0,-3000.0,22000.0,idle
9740,409000.0,-221000.0,9707000.0,1000.0,-3000.0,22000.0,idle
9750,390000.0,-289000.0,9730000.0,-3000.0,0.0,19000.0,idle
9760,361000.0,-371000.0,9762000.0,-8000.0,-1000.0,0.0,idle
9770,371000.0,-294000.0,9771000.0,-9000.0,-1000.0,-16000.0,idle
9780,380000.0,-210000.0,9787000.0,-10000.0,1000.0,-21000.0,idle
9790,389000.0,-146000.0,9800000.0,1000.0,2000.0,-18000.0,idle
9800,385000.0,-138000.0,9798000.0,2000.0,0.0,-8000.0,idle
9810,385000.0,-138000.0,9778000.0,-1000.0,0.0,1000.0,idle
9820,378000.0,-123000.0,9780000.0,-1000.0,1000.0,5000.0,idle
9830,393000.0,-187000.0,9773000.0,-5000.0,-3000.0,5000.0,idle
9840,390000.0,-217000.0,9759000.0,-9000.0,-6000.0,-5000.0,idle
9850,383000.0,-251000.0,9778000.0,-3000.0,-6000.0,-7000.0,idle
9860,369000.0,-251000.0,9790000.0,0.0,-12000.0,-17000.0,idle
9870,369000.0,-251000.0,9790000.0,0.0,-12000.0,-17000.0,idle
9880,378000.0,-215000.0,9744000.0,-7000.0,-13000.0,-19000.0,idle
9890,396000.0,-189000.0,9735000.0,-7000.0,-12000.0,-6000.0,idle
9900,397000.0,-189000.0,9753000.0,2000.0,-10000.0,9000.0,idle
9910,384000.0,-221000.0,9779000.0,-1000.0,-9000.0,19000.0,idle
9920,397000.0,-252000.0,9767000.0,-8000.0,-11000.0,20000.0,idle
9930,411000.0,-281000.0,9717000.0,-4000.0,-12000.0,6000.0,idle
9940,402000.0,-268000.0,9707000.0,7000.0,-11000.0,-1000.0,idle
9950,435000.0,-259000.0,9674000.0,14000.0,-11000.0,-15000.0,idle
9960,407000.0,-192000.0,9647000.0,13000.0,-9000.0,-19000.0,idle
9970,423000.0,-197000.0,9670000.0,6000.0,-3000.0,-19000.0,idle
9980,427000.0,-191000.0,9693000.0,4000.0,1000.0,-13000.0,idle
9990,420000.0,-190000.0,9707000.0,10000.0,4000.0,-7000.0,idle
10000,402000.0,-226000.0,9777000.0,4000.0,9000.0,-5000.0,idle
10010,387000.0,-231000.0,9799000.0,-7000.0,10000.0,-2000.0,idle
10020,379000.0,-209000.0,9802000.0,-7000.0,7000.0,1000.0,idle
10030,371000.0,-229000.0,9816000.0,-1000.0,3000.0,8000.0,idle
10040,368000.0,-195000.0,9818000.0,5000.0,0.0,7000.0,idle
10050,369000.0,-184000.0,9826000.0,1000.0,1000.0,0.0,idle
10060,330000.0,-178000.0,9863000.0,-10000.0,-1000.0,-7000.0,idle
10070,347000.0,-198000.0,9847000.0,-4000.0,-6000.0,-10000.0,idle
10080,384000.0,-172000.0,9836000.0,9000.0,-10000.0,-2000.0,idle
10090,396000.0,-161000.0,9798000.0,6000.0,-15000.0,6000.0,idle
10100,390000.0,-220000.0,9777000.0,2000.0,-14000.0,14000.0,idle
10110,377000.0,-256000.0,9781000.0,4000.0,-15000.0,20000.0,idle
10120,387000.0,-257000.0,9748000.0,14000.0,-19000.0,19000.0,idle
10130,399000.0,-307000.0,9708000.0,15000.0,-18000.0,7000.0,idle
10140,397000.0,-237000.0,9695000.0,4000.0,-13000.0,-4000.0,idle
10150,418000.0,-196000.0,9699000.0,-5000.0,-10000.0,-5000.0,idle
10160,440000.0,-207000.0,9707000.0,-10000.0,-7000.0,4000.0,idle
10170,435000.0,-240000.0,9688000.0,-2000.0,-5000.0,5000.0,idle
10180,407000.0,-263000.0,9694000.0,1000.0,-2000.0,-1000.0,idle
10190,384000.0,-238000.0,9741000.0,-4000.0,-2000.0,-6000.0,idle
10200,420000.0,-202000.0,9744000.0,2000.0,-2000.0,-5000.0,idle
10210,417000.0,-142000.0,9754000.0,14000.0,0.0,2000.0,idle
10220,395000.0,-155000.0,9781000.0,2000.0,1000.0,3000.0,idle
10230,399000.0,-207000.0,9784000.0,-21000.0,1000.0,-1000.0,idle
10240,372000.0,-203000.0,9783000.0,-12000.0,1000.0,-2000.0,idle
10250,372000.0,-142000.0,9781000.0,7000.0,0.0,2000.0,idle
10260,380000.0,-169000.0,9790000.0,10000.0,-3000.0,7000.0,idle
10270,380000.0,-234000.0,9812000.0,10000.0,-4000.0,12000.0,idle
10280,363000.0,-276000.0,9823000.0,2000.0,-6000.0,2000.0,idle
10290,368000.0,-266000.0,9830000.0,-8000.0,-12000.0,-1000.0,idle
10300,373000.0,-278000.0,9810000.0,-3000.0,-14000.0,2000.0,idle
10310,391000.0,-330000.0,9756000.0,2000.0,-15000.0,-7000.0,idle
10320,393000.0,-299000.0,9747000.0,-6000.0,-14000.0,-13000.0,idle
10330,404000.0,-179000.0,9726000.0,0.0,-12000.0,-9000.0,idle
10340,421000.0,-174000.0,9720000.0,12000.0,-11000.0,-2000.0,idle
10350,409000.0,-195000.0,9721000.0,7000.0,-9000.0,3000.0,idle
10360,403000.0,-213000.0,9739000.0,0.0,-7000.0,7000.0,idle
10370,413000.0,-237000.0,9745000.0,0.0,-7000.0,10000.0,idle
10380,439000.0,-263000.0,9735000.0,1000.0,-9000.0,0.0,idle
10390,442000.0,-235000.0,9706000.0,-5000.0,-7000.0,-9000.0,idle
10400,407000.0,-186000.0,9712000.0,-7000.0,-6000.0,-15000.0,idle
10410,403000.0,-203000.0,9733000.0,-5000.0,-2000.0,-17000.0,idle
10420,413000.0,-186000.0,9736000.0,5000.0,-2000.0,-10000.0,idle
10430,428000.0,-164000.0,9757000.0,6000.0,-2000.0,-7000.0,idle
10440,422000.0,-147000.0,9757000.0,-1000.0,0.0,-5000.0,idle
10450,408000.0,-96000.0,9761000.0,-3000.0,2000.0,5000.0,idle
10460,378000.0,-117000.0,9745000.0,-3000.0,3000.0,13000.0,idle
10470,399000.0,-166000.0,9777000.0,-10000.0,4000.0,18000.0,idle
10480,390000.0,-198000.0,9784000.0,-14000.0,4000.0,27000.0,idle
10490,373000.0,-239000.0,9802000.0,-10000.0,0.0,25000.0,idle
10500,367000.0,-371000.0,9803000.0,-10000.0,-5000.0,1000.0,idle
10510,380000.0,-337000.0,9788000.0,-5000.0,-7000.0,-18000.0,idle
10520,405000.0,-162000.0,9783000.0,7000.0,-4000.0,-16000.0,idle
10530,396000.0,-140000.0,9748000.0,3000.0,-6000.0,-9000.0,idle
10540,396000.0,-140000.0,9748000.0,3000.0,-6000.0,-9000.0,idle
10550,407000.0,-166000.0,9745000.0,0.0,-8000.0,7000.0,idle
10560,405000.0,-264000.0,9756000.0,1000.0,-3000.0,9000.0,idle
10570,375000.0,-262000.0,9772000.0,0.0,-1000.0,3000.0,idle
10580,357000.0,-210000.0,9783000.0,-4000.0,-5000.0,4000.0,idle
10590,353000.0,-298000.0,9811000.0,-8000.0,-7000.0,4000.0,idle
10600,349000.0,-375000.0,9824000.0,-3000.0,-11000.0,-1000.0,idle
10610,375000.0,-362000.0,9796000.0,-3000.0,-14000.0,-10000.0,idle
10620,383000.0,-262000.0,9750000.0,0.0,-14000.0,-14000.0,idle
10630,405000.0,-160000.0,9755000.0,10000.0,-12000.0,-6000.0,idle
10640,430000.0,-143000.0,9721000.0,4000.0,-13000.0,0.0,idle
10650,453000.0,-150000.0,9668000.0,-2000.0,-12000.0,4000.0,idle
10660,448000.0,-152000.0,9636000.0,-2000.0,-7000.0,10000.0,idle
10670,430000.0,-234000.0,9645000.0,3000.0,-5000.0,5000.0,idle
10680,427000.0,-214000.0,9659000.0,5000.0,-2000.0,2000.0,idle
10690,420000.0,-249000.0,9732000.0,0.0,1000.0,-4000.0,idle
10700,435000.0,-305000.0,9826000.0,-11000.0,9000.0,-14000.0,idle
10710,312000.0,-335000.0,9830000.0,-11000.0,3000.0,-8000.0,idle
10720,347000.0,-355000.0,9809000.0,3000.0,-3000.0,-18000.0,idle
10730,387000.0,-210000.0,9792000.0,12000.0,-4000.0,-14000.0,idle
10740,380000.0,-130000.0,9784000.0,4000.0,-2000.0,-7000.0,idle
10750,395000.0,-140000.0,9797000.0,0.0,-4000.0,4000.0,idle
10760,396000.0,-214000.0,9833000.0,11000.0,-6000.0,12000.0,idle
10770,359000.0,-284000.0,9866000.0,12000.0,-10000.0,4000.0,idle
10780,372000.0,-290000.0,9846000.0,9000.0,-15000.0,-11000.0,idle
10790,383000.0,-171000.0,9799000.0,12000.0,-17000.0,-14000.0,idle
10800,399000.0,-154000.0,9771000.0,2000.0,-19000.0,-12000.0,idle
10810,409000.0,-213000.0,9755000.0,-8000.0,-19000.0,-12000.0,idle
10820,428000.0,-210000.0,9712000.0,2000.0,-19000.0,-10000.0,idle
10830,448000.0,-154000.0,9701000.0,3000.0,-15000.0,-14000.0,idle
10840,434000.0,-82000.0,9700000.0,1000.0,-15000.0,-6000.0,idle
10850,439000.0,-143000.0,9680000.0,17000.0,-13000.0,7000.0,idle
10860,440000.0,-213000.0,9682000.0,21000.0,-9000.0,15000.0,idle
10870,447000.0,-243000.0,9702000.0,6000.0,-4000.0,10000.0,idle
10880,440000.0,-222000.0,9717000.0,-1000.0,-3000.0,6000.0,idle
10890,447000.0,-219000.0,9688000.0,5000.0,-3000.0,4000.0,idle
10900,450000.0,-196000.0,9676000.0,-3000.0,-1000.0,-7000.0,idle
10910,436000.0,-148000.0,9709000.0,-9000.0,4000.0,-3000.0,idle
10920,430000.0,-128000.0,9733000.0,-5000.0,9000.0,-1000.0,idle
10930,416000.0,-132000.0,9733000.0,-17000.0,7000.0,7000.0,idle
10940,413000.0,-181000.0,9769000.0,-13000.0,9000.0,15000.0,idle
10950,356000.0,-191000.0,9793000.0,2000.0,9000.0,22000.0,idle
10960,386000.0,-240000.0,9828000.0,7000.0,5000.0,25000.0,idle
10970,360000.0,-296000.0,9830000.0,-2000.0,4000.0,20000.0,idle
10980,353000.0,-265000.0,9822000.0,-9000.0,1000.0,14000.0,idle
10990,369000.0,-265000.0,9823000.0,-3000.0,-2000.0,11000.0,idle
11000,385000.0,-256000.0,9773000.0,3000.0,-4000.0,9000.0,idle
11010,403000.0,-270000.0,9742000.0,-3000.0,-3000.0,3000.0,idle
11020,387000.0,-298000.0,9727000.0,-11000.0,0.0,-9000.0,idle
11030,392000.0,-281000.0,9769000.0,-13000.0,1000.0,-12000.0,idle
11040,399000.0,-258000.0,9766000.0,-7000.0,-2000.0,-6000.0,idle
11050,390000.0,-219000.0,9744000.0,8000.0,-5000.0,0.0,idle
11060,427000.0,-228000.0,9719000.0,9000.0,-5000.0,3000.0,idle
11070,391000.0,-227000.0,9715000.0,5000.0,-4000.0,9000.0,idle
11080,409000.0,-282000.0,9711000.0,1000.0,-3000.0,-2000.0,idle
11090,404000.0,-252000.0,9744000.0,-2000.0,0.0,-19000.0,idle
11100,433000.0,-119000.0,9779000.0,1000.0,3000.0,-19000.0,idle
11110,410000.0,-120000.0,9772000.0,-6000.0,5000.0,-11000.0,idle
11120,403000.0,-208000.0,9783000.0,-14000.0,5000.0,0.0,idle
11130,383000.0,-241000.0,9779000.0,-5000.0,5000.0,6000.0,idle
11140,378000.0,-191000.0,9784000.0,6000.0,3000.0,10000.0,idle
11150,397000.0,-173000.0,9778000.0,12000.0,2000.0,13000.0,idle
11160,395000.0,-158000.0,9744000.0,11000.0,0.0,16000.0,idle
11170,409000.0,-159000.0,9737000.0,4000.0,-1000.0,18000.0,idle
11180,379000.0,-235000.0,9743000.0,-4000.0,1000.0,13000.0,idle
11190,377000.0,-328000.0,9732000.0,-14000.0,1000.0,-9000.0,idle
11200,401000.0,-271000.0,9743000.0,-17000.0,3000.0,-14000.0,idle
11210,393000.0,-211000.0,9754000.0,-6000.0,5000.0,-10000.0,idle
11220,391000.0,-199000.0,9767000.0,1000.0,5000.0,0.0,idle
11230,386000.0,-239000.0,9760000.0,-4000.0,5000.0,5000.0,idle
11240,353000.0,-265000.0,9760000.0,-6000.0,4000.0,0.0,idle
11250,371000.0,-253000.0,9748000.0,-5000.0,3000.0,-8000.0,idle
11260,373000.0,-198000.0,9780000.0,5000.0,3000.0,-4000.0,idle
11270,378000.0,-220000.0,9802000.0,5000.0,3000.0,0.0,idle
11280,362000.0,-250000.0,9828000.0,-3000.0,1000.0,6000.0,idle
11290,372000.0,-275000.0,9808000.0,3000.0,0.0,3000.0,idle
11300,361000.0,-235000.0,9794000.0,6000.0,-1000.0,0.0,idle
11310,372000.0,-204000.0,9799000.0,-3000.0,-4000.0,2000.0,idle
11320,369000.0,-217000.0,9788000.0,-15000.0,-4000.0,1000.0,idle
11330,391000.0,-234000.0,9774000.0,-13000.0,-4000.0,1000.0,idle
11340,379000.0,-198000.0,9768000.0,-1000.0,-2000.0,3000.0,idle
11350,368000.0,-204000.0,9762000.0,-4000.0,-3000.0,2000.0,idle
11360,390000.0,-225000.0,9726000.0,2000.0,-5000.0,0.0,idle
11370,410000.0,-167000.0,9702000.0,9000.0,-2000.0,6000.0,idle
11380,405000.0,-155000.0,9660000.0,8000.0,-2000.0,11000.0,idle
11390,442000.0,-168000.0,9636000.0,10000.0,-3000.0,14000.0,idle
11400,423000.0,-175000.0,9653000.0,8000.0,3000.0,16000.0,idle
11410,416000.0,-232000.0,9681000.0,1000.0,7000.0,21000.0,idle
11420,368000.0,-377000.0,9702000.0,0.0,9000.0,11000.0,idle
11430,355000.0,-390000.0,9714000.0,-8000.0,12000.0,-10000.0,idle
11440,371000.0,-233000.0,9748000.0,-12000.0,15000.0,-9000.0,idle
11450,384000.0,-199000.0,9744000.0,-5000.0,13000.0,-6000.0,idle
11460,373000.0,-203000.0,9774000.0,-4000.0,15000.0,3000.0,idle
11470,354000.0,-266000.0,9802000.0,-5000.0,16000.0,4000.0,idle
11480,325000.0,-268000.0,9891000.0,6000.0,1000.0,1000.0,idle
11490,319000.0,-244000.0,9863000.0,-5000.0,-5000.0,-5000.0,idle
11500,331000.0,-225000.0,9846000.0,-4000.0,-11000.0,-1000.0,idle
11510,349000.0,-258000.0,9811000.0,10000.0,-16000.0,-4000.0,idle
11520,353000.0,-216000.0,9759000.0,9000.0,-21000.0,-3000.0,idle
11530,381000.0,-205000.0,9721000.0,0.0,-22000.0,-2000.0,idle
11540,391000.0,-204000.0,9696000.0,0.0,-18000.0,2000.0,idle
11550,380000.0,-247000.0,9669000.0,-5000.0,-11000.0,1000.0,idle
11560,396000.0,-271000.0,9678000.0,-17000.0,-4000.0,1000.0,idle
11570,396000.0,-271000.0,9678000.0,-17000.0,-4000.0,1000.0,idle
11580,393000.0,-268000.0,9677000.0,-15000.0,-4000.0,-1000.0,idle
11590,396000.0,-268000.0,9678000.0,-5000.0,-2000.0,-9000.0,idle
11600,397000.0,-256000.0,9687000.0,2000.0,1000.0,-10000.0,idle
11610,416000.0,-223000.0,9698000.0,11000.0,2000.0,-15000.0,idle
11620,397000.0,-189000.0,9699000.0,3000.0,7000.0,-18000.0,idle
11630,387000.0,-147000.0,9751000.0,-3000.0,12000.0,-9000.0,idle
11640,375000.0,-187000.0,9791000.0,-4000.0,13000.0,0.0,idle
11650,363000.0,-247000.0,9815000.0,-7000.0,11000.0,5000.0,idle
11660,344000.0,-266000.0,9832000.0,-10000.0,8000.0,10000.0,idle
11670,326000.0,-305000.0,9832000.0,-5000.0,3000.0,9000.0,idle
11680,314000.0,-263000.0,9809000.0,6000.0,0.0,-12000.0,idle
11690,314000.0,-263000.0,9809000.0,6000.0,0.0,-12000.0,idle
11700,325000.0,-205000.0,9823000.0,2000.0,2000.0,-12000.0,idle
11710,318000.0,-225000.0,9775000.0,-4000.0,0.0,-7000.0,idle
11720,335000.0,-278000.0,9791000.0,-1000.0,0.0,-6000.0,idle
11730,335000.0,-270000.0,9783000.0,4000.0,-3000.0,-2000.0,idle
11740,349000.0,-217000.0,9757000.0,21000.0,-8000.0,3000.0,idle
11750,373000.0,-207000.0,9737000.0,29000.0,-10000.0,8000.0,idle
11760,368000.0,-209000.0,9747000.0,18000.0,-8000.0,8000.0,idle
11770,381000.0,-228000.0,9727000.0,-2000.0,-7000.0,1000.0,idle
11780,384000.0,-221000.0,9706000.0,-4000.0,-6000.0,-7000.0,idle
11790,379000.0,-222000.0,9711000.0,-3000.0,-3000.0,-14000.0,idle
11800,369000.0,-228000.0,9715000.0,-9000.0,-2000.0,-12000.0,idle
11810,378000.0,-238000.0,9743000.0,-6000.0,0.0,-4000.0,idle
11820,369000.0,-215000.0,9761000.0,3000.0,0.0,1000.0,idle
11830,357000.0,-214000.0,9778000.0,12000.0,2000.0,4000.0,idle
11840,357000.0,-213000.0,9762000.0,12000.0,1000.0,5000.0,idle
11850,372000.0,-181000.0,9727000.0,13000.0,2000.0,0.0,idle
11860,369000.0,-118000.0,9743000.0,11000.0,5000.0,4000.0,idle
11870,354000.0,-131000.0,9733000.0,7000.0,7000.0,10000.0,idle
11880,342000.0,-209000.0,9748000.0,9000.0,5000.0,11000.0,idle
11890,317000.0,-314000.0,9780000.0,0.0,2000.0,-3000.0,idle
11900,334000.0,-277000.0,9787000.0,-7000.0,-1000.0,-9000.0,idle
11910,331000.0,-234000.0,9731000.0,-3000.0,-2000.0,-13000.0,idle
11920,378000.0,-172000.0,9753000.0,13000.0,-9000.0,-7000.0,idle
11930,375000.0,-128000.0,9726000.0,10000.0,-5000.0,-10000.0,idle
11940,368000.0,-125000.0,9696000.0,1000.0,-4000.0,-7000.0,idle
11950,379000.0,-122000.0,9696000.0,-6000.0,1000.0,-5000.0,idle
11960,362000.0,-126000.0,9741000.0,-15000.0,5000.0,1000.0,idle
11970,348000.0,-186000.0,9784000.0,-17000.0,5000.0,9000.0,idle
11980,317000.0,-276000.0,9792000.0,0.0,0.0,6000.0,idle
11990,318000.0,-260000.0,9833000.0,16000.0,0.0,-2000.0,idle
12000,329000.0,-130000.0,9840000.0,-21000.0,-5000.0,-1000.0,idle
12010,311000.0,-211000.0,9866000.0,-22000.0,-5000.0,2000.0,idle
12020,305000.0,-246000.0,9863000.0,-20000.0,-10000.0,10000.0,idle
12030,316000.0,-272000.0,9842000.0,-12000.0,-17000.0,17000.0,idle
12040,334000.0,-262000.0,9798000.0,6000.0,-23000.0,23000.0,idle
12050,324000.0,-260000.0,9765000.0,11000.0,-26000.0,23000.0,idle
12060,348000.0,-283000.0,9738000.0,5000.0,-23000.0,17000.0,idle
12070,366000.0,-332000.0,9705000.0,1000.0,-23000.0,2000.0,idle
12080,403000.0,-243000.0,9719000.0,9000.0,-12000.0,-20000.0,idle
12090,372000.0,-243000.0,9741000.0,9000.0,-8000.0,-12000.0,idle
12100,372000.0,-221000.0,9732000.0,1000.0,-8000.0,-5000.0,idle
12110,380000.0,-191000.0,9737000.0,-1000.0,-7000.0,2000.0,idle
12120,399000.0,-168000.0,9754000.0,8000.0,-10000.0,9000.0,idle
12130,409000.0,-180000.0,9753000.0,11000.0,-9000.0,14000.0,idle
12140,377000.0,-177000.0,9751000.0,5000.0,-7000.0,20000.0,idle
12150,368000.0,-245000.0,9760000.0,-3000.0,-9000.0,10000.0,idle
12160,338000.0,-268000.0,9783000.0,-11000.0,-6000.0,-3000.0,idle
12170,338000.0,-259000.0,9821000.0,-13000.0,-3000.0,-9000.0,idle
12180,336000.0,-272000.0,9818000.0,-4000.0,-6000.0,-11000.0,idle
12190,339000.0,-238000.0,9805000.0,-4000.0,-11000.0,-7000.0,idle
12200,355000.0,-210000.0,9798000.0,0.0,-14000.0,-3000.0,idle
12210,367000.0,-207000.0,9788000.0,9000.0,-16000.0,5000.0,idle
12220,381000.0,-189000.0,9759000.0,19000.0,-18000.0,17000.0,idle
12230,384000.0,-175000.0,9739000.0,15000.0,-18000.0,21000.0,idle
12240,363000.0,-169000.0,9745000.0,-1000.0,-15000.0,22000.0,idle
12250,366000.0,-231000.0,9718000.0,-12000.0,-14000.0,23000.0,idle
12260,377000.0,-289000.0,9753000.0,-8000.0,-7000.0,-33000.0,idle
12270,378000.0,-144000.0,9745000.0,10000.0,-9000.0,-23000.0,idle
12280,399000.0,-148000.0,9748000.0,18000.0,-13000.0,-7000.0,idle
12290,360000.0,-173000.0,9730000.0,13000.0,-11000.0,5000.0,idle
12300,373000.0,-201000.0,9717000.0,6000.0,-9000.0,6000.0,idle
12310,368000.0,-205000.0,9732000.0,-1000.0,-7000.0,12000.0,idle
12320,361000.0,-254000.0,9766000.0,6000.0,-8000.0,14000.0,idle
12330,368000.0,-146000.0,9741000.0,-7000.0,-7000.0,-21000.0,idle
12340,368000.0,-146000.0,9741000.0,-7000.0,-7000.0,-21000.0,idle
12350,391000.0,-225000.0,9725000.0,-3000.0,-10000.0,-14000.0,idle
12360,375000.0,-216000.0,9747000.0,9000.0,-3000.0,-10000.0,idle
12370,384000.0,-202000.0,9781000.0,10000.0,-9000.0,17000.0,idle
12380,384000.0,-202000.0,9781000.0,10000.0,-9000.0,17000.0,idle
12390,381000.0,-238000.0,9780000.0,7000.0,-8000.0,21000.0,idle
12400,369000.0,-324000.0,9773000.0,-13000.0,-11000.0,3000.0,idle
12410,353000.0,-306000.0,9769000.0,-27000.0,-13000.0,-16000.0,idle
12420,378000.0,-189000.0,9777000.0,-4000.0,-9000.0,-11000.0,idle
12430,357000.0,-171000.0,9772000.0,6000.0,-8000.0,-6000.0,idle
12440,317000.0,-233000.0,9785000.0,0.0,-15000.0,3000.0,idle
12450,401000.0,-232000.0,9683000.0,-3000.0,-18000.0,-5000.0,idle
12460,422000.0,-223000.0,9645000.0,11000.0,-15000.0,1000.0,idle
12470,418000.0,-275000.0,9640000.0,12000.0,-12000.0,-4000.0,idle
12480,397000.0,-301000.0,9654000.0,5000.0,-9000.0,-20000.0,idle
12490,411000.0,-225000.0,9669000.0,4000.0,-4000.0,-19000.0,idle
12500,423000.0,-193000.0,9741000.0,10000.0,4000.0,-11000.0,idle
12510,387000.0,-240000.0,9778000.0,5000.0,4000.0,-4000.0,idle
12520,393000.0,-257000.0,9783000.0,3000.0,1000.0,-2000.0,idle
12530,374000.0,-189000.0,9809000.0,11000.0,2000.0,0.0,idle
12540,375000.0,-162000.0,9817000.0,7000.0,1000.0,8000.0,idle
12550,377000.0,-173000.0,9817000.0,6000.0,-1000.0,14000.0,idle
12560,368000.0,-247000.0,9814000.0,6000.0,-6000.0,4000.0,idle
12570,350000.0,-246000.0,9827000.0,-11000.0,-8000.0,-7000.0,idle
12580,378000.0,-168000.0,9832000.0,-10000.0,-7000.0,-11000.0,idle
12590,386000.0,-130000.0,9851000.0,1000.0,-12000.0,-6000.0,idle
12600,375000.0,-215000.0,9818000.0,-7000.0,-14000.0,3000.0,idle
12610,367000.0,-294000.0,9797000.0,0.0,-18000.0,12000.0,idle
12620,354000.0,-304000.0,9787000.0,16000.0,-20000.0,18000.0,idle
12630,390000.0,-277000.0,9749000.0,22000.0,-23000.0,16000.0,idle
12640,405000.0,-249000.0,9732000.0,14000.0,-23000.0,15000.0,idle
12650,405000.0,-256000.0,9703000.0,5000.0,-21000.0,12000.0,idle
12660,417000.0,-300000.0,9638000.0,0.0,-19000.0,0.0,idle
12670,417000.0,-138000.0,9720000.0,6000.0,-6000.0,-12000.0,idle
12680,417000.0,-138000.0,9720000.0,6000.0,-6000.0,-12000.0,idle
12690,415000.0,-208000.0,9735000.0,1000.0,-4000.0,-6000.0,idle
12700,386000.0,-223000.0,9768000.0,-5000.0,-3000.0,-7000.0,idle
12710,396000.0,-185000.0,9742000.0,2000.0,-1000.0,-7000.0,idle
12720,395000.0,-134000.0,9750000.0,4000.0,-1000.0,-5000.0,idle
12730,383000.0,-158000.0,9769000.0,1000.0,-4000.0,0.0,idle
12740,391000.0,-223000.0,9793000.0,1000.0,-5000.0,3000.0,idle
12750,383000.0,-272000.0,9805000.0,1000.0,-3000.0,-1000.0,idle
12760,379000.0,-241000.0,9822000.0,-7000.0,-2000.0,-5000.0,idle
12770,360000.0,-251000.0,9822000.0,-9000.0,-6000.0,-6000.0,idle
12780,366000.0,-277000.0,9786000.0,-1000.0,-12000.0,-6000.0,idle
12790,387000.0,-264000.0,9763000.0,2000.0,-14000.0,-3000.0,idle
12800,404000.0,-288000.0,9765000.0,3000.0,-13000.0,-4000.0,idle
12810,413000.0,-269000.0,9750000.0,9000.0,-14000.0,-7000.0,idle
12820,417000.0,-189000.0,9735000.0,16000.0,-12000.0,-4000.0,idle
12830,421000.0,-178000.0,9712000.0,8000.0,-11000.0,0.0,idle
12840,410000.0,-214000.0,9712000.0,-2000.0,-10000.0,5000.0,idle
12850,402000.0,-235000.0,9750000.0,-1000.0,-7000.0,9000.0,idle
12860,396000.0,-302000.0,9747000.0,0.0,-6000.0,9000.0,idle
12870,385000.0,-430000.0,9749000.0,1000.0,-11000.0,-17000.0,idle
12880,408000.0,-272000.0,9741000.0,9000.0,-10000.0,-34000.0,idle
12890,430000.0,-99000.0,9745000.0,15000.0,-6000.0,-25000.0,idle
12900,432000.0,-135000.0,9744000.0,3000.0,-6000.0,-15000.0,idle
12910,434000.0,-167000.0,9721000.0,0.0,-6000.0,0.0,idle
12920,441000.0,-171000.0,9711000.0,1000.0,-3000.0,1000.0,idle
12930,428000.0,-132000.0,9695000.0,-7000.0,-4000.0,-1000.0,idle
12940,426000.0,-136000.0,9731000.0,-5000.0,-2000.0,5000.0,idle
12950,398000.0,-196000.0,9755000.0,0.0,1000.0,5000.0,idle
12960,395000.0,-202000.0,9768000.0,-8000.0,-2000.0,7000.0,idle
12970,429000.0,-217000.0,9769000.0,-6000.0,0.0,0.0,idle
12980,383000.0,-198000.0,9788000.0,-7000.0,3000.0,-1000.0,idle
12990,405000.0,-229000.0,9775000.0,-7000.0,1000.0,-3000.0,idle
13000,421000.0,-249000.0,9739000.0,-4000.0,-2000.0,-4000.0,idle
13010,403000.0,-244000.0,9761000.0,-11000.0,1000.0,-9000.0,idle
13020,403000.0,-232000.0,9774000.0,-12000.0,1000.0,-11000.0,idle
13030,416000.0,-167000.0,9784000.0,-3000.0,0.0,-2000.0,idle
13040,384000.0,-175000.0,9780000.0,-2000.0,0.0,6000.0,idle
13050,354000.0,-223000.0,9822000.0,-7000.0,-2000.0,18000.0,idle
13060,344000.0,-294000.0,9844000.0,-6000.0,-5000.0,25000.0,idle
13070,345000.0,-301000.0,9822000.0,-3000.0,-8000.0,23000.0,idle
13080,353000.0,-345000.0,9811000.0,-5000.0,-14000.0,12000.0,idle
13090,385000.0,-369000.0,9786000.0,-4000.0,-15000.0,-12000.0,idle
13100,391000.0,-211000.0,9741000.0,0.0,-11000.0,-23000.0,idle
13110,423000.0,-112000.0,9725000.0,-1000.0,-11000.0,-19000.0,idle
13120,444000.0,-158000.0,9712000.0,-5000.0,-12000.0,-12000.0,idle
13130,460000.0,-204000.0,9674000.0,4000.0,-13000.0,-2000.0,idle
13140,434000.0,-191000.0,9645000.0,15000.0,-10000.0,2000.0,idle
13150,435000.0,-164000.0,9674000.0,24000.0,-6000.0,11000.0,idle
13160,421000.0,-209000.0,9705000.0,21000.0,-1000.0,23000.0,idle
13170,427000.0,-286000.0,9719000.0,7000.0,1000.0,25000.0,idle
13180,390000.0,-362000.0,9714000.0,0.0,5000.0,14000.0,idle
13190,377000.0,-427000.0,9733000.0,-10000.0,5000.0,-18000.0,idle
13200,393000.0,-262000.0,9726000.0,-7000.0,4000.0,-30000.0,idle
13210,409000.0,-120000.0,9772000.0,4000.0,9000.0,-20000.0,idle
13220,373000.0,-95000.0,9822000.0,4000.0,7000.0,-4000.0,idle
13230,371000.0,-184000.0,9851000.0,-5000.0,2000.0,4000.0,idle
13240,341000.0,-235000.0,9866000.0,-11000.0,0.0,8000.0,idle
13250,347000.0,-264000.0,9884000.0,-9000.0,-2000.0,6000.0,idle
13260,344000.0,-256000.0,9862000.0,-5000.0,-7000.0,2000.0,idle
13270,353000.0,-220000.0,9842000.0,1000.0,-15000.0,7000.0,idle
13280,386000.0,-265000.0,9798000.0,10000.0,-17000.0,4000.0,idle
13290,379000.0,-295000.0,9812000.0,4000.0,-17000.0,-7000.0,idle
13300,384000.0,-246000.0,9781000.0,7000.0,-20000.0,-14000.0,idle
13310,418000.0,-187000.0,9731000.0,20000.0,-21000.0,-10000.0,idle
13320,427000.0,-205000.0,9694000.0,11000.0,-20000.0,-6000.0,idle
13330,427000.0,-205000.0,9694000.0,11000.0,-20000.0,-6000.0,idle
13340,444000.0,-228000.0,9654000.0,2000.0,-18000.0,-3000.0,idle
13350,445000.0,-222000.0,9633000.0,9000.0,-13000.0,0.0,idle
13360,468000.0,-187000.0,9653000.0,6000.0,-9000.0,1000.0,idle
13370,454000.0,-177000.0,9675000.0,-4000.0,-5000.0,0.0,idle
13380,435000.0,-171000.0,9718000.0,-12000.0,-3000.0,-2000.0,idle
13390,408000.0,-196000.0,9750000.0,-18000.0,0.0,1000.0,idle
13400,389000.0,-268000.0,9767000.0,-8000.0,0.0,0.0,idle
13410,385000.0,-239000.0,9751000.0,3000.0,-2000.0,-4000.0,idle
13420,424000.0,-208000.0,9759000.0,11000.0,-5000.0,-13000.0,idle
13430,416000.0,-154000.0,9775000.0,14000.0,-2000.0,-3000.0,idle
13440,401000.0,-232000.0,9799000.0,6000.0,-4000.0,-1000.0,idle
13450,378000.0,-244000.0,9800000.0,4000.0,-4000.0,-1000.0,idle
13460,377000.0,-205000.0,9800000.0,5000.0,-2000.0,5000.0,idle
13470,384000.0,-217000.0,9790000.0,-2000.0,-3000.0,12000.0,idle
13480,386000.0,-259000.0,9766000.0,0.0,-7000.0,18000.0,idle
13490,379000.0,-289000.0,9745000.0,0.0,-7000.0,20000.0,idle
13500,383000.0,-308000.0,9762000.0,-10000.0,-7000.0,10000.0,idle
13510,404000.0,-293000.0,9749000.0,-7000.0,-12000.0,-4000.0,idle
13520,414000.0,-235000.0,9755000.0,5000.0,-12000.0,-11000.0,idle
13530,432000.0,-210000.0,9766000.0,5000.0,-7000.0,-16000.0,idle
13540,422000.0,-217000.0,9785000.0,-10000.0,-6000.0,-15000.0,idle
13550,435000.0,-221000.0,9777000.0,-17000.0,-8000.0,-10000.0,idle
13560,423000.0,-241000.0,9760000.0,-7000.0,-5000.0,-3000.0,idle
13570,426000.0,-252000.0,9744000.0,1000.0,-7000.0,0.0,idle
13580,416000.0,-225000.0,9732000.0,4000.0,-7000.0,2000.0,idle
13590,421000.0,-208000.0,9720000.0,4000.0,-6000.0,2000.0,idle
13600,423000.0,-191000.0,9724000.0,12000.0,-1000.0,2000.0,idle
13610,411000.0,-180000.0,9736000.0,3000.0,0.0,-2000.0,idle
13620,398000.0,-239000.0,9732000.0,-12000.0,0.0,-13000.0,idle
13630,403000.0,-211000.0,9745000.0,-12000.0,0.0,-11000.0,idle
13640,424000.0,-203000.0,9717000.0,-8000.0,-3000.0,-10000.0,idle
13650,440000.0,-192000.0,9720000.0,-4000.0,-1000.0,-4000.0,idle
13660,423000.0,-171000.0,9760000.0,-4000.0,1000.0,5000.0,idle
13670,417000.0,-199000.0,9784000.0,-7000.0,1000.0,9000.0,idle
13680,398000.0,-199000.0,9788000.0,-10000.0,3000.0,14000.0,idle
13690,386000.0,-226000.0,9810000.0,-7000.0,1000.0,19000.0,idle
13700,379000.0,-287000.0,9788000.0,-9000.0,-1000.0,12000.0,idle
13710,410000.0,-302000.0,9777000.0,-3000.0,-2000.0,1000.0,idle
13720,397000.0,-293000.0,9781000.0,4000.0,-4000.0,-12000.0,idle
13730,403000.0,-232000.0,9779000.0,15000.0,-4000.0,-14000.0,idle
13740,398000.0,-169000.0,9785000.0,3000.0,-3000.0,-8000.0,idle
13750,368000.0,-338000.0,9808000.0,-18000.0,-10000.0,-7000.0,idle
13760,368000.0,-338000.0,9808000.0,-18000.0,-10000.0,-7000.0,idle
13770,381000.0,-260000.0,9821000.0,-4000.0,-11000.0,-3000.0,idle
13780,393000.0,-251000.0,9818000.0,6000.0,-12000.0,4000.0,idle
13790,415000.0,-277000.0,9772000.0,4000.0,-17000.0,5000.0,idle
13800,420000.0,-289000.0,9732000.0,4000.0,-16000.0,-4000.0,idle
13810,450000.0,-216000.0,9725000.0,-5000.0,-13000.0,-11000.0,idle
13820,515000.0,-136000.0,9688000.0,-14000.0,-10000.0,-1000.0,idle
13830,421000.0,-158000.0,9633000.0,-5000.0,-9000.0,4000.0,idle
13840,405000.0,-288000.0,9729000.0,6000.0,1000.0,-3000.0,idle
13850,405000.0,-288000.0,9729000.0,6000.0,1000.0,-3000.0,idle
13860,399000.0,-334000.0,9757000.0,3000.0,0.0,-12000.0,idle
13870,384000.0,-302000.0,9806000.0,13000.0,3000.0,-15000.0,idle
13880,373000.0,-254000.0,9814000.0,16000.0,4000.0,-26000.0,idle
13890,379000.0,-172000.0,9800000.0,5000.0,3000.0,-25000.0,idle
13900,409000.0,-132000.0,9814000.0,-3000.0,0.0,-13000.0,idle
13910,404000.0,-140000.0,9815000.0,2000.0,-3000.0,-2000.0,idle
13920,402000.0,-140000.0,9822000.0,3000.0,-5000.0,9000.0,idle
13930,401000.0,-150000.0,9832000.0,-1000.0,-5000.0,17000.0,idle
13940,375000.0,-213000.0,9850000.0,-3000.0,-8000.0,23000.0,idle
13950,387000.0,-284000.0,9814000.0,-5000.0,-13000.0,18000.0,idle
13960,387000.0,-350000.0,9804000.0,0.0,-13000.0,1000.0,idle
13970,380000.0,-266000.0,9766000.0,-1000.0,-14000.0,-8000.0,idle
13980,407000.0,-231000.0,9725000.0,-2000.0,-16000.0,-13000.0,idle
13990,450000.0,-222000.0,9694000.0,7000.0,-17000.0,-17000.0,idle
14000,457000.0,-134000.0,9684000.0,12000.0,-12000.0,-6000.0,idle
14010,444000.0,-105000.0,9684000.0,5000.0,-9000.0,6000.0,idle
14020,432000.0,-172000.0,9701000.0,3000.0,-7000.0,19000.0,idle
14030,421000.0,-263000.0,9736000.0,5000.0,-3000.0,24000.0,idle
14040,418000.0,-341000.0,9737000.0,-3000.0,-2000.0,19000.0,idle
14050,424000.0,-374000.0,9743000.0,-9000.0,-4000.0,8000.0,idle
14060,393000.0,-314000.0,9751000.0,3000.0,-5000.0,1000.0,idle
14070,390000.0,-260000.0,9748000.0,7000.0,-5000.0,-3000.0,idle
14080,398000.0,-231000.0,9713000.0,-2000.0,-5000.0,-3000.0,idle
14090,410000.0,-215000.0,9715000.0,-4000.0,-2000.0,-11000.0,idle
14100,422000.0,-162000.0,9763000.0,-1000.0,0.0,-5000.0,idle
14110,411000.0,-146000.0,9791000.0,-11000.0,0.0,1000.0,idle
14120,413000.0,-196000.0,9793000.0,-18000.0,-1000.0,7000.0,idle
14130,398000.0,-239000.0,9804000.0,-13000.0,0.0,17000.0,idle
14140,381000.0,-331000.0,9806000.0,-5000.0,-1000.0,11000.0,idle
14150,368000.0,-363000.0,9824000.0,3000.0,-3000.0,5000.0,idle
14160,384000.0,-361000.0,9806000.0,13000.0,-8000.0,-9000.0,idle
14170,398000.0,-245000.0,9792000.0,17000.0,-9000.0,-17000.0,idle
14180,416000.0,-175000.0,9769000.0,6000.0,-10000.0,-9000.0,idle
14190,393000.0,-211000.0,9745000.0,-7000.0,-12000.0,-7000.0,idle
14200,416000.0,-239000.0,9738000.0,-5000.0,-14000.0,-2000.0,idle
14210,451000.0,-238000.0,9724000.0,3000.0,-11000.0,2000.0,idle
14220,424000.0,-227000.0,9720000.0,0.0,-10000.0,4000.0,idle
14230,436000.0,-219000.0,9726000.0,5000.0,-10000.0,9000.0,idle
14240,435000.0,-225000.0,9717000.0,13000.0,-6000.0,13000.0,idle
14250,417000.0,-256000.0,9706000.0,1000.0,-6000.0,10000.0,idle
14260,426000.0,-269000.0,9706000.0,-12000.0,-1000.0,-1000.0,idle
14270,428000.0,-222000.0,9726000.0,-7000.0,1000.0,-6000.0,idle
14280,436000.0,-209000.0,9726000.0,-2000.0,2000.0,-13000.0,idle
14290,433000.0,-186000.0,9735000.0,0.0,5000.0,-11000.0,idle
14300,414000.0,-169000.0,9779000.0,-3000.0,5000.0,0.0,idle
14310,402000.0,-191000.0,9791000.0,-4000.0,2000.0,6000.0,idle
14320,404000.0,-201000.0,9800000.0,1000.0,2000.0,13000.0,idle
14330,391000.0,-256000.0,9798000.0,0.0,1000.0,10000.0,idle
14340,404000.0,-243000.0,9762000.0,0.0,-3000.0,4000.0,idle
14350,415000.0,-193000.0,9751000.0,1000.0,-3000.0,8000.0,idle
14360,415000.0,-193000.0,9751000.0,1000.0,-3000.0,8000.0,idle
14370,427000.0,-245000.0,9757000.0,1000.0,0.0,3000.0,idle
14380,409000.0,-252000.0,9729000.0,1000.0,-1000.0,-7000.0,idle
14390,408000.0,-234000.0,9726000.0,-3000.0,-1000.0,-7000.0,idle
14400,423000.0,-244000.0,9784000.0,-2000.0,3000.0,-4000.0,idle
14410,408000.0,-234000.0,9803000.0,5000.0,1000.0,0.0,idle
14420,389000.0,-239000.0,9756000.0,7000.0,-2000.0,4000.0,idle
14430,398000.0,-251000.0,9743000.0,8000.0,-2000.0,5000.0,idle
14440,418000.0,-233000.0,9766000.0,-2000.0,0.0,5000.0,idle
14450,397000.0,-202000.0,9762000.0,-11000.0,1000.0,8000.0,idle
14460,398000.0,-243000.0,9761000.0,-8000.0,0.0,10000.0,idle
14470,374000.0,-304000.0,9785000.0,-11000.0,1000.0,6000.0,idle
14480,373000.0,-317000.0,9827000.0,-17000.0,0.0,3000.0,idle
14490,379000.0,-337000.0,9847000.0,-9000.0,-4000.0,-2000.0,idle
14500,393000.0,-307000.0,9826000.0,9000.0,-8000.0,-10000.0,idle
14510,401000.0,-235000.0,9781000.0,13000.0,-11000.0,-11000.0,idle
14520,418000.0,-195000.0,9706000.0,3000.0,-12000.0,-9000.0,idle
14530,429000.0,-153000.0,9669000.0,-1000.0,-10000.0,0.0,idle
14540,458000.0,-148000.0,9651000.0,8000.0,-8000.0,5000.0,idle
14550,463000.0,-186000.0,9644000.0,12000.0,-4000.0,14000.0,idle
14560,450000.0,-238000.0,9658000.0,7000.0,0.0,21000.0,idle
14570,440000.0,-276000.0,9668000.0,5000.0,3000.0,25000.0,idle
14580,427000.0,-341000.0,9678000.0,9000.0,5000.0,16000.0,idle
14590,407000.0,-391000.0,9712000.0,1000.0,8000.0,-13000.0,idle
14600,409000.0,-245000.0,9756000.0,-3000.0,15000.0,-26000.0,idle
14610,404000.0,-131000.0,9791000.0,-4000.0,17000.0,-22000.0,idle
14620,396000.0,-131000.0,9821000.0,-6000.0,14000.0,-4000.0,idle
14630,373000.0,-239000.0,9851000.0,-1000.0,10000.0,5000.0,idle
14640,349000.0,-249000.0,9858000.0,6000.0,7000.0,3000.0,idle
14650,374000.0,-191000.0,9836000.0,9000.0,1000.0,7000.0,idle
14660,363000.0,-205000.0,9844000.0,10000.0,-2000.0,17000.0,idle
14670,365000.0,-246000.0,9839000.0,7000.0,-4000.0,19000.0,idle
14680,367000.0,-271000.0,9794000.0,-2000.0,-4000.0,14000.0,idle
14690,374000.0,-311000.0,9778000.0,-4000.0,-6000.0,3000.0,idle
14700,380000.0,-289000.0,9768000.0,6000.0,-6000.0,-9000.0,idle
14710,384000.0,-191000.0,9754000.0,3000.0,-10000.0,-4000.0,idle
14720,411000.0,-184000.0,9742000.0,2000.0,-13000.0,7000.0,idle
14730,423000.0,-219000.0,9711000.0,10000.0,-9000.0,19000.0,idle
14740,397000.0,-214000.0,9676000.0,4000.0,-4000.0,23000.0,idle
14750,387000.0,-254000.0,9675000.0,-10000.0,-1000.0,11000.0,idle
14760,389000.0,-299000.0,9694000.0,-14000.0,3000.0,3000.0,idle
14770,390000.0,-302000.0,9736000.0,4000.0,3000.0,-3000.0,idle
14780,401000.0,-268000.0,9732000.0,9000.0,0.0,-15000.0,idle
14790,395000.0,-254000.0,9778000.0,10000.0,2000.0,-13000.0,idle
14800,397000.0,-203000.0,9796000.0,12000.0,3000.0,-3000.0,idle
14810,385000.0,-231000.0,9774000.0,12000.0,0.0,-3000.0,idle
14820,373000.0,-253000.0,9748000.0,7000.0,0.0,1000.0,idle
14830,384000.0,-222000.0,9741000.0,-1000.0,1000.0,1000.0,idle
14840,386000.0,-164000.0,9749000.0,-1000.0,3000.0,10000.0,idle
14850,373000.0,-180000.0,9756000.0,-1000.0,4000.0,17000.0,idle
14860,366000.0,-233000.0,9775000.0,-6000.0,2000.0,17000.0,idle
14870,387000.0,-305000.0,9796000.0,-8000.0,-1000.0,8000.0,idle
14880,381000.0,-304000.0,9808000.0,-3000.0,-1000.0,0.0,idle
14890,368000.0,-269000.0,9793000.0,2000.0,-4000.0,-10000.0,idle
14900,399000.0,-214000.0,9745000.0,3000.0,-3000.0,-12000.0,idle
14910,420000.0,-210000.0,9730000.0,1000.0,-2000.0,-13000.0,idle
14920,405000.0,-187000.0,9730000.0,-3000.0,-1000.0,-10000.0,idle
14930,399000.0,-205000.0,9717000.0,0.0,0.0,-9000.0,idle
14940,401000.0,-207000.0,9736000.0,9000.0,0.0,-3000.0,idle
14950,409000.0,-199000.0,9761000.0,15000.0,0.0,10000.0,idle
14960,408000.0,-246000.0,9750000.0,17000.0,-1000.0,20000.0,idle
14970,401000.0,-300000.0,9748000.0,18000.0,0.0,20000.0,idle
14980,367000.0,-325000.0,9747000.0,11000.0,1000.0,11000.0,idle
14990,377000.0,-307000.0,9707000.0,9000.0,-1000.0,-1000.0,idle
15000,387000.0,-308000.0,9688000.0,3000.0,1000.0,-17000.0,idle
15010,401000.0,-203000.0,9708000.0,-2000.0,6000.0,-21000.0,idle
15020,401000.0,-138000.0,9732000.0,4000.0,10000.0,-13000.0,idle
15030,392000.0,-155000.0,9724000.0,6000.0,7000.0,-6000.0,idle
15040,380000.0,-216000.0,9742000.0,7000.0,12000.0,-2000.0,idle
15050,359000.0,-208000.0,9788000.0,10000.0,15000.0,-5000.0,idle
15060,348000.0,-201000.0,9785000.0,5000.0,9000.0,-4000.0,idle
15070,381000.0,-263000.0,9779000.0,-3000.0,5000.0,-5000.0,idle
15080,374000.0,-213000.0,9799000.0,1000.0,5000.0,-4000.0,idle
15090,356000.0,-234000.0,9805000.0,4000.0,3000.0,-7000.0,idle
15100,369000.0,-203000.0,9797000.0,1000.0,0.0,0.0,idle
15110,381000.0,-162000.0,9780000.0,6000.0,-1000.0,3000.0,idle
15120,383000.0,-159000.0,9768000.0,3000.0,1000.0,5000.0,idle
15130,377000.0,-152000.0,9755000.0,-6000.0,2000.0,13000.0,idle
15140,374000.0,-180000.0,9739000.0,-9000.0,2000.0,19000.0,idle
15150,367000.0,-234000.0,9759000.0,-4000.0,1000.0,20000.0,idle
15160,353000.0,-332000.0,9781000.0,-5000.0,2000.0,7000.0,idle
15170,344000.0,-341000.0,9790000.0,-8000.0,0.0,-8000.0,idle
15180,342000.0,-232000.0,9757000.0,-3000.0,0.0,-14000.0,idle
15190,366000.0,-199000.0,9754000.0,-3000.0,0.0,-12000.0,idle
15200,365000.0,-237000.0,9749000.0,-5000.0,-2000.0,-10000.0,idle
15210,383000.0,-222000.0,9745000.0,-1000.0,0.0,-7000.0,idle
15220,391000.0,-193000.0,9754000.0,2000.0,2000.0,-1000.0,idle
15230,386000.0,-216000.0,9727000.0,-1000.0,2000.0,6000.0,idle
15240,368000.0,-238000.0,9715000.0,9000.0,1000.0,11000.0,idle
15250,351000.0,-270000.0,9707000.0,11000.0,1000.0,9000.0,idle
15260,353000.0,-311000.0,9686000.0,4000.0,2000.0,2000.0,idle
15270,385000.0,-281000.0,9699000.0,10000.0,4000.0,-5000.0,idle
15280,372000.0,-190000.0,9729000.0,9000.0,12000.0,-6000.0,idle
15290,365000.0,-233000.0,9738000.0,3000.0,13000.0,-7000.0,idle
15300,350000.0,-209000.0,9766000.0,11000.0,14000.0,-2000.0,idle
15310,332000.0,-184000.0,9816000.0,6000.0,14000.0,-2000.0,idle
15320,331000.0,-198000.0,9869000.0,-4000.0,12000.0,4000.0,idle
15330,317000.0,-204000.0,9863000.0,-2000.0,8000.0,10000.0,idle
15340,339000.0,-171000.0,9850000.0,-3000.0,2000.0,12000.0,idle
15350,341000.0,-174000.0,9846000.0,-9000.0,0.0,12000.0,idle
15360,336000.0,-213000.0,9810000.0,-5000.0,-4000.0,6000.0,idle
15370,343000.0,-199000.0,9775000.0,5000.0,-6000.0,3000.0,idle
15380,330000.0,-187000.0,9783000.0,3000.0,-7000.0,3000.0,idle
15390,322000.0,-221000.0,9781000.0,0.0,-8000.0,0.0,idle
15400,331000.0,-220000.0,9769000.0,0.0,-7000.0,2000.0,idle
15410,331000.0,-220000.0,9769000.0,0.0,-7000.0,2000.0,idle
15420,329000.0,-228000.0,9763000.0,-7000.0,-6000.0,6000.0,idle
15430,353000.0,-258000.0,9723000.0,-13000.0,-8000.0,8000.0,idle
15440,377000.0,-256000.0,9698000.0,-6000.0,-5000.0,8000.0,idle
15450,365000.0,-226000.0,9707000.0,2000.0,-5000.0,9000.0,idle
15460,375000.0,-253000.0,9730000.0,10000.0,-3000.0,2000.0,idle
15470,351000.0,-204000.0,9745000.0,15000.0,0.0,4000.0,idle
15480,344000.0,-235000.0,9755000.0,7000.0,-2000.0,4000.0,idle
15490,356000.0,-313000.0,9774000.0,-9000.0,-4000.0,-7000.0,idle
15500,360000.0,-264000.0,9794000.0,-7000.0,-3000.0,-10000.0,idle
15510,353000.0,-210000.0,9798000.0,5000.0,-3000.0,-9000.0,idle
15520,343000.0,-216000.0,9785000.0,4000.0,-5000.0,-6000.0,idle
15530,326000.0,-225000.0,9783000.0,4000.0,-6000.0,-2000.0,idle
15540,330000.0,-208000.0,9779000.0,17000.0,-2000.0,1000.0,idle
15550,331000.0,-211000.0,9768000.0,7000.0,-5000.0,4000.0,idle
15560,308000.0,-237000.0,9780000.0,-1000.0,-7000.0,1000.0,idle
15570,325000.0,-241000.0,9802000.0,-2000.0,-9000.0,-3000.0,idle
15580,345000.0,-254000.0,9803000.0,-3000.0,-8000.0,-6000.0,idle
15590,341000.0,-260000.0,9779000.0,-9000.0,-12000.0,-10000.0,idle
15600,351000.0,-232000.0,9747000.0,0.0,-14000.0,-7000.0,idle
15610,372000.0,-204000.0,9749000.0,12000.0,-13000.0,-2000.0,idle
15620,368000.0,-183000.0,9738000.0,7000.0,-12000.0,0.0,idle
15630,354000.0,-174000.0,9736000.0,-4000.0,-11000.0,1000.0,idle
15640,371000.0,-158000.0,9731000.0,-4000.0,-9000.0,6000.0,idle
15650,361000.0,-177000.0,9731000.0,-6000.0,-7000.0,12000.0,idle
15660,355000.0,-203000.0,9720000.0,-15000.0,-9000.0,13000.0,idle
15670,350000.0,-243000.0,9733000.0,-15000.0,-7000.0,6000.0,idle
15680,332000.0,-253000.0,9763000.0,-7000.0,-4000.0,1000.0,idle
15690,344000.0,-215000.0,9792000.0,2000.0,-7000.0,1000.0,idle
15700,368000.0,-214000.0,9775000.0,0.0,-8000.0,-2000.0,idle
15710,360000.0,-240000.0,9754000.0,-11000.0,-6000.0,-9000.0,idle
15720,344000.0,-235000.0,9719000.0,-13000.0,-5000.0,-17000.0,idle
15730,350000.0,-197000.0,9735000.0,-10000.0,-3000.0,-16000.0,idle
15740,332000.0,-185000.0,9773000.0,-4000.0,0.0,-5000.0,idle
15750,345000.0,-214000.0,9763000.0,7000.0,-5000.0,3000.0,idle
15760,331000.0,-225000.0,9800000.0,11000.0,-8000.0,11000.0,idle
15770,372000.0,-216000.0,9703000.0,-3000.0,-15000.0,-13000.0,idle
15780,372000.0,-216000.0,9703000.0,-3000.0,-15000.0,-13000.0,idle
15790,361000.0,-118000.0,9727000.0,-10000.0,-6000.0,-14000.0,idle
15800,335000.0,-136000.0,9773000.0,-19000.0,-5000.0,-3000.0,idle
15810,324000.0,-201000.0,9791000.0,-6000.0,-10000.0,9000.0,idle
15820,357000.0,-232000.0,9779000.0,5000.0,-13000.0,16000.0,idle
15830,375000.0,-225000.0,9788000.0,-4000.0,-10000.0,12000.0,idle
15840,363000.0,-186000.0,9781000.0,-13000.0,-12000.0,13000.0,idle
15850,386000.0,-247000.0,9725000.0,1000.0,-12000.0,-6000.0,idle
15860,386000.0,-247000.0,9725000.0,1000.0,-12000.0,-6000.0,idle
15870,384000.0,-244000.0,9721000.0,0.0,-13000.0,-3000.0,idle
15880,369000.0,-335000.0,9683000.0,8000.0,-12000.0,-12000.0,idle
15890,398000.0,-292000.0,9665000.0,10000.0,-9000.0,-18000.0,idle
15900,398000.0,-184000.0,9669000.0,3000.0,-4000.0,-19000.0,idle
15910,401000.0,-161000.0,9721000.0,0.0,3000.0,-9000.0,idle
15920,369000.0,-216000.0,9750000.0,-1000.0,4000.0,6000.0,idle
15930,357000.0,-294000.0,9765000.0,-5000.0,2000.0,5000.0,idle
15940,336000.0,-294000.0,9803000.0,-1000.0,2000.0,4000.0,idle
15950,331000.0,-251000.0,9850000.0,2000.0,-2000.0,1000.0,idle
15960,354000.0,-223000.0,9846000.0,1000.0,-5000.0,-3000.0,idle
15970,335000.0,-186000.0,9869000.0,-2000.0,-4000.0,0.0,idle
15980,336000.0,-143000.0,9870000.0,-9000.0,-7000.0,-2000.0,idle
15990,330000.0,-87000.0,9822000.0,-15000.0,-12000.0,0.0,idle
16000,373000.0,-106000.0,9775000.0,-13000.0,-14000.0,12000.0,idle
16010,375000.0,-171000.0,9773000.0,-16000.0,-13000.0,28000.0,idle
16020,367000.0,-223000.0,9751000.0,-14000.0,-15000.0,35000.0,idle
16030,338000.0,-298000.0,9757000.0,-1000.0,-17000.0,36000.0,idle
16040,330000.0,-397000.0,9750000.0,9000.0,-20000.0,23000.0,idle
16050,335000.0,-416000.0,9756000.0,8000.0,-20000.0,-1000.0,idle
16060,363000.0,-313000.0,9735000.0,3000.0,-20000.0,-19000.0,idle
16070,397000.0,-210000.0,9696000.0,3000.0,-17000.0,-18000.0,idle
16080,417000.0,-247000.0,9686000.0,8000.0,-12000.0,-17000.0,idle
16090,408000.0,-209000.0,9700000.0,-6000.0,-7000.0,-5000.0,idle
16100,404000.0,-217000.0,9702000.0,-6000.0,-2000.0,1000.0,idle
16110,395000.0,-256000.0,9751000.0,0.0,0.0,12000.0,idle
16120,359000.0,-305000.0,9786000.0,0.0,-2000.0,15000.0,idle
16130,337000.0,-292000.0,9806000.0,8000.0,-4000.0,4000.0,idle
16140,331000.0,-320000.0,9822000.0,1000.0,-5000.0,-7000.0,idle
16150,361000.0,-257000.0,9834000.0,-3000.0,-9000.0,-21000.0,idle
16160,371000.0,-134000.0,9804000.0,-5000.0,-11000.0,-18000.0,idle
16170,381000.0,-162000.0,9803000.0,-3000.0,-12000.0,-15000.0,idle
16180,359000.0,-225000.0,9802000.0,4000.0,-15000.0,-10000.0,idle
16190,366000.0,-265000.0,9790000.0,9000.0,-15000.0,-6000.0,idle
16200,353000.0,-241000.0,9788000.0,14000.0,-15000.0,3000.0,idle
16210,383000.0,-244000.0,9787000.0,18000.0,-18000.0,9000.0,idle
16220,405000.0,-250000.0,9779000.0,13000.0,-22000.0,15000.0,idle
16230,407000.0,-288000.0,9735000.0,10000.0,-20000.0,14000.0,idle
16240,387000.0,-318000.0,9707000.0,6000.0,-17000.0,0.0,idle
16250,416000.0,-289000.0,9681000.0,7000.0,-14000.0,-16000.0,idle
16260,415000.0,-233000.0,9674000.0,14000.0,-9000.0,-23000.0,idle
16270,383000.0,-186000.0,9707000.0,11000.0,-2000.0,-20000.0,idle
16280,380000.0,-199000.0,9726000.0,-4000.0,-5000.0,-11000.0,idle
16290,399000.0,-240000.0,9750000.0,-2000.0,-7000.0,-7000.0,idle
16300,396000.0,-220000.0,9759000.0,5000.0,-4000.0,-7000.0,idle
16310,399000.0,-203000.0,9790000.0,1000.0,-4000.0,-7000.0,idle
16320,387000.0,-159000.0,9745000.0,17000.0,-5000.0,-2000.0,idle
16330,397000.0,-142000.0,9762000.0,15000.0,-5000.0,6000.0,idle
16340,377000.0,-195000.0,9768000.0,-7000.0,-5000.0,1000.0,idle
16350,339000.0,-287000.0,9835000.0,-13000.0,-3000.0,-1000.0,idle
16360,330000.0,-339000.0,9841000.0,3000.0,-5000.0,-13000.0,idle
16370,367000.0,-229000.0,9821000.0,6000.0,-11000.0,-15000.0,idle
16380,393000.0,-156000.0,9772000.0,0.0,-13000.0,-9000.0,idle
16390,389000.0,-153000.0,9750000.0,1000.0,-13000.0,-1000.0,idle
16400,389000.0,-153000.0,9750000.0,1000.0,-13000.0,-1000.0,idle
16410,401000.0,-155000.0,9738000.0,0.0,-15000.0,4000.0,idle
16420,409000.0,-159000.0,9731000.0,1000.0,-16000.0,11000.0,idle
16430,418000.0,-166000.0,9719000.0,3000.0,-13000.0,17000.0,idle
16440,408000.0,-198000.0,9714000.0,3000.0,-13000.0,21000.0,idle
16450,384000.0,-287000.0,9723000.0,-9000.0,-11000.0,19000.0,idle
16460,386000.0,-402000.0,9754000.0,-18000.0,-6000.0,6000.0,idle
16470,372000.0,-378000.0,9797000.0,-9000.0,-4000.0,-11000.0,idle
16480,365000.0,-272000.0,9778000.0,-7000.0,-7000.0,-19000.0,idle
16490,386000.0,-213000.0,9766000.0,0.0,-10000.0,-17000.0,idle
16500,409000.0,-209000.0,9750000.0,3000.0,-8000.0,-10000.0,idle
16510,402000.0,-210000.0,9723000.0,-3000.0,-9000.0,-3000.0,idle
16520,410000.0,-187000.0,9687000.0,0.0,-10000.0,-3000.0,idle
16530,426000.0,-172000.0,9692000.0,10000.0,-5000.0,0.0,idle
16540,402000.0,-226000.0,9702000.0,4000.0,-3000.0,7000.0,idle
16550,392000.0,-313000.0,9732000.0,2000.0,-1000.0,6000.0,idle
16560,384000.0,-344000.0,9735000.0,2000.0,0.0,2000.0,idle
16570,385000.0,-371000.0,9762000.0,6000.0,1000.0,-11000.0,idle
16580,392000.0,-239000.0,9778000.0,15000.0,2000.0,-21000.0,idle
16590,381000.0,-154000.0,9800000.0,2000.0,1000.0,-19000.0,idle
16600,377000.0,-171000.0,9802000.0,-9000.0,0.0,-18000.0,idle
16610,386000.0,-153000.0,9803000.0,-2000.0,-1000.0,-12000.0,idle
16620,390000.0,-125000.0,9808000.0,1000.0,-2000.0,-4000.0,idle
16630,377000.0,-128000.0,9835000.0,-1000.0,-3000.0,8000.0,idle
16640,379000.0,-196000.0,9848000.0,-3000.0,-6000.0,15000.0,idle
16650,366000.0,-233000.0,9845000.0,2000.0,-10000.0,24000.0,idle
16660,359000.0,-275000.0,9826000.0,4000.0,-13000.0,24000.0,idle
16670,359000.0,-353000.0,9785000.0,-6000.0,-19000.0,7000.0,idle
16680,362000.0,-350000.0,9787000.0,-6000.0,-21000.0,-8000.0,idle
16690,390000.0,-275000.0,9747000.0,1000.0,-21000.0,-20000.0,idle
16700,413000.0,-205000.0,9711000.0,10000.0,-21000.0,-14000.0,idle
16710,422000.0,-215000.0,9680000.0,12000.0,-19000.0,-5000.0,idle
16720,424000.0,-253000.0,9686000.0,10000.0,-15000.0,-2000.0,idle
16730,417000.0,-252000.0,9672000.0,4000.0,-10000.0,-7000.0,idle
16740,435000.0,-217000.0,9686000.0,-7000.0,-4000.0,-9000.0,idle
16750,435000.0,-210000.0,9715000.0,-3000.0,-1000.0,-3000.0,idle
16760,423000.0,-229000.0,9767000.0,-9000.0,-1000.0,-3000.0,idle
16770,395000.0,-271000.0,9811000.0,-19000.0,-1000.0,-2000.0,idle
16780,395000.0,-258000.0,9808000.0,-5000.0,-5000.0,5000.0,idle
16790,385000.0,-246000.0,9806000.0,13000.0,-6000.0,4000.0,idle
16800,381000.0,-245000.0,9799000.0,10000.0,-9000.0,-3000.0,idle
16810,391000.0,-217000.0,9775000.0,-1000.0,-12000.0,-10000.0,idle
16820,391000.0,-189000.0,9747000.0,-7000.0,-12000.0,-14000.0,idle
16830,405000.0,-136000.0,9741000.0,0.0,-9000.0,-5000.0,idle
16840,402000.0,-111000.0,9743000.0,3000.0,-9000.0,4000.0,idle
16850,411000.0,-175000.0,9767000.0,-3000.0,-7000.0,11000.0,idle
16860,384000.0,-270000.0,9822000.0,-5000.0,-6000.0,14000.0,idle
16870,387000.0,-361000.0,9826000.0,-1000.0,-10000.0,6000.0,idle
16880,398000.0,-342000.0,9792000.0,0.0,-14000.0,-6000.0,idle
16890,408000.0,-288000.0,9761000.0,6000.0,-15000.0,-18000.0,idle
16900,408000.0,-238000.0,9747000.0,11000.0,-14000.0,-14000.0,idle
16910,434000.0,-244000.0,9709000.0,11000.0,-13000.0,-5000.0,idle
16920,441000.0,-235000.0,9681000.0,11000.0,-10000.0,-1000.0,idle
16930,440000.0,-161000.0,9676000.0,5000.0,-6000.0,3000.0,idle
16940,451000.0,-120000.0,9664000.0,-5000.0,-4000.0,10000.0,idle
16950,426000.0,-166000.0,9678000.0,-4000.0,0.0,15000.0,idle
16960,403000.0,-278000.0,9762000.0,-10000.0,2000.0,13000.0,idle
16970,386000.0,-306000.0,9791000.0,-16000.0,2000.0,12000.0,idle
16980,418000.0,-266000.0,9785000.0,0.0,-2000.0,4000.0,idle
16990,403000.0,-226000.0,9783000.0,8000.0,-4000.0,0.0,idle
17000,448000.0,-233000.0,9689000.0,-12000.0,-11000.0,-2000.0,idle
17010,448000.0,-204000.0,9669000.0,-2000.0,-7000.0,0.0,idle
17020,442000.0,-216000.0,9658000.0,15000.0,-3000.0,0.0,idle
17030,414000.0,-227000.0,9662000.0,20000.0,0.0,3000.0,idle
17040,401000.0,-239000.0,9683000.0,8000.0,2000.0,2000.0,idle
17050,415000.0,-237000.0,9712000.0,0.0,5000.0,2000.0,idle
17060,396000.0,-223000.0,9761000.0,3000.0,8000.0,3000.0,idle
17070,395000.0,-199000.0,9766000.0,0.0,7000.0,3000.0,idle
17080,411000.0,-184000.0,9811000.0,-8000.0,6000.0,6000.0,idle
17090,404000.0,-195000.0,9833000.0,-8000.0,4000.0,15000.0,idle
17100,391000.0,-238000.0,9816000.0,-8000.0,1000.0,8000.0,idle
17110,360000.0,-246000.0,9844000.0,-15000.0,-1000.0,3000.0,idle
17120,356000.0,-222000.0,9882000.0,-10000.0,-3000.0,9000.0,idle
17130,356000.0,-266000.0,9887000.0,-2000.0,-9000.0,11000.0,idle
17140,359000.0,-368000.0,9860000.0,-3000.0,-13000.0,2000.0,idle
17150,360000.0,-367000.0,9847000.0,-6000.0,-13000.0,-10000.0,idle
17160,393000.0,-258000.0,9805000.0,-8000.0,-16000.0,-11000.0,idle
17170,408000.0,-211000.0,9733000.0,-5000.0,-21000.0,-4000.0,idle
17180,402000.0,-216000.0,9680000.0,11000.0,-25000.0,1000.0,idle
17190,469000.0,-247000.0,9652000.0,23000.0,-22000.0,5000.0,idle
17200,441000.0,-220000.0,9652000.0,10000.0,-14000.0,12000.0,idle
17210,447000.0,-213000.0,9678000.0,0.0,-11000.0,14000.0,idle
17220,458000.0,-250000.0,9671000.0,0.0,-8000.0,19000.0,idle
17230,446000.0,-348000.0,9702000.0,-10000.0,-5000.0,4000.0,idle
17240,386000.0,-122000.0,9793000.0,-6000.0,0.0,10000.0,idle
17250,386000.0,-122000.0,9793000.0,-6000.0,0.0,10000.0,idle
17260,384000.0,-198000.0,9818000.0,-2000.0,-2000.0,21000.0,idle
17270,366000.0,-270000.0,9842000.0,2000.0,0.0,29000.0,idle
17280,372000.0,-328000.0,9829000.0,3000.0,-6000.0,22000.0,idle
17290,363000.0,-342000.0,9835000.0,7000.0,-11000.0,11000.0,idle
17300,384000.0,-312000.0,9821000.0,3000.0,-13000.0,-3000.0,idle
17310,397000.0,-284000.0,9781000.0,5000.0,-18000.0,-7000.0,idle
17320,415000.0,-293000.0,9736000.0,17000.0,-15000.0,-6000.0,idle
17330,414000.0,-252000.0,9715000.0,11000.0,-9000.0,-2000.0,idle
17340,418000.0,-246000.0,9707000.0,-2000.0,-7000.0,2000.0,idle
17350,418000.0,-249000.0,9731000.0,-3000.0,-5000.0,8000.0,idle
17360,396000.0,-290000.0,9751000.0,4000.0,-4000.0,10000.0,idle
17370,393000.0,-360000.0,9742000.0,5000.0,-5000.0,2000.0,idle
17380,418000.0,-335000.0,9721000.0,0.0,-10000.0,-6000.0,idle
17390,442000.0,-247000.0,9723000.0,1000.0,-6000.0,-15000.0,idle
17400,439000.0,-168000.0,9706000.0,-2000.0,-6000.0,-13000.0,idle
17410,452000.0,-152000.0,9713000.0,1000.0,-3000.0,-7000.0,idle
17420,436000.0,-183000.0,9724000.0,9000.0,0.0,-14000.0,idle
17430,408000.0,-110000.0,9750000.0,0.0,5000.0,-12000.0,idle
17440,424000.0,-105000.0,9777000.0,-13000.0,4000.0,-6000.0,idle
17450,415000.0,-150000.0,9757000.0,-6000.0,-1000.0,7000.0,idle
17460,429000.0,-214000.0,9765000.0,3000.0,1000.0,12000.0,idle
17470,391000.0,-219000.0,9794000.0,-14000.0,1000.0,1000.0,idle
17480,387000.0,-227000.0,9803000.0,-6000.0,-5000.0,15000.0,idle
17490,387000.0,-227000.0,9803000.0,-6000.0,-5000.0,15000.0,idle
17500,369000.0,-254000.0,9788000.0,-11000.0,-5000.0,19000.0,idle
17510,386000.0,-256000.0,9755000.0,-5000.0,-8000.0,23000.0,idle
17520,391000.0,-240000.0,9738000.0,-1000.0,-10000.0,22000.0,idle
17530,390000.0,-245000.0,9753000.0,-10000.0,-7000.0,13000.0,idle
17540,389000.0,-265000.0,9755000.0,-19000.0,-6000.0,13000.0,idle
17550,379000.0,-363000.0,9771000.0,-13000.0,-7000.0,4000.0,idle
17560,377000.0,-389000.0,9756000.0,0.0,-9000.0,-9000.0,idle
17570,422000.0,-294000.0,9731000.0,11000.0,-10000.0,-12000.0,idle
17580,452000.0,-284000.0,9750000.0,16000.0,-12000.0,-11000.0,idle
17590,442000.0,-314000.0,9729000.0,17000.0,-9000.0,-21000.0,idle
17600,405000.0,-193000.0,9699000.0,12000.0,-5000.0,-22000.0,idle
17610,432000.0,-152000.0,9707000.0,-2000.0,-2000.0,-17000.0,idle
17620,447000.0,-204000.0,9692000.0,-2000.0,0.0,-7000.0,idle
17630,440000.0,-227000.0,9678000.0,5000.0,3000.0,6000.0,idle
17640,420000.0,-235000.0,9727000.0,3000.0,8000.0,15000.0,idle
17650,452000.0,-204000.0,9804000.0,0.0,11000.0,21000.0,idle
17660,427000.0,-156000.0,9834000.0,0.0,12000.0,27000.0,idle
17670,322000.0,-282000.0,9839000.0,-5000.0,5000.0,13000.0,idle
17680,320000.0,-387000.0,9829000.0,-5000.0,-2000.0,-7000.0,idle
17690,377000.0,-221000.0,9833000.0,1000.0,-2000.0,-6000.0,idle
17700,389000.0,-119000.0,9827000.0,-3000.0,-2000.0,-6000.0,idle
17710,395000.0,-107000.0,9836000.0,-13000.0,-7000.0,9000.0,idle
17720,392000.0,-204000.0,9799000.0,-9000.0,-12000.0,18000.0,idle
17730,405000.0,-269000.0,9773000.0,-8000.0,-13000.0,17000.0,idle
17740,386000.0,-250000.0,9781000.0,-14000.0,-12000.0,19000.0,idle
17750,397000.0,-281000.0,9785000.0,-12000.0,-15000.0,23000.0,idle
17760,405000.0,-361000.0,9750000.0,-3000.0,-17000.0,27000.0,idle
17770,385000.0,-468000.0,9713000.0,-1000.0,-16000.0,9000.0,idle
17780,395000.0,-428000.0,9676000.0,4000.0,-15000.0,-14000.0,idle
17790,432000.0,-276000.0,9658000.0,19000.0,-12000.0,-29000.0,idle
17800,451000.0,-161000.0,9668000.0,15000.0,-7000.0,-29000.0,idle
17810,428000.0,-227000.0,9731000.0,-10000.0,3000.0,3000.0,idle
17820,436000.0,-275000.0,9767000.0,1000.0,3000.0,7000.0,idle
17830,405000.0,-222000.0,9808000.0,12000.0,1000.0,12000.0,idle
17840,396000.0,-205000.0,9811000.0,11000.0,1000.0,11000.0,idle
17850,381000.0,-202000.0,9802000.0,0.0,-2000.0,6000.0,idle
17860,383000.0,-155000.0,9786000.0,-10000.0,-2000.0,5000.0,idle
17870,403000.0,-137000.0,9775000.0,-18000.0,0.0,6000.0,idle
17880,393000.0,-225000.0,9788000.0,-25000.0,-3000.0,11000.0,idle
17890,386000.0,-210000.0,9787000.0,11000.0,-6000.0,3000.0,idle
17900,403000.0,-197000.0,9780000.0,3000.0,-7000.0,8000.0,idle
17910,429000.0,-244000.0,9754000.0,2000.0,-10000.0,15000.0,idle
17920,410000.0,-295000.0,9743000.0,0.0,-6000.0,20000.0,idle
17930,403000.0,-365000.0,9729000.0,1000.0,-7000.0,18000.0,idle
17940,423000.0,-378000.0,9717000.0,-2000.0,-12000.0,4000.0,idle
17950,399000.0,-397000.0,9719000.0,4000.0,-10000.0,-6000.0,idle
17960,411000.0,-421000.0,9727000.0,11000.0,-6000.0,-17000.0,idle
17970,420000.0,-379000.0,9712000.0,7000.0,-3000.0,-20000.0,idle
17980,420000.0,-314000.0,9690000.0,-1000.0,0.0,-26000.0,idle
17990,434000.0,-249000.0,9706000.0,-4000.0,3000.0,-27000.0,idle
18000,439000.0,-208000.0,9701000.0,0.0,5000.0,-14000.0,idle
18010,439000.0,-221000.0,9739000.0,5000.0,6000.0,-1000.0,idle
18020,395000.0,-205000.0,9790000.0,-1000.0,8000.0,10000.0,idle
18030,395000.0,-214000.0,9808000.0,-2000.0,7000.0,14000.0,idle
18040,392000.0,-226000.0,9780000.0,2000.0,5000.0,14000.0,idle
18050,409000.0,-221000.0,9778000.0,4000.0,5000.0,11000.0,idle
18060,383000.0,-256000.0,9775000.0,-4000.0,4000.0,-6000.0,idle
18070,392000.0,-185000.0,9762000.0,3000.0,1000.0,-20000.0,idle
18080,426000.0,-124000.0,9781000.0,10000.0,2000.0,-15000.0,idle
18090,401000.0,-123000.0,9780000.0,14000.0,1000.0,-6000.0,idle
18100,404000.0,-134000.0,9757000.0,19000.0,-1000.0,4000.0,idle
18110,401000.0,-207000.0,9742000.0,6000.0,0.0,6000.0,idle
18120,395000.0,-198000.0,9731000.0,-1000.0,0.0,14000.0,idle
18130,398000.0,-158000.0,9737000.0,0.0,2000.0,21000.0,idle
18140,371000.0,-184000.0,9780000.0,-4000.0,3000.0,28000.0,idle
18150,360000.0,-293000.0,9797000.0,-15000.0,1000.0,22000.0,idle
18160,360000.0,-318000.0,9802000.0,-13000.0,2000.0,13000.0,idle
18170,357000.0,-274000.0,9794000.0,-20000.0,2000.0,1000.0,idle
18180,345000.0,-246000.0,9800000.0,-28000.0,-2000.0,-2000.0,idle
18190,357000.0,-251000.0,9791000.0,-7000.0,-4000.0,7000.0,idle
18200,386000.0,-283000.0,9754000.0,6000.0,-5000.0,9000.0,idle
18210,413000.0,-254000.0,9706000.0,7000.0,-10000.0,9000.0,idle
18220,417000.0,-278000.0,9688000.0,15000.0,-8000.0,7000.0,idle
18230,417000.0,-278000.0,9688000.0,15000.0,-8000.0,7000.0,idle
18240,387000.0,-287000.0,9700000.0,22000.0,-5000.0,15000.0,idle
18250,421000.0,-314000.0,9650000.0,18000.0,-3000.0,21000.0,idle
18260,415000.0,-342000.0,9652000.0,5000.0,1000.0,13000.0,idle
18270,386000.0,-393000.0,9701000.0,-4000.0,7000.0,0.0,idle
18280,383000.0,-435000.0,9730000.0,1000.0,12000.0,-8000.0,idle
18290,390000.0,-345000.0,9777000.0,6000.0,12000.0,-18000.0,idle
18300,395000.0,-175000.0,9798000.0,2000.0,14000.0,-16000.0,idle
18310,385000.0,-125000.0,9856000.0,-10000.0,14000.0,-7000.0,idle
18320,359000.0,-187000.0,9846000.0,-17000.0,10000.0,0.0,idle
18330,362000.0,-208000.0,9839000.0,-15000.0,6000.0,0.0,idle
18340,357000.0,-199000.0,9863000.0,-9000.0,5000.0,5000.0,idle
18350,339000.0,-233000.0,9870000.0,4000.0,1000.0,3000.0,idle
18360,318000.0,-211000.0,9828000.0,20000.0,-7000.0,6000.0,idle
18370,362000.0,-234000.0,9798000.0,25000.0,-14000.0,5000.0,idle
18380,373000.0,-302000.0,9775000.0,9000.0,-14000.0,-5000.0,idle
18390,407000.0,-278000.0,9744000.0,3000.0,-15000.0,-12000.0,idle
18400,410000.0,-241000.0,9683000.0,9000.0,-14000.0,-12000.0,idle
18410,411000.0,-195000.0,9636000.0,13000.0,-12000.0,-8000.0,idle
18420,435000.0,-148000.0,9640000.0,11000.0,-4000.0,-1000.0,idle
18430,439000.0,-135000.0,9626000.0,-1000.0,3000.0,7000.0,idle
18440,439000.0,-184000.0,9651000.0,-7000.0,7000.0,15000.0,idle
18450,416000.0,-270000.0,9686000.0,-5000.0,11000.0,18000.0,idle
18460,389000.0,-276000.0,9703000.0,-4000.0,14000.0,17000.0,idle
18470,373000.0,-311000.0,9748000.0,-3000.0,13000.0,5000.0,idle
18480,350000.0,-260000.0,9750000.0,6000.0,13000.0,0.0,idle
18490,366000.0,-221000.0,9796000.0,5000.0,14000.0,-6000.0,idle
18500,343000.0,-280000.0,9835000.0,-10000.0,14000.0,-13000.0,idle
18510,322000.0,-280000.0,9841000.0,-1000.0,10000.0,-15000.0,idle
18520,342000.0,-213000.0,9806000.0,12000.0,6000.0,-13000.0,idle
18530,366000.0,-146000.0,9806000.0,2000.0,5000.0,-4000.0,idle
18540,351000.0,-175000.0,9842000.0,-10000.0,5000.0,7000.0,idle
18550,337000.0,-237000.0,9847000.0,-11000.0,3000.0,22000.0,idle
18560,329000.0,-287000.0,9832000.0,-4000.0,-2000.0,29000.0,idle
18570,313000.0,-320000.0,9810000.0,1000.0,-5000.0,27000.0,idle
18580,328000.0,-368000.0,9803000.0,0.0,-9000.0,22000.0,idle
18590,354000.0,-373000.0,9759000.0,12000.0,-10000.0,11000.0,idle
18600,349000.0,-282000.0,9706000.0,25000.0,-6000.0,4000.0,idle
18610,360000.0,-276000.0,9705000.0,15000.0,-6000.0,-9000.0,idle
18620,387000.0,-258000.0,9683000.0,0.0,-5000.0,-23000.0,idle
18630,407000.0,-161000.0,9689000.0,-2000.0,0.0,-18000.0,idle
18640,389000.0,-148000.0,9713000.0,-4000.0,7000.0,-5000.0,idle
18650,385000.0,-225000.0,9750000.0,-13000.0,6000.0,11000.0,idle
18660,363000.0,-283000.0,9750000.0,-5000.0,4000.0,21000.0,idle
18670,367000.0,-284000.0,9742000.0,12000.0,2000.0,15000.0,idle
18680,387000.0,-265000.0,9744000.0,5000.0,0.0,7000.0,idle
18690,372000.0,-229000.0,9711000.0,6000.0,2000.0,1000.0,idle
18700,375000.0,-231000.0,9699000.0,4000.0,3000.0,-17000.0,idle
18710,356000.0,-173000.0,9731000.0,-14000.0,7000.0,-21000.0,idle
18720,342000.0,-171000.0,9775000.0,-23000.0,12000.0,-18000.0,idle
18730,329000.0,-209000.0,9798000.0,-17000.0,11000.0,-6000.0,idle
18740,328000.0,-233000.0,9799000.0,-7000.0,5000.0,9000.0,idle
18750,347000.0,-272000.0,9785000.0,-3000.0,4000.0,18000.0,idle
18760,325000.0,-288000.0,9779000.0,7000.0,3000.0,19000.0,idle
18770,361000.0,-266000.0,9786000.0,12000.0,2000.0,20000.0,idle
18780,337000.0,-253000.0,9786000.0,6000.0,0.0,11000.0,idle
18790,339000.0,-289000.0,9749000.0,3000.0,-2000.0,-7000.0,idle
18800,343000.0,-246000.0,9793000.0,2000.0,0.0,-15000.0,idle
18810,341000.0,-235000.0,9826000.0,-9000.0,0.0,-15000.0,idle
18820,330000.0,-245000.0,9805000.0,-4000.0,-2000.0,-6000.0,idle
18830,319000.0,-278000.0,9806000.0,0.0,-2000.0,-1000.0,idle
18840,328000.0,-290000.0,9791000.0,-10000.0,-3000.0,-1000.0,idle
18850,345000.0,-264000.0,9780000.0,-7000.0,-6000.0,0.0,idle
18860,361000.0,-225000.0,9714000.0,7000.0,-8000.0,4000.0,idle
18870,391000.0,-231000.0,9656000.0,20000.0,-9000.0,7000.0,idle
18880,384000.0,-250000.0,9651000.0,25000.0,-7000.0,5000.0,idle
18890,373000.0,-254000.0,9652000.0,27000.0,-3000.0,2000.0,idle
18900,377000.0,-294000.0,9681000.0,19000.0,1000.0,-12000.0,idle
18910,374000.0,-274000.0,9721000.0,3000.0,5000.0,-15000.0,idle
18920,359000.0,-243000.0,9733000.0,3000.0,7000.0,-11000.0,idle
18930,363000.0,-274000.0,9731000.0,5000.0,9000.0,-11000.0,idle
18940,363000.0,-238000.0,9730000.0,0.0,13000.0,-10000.0,idle
18950,355000.0,-162000.0,9778000.0,1000.0,17000.0,-6000.0,idle
18960,310000.0,-138000.0,9838000.0,8000.0,17000.0,0.0,idle
18970,308000.0,-146000.0,9896000.0,3000.0,13000.0,8000.0,idle
18980,299000.0,-207000.0,9927000.0,-6000.0,9000.0,11000.0,idle
18990,290000.0,-217000.0,9889000.0,-14000.0,1000.0,10000.0,idle
19000,308000.0,-199000.0,9851000.0,-11000.0,-4000.0,10000.0,idle
19010,312000.0,-228000.0,9804000.0,-7000.0,-7000.0,9000.0,idle
19020,308000.0,-231000.0,9771000.0,-6000.0,-9000.0,7000.0,idle
19030,314000.0,-260000.0,9763000.0,-1000.0,-10000.0,8000.0,idle
19040,307000.0,-316000.0,9748000.0,1000.0,-11000.0,2000.0,idle
19050,320000.0,-293000.0,9730000.0,3000.0,-13000.0,-2000.0,idle
19060,349000.0,-274000.0,9727000.0,7000.0,-9000.0,-1000.0,idle
19070,326000.0,-316000.0,9727000.0,7000.0,-7000.0,-5000.0,idle
19080,344000.0,-354000.0,9698000.0,6000.0,-7000.0,-12000.0,idle
19090,389000.0,-289000.0,9672000.0,10000.0,-4000.0,-15000.0,idle
19100,380000.0,-198000.0,9702000.0,-4000.0,3000.0,-14000.0,idle
19110,335000.0,-210000.0,9760000.0,-17000.0,5000.0,-10000.0,idle
19120,318000.0,-381000.0,9756000.0,-3000.0,0.0,-22000.0,idle
19130,344000.0,-311000.0,9745000.0,26000.0,0.0,-28000.0,idle
19140,348000.0,-118000.0,9756000.0,23000.0,5000.0,-26000.0,idle
19150,343000.0,-77000.0,9824000.0,1000.0,5000.0,-18000.0,idle
19160,284000.0,-138000.0,9857000.0,-10000.0,8000.0,2000.0,idle
19170,276000.0,-237000.0,9865000.0,-15000.0,3000.0,19000.0,idle
19180,289000.0,-312000.0,9850000.0,-11000.0,-10000.0,23000.0,idle
19190,299000.0,-329000.0,9773000.0,11000.0,-19000.0,18000.0,idle
19200,323000.0,-243000.0,9772000.0,30000.0,-21000.0,-3000.0,idle
19210,328000.0,-96000.0,9824000.0,-2000.0,-12000.0,-7000.0,idle
19220,312000.0,-117000.0,9796000.0,-28000.0,-10000.0,2000.0,idle
19230,337000.0,-205000.0,9748000.0,-18000.0,-15000.0,7000.0,idle
19240,344000.0,-237000.0,9681000.0,-12000.0,-14000.0,6000.0,idle
19250,368000.0,-259000.0,9719000.0,-14000.0,-10000.0,-2000.0,idle
19260,348000.0,-260000.0,9784000.0,-4000.0,-6000.0,0.0,idle
19270,355000.0,-263000.0,9778000.0,18000.0,-12000.0,13000.0,idle
19280,350000.0,-328000.0,9738000.0,21000.0,-15000.0,12000.0,idle
19290,335000.0,-312000.0,9727000.0,9000.0,-12000.0,2000.0,idle
19300,335000.0,-312000.0,9727000.0,9000.0,-12000.0,2000.0,idle
19310,355000.0,-266000.0,9727000.0,-1000.0,-9000.0,-5000.0,idle
19320,360000.0,-263000.0,9682000.0,-2000.0,-8000.0,-7000.0,idle
19330,355000.0,-271000.0,9707000.0,0.0,-7000.0,-10000.0,idle
19340,337000.0,-268000.0,9732000.0,-1000.0,-2000.0,-12000.0,idle
19350,325000.0,-256000.0,9743000.0,4000.0,-2000.0,-14000.0,idle
19360,345000.0,-243000.0,9759000.0,10000.0,-4000.0,-15000.0,idle
19370,355000.0,-190000.0,9781000.0,6000.0,-3000.0,-11000.0,idle
19380,342000.0,-178000.0,9797000.0,-9000.0,-2000.0,-7000.0,idle
19390,343000.0,-199000.0,9809000.0,-11000.0,-3000.0,-1000.0,idle
19400,339000.0,-219000.0,9798000.0,6000.0,-7000.0,7000.0,idle
19410,359000.0,-231000.0,9772000.0,11000.0,-12000.0,6000.0,idle
19420,356000.0,-205000.0,9800000.0,5000.0,-13000.0,-2000.0,idle
19430,339000.0,-152000.0,9794000.0,0.0,-11000.0,-1000.0,idle
19440,329000.0,-186000.0,9794000.0,-6000.0,-10000.0,0.0,idle
19450,336000.0,-245000.0,9774000.0,-15000.0,-11000.0,0.0,idle
19460,339000.0,-238000.0,9761000.0,-19000.0,-6000.0,4000.0,idle
19470,344000.0,-226000.0,9765000.0,-18000.0,-7000.0,10000.0,idle
19480,324000.0,-233000.0,9772000.0,-8000.0,-9000.0,19000.0,idle
19490,318000.0,-251000.0,9774000.0,-3000.0,-9000.0,19000.0,idle
19500,320000.0,-274000.0,9777000.0,-8000.0,-12000.0,15000.0,idle
19510,347000.0,-262000.0,9767000.0,-13000.0,-15000.0,12000.0,idle
19520,371000.0,-278000.0,9682000.0,1000.0,-11000.0,-5000.0,idle
19530,371000.0,-278000.0,9682000.0,1000.0,-11000.0,-5000.0,idle
19540,380000.0,-292000.0,9702000.0,6000.0,-8000.0,-4000.0,idle
19550,365000.0,-299000.0,9726000.0,5000.0,-6000.0,-4000.0,idle
19560,354000.0,-272000.0,9730000.0,0.0,-4000.0,-1000.0,idle
19570,357000.0,-268000.0,9749000.0,-4000.0,-1000.0,1000.0,idle
19580,355000.0,-284000.0,9745000.0,-12000.0,-1000.0,3000.0,idle
19590,348000.0,-274000.0,9735000.0,-13000.0,-3000.0,1000.0,idle
19600,353000.0,-244000.0,9750000.0,2000.0,-1000.0,-4000.0,idle
19610,319000.0,-208000.0,9812000.0,5000.0,1000.0,-8000.0,idle
19620,308000.0,-175000.0,9873000.0,-3000.0,0.0,-2000.0,idle
19630,305000.0,-220000.0,9872000.0,-6000.0,-5000.0,-3000.0,idle
19640,316000.0,-193000.0,9856000.0,-9000.0,-7000.0,5000.0,idle
19650,343000.0,-226000.0,9853000.0,-15000.0,-12000.0,1000.0,idle
19660,331000.0,-197000.0,9820000.0,-9000.0,-18000.0,4000.0,idle
19670,338000.0,-185000.0,9820000.0,1000.0,-18000.0,13000.0,idle
19680,369000.0,-196000.0,9786000.0,2000.0,-23000.0,20000.0,idle
19690,373000.0,-223000.0,9733000.0,2000.0,-23000.0,23000.0,idle
19700,365000.0,-247000.0,9731000.0,-5000.0,-21000.0,17000.0,idle
19710,328000.0,-329000.0,9720000.0,-18000.0,-15000.0,9000.0,idle
19720,339000.0,-398000.0,9717000.0,-17000.0,-18000.0,-3000.0,idle
19730,362000.0,-396000.0,9706000.0,0.0,-20000.0,-8000.0,idle
19740,396000.0,-214000.0,9709000.0,0.0,-2000.0,-1000.0,idle
19750,396000.0,-214000.0,9709000.0,0.0,-2000.0,-1000.0,idle
19760,369000.0,-215000.0,9738000.0,-3000.0,0.0,6000.0,idle
19770,332000.0,-294000.0,9784000.0,0.0,1000.0,5000.0,idle
19780,325000.0,-307000.0,9822000.0,2000.0,0.0,2000.0,idle
19790,325000.0,-244000.0,9821000.0,-2000.0,-2000.0,-3000.0,idle
19800,339000.0,-203000.0,9804000.0,-12000.0,-6000.0,-7000.0,idle
19810,378000.0,-197000.0,9823000.0,-7000.0,-11000.0,-4000.0,idle
19820,356000.0,-185000.0,9804000.0,-4000.0,-11000.0,-1000.0,idle
19830,339000.0,-166000.0,9786000.0,-9000.0,-12000.0,4000.0,idle
19840,356000.0,-197000.0,9775000.0,-5000.0,-15000.0,11000.0,idle
19850,361000.0,-243000.0,9748000.0,4000.0,-18000.0,22000.0,idle
19860,390000.0,-295000.0,9736000.0,6000.0,-18000.0,20000.0,idle
19870,381000.0,-319000.0,9741000.0,-3000.0,-17000.0,12000.0,idle
19880,362000.0,-360000.0,9741000.0,-11000.0,-18000.0,3000.0,idle
19890,387000.0,-343000.0,9706000.0,-1000.0,-17000.0,0.0,idle
19900,374000.0,-334000.0,9693000.0,4000.0,-11000.0,-7000.0,idle
19910,372000.0,-362000.0,9705000.0,6000.0,-10000.0,-26000.0,idle
19920,386000.0,-265000.0,9690000.0,11000.0,-9000.0,-30000.0,idle
19930,379000.0,-191000.0,9705000.0,7000.0,-3000.0,-22000.0,idle
19940,395000.0,-192000.0,9750000.0,-2000.0,-1000.0,-11000.0,idle
19950,393000.0,-237000.0,9766000.0,-8000.0,-2000.0,-4000.0,idle
19960,377000.0,-262000.0,9785000.0,-4000.0,-3000.0,2000.0,idle
19970,375000.0,-251000.0,9775000.0,7000.0,-3000.0,6000.0,idle
19980,368000.0,-225000.0,9812000.0,13000.0,-3000.0,8000.0,idle
19990,348000.0,-266000.0,9823000.0,2000.0,-7000.0,3000.0,idle
20000,339000.0,-264000.0,9793000.0,-3000.0,-12000.0,-3000.0,idle
20010,365000.0,-209000.0,9761000.0,0.0,-12000.0,-2000.0,idle
20020,378000.0,-201000.0,9751000.0,-4000.0,-12000.0,0.0,idle
20030,418000.0,-187000.0,9754000.0,-7000.0,-11000.0,8000.0,idle
20040,383000.0,-211000.0,9766000.0,-7000.0,-5000.0,18000.0,idle
20050,334000.0,-357000.0,9765000.0,-20000.0,-8000.0,2000.0,idle
20060,330000.0,-378000.0,9751000.0,-12000.0,-11000.0,-21000.0,idle
20070,374000.0,-217000.0,9735000.0,11000.0,-6000.0,-22000.0,idle
20080,393000.0,-174000.0,9777000.0,-1000.0,-4000.0,-10000.0,idle
20090,379000.0,-250000.0,9806000.0,-19000.0,-7000.0,3000.0,idle
20100,368000.0,-304000.0,9804000.0,-14000.0,-6000.0,6000.0,idle
20110,342000.0,-289000.0,9797000.0,-11000.0,-7000.0,6000.0,idle
20120,330000.0,-270000.0,9774000.0,-11000.0,-13000.0,7000.0,idle
20130,355000.0,-282000.0,9732000.0,5000.0,-20000.0,8000.0,idle
20140,373000.0,-257000.0,9739000.0,10000.0,-17000.0,9000.0,idle
20150,386000.0,-256000.0,9744000.0,1000.0,-14000.0,7000.0,idle
20160,409000.0,-290000.0,9718000.0,5000.0,-15000.0,0.0,idle
20170,430000.0,-249000.0,9681000.0,7000.0,-13000.0,-6000.0,idle
20180,356000.0,-288000.0,9780000.0,0.0,6000.0,-3000.0,idle
20190,395000.0,-225000.0,9797000.0,8000.0,2000.0,-4000.0,idle
20200,335000.0,-265000.0,9806000.0,-12000.0,-5000.0,1000.0,idle
20210,335000.0,-265000.0,9806000.0,-12000.0,-5000.0,1000.0,idle
20220,325000.0,-232000.0,9818000.0,-12000.0,-5000.0,1000.0,idle
20230,323000.0,-250000.0,9846000.0,-9000.0,-4000.0,10000.0,idle
20240,335000.0,-363000.0,9847000.0,-2000.0,-13000.0,17000.0,idle
20250,347000.0,-434000.0,9818000.0,8000.0,-19000.0,4000.0,idle
20260,369000.0,-326000.0,9781000.0,13000.0,-19000.0,-8000.0,idle
20270,385000.0,-195000.0,9735000.0,9000.0,-23000.0,-8000.0,idle
20280,398000.0,-225000.0,9707000.0,9000.0,-22000.0,0.0,idle
20290,410000.0,-264000.0,9659000.0,7000.0,-16000.0,5000.0,idle
20300,423000.0,-235000.0,9639000.0,-5000.0,-12000.0,0.0,idle
20310,438000.0,-193000.0,9676000.0,-17000.0,-5000.0,0.0,idle
20320,409000.0,-233000.0,9729000.0,-13000.0,0.0,10000.0,idle
20330,408000.0,-342000.0,9721000.0,-7000.0,-5000.0,13000.0,idle
20340,411000.0,-397000.0,9724000.0,-5000.0,-4000.0,0.0,idle
20350,385000.0,-310000.0,9754000.0,-1000.0,2000.0,-10000.0,idle
20360,377000.0,-252000.0,9780000.0,3000.0,0.0,-14000.0,idle
20370,350000.0,-275000.0,9763000.0,10000.0,-1000.0,-10000.0,idle
20380,372000.0,-234000.0,9773000.0,15000.0,-3000.0,-9000.0,idle
20390,371000.0,-186000.0,9802000.0,3000.0,-4000.0,-8000.0,idle
20400,369000.0,-196000.0,9822000.0,-5000.0,-6000.0,1000.0,idle
20410,390000.0,-237000.0,9790000.0,2000.0,-7000.0,10000.0,idle
20420,365000.0,-270000.0,9765000.0,-3000.0,-6000.0,13000.0,idle
20430,375000.0,-275000.0,9784000.0,-10000.0,-6000.0,19000.0,idle
20440,378000.0,-288000.0,9800000.0,-7000.0,-6000.0,18000.0,idle
20450,357000.0,-339000.0,9804000.0,-4000.0,-9000.0,18000.0,idle
20460,377000.0,-377000.0,9766000.0,2000.0,-15000.0,15000.0,idle
20470,427000.0,-349000.0,9750000.0,11000.0,-15000.0,1000.0,idle
20480,385000.0,-292000.0,9720000.0,9000.0,-10000.0,-15000.0,idle
20490,403000.0,-228000.0,9723000.0,0.0,-10000.0,-15000.0,idle
20500,411000.0,-233000.0,9701000.0,4000.0,-7000.0,-7000.0,idle
20510,379000.0,-244000.0,9693000.0,1000.0,-2000.0,0.0,idle
20520,379000.0,-260000.0,9724000.0,-9000.0,-2000.0,-3000.0,idle
20530,380000.0,-278000.0,9738000.0,-6000.0,-3000.0,1000.0,idle
20540,395000.0,-328000.0,9768000.0,7000.0,-4000.0,3000.0,idle
20550,385000.0,-323000.0,9774000.0,10000.0,-5000.0,-8000.0,idle
20560,366000.0,-286000.0,9800000.0,0.0,-3000.0,-17000.0,idle
20570,380000.0,-247000.0,9768000.0,4000.0,-8000.0,-21000.0,idle
20580,413000.0,-165000.0,9714000.0,10000.0,-8000.0,-9000.0,idle
20590,393000.0,-146000.0,9723000.0,2000.0,-2000.0,-4000.0,idle
20600,411000.0,-172000.0,9741000.0,-7000.0,-1000.0,4000.0,idle
20610,407000.0,-191000.0,9744000.0,-2000.0,-1000.0,15000.0,idle
20620,390000.0,-262000.0,9763000.0,6000.0,-1000.0,21000.0,idle
20630,377000.0,-310000.0,9791000.0,0.0,-5000.0,18000.0,idle
20640,378000.0,-312000.0,9778000.0,-6000.0,-5000.0,10000.0,idle
20650,384000.0,-314000.0,9771000.0,-4000.0,-7000.0,-7000.0,idle
20660,386000.0,-252000.0,9775000.0,-7000.0,-5000.0,-8000.0,idle
20670,381000.0,-253000.0,9773000.0,-3000.0,-5000.0,-5000.0,idle
20680,385000.0,-247000.0,9753000.0,2000.0,-5000.0,-1000.0,idle
20690,355000.0,-270000.0,9829000.0,-1000.0,-5000.0,11000.0,idle
20700,355000.0,-270000.0,9829000.0,-1000.0,-5000.0,11000.0,idle
20710,360000.0,-271000.0,9805000.0,2000.0,-11000.0,15000.0,idle
20720,380000.0,-311000.0,9786000.0,-2000.0,-15000.0,11000.0,idle
20730,385000.0,-308000.0,9762000.0,-8000.0,-15000.0,6000.0,idle
20740,424000.0,-302000.0,9732000.0,-7000.0,-13000.0,-4000.0,idle
20750,427000.0,-265000.0,9702000.0,-5000.0,-13000.0,-12000.0,idle
20760,436000.0,-227000.0,9652000.0,10000.0,-11000.0,-7000.0,idle
20770,445000.0,-195000.0,9644000.0,18000.0,-6000.0,-3000.0,idle
20780,426000.0,-232000.0,9653000.0,6000.0,-1000.0,3000.0,idle
20790,432000.0,-258000.0,9687000.0,3000.0,4000.0,9000.0,idle
20800,414000.0,-260000.0,9715000.0,6000.0,10000.0,11000.0,idle
20810,383000.0,-245000.0,9724000.0,0.0,11000.0,11000.0,idle
20820,380000.0,-254000.0,9763000.0,-8000.0,12000.0,11000.0,idle
20830,342000.0,-292000.0,9805000.0,-8000.0,10000.0,8000.0,idle
20840,348000.0,-369000.0,9845000.0,-7000.0,1000.0,-8000.0,idle
20850,355000.0,-310000.0,9851000.0,-3000.0,-1000.0,-17000.0,idle
20860,372000.0,-185000.0,9864000.0,10000.0,0.0,-11000.0,idle
20870,357000.0,-215000.0,9865000.0,2000.0,-7000.0,-2000.0,idle
20880,363000.0,-276000.0,9823000.0,-7000.0,-11000.0,6000.0,idle
20890,349000.0,-288000.0,9805000.0,-4000.0,-9000.0,10000.0,idle
20900,354000.0,-313000.0,9803000.0,-6000.0,-9000.0,7000.0,idle
20910,363000.0,-318000.0,9804000.0,-13000.0,-11000.0,9000.0,idle
20920,362000.0,-320000.0,9791000.0,-6000.0,-15000.0,13000.0,idle
20930,380000.0,-350000.0,9753000.0,0.0,-17000.0,9000.0,idle
20940,397000.0,-266000.0,9686000.0,2000.0,-19000.0,-18000.0,idle
20950,397000.0,-266000.0,9686000.0,2000.0,-19000.0,-18000.0,idle
20960,418000.0,-225000.0,9688000.0,5000.0,-13000.0,-17000.0,idle
20970,423000.0,-265000.0,9696000.0,6000.0,-9000.0,-13000.0,idle
20980,420000.0,-290000.0,9700000.0,4000.0,-9000.0,-14000.0,idle
20990,415000.0,-265000.0,9723000.0,2000.0,-7000.0,-14000.0,idle
21000,410000.0,-238000.0,9745000.0,1000.0,-4000.0,-11000.0,idle
21010,413000.0,-195000.0,9747000.0,1000.0,-5000.0,-1000.0,idle
21020,413000.0,-181000.0,9715000.0,1000.0,-4000.0,8000.0,idle
21030,418000.0,-199000.0,9720000.0,3000.0,-3000.0,12000.0,idle
21040,413000.0,-238000.0,9760000.0,2000.0,0.0,12000.0,idle
21050,373000.0,-311000.0,9790000.0,2000.0,1000.0,4000.0,idle
21060,389000.0,-324000.0,9783000.0,-1000.0,-4000.0,-12000.0,idle
21070,349000.0,-204000.0,9783000.0,4000.0,-3000.0,-11000.0,idle
21080,368000.0,-226000.0,9836000.0,1000.0,-1000.0,-6000.0,idle
21090,361000.0,-308000.0,9840000.0,-9000.0,-6000.0,2000.0,idle
21100,372000.0,-351000.0,9812000.0,-5000.0,-9000.0,4000.0,idle
21110,354000.0,-343000.0,9786000.0,3000.0,-11000.0,-1000.0,idle
21120,386000.0,-269000.0,9781000.0,4000.0,-13000.0,-2000.0,idle
21130,409000.0,-239000.0,9745000.0,5000.0,-12000.0,4000.0,idle
21140,369000.0,-275000.0,9709000.0,5000.0,-14000.0,6000.0,idle
21150,389000.0,-332000.0,9705000.0,9000.0,-17000.0,5000.0,idle
21160,402000.0,-325000.0,9706000.0,13000.0,-11000.0,-1000.0,idle
21170,427000.0,-231000.0,9712000.0,6000.0,-9000.0,-2000.0,idle
21180,434000.0,-247000.0,9730000.0,-3000.0,-4000.0,3000.0,idle
21190,387000.0,-397000.0,9749000.0,-13000.0,-2000.0,-4000.0,idle
21200,404000.0,-414000.0,9738000.0,-7000.0,-5000.0,-20000.0,idle
21210,422000.0,-225000.0,9709000.0,1000.0,-2000.0,-23000.0,idle
21220,420000.0,-149000.0,9726000.0,2000.0,0.0,-15000.0,idle
21230,396000.0,-215000.0,9731000.0,5000.0,-1000.0,0.0,idle
21240,357000.0,-306000.0,9745000.0,6000.0,0.0,-4000.0,idle
21250,381000.0,-258000.0,9779000.0,1000.0,0.0,-10000.0,idle
21260,381000.0,-258000.0,9779000.0,1000.0,0.0,-10000.0,idle
21270,389000.0,-191000.0,9788000.0,5000.0,0.0,-7000.0,idle
21280,414000.0,-164000.0,9791000.0,11000.0,-4000.0,0.0,idle
21290,396000.0,-216000.0,9793000.0,-6000.0,-4000.0,6000.0,idle
21300,378000.0,-281000.0,9765000.0,-14000.0,-6000.0,4000.0,idle
21310,408000.0,-241000.0,9747000.0,0.0,-9000.0,0.0,idle
21320,424000.0,-180000.0,9742000.0,0.0,-6000.0,0.0,idle
21330,404000.0,-154000.0,9732000.0,-3000.0,-6000.0,9000.0,idle
21340,414000.0,-217000.0,9718000.0,4000.0,-6000.0,20000.0,idle
21350,398000.0,-275000.0,9721000.0,5000.0,0.0,22000.0,idle
21360,398000.0,-347000.0,9736000.0,-5000.0,1000.0,9000.0,idle
21370,386000.0,-369000.0,9757000.0,-12000.0,1000.0,2000.0,idle
21380,367000.0,-339000.0,9784000.0,-7000.0,0.0,-4000.0,idle
21390,365000.0,-306000.0,9818000.0,6000.0,-1000.0,-5000.0,idle
21400,383000.0,-292000.0,9796000.0,6000.0,-3000.0,-6000.0,idle
21410,373000.0,-294000.0,9774000.0,1000.0,-6000.0,-7000.0,idle
21420,385000.0,-271000.0,9790000.0,6000.0,-4000.0,0.0,idle
21430,350000.0,-243000.0,9778000.0,11000.0,-7000.0,6000.0,idle
21440,371000.0,-288000.0,9790000.0,9000.0,-12000.0,1000.0,idle
21450,372000.0,-300000.0,9783000.0,8000.0,-12000.0,3000.0,idle
21460,371000.0,-282000.0,9765000.0,10000.0,-12000.0,2000.0,idle
21470,415000.0,-272000.0,9630000.0,11000.0,-14000.0,-29000.0,idle
21480,415000.0,-272000.0,9630000.0,11000.0,-14000.0,-29000.0,idle
21490,464000.0,-156000.0,9615000.0,19000.0,-6000.0,-19000.0,idle
21500,440000.0,-159000.0,9652000.0,7000.0,3000.0,-10000.0,idle
21510,390000.0,-185000.0,9712000.0,-3000.0,7000.0,0.0,idle
21520,392000.0,-232000.0,9741000.0,-4000.0,8000.0,3000.0,idle
21530,392000.0,-274000.0,9792000.0,-3000.0,9000.0,-2000.0,idle
21540,391000.0,-237000.0,9860000.0,0.0,6000.0,-2000.0,idle
21550,373000.0,-220000.0,9883000.0,2000.0,2000.0,6000.0,idle
21560,357000.0,-324000.0,9879000.0,1000.0,-4000.0,5000.0,idle
21570,357000.0,-362000.0,9857000.0,3000.0,-8000.0,-8000.0,idle
21580,362000.0,-214000.0,9833000.0,9000.0,-10000.0,-9000.0,idle
21590,392000.0,-165000.0,9812000.0,-3000.0,-13000.0,-7000.0,idle
21600,399000.0,-207000.0,9785000.0,-11000.0,-13000.0,1000.0,idle
21610,387000.0,-260000.0,9757000.0,-9000.0,-15000.0,7000.0,idle
21620,398000.0,-276000.0,9738000.0,-4000.0,-15000.0,10000.0,idle
21630,397000.0,-259000.0,9754000.0,0.0,-16000.0,10000.0,idle
21640,393000.0,-251000.0,9732000.0,3000.0,-18000.0,15000.0,idle
21650,401000.0,-283000.0,9711000.0,17000.0,-17000.0,15000.0,idle
21660,427000.0,-302000.0,9699000.0,15000.0,-12000.0,10000.0,idle
21670,420000.0,-338000.0,9675000.0,-9000.0,-11000.0,-4000.0,idle
21680,452000.0,-290000.0,9665000.0,-17000.0,-4000.0,-19000.0,idle
21690,453000.0,-180000.0,9707000.0,-3000.0,0.0,-13000.0,idle
21700,441000.0,-191000.0,9727000.0,-3000.0,1000.0,-5000.0,idle
21710,415000.0,-264000.0,9733000.0,-8000.0,1000.0,0.0,idle
21720,398000.0,-247000.0,9751000.0,-1000.0,3000.0,6000.0,idle
21730,386000.0,-233000.0,9780000.0,4000.0,3000.0,5000.0,idle
21740,387000.0,-239000.0,9787000.0,-1000.0,2000.0,7000.0,idle
21750,379000.0,-232000.0,9781000.0,-6000.0,0.0,12000.0,idle
21760,407000.0,-253000.0,9777000.0,-3000.0,0.0,14000.0,idle
21770,381000.0,-345000.0,9775000.0,1000.0,0.0,9000.0,idle
21780,354000.0,-356000.0,9806000.0,-1000.0,-3000.0,-10000.0,idle
21790,365000.0,-241000.0,9822000.0,3000.0,-5000.0,-9000.0,idle
21800,359000.0,-227000.0,9829000.0,11000.0,-9000.0,-3000.0,idle
21810,367000.0,-264000.0,9810000.0,1000.0,-13000.0,4000.0,idle
21820,381000.0,-319000.0,9794000.0,-5000.0,-11000.0,6000.0,idle
21830,392000.0,-330000.0,9755000.0,-4000.0,-11000.0,9000.0,idle
21840,420000.0,-350000.0,9717000.0,2000.0,-14000.0,10000.0,idle
21850,427000.0,-271000.0,9690000.0,7000.0,-12000.0,10000.0,idle
21860,427000.0,-244000.0,9666000.0,3000.0,-6000.0,7000.0,idle
21870,405000.0,-244000.0,9695000.0,-10000.0,-1000.0,5000.0,idle
21880,416000.0,-257000.0,9718000.0,-13000.0,4000.0,7000.0,idle
21890,391000.0,-295000.0,9723000.0,-10000.0,3000.0,7000.0,idle
21900,374000.0,-330000.0,9709000.0,-5000.0,0.0,0.0,idle
21910,403000.0,-214000.0,9757000.0,7000.0,0.0,-27000.0,idle
21920,390000.0,-148000.0,9787000.0,13000.0,0.0,-18000.0,idle
21930,392000.0,-187000.0,9792000.0,11000.0,-2000.0,-5000.0,idle
21940,373000.0,-235000.0,9784000.0,3000.0,-1000.0,0.0,idle
21950,396000.0,-213000.0,9771000.0,-2000.0,-1000.0,-1000.0,idle
21960,392000.0,-191000.0,9769000.0,-4000.0,-2000.0,2000.0,idle
21970,391000.0,-247000.0,9760000.0,-2000.0,-1000.0,4000.0,idle
21980,391000.0,-310000.0,9768000.0,-3000.0,-1000.0,-4000.0,idle
21990,399000.0,-221000.0,9768000.0,-10000.0,-2000.0,-9000.0,idle
22000,405000.0,-204000.0,9749000.0,-7000.0,-1000.0,-4000.0,idle
22010,411000.0,-221000.0,9745000.0,8000.0,-4000.0,4000.0,idle
22020,392000.0,-237000.0,9729000.0,9000.0,-3000.0,14000.0,idle
22030,379000.0,-287000.0,9724000.0,3000.0,-2000.0,14000.0,idle
22040,435000.0,-308000.0,9723000.0,6000.0,-4000.0,12000.0,idle
22050,420000.0,-283000.0,9743000.0,11000.0,0.0,10000.0,idle
22060,414000.0,-253000.0,9745000.0,1000.0,2000.0,7000.0,idle
22070,399000.0,-260000.0,9766000.0,-17000.0,6000.0,8000.0,idle
22080,381000.0,-300000.0,9796000.0,-25000.0,5000.0,7000.0,idle
22090,359000.0,-288000.0,9803000.0,-26000.0,2000.0,6000.0,idle
22100,360000.0,-329000.0,9803000.0,-18000.0,1000.0,8000.0,idle
22110,332000.0,-374000.0,9791000.0,3000.0,-2000.0,1000.0,idle
22120,373000.0,-300000.0,9773000.0,17000.0,-4000.0,0.0,idle
22130,378000.0,-258000.0,9790000.0,6000.0,-4000.0,-2000.0,idle
22140,366000.0,-280000.0,9793000.0,-4000.0,-6000.0,-3000.0,idle
22150,373000.0,-283000.0,9731000.0,-5000.0,-7000.0,-3000.0,idle
22160,409000.0,-252000.0,9688000.0,-5000.0,-5000.0,-6000.0,idle
22170,434000.0,-211000.0,9672000.0,-1000.0,-6000.0,-6000.0,idle
22180,446000.0,-189000.0,9652000.0,15000.0,-6000.0,3000.0,idle
22190,422000.0,-211000.0,9672000.0,20000.0,2000.0,10000.0,idle
22200,401000.0,-269000.0,9721000.0,11000.0,9000.0,6000.0,idle
22210,389000.0,-271000.0,9745000.0,1000.0,8000.0,5000.0,idle
22220,391000.0,-257000.0,9714000.0,-6000.0,9000.0,6000.0,idle
22230,395000.0,-274000.0,9729000.0,-10000.0,13000.0,6000.0,idle
22240,378000.0,-298000.0,9719000.0,-7000.0,13000.0,1000.0,idle
22250,359000.0,-256000.0,9754000.0,-1000.0,13000.0,4000.0,idle
22260,359000.0,-239000.0,9804000.0,4000.0,12000.0,5000.0,idle
22270,353000.0,-253000.0,9828000.0,-5000.0,10000.0,-1000.0,idle
22280,353000.0,-253000.0,9828000.0,-5000.0,10000.0,-1000.0,idle
22290,356000.0,-243000.0,9845000.0,-9000.0,9000.0,2000.0,idle
22300,312000.0,-259000.0,9862000.0,-3000.0,7000.0,7000.0,idle
22310,316000.0,-305000.0,9857000.0,-8000.0,3000.0,9000.0,idle
22320,319000.0,-354000.0,9854000.0,-11000.0,-2000.0,3000.0,idle
22330,323000.0,-331000.0,9832000.0,-2000.0,-6000.0,3000.0,idle
22340,366000.0,-293000.0,9804000.0,10000.0,-9000.0,7000.0,idle
22350,377000.0,-294000.0,9757000.0,14000.0,-11000.0,4000.0,idle
22360,355000.0,-251000.0,9707000.0,8000.0,-11000.0,3000.0,idle
22370,381000.0,-256000.0,9694000.0,1000.0,-8000.0,-4000.0,idle
22380,384000.0,-268000.0,9688000.0,-11000.0,-5000.0,-6000.0,idle
22390,383000.0,-237000.0,9672000.0,-3000.0,-3000.0,2000.0,idle
22400,389000.0,-259000.0,9717000.0,0.0,0.0,6000.0,idle
22410,389000.0,-259000.0,9717000.0,0.0,0.0,6000.0,idle
22420,402000.0,-234000.0,9735000.0,0.0,2000.0,10000.0,idle
22430,404000.0,-223000.0,9724000.0,-2000.0,3000.0,11000.0,idle
22440,395000.0,-265000.0,9737000.0,-13000.0,4000.0,7000.0,idle
22450,356000.0,-298000.0,9761000.0,-11000.0,8000.0,-3000.0,idle
22460,325000.0,-232000.0,9750000.0,0.0,6000.0,2000.0,idle
22470,331000.0,-257000.0,9768000.0,5000.0,6000.0,2000.0,idle
22480,329000.0,-272000.0,9797000.0,3000.0,4000.0,0.0,idle
22490,328000.0,-276000.0,9822000.0,-1000.0,4000.0,-4000.0,idle
22500,320000.0,-302000.0,9840000.0,-1000.0,0.0,-2000.0,idle
22510,350000.0,-326000.0,9811000.0,4000.0,-3000.0,1000.0,idle
22520,373000.0,-284000.0,9762000.0,8000.0,-5000.0,4000.0,idle
22530,368000.0,-280000.0,9751000.0,0.0,-5000.0,3000.0,idle
22540,351000.0,-301000.0,9754000.0,-1000.0,-6000.0,5000.0,idle
22550,366000.0,-316000.0,9750000.0,10000.0,-4000.0,9000.0,idle
22560,367000.0,-318000.0,9741000.0,11000.0,-4000.0,0.0,idle
22570,378000.0,-288000.0,9708000.0,2000.0,-3000.0,-3000.0,idle
22580,381000.0,-311000.0,9718000.0,-6000.0,-1000.0,-13000.0,idle
22590,390000.0,-282000.0,9711000.0,-12000.0,3000.0,-12000.0,idle
22600,381000.0,-288000.0,9718000.0,-9000.0,4000.0,-7000.0,idle
22610,356000.0,-283000.0,9732000.0,7000.0,3000.0,-7000.0,idle
22620,379000.0,-221000.0,9741000.0,12000.0,5000.0,-10000.0,idle
22630,380000.0,-192000.0,9747000.0,0.0,4000.0,-8000.0,idle
22640,363000.0,-208000.0,9768000.0,0.0,7000.0,0.0,idle
22650,347000.0,-262000.0,9790000.0,8000.0,7000.0,9000.0,idle
22660,350000.0,-269000.0,9772000.0,7000.0,5000.0,9000.0,idle
22670,341000.0,-252000.0,9796000.0,2000.0,3000.0,3000.0,idle
22680,330000.0,-265000.0,9799000.0,-3000.0,3000.0,0.0,idle
22690,302000.0,-250000.0,9781000.0,1000.0,0.0,-1000.0,idle
22700,350000.0,-227000.0,9760000.0,2000.0,-2000.0,-5000.0,idle
22710,356000.0,-243000.0,9725000.0,-9000.0,-2000.0,-11000.0,idle
22720,359000.0,-239000.0,9717000.0,-4000.0,-1000.0,-11000.0,idle
22730,378000.0,-179000.0,9711000.0,9000.0,1000.0,0.0,idle
22740,362000.0,-198000.0,9742000.0,7000.0,1000.0,8000.0,idle
22750,369000.0,-275000.0,9755000.0,2000.0,1000.0,19000.0,idle
22760,339000.0,-280000.0,9762000.0,6000.0,3000.0,23000.0,idle
22770,374000.0,-324000.0,9751000.0,7000.0,2000.0,18000.0,idle
22780,357000.0,-355000.0,9765000.0,1000.0,4000.0,0.0,idle
22790,344000.0,-305000.0,9792000.0,-5000.0,6000.0,-10000.0,idle
22800,322000.0,-262000.0,9797000.0,-6000.0,8000.0,-10000.0,idle
22810,322000.0,-270000.0,9810000.0,-9000.0,3000.0,-2000.0,idle
22820,319000.0,-289000.0,9797000.0,-12000.0,3000.0,-4000.0,idle
22830,311000.0,-271000.0,9798000.0,-13000.0,5000.0,-2000.0,idle
22840,311000.0,-259000.0,9809000.0,-9000.0,2000.0,5000.0,idle
22850,313000.0,-288000.0,9797000.0,0.0,-3000.0,12000.0,idle
22860,301000.0,-313000.0,9786000.0,8000.0,-7000.0,11000.0,idle
22870,313000.0,-325000.0,9767000.0,7000.0,-12000.0,2000.0,idle
22880,336000.0,-331000.0,9738000.0,11000.0,-14000.0,-9000.0,idle
22890,365000.0,-306000.0,9720000.0,15000.0,-12000.0,-22000.0,idle
22900,385000.0,-238000.0,9698000.0,11000.0,-9000.0,-27000.0,idle
22910,398000.0,-193000.0,9662000.0,8000.0,-5000.0,-19000.0,idle
22920,396000.0,-222000.0,9668000.0,12000.0,-1000.0,-7000.0,idle
22930,357000.0,-265000.0,9760000.0,5000.0,9000.0,2000.0,idle
22940,362000.0,-211000.0,9771000.0,6000.0,8000.0,2000.0,idle
22950,343000.0,-209000.0,9815000.0,1000.0,10000.0,1000.0,idle
22960,306000.0,-233000.0,9811000.0,0.0,11000.0,-2000.0,idle
22970,310000.0,-158000.0,9818000.0,6000.0,6000.0,-1000.0,idle
22980,283000.0,-149000.0,9850000.0,3000.0,0.0,1000.0,idle
22990,324000.0,-282000.0,9862000.0,0.0,-4000.0,5000.0,idle
23000,331000.0,-278000.0,9833000.0,11000.0,-8000.0,6000.0,idle
23010,314000.0,-246000.0,9804000.0,6000.0,-9000.0,0.0,idle
23020,312000.0,-219000.0,9817000.0,-8000.0,-8000.0,6000.0,idle
23030,305000.0,-280000.0,9836000.0,-10000.0,-9000.0,12000.0,idle
23040,307000.0,-298000.0,9761000.0,-5000.0,-12000.0,15000.0,idle
23050,334000.0,-325000.0,9733000.0,-2000.0,-13000.0,15000.0,idle
23060,336000.0,-319000.0,9729000.0,5000.0,-11000.0,12000.0,idle
23070,344000.0,-322000.0,9713000.0,13000.0,-12000.0,2000.0,idle
23080,348000.0,-325000.0,9707000.0,15000.0,-13000.0,-6000.0,idle
23090,350000.0,-288000.0,9717000.0,12000.0,-9000.0,-13000.0,idle
23100,363000.0,-245000.0,9765000.0,1000.0,-4000.0,-16000.0,idle
23110,371000.0,-244000.0,9755000.0,-1000.0,-3000.0,-13000.0,idle
23120,371000.0,-239000.0,9754000.0,2000.0,-6000.0,-10000.0,idle
23130,366000.0,-209000.0,9717000.0,3000.0,-7000.0,1000.0,idle
23140,381000.0,-219000.0,9717000.0,8000.0,-4000.0,5000.0,idle
23150,337000.0,-193000.0,9739000.0,6000.0,-1000.0,9000.0,idle
23160,306000.0,-209000.0,9757000.0,2000.0,-3000.0,12000.0,idle
23170,312000.0,-287000.0,9797000.0,1000.0,-2000.0,3000.0,idle
23180,295000.0,-298000.0,9848000.0,-11000.0,-1000.0,-4000.0,idle
23190,298000.0,-277000.0,9845000.0,-7000.0,-7000.0,-6000.0,idle
23200,319000.0,-264000.0,9811000.0,7000.0,-13000.0,-2000.0,idle
23210,330000.0,-287000.0,9810000.0,12000.0,-15000.0,-4000.0,idle
23220,328000.0,-222000.0,9800000.0,5000.0,-15000.0,-2000.0,idle
23230,331000.0,-181000.0,9783000.0,2000.0,-15000.0,3000.0,idle
23240,343000.0,-216000.0,9772000.0,1000.0,-15000.0,12000.0,idle
23250,362000.0,-256000.0,9761000.0,-4000.0,-14000.0,15000.0,idle
23260,353000.0,-296000.0,9749000.0,-12000.0,-12000.0,10000.0,idle
23270,354000.0,-301000.0,9749000.0,-3000.0,-13000.0,4000.0,idle
23280,360000.0,-256000.0,9747000.0,5000.0,-12000.0,2000.0,idle
23290,359000.0,-265000.0,9729000.0,0.0,-11000.0,2000.0,idle
23300,359000.0,-265000.0,9729000.0,0.0,-11000.0,2000.0,idle
23310,365000.0,-304000.0,9695000.0,-4000.0,-12000.0,-5000.0,idle
23320,361000.0,-262000.0,9669000.0,-3000.0,-11000.0,-9000.0,idle
23330,361000.0,-227000.0,9681000.0,-5000.0,-5000.0,-6000.0,idle
23340,369000.0,-241000.0,9719000.0,4000.0,-6000.0,5000.0,idle
23350,334000.0,-275000.0,9774000.0,19000.0,-7000.0,14000.0,idle
23360,318000.0,-277000.0,9788000.0,17000.0,-8000.0,11000.0,idle
23370,331000.0,-320000.0,9811000.0,6000.0,-10000.0,-3000.0,idle
23380,339000.0,-246000.0,9797000.0,7000.0,-9000.0,-10000.0,idle
23390,353000.0,-202000.0,9766000.0,-1000.0,-10000.0,-15000.0,idle
23400,366000.0,-238000.0,9749000.0,-20000.0,-10000.0,-20000.0,idle
23410,402000.0,-187000.0,9742000.0,-5000.0,-11000.0,-8000.0,idle
23420,390000.0,-197000.0,9727000.0,10000.0,-11000.0,2000.0,idle
23430,351000.0,-228000.0,9715000.0,6000.0,-11000.0,12000.0,idle
23440,323000.0,-301000.0,9727000.0,10000.0,-8000.0,9000.0,idle
23450,342000.0,-336000.0,9766000.0,4000.0,-6000.0,-5000.0,idle
23460,353000.0,-292000.0,9785000.0,-15000.0,-5000.0,-17000.0,idle
23470,360000.0,-233000.0,9780000.0,-20000.0,-3000.0,-13000.0,idle
23480,345000.0,-222000.0,9785000.0,-17000.0,-4000.0,-6000.0,idle
23490,326000.0,-257000.0,9808000.0,-17000.0,-5000.0,-3000.0,idle
23500,307000.0,-277000.0,9856000.0,-7000.0,-10000.0,-7000.0,idle
23510,298000.0,-258000.0,9887000.0,-1000.0,-13000.0,-1000.0,idle
23520,302000.0,-314000.0,9858000.0,4000.0,-20000.0,2000.0,idle
23530,305000.0,-341000.0,9848000.0,9000.0,-24000.0,0.0,idle
23540,305000.0,-280000.0,9838000.0,5000.0,-24000.0,-5000.0,idle
23550,338000.0,-243000.0,9781000.0,-6000.0,-28000.0,-7000.0,idle
23560,354000.0,-246000.0,9745000.0,-4000.0,-28000.0,-3000.0,idle
23570,386000.0,-281000.0,9739000.0,6000.0,-28000.0,0.0,idle
23580,401000.0,-284000.0,9715000.0,10000.0,-31000.0,1000.0,idle
23590,393000.0,-300000.0,9689000.0,11000.0,-30000.0,-2000.0,idle
23600,391000.0,-360000.0,9699000.0,7000.0,-25000.0,-11000.0,idle
23610,398000.0,-350000.0,9703000.0,-4000.0,-22000.0,-25000.0,idle
23620,390000.0,-245000.0,9709000.0,0.0,-14000.0,-26000.0,idle
23630,372000.0,-228000.0,9720000.0,5000.0,-12000.0,-23000.0,idle
23640,397000.0,-237000.0,9742000.0,0.0,-13000.0,-21000.0,idle
23650,365000.0,-217000.0,9796000.0,1000.0,-10000.0,-14000.0,idle
23660,366000.0,-181000.0,9846000.0,3000.0,-13000.0,-10000.0,idle
23670,357000.0,-208000.0,9856000.0,4000.0,-19000.0,-7000.0,idle
23680,372000.0,-237000.0,9844000.0,6000.0,-22000.0,-12000.0,idle
23690,363000.0,-185000.0,9859000.0,-1000.0,-25000.0,-10000.0,idle
23700,356000.0,-239000.0,9840000.0,-10000.0,-31000.0,-14000.0,idle
23710,427000.0,-149000.0,9754000.0,-10000.0,-36000.0,1000.0,idle
23720,453000.0,-183000.0,9695000.0,2000.0,-42000.0,13000.0,idle
23730,458000.0,-216000.0,9607000.0,12000.0,-43000.0,17000.0,idle
23740,445000.0,-257000.0,9565000.0,11000.0,-36000.0,16000.0,idle
23750,446000.0,-296000.0,9580000.0,13000.0,-25000.0,17000.0,idle
23760,457000.0,-341000.0,9580000.0,15000.0,-18000.0,17000.0,idle
23770,465000.0,-365000.0,9595000.0,4000.0,-13000.0,4000.0,idle
23780,480000.0,-324000.0,9638000.0,-7000.0,-3000.0,-6000.0,idle
23790,464000.0,-277000.0,9698000.0,-8000.0,2000.0,-10000.0,idle
23800,450000.0,-189000.0,9724000.0,-7000.0,4000.0,-9000.0,idle
23810,428000.0,-166000.0,9761000.0,-11000.0,6000.0,-1000.0,idle
23820,417000.0,-222000.0,9817000.0,-4000.0,5000.0,3000.0,idle
23830,391000.0,-215000.0,9830000.0,11000.0,1000.0,9000.0,idle
23840,378000.0,-199000.0,9811000.0,20000.0,-1000.0,20000.0,idle
23850,374000.0,-205000.0,9800000.0,17000.0,-2000.0,21000.0,idle
23860,366000.0,-181000.0,9832000.0,16000.0,-6000.0,22000.0,idle
23870,385000.0,-195000.0,9812000.0,11000.0,-9000.0,24000.0,idle
23880,365000.0,-205000.0,9793000.0,7000.0,-12000.0,22000.0,idle
23890,372000.0,-196000.0,9769000.0,10000.0,-16000.0,18000.0,idle
23900,399000.0,-201000.0,9742000.0,11000.0,-17000.0,22000.0,idle
23910,392000.0,-251000.0,9744000.0,10000.0,-16000.0,12000.0,idle
23920,383000.0,-259000.0,9769000.0,13000.0,-13000.0,10000.0,idle
23930,395000.0,-214000.0,9775000.0,23000.0,-15000.0,16000.0,idle
23940,454000.0,-245000.0,9753000.0,31000.0,-20000.0,18000.0,idle
23950,481000.0,-266000.0,9739000.0,27000.0,-20000.0,21000.0,idle
23960,476000.0,-217000.0,9755000.0,21000.0,-12000.0,20000.0,idle
23970,469000.0,-181000.0,9780000.0,12000.0,-11000.0,26000.0,idle
23980,452000.0,-245000.0,9732000.0,11000.0,-15000.0,31000.0,idle
23990,456000.0,-323000.0,9657000.0,30000.0,-18000.0,33000.0,idle
24000,430000.0,-288000.0,9626000.0,46000.0,-13000.0,29000.0,idle
24010,411000.0,-292000.0,9695000.0,26000.0,-4000.0,16000.0,idle
24020,387000.0,-277000.0,9806000.0,2000.0,4000.0,12000.0,idle
24030,384000.0,-239000.0,9895000.0,3000.0,5000.0,17000.0,idle
24040,377000.0,-290000.0,9906000.0,0.0,-3000.0,18000.0,idle
24050,401000.0,-302000.0,9846000.0,5000.0,-14000.0,17000.0,idle
24060,411000.0,-274000.0,9772000.0,26000.0,-17000.0,15000.0,idle
24070,440000.0,-203000.0,9688000.0,48000.0,-21000.0,18000.0,idle
24080,450000.0,-234000.0,9607000.0,67000.0,-30000.0,23000.0,idle
24090,487000.0,-231000.0,9518000.0,77000.0,-24000.0,22000.0,idle
24100,529000.0,-146000.0,9502000.0,58000.0,-9000.0,19000.0,idle
24110,554000.0,-165000.0,9507000.0,21000.0,3000.0,22000.0,idle
24120,543000.0,-317000.0,9537000.0,5000.0,13000.0,24000.0,idle
24130,539000.0,-356000.0,9562000.0,3000.0,23000.0,19000.0,idle
24140,531000.0,-338000.0,9561000.0,6000.0,32000.0,2000.0,idle
24150,475000.0,-269000.0,9547000.0,23000.0,35000.0,2000.0,idle
24160,448000.0,-262000.0,9566000.0,46000.0,37000.0,5000.0,idle
24170,408000.0,-338000.0,9635000.0,39000.0,46000.0,-2000.0,idle
24180,314000.0,-398000.0,9724000.0,20000.0,53000.0,-7000.0,idle
24190,305000.0,-486000.0,9926000.0,19000.0,51000.0,-38000.0,idle
24200,292000.0,-413000.0,9948000.0,31000.0,44000.0,-42000.0,idle
24210,280000.0,-366000.0,9915000.0,44000.0,36000.0,-43000.0,idle
24220,282000.0,-324000.0,9924000.0,63000.0,30000.0,-40000.0,idle
24230,276000.0,-278000.0,9906000.0,87000.0,26000.0,-38000.0,idle
24240,238000.0,-264000.0,9923000.0,90000.0,17000.0,-53000.0,idle
24250,234000.0,-259000.0,9981000.0,77000.0,7000.0,-60000.0,idle
24260,249000.0,-235000.0,10000000.0,82000.0,-1000.0,-58000.0,idle
24270,290000.0,-186000.0,9929000.0,88000.0,-13000.0,-65000.0,idle
24280,355000.0,-38000.0,9854000.0,75000.0,-17000.0,-80000.0,idle
24290,421000.0,196000.0,9845000.0,56000.0,-14000.0,-78000.0,idle
24300,454000.0,367000.0,9769000.0,58000.0,-17000.0,-56000.0,idle
24310,459000.0,417000.0,9700000.0,60000.0,-14000.0,-35000.0,idle
24320,459000.0,417000.0,9700000.0,60000.0,-14000.0,-35000.0,idle
24330,415000.0,366000.0,9686000.0,44000.0,-12000.0,-16000.0,idle
24340,450000.0,317000.0,9678000.0,36000.0,-10000.0,1000.0,idle
24350,464000.0,295000.0,9694000.0,43000.0,-3000.0,10000.0,idle
24360,460000.0,286000.0,9736000.0,29000.0,1000.0,10000.0,idle
24370,458000.0,271000.0,9748000.0,0.0,2000.0,11000.0,idle
24380,418000.0,208000.0,9714000.0,-9000.0,2000.0,13000.0,idle
24390,408000.0,79000.0,9701000.0,-12000.0,5000.0,10000.0,idle
24400,366000.0,44000.0,9706000.0,-17000.0,8000.0,19000.0,idle
24410,349000.0,-4000.0,9745000.0,-11000.0,10000.0,26000.0,idle
24420,316000.0,-52000.0,9785000.0,-6000.0,12000.0,39000.0,idle
24430,282000.0,-138000.0,9826000.0,-11000.0,11000.0,53000.0,idle
24440,294000.0,-259000.0,9809000.0,-16000.0,6000.0,58000.0,idle
24450,294000.0,-390000.0,9799000.0,-10000.0,5000.0,52000.0,idle
24460,281000.0,-484000.0,9844000.0,-6000.0,4000.0,34000.0,idle
24470,265000.0,-476000.0,9832000.0,2000.0,-1000.0,15000.0,idle
24480,296000.0,-387000.0,9790000.0,29000.0,-12000.0,7000.0,idle
24490,306000.0,-347000.0,9749000.0,45000.0,-13000.0,1000.0,idle
24500,301000.0,-354000.0,9725000.0,37000.0,-12000.0,-14000.0,idle
24510,342000.0,-280000.0,9724000.0,21000.0,-12000.0,-34000.0,idle
24520,343000.0,-204000.0,9725000.0,11000.0,-8000.0,-44000.0,idle
24530,368000.0,-116000.0,9715000.0,19000.0,-7000.0,-39000.0,idle
24540,355000.0,-106000.0,9681000.0,33000.0,-8000.0,-33000.0,idle
24550,381000.0,-141000.0,9628000.0,37000.0,-6000.0,-32000.0,idle
24560,411000.0,-43000.0,9630000.0,38000.0,0.0,-30000.0,idle
24570,430000.0,89000.0,9636000.0,33000.0,8000.0,-26000.0,idle
24580,421000.0,114000.0,9660000.0,17000.0,15000.0,-22000.0,idle
24590,438000.0,55000.0,9680000.0,3000.0,20000.0,-15000.0,idle
24600,434000.0,50000.0,9686000.0,-11000.0,26000.0,-22000.0,idle
24610,446000.0,77000.0,9709000.0,-30000.0,28000.0,-23000.0,idle
24620,469000.0,65000.0,9689000.0,-29000.0,28000.0,-18000.0,idle
24630,472000.0,126000.0,9647000.0,-8000.0,27000.0,-5000.0,idle
24640,446000.0,110000.0,9608000.0,-18000.0,36000.0,3000.0,idle
24650,427000.0,35000.0,9595000.0,-41000.0,46000.0,7000.0,idle
24660,360000.0,-32000.0,9593000.0,-50000.0,55000.0,12000.0,idle
24670,348000.0,-94000.0,9627000.0,-49000.0,60000.0,10000.0,idle
24680,349000.0,-159000.0,9657000.0,-52000.0,59000.0,0.0,idle
24690,326000.0,-120000.0,9656000.0,-41000.0,63000.0,-2000.0,idle
24700,310000.0,-92000.0,9653000.0,-29000.0,65000.0,1000.0,idle
24710,299000.0,-195000.0,9626000.0,-30000.0,69000.0,-2000.0,idle
24720,275000.0,-232000.0,9590000.0,-28000.0,74000.0,-6000.0,idle
24730,259000.0,-136000.0,9605000.0,-20000.0,82000.0,-12000.0,idle
24740,310000.0,-29000.0,9614000.0,-27000.0,87000.0,-9000.0,idle
24750,304000.0,-81000.0,9615000.0,-47000.0,95000.0,-3000.0,idle
24760,247000.0,-204000.0,9646000.0,-51000.0,95000.0,3000.0,idle
24770,240000.0,-304000.0,9660000.0,-29000.0,91000.0,2000.0,idle
24780,296000.0,-232000.0,9642000.0,-11000.0,91000.0,-4000.0,idle
24790,348000.0,-53000.0,9694000.0,-26000.0,104000.0,-14000.0,idle
24800,366000.0,100000.0,9821000.0,-64000.0,119000.0,-13000.0,idle
24810,322000.0,34000.0,9918000.0,-89000.0,121000.0,3000.0,idle
24820,196000.0,-159000.0,9875000.0,-76000.0,111000.0,11000.0,idle
24830,87000.0,-349000.0,9824000.0,-48000.0,96000.0,-3000.0,idle
24840,39000.0,-275000.0,9817000.0,-21000.0,90000.0,-13000.0,idle
24850,25000.0,-135000.0,9864000.0,-4000.0,93000.0,-18000.0,idle
24860,-31000.0,-100000.0,9994000.0,-13000.0,94000.0,-9000.0,idle
24870,-67000.0,-172000.0,10112000.0,-36000.0,90000.0,-7000.0,idle
24880,-44000.0,-208000.0,10108000.0,-62000.0,78000.0,-12000.0,idle
24890,28000.0,-159000.0,10067000.0,-63000.0,61000.0,-11000.0,idle
24900,77000.0,-105000.0,10020000.0,-48000.0,49000.0,-9000.0,idle
24910,105000.0,-57000.0,9968000.0,-39000.0,38000.0,-3000.0,idle
24920,74000.0,-39000.0,9924000.0,-41000.0,32000.0,-10000.0,idle
24930,37000.0,-9000.0,9938000.0,-43000.0,31000.0,-19000.0,idle
24940,5000.0,-7000.0,9990000.0,-64000.0,29000.0,-7000.0,idle
24950,33000.0,-81000.0,9967000.0,-80000.0,21000.0,-4000.0,idle
24960,13000.0,-226000.0,9919000.0,-74000.0,12000.0,-4000.0,idle
24970,10000.0,-305000.0,9895000.0,-71000.0,9000.0,-8000.0,idle
24980,2000.0,-269000.0,9905000.0,-70000.0,4000.0,-18000.0,idle
24990,58000.0,-146000.0,9893000.0,-63000.0,-2000.0,-28000.0,idle
25000,86000.0,-7000.0,9829000.0,-53000.0,-8000.0,-19000.0,idle
25010,96000.0,17000.0,9798000.0,-59000.0,-10000.0,-5000.0,idle
25020,56000.0,-84000.0,9803000.0,-80000.0,-6000.0,10000.0,idle
25030,40000.0,-259000.0,9848000.0,-91000.0,-10000.0,20000.0,idle
25040,14000.0,-407000.0,9914000.0,-88000.0,-13000.0,18000.0,idle
25050,4000.0,-507000.0,9969000.0,-88000.0,-19000.0,11000.0,idle
25060,16000.0,-571000.0,9985000.0,-76000.0,-26000.0,2000.0,idle
25070,13000.0,-530000.0,9939000.0,-53000.0,-35000.0,-7000.0,idle
25080,25000.0,-496000.0,9932000.0,-46000.0,-42000.0,-23000.0,idle
25090,57000.0,-413000.0,9879000.0,-49000.0,-50000.0,-30000.0,idle
25100,50000.0,-272000.0,9840000.0,-41000.0,-52000.0,-20000.0,idle
25110,81000.0,-254000.0,9840000.0,-44000.0,-53000.0,-13000.0,idle
25120,95000.0,-281000.0,9857000.0,-56000.0,-53000.0,0.0,idle
25130,95000.0,-369000.0,9950000.0,-62000.0,-50000.0,3000.0,idle
25140,87000.0,-480000.0,10042000.0,-76000.0,-59000.0,-15000.0,idle
25150,67000.0,-458000.0,10083000.0,-69000.0,-72000.0,-21000.0,idle
25160,47000.0,-439000.0,10061000.0,-36000.0,-86000.0,-20000.0,idle
25170,38000.0,-445000.0,9984000.0,-10000.0,-106000.0,-18000.0,idle
25180,106000.0,-410000.0,9836000.0,7000.0,-118000.0,-18000.0,idle
25190,159000.0,-360000.0,9743000.0,20000.0,-119000.0,-17000.0,idle
25200,165000.0,-387000.0,9677000.0,21000.0,-120000.0,-22000.0,idle
25210,196000.0,-451000.0,9609000.0,18000.0,-117000.0,-23000.0,idle
25220,222000.0,-513000.0,9597000.0,10000.0,-104000.0,-20000.0,idle
25230,274000.0,-555000.0,9590000.0,5000.0,-99000.0,-31000.0,idle
25240,300000.0,-554000.0,9539000.0,14000.0,-99000.0,-35000.0,idle
25250,350000.0,-511000.0,9489000.0,37000.0,-92000.0,-42000.0,idle
25260,367000.0,-415000.0,9494000.0,42000.0,-79000.0,-52000.0,idle
25270,390000.0,-313000.0,9487000.0,39000.0,-71000.0,-52000.0,idle
25280,397000.0,-244000.0,9464000.0,46000.0,-58000.0,-44000.0,idle
25290,356000.0,-213000.0,9506000.0,44000.0,-39000.0,-45000.0,idle
25300,326000.0,-184000.0,9583000.0,23000.0,-25000.0,-43000.0,idle
25310,288000.0,-196000.0,9689000.0,17000.0,-21000.0,-34000.0,idle
25320,298000.0,-276000.0,9853000.0,29000.0,-26000.0,-34000.0,idle
25330,299000.0,-262000.0,9865000.0,38000.0,-33000.0,-25000.0,idle
25340,313000.0,-229000.0,9834000.0,46000.0,-42000.0,-24000.0,idle
25350,306000.0,-173000.0,9805000.0,55000.0,-43000.0,-21000.0,idle
25360,307000.0,-107000.0,9763000.0,53000.0,-44000.0,-12000.0,idle
25370,308000.0,-167000.0,9743000.0,42000.0,-45000.0,-15000.0,idle
25380,308000.0,-167000.0,9743000.0,42000.0,-45000.0,-15000.0,idle
25390,313000.0,-199000.0,9698000.0,29000.0,-45000.0,-21000.0,idle
25400,366000.0,-135000.0,9703000.0,31000.0,-42000.0,-15000.0,idle
25410,398000.0,-71000.0,9718000.0,30000.0,-36000.0,-9000.0,idle
25420,418000.0,-37000.0,9754000.0,22000.0,-33000.0,2000.0,idle
25430,389000.0,-31000.0,9796000.0,22000.0,-31000.0,14000.0,idle
25440,344000.0,-58000.0,9829000.0,28000.0,-34000.0,16000.0,idle
25450,332000.0,-37000.0,9829000.0,27000.0,-38000.0,27000.0,idle
25460,314000.0,-34000.0,9792000.0,28000.0,-40000.0,42000.0,idle
25470,282000.0,-156000.0,9774000.0,26000.0,-40000.0,52000.0,idle
25480,264000.0,-283000.0,9780000.0,14000.0,-41000.0,61000.0,idle
25490,274000.0,-424000.0,9773000.0,19000.0,-38000.0,56000.0,idle
25500,265000.0,-482000.0,9745000.0,36000.0,-42000.0,39000.0,idle
25510,334000.0,-432000.0,9684000.0,42000.0,-49000.0,33000.0,idle
25520,389000.0,-372000.0,9648000.0,43000.0,-44000.0,27000.0,idle
25530,390000.0,-325000.0,9605000.0,40000.0,-38000.0,24000.0,idle
25540,343000.0,-344000.0,9618000.0,26000.0,-30000.0,19000.0,idle
25550,294000.0,-365000.0,9698000.0,15000.0,-19000.0,14000.0,idle
25560,283000.0,-354000.0,9777000.0,17000.0,-14000.0,19000.0,idle
25570,290000.0,-300000.0,9876000.0,29000.0,-20000.0,18000.0,idle
25580,316000.0,-227000.0,9960000.0,33000.0,-25000.0,14000.0,idle
25590,312000.0,-168000.0,10024000.0,28000.0,-29000.0,18000.0,idle
25600,287000.0,-166000.0,10052000.0,20000.0,-37000.0,9000.0,idle
25610,256000.0,-154000.0,10061000.0,5000.0,-50000.0,-3000.0,idle
25620,266000.0,-94000.0,9988000.0,2000.0,-59000.0,-6000.0,idle
25630,284000.0,-76000.0,9931000.0,12000.0,-65000.0,-5000.0,idle
25640,300000.0,-102000.0,9866000.0,22000.0,-71000.0,1000.0,idle
25650,332000.0,-146000.0,9778000.0,20000.0,-75000.0,6000.0,idle
25660,384000.0,-166000.0,9730000.0,13000.0,-76000.0,11000.0,idle
25670,450000.0,-198000.0,9678000.0,16000.0,-77000.0,15000.0,idle
25680,500000.0,-205000.0,9568000.0,21000.0,-76000.0,19000.0,idle
25690,511000.0,-244000.0,9488000.0,19000.0,-70000.0,11000.0,idle
25700,511000.0,-201000.0,9426000.0,26000.0,-57000.0,9000.0,idle
25710,547000.0,-237000.0,9411000.0,36000.0,-50000.0,1000.0,idle
25720,557000.0,-277000.0,9373000.0,42000.0,-43000.0,-11000.0,idle
25730,525000.0,-231000.0,9396000.0,50000.0,-27000.0,-12000.0,idle
25740,544000.0,-192000.0,9505000.0,36000.0,-7000.0,-19000.0,idle
25750,585000.0,-122000.0,9587000.0,12000.0,1000.0,-9000.0,idle
25760,542000.0,-166000.0,9492000.0,9000.0,1000.0,5000.0,idle
25770,525000.0,-316000.0,9439000.0,18000.0,7000.0,5000.0,idle
25780,484000.0,-392000.0,9476000.0,10000.0,21000.0,-7000.0,idle
25790,456000.0,-355000.0,9565000.0,-3000.0,36000.0,-29000.0,idle
25800,442000.0,-235000.0,9654000.0,-2000.0,47000.0,-30000.0,idle
25810,401000.0,-153000.0,9791000.0,-9000.0,51000.0,-19000.0,idle
25820,350000.0,-220000.0,9919000.0,-35000.0,52000.0,-18000.0,idle
25830,276000.0,-318000.0,10039000.0,-58000.0,50000.0,-23000.0,idle
25840,246000.0,-280000.0,10122000.0,-44000.0,37000.0,-33000.0,idle
25850,235000.0,-168000.0,10161000.0,-15000.0,22000.0,-31000.0,idle
25860,204000.0,-108000.0,10187000.0,-3000.0,6000.0,-20000.0,idle
25870,181000.0,-119000.0,10167000.0,5000.0,-12000.0,-9000.0,idle
25880,186000.0,-146000.0,10095000.0,13000.0,-29000.0,-2000.0,idle
25890,231000.0,-150000.0,10020000.0,6000.0,-41000.0,-8000.0,idle
25900,312000.0,-160000.0,9953000.0,4000.0,-51000.0,-10000.0,idle
25910,365000.0,-158000.0,9826000.0,14000.0,-59000.0,-10000.0,idle
25920,452000.0,-166000.0,9680000.0,18000.0,-67000.0,-18000.0,idle
25930,571000.0,-114000.0,9469000.0,26000.0,-52000.0,-10000.0,idle
25940,536000.0,-134000.0,9463000.0,21000.0,-37000.0,-21000.0,idle
25950,586000.0,-9000.0,9568000.0,4000.0,-18000.0,-5000.0,idle
25960,624000.0,46000.0,9618000.0,-10000.0,-12000.0,15000.0,idle
25970,578000.0,-68000.0,9559000.0,-8000.0,-13000.0,29000.0,idle
25980,551000.0,-220000.0,9484000.0,2000.0,-3000.0,45000.0,idle
25990,550000.0,-299000.0,9483000.0,5000.0,10000.0,51000.0,idle
26000,533000.0,-314000.0,9483000.0,2000.0,16000.0,31000.0,idle
26010,476000.0,-241000.0,9534000.0,-7000.0,49000.0,-12000.0,idle
26020,249000.0,-229000.0,9984000.0,-19000.0,64000.0,10000.0,idle
26030,190000.0,-199000.0,10109000.0,-8000.0,2000.0,-23000.0,idle
26040,198000.0,-110000.0,10066000.0,13000.0,-17000.0,-19000.0,idle
26050,250000.0,-83000.0,10005000.0,31000.0,-31000.0,-13000.0,idle
26060,277000.0,-150000.0,9939000.0,28000.0,-39000.0,-7000.0,idle
26070,307000.0,-197000.0,9881000.0,8000.0,-47000.0,-4000.0,idle
26080,365000.0,-241000.0,9767000.0,3000.0,-51000.0,1000.0,idle
26090,432000.0,-250000.0,9645000.0,17000.0,-52000.0,3000.0,idle
26100,487000.0,-249000.0,9537000.0,23000.0,-49000.0,9000.0,idle
26110,535000.0,-287000.0,9450000.0,31000.0,-41000.0,15000.0,idle
26120,555000.0,-359000.0,9428000.0,43000.0,-28000.0,6000.0,idle
26130,539000.0,-404000.0,9438000.0,29000.0,-12000.0,-16000.0,idle
26140,548000.0,-307000.0,9524000.0,4000.0,3000.0,-31000.0,idle
26150,518000.0,-216000.0,9565000.0,3000.0,17000.0,-26000.0,idle
26160,454000.0,-245000.0,9626000.0,15000.0,23000.0,-25000.0,idle
26170,398000.0,-268000.0,9692000.0,10000.0,28000.0,-19000.0,idle
26180,371000.0,-211000.0,9724000.0,10000.0,30000.0,-14000.0,idle
26190,323000.0,-166000.0,9804000.0,20000.0,33000.0,-8000.0,idle
26200,277000.0,-156000.0,9885000.0,22000.0,27000.0,-2000.0,idle
26210,266000.0,-185000.0,9936000.0,16000.0,20000.0,-4000.0,idle
26220,233000.0,-181000.0,9961000.0,12000.0,13000.0,-10000.0,idle
26230,216000.0,-197000.0,9976000.0,15000.0,5000.0,-18000.0,idle
26240,237000.0,-184000.0,10005000.0,20000.0,-1000.0,-29000.0,idle
26250,245000.0,-143000.0,10032000.0,11000.0,-10000.0,-45000.0,idle
26260,252000.0,-80000.0,10015000.0,10000.0,-19000.0,-44000.0,idle
26270,288000.0,-57000.0,9997000.0,20000.0,-28000.0,-36000.0,idle
26280,307000.0,-65000.0,9961000.0,20000.0,-39000.0,-27000.0,idle
26290,314000.0,-69000.0,9878000.0,18000.0,-47000.0,-13000.0,idle
26300,381000.0,-83000.0,9785000.0,30000.0,-54000.0,-2000.0,idle
26310,434000.0,-79000.0,9715000.0,38000.0,-55000.0,5000.0,idle
26320,471000.0,-95000.0,9634000.0,36000.0,-54000.0,14000.0,idle
26330,471000.0,-95000.0,9634000.0,36000.0,-54000.0,14000.0,idle
26340,481000.0,-178000.0,9561000.0,31000.0,-48000.0,15000.0,idle
26350,495000.0,-201000.0,9505000.0,20000.0,-39000.0,2000.0,idle
26360,553000.0,-76000.0,9483000.0,6000.0,-29000.0,-1000.0,idle
26370,594000.0,5000.0,9495000.0,-5000.0,-12000.0,0.0,idle
26380,587000.0,32000.0,9499000.0,-20000.0,2000.0,14000.0,idle
26390,556000.0,33000.0,9481000.0,-29000.0,10000.0,28000.0,idle
26400,532000.0,21000.0,9495000.0,-23000.0,22000.0,40000.0,idle
26410,487000.0,-1000.0,9580000.0,-19000.0,33000.0,45000.0,idle
26420,428000.0,-34000.0,9633000.0,-24000.0,41000.0,55000.0,idle
26430,390000.0,40000.0,9664000.0,-3000.0,37000.0,69000.0,idle
26440,417000.0,76000.0,9700000.0,8000.0,40000.0,63000.0,idle
26450,411000.0,136000.0,9718000.0,-30000.0,45000.0,61000.0,idle
26460,421000.0,237000.0,9701000.0,-69000.0,46000.0,52000.0,idle
26470,450000.0,398000.0,9696000.0,-74000.0,51000.0,67000.0,idle
26480,434000.0,330000.0,9755000.0,-84000.0,58000.0,77000.0,idle
26490,391000.0,112000.0,9816000.0,-110000.0,58000.0,101000.0,idle
26500,359000.0,-75000.0,9814000.0,-106000.0,52000.0,129000.0,idle
26510,377000.0,-180000.0,9724000.0,-80000.0,40000.0,135000.0,idle
26520,375000.0,-251000.0,9654000.0,-67000.0,36000.0,134000.0,idle
26530,354000.0,-415000.0,9604000.0,-78000.0,43000.0,117000.0,idle
26540,334000.0,-605000.0,9543000.0,-100000.0,51000.0,86000.0,idle
26550,293000.0,-720000.0,9547000.0,-92000.0,69000.0,59000.0,idle
26560,250000.0,-782000.0,9615000.0,-66000.0,81000.0,36000.0,idle
26570,227000.0,-854000.0,9660000.0,-59000.0,86000.0,11000.0,idle
26580,191000.0,-806000.0,9731000.0,-63000.0,88000.0,-3000.0,idle
26590,229000.0,-772000.0,9781000.0,-61000.0,88000.0,-11000.0,idle
26600,175000.0,-723000.0,9791000.0,-48000.0,84000.0,-13000.0,idle
26610,179000.0,-703000.0,9798000.0,-30000.0,76000.0,-16000.0,idle
26620,153000.0,-701000.0,9840000.0,-25000.0,74000.0,-19000.0,idle
26630,124000.0,-654000.0,9944000.0,-20000.0,70000.0,-31000.0,idle
26640,86000.0,-623000.0,10009000.0,-7000.0,62000.0,-56000.0,idle
26650,77000.0,-476000.0,10082000.0,-2000.0,58000.0,-82000.0,idle
26660,88000.0,-306000.0,10137000.0,-19000.0,49000.0,-94000.0,idle
26670,96000.0,-189000.0,10144000.0,-22000.0,35000.0,-93000.0,idle
26680,94000.0,-81000.0,10066000.0,-14000.0,17000.0,-79000.0,idle
26690,114000.0,-81000.0,9961000.0,-3000.0,2000.0,-60000.0,idle
26700,149000.0,-86000.0,9926000.0,14000.0,-3000.0,-40000.0,idle
26710,172000.0,-2000.0,9909000.0,19000.0,-7000.0,-27000.0,idle
26720,226000.0,38000.0,9868000.0,8000.0,-11000.0,-6000.0,idle
26730,280000.0,-94000.0,9816000.0,-1000.0,-14000.0,2000.0,idle
26740,298000.0,-201000.0,9714000.0,-3000.0,-18000.0,-9000.0,idle
26750,299000.0,-168000.0,9646000.0,-12000.0,-15000.0,-14000.0,idle
26760,363000.0,-129000.0,9595000.0,-22000.0,-13000.0,-18000.0,idle
26770,357000.0,-179000.0,9607000.0,-24000.0,-5000.0,-14000.0,idle
26780,280000.0,-249000.0,9602000.0,-17000.0,2000.0,-9000.0,idle
26790,254000.0,-377000.0,9638000.0,-25000.0,7000.0,-8000.0,idle
26800,207000.0,-471000.0,9713000.0,-29000.0,13000.0,-11000.0,idle
26810,197000.0,-469000.0,9787000.0,-19000.0,11000.0,-11000.0,idle
26820,192000.0,-414000.0,9828000.0,-20000.0,12000.0,-5000.0,idle
26830,129000.0,-374000.0,9936000.0,-35000.0,12000.0,-6000.0,idle
26840,108000.0,-429000.0,10014000.0,-39000.0,5000.0,-14000.0,idle
26850,67000.0,-436000.0,10055000.0,-22000.0,-3000.0,-24000.0,idle
26860,35000.0,-448000.0,10101000.0,-16000.0,-15000.0,-39000.0,idle
26870,27000.0,-384000.0,10107000.0,-21000.0,-33000.0,-39000.0,idle
26880,47000.0,-379000.0,10041000.0,-3000.0,-49000.0,-43000.0,idle
26890,96000.0,-377000.0,9948000.0,22000.0,-61000.0,-44000.0,idle
26900,159000.0,-311000.0,9822000.0,29000.0,-74000.0,-44000.0,idle
26910,241000.0,-292000.0,9684000.0,30000.0,-82000.0,-42000.0,idle
26920,307000.0,-253000.0,9554000.0,49000.0,-80000.0,-34000.0,idle
26930,391000.0,-217000.0,9466000.0,59000.0,-71000.0,-24000.0,idle
26940,452000.0,-222000.0,9459000.0,47000.0,-56000.0,-15000.0,idle
26950,458000.0,-283000.0,9495000.0,31000.0,-41000.0,-14000.0,idle
26960,452000.0,-342000.0,9534000.0,18000.0,-29000.0,-21000.0,idle
26970,453000.0,-312000.0,9579000.0,4000.0,-18000.0,-26000.0,idle
26980,439000.0,-272000.0,9609000.0,-5000.0,-9000.0,-38000.0,idle
26990,399000.0,-184000.0,9620000.0,-12000.0,0.0,-35000.0,idle
27000,337000.0,-142000.0,9642000.0,-19000.0,6000.0,-25000.0,idle
27010,271000.0,-226000.0,9723000.0,-23000.0,12000.0,-25000.0,idle
27020,191000.0,-305000.0,9839000.0,-25000.0,12000.0,-26000.0,idle
27030,153000.0,-277000.0,9912000.0,-20000.0,6000.0,-17000.0,idle
27040,152000.0,-266000.0,9924000.0,-1000.0,-6000.0,-13000.0,idle
27050,184000.0,-271000.0,9894000.0,8000.0,-15000.0,-11000.0,idle
27060,219000.0,-274000.0,9824000.0,0.0,-19000.0,-15000.0,idle
27070,243000.0,-265000.0,9754000.0,0.0,-24000.0,-30000.0,idle
27080,302000.0,-186000.0,9739000.0,10000.0,-22000.0,-29000.0,idle
27090,337000.0,-125000.0,9702000.0,14000.0,-18000.0,-28000.0,idle
27100,355000.0,-76000.0,9718000.0,4000.0,-16000.0,-19000.0,idle
27110,323000.0,-173000.0,9763000.0,-9000.0,-9000.0,-3000.0,idle
27120,307000.0,-331000.0,9806000.0,-16000.0,-7000.0,8000.0,idle
27130,271000.0,-383000.0,9847000.0,-11000.0,-10000.0,6000.0,idle
27140,245000.0,-372000.0,9864000.0,-1000.0,-14000.0,6000.0,idle
27150,211000.0,-357000.0,9869000.0,6000.0,-19000.0,6000.0,idle
27160,195000.0,-342000.0,9881000.0,2000.0,-24000.0,2000.0,idle
27170,215000.0,-295000.0,9857000.0,-3000.0,-27000.0,7000.0,idle
27180,209000.0,-331000.0,9828000.0,0.0,-30000.0,7000.0,idle
27190,229000.0,-349000.0,9749000.0,4000.0,-38000.0,-8000.0,idle
27200,270000.0,-290000.0,9725000.0,-1000.0,-43000.0,-21000.0,idle
27210,314000.0,-254000.0,9739000.0,2000.0,-38000.0,-13000.0,idle
27220,330000.0,-398000.0,9739000.0,14000.0,-37000.0,-8000.0,idle
27230,354000.0,-521000.0,9719000.0,17000.0,-37000.0,-13000.0,idle
27240,386000.0,-399000.0,9698000.0,18000.0,-30000.0,-21000.0,idle
27250,413000.0,-277000.0,9707000.0,11000.0,-28000.0,-25000.0,idle
27260,405000.0,-266000.0,9708000.0,-1000.0,-27000.0,-19000.0,idle
27270,375000.0,-311000.0,9670000.0,-12000.0,-23000.0,-21000.0,idle
27280,357000.0,-277000.0,9686000.0,-19000.0,-14000.0,-18000.0,idle
27290,313000.0,-205000.0,9724000.0,-18000.0,-9000.0,-9000.0,idle
27300,304000.0,-177000.0,9748000.0,-18000.0,-10000.0,1000.0,idle
27310,289000.0,-229000.0,9759000.0,-18000.0,-10000.0,10000.0,idle
27320,245000.0,-306000.0,9739000.0,-16000.0,-15000.0,7000.0,idle
27330,268000.0,-379000.0,9745000.0,-11000.0,-22000.0,-13000.0,idle
27340,296000.0,-325000.0,9751000.0,3000.0,-22000.0,-19000.0,idle
27350,344000.0,-240000.0,9727000.0,30000.0,-24000.0,-17000.0,idle
27360,379000.0,-215000.0,9659000.0,26000.0,-23000.0,-12000.0,idle
27370,426000.0,-234000.0,9604000.0,14000.0,-18000.0,-17000.0,idle
27380,447000.0,-185000.0,9583000.0,14000.0,-7000.0,-17000.0,idle
27390,447000.0,-185000.0,9583000.0,14000.0,-7000.0,-17000.0,idle
27400,430000.0,-156000.0,9639000.0,2000.0,4000.0,-7000.0,idle
27410,393000.0,-284000.0,9692000.0,-20000.0,11000.0,-9000.0,idle
27420,345000.0,-287000.0,9701000.0,-11000.0,12000.0,-9000.0,idle
27430,372000.0,-306000.0,9744000.0,2000.0,12000.0,-14000.0,idle
27440,369000.0,-281000.0,9750000.0,-5000.0,10000.0,-11000.0,idle
27450,318000.0,-324000.0,9674000.0,-3000.0,5000.0,2000.0,idle
27460,296000.0,-360000.0,9602000.0,12000.0,7000.0,9000.0,idle
27470,324000.0,-360000.0,9609000.0,14000.0,16000.0,10000.0,idle
27480,319000.0,-312000.0,9592000.0,0.0,19000.0,5000.0,idle
27490,356000.0,-344000.0,9605000.0,-12000.0,28000.0,-6000.0,idle
27500,334000.0,-362000.0,9653000.0,-18000.0,38000.0,-16000.0,idle
27510,306000.0,-384000.0,9683000.0,-23000.0,42000.0,-15000.0,idle
27520,314000.0,-465000.0,9777000.0,-23000.0,45000.0,-18000.0,idle
27530,331000.0,-435000.0,9812000.0,-13000.0,43000.0,-23000.0,idle
27540,330000.0,-351000.0,9840000.0,-10000.0,44000.0,-31000.0,idle
27550,295000.0,-301000.0,9862000.0,-9000.0,41000.0,-28000.0,idle
27560,284000.0,-283000.0,9835000.0,-3000.0,33000.0,-20000.0,idle
27570,282000.0,-264000.0,9830000.0,-1000.0,31000.0,-13000.0,idle
27580,237000.0,-240000.0,9809000.0,-2000.0,33000.0,-7000.0,idle
27590,223000.0,-250000.0,9850000.0,-7000.0,30000.0,0.0,idle
27600,154000.0,-342000.0,9830000.0,-13000.0,26000.0,2000.0,idle
27610,173000.0,-438000.0,9845000.0,-12000.0,21000.0,-10000.0,idle
27620,205000.0,-423000.0,9851000.0,-1000.0,21000.0,-27000.0,idle
27630,216000.0,-247000.0,9854000.0,6000.0,20000.0,-26000.0,idle
27640,253000.0,-173000.0,9840000.0,6000.0,13000.0,-22000.0,idle
27650,289000.0,-173000.0,9836000.0,7000.0,7000.0,-18000.0,idle
27660,314000.0,-131000.0,9823000.0,5000.0,8000.0,-10000.0,idle
27670,314000.0,-90000.0,9866000.0,5000.0,9000.0,2000.0,idle
27680,276000.0,-150000.0,9890000.0,0.0,8000.0,13000.0,idle
27690,231000.0,-269000.0,9900000.0,-9000.0,-1000.0,19000.0,idle
27700,207000.0,-345000.0,9911000.0,-11000.0,-8000.0,11000.0,idle
27710,166000.0,-296000.0,9896000.0,-17000.0,-11000.0,2000.0,idle
27720,158000.0,-262000.0,9835000.0,-25000.0,-13000.0,1000.0,idle
27730,179000.0,-274000.0,9790000.0,-20000.0,-18000.0,7000.0,idle
27740,190000.0,-288000.0,9762000.0,-13000.0,-20000.0,13000.0,idle
27750,181000.0,-345000.0,9701000.0,-1000.0,-25000.0,10000.0,idle
27760,216000.0,-344000.0,9694000.0,14000.0,-25000.0,10000.0,idle
27770,246000.0,-277000.0,9682000.0,28000.0,-22000.0,16000.0,idle
27780,294000.0,-344000.0,9676000.0,22000.0,-20000.0,13000.0,idle
27790,299000.0,-454000.0,9671000.0,6000.0,-16000.0,7000.0,idle
27800,334000.0,-444000.0,9686000.0,9000.0,-13000.0,-6000.0,idle
27810,365000.0,-362000.0,9676000.0,10000.0,-11000.0,-19000.0,idle
27820,389000.0,-276000.0,9703000.0,-2000.0,-5000.0,-19000.0,idle
27830,365000.0,-274000.0,9748000.0,-9000.0,1000.0,-10000.0,idle
27840,308000.0,-281000.0,9786000.0,-5000.0,4000.0,-4000.0,idle
27850,158000.0,-354000.0,9877000.0,-15000.0,-6000.0,11000.0,idle
27860,158000.0,-354000.0,9877000.0,-15000.0,-6000.0,11000.0,idle
27870,144000.0,-374000.0,9875000.0,-10000.0,-14000.0,11000.0,idle
27880,198000.0,-397000.0,9869000.0,-2000.0,-21000.0,8000.0,idle
27890,196000.0,-387000.0,9800000.0,7000.0,-27000.0,5000.0,idle
27900,232000.0,-390000.0,9727000.0,16000.0,-30000.0,-2000.0,idle
27910,317000.0,-384000.0,9662000.0,22000.0,-31000.0,-13000.0,idle
27920,337000.0,-312000.0,9608000.0,26000.0,-25000.0,-23000.0,idle
27930,379000.0,-246000.0,9593000.0,19000.0,-21000.0,-24000.0,idle
27940,427000.0,-220000.0,9553000.0,18000.0,-15000.0,-15000.0,idle
27950,418000.0,-220000.0,9577000.0,20000.0,-5000.0,-8000.0,idle
27960,404000.0,-204000.0,9591000.0,5000.0,6000.0,-1000.0,idle
27970,355000.0,-169000.0,9662000.0,-16000.0,17000.0,7000.0,idle
27980,288000.0,-202000.0,9754000.0,-22000.0,21000.0,18000.0,idle
27990,220000.0,-301000.0,9794000.0,-21000.0,25000.0,26000.0,idle
28000,166000.0,-398000.0,9850000.0,-27000.0,21000.0,13000.0,idle
28010,149000.0,-368000.0,9859000.0,-21000.0,17000.0,0.0,idle
28020,137000.0,-366000.0,9897000.0,-6000.0,13000.0,-8000.0,idle
28030,128000.0,-365000.0,9907000.0,0.0,6000.0,-15000.0,idle
28040,168000.0,-293000.0,9870000.0,13000.0,-5000.0,-17000.0,idle
28050,232000.0,-243000.0,9848000.0,16000.0,-7000.0,-10000.0,idle
28060,282000.0,-217000.0,9839000.0,10000.0,-12000.0,-5000.0,idle
28070,295000.0,-219000.0,9796000.0,7000.0,-16000.0,2000.0,idle
28080,306000.0,-252000.0,9784000.0,5000.0,-14000.0,10000.0,idle
28090,289000.0,-277000.0,9817000.0,-1000.0,-13000.0,15000.0,idle
28100,269000.0,-300000.0,9830000.0,-2000.0,-15000.0,18000.0,idle
28110,260000.0,-396000.0,9840000.0,-2000.0,-18000.0,11000.0,idle
28120,238000.0,-447000.0,9835000.0,-3000.0,-18000.0,6000.0,idle
28130,228000.0,-390000.0,9810000.0,-3000.0,-20000.0,0.0,idle
28140,243000.0,-325000.0,9754000.0,-2000.0,-25000.0,0.0,idle
28150,304000.0,-334000.0,9735000.0,-4000.0,-27000.0,2000.0,idle
28160,332000.0,-316000.0,9699000.0,-12000.0,-22000.0,5000.0,idle
28170,361000.0,-253000.0,9660000.0,-13000.0,-21000.0,9000.0,idle
28180,390000.0,-240000.0,9652000.0,-3000.0,-19000.0,15000.0,idle
28190,375000.0,-301000.0,9654000.0,-1000.0,-13000.0,19000.0,idle
28200,354000.0,-351000.0,9681000.0,-5000.0,-9000.0,15000.0,idle
28210,339000.0,-341000.0,9683000.0,3000.0,-4000.0,13000.0,idle
28220,317000.0,-381000.0,9695000.0,8000.0,-3000.0,12000.0,idle
28230,278000.0,-438000.0,9677000.0,7000.0,-1000.0,4000.0,idle
28240,264000.0,-452000.0,9675000.0,6000.0,-1000.0,-10000.0,idle
28250,283000.0,-365000.0,9638000.0,18000.0,0.0,-8000.0,idle
28260,310000.0,-330000.0,9595000.0,30000.0,1000.0,-3000.0,idle
28270,310000.0,-300000.0,9572000.0,26000.0,11000.0,0.0,idle
28280,313000.0,-292000.0,9610000.0,12000.0,23000.0,7000.0,idle
28290,278000.0,-342000.0,9659000.0,4000.0,30000.0,15000.0,idle
28300,270000.0,-428000.0,9700000.0,10000.0,30000.0,7000.0,idle
28310,299000.0,-395000.0,9736000.0,10000.0,30000.0,-6000.0,idle
28320,304000.0,-278000.0,9830000.0,-2000.0,33000.0,-15000.0,idle
28330,195000.0,-180000.0,9939000.0,-23000.0,28000.0,-14000.0,idle
28340,191000.0,-166000.0,9990000.0,-27000.0,20000.0,-8000.0,idle
28350,169000.0,-168000.0,10032000.0,-25000.0,12000.0,3000.0,idle
28360,130000.0,-196000.0,10028000.0,-15000.0,4000.0,22000.0,idle
28370,146000.0,-278000.0,9996000.0,-7000.0,-8000.0,34000.0,idle
28380,149000.0,-312000.0,9935000.0,-4000.0,-20000.0,35000.0,idle
28390,169000.0,-296000.0,9863000.0,0.0,-28000.0,33000.0,idle
28400,169000.0,-296000.0,9863000.0,0.0,-28000.0,33000.0,idle
28410,201000.0,-293000.0,9780000.0,2000.0,-32000.0,34000.0,idle
28420,220000.0,-298000.0,9719000.0,7000.0,-31000.0,31000.0,idle
28430,187000.0,-360000.0,9699000.0,10000.0,-26000.0,16000.0,idle
28440,221000.0,-362000.0,9737000.0,0.0,-19000.0,4000.0,idle
28450,241000.0,-328000.0,9763000.0,-6000.0,-17000.0,0.0,idle
28460,290000.0,-341000.0,9739000.0,4000.0,-25000.0,0.0,idle
28470,312000.0,-348000.0,9689000.0,13000.0,-26000.0,5000.0,idle
28480,313000.0,-341000.0,9665000.0,12000.0,-25000.0,6000.0,idle
28490,281000.0,-338000.0,9658000.0,8000.0,-17000.0,2000.0,idle
28500,311000.0,-347000.0,9674000.0,5000.0,-12000.0,13000.0,idle
28510,342000.0,-372000.0,9701000.0,18000.0,-12000.0,13000.0,idle
28520,301000.0,-397000.0,9707000.0,22000.0,-7000.0,1000.0,idle
28530,271000.0,-396000.0,9712000.0,6000.0,-4000.0,4000.0,idle
28540,272000.0,-440000.0,9703000.0,3000.0,-4000.0,-6000.0,idle
28550,254000.0,-423000.0,9707000.0,-2000.0,-1000.0,-10000.0,idle
28560,247000.0,-392000.0,9711000.0,-3000.0,2000.0,-14000.0,idle
28570,235000.0,-317000.0,9742000.0,0.0,2000.0,-19000.0,idle
28580,229000.0,-269000.0,9791000.0,-1000.0,1000.0,-18000.0,idle
28590,223000.0,-239000.0,9806000.0,5000.0,0.0,-19000.0,idle
28600,234000.0,-189000.0,9822000.0,5000.0,0.0,-11000.0,idle
28610,219000.0,-197000.0,9856000.0,-1000.0,-2000.0,0.0,idle
28620,197000.0,-244000.0,9858000.0,-4000.0,-9000.0,4000.0,idle
28630,232000.0,-284000.0,9826000.0,4000.0,-13000.0,1000.0,idle
28640,256000.0,-262000.0,9793000.0,11000.0,-13000.0,-7000.0,idle
28650,237000.0,-209000.0,9796000.0,4000.0,-13000.0,-10000.0,idle
28660,256000.0,-246000.0,9701000.0,-4000.0,-16000.0,-2000.0,idle
28670,256000.0,-246000.0,9701000.0,-4000.0,-16000.0,-2000.0,idle
28680,264000.0,-300000.0,9694000.0,-6000.0,-15000.0,-1000.0,idle
28690,276000.0,-324000.0,9721000.0,-1000.0,-11000.0,6000.0,idle
28700,293000.0,-349000.0,9717000.0,0.0,-10000.0,10000.0,idle
28710,302000.0,-379000.0,9711000.0,0.0,-9000.0,11000.0,idle
28720,283000.0,-432000.0,9732000.0,1000.0,-7000.0,5000.0,idle
28730,292000.0,-413000.0,9735000.0,2000.0,-5000.0,-3000.0,idle
28740,298000.0,-300000.0,9717000.0,3000.0,-3000.0,-5000.0,idle
28750,289000.0,-247000.0,9730000.0,-3000.0,0.0,-6000.0,idle
28760,258000.0,-246000.0,9739000.0,-9000.0,0.0,-7000.0,idle
28770,243000.0,-246000.0,9733000.0,-9000.0,2000.0,-6000.0,idle
28780,254000.0,-244000.0,9772000.0,-5000.0,4000.0,-3000.0,idle
28790,245000.0,-240000.0,9796000.0,-10000.0,3000.0,3000.0,idle
28800,225000.0,-272000.0,9834000.0,-7000.0,0.0,5000.0,idle
28810,229000.0,-302000.0,9869000.0,2000.0,-4000.0,12000.0,idle
28820,238000.0,-310000.0,9840000.0,12000.0,-9000.0,15000.0,idle
28830,253000.0,-339000.0,9818000.0,12000.0,-11000.0,7000.0,idle
28840,262000.0,-286000.0,9805000.0,9000.0,-14000.0,3000.0,idle
28850,298000.0,-220000.0,9792000.0,3000.0,-15000.0,3000.0,idle
28860,294000.0,-293000.0,9708000.0,-13000.0,-14000.0,19000.0,idle
28870,294000.0,-293000.0,9708000.0,-13000.0,-14000.0,19000.0,idle
28880,302000.0,-318000.0,9693000.0,-6000.0,-11000.0,15000.0,idle
28890,282000.0,-371000.0,9709000.0,-4000.0,-9000.0,11000.0,idle
28900,276000.0,-433000.0,9741000.0,2000.0,-7000.0,8000.0,idle
28910,276000.0,-438000.0,9754000.0,9000.0,-7000.0,7000.0,idle
28920,282000.0,-457000.0,9756000.0,12000.0,-9000.0,3000.0,idle
28930,290000.0,-440000.0,9761000.0,2000.0,-7000.0,-7000.0,idle
28940,274000.0,-350000.0,9786000.0,-7000.0,-3000.0,-11000.0,idle
28950,247000.0,-313000.0,9793000.0,-3000.0,-5000.0,-6000.0,idle
28960,274000.0,-328000.0,9794000.0,-1000.0,-11000.0,-7000.0,idle
28970,266000.0,-362000.0,9797000.0,-4000.0,-13000.0,-14000.0,idle
28980,253000.0,-251000.0,9816000.0,2000.0,-13000.0,-12000.0,idle
28990,280000.0,-219000.0,9835000.0,9000.0,-15000.0,-3000.0,idle
29000,265000.0,-262000.0,9854000.0,9000.0,-18000.0,4000.0,idle
29010,234000.0,-302000.0,9839000.0,10000.0,-23000.0,11000.0,idle
29020,240000.0,-339000.0,9793000.0,10000.0,-30000.0,5000.0,idle
29030,283000.0,-331000.0,9753000.0,12000.0,-31000.0,-4000.0,idle
29040,318000.0,-287000.0,9736000.0,20000.0,-27000.0,-10000.0,idle
29050,314000.0,-232000.0,9741000.0,15000.0,-24000.0,-9000.0,idle
29060,328000.0,-234000.0,9708000.0,6000.0,-21000.0,-5000.0,idle
29070,338000.0,-272000.0,9700000.0,1000.0,-20000.0,-1000.0,idle
29080,323000.0,-310000.0,9732000.0,-6000.0,-17000.0,-5000.0,idle
29090,293000.0,-302000.0,9727000.0,-8000.0,-14000.0,0.0,idle
29100,300000.0,-314000.0,9708000.0,3000.0,-17000.0,1000.0,idle
29110,313000.0,-296000.0,9702000.0,12000.0,-15000.0,4000.0,idle
29120,322000.0,-278000.0,9689000.0,14000.0,-12000.0,12000.0,idle
29130,322000.0,-259000.0,9694000.0,10000.0,-8000.0,14000.0,idle
29140,326000.0,-254000.0,9687000.0,0.0,-5000.0,14000.0,idle
29150,310000.0,-300000.0,9687000.0,-9000.0,-1000.0,11000.0,idle
29160,296000.0,-304000.0,9703000.0,-10000.0,2000.0,1000.0,idle
29170,286000.0,-260000.0,9719000.0,-5000.0,2000.0,-1000.0,idle
29180,288000.0,-313000.0,9725000.0,3000.0,1000.0,-6000.0,idle
29190,271000.0,-302000.0,9767000.0,6000.0,3000.0,-8000.0,idle
29200,269000.0,-251000.0,9859000.0,7000.0,3000.0,-3000.0,idle
29210,252000.0,-275000.0,9869000.0,9000.0,-4000.0,5000.0,idle
29220,268000.0,-287000.0,9853000.0,19000.0,-9000.0,10000.0,idle
29230,264000.0,-290000.0,9808000.0,19000.0,-10000.0,10000.0,idle
29240,270000.0,-281000.0,9814000.0,4000.0,-12000.0,13000.0,idle
29250,272000.0,-280000.0,9805000.0,0.0,-12000.0,17000.0,idle
29260,278000.0,-310000.0,9759000.0,1000.0,-13000.0,13000.0,idle
29270,299000.0,-354000.0,9731000.0,-13000.0,-13000.0,1000.0,idle
29280,301000.0,-353000.0,9715000.0,-17000.0,-11000.0,-19000.0,idle
29290,336000.0,-259000.0,9735000.0,-7000.0,-11000.0,-25000.0,idle
29300,320000.0,-216000.0,9724000.0,0.0,-11000.0,-15000.0,idle
29310,318000.0,-283000.0,9726000.0,8000.0,-14000.0,-4000.0,idle
29320,305000.0,-308000.0,9745000.0,9000.0,-11000.0,1000.0,idle
29330,312000.0,-269000.0,9756000.0,2000.0,-10000.0,3000.0,idle
29340,322000.0,-271000.0,9743000.0,0.0,-11000.0,9000.0,idle
29350,328000.0,-283000.0,9689000.0,4000.0,-10000.0,17000.0,idle
29360,344000.0,-294000.0,9678000.0,1000.0,-7000.0,16000.0,idle
29370,338000.0,-257000.0,9669000.0,-11000.0,-2000.0,14000.0,idle
29380,310000.0,-348000.0,9699000.0,-22000.0,2000.0,-6000.0,idle
29390,288000.0,-335000.0,9719000.0,-14000.0,3000.0,-20000.0,idle
29400,316000.0,-201000.0,9707000.0,10000.0,4000.0,-11000.0,idle
29410,336000.0,-168000.0,9714000.0,15000.0,4000.0,-1000.0,idle
29420,326000.0,-225000.0,9742000.0,-5000.0,7000.0,7000.0,idle
29430,326000.0,-225000.0,9742000.0,-5000.0,7000.0,7000.0,idle
29440,286000.0,-342000.0,9741000.0,-21000.0,10000.0,1000.0,idle
29450,274000.0,-371000.0,9741000.0,-13000.0,5000.0,-7000.0,idle
29460,301000.0,-314000.0,9749000.0,4000.0,3000.0,-3000.0,idle
29470,301000.0,-260000.0,9753000.0,11000.0,7000.0,-2000.0,idle
29480,296000.0,-244000.0,9804000.0,-2000.0,12000.0,2000.0,idle
29490,262000.0,-319000.0,9842000.0,-25000.0,12000.0,12000.0,idle
29500,249000.0,-448000.0,9851000.0,-29000.0,6000.0,10000.0,idle
29510,237000.0,-519000.0,9835000.0,-22000.0,1000.0,-2000.0,idle
29520,274000.0,-392000.0,9804000.0,-7000.0,-2000.0,-5000.0,idle
29530,280000.0,-274000.0,9791000.0,3000.0,-3000.0,-1000.0,idle
29540,276000.0,-287000.0,9778000.0,4000.0,-3000.0,5000.0,idle
29550,278000.0,-343000.0,9781000.0,-1000.0,-4000.0,8000.0,idle
29560,281000.0,-323000.0,9750000.0,-1000.0,-3000.0,3000.0,idle
29570,270000.0,-293000.0,9774000.0,3000.0,-1000.0,0.0,idle
29580,263000.0,-301000.0,9757000.0,5000.0,-1000.0,3000.0,idle
29590,274000.0,-361000.0,9759000.0,-2000.0,-5000.0,2000.0,idle
29600,280000.0,-368000.0,9748000.0,-2000.0,-2000.0,-3000.0,idle
29610,292000.0,-343000.0,9713000.0,-4000.0,-1000.0,-18000.0,idle
29620,325000.0,-241000.0,9686000.0,-7000.0,-2000.0,-17000.0,idle
29630,329000.0,-217000.0,9686000.0,-2000.0,1000.0,-7000.0,idle
29640,318000.0,-238000.0,9694000.0,-2000.0,5000.0,2000.0,idle
29650,277000.0,-247000.0,9708000.0,-4000.0,5000.0,-1000.0,idle
29660,290000.0,-259000.0,9737000.0,-6000.0,7000.0,-4000.0,idle
29670,282000.0,-221000.0,9794000.0,-5000.0,10000.0,9000.0,idle
29680,281000.0,-231000.0,9804000.0,0.0,9000.0,19000.0,idle
29690,276000.0,-300000.0,9781000.0,-5000.0,7000.0,23000.0,idle
29700,287000.0,-249000.0,9838000.0,-12000.0,0.0,6000.0,idle
29710,287000.0,-249000.0,9838000.0,-12000.0,0.0,6000.0,idle
29720,284000.0,-270000.0,9832000.0,-6000.0,2000.0,14000.0,idle
29730,233000.0,-337000.0,9830000.0,-7000.0,-1000.0,10000.0,idle
29740,226000.0,-360000.0,9817000.0,-1000.0,-7000.0,5000.0,idle
29750,234000.0,-318000.0,9828000.0,9000.0,-7000.0,1000.0,idle
29760,222000.0,-302000.0,9853000.0,8000.0,-11000.0,7000.0,idle
29770,221000.0,-396000.0,9822000.0,3000.0,-18000.0,17000.0,idle
29780,223000.0,-460000.0,9773000.0,4000.0,-19000.0,18000.0,idle
29790,277000.0,-507000.0,9741000.0,9000.0,-21000.0,10000.0,idle
29800,294000.0,-517000.0,9678000.0,18000.0,-22000.0,-1000.0,idle
29810,310000.0,-462000.0,9636000.0,34000.0,-21000.0,-13000.0,idle
29820,330000.0,-375000.0,9638000.0,33000.0,-15000.0,-22000.0,idle
29830,258000.0,-256000.0,9713000.0,2000.0,9000.0,-6000.0,idle
29840,258000.0,-256000.0,9713000.0,2000.0,9000.0,-6000.0,idle
29850,287000.0,-263000.0,9772000.0,16000.0,5000.0,0.0,idle
29860,286000.0,-258000.0,9820000.0,21000.0,5000.0,3000.0,idle
29870,272000.0,-240000.0,9862000.0,7000.0,4000.0,-3000.0,idle
29880,256000.0,-228000.0,9869000.0,3000.0,1000.0,-10000.0,idle
29890,247000.0,-213000.0,9835000.0,13000.0,-4000.0,-13000.0,idle
29900,274000.0,-166000.0,9828000.0,15000.0,-7000.0,-17000.0,idle
29910,233000.0,-263000.0,9822000.0,-6000.0,-13000.0,10000.0,idle
29920,251000.0,-316000.0,9822000.0,3000.0,-14000.0,19000.0,idle
29930,281000.0,-334000.0,9755000.0,9000.0,-19000.0,23000.0,idle
29940,299000.0,-343000.0,9707000.0,12000.0,-20000.0,21000.0,idle
29950,310000.0,-366000.0,9659000.0,19000.0,-19000.0,17000.0,idle
29960,342000.0,-386000.0,9641000.0,20000.0,-14000.0,10000.0,idle
29970,331000.0,-334000.0,9653000.0,10000.0,-7000.0,7000.0,idle
29980,338000.0,-390000.0,9650000.0,2000.0,-4000.0,-4000.0,idle
29990,319000.0,-390000.0,9670000.0,9000.0,-1000.0,-10000.0,idle
30000,319000.0,-342000.0,9674000.0,13000.0,1000.0,-12000.0,idle
30010,317000.0,-275000.0,9690000.0,3000.0,5000.0,-13000.0,idle
30020,299000.0,-221000.0,9763000.0,0.0,13000.0,-3000.0,idle
30030,232000.0,-264000.0,9841000.0,-4000.0,14000.0,9000.0,idle
30040,207000.0,-390000.0,9864000.0,-8000.0,11000.0,12000.0,idle
30050,196000.0,-391000.0,9852000.0,9000.0,2000.0,6000.0,idle
30060,232000.0,-330000.0,9835000.0,30000.0,-7000.0,1000.0,idle
30070,235000.0,-348000.0,9826000.0,27000.0,-12000.0,-12000.0,idle
30080,264000.0,-262000.0,9812000.0,10000.0,-13000.0,-21000.0,idle
30090,274000.0,-228000.0,9794000.0,4000.0,-13000.0,-21000.0,idle
30100,306000.0,-225000.0,9785000.0,9000.0,-15000.0,-19000.0,idle
30110,289000.0,-204000.0,9781000.0,9000.0,-11000.0,-14000.0,idle
30120,293000.0,-201000.0,9777000.0,4000.0,-10000.0,-4000.0,idle
30130,287000.0,-228000.0,9786000.0,1000.0,-12000.0,12000.0,idle
30140,287000.0,-287000.0,9772000.0,5000.0,-10000.0,21000.0,idle
30150,294000.0,-301000.0,9735000.0,5000.0,-9000.0,22000.0,idle
30160,323000.0,-324000.0,9698000.0,1000.0,-11000.0,21000.0,idle
30170,314000.0,-350000.0,9663000.0,2000.0,-7000.0,10000.0,idle
30180,311000.0,-389000.0,9678000.0,0.0,-3000.0,-12000.0,idle
30190,305000.0,-277000.0,9687000.0,-6000.0,0.0,-21000.0,idle
30200,294000.0,-233000.0,9720000.0,-6000.0,4000.0,-22000.0,idle
30210,271000.0,-263000.0,9745000.0,-6000.0,6000.0,-20000.0,idle
30220,263000.0,-287000.0,9757000.0,-4000.0,4000.0,-10000.0,idle
30230,304000.0,-289000.0,9745000.0,7000.0,2000.0,-4000.0,idle
30240,286000.0,-247000.0,9760000.0,17000.0,1000.0,1000.0,idle
30250,265000.0,-196000.0,9761000.0,14000.0,0.0,5000.0,idle
30260,277000.0,-217000.0,9763000.0,9000.0,0.0,7000.0,idle
30270,270000.0,-277000.0,9780000.0,5000.0,0.0,6000.0,idle
30280,270000.0,-249000.0,9737000.0,-12000.0,-2000.0,5000.0,idle
30290,276000.0,-227000.0,9730000.0,0.0,0.0,10000.0,idle
30300,264000.0,-275000.0,9757000.0,2000.0,3000.0,11000.0,idle
30310,249000.0,-334000.0,9751000.0,2000.0,3000.0,6000.0,idle
30320,245000.0,-336000.0,9766000.0,7000.0,1000.0,2000.0,idle
30330,262000.0,-336000.0,9775000.0,2000.0,-3000.0,-5000.0,idle
30340,277000.0,-307000.0,9753000.0,2000.0,-6000.0,-8000.0,idle
30350,284000.0,-288000.0,9729000.0,10000.0,-6000.0,-7000.0,idle
30360,284000.0,-288000.0,9729000.0,10000.0,-6000.0,-7000.0,idle
30370,274000.0,-326000.0,9696000.0,12000.0,-4000.0,-10000.0,idle
30380,286000.0,-294000.0,9683000.0,19000.0,-1000.0,-7000.0,idle
30390,299000.0,-254000.0,9701000.0,23000.0,3000.0,-1000.0,idle
30400,289000.0,-266000.0,9738000.0,12000.0,5000.0,2000.0,idle
30410,260000.0,-319000.0,9759000.0,7000.0,6000.0,2000.0,idle
30420,278000.0,-335000.0,9766000.0,16000.0,4000.0,2000.0,idle
30430,281000.0,-264000.0,9791000.0,15000.0,9000.0,-2000.0,idle
30440,270000.0,-215000.0,9817000.0,-1000.0,10000.0,-6000.0,idle
30450,231000.0,-216000.0,9822000.0,-11000.0,7000.0,-3000.0,idle
30460,250000.0,-269000.0,9821000.0,2000.0,2000.0,-4000.0,idle
30470,232000.0,-220000.0,9829000.0,7000.0,1000.0,-7000.0,idle
30480,213000.0,-160000.0,9823000.0,0.0,-1000.0,-2000.0,idle
30490,202000.0,-199000.0,9820000.0,-1000.0,-4000.0,0.0,idle
30500,238000.0,-275000.0,9824000.0,7000.0,-10000.0,8000.0,idle
30510,278000.0,-274000.0,9794000.0,21000.0,-9000.0,13000.0,idle
30520,274000.0,-223000.0,9817000.0,18000.0,-7000.0,2000.0,idle
30530,243000.0,-252000.0,9817000.0,1000.0,-9000.0,0.0,idle
30540,237000.0,-311000.0,9780000.0,-1000.0,-16000.0,0.0,idle
30550,271000.0,-367000.0,9712000.0,5000.0,-17000.0,-11000.0,idle
30560,301000.0,-278000.0,9683000.0,4000.0,-11000.0,-13000.0,idle
30570,312000.0,-202000.0,9699000.0,1000.0,-10000.0,-13000.0,idle
30580,281000.0,-202000.0,9714000.0,2000.0,-6000.0,-6000.0,idle
30590,263000.0,-232000.0,9720000.0,0.0,-4000.0,4000.0,idle
30600,282000.0,-282000.0,9750000.0,-5000.0,0.0,11000.0,idle
30610,277000.0,-325000.0,9778000.0,-8000.0,0.0,14000.0,idle
30620,260000.0,-348000.0,9761000.0,1000.0,-4000.0,10000.0,idle
30630,276000.0,-298000.0,9741000.0,7000.0,-4000.0,4000.0,idle
30640,260000.0,-240000.0,9768000.0,0.0,-1000.0,-3000.0,idle
30650,237000.0,-192000.0,9773000.0,-10000.0,-1000.0,-12000.0,idle
30660,257000.0,-169000.0,9772000.0,-11000.0,-3000.0,-13000.0,idle
30670,253000.0,-205000.0,9785000.0,-4000.0,-3000.0,-10000.0,idle
30680,237000.0,-229000.0,9799000.0,-10000.0,-6000.0,-5000.0,idle
30690,237000.0,-272000.0,9809000.0,-16000.0,-9000.0,-6000.0,idle
30700,238000.0,-221000.0,9817000.0,-2000.0,-7000.0,2000.0,idle
30710,246000.0,-234000.0,9836000.0,2000.0,-11000.0,13000.0,idle
30720,246000.0,-289000.0,9809000.0,0.0,-14000.0,19000.0,idle
30730,269000.0,-305000.0,9735000.0,8000.0,-15000.0,18000.0,idle
30740,277000.0,-247000.0,9727000.0,14000.0,-14000.0,14000.0,idle
30750,288000.0,-262000.0,9714000.0,6000.0,-13000.0,9000.0,idle
30760,281000.0,-306000.0,9708000.0,2000.0,-14000.0,-1000.0,idle
30770,268000.0,-289000.0,9727000.0,2000.0,-12000.0,-4000.0,idle
30780,270000.0,-312000.0,9742000.0,-3000.0,-9000.0,-12000.0,idle
30790,283000.0,-307000.0,9756000.0,-3000.0,-10000.0,-9000.0,idle
30800,257000.0,-300000.0,9755000.0,4000.0,-8000.0,-4000.0,idle
30810,266000.0,-288000.0,9754000.0,0.0,-9000.0,-1000.0,idle
30820,275000.0,-272000.0,9749000.0,0.0,-7000.0,3000.0,idle
30830,280000.0,-232000.0,9759000.0,11000.0,-5000.0,0.0,idle
30840,272000.0,-205000.0,9761000.0,14000.0,-5000.0,2000.0,idle
30850,272000.0,-211000.0,9723000.0,4000.0,-6000.0,-2000.0,idle
30860,274000.0,-210000.0,9726000.0,0.0,-5000.0,-2000.0,idle
30870,243000.0,-243000.0,9763000.0,0.0,-3000.0,-5000.0,idle
30880,251000.0,-295000.0,9803000.0,4000.0,-7000.0,-12000.0,idle
30890,275000.0,-298000.0,9808000.0,2000.0,-13000.0,-22000.0,idle
30900,288000.0,-199000.0,9798000.0,-3000.0,-11000.0,-18000.0,idle
30910,295000.0,-159000.0,9822000.0,-4000.0,-11000.0,-9000.0,idle
30920,310000.0,-187000.0,9784000.0,-9000.0,-12000.0,2000.0,idle
30930,287000.0,-215000.0,9760000.0,-7000.0,-13000.0,14000.0,idle
30940,284000.0,-271000.0,9725000.0,-1000.0,-14000.0,18000.0,idle
30950,295000.0,-275000.0,9730000.0,4000.0,-12000.0,20000.0,idle
30960,258000.0,-269000.0,9741000.0,0.0,-10000.0,22000.0,idle
30970,266000.0,-280000.0,9747000.0,-10000.0,-10000.0,18000.0,idle
30980,272000.0,-329000.0,9738000.0,-15000.0,-6000.0,10000.0,idle
30990,259000.0,-348000.0,9748000.0,-14000.0,-9000.0,-11000.0,idle
31000,274000.0,-293000.0,9771000.0,-9000.0,-11000.0,-22000.0,idle
31010,286000.0,-223000.0,9766000.0,0.0,-11000.0,-15000.0,idle
31020,301000.0,-234000.0,9775000.0,10000.0,-13000.0,-9000.0,idle
31030,262000.0,-298000.0,9778000.0,3000.0,-10000.0,0.0,idle
31040,262000.0,-349000.0,9780000.0,2000.0,-11000.0,2000.0,idle
31050,289000.0,-359000.0,9756000.0,13000.0,-13000.0,-4000.0,idle
31060,296000.0,-302000.0,9730000.0,18000.0,-14000.0,-4000.0,idle
31070,323000.0,-250000.0,9729000.0,11000.0,-9000.0,-5000.0,idle
31080,318000.0,-244000.0,9703000.0,0.0,-5000.0,-9000.0,idle
31090,301000.0,-231000.0,9698000.0,-7000.0,-3000.0,-10000.0,idle
31100,317000.0,-198000.0,9713000.0,-7000.0,-4000.0,-11000.0,idle
31110,320000.0,-184000.0,9755000.0,3000.0,-2000.0,-6000.0,idle
31120,295000.0,-161000.0,9798000.0,3000.0,1000.0,6000.0,idle
31130,276000.0,-181000.0,9829000.0,-10000.0,0.0,14000.0,idle
31140,272000.0,-210000.0,9835000.0,-13000.0,0.0,17000.0,idle
31150,251000.0,-217000.0,9822000.0,-9000.0,-3000.0,21000.0,idle
31160,265000.0,-305000.0,9787000.0,-3000.0,-9000.0,11000.0,idle
31170,254000.0,-332000.0,9779000.0,-1000.0,-10000.0,1000.0,idle
31180,254000.0,-245000.0,9806000.0,4000.0,-13000.0,5000.0,idle
31190,286000.0,-229000.0,9785000.0,5000.0,-14000.0,7000.0,idle
31200,275000.0,-252000.0,9769000.0,-2000.0,-13000.0,14000.0,idle
31210,278000.0,-298000.0,9741000.0,-10000.0,-12000.0,21000.0,idle
31220,289000.0,-339000.0,9736000.0,-3000.0,-12000.0,19000.0,idle
31230,299000.0,-330000.0,9713000.0,8000.0,-11000.0,17000.0,idle
31240,313000.0,-316000.0,9682000.0,8000.0,-7000.0,21000.0,idle
31250,332000.0,-338000.0,9687000.0,9000.0,-5000.0,17000.0,idle
31260,310000.0,-344000.0,9715000.0,6000.0,-4000.0,5000.0,idle
31270,281000.0,-296000.0,9721000.0,1000.0,-5000.0,-8000.0,idle
31280,304000.0,-271000.0,9748000.0,-3000.0,-4000.0,-22000.0,idle
31290,293000.0,-227000.0,9762000.0,-7000.0,-3000.0,-18000.0,idle
31300,282000.0,-240000.0,9726000.0,0.0,-5000.0,-12000.0,idle
31310,299000.0,-239000.0,9766000.0,1000.0,-7000.0,-8000.0,idle
31320,296000.0,-229000.0,9783000.0,-4000.0,-2000.0,-6000.0,idle
31330,277000.0,-211000.0,9812000.0,-3000.0,-4000.0,0.0,idle
31340,254000.0,-228000.0,9809000.0,2000.0,-7000.0,7000.0,idle
31350,263000.0,-275000.0,9829000.0,1000.0,-7000.0,10000.0,idle
31360,275000.0,-276000.0,9820000.0,-4000.0,-10000.0,10000.0,idle
31370,272000.0,-278000.0,9768000.0,0.0,-14000.0,5000.0,idle
31380,300000.0,-259000.0,9745000.0,2000.0,-17000.0,-3000.0,idle
31390,301000.0,-287000.0,9749000.0,5000.0,-15000.0,-5000.0,idle
31400,304000.0,-307000.0,9759000.0,11000.0,-12000.0,-14000.0,idle
31410,304000.0,-307000.0,9759000.0,11000.0,-12000.0,-14000.0,idle
31420,293000.0,-246000.0,9744000.0,2000.0,-11000.0,-14000.0,idle
31430,288000.0,-233000.0,9748000.0,-2000.0,-12000.0,-8000.0,idle
31440,287000.0,-265000.0,9748000.0,-1000.0,-10000.0,1000.0,idle
31450,288000.0,-299000.0,9735000.0,-5000.0,-10000.0,5000.0,idle
31460,308000.0,-289000.0,9741000.0,-7000.0,-9000.0,5000.0,idle
31470,331000.0,-269000.0,9726000.0,-4000.0,-6000.0,5000.0,idle
31480,334000.0,-235000.0,9721000.0,-3000.0,-4000.0,10000.0,idle
31490,335000.0,-250000.0,9729000.0,-4000.0,-4000.0,14000.0,idle
31500,318000.0,-282000.0,9727000.0,-9000.0,-1000.0,9000.0,idle
31510,283000.0,-319000.0,9760000.0,-12000.0,-1000.0,-5000.0,idle
31520,265000.0,-316000.0,9771000.0,4000.0,-4000.0,-15000.0,idle
31530,305000.0,-219000.0,9787000.0,11000.0,-6000.0,-14000.0,idle
31540,311000.0,-217000.0,9812000.0,-1000.0,-5000.0,-5000.0,idle
31550,292000.0,-234000.0,9792000.0,-5000.0,-8000.0,3000.0,idle
31560,259000.0,-302000.0,9773000.0,-2000.0,-9000.0,-2000.0,idle
31570,282000.0,-312000.0,9763000.0,1000.0,-12000.0,-9000.0,idle
31580,314000.0,-223000.0,9731000.0,5000.0,-11000.0,-5000.0,idle
31590,311000.0,-193000.0,9751000.0,10000.0,-7000.0,1000.0,idle
31600,308000.0,-250000.0,9755000.0,0.0,-6000.0,6000.0,idle
31610,295000.0,-319000.0,9757000.0,0.0,-9000.0,-3000.0,idle
31620,305000.0,-269000.0,9771000.0,-3000.0,-6000.0,-7000.0,idle
31630,323000.0,-208000.0,9754000.0,-11000.0,-5000.0,-2000.0,idle
31640,310000.0,-234000.0,9749000.0,-11000.0,-2000.0,6000.0,idle
31650,306000.0,-372000.0,9753000.0,-14000.0,-4000.0,4000.0,idle
31660,278000.0,-393000.0,9763000.0,-10000.0,-9000.0,-12000.0,idle
31670,294000.0,-292000.0,9761000.0,13000.0,-9000.0,-18000.0,idle
31680,310000.0,-209000.0,9799000.0,21000.0,-4000.0,-14000.0,idle
31690,295000.0,-191000.0,9839000.0,-10000.0,-2000.0,-5000.0,idle
31700,277000.0,-238000.0,9826000.0,-34000.0,-5000.0,4000.0,idle
31710,266000.0,-305000.0,9806000.0,-26000.0,-8000.0,11000.0,idle
31720,276000.0,-316000.0,9754000.0,-11000.0,-11000.0,9000.0,idle
31730,280000.0,-298000.0,9715000.0,-3000.0,-15000.0,0.0,idle
31740,320000.0,-270000.0,9715000.0,6000.0,-13000.0,2000.0,idle
31750,314000.0,-344000.0,9736000.0,17000.0,-14000.0,0.0,idle
31760,341000.0,-216000.0,9676000.0,7000.0,-4000.0,-14000.0,idle
31770,336000.0,-235000.0,9663000.0,0.0,0.0,-5000.0,idle
31780,324000.0,-304000.0,9689000.0,4000.0,1000.0,-3000.0,idle
31790,322000.0,-259000.0,9705000.0,6000.0,3000.0,-7000.0,idle
31800,338000.0,-162000.0,9730000.0,2000.0,5000.0,-5000.0,idle
31810,342000.0,-146000.0,9778000.0,-1000.0,7000.0,0.0,idle
31820,331000.0,-180000.0,9818000.0,-5000.0,8000.0,6000.0,idle
31830,304000.0,-198000.0,9828000.0,-10000.0,4000.0,11000.0,idle
31840,282000.0,-183000.0,9845000.0,-9000.0,3000.0,15000.0,idle
31850,258000.0,-203000.0,9868000.0,-7000.0,-1000.0,26000.0,idle
31860,265000.0,-251000.0,9830000.0,-1000.0,-5000.0,35000.0,idle
31870,262000.0,-341000.0,9820000.0,4000.0,-7000.0,29000.0,idle
31880,237000.0,-403000.0,9826000.0,-4000.0,-9000.0,9000.0,idle
31890,263000.0,-361000.0,9812000.0,-12000.0,-12000.0,-9000.0,idle
31900,298000.0,-310000.0,9768000.0,-10000.0,-13000.0,-9000.0,idle
31910,295000.0,-342000.0,9753000.0,0.0,-16000.0,-2000.0,idle
31920,287000.0,-372000.0,9718000.0,6000.0,-14000.0,0.0,idle
31930,301000.0,-365000.0,9701000.0,12000.0,-13000.0,0.0,idle
31940,313000.0,-351000.0,9711000.0,18000.0,-13000.0,-3000.0,idle
31950,325000.0,-290000.0,9695000.0,14000.0,-12000.0,-2000.0,idle
31960,312000.0,-256000.0,9705000.0,4000.0,-7000.0,-1000.0,idle
31970,307000.0,-317000.0,9729000.0,-2000.0,-5000.0,-2000.0,idle
31980,313000.0,-354000.0,9765000.0,0.0,-4000.0,-10000.0,idle
31990,293000.0,-259000.0,9788000.0,9000.0,-10000.0,17000.0,idle
32000,286000.0,-277000.0,9805000.0,11000.0,-10000.0,14000.0,idle
32010,270000.0,-320000.0,9787000.0,2000.0,-13000.0,3000.0,idle
32020,299000.0,-348000.0,9765000.0,2000.0,-17000.0,-8000.0,idle
32030,316000.0,-240000.0,9718000.0,11000.0,-13000.0,-9000.0,idle
32040,310000.0,-260000.0,9709000.0,3000.0,-16000.0,-6000.0,idle
32050,338000.0,-300000.0,9714000.0,10000.0,-13000.0,2000.0,idle
32060,330000.0,-304000.0,9726000.0,16000.0,-9000.0,2000.0,idle
32070,331000.0,-295000.0,9731000.0,10000.0,-10000.0,-3000.0,idle
32080,334000.0,-304000.0,9738000.0,6000.0,-9000.0,-4000.0,idle
32090,319000.0,-284000.0,9750000.0,13000.0,-5000.0,-7000.0,idle
32100,308000.0,-256000.0,9757000.0,5000.0,-4000.0,-17000.0,idle
32110,299000.0,-254000.0,9779000.0,-4000.0,-6000.0,-23000.0,idle
32120,296000.0,-246000.0,9791000.0,4000.0,-8000.0,-18000.0,idle
32130,320000.0,-208000.0,9793000.0,16000.0,-9000.0,-10000.0,idle
32140,310000.0,-237000.0,9788000.0,8000.0,-9000.0,-14000.0,idle
32150,277000.0,-260000.0,9814000.0,1000.0,-9000.0,-18000.0,idle
32160,294000.0,-281000.0,9811000.0,1000.0,-13000.0,-21000.0,idle
32170,299000.0,-245000.0,9797000.0,3000.0,-15000.0,-15000.0,idle
32180,312000.0,-238000.0,9762000.0,11000.0,-19000.0,-12000.0,idle
32190,331000.0,-250000.0,9735000.0,18000.0,-19000.0,-9000.0,idle
32200,332000.0,-231000.0,9721000.0,17000.0,-17000.0,-12000.0,idle
32210,332000.0,-211000.0,9711000.0,12000.0,-13000.0,-12000.0,idle
32220,311000.0,-202000.0,9706000.0,13000.0,-10000.0,-10000.0,idle
32230,316000.0,-239000.0,9703000.0,7000.0,-7000.0,-6000.0,idle
32240,322000.0,-275000.0,9715000.0,2000.0,-5000.0,-7000.0,idle
32250,319000.0,-283000.0,9721000.0,6000.0,-4000.0,-11000.0,idle
32260,339000.0,-234000.0,9756000.0,13000.0,-2000.0,-12000.0,idle
32270,335000.0,-215000.0,9808000.0,10000.0,0.0,-14000.0,idle
32280,221000.0,-254000.0,9826000.0,1000.0,-2000.0,-16000.0,idle
32290,252000.0,-288000.0,9806000.0,-1000.0,-7000.0,-19000.0,idle
32300,237000.0,-299000.0,9818000.0,13000.0,-11000.0,-20000.0,idle
32310,222000.0,-233000.0,9889000.0,25000.0,-10000.0,-25000.0,idle
32320,241000.0,-153000.0,9950000.0,12000.0,-12000.0,-27000.0,idle
32330,264000.0,-83000.0,9954000.0,9000.0,-24000.0,-25000.0,idle
32340,296000.0,-86000.0,9850000.0,22000.0,-35000.0,-20000.0,idle
32350,314000.0,-128000.0,9713000.0,30000.0,-41000.0,-7000.0,idle
32360,378000.0,-243000.0,9628000.0,34000.0,-36000.0,0.0,idle
32370,378000.0,-243000.0,9628000.0,34000.0,-36000.0,0.0,idle
32380,366000.0,-251000.0,9574000.0,45000.0,-34000.0,5000.0,idle
32390,323000.0,-213000.0,9542000.0,53000.0,-25000.0,-1000.0,idle
32400,238000.0,-81000.0,9664000.0,47000.0,-6000.0,-11000.0,idle
32410,281000.0,92000.0,9894000.0,30000.0,9000.0,-22000.0,idle
32420,293000.0,150000.0,9978000.0,3000.0,-5000.0,-5000.0,idle
32430,277000.0,-90000.0,9857000.0,18000.0,-22000.0,7000.0,idle
32440,328000.0,-271000.0,9818000.0,63000.0,-25000.0,4000.0,idle
32450,387000.0,-86000.0,9914000.0,85000.0,-23000.0,-6000.0,idle
32460,389000.0,136000.0,10033000.0,75000.0,-22000.0,-23000.0,idle
32470,328000.0,228000.0,10150000.0,53000.0,-27000.0,-7000.0,idle
32480,259000.0,-23000.0,10247000.0,27000.0,-41000.0,22000.0,idle
32490,112000.0,-345000.0,10175000.0,33000.0,-65000.0,40000.0,idle
32500,22000.0,-548000.0,10043000.0,79000.0,-82000.0,36000.0,idle
32510,-21000.0,-636000.0,9999000.0,124000.0,-93000.0,23000.0,idle
32520,-76000.0,-664000.0,9884000.0,162000.0,-110000.0,-7000.0,idle
32530,65000.0,-563000.0,9732000.0,211000.0,-127000.0,-29000.0,idle
32540,300000.0,-459000.0,9620000.0,232000.0,-132000.0,-52000.0,idle
32550,537000.0,-420000.0,9494000.0,216000.0,-132000.0,-74000.0,idle
32560,808000.0,-446000.0,9330000.0,212000.0,-127000.0,-83000.0,idle
32570,972000.0,-345000.0,9239000.0,235000.0,-103000.0,-101000.0,idle
32580,994000.0,-164000.0,9277000.0,242000.0,-79000.0,-120000.0,idle
32590,948000.0,-52000.0,9281000.0,240000.0,-66000.0,-119000.0,idle
32600,839000.0,-31000.0,9270000.0,250000.0,-50000.0,-128000.0,idle
32610,735000.0,195000.0,9338000.0,240000.0,-25000.0,-142000.0,idle
32620,560000.0,494000.0,9426000.0,215000.0,-4000.0,-137000.0,idle
32630,466000.0,635000.0,9577000.0,190000.0,10000.0,-118000.0,idle
32640,386000.0,654000.0,9650000.0,152000.0,17000.0,-92000.0,idle
32650,421000.0,563000.0,9656000.0,112000.0,17000.0,-69000.0,idle
32660,477000.0,474000.0,9617000.0,92000.0,21000.0,-49000.0,idle
32670,520000.0,428000.0,9544000.0,87000.0,27000.0,-28000.0,idle
32680,556000.0,391000.0,9423000.0,85000.0,33000.0,-5000.0,idle
32690,565000.0,320000.0,9306000.0,91000.0,47000.0,14000.0,idle
32700,568000.0,243000.0,9213000.0,93000.0,63000.0,39000.0,idle
32710,513000.0,34000.0,9105000.0,95000.0,82000.0,33000.0,idle
32720,448000.0,-67000.0,9009000.0,92000.0,101000.0,8000.0,idle
32730,418000.0,-55000.0,8967000.0,77000.0,132000.0,-11000.0,idle
32740,410000.0,-49000.0,9094000.0,57000.0,170000.0,-36000.0,idle
32750,420000.0,-2000.0,9310000.0,27000.0,211000.0,-40000.0,idle
32760,483000.0,-45000.0,9511000.0,-5000.0,227000.0,-58000.0,idle
32770,439000.0,-107000.0,9579000.0,-27000.0,231000.0,-70000.0,idle
32780,375000.0,-141000.0,9561000.0,-19000.0,232000.0,-74000.0,idle
32790,215000.0,-174000.0,9512000.0,10000.0,240000.0,-82000.0,idle
32800,107000.0,-149000.0,9583000.0,41000.0,253000.0,-78000.0,idle
32810,219000.0,2000.0,9790000.0,52000.0,260000.0,-51000.0,idle
32820,207000.0,96000.0,9957000.0,55000.0,263000.0,-76000.0,idle
32830,169000.0,98000.0,10064000.0,28000.0,273000.0,-84000.0,idle
32840,65000.0,196000.0,10257000.0,-5000.0,285000.0,-96000.0,idle
32850,-86000.0,191000.0,10479000.0,-38000.0,287000.0,-103000.0,idle
32860,-195000.0,158000.0,10691000.0,-45000.0,271000.0,-98000.0,idle
32870,-213000.0,211000.0,10755000.0,-18000.0,246000.0,-88000.0,idle
32880,-165000.0,305000.0,10819000.0,-15000.0,216000.0,-74000.0,idle
32890,-79000.0,319000.0,10795000.0,-31000.0,178000.0,-60000.0,idle
32900,-77000.0,256000.0,10759000.0,-18000.0,150000.0,-47000.0,idle
32910,-83000.0,123000.0,10704000.0,-4000.0,116000.0,-40000.0,idle
32920,-100000.0,5000.0,10580000.0,9000.0,79000.0,-67000.0,idle
32930,-100000.0,124000.0,10465000.0,14000.0,62000.0,-82000.0,idle
32940,-26000.0,282000.0,10363000.0,-6000.0,49000.0,-84000.0,idle
32950,57000.0,350000.0,10170000.0,-36000.0,35000.0,-78000.0,idle
32960,9000.0,386000.0,9978000.0,-30000.0,31000.0,-63000.0,idle
32970,-10000.0,375000.0,9897000.0,-26000.0,36000.0,-56000.0,idle
32980,-51000.0,426000.0,9857000.0,-44000.0,39000.0,-44000.0,idle
32990,-132000.0,541000.0,9778000.0,-45000.0,44000.0,-37000.0,idle
33000,-249000.0,572000.0,9720000.0,-50000.0,47000.0,-13000.0,idle
33010,-343000.0,451000.0,9657000.0,-49000.0,47000.0,22000.0,idle
33020,-418000.0,251000.0,9646000.0,-43000.0,53000.0,37000.0,idle
33030,-462000.0,159000.0,9632000.0,-48000.0,55000.0,33000.0,idle
33040,-487000.0,132000.0,9577000.0,-68000.0,52000.0,15000.0,idle
33050,-448000.0,154000.0,9437000.0,-86000.0,47000.0,2000.0,idle
33060,-430000.0,232000.0,9299000.0,-83000.0,53000.0,5000.0,idle
33070,-469000.0,154000.0,9259000.0,-94000.0,68000.0,13000.0,idle
33080,-422000.0,-38000.0,9336000.0,-121000.0,85000.0,11000.0,idle
33090,-374000.0,-32000.0,9423000.0,-125000.0,93000.0,13000.0,idle
33100,-341000.0,-67000.0,9475000.0,-105000.0,96000.0,17000.0,idle
33110,-320000.0,-130000.0,9469000.0,-96000.0,91000.0,14000.0,idle
33120,-328000.0,-114000.0,9513000.0,-94000.0,96000.0,4000.0,idle
33130,-375000.0,-86000.0,9639000.0,-104000.0,107000.0,-3000.0,idle
33140,-420000.0,-161000.0,9781000.0,-111000.0,105000.0,1000.0,idle
33150,-277000.0,5000.0,9936000.0,-71000.0,48000.0,-51000.0,idle
33160,-289000.0,-46000.0,10023000.0,-71000.0,39000.0,-30000.0,idle
33170,-274000.0,-77000.0,9979000.0,-52000.0,18000.0,-27000.0,idle
33180,-235000.0,-98000.0,9836000.0,-36000.0,1000.0,-30000.0,idle
33190,-191000.0,-90000.0,9715000.0,-30000.0,-1000.0,-33000.0,idle
33200,-136000.0,25000.0,9665000.0,-23000.0,3000.0,-41000.0,idle
33210,-154000.0,68000.0,9676000.0,-28000.0,11000.0,-50000.0,idle
33220,-208000.0,-35000.0,9742000.0,-49000.0,20000.0,-70000.0,idle
33230,-180000.0,25000.0,9826000.0,-60000.0,22000.0,-70000.0,idle
33240,-155000.0,113000.0,9827000.0,-65000.0,19000.0,-64000.0,idle
33250,-172000.0,21000.0,9853000.0,-66000.0,15000.0,-54000.0,idle
33260,-223000.0,-96000.0,9871000.0,-56000.0,14000.0,-31000.0,idle
33270,-263000.0,-168000.0,9890000.0,-35000.0,9000.0,-30000.0,idle
33280,-262000.0,-161000.0,9882000.0,-27000.0,0.0,-43000.0,idle
33290,-241000.0,-128000.0,9857000.0,-18000.0,-4000.0,-52000.0,idle
33300,-179000.0,-112000.0,9845000.0,-26000.0,-11000.0,-72000.0,idle
33310,-150000.0,-27000.0,9803000.0,-23000.0,-13000.0,-67000.0,idle
33320,-88000.0,7000.0,9733000.0,-25000.0,-16000.0,-63000.0,idle
33330,-35000.0,23000.0,9645000.0,-31000.0,-18000.0,-58000.0,idle
33340,-35000.0,23000.0,9645000.0,-31000.0,-18000.0,-58000.0,idle
33350,-76000.0,83000.0,9589000.0,-17000.0,-6000.0,-47000.0,idle
33360,-93000.0,169000.0,9645000.0,-5000.0,7000.0,-26000.0,idle
33370,-118000.0,219000.0,9700000.0,-5000.0,13000.0,5000.0,idle
33380,-104000.0,181000.0,9760000.0,-19000.0,25000.0,13000.0,idle
33390,-150000.0,180000.0,9796000.0,-56000.0,39000.0,4000.0,idle
33400,-184000.0,14000.0,9745000.0,-86000.0,26000.0,-24000.0,idle
33410,-184000.0,-37000.0,9703000.0,-83000.0,20000.0,-43000.0,idle
33420,-58000.0,-16000.0,9918000.0,-112000.0,49000.0,-36000.0,idle
33430,-302000.0,-8000.0,9845000.0,-246000.0,125000.0,8000.0,idle
33440,-391000.0,32000.0,9472000.0,-159000.0,52000.0,25000.0,idle
33450,-32000.0,-237000.0,9555000.0,-22000.0,-22000.0,-13000.0,idle
33460,-161000.0,-132000.0,9767000.0,-63000.0,53000.0,3000.0,idle
33470,-160000.0,-35000.0,9736000.0,-98000.0,26000.0,-3000.0,idle
33480,-79000.0,-100000.0,9630000.0,-47000.0,-1000.0,1000.0,idle
33490,-214000.0,-111000.0,9821000.0,-21000.0,35000.0,18000.0,idle
33500,-226000.0,-171000.0,9919000.0,-50000.0,18000.0,-4000.0,idle
33510,-150000.0,-223000.0,9787000.0,-64000.0,-12000.0,-38000.0,idle
33520,-158000.0,-137000.0,9682000.0,-33000.0,-11000.0,-38000.0,idle
33530,-183000.0,-34000.0,9719000.0,0.0,-16000.0,-40000.0,idle
33540,-173000.0,-26000.0,9707000.0,-4000.0,-29000.0,-51000.0,idle
33550,-160000.0,-51000.0,9712000.0,-21000.0,-22000.0,-41000.0,idle
33560,-173000.0,83000.0,9742000.0,-41000.0,-6000.0,-2000.0,idle
33570,-191000.0,270000.0,9799000.0,-15000.0,-9000.0,33000.0,idle
33580,-243000.0,84000.0,9824000.0,-19000.0,-17000.0,-11000.0,idle
33590,-311000.0,-19000.0,9756000.0,-57000.0,-19000.0,4000.0,idle
33600,-360000.0,-95000.0,9775000.0,-39000.0,-15000.0,22000.0,idle
33610,-379000.0,-186000.0,9852000.0,-17000.0,-20000.0,23000.0,idle
33620,-362000.0,-168000.0,9891000.0,-29000.0,-27000.0,21000.0,idle
33630,-328000.0,-117000.0,9860000.0,-22000.0,-42000.0,17000.0,idle
33640,-306000.0,-144000.0,9797000.0,-22000.0,-54000.0,38000.0,idle
33650,-306000.0,-144000.0,9797000.0,-22000.0,-54000.0,38000.0,idle
33660,-288000.0,-254000.0,9751000.0,-29000.0,-60000.0,37000.0,idle
33670,-247000.0,-384000.0,9666000.0,-53000.0,-59000.0,22000.0,idle
33680,-231000.0,-81000.0,9656000.0,-38000.0,-50000.0,77000.0,idle
33690,-175000.0,-221000.0,9721000.0,-4000.0,-52000.0,21000.0,idle
33700,-132000.0,-281000.0,9656000.0,-54000.0,-52000.0,17000.0,idle
33710,-167000.0,-339000.0,9651000.0,-70000.0,-36000.0,35000.0,idle
33720,-156000.0,-532000.0,9665000.0,-51000.0,-32000.0,27000.0,idle
33730,-146000.0,-506000.0,9645000.0,-37000.0,-38000.0,25000.0,idle
33740,-138000.0,-450000.0,9616000.0,-21000.0,-38000.0,12000.0,idle
33750,-126000.0,-336000.0,9578000.0,3000.0,-47000.0,0.0,idle
33760,-73000.0,-253000.0,9561000.0,19000.0,-55000.0,-7000.0,idle
33770,-75000.0,-245000.0,9554000.0,18000.0,-43000.0,-4000.0,idle
33780,-50000.0,-240000.0,9550000.0,26000.0,-39000.0,8000.0,idle
33790,-37000.0,-256000.0,9539000.0,39000.0,-37000.0,12000.0,idle
33800,0.0,-252000.0,9522000.0,46000.0,-28000.0,17000.0,idle
33810,-16000.0,-385000.0,9501000.0,11000.0,-19000.0,8000.0,idle
33820,45000.0,-138000.0,9462000.0,1000.0,-4000.0,58000.0,idle
33830,14000.0,-239000.0,9502000.0,49000.0,-4000.0,6000.0,idle
33840,-28000.0,-239000.0,9507000.0,18000.0,0.0,-23000.0,idle
33850,-52000.0,-135000.0,9589000.0,-6000.0,18000.0,-4000.0,idle
33860,-83000.0,-125000.0,9694000.0,-36000.0,26000.0,-2000.0,idle
33870,-76000.0,-232000.0,9623000.0,-47000.0,12000.0,-12000.0,idle
33880,-71000.0,-213000.0,9571000.0,28000.0,-15000.0,-6000.0,idle
33890,-83000.0,-193000.0,9680000.0,90000.0,-3000.0,-1000.0,idle
33900,-208000.0,-124000.0,9721000.0,56000.0,3000.0,18000.0,idle
33910,-99000.0,-306000.0,9664000.0,44000.0,-23000.0,2000.0,idle
33920,-83000.0,-378000.0,9626000.0,85000.0,-12000.0,9000.0,idle
33930,-172000.0,-243000.0,9635000.0,99000.0,-6000.0,4000.0,idle
33940,-181000.0,-228000.0,9621000.0,72000.0,-12000.0,-22000.0,idle
33950,-240000.0,-275000.0,9668000.0,35000.0,0.0,-36000.0,idle
33960,-237000.0,-14000.0,9739000.0,60000.0,0.0,27000.0,idle
33970,-198000.0,-105000.0,9725000.0,100000.0,-23000.0,-19000.0,idle
33980,-181000.0,-57000.0,9615000.0,86000.0,-39000.0,-5000.0,idle
33990,-262000.0,61000.0,9692000.0,111000.0,-42000.0,14000.0,idle
34000,-316000.0,-15000.0,9929000.0,128000.0,-47000.0,17000.0,idle
34010,-383000.0,-49000.0,10000000.0,112000.0,-77000.0,53000.0,idle
34020,-360000.0,-149000.0,9905000.0,145000.0,-133000.0,64000.0,idle
34030,-244000.0,-202000.0,9774000.0,175000.0,-184000.0,59000.0,idle
34040,-193000.0,-141000.0,9633000.0,161000.0,-203000.0,51000.0,idle
34050,-190000.0,-102000.0,9466000.0,156000.0,-222000.0,32000.0,idle
34060,-65000.0,-57000.0,9395000.0,127000.0,-238000.0,26000.0,idle
34070,39000.0,-405000.0,9191000.0,71000.0,-224000.0,31000.0,idle
34080,76000.0,-240000.0,9158000.0,191000.0,-224000.0,63000.0,idle
34090,90000.0,-59000.0,9113000.0,241000.0,-193000.0,51000.0,idle
34100,-28000.0,293000.0,9049000.0,282000.0,-187000.0,95000.0,idle
34110,280000.0,-243000.0,8901000.0,271000.0,-134000.0,281000.0,idle
34120,280000.0,-243000.0,8901000.0,271000.0,-134000.0,281000.0,idle
34130,215000.0,-393000.0,8989000.0,349000.0,-72000.0,284000.0,idle
34140,219000.0,-277000.0,9082000.0,443000.0,-26000.0,300000.0,idle
34150,330000.0,140000.0,9397000.0,443000.0,44000.0,296000.0,idle
34160,367000.0,152000.0,9944000.0,336000.0,148000.0,229000.0,idle
34170,427000.0,754000.0,11044000.0,215000.0,311000.0,179000.0,idle
34180,397000.0,1303000.0,12401000.0,-14000.0,532000.0,92000.0,idle
34190,67000.0,1711000.0,13667000.0,-273000.0,690000.0,-43000.0,idle
34200,-829000.0,418000.0,13264000.0,-502000.0,158000.0,19000.0,idle
34210,-671000.0,-764000.0,8611000.0,148000.0,-71000.0,-28000.0,idle
34220,-857000.0,-389000.0,9591000.0,-2000.0,83000.0,-152000.0,idle
34230,-866000.0,319000.0,10306000.0,-96000.0,79000.0,-250000.0,idle
34240,-760000.0,808000.0,10510000.0,-133000.0,35000.0,-291000.0,idle
34250,-599000.0,1024000.0,10581000.0,-174000.0,-1000.0,-270000.0,idle
34260,-423000.0,1266000.0,10649000.0,-183000.0,-36000.0,-231000.0,idle
34270,-317000.0,1361000.0,10611000.0,-138000.0,-95000.0,-160000.0,idle
34280,-239000.0,1258000.0,10516000.0,-41000.0,-162000.0,-43000.0,idle
34290,-187000.0,887000.0,10337000.0,59000.0,-218000.0,54000.0,idle
34300,-118000.0,565000.0,10130000.0,83000.0,-249000.0,60000.0,idle
34310,-70000.0,580000.0,9930000.0,42000.0,-255000.0,17000.0,idle
34320,-70000.0,580000.0,9930000.0,42000.0,-255000.0,17000.0,idle
34330,53000.0,639000.0,9768000.0,-13000.0,-248000.0,-28000.0,idle
34340,158000.0,621000.0,9674000.0,-64000.0,-235000.0,-62000.0,idle
34350,192000.0,580000.0,9613000.0,-109000.0,-224000.0,-71000.0,idle
34360,294000.0,319000.0,9308000.0,-92000.0,-235000.0,-72000.0,idle
34370,294000.0,319000.0,9308000.0,-92000.0,-235000.0,-72000.0,idle
34380,441000.0,10000.0,9093000.0,35000.0,-151000.0,-43000.0,idle
34390,441000.0,10000.0,9093000.0,35000.0,-151000.0,-43000.0,idle
34400,515000.0,22000.0,9030000.0,21000.0,-125000.0,-62000.0,idle
34410,500000.0,76000.0,9070000.0,8000.0,-83000.0,-72000.0,idle
34420,451000.0,146000.0,9152000.0,-2000.0,-46000.0,-61000.0,idle
34430,414000.0,88000.0,9235000.0,-9000.0,-28000.0,-69000.0,idle
34440,354000.0,143000.0,9313000.0,-17000.0,-7000.0,-80000.0,idle
34450,345000.0,295000.0,9440000.0,-31000.0,5000.0,-92000.0,idle
34460,301000.0,407000.0,9504000.0,-56000.0,19000.0,-116000.0,idle
34470,125000.0,282000.0,9895000.0,1000.0,44000.0,-12000.0,idle
34480,125000.0,282000.0,9895000.0,1000.0,44000.0,-12000.0,idle
34490,98000.0,306000.0,9955000.0,-1000.0,34000.0,-23000.0,idle
34500,95000.0,330000.0,9953000.0,7000.0,20000.0,-47000.0,idle
34510,96000.0,401000.0,9993000.0,26000.0,13000.0,-56000.0,idle
34520,132000.0,533000.0,10014000.0,36000.0,5000.0,-47000.0,idle
34530,137000.0,471000.0,9945000.0,32000.0,-5000.0,-41000.0,idle
34540,174000.0,422000.0,9917000.0,24000.0,-2000.0,-33000.0,idle
34550,136000.0,393000.0,9967000.0,15000.0,-4000.0,-30000.0,idle
34560,122000.0,311000.0,9947000.0,22000.0,-18000.0,-17000.0,idle
34570,174000.0,314000.0,9833000.0,49000.0,-36000.0,-1000.0,idle
34580,177000.0,199000.0,9756000.0,101000.0,-44000.0,-11000.0,idle
34590,210000.0,247000.0,9654000.0,86000.0,-43000.0,-15000.0,idle
34600,211000.0,424000.0,9577000.0,90000.0,-33000.0,13000.0,idle
34610,201000.0,341000.0,9601000.0,73000.0,-31000.0,-33000.0,idle
34620,198000.0,379000.0,9672000.0,27000.0,-18000.0,-38000.0,idle
34630,153000.0,413000.0,9735000.0,13000.0,-10000.0,-30000.0,idle
34640,175000.0,427000.0,9748000.0,20000.0,-11000.0,-14000.0,idle
34650,209000.0,421000.0,9765000.0,18000.0,-9000.0,1000.0,idle
34660,210000.0,366000.0,9772000.0,6000.0,-8000.0,9000.0,idle
34670,193000.0,299000.0,9794000.0,-7000.0,-5000.0,7000.0,idle
34680,184000.0,283000.0,9811000.0,-8000.0,-4000.0,6000.0,idle
34690,231000.0,240000.0,9840000.0,-2000.0,-10000.0,2000.0,idle
34700,214000.0,191000.0,9852000.0,5000.0,-12000.0,-7000.0,idle
34710,204000.0,229000.0,9803000.0,12000.0,-16000.0,-8000.0,idle
34720,229000.0,240000.0,9783000.0,13000.0,-20000.0,-15000.0,idle
34730,243000.0,130000.0,9787000.0,4000.0,-18000.0,-22000.0,idle
34740,222000.0,126000.0,9810000.0,9000.0,-19000.0,-21000.0,idle
34750,269000.0,246000.0,9798000.0,18000.0,-23000.0,-25000.0,idle
34760,293000.0,350000.0,9727000.0,14000.0,-24000.0,-27000.0,idle
34770,313000.0,452000.0,9699000.0,13000.0,-20000.0,-19000.0,idle
34780,360000.0,452000.0,9646000.0,6000.0,-18000.0,-13000.0,idle
34790,329000.0,416000.0,9621000.0,-6000.0,-11000.0,-1000.0,idle
34800,320000.0,341000.0,9627000.0,-19000.0,-4000.0,-7000.0,idle
34810,330000.0,313000.0,9652000.0,-21000.0,6000.0,-9000.0,idle
34820,257000.0,365000.0,9778000.0,-31000.0,17000.0,3000.0,idle
34830,257000.0,365000.0,9778000.0,-31000.0,17000.0,3000.0,idle
34840,237000.0,286000.0,9779000.0,-41000.0,13000.0,7000.0,idle
34850,192000.0,239000.0,9827000.0,-30000.0,15000.0,4000.0,idle
34860,150000.0,268000.0,9859000.0,-26000.0,18000.0,-1000.0,idle
34870,92000.0,252000.0,9925000.0,-35000.0,17000.0,0.0,idle
34880,98000.0,146000.0,9963000.0,-29000.0,4000.0,2000.0,idle
34890,129000.0,164000.0,9873000.0,2000.0,-9000.0,2000.0,idle
34900,142000.0,286000.0,9794000.0,18000.0,-15000.0,1000.0,idle
34910,209000.0,385000.0,9687000.0,3000.0,-5000.0,-20000.0,idle
34920,209000.0,385000.0,9687000.0,3000.0,-5000.0,-20000.0,idle
34930,219000.0,393000.0,9709000.0,-10000.0,-3000.0,-22000.0,idle
34940,219000.0,341000.0,9749000.0,-19000.0,-4000.0,-20000.0,idle
34950,214000.0,296000.0,9806000.0,0.0,-6000.0,-9000.0,idle
34960,219000.0,257000.0,9818000.0,23000.0,-11000.0,-9000.0,idle
34970,209000.0,268000.0,9804000.0,17000.0,-14000.0,-3000.0,idle
34980,201000.0,217000.0,9771000.0,13000.0,-14000.0,0.0,idle
34990,232000.0,172000.0,9741000.0,21000.0,-13000.0,-8000.0,idle
35000,249000.0,349000.0,9694000.0,7000.0,-10000.0,-32000.0,idle
35010,259000.0,428000.0,9682000.0,16000.0,-3000.0,-25000.0,idle
35020,262000.0,413000.0,9695000.0,4000.0,6000.0,-14000.0,idle
35030,226000.0,395000.0,9718000.0,-17000.0,8000.0,2000.0,idle
35040,202000.0,314000.0,9739000.0,-17000.0,7000.0,10000.0,idle
35050,195000.0,270000.0,9793000.0,-10000.0,10000.0,14000.0,idle
35060,189000.0,225000.0,9848000.0,-22000.0,7000.0,0.0,idle
35070,155000.0,207000.0,9891000.0,-27000.0,1000.0,-14000.0,idle
35080,152000.0,300000.0,9878000.0,1000.0,-6000.0,-18000.0,idle
35090,168000.0,300000.0,9860000.0,11000.0,-12000.0,-19000.0,idle
35100,138000.0,264000.0,9845000.0,5000.0,-17000.0,-26000.0,idle
35110,190000.0,275000.0,9766000.0,4000.0,-28000.0,-33000.0,idle
35120,266000.0,366000.0,9723000.0,12000.0,-25000.0,-25000.0,idle
35130,284000.0,484000.0,9714000.0,13000.0,-17000.0,-12000.0,idle
35140,263000.0,472000.0,9712000.0,0.0,-12000.0,1000.0,idle
35150,258000.0,392000.0,9721000.0,-18000.0,-5000.0,14000.0,idle
35160,246000.0,313000.0,9747000.0,-33000.0,-1000.0,13000.0,idle
35170,249000.0,295000.0,9778000.0,-31000.0,0.0,21000.0,idle
35180,199000.0,186000.0,9788000.0,-17000.0,-2000.0,5000.0,idle
35190,175000.0,168000.0,9805000.0,-13000.0,-9000.0,-13000.0,idle
35200,201000.0,305000.0,9757000.0,-4000.0,-12000.0,-10000.0,idle
35210,233000.0,331000.0,9699000.0,2000.0,-12000.0,-16000.0,idle
35220,229000.0,367000.0,9662000.0,-4000.0,-10000.0,-11000.0,idle
35230,265000.0,349000.0,9684000.0,-15000.0,-2000.0,-9000.0,idle
35240,243000.0,344000.0,9733000.0,-34000.0,6000.0,-2000.0,idle
35250,237000.0,325000.0,9786000.0,-31000.0,7000.0,14000.0,idle
35260,202000.0,210000.0,9841000.0,-11000.0,5000.0,21000.0,idle
35270,202000.0,210000.0,9841000.0,-11000.0,5000.0,21000.0,idle
35280,159000.0,111000.0,9836000.0,1000.0,2000.0,18000.0,idle
35290,136000.0,71000.0,9833000.0,6000.0,0.0,-2000.0,idle
35300,165000.0,198000.0,9856000.0,6000.0,-3000.0,-15000.0,idle
35310,208000.0,290000.0,9847000.0,-2000.0,-7000.0,-20000.0,idle
35320,217000.0,274000.0,9762000.0,-12000.0,-10000.0,-29000.0,idle
35330,241000.0,357000.0,9684000.0,-13000.0,-7000.0,-19000.0,idle
35340,275000.0,399000.0,9657000.0,-7000.0,-4000.0,-16000.0,idle
35350,276000.0,420000.0,9639000.0,-1000.0,-2000.0,-3000.0,idle
35360,293000.0,407000.0,9633000.0,4000.0,0.0,13000.0,idle
35370,307000.0,338000.0,9642000.0,0.0,6000.0,20000.0,idle
35380,324000.0,310000.0,9632000.0,-10000.0,13000.0,26000.0,idle
35390,328000.0,278000.0,9601000.0,-18000.0,19000.0,26000.0,idle
35400,288000.0,234000.0,9587000.0,-32000.0,29000.0,20000.0,idle
35410,275000.0,119000.0,9629000.0,-44000.0,38000.0,7000.0,idle
35420,268000.0,13000.0,9630000.0,-41000.0,39000.0,-13000.0,idle
35430,196000.0,75000.0,9614000.0,-28000.0,45000.0,-28000.0,idle
35440,181000.0,125000.0,9694000.0,-21000.0,53000.0,-29000.0,idle
35450,197000.0,146000.0,9749000.0,-18000.0,51000.0,-20000.0,idle
35460,162000.0,132000.0,9759000.0,-13000.0,51000.0,-14000.0,idle
35470,162000.0,123000.0,9756000.0,-13000.0,53000.0,-7000.0,idle
35480,140000.0,141000.0,9753000.0,-10000.0,54000.0,-6000.0,idle
35490,136000.0,204000.0,9741000.0,-9000.0,56000.0,-9000.0,idle
35500,118000.0,225000.0,9757000.0,-9000.0,55000.0,-10000.0,idle
35510,120000.0,198000.0,9769000.0,-21000.0,56000.0,-17000.0,idle
35520,110000.0,210000.0,9806000.0,-33000.0,58000.0,-28000.0,idle
35530,86000.0,312000.0,9830000.0,-37000.0,58000.0,-36000.0,idle
35540,71000.0,354000.0,9846000.0,-43000.0,54000.0,-34000.0,idle
35550,93000.0,336000.0,9853000.0,-43000.0,51000.0,-37000.0,idle
35560,76000.0,355000.0,9832000.0,-37000.0,49000.0,-22000.0,idle
35570,122000.0,357000.0,9823000.0,-26000.0,41000.0,-7000.0,idle
35580,141000.0,314000.0,9803000.0,-17000.0,37000.0,-15000.0,idle
35590,92000.0,331000.0,9798000.0,-12000.0,40000.0,-15000.0,idle
35600,32000.0,339000.0,9809000.0,-11000.0,42000.0,-14000.0,idle
35610,25000.0,296000.0,9847000.0,-26000.0,37000.0,-27000.0,idle
35620,17000.0,276000.0,9914000.0,-28000.0,35000.0,-31000.0,idle
35630,7000.0,351000.0,9921000.0,-10000.0,28000.0,-22000.0,idle
35640,27000.0,354000.0,9870000.0,-2000.0,17000.0,-15000.0,idle
35650,44000.0,338000.0,9869000.0,-2000.0,14000.0,-6000.0,idle
35660,50000.0,367000.0,9869000.0,3000.0,11000.0,0.0,idle
35670,43000.0,351000.0,9871000.0,5000.0,6000.0,5000.0,idle
35680,20000.0,265000.0,9878000.0,3000.0,4000.0,11000.0,idle
35690,-11000.0,207000.0,9875000.0,1000.0,0.0,10000.0,idle
35700,-29000.0,238000.0,9853000.0,-5000.0,-2000.0,11000.0,idle
35710,5000.0,270000.0,9832000.0,-2000.0,-6000.0,12000.0,idle
35720,31000.0,244000.0,9788000.0,2000.0,-11000.0,10000.0,idle
35730,39000.0,221000.0,9743000.0,-3000.0,-14000.0,2000.0,idle
35740,59000.0,253000.0,9695000.0,-9000.0,-18000.0,-7000.0,idle
35750,76000.0,308000.0,9682000.0,9000.0,-15000.0,-3000.0,idle
35760,83000.0,275000.0,9686000.0,31000.0,-14000.0,-1000.0,idle
35770,81000.0,225000.0,9732000.0,19000.0,-10000.0,0.0,idle
35780,57000.0,283000.0,9757000.0,-3000.0,-4000.0,0.0,idle
35790,7000.0,215000.0,9811000.0,2000.0,-1000.0,-2000.0,idle
35800,32000.0,161000.0,9850000.0,2000.0,-6000.0,6000.0,idle
35810,32000.0,137000.0,9774000.0,3000.0,-18000.0,-6000.0,idle
35820,68000.0,207000.0,9742000.0,25000.0,-15000.0,-10000.0,idle
35830,114000.0,308000.0,9757000.0,29000.0,-9000.0,-1000.0,idle
35840,93000.0,313000.0,9767000.0,14000.0,-9000.0,2000.0,idle
35850,87000.0,239000.0,9747000.0,6000.0,-9000.0,3000.0,idle
35860,64000.0,195000.0,9739000.0,15000.0,-9000.0,-1000.0,idle
35870,79000.0,207000.0,9774000.0,26000.0,-14000.0,-4000.0,idle
35880,122000.0,187000.0,9805000.0,28000.0,-17000.0,-15000.0,idle
35890,98000.0,211000.0,9780000.0,28000.0,-18000.0,-18000.0,idle
35900,125000.0,245000.0,9729000.0,35000.0,-17000.0,-11000.0,idle
35910,144000.0,265000.0,9713000.0,23000.0,-15000.0,-14000.0,idle
35920,116000.0,274000.0,9729000.0,11000.0,-12000.0,-10000.0,idle
35930,140000.0,216000.0,9741000.0,12000.0,-4000.0,-7000.0,idle
35940,119000.0,227000.0,9840000.0,7000.0,4000.0,-9000.0,idle
35950,89000.0,284000.0,9895000.0,-3000.0,0.0,-2000.0,idle
35960,58000.0,217000.0,9875000.0,0.0,-10000.0,-1000.0,idle
35970,47000.0,173000.0,9842000.0,11000.0,-15000.0,-1000.0,idle
35980,93000.0,167000.0,9802000.0,15000.0,-21000.0,-11000.0,idle
35990,99000.0,208000.0,9766000.0,11000.0,-23000.0,-17000.0,idle
36000,111000.0,256000.0,9714000.0,22000.0,-22000.0,-14000.0,idle
36010,137000.0,320000.0,9709000.0,20000.0,-15000.0,-17000.0,idle
36020,138000.0,310000.0,9748000.0,-3000.0,-7000.0,-11000.0,idle
36030,134000.0,266000.0,9773000.0,-16000.0,-7000.0,-11000.0,idle
36040,118000.0,237000.0,9779000.0,-10000.0,-10000.0,-5000.0,idle
36050,116000.0,221000.0,9767000.0,10000.0,-13000.0,-2000.0,idle
36060,118000.0,311000.0,9741000.0,17000.0,-13000.0,-3000.0,idle
36070,141000.0,377000.0,9721000.0,3000.0,-9000.0,1000.0,idle
36080,117000.0,354000.0,9723000.0,-7000.0,-4000.0,11000.0,idle
36090,49000.0,243000.0,9711000.0,-11000.0,-4000.0,4000.0,idle
36100,100000.0,217000.0,9714000.0,-14000.0,-5000.0,-10000.0,idle
36110,122000.0,293000.0,9754000.0,-9000.0,-1000.0,-7000.0,idle
36120,118000.0,313000.0,9822000.0,0.0,0.0,-3000.0,idle
36130,124000.0,280000.0,9842000.0,-1000.0,-2000.0,4000.0,idle
36140,122000.0,201000.0,9847000.0,-6000.0,-5000.0,1000.0,idle
36150,87000.0,213000.0,9823000.0,-2000.0,-10000.0,2000.0,idle
36160,63000.0,219000.0,9811000.0,1000.0,-11000.0,2000.0,idle
36170,68000.0,197000.0,9823000.0,-2000.0,-13000.0,3000.0,idle
36180,95000.0,207000.0,9824000.0,-2000.0,-15000.0,5000.0,idle
36190,110000.0,233000.0,9759000.0,-4000.0,-16000.0,-1000.0,idle
36200,110000.0,243000.0,9696000.0,-7000.0,-14000.0,-4000.0,idle
36210,138000.0,254000.0,9659000.0,-9000.0,-10000.0,2000.0,idle
36220,177000.0,247000.0,9629000.0,-15000.0,-2000.0,6000.0,idle
36230,180000.0,231000.0,9668000.0,-26000.0,8000.0,6000.0,idle
36240,141000.0,233000.0,9702000.0,-20000.0,12000.0,6000.0,idle
36250,123000.0,257000.0,9754000.0,-1000.0,11000.0,5000.0,idle
36260,110000.0,229000.0,9834000.0,-1000.0,9000.0,5000.0,idle
36270,70000.0,205000.0,9833000.0,-8000.0,2000.0,6000.0,idle
36280,105000.0,174000.0,9820000.0,0.0,-5000.0,4000.0,idle
36290,76000.0,184000.0,9811000.0,9000.0,-3000.0,-3000.0,idle
36300,57000.0,257000.0,9811000.0,8000.0,-5000.0,-12000.0,idle
36310,77000.0,335000.0,9812000.0,12000.0,-7000.0,-10000.0,idle
36320,77000.0,335000.0,9812000.0,12000.0,-7000.0,-10000.0,idle
36330,83000.0,334000.0,9814000.0,6000.0,-7000.0,-10000.0,idle
36340,116000.0,350000.0,9803000.0,-8000.0,-9000.0,-7000.0,idle
36350,106000.0,349000.0,9790000.0,-15000.0,-9000.0,1000.0,idle
36360,90000.0,318000.0,9747000.0,-12000.0,-9000.0,12000.0,idle
36370,96000.0,275000.0,9757000.0,-10000.0,-5000.0,18000.0,idle
36380,68000.0,202000.0,9784000.0,-17000.0,-2000.0,20000.0,idle
36390,68000.0,202000.0,9784000.0,-17000.0,-2000.0,20000.0,idle
36400,79000.0,131000.0,9815000.0,-23000.0,-4000.0,14000.0,idle
36410,62000.0,137000.0,9805000.0,-15000.0,-5000.0,5000.0,idle
36420,56000.0,197000.0,9741000.0,1000.0,-17000.0,0.0,idle
36430,113000.0,148000.0,9744000.0,5000.0,-20000.0,-1000.0,idle
36440,142000.0,128000.0,9754000.0,1000.0,-13000.0,1000.0,idle
36450,95000.0,141000.0,9732000.0,0.0,-7000.0,-14000.0,idle
36460,68000.0,191000.0,9745000.0,-4000.0,-4000.0,-13000.0,idle
36470,90000.0,204000.0,9771000.0,-4000.0,-4000.0,-4000.0,idle
36480,96000.0,203000.0,9784000.0,-3000.0,-3000.0,-10000.0,idle
36490,104000.0,251000.0,9799000.0,-1000.0,-5000.0,-6000.0,idle
36500,108000.0,281000.0,9778000.0,1000.0,-8000.0,0.0,idle
36510,106000.0,278000.0,9729000.0,10000.0,-10000.0,3000.0,idle
36520,104000.0,302000.0,9735000.0,17000.0,-7000.0,6000.0,idle
36530,96000.0,314000.0,9738000.0,14000.0,-6000.0,3000.0,idle
36540,95000.0,312000.0,9750000.0,3000.0,-6000.0,1000.0,idle
36550,86000.0,260000.0,9803000.0,0.0,-3000.0,-5000.0,idle
36560,83000.0,274000.0,9793000.0,0.0,-7000.0,-10000.0,idle
36570,87000.0,323000.0,9765000.0,4000.0,-12000.0,-11000.0,idle
36580,82000.0,325000.0,9759000.0,2000.0,-12000.0,-5000.0,idle
36590,118000.0,331000.0,9738000.0,-5000.0,-10000.0,4000.0,idle
36600,129000.0,323000.0,9739000.0,-4000.0,-7000.0,9000.0,idle
36610,124000.0,305000.0,9763000.0,-4000.0,-4000.0,9000.0,idle
36620,111000.0,307000.0,9790000.0,-5000.0,-4000.0,17000.0,idle
36630,88000.0,243000.0,9784000.0,-3000.0,-10000.0,17000.0,idle
36640,102000.0,181000.0,9768000.0,-2000.0,-12000.0,4000.0,idle
36650,114000.0,237000.0,9772000.0,-1000.0,-12000.0,5000.0,idle
36660,143000.0,300000.0,9750000.0,1000.0,-13000.0,10000.0,idle
36670,147000.0,280000.0,9709000.0,0.0,-13000.0,9000.0,idle
36680,165000.0,227000.0,9684000.0,-6000.0,-10000.0,10000.0,idle
36690,152000.0,183000.0,9692000.0,-8000.0,-4000.0,9000.0,idle
36700,132000.0,213000.0,9719000.0,1000.0,-1000.0,9000.0,idle
36710,112000.0,198000.0,9781000.0,0.0,1000.0,3000.0,idle
36720,107000.0,204000.0,9784000.0,-7000.0,0.0,-1000.0,idle
36730,75000.0,164000.0,9797000.0,0.0,1000.0,-9000.0,idle
36740,75000.0,164000.0,9797000.0,0.0,1000.0,-9000.0,idle
36750,71000.0,185000.0,9816000.0,-5000.0,-2000.0,-13000.0,idle
36760,94000.0,256000.0,9814000.0,-4000.0,-4000.0,-10000.0,idle
36770,74000.0,270000.0,9853000.0,2000.0,-4000.0,-4000.0,idle
36780,68000.0,256000.0,9873000.0,0.0,-6000.0,3000.0,idle
36790,69000.0,204000.0,9797000.0,-3000.0,-15000.0,9000.0,idle
36800,94000.0,177000.0,9767000.0,4000.0,-19000.0,9000.0,idle
36810,105000.0,243000.0,9756000.0,14000.0,-15000.0,11000.0,idle
36820,105000.0,262000.0,9738000.0,9000.0,-12000.0,11000.0,idle
36830,99000.0,207000.0,9763000.0,-6000.0,-11000.0,1000.0,idle
36840,104000.0,205000.0,9808000.0,-20000.0,-9000.0,-7000.0,idle
36850,113000.0,166000.0,9817000.0,-21000.0,-10000.0,-9000.0,idle
36860,117000.0,130000.0,9785000.0,-6000.0,-13000.0,-18000.0,idle
36870,88000.0,129000.0,9737000.0,5000.0,-17000.0,-22000.0,idle
36880,112000.0,186000.0,9712000.0,14000.0,-18000.0,-21000.0,idle
36890,147000.0,260000.0,9709000.0,25000.0,-14000.0,-15000.0,idle
36900,137000.0,310000.0,9694000.0,23000.0,-12000.0,-14000.0,idle
36910,123000.0,207000.0,9765000.0,5000.0,-8000.0,20000.0,idle
36920,108000.0,247000.0,9778000.0,2000.0,-6000.0,22000.0,idle
36930,112000.0,192000.0,9780000.0,-3000.0,-6000.0,15000.0,idle
36940,104000.0,137000.0,9768000.0,-10000.0,-5000.0,10000.0,idle
36950,94000.0,134000.0,9755000.0,-5000.0,-10000.0,3000.0,idle
36960,84000.0,123000.0,9727000.0,0.0,-13000.0,-6000.0,idle
36970,110000.0,178000.0,9706000.0,6000.0,-10000.0,-7000.0,idle
36980,159000.0,227000.0,9648000.0,7000.0,-9000.0,-10000.0,idle
36990,168000.0,272000.0,9634000.0,0.0,0.0,-10000.0,idle
37000,165000.0,254000.0,9677000.0,0.0,7000.0,-11000.0,idle
37010,162000.0,253000.0,9708000.0,-10000.0,10000.0,-10000.0,idle
37020,143000.0,271000.0,9730000.0,-14000.0,14000.0,-2000.0,idle
37030,124000.0,249000.0,9756000.0,-11000.0,15000.0,1000.0,idle
37040,87000.0,189000.0,9793000.0,-5000.0,14000.0,3000.0,idle
37050,61000.0,156000.0,9830000.0,1000.0,13000.0,-4000.0,idle
37060,100000.0,233000.0,9805000.0,6000.0,7000.0,-3000.0,idle
37070,94000.0,253000.0,9760000.0,5000.0,3000.0,-4000.0,idle
37080,100000.0,221000.0,9780000.0,-4000.0,10000.0,-12000.0,idle
37090,96000.0,252000.0,9838000.0,-17000.0,13000.0,-13000.0,idle
37100,80000.0,276000.0,9866000.0,-17000.0,9000.0,-10000.0,idle
37110,89000.0,220000.0,9866000.0,-11000.0,3000.0,0.0,idle
37120,50000.0,138000.0,9816000.0,-6000.0,-2000.0,7000.0,idle
37130,62000.0,148000.0,9790000.0,5000.0,-5000.0,10000.0,idle
37140,90000.0,220000.0,9781000.0,0.0,13000.0,-17000.0,idle
37150,63000.0,213000.0,9796000.0,3000.0,9000.0,-20000.0,idle
37160,63000.0,213000.0,9796000.0,3000.0,9000.0,-20000.0,idle
37170,80000.0,251000.0,9802000.0,0.0,8000.0,-20000.0,idle
37180,84000.0,278000.0,9811000.0,0.0,6000.0,-13000.0,idle
37190,93000.0,282000.0,9765000.0,0.0,1000.0,-6000.0,idle
37200,101000.0,237000.0,9736000.0,-3000.0,2000.0,-5000.0,idle
37210,76000.0,219000.0,9750000.0,-7000.0,5000.0,-10000.0,idle
37220,55000.0,251000.0,9781000.0,-9000.0,6000.0,-14000.0,idle
37230,45000.0,240000.0,9828000.0,0.0,4000.0,-10000.0,idle
37240,44000.0,184000.0,9860000.0,12000.0,1000.0,-9000.0,idle
37250,47000.0,154000.0,9859000.0,16000.0,-2000.0,-17000.0,idle
37260,41000.0,172000.0,9814000.0,19000.0,-6000.0,-23000.0,idle
37270,27000.0,270000.0,9736000.0,25000.0,-12000.0,-25000.0,idle
37280,33000.0,241000.0,9695000.0,23000.0,-7000.0,-27000.0,idle
37290,41000.0,244000.0,9714000.0,22000.0,-7000.0,-23000.0,idle
37300,90000.0,294000.0,9684000.0,24000.0,-7000.0,-20000.0,idle
37310,107000.0,293000.0,9636000.0,25000.0,-5000.0,-25000.0,idle
37320,101000.0,344000.0,9633000.0,33000.0,-3000.0,-28000.0,idle
37330,125000.0,395000.0,9659000.0,33000.0,6000.0,-21000.0,idle
37340,101000.0,403000.0,9711000.0,9000.0,13000.0,-18000.0,idle
37350,102000.0,375000.0,9765000.0,-13000.0,16000.0,-18000.0,idle
37360,108000.0,368000.0,9820000.0,-18000.0,18000.0,-12000.0,idle
37370,138000.0,276000.0,9808000.0,5000.0,3000.0,16000.0,idle
37380,138000.0,276000.0,9808000.0,5000.0,3000.0,16000.0,idle
37390,108000.0,257000.0,9772000.0,12000.0,1000.0,23000.0,idle
37400,104000.0,169000.0,9766000.0,9000.0,4000.0,15000.0,idle
37410,96000.0,110000.0,9812000.0,-6000.0,10000.0,2000.0,idle
37420,59000.0,171000.0,9799000.0,-8000.0,12000.0,2000.0,idle
37430,15000.0,210000.0,9744000.0,-7000.0,10000.0,0.0,idle
37440,-25000.0,323000.0,9732000.0,-27000.0,0.0,-5000.0,idle
37450,63000.0,235000.0,9840000.0,-88000.0,2000.0,-12000.0,idle
37460,57000.0,175000.0,9790000.0,-10000.0,0.0,-4000.0,idle
37470,39000.0,95000.0,9721000.0,2000.0,37000.0,-19000.0,idle
37480,-1000.0,348000.0,9817000.0,-4000.0,6000.0,-10000.0,idle
37490,-1000.0,348000.0,9817000.0,-4000.0,6000.0,-10000.0,idle
37500,13000.0,378000.0,9783000.0,-14000.0,6000.0,-4000.0,idle
37510,21000.0,319000.0,9769000.0,-20000.0,6000.0,-1000.0,idle
37520,3000.0,290000.0,9790000.0,-27000.0,7000.0,0.0,idle
37530,-13000.0,284000.0,9836000.0,-22000.0,5000.0,3000.0,idle
37540,-14000.0,301000.0,9829000.0,-8000.0,1000.0,5000.0,idle
37550,108000.0,220000.0,9635000.0,8000.0,-1000.0,4000.0,idle
37560,-65000.0,144000.0,9803000.0,-8000.0,4000.0,3000.0,idle
37570,-81000.0,89000.0,9811000.0,-6000.0,1000.0,5000.0,idle
37580,-79000.0,83000.0,9804000.0,3000.0,0.0,3000.0,idle
37590,-41000.0,140000.0,9805000.0,6000.0,0.0,0.0,idle
37600,9000.0,140000.0,9834000.0,0.0,0.0,-11000.0,idle
37610,11000.0,193000.0,9803000.0,-10000.0,0.0,-14000.0,idle
37620,23000.0,250000.0,9757000.0,-5000.0,0.0,-7000.0,idle
37630,35000.0,239000.0,9703000.0,-2000.0,0.0,-1000.0,idle
37640,19000.0,266000.0,9665000.0,-3000.0,2000.0,6000.0,idle
37650,-17000.0,266000.0,9642000.0,-1000.0,8000.0,12000.0,idle
37660,-87000.0,207000.0,9709000.0,-5000.0,15000.0,13000.0,idle
37670,-102000.0,137000.0,9766000.0,-12000.0,17000.0,5000.0,idle
37680,-93000.0,147000.0,9784000.0,-12000.0,15000.0,-9000.0,idle
37690,-71000.0,254000.0,9824000.0,-9000.0,15000.0,-6000.0,idle
37700,-68000.0,251000.0,9821000.0,-9000.0,12000.0,-3000.0,idle
37710,-70000.0,221000.0,9821000.0,-8000.0,9000.0,0.0,idle
37720,-35000.0,250000.0,9811000.0,0.0,5000.0,2000.0,idle
37730,-41000.0,277000.0,9818000.0,1000.0,3000.0,9000.0,idle
37740,-52000.0,89000.0,9798000.0,11000.0,-5000.0,20000.0,idle
37750,-61000.0,116000.0,9779000.0,10000.0,-4000.0,8000.0,idle
37760,-71000.0,129000.0,9816000.0,-16000.0,0.0,5000.0,idle
37770,-86000.0,146000.0,9829000.0,-10000.0,-3000.0,6000.0,idle
37780,-93000.0,180000.0,9811000.0,-2000.0,-6000.0,7000.0,idle
37790,-108000.0,181000.0,9798000.0,-8000.0,-10000.0,12000.0,idle
37800,-95000.0,152000.0,9747000.0,-9000.0,-13000.0,14000.0,idle
37810,-71000.0,167000.0,9675000.0,3000.0,-12000.0,15000.0,idle
37820,-37000.0,183000.0,9657000.0,9000.0,-7000.0,18000.0,idle
37830,-40000.0,165000.0,9692000.0,2000.0,-2000.0,17000.0,idle
37840,-59000.0,92000.0,9751000.0,-8000.0,1000.0,-2000.0,idle
37850,-43000.0,112000.0,9800000.0,-1000.0,1000.0,-14000.0,idle
37860,-53000.0,160000.0,9830000.0,19000.0,-4000.0,-20000.0,idle
37870,-37000.0,197000.0,9802000.0,22000.0,-12000.0,-17000.0,idle
37880,-32000.0,201000.0,9739000.0,25000.0,-14000.0,-12000.0,idle
37890,-39000.0,193000.0,9721000.0,29000.0,-11000.0,-12000.0,idle
37900,-19000.0,201000.0,9751000.0,23000.0,-10000.0,-14000.0,idle
37910,-64000.0,270000.0,9768000.0,15000.0,-5000.0,-10000.0,idle
37920,-65000.0,288000.0,9794000.0,9000.0,-1000.0,-4000.0,idle
37930,-71000.0,263000.0,9818000.0,-6000.0,0.0,-6000.0,idle
37940,-62000.0,283000.0,9815000.0,-13000.0,-3000.0,-4000.0,idle
37950,-53000.0,264000.0,9812000.0,-6000.0,-9000.0,-3000.0,idle
37960,-74000.0,199000.0,9805000.0,-2000.0,-12000.0,5000.0,idle
37970,-88000.0,124000.0,9783000.0,10000.0,-14000.0,7000.0,idle
37980,-128000.0,141000.0,9769000.0,15000.0,-14000.0,-1000.0,idle
37990,-138000.0,191000.0,9800000.0,7000.0,-14000.0,-1000.0,idle
38000,-101000.0,138000.0,9754000.0,7000.0,-18000.0,-4000.0,idle
38010,-107000.0,156000.0,9719000.0,18000.0,-19000.0,-7000.0,idle
38020,-92000.0,138000.0,9705000.0,22000.0,-19000.0,-6000.0,idle
38030,-117000.0,119000.0,9686000.0,26000.0,-15000.0,-1000.0,idle
38040,-107000.0,168000.0,9733000.0,33000.0,-10000.0,-11000.0,idle
38050,-110000.0,251000.0,9765000.0,23000.0,-5000.0,-14000.0,idle
38060,-53000.0,314000.0,9806000.0,14000.0,-9000.0,-7000.0,idle
38070,-38000.0,219000.0,9806000.0,5000.0,-10000.0,-24000.0,idle
38080,-44000.0,172000.0,9828000.0,3000.0,-13000.0,-18000.0,idle
38090,-65000.0,98000.0,9858000.0,24000.0,-18000.0,-31000.0,idle
38100,-61000.0,235000.0,9839000.0,39000.0,-23000.0,-40000.0,idle
38110,-45000.0,392000.0,9862000.0,29000.0,-23000.0,-33000.0,idle
38120,-39000.0,356000.0,9829000.0,14000.0,-24000.0,-27000.0,idle
38130,-57000.0,247000.0,9738000.0,11000.0,-34000.0,-25000.0,idle
38140,-20000.0,199000.0,9674000.0,26000.0,-36000.0,-21000.0,idle
38150,9000.0,268000.0,9613000.0,33000.0,-30000.0,-20000.0,idle
38160,21000.0,343000.0,9607000.0,30000.0,-20000.0,-14000.0,idle
38170,22000.0,341000.0,9651000.0,18000.0,-8000.0,-7000.0,idle
38180,15000.0,114000.0,9692000.0,5000.0,-1000.0,-20000.0,idle
38190,-110000.0,334000.0,9763000.0,23000.0,-1000.0,-31000.0,idle
38200,-74000.0,256000.0,9741000.0,19000.0,-1000.0,-28000.0,idle
38210,-52000.0,225000.0,9759000.0,7000.0,1000.0,-27000.0,idle
38220,-52000.0,225000.0,9759000.0,7000.0,1000.0,-27000.0,idle
38230,-93000.0,216000.0,9761000.0,4000.0,0.0,-29000.0,idle
38240,-50000.0,198000.0,9773000.0,15000.0,-3000.0,-37000.0,idle
38250,-47000.0,282000.0,9750000.0,21000.0,-4000.0,-40000.0,idle
38260,-65000.0,314000.0,9755000.0,19000.0,-3000.0,-33000.0,idle
38270,-35000.0,241000.0,9741000.0,14000.0,1000.0,-33000.0,idle
38280,-16000.0,221000.0,9686000.0,10000.0,1000.0,-34000.0,idle
38290,-17000.0,295000.0,9623000.0,19000.0,2000.0,-34000.0,idle
38300,-13000.0,311000.0,9579000.0,21000.0,10000.0,-32000.0,idle
38310,-21000.0,227000.0,9623000.0,8000.0,20000.0,-19000.0,idle
38320,-32000.0,165000.0,9620000.0,14000.0,22000.0,-15000.0,idle
38330,-35000.0,137000.0,9623000.0,20000.0,28000.0,-23000.0,idle
38340,-76000.0,216000.0,9654000.0,13000.0,35000.0,-28000.0,idle
38350,-67000.0,178000.0,9696000.0,12000.0,38000.0,-37000.0,idle
38360,-73000.0,136000.0,9767000.0,20000.0,37000.0,-35000.0,idle
38370,-105000.0,219000.0,9744000.0,27000.0,20000.0,-61000.0,idle
38380,-120000.0,253000.0,9657000.0,41000.0,14000.0,-45000.0,idle
38390,-104000.0,198000.0,9581000.0,55000.0,21000.0,-43000.0,idle
38400,-86000.0,260000.0,9647000.0,36000.0,35000.0,-43000.0,idle
38410,-95000.0,359000.0,9797000.0,9000.0,51000.0,-49000.0,idle
38420,-93000.0,348000.0,9865000.0,-2000.0,51000.0,-44000.0,idle
38430,-82000.0,282000.0,9863000.0,1000.0,46000.0,-43000.0,idle
38440,-98000.0,260000.0,9804000.0,15000.0,39000.0,-44000.0,idle
38450,-89000.0,155000.0,9773000.0,30000.0,33000.0,-48000.0,idle
38460,-93000.0,108000.0,9727000.0,48000.0,24000.0,-67000.0,idle
38470,-147000.0,232000.0,9672000.0,80000.0,22000.0,-73000.0,idle
38480,-107000.0,289000.0,9668000.0,88000.0,31000.0,-70000.0,idle
38490,-108000.0,290000.0,9662000.0,46000.0,37000.0,-78000.0,idle
38500,-132000.0,313000.0,9672000.0,19000.0,38000.0,-66000.0,idle
38510,-147000.0,235000.0,9699000.0,23000.0,46000.0,-56000.0,idle
38520,-173000.0,219000.0,9689000.0,20000.0,46000.0,-62000.0,idle
38530,-165000.0,304000.0,9683000.0,28000.0,44000.0,-63000.0,idle
38540,-125000.0,368000.0,9757000.0,51000.0,49000.0,-60000.0,idle
38550,-113000.0,424000.0,9839000.0,54000.0,45000.0,-55000.0,idle
38560,-123000.0,470000.0,9895000.0,49000.0,41000.0,-55000.0,idle
38570,-156000.0,525000.0,9964000.0,52000.0,41000.0,-46000.0,idle
38580,-172000.0,530000.0,10045000.0,47000.0,32000.0,-39000.0,idle
38590,-134000.0,535000.0,10049000.0,43000.0,16000.0,-33000.0,idle
38600,-95000.0,541000.0,10060000.0,48000.0,10000.0,-36000.0,idle
38610,-89000.0,628000.0,10054000.0,42000.0,7000.0,-43000.0,idle
38620,-67000.0,750000.0,9954000.0,33000.0,-4000.0,-37000.0,idle
38630,-45000.0,714000.0,9814000.0,30000.0,-11000.0,-23000.0,idle
38640,-62000.0,610000.0,9730000.0,22000.0,-6000.0,-9000.0,idle
38650,-33000.0,464000.0,9725000.0,3000.0,-5000.0,-17000.0,idle
38660,-95000.0,502000.0,9772000.0,3000.0,-5000.0,-21000.0,idle
38670,-70000.0,560000.0,9811000.0,19000.0,-5000.0,-11000.0,idle
38680,-38000.0,583000.0,9830000.0,13000.0,-3000.0,-5000.0,idle
38690,-59000.0,536000.0,9809000.0,-14000.0,-3000.0,-1000.0,idle
38700,-68000.0,414000.0,9816000.0,-28000.0,-2000.0,10000.0,idle
38710,-116000.0,283000.0,9793000.0,-15000.0,-2000.0,15000.0,idle
38720,-155000.0,240000.0,9798000.0,3000.0,-3000.0,20000.0,idle
38730,-184000.0,283000.0,9775000.0,12000.0,-2000.0,15000.0,idle
38740,-207000.0,283000.0,9784000.0,10000.0,-2000.0,6000.0,idle
38750,-239000.0,243000.0,9847000.0,8000.0,-1000.0,6000.0,idle
38760,-268000.0,198000.0,9832000.0,25000.0,-6000.0,0.0,idle
38770,-274000.0,223000.0,9741000.0,34000.0,-9000.0,-12000.0,idle
38780,-298000.0,265000.0,9711000.0,17000.0,-2000.0,-21000.0,idle
38790,-324000.0,290000.0,9739000.0,5000.0,3000.0,-22000.0,idle
38800,-324000.0,361000.0,9731000.0,29000.0,-1000.0,-25000.0,idle
38810,-199000.0,323000.0,9958000.0,-47000.0,54000.0,-67000.0,idle
38820,-201000.0,407000.0,9945000.0,2000.0,37000.0,-74000.0,idle
38830,-118000.0,399000.0,9970000.0,21000.0,20000.0,-49000.0,idle
38840,-158000.0,324000.0,9871000.0,22000.0,1000.0,-58000.0,idle
38850,-162000.0,305000.0,9777000.0,29000.0,1000.0,-57000.0,idle
38860,-159000.0,366000.0,9700000.0,37000.0,2000.0,-51000.0,idle
38870,-192000.0,363000.0,9645000.0,30000.0,6000.0,-62000.0,idle
38880,-204000.0,426000.0,9676000.0,27000.0,15000.0,-60000.0,idle
38890,-232000.0,492000.0,9729000.0,31000.0,20000.0,-57000.0,idle
38900,-266000.0,486000.0,9751000.0,32000.0,18000.0,-49000.0,idle
38910,-276000.0,427000.0,9800000.0,22000.0,19000.0,-55000.0,idle
38920,-287000.0,393000.0,9840000.0,-3000.0,16000.0,-84000.0,idle
38930,-286000.0,475000.0,9834000.0,-6000.0,9000.0,-101000.0,idle
38940,-292000.0,599000.0,9768000.0,12000.0,5000.0,-92000.0,idle
38950,-263000.0,614000.0,9730000.0,12000.0,1000.0,-77000.0,idle
38960,-268000.0,562000.0,9705000.0,6000.0,0.0,-69000.0,idle
38970,-234000.0,523000.0,9707000.0,11000.0,-4000.0,-72000.0,idle
38980,-211000.0,517000.0,9705000.0,21000.0,-3000.0,-62000.0,idle
38990,-357000.0,518000.0,9641000.0,29000.0,-3000.0,-69000.0,idle
39000,-372000.0,568000.0,9507000.0,34000.0,-11000.0,-85000.0,idle
39010,-251000.0,647000.0,9571000.0,27000.0,5000.0,-50000.0,idle
39020,-314000.0,598000.0,9694000.0,18000.0,21000.0,-47000.0,idle
39030,-385000.0,593000.0,9708000.0,12000.0,21000.0,-49000.0,idle
39040,-395000.0,567000.0,9796000.0,1000.0,28000.0,-45000.0,idle
39050,-389000.0,556000.0,9933000.0,-5000.0,23000.0,-45000.0,idle
39060,-372000.0,565000.0,9896000.0,11000.0,3000.0,-41000.0,idle
39070,-329000.0,641000.0,9847000.0,30000.0,-2000.0,-22000.0,idle
39080,-344000.0,515000.0,9672000.0,15000.0,-20000.0,-4000.0,idle
39090,-362000.0,466000.0,9671000.0,23000.0,-18000.0,-9000.0,idle
39100,-362000.0,466000.0,9671000.0,23000.0,-18000.0,-9000.0,idle
39110,-391000.0,453000.0,9735000.0,10000.0,-17000.0,-20000.0,idle
39120,-293000.0,458000.0,9788000.0,0.0,-20000.0,-21000.0,idle
39130,-272000.0,498000.0,9767000.0,5000.0,-23000.0,-18000.0,idle
39140,-270000.0,493000.0,9727000.0,6000.0,-23000.0,-10000.0,idle
39150,-258000.0,438000.0,9769000.0,0.0,-20000.0,-1000.0,idle
39160,-197000.0,418000.0,9821000.0,3000.0,-24000.0,-6000.0,idle
39170,-117000.0,525000.0,9779000.0,21000.0,-31000.0,0.0,idle
39180,-80000.0,536000.0,9715000.0,25000.0,-27000.0,1000.0,idle
39190,-114000.0,512000.0,9738000.0,-6000.0,-21000.0,1000.0,idle
39200,-108000.0,466000.0,9754000.0,-20000.0,-24000.0,0.0,idle
39210,-52000.0,378000.0,9715000.0,0.0,-27000.0,0.0,idle
39220,-39000.0,393000.0,9648000.0,15000.0,-23000.0,7000.0,idle
39230,-45000.0,366000.0,9608000.0,7000.0,-18000.0,-3000.0,idle
39240,-47000.0,350000.0,9666000.0,0.0,-7000.0,-5000.0,idle
39250,-120000.0,332000.0,9745000.0,10000.0,0.0,-19000.0,idle
39260,-116000.0,389000.0,9784000.0,19000.0,2000.0,-29000.0,idle
39270,-141000.0,501000.0,9812000.0,28000.0,4000.0,-31000.0,idle
39280,-164000.0,586000.0,9852000.0,28000.0,3000.0,-32000.0,idle
39290,-87000.0,610000.0,9856000.0,17000.0,-3000.0,-14000.0,idle
39300,-51000.0,590000.0,9840000.0,18000.0,-5000.0,2000.0,idle
39310,-81000.0,531000.0,9811000.0,18000.0,-6000.0,0.0,idle
39320,-44000.0,486000.0,9828000.0,10000.0,-10000.0,2000.0,idle
39330,-43000.0,381000.0,9815000.0,1000.0,-12000.0,-19000.0,idle
39340,-95000.0,466000.0,9847000.0,10000.0,-11000.0,-34000.0,idle
39350,-79000.0,592000.0,9896000.0,21000.0,-9000.0,-36000.0,idle
39360,-35000.0,673000.0,9917000.0,15000.0,-14000.0,-26000.0,idle
39370,1000.0,689000.0,9853000.0,10000.0,-21000.0,-11000.0,idle
39380,19000.0,629000.0,9763000.0,5000.0,-20000.0,6000.0,idle
39390,-25000.0,524000.0,9735000.0,-6000.0,-16000.0,-1000.0,idle
39400,-43000.0,548000.0,9721000.0,-20000.0,-11000.0,-13000.0,idle
39410,-37000.0,629000.0,9727000.0,-13000.0,-3000.0,-3000.0,idle
39420,-57000.0,611000.0,9762000.0,-8000.0,-2000.0,10000.0,idle
39430,-40000.0,530000.0,9774000.0,-17000.0,-5000.0,14000.0,idle
39440,-37000.0,452000.0,9790000.0,-22000.0,-7000.0,11000.0,idle
39450,-38000.0,429000.0,9783000.0,-19000.0,-5000.0,1000.0,idle
39460,-79000.0,453000.0,9777000.0,-7000.0,-5000.0,-2000.0,idle
39470,-113000.0,501000.0,9759000.0,-1000.0,-2000.0,-3000.0,idle
39480,-160000.0,526000.0,9792000.0,-5000.0,0.0,0.0,idle
39490,-189000.0,543000.0,9790000.0,-4000.0,0.0,9000.0,idle
39500,-210000.0,563000.0,9784000.0,-4000.0,-1000.0,15000.0,idle
39510,-184000.0,565000.0,9747000.0,-9000.0,-3000.0,25000.0,idle
39520,-202000.0,475000.0,9708000.0,-9000.0,-5000.0,33000.0,idle
39530,-216000.0,316000.0,9696000.0,-13000.0,-7000.0,15000.0,idle
39540,-246000.0,305000.0,9719000.0,-15000.0,0.0,-1000.0,idle
39550,-257000.0,424000.0,9779000.0,1000.0,4000.0,-5000.0,idle
39560,-278000.0,474000.0,9847000.0,4000.0,3000.0,-5000.0,idle
39570,-288000.0,466000.0,9889000.0,-6000.0,0.0,-8000.0,idle
39580,-263000.0,502000.0,9840000.0,-11000.0,-7000.0,-6000.0,idle
39590,-258000.0,566000.0,9766000.0,-6000.0,-10000.0,2000.0,idle
39600,-256000.0,592000.0,9714000.0,-4000.0,-12000.0,6000.0,idle
39610,-234000.0,557000.0,9706000.0,-10000.0,-9000.0,13000.0,idle
39620,-226000.0,511000.0,9738000.0,-17000.0,-6000.0,20000.0,idle
39630,-241000.0,417000.0,9771000.0,-18000.0,-2000.0,21000.0,idle
39640,-237000.0,401000.0,9804000.0,-17000.0,-4000.0,18000.0,idle
39650,-221000.0,453000.0,9767000.0,-12000.0,-10000.0,10000.0,idle
39660,-232000.0,456000.0,9739000.0,1000.0,-13000.0,3000.0,idle
39670,-252000.0,442000.0,9751000.0,11000.0,-12000.0,3000.0,idle
39680,-251000.0,474000.0,9766000.0,11000.0,-10000.0,1000.0,idle
39690,-225000.0,502000.0,9786000.0,3000.0,-9000.0,-9000.0,idle
39700,-240000.0,567000.0,9796000.0,-4000.0,-7000.0,-8000.0,idle
39710,-249000.0,550000.0,9793000.0,-10000.0,-9000.0,3000.0,idle
39720,-217000.0,505000.0,9802000.0,0.0,-11000.0,6000.0,idle
39730,-245000.0,490000.0,9811000.0,0.0,-12000.0,5000.0,idle
39740,-252000.0,523000.0,9845000.0,-9000.0,-15000.0,12000.0,idle
39750,-239000.0,526000.0,9846000.0,-3000.0,-18000.0,13000.0,idle
39760,-246000.0,515000.0,9850000.0,0.0,-25000.0,11000.0,idle
39770,-243000.0,478000.0,9757000.0,-4000.0,-32000.0,-2000.0,idle
39780,-203000.0,519000.0,9713000.0,-6000.0,-29000.0,-7000.0,idle
39790,-153000.0,563000.0,9739000.0,-18000.0,-24000.0,2000.0,idle
39800,-159000.0,524000.0,9713000.0,-21000.0,-26000.0,10000.0,idle
39810,-217000.0,535000.0,9792000.0,6000.0,-6000.0,-7000.0,idle
39820,-217000.0,535000.0,9792000.0,6000.0,-6000.0,-7000.0,idle
39830,-195000.0,538000.0,9780000.0,1000.0,-7000.0,-3000.0,idle
39840,-215000.0,554000.0,9785000.0,-7000.0,-6000.0,5000.0,idle
39850,-210000.0,536000.0,9793000.0,-6000.0,-5000.0,10000.0,idle
39860,-214000.0,496000.0,9775000.0,-7000.0,-10000.0,15000.0,idle
39870,-220000.0,441000.0,9773000.0,-8000.0,-13000.0,14000.0,idle
39880,-201000.0,429000.0,9768000.0,-7000.0,-10000.0,10000.0,idle
39890,-175000.0,486000.0,9762000.0,-9000.0,-7000.0,2000.0,idle
39900,-167000.0,518000.0,9723000.0,7000.0,-15000.0,13000.0,idle
39910,-156000.0,456000.0,9702000.0,14000.0,-13000.0,18000.0,idle
39920,-203000.0,490000.0,9732000.0,2000.0,-7000.0,18000.0,idle
39930,-225000.0,511000.0,9763000.0,-7000.0,-5000.0,14000.0,idle
39940,-185000.0,478000.0,9738000.0,-4000.0,-6000.0,15000.0,idle
39950,-181000.0,483000.0,9721000.0,-1000.0,-5000.0,18000.0,idle
39960,-183000.0,454000.0,9732000.0,-7000.0,-2000.0,17000.0,idle
39970,-195000.0,369000.0,9766000.0,-13000.0,-1000.0,8000.0,idle
39980,-238000.0,345000.0,9808000.0,-6000.0,-2000.0,3000.0,idle
39990,-223000.0,384000.0,9761000.0,0.0,-4000.0,1000.0,idle
40000,-234000.0,379000.0,9742000.0,-1000.0,-3000.0,-4000.0,idle
40010,-225000.0,387000.0,9767000.0,1000.0,-2000.0,-9000.0,idle
40020,-226000.0,460000.0,9800000.0,2000.0,-1000.0,-8000.0,idle
40030,-202000.0,556000.0,9794000.0,0.0,-3000.0,-10000.0,idle
40040,-178000.0,608000.0,9791000.0,3000.0,-7000.0,1000.0,idle
40050,-178000.0,608000.0,9791000.0,3000.0,-7000.0,1000.0,idle
40060,-174000.0,622000.0,9769000.0,5000.0,-6000.0,13000.0,idle
40070,-158000.0,575000.0,9733000.0,-3000.0,-7000.0,23000.0,idle
40080,-190000.0,520000.0,9741000.0,-13000.0,-5000.0,29000.0,idle
40090,-214000.0,436000.0,9742000.0,-10000.0,-3000.0,27000.0,idle
40100,-228000.0,399000.0,9739000.0,-6000.0,-6000.0,14000.0,idle
40110,-208000.0,390000.0,9766000.0,1000.0,-12000.0,0.0,idle
40120,-203000.0,410000.0,9787000.0,0.0,-12000.0,-12000.0,idle
40130,-152000.0,476000.0,9729000.0,11000.0,-19000.0,0.0,idle
40140,-190000.0,416000.0,9720000.0,-3000.0,3000.0,18000.0,idle
40150,-154000.0,556000.0,9688000.0,30000.0,11000.0,4000.0,idle
40160,-154000.0,556000.0,9688000.0,30000.0,11000.0,4000.0,idle
40170,-174000.0,604000.0,9811000.0,34000.0,20000.0,4000.0,idle
40180,-162000.0,665000.0,9924000.0,27000.0,17000.0,14000.0,idle
40190,-178000.0,696000.0,9937000.0,23000.0,7000.0,29000.0,idle
40200,-183000.0,657000.0,9919000.0,24000.0,0.0,46000.0,idle
40210,-203000.0,583000.0,9875000.0,26000.0,-5000.0,59000.0,idle
40220,-222000.0,574000.0,9863000.0,29000.0,-7000.0,68000.0,idle
40230,-244000.0,505000.0,9832000.0,27000.0,-10000.0,66000.0,idle
40240,-231000.0,405000.0,9802000.0,14000.0,-12000.0,58000.0,idle
40250,-225000.0,408000.0,9838000.0,12000.0,-11000.0,44000.0,idle
40260,-249000.0,483000.0,9903000.0,30000.0,-13000.0,36000.0,idle
40270,-276000.0,452000.0,9955000.0,49000.0,-25000.0,43000.0,idle
40280,-304000.0,292000.0,9975000.0,70000.0,-37000.0,50000.0,idle
40290,-379000.0,162000.0,9980000.0,88000.0,-49000.0,43000.0,idle
40300,-445000.0,98000.0,9956000.0,108000.0,-62000.0,36000.0,idle
40310,-411000.0,131000.0,9894000.0,142000.0,-77000.0,35000.0,idle
40320,-356000.0,305000.0,9924000.0,172000.0,-82000.0,25000.0,idle
40330,-328000.0,486000.0,10021000.0,169000.0,-84000.0,15000.0,idle
40340,-243000.0,630000.0,10139000.0,127000.0,-84000.0,15000.0,idle
40350,-213000.0,585000.0,10014000.0,98000.0,-109000.0,14000.0,idle
40360,-181000.0,395000.0,9651000.0,137000.0,-140000.0,30000.0,idle
40370,-118000.0,275000.0,9486000.0,179000.0,-129000.0,24000.0,idle
40380,9000.0,820000.0,9875000.0,161000.0,-97000.0,12000.0,idle
40390,9000.0,820000.0,9875000.0,161000.0,-97000.0,12000.0,idle
40400,-17000.0,708000.0,9912000.0,142000.0,-99000.0,11000.0,idle
40410,-37000.0,713000.0,9942000.0,141000.0,-108000.0,18000.0,idle
40420,-19000.0,802000.0,9950000.0,160000.0,-119000.0,21000.0,idle
40430,4000.0,942000.0,9966000.0,171000.0,-126000.0,26000.0,idle
40440,-29000.0,1016000.0,9988000.0,166000.0,-138000.0,34000.0,idle
40450,-86000.0,985000.0,9980000.0,167000.0,-152000.0,46000.0,idle
40460,-73000.0,896000.0,10026000.0,162000.0,-166000.0,55000.0,idle
40470,-77000.0,845000.0,10036000.0,153000.0,-176000.0,65000.0,idle
40480,-51000.0,897000.0,10069000.0,153000.0,-184000.0,66000.0,idle
40490,34000.0,1010000.0,10169000.0,121000.0,-184000.0,56000.0,idle
40500,93000.0,1108000.0,9966000.0,88000.0,-212000.0,64000.0,idle
40510,459000.0,1308000.0,9542000.0,-80000.0,-55000.0,80000.0,idle
40520,459000.0,1308000.0,9542000.0,-80000.0,-55000.0,80000.0,idle
40530,430000.0,1222000.0,9640000.0,-99000.0,-44000.0,79000.0,idle
40540,381000.0,1061000.0,9605000.0,-131000.0,-46000.0,77000.0,idle
40550,359000.0,973000.0,9556000.0,-106000.0,-47000.0,84000.0,idle
40560,308000.0,962000.0,9545000.0,-79000.0,-39000.0,92000.0,idle
40570,240000.0,917000.0,9566000.0,-89000.0,-28000.0,98000.0,idle
40580,216000.0,861000.0,9601000.0,-109000.0,-14000.0,100000.0,idle
40590,162000.0,816000.0,9605000.0,-115000.0,-11000.0,90000.0,idle
40600,135000.0,757000.0,9592000.0,-114000.0,-10000.0,81000.0,idle
40610,135000.0,701000.0,9579000.0,-87000.0,-15000.0,79000.0,idle
40620,124000.0,729000.0,9621000.0,-33000.0,-11000.0,80000.0,idle
40630,88000.0,823000.0,9731000.0,-5000.0,-5000.0,75000.0,idle
40640,94000.0,975000.0,9854000.0,-15000.0,-7000.0,66000.0,idle
40650,90000.0,1035000.0,9845000.0,-27000.0,-16000.0,70000.0,idle
40660,130000.0,985000.0,9772000.0,-47000.0,-15000.0,82000.0,idle
40670,138000.0,888000.0,9736000.0,-91000.0,-9000.0,84000.0,idle
40680,173000.0,733000.0,9650000.0,-119000.0,-7000.0,92000.0,idle
40690,181000.0,574000.0,9498000.0,-93000.0,-3000.0,95000.0,idle
40700,150000.0,445000.0,9494000.0,-54000.0,12000.0,85000.0,idle
40710,185000.0,470000.0,9508000.0,-22000.0,25000.0,73000.0,idle
40720,366000.0,762000.0,9508000.0,-15000.0,5000.0,55000.0,idle
40730,323000.0,630000.0,9458000.0,-21000.0,15000.0,52000.0,idle
40740,306000.0,547000.0,9460000.0,-23000.0,29000.0,40000.0,idle
40750,156000.0,623000.0,9761000.0,-41000.0,61000.0,31000.0,idle
40760,126000.0,588000.0,9771000.0,-25000.0,55000.0,31000.0,idle
40770,88000.0,584000.0,9763000.0,-3000.0,49000.0,29000.0,idle
40780,83000.0,578000.0,9775000.0,15000.0,42000.0,34000.0,idle
40790,64000.0,584000.0,9777000.0,25000.0,35000.0,13000.0,idle
40800,110000.0,729000.0,9768000.0,18000.0,32000.0,-2000.0,idle
40810,136000.0,894000.0,9781000.0,2000.0,36000.0,-4000.0,idle
40820,136000.0,922000.0,9787000.0,-13000.0,40000.0,4000.0,idle
40830,172000.0,884000.0,9798000.0,-28000.0,38000.0,12000.0,idle
40840,136000.0,837000.0,9820000.0,-39000.0,38000.0,14000.0,idle
40850,123000.0,772000.0,9859000.0,-43000.0,32000.0,19000.0,idle
40860,123000.0,772000.0,9859000.0,-43000.0,32000.0,19000.0,idle
40870,94000.0,719000.0,9848000.0,-21000.0,18000.0,30000.0,idle
40880,105000.0,755000.0,9850000.0,15000.0,10000.0,39000.0,idle
40890,107000.0,791000.0,9906000.0,21000.0,5000.0,37000.0,idle
40900,138000.0,821000.0,9925000.0,14000.0,-1000.0,43000.0,idle
40910,177000.0,832000.0,9878000.0,14000.0,-7000.0,53000.0,idle
40920,201000.0,780000.0,9794000.0,0.0,-11000.0,53000.0,idle
40930,225000.0,518000.0,9812000.0,-41000.0,-11000.0,53000.0,idle
40940,225000.0,518000.0,9812000.0,-41000.0,-11000.0,53000.0,idle
40950,226000.0,450000.0,9808000.0,-28000.0,-15000.0,49000.0,idle
40960,202000.0,375000.0,9860000.0,-18000.0,-17000.0,45000.0,idle
40970,189000.0,407000.0,9902000.0,-9000.0,-21000.0,32000.0,idle
40980,198000.0,519000.0,9893000.0,0.0,-29000.0,16000.0,idle
40990,209000.0,559000.0,9848000.0,1000.0,-35000.0,12000.0,idle
41000,196000.0,561000.0,9768000.0,2000.0,-43000.0,8000.0,idle
41010,204000.0,593000.0,9753000.0,15000.0,-45000.0,8000.0,idle
41020,179000.0,610000.0,9739000.0,19000.0,-39000.0,7000.0,idle
41030,171000.0,604000.0,9763000.0,11000.0,-41000.0,12000.0,idle
