device_time_ms,ax,ay,az,gx,gy,gz,temp,hum,pres,label
119431,23942.0,2394.0,10016448.0,1065.0,-3728.0,-2663.0,21350000.0,55292000.0,100278000.0,idle
119441,19154.0,1197.0,9991308.0,532.0,-3195.0,-1065.0,21350000.0,55292000.0,100278000.0,idle
119451,31125.0,1197.0,9999688.0,0.0,-4261.0,-1597.0,21350000.0,55292000.0,100278000.0,idle
119461,19154.0,-15562.0,10004476.0,-532.0,-4793.0,-1065.0,21350000.0,55292000.0,100278000.0,idle
119471,19154.0,-15562.0,10000885.0,532.0,-4793.0,-1597.0,21350000.0,55292000.0,100278000.0,idle
119481,33519.0,-11971.0,9993702.0,1065.0,-4261.0,-2130.0,21350000.0,55292000.0,100278000.0,idle
119491,32322.0,-3591.0,10010462.0,0.0,-4261.0,-2663.0,21350000.0,55292000.0,100278000.0,idle
119501,31125.0,-3591.0,10009265.0,0.0,-4793.0,-2130.0,21350000.0,55292000.0,100278000.0,idle
119511,20351.0,-3591.0,9992505.0,532.0,-4793.0,-2130.0,21350000.0,55292000.0,100278000.0,idle
119521,46688.0,-16759.0,9997294.0,532.0,-4793.0,-2130.0,21350000.0,55292000.0,100278000.0,idle
119531,25139.0,-2394.0,10000885.0,-532.0,-4261.0,-1597.0,21350000.0,55292000.0,100278000.0,idle
119541,23942.0,-14365.0,9997294.0,0.0,-4793.0,-3195.0,21350000.0,55292000.0,100278000.0,idle
119551,26337.0,4788.0,10009265.0,1065.0,-4261.0,-3195.0,21350000.0,55292000.0,100278000.0,idle
119561,32322.0,-1197.0,10014054.0,-532.0,-4261.0,-2663.0,21350000.0,55292000.0,100278000.0,idle
119571,34716.0,-16759.0,10009265.0,0.0,-4793.0,-1597.0,21350000.0,55292000.0,100278000.0,idle
119581,43096.0,-8379.0,10010462.0,0.0,-4793.0,-1597.0,21350000.0,55292000.0,100278000.0,idle
119591,29928.0,-8379.0,9998491.0,0.0,-4793.0,-1597.0,21350000.0,55292000.0,100278000.0,idle
119611,43096.0,3591.0,9987717.0,-532.0,-3728.0,-2130.0,21350000.0,55292000.0,100278000.0,idle
119621,50279.0,0.0,9998491.0,-1065.0,-2663.0,-1597.0,21350000.0,55292000.0,100278000.0,idle
119631,39505.0,-9577.0,9999688.0,0.0,-4793.0,-1065.0,21350000.0,55292000.0,100278000.0,idle
119641,20351.0,-3591.0,9992505.0,0.0,-5326.0,-2663.0,21350000.0,55292000.0,100278000.0,idle
119651,33519.0,1197.0,9988914.0,-1065.0,-2130.0,-2663.0,21350000.0,55292000.0,100278000.0,idle
119661,34716.0,0.0,10008068.0,-532.0,-3728.0,-1597.0,21350000.0,55292000.0,100278000.0,idle
119671,38308.0,8379.0,10003279.0,532.0,-3728.0,-1597.0,21350000.0,55292000.0,100278000.0,idle
119681,29928.0,-3591.0,9980534.0,0.0,-2663.0,-1597.0,21350000.0,55292000.0,100278000.0,idle
119691,31125.0,-7182.0,10002082.0,-1065.0,-4261.0,-532.0,21350000.0,55292000.0,100278000.0,idle
119701,34716.0,-2394.0,10018842.0,0.0,-4793.0,-2663.0,21350000.0,55292000.0,100278000.0,idle
119711,23942.0,-2394.0,9975745.0,1065.0,-5326.0,-2663.0,21350000.0,55292000.0,100278000.0,idle
119721,33519.0,-5985.0,10004476.0,532.0,-5326.0,-2130.0,21350000.0,55292000.0,100278000.0,idle
119731,32322.0,-8379.0,10002082.0,-532.0,-4261.0,-3195.0,21350000.0,55292000.0,100278000.0,idle
119741,31125.0,3591.0,10006871.0,0.0,-4793.0,-2663.0,21350000.0,55292000.0,100278000.0,idle
119751,32322.0,-7182.0,10004476.0,-1065.0,-3728.0,-4261.0,21350000.0,55292000.0,100278000.0,idle
119761,26337.0,-21548.0,9997294.0,0.0,-3728.0,-2130.0,21350000.0,55292000.0,100278000.0,idle
119771,20351.0,-26337.0,9980534.0,0.0,-2663.0,-1597.0,21350000.0,55292000.0,100278000.0,idle
119781,28731.0,3591.0,9992505.0,-1065.0,-3728.0,-2663.0,21350000.0,55292000.0,100278000.0,idle
119791,27534.0,17957.0,10017645.0,532.0,-5859.0,-2130.0,21350000.0,55292000.0,100278000.0,idle
119801,33519.0,4788.0,10000885.0,1065.0,-4261.0,-1065.0,21350000.0,55292000.0,100278000.0,idle
119861,31125.0,-2394.0,10000885.0,0.0,-4793.0,-2130.0,21350000.0,55292000.0,100278000.0,idle
119871,27534.0,-7182.0,9991308.0,532.0,-3728.0,-2130.0,21350000.0,55292000.0,100278000.0,idle
119881,34716.0,-9577.0,9998491.0,-1065.0,-2663.0,-1597.0,21350000.0,55292000.0,100278000.0,idle
119891,20351.0,-4788.0,9990111.0,0.0,-3728.0,-1065.0,21350000.0,55292000.0,100278000.0,idle
119901,23942.0,-16759.0,10002082.0,0.0,-4261.0,-2130.0,21350000.0,55292000.0,100278000.0,idle
119911,15562.0,-20351.0,10006871.0,0.0,-3728.0,-2663.0,21350000.0,55292000.0,100278000.0,idle
119921,21548.0,15562.0,9991308.0,532.0,-3728.0,-1065.0,21350000.0,55292000.0,100278000.0,idle
119931,35914.0,15562.0,10002082.0,0.0,-3728.0,-1597.0,21350000.0,55292000.0,100278000.0,idle
119941,25139.0,2394.0,9981731.0,0.0,-4261.0,-532.0,21350000.0,55292000.0,100278000.0,idle
119951,29928.0,2394.0,9990111.0,532.0,-3195.0,-2130.0,21350000.0,55292000.0,100278000.0,idle
119961,23942.0,-13168.0,9996096.0,0.0,-3728.0,-2130.0,21350000.0,55292000.0,100278000.0,idle
119972,25139.0,-4788.0,10008068.0,0.0,-3728.0,-3195.0,21350000.0,55292000.0,100278000.0,idle
119982,26337.0,-1197.0,9985322.0,1065.0,-4793.0,-2130.0,21350000.0,55292000.0,100278000.0,idle
119992,43096.0,-8379.0,9998491.0,-532.0,-3728.0,-1065.0,21350000.0,55292000.0,100278000.0,idle
120002,21548.0,-8379.0,9994899.0,-1597.0,-3728.0,-1597.0,21350000.0,55292000.0,100278000.0,idle
120012,21548.0,-3591.0,10000885.0,1065.0,-4793.0,-1597.0,21350000.0,55292000.0,100278000.0,idle
120022,37111.0,-4788.0,9997294.0,532.0,-3195.0,-1597.0,21350000.0,55292000.0,100278000.0,idle
120032,40702.0,0.0,9990111.0,532.0,-2663.0,-2663.0,21350000.0,55292000.0,100278000.0,idle
120042,23942.0,-9577.0,10011659.0,0.0,-3728.0,-1597.0,21350000.0,55292000.0,100278000.0,idle
120052,21548.0,-3591.0,9987717.0,532.0,-4261.0,-1065.0,21350000.0,55292000.0,100278000.0,idle
120062,44294.0,1197.0,9992505.0,0.0,-3728.0,-2663.0,21350000.0,55292000.0,100278000.0,idle
120072,11971.0,-5985.0,10003279.0,-532.0,-3195.0,-3195.0,21350000.0,55292000.0,100278000.0,idle
120082,25139.0,3591.0,9986519.0,0.0,-3195.0,-2663.0,21350000.0,55292000.0,100278000.0,idle
120092,33519.0,8379.0,9982928.0,0.0,-4261.0,-2130.0,21350000.0,55292000.0,100278000.0,idle
120102,26337.0,8379.0,9988914.0,-532.0,-4793.0,-2130.0,21350000.0,55292000.0,100278000.0,idle
120112,16759.0,-5985.0,9996096.0,0.0,-4261.0,-2130.0,21350000.0,55292000.0,100278000.0,idle
120122,47885.0,-2394.0,10004476.0,0.0,-4793.0,-2130.0,21350000.0,55292000.0,100278000.0,idle
120132,33519.0,-21548.0,9999688.0,532.0,-3195.0,-1597.0,21350000.0,55292000.0,100278000.0,idle
120142,34716.0,9577.0,10002082.0,532.0,-3195.0,-3195.0,21350000.0,55292000.0,100278000.0,idle
120152,40702.0,5985.0,9981731.0,532.0,-3195.0,-4261.0,21350000.0,55292000.0,100278000.0,idle
120162,15562.0,9577.0,9968562.0,532.0,-3195.0,-3195.0,21350000.0,55292000.0,100278000.0,idle
120172,17957.0,-8379.0,9981731.0,1597.0,-3195.0,-2663.0,21350000.0,55292000.0,100278000.0,idle
120182,44294.0,-7182.0,10020039.0,532.0,-4261.0,-2663.0,21350000.0,55292000.0,100278000.0,idle
120192,23942.0,-4788.0,10040391.0,532.0,-4261.0,-1597.0,21350000.0,55292000.0,100278000.0,idle
120202,21548.0,-4788.0,9998491.0,-1597.0,-3195.0,-2130.0,21350000.0,55298000.0,100286000.0,idle
120212,28731.0,-5985.0,9960182.0,-532.0,-3195.0,-1065.0,21350000.0,55298000.0,100286000.0,idle
120222,28731.0,-5985.0,9960182.0,-532.0,-3195.0,-1065.0,21350000.0,55298000.0,100286000.0,idle
120232,7182.0,-13168.0,9942225.0,532.0,-5326.0,-1597.0,21350000.0,55298000.0,100286000.0,idle
120242,33519.0,2394.0,9990111.0,-532.0,-4793.0,-2663.0,21350000.0,55298000.0,100286000.0,idle
120252,47885.0,9577.0,10018842.0,532.0,-5326.0,-1597.0,21350000.0,55298000.0,100286000.0,idle
120262,37111.0,-5985.0,10041588.0,532.0,-3728.0,-2130.0,21350000.0,55298000.0,100286000.0,idle
120272,25139.0,-5985.0,10032011.0,0.0,-3728.0,-3728.0,21350000.0,55298000.0,100286000.0,idle
120282,39505.0,-3591.0,10008068.0,-532.0,-3195.0,-3195.0,21350000.0,55298000.0,100286000.0,idle
120292,39505.0,0.0,9981731.0,-1065.0,-3195.0,-2130.0,21350000.0,55298000.0,100286000.0,idle
120302,29928.0,-2394.0,9990111.0,1065.0,-4261.0,-1597.0,21350000.0,55298000.0,100286000.0,idle
120312,31125.0,-1197.0,10002082.0,532.0,-4793.0,-2130.0,21350000.0,55298000.0,100286000.0,idle
120322,25139.0,-5985.0,9993702.0,-532.0,-4793.0,-3195.0,21350000.0,55298000.0,100286000.0,idle
120332,22745.0,-11971.0,10010462.0,-532.0,-4261.0,-2130.0,21350000.0,55298000.0,100286000.0,idle
120342,41899.0,-11971.0,10023631.0,-532.0,-3728.0,-1597.0,21350000.0,55298000.0,100286000.0,idle
120352,35914.0,-2394.0,10033208.0,0.0,-3728.0,-2663.0,21350000.0,55298000.0,100286000.0,idle
120362,33519.0,-5985.0,9987717.0,-532.0,-2663.0,-2663.0,21350000.0,55298000.0,100286000.0,idle
120703,37111.0,-2394.0,9991308.0,532.0,-4261.0,-1597.0,21350000.0,55298000.0,100286000.0,idle
120713,37111.0,-8379.0,9993702.0,0.0,-3728.0,-1597.0,21350000.0,55298000.0,100286000.0,idle
120723,26337.0,-3591.0,9981731.0,-532.0,-4261.0,-1597.0,21350000.0,55298000.0,100286000.0,idle
120733,34716.0,-13168.0,10002082.0,0.0,-3728.0,-1065.0,21350000.0,55298000.0,100286000.0,idle
120743,33519.0,-21548.0,10004476.0,0.0,-3728.0,-3195.0,21350000.0,55298000.0,100286000.0,idle
120753,25139.0,2394.0,9999688.0,-1597.0,-3728.0,-2663.0,21350000.0,55298000.0,100286000.0,idle
120763,35914.0,-21548.0,10012856.0,-532.0,-5326.0,-2130.0,21350000.0,55298000.0,100286000.0,idle
120773,37111.0,1197.0,10012856.0,0.0,-3195.0,-2130.0,21350000.0,55298000.0,100286000.0,idle
120783,45491.0,9577.0,9978139.0,-1597.0,-2663.0,-2663.0,21350000.0,55298000.0,100286000.0,idle
120793,22745.0,1197.0,9963774.0,-532.0,-4261.0,-1597.0,21350000.0,55298000.0,100286000.0,idle
120803,20351.0,1197.0,9972154.0,0.0,-4261.0,-1597.0,21350000.0,55298000.0,100286000.0,idle
120813,27534.0,-7182.0,10017645.0,532.0,-5326.0,-2130.0,21350000.0,55298000.0,100286000.0,idle
120923,35914.0,-16759.0,10017645.0,0.0,-4261.0,-2130.0,21350000.0,55298000.0,100286000.0,idle
120933,44294.0,-5985.0,10020039.0,1065.0,-4261.0,-2663.0,21350000.0,55298000.0,100286000.0,idle
120943,22745.0,-5985.0,9987717.0,0.0,-4261.0,-2663.0,21350000.0,55298000.0,100286000.0,idle
120953,23942.0,-4788.0,9974548.0,-532.0,-3728.0,-3195.0,21350000.0,55298000.0,100286000.0,idle
120963,39505.0,-3591.0,10002082.0,0.0,-3728.0,-2130.0,21350000.0,55298000.0,100286000.0,idle
120973,35914.0,-2394.0,9996096.0,532.0,-2663.0,-1065.0,21350000.0,55298000.0,100286000.0,idle
120983,34716.0,4788.0,9990111.0,1597.0,-3728.0,-1597.0,21350000.0,55298000.0,100286000.0,idle
120993,25139.0,1197.0,9992505.0,0.0,-4261.0,-2663.0,21350000.0,55298000.0,100286000.0,idle
121003,31125.0,-10774.0,9986519.0,1065.0,-4261.0,-2130.0,21350000.0,55298000.0,100286000.0,idle
121013,17957.0,-4788.0,9975745.0,0.0,-4793.0,-1597.0,21350000.0,55298000.0,100286000.0,idle
121023,44294.0,0.0,9998491.0,532.0,-4793.0,-2663.0,21350000.0,55298000.0,100286000.0,idle
121033,37111.0,8379.0,10020039.0,-1065.0,-4793.0,-2663.0,21350000.0,55298000.0,100286000.0,idle
121043,29928.0,0.0,10000885.0,-1065.0,-3728.0,-2130.0,21350000.0,55298000.0,100286000.0,idle
121053,34716.0,-7182.0,9996096.0,-532.0,-2663.0,-2130.0,21350000.0,55298000.0,100286000.0,idle
121063,20351.0,-1197.0,9975745.0,-532.0,-2130.0,-2130.0,21350000.0,55298000.0,100286000.0,idle
121073,23942.0,-5985.0,9987717.0,1065.0,-3728.0,-3195.0,21350000.0,55298000.0,100286000.0,idle
121163,40702.0,5985.0,10041588.0,0.0,-3195.0,-2130.0,21350000.0,55298000.0,100286000.0,idle
121173,27534.0,-2394.0,9975745.0,-1065.0,-1065.0,-1597.0,21350000.0,55298000.0,100286000.0,idle
121183,29928.0,1197.0,9948211.0,-1597.0,-2130.0,-2130.0,21350000.0,55298000.0,100286000.0,idle
121194,8379.0,-1197.0,9967365.0,-1065.0,-4261.0,-3195.0,21350000.0,55298000.0,100286000.0,idle
121203,20351.0,-16759.0,10017645.0,1065.0,-4261.0,-2130.0,21340000.0,55323000.0,100278000.0,idle
121214,33519.0,-13168.0,10012856.0,1065.0,-2663.0,-2130.0,21340000.0,55323000.0,100278000.0,idle
121224,41899.0,11971.0,9993702.0,532.0,-4261.0,-2663.0,21340000.0,55323000.0,100278000.0,idle
121234,3591.0,2394.0,9980534.0,532.0,-4261.0,-4261.0,21340000.0,55323000.0,100278000.0,idle
121244,21548.0,-4788.0,9996096.0,532.0,-3195.0,-1065.0,21340000.0,55323000.0,100278000.0,idle
121254,44294.0,-1197.0,10016448.0,1597.0,-4793.0,-2663.0,21340000.0,55323000.0,100278000.0,idle
121264,10774.0,-4788.0,10032011.0,1065.0,-4261.0,-2663.0,21340000.0,55323000.0,100278000.0,idle
121274,20351.0,-8379.0,10008068.0,-1065.0,-2130.0,-1065.0,21340000.0,55323000.0,100278000.0,idle
121284,34716.0,-1197.0,9984125.0,0.0,-2663.0,-1597.0,21340000.0,55323000.0,100278000.0,idle
121294,34716.0,-1197.0,9984125.0,0.0,-2663.0,-1597.0,21340000.0,55323000.0,100278000.0,idle
121304,35914.0,10774.0,9998491.0,532.0,-3728.0,-1597.0,21340000.0,55323000.0,100278000.0,idle
121314,32322.0,13168.0,9976942.0,0.0,-2663.0,-1065.0,21340000.0,55323000.0,100278000.0,idle
121324,33519.0,-8379.0,9982928.0,-2130.0,-4261.0,-1597.0,21340000.0,55323000.0,100278000.0,idle
121334,31125.0,-13168.0,10014054.0,0.0,-3728.0,-2130.0,21340000.0,55323000.0,100278000.0,idle
121344,23942.0,-9577.0,9985322.0,532.0,-4793.0,-3195.0,21340000.0,55323000.0,100278000.0,idle
121354,32322.0,-4788.0,10004476.0,-1065.0,-5326.0,-2130.0,21340000.0,55323000.0,100278000.0,idle
121364,37111.0,0.0,10005674.0,-532.0,-3728.0,-1597.0,21340000.0,55323000.0,100278000.0,idle
121374,41899.0,-2394.0,10017645.0,1065.0,-4793.0,-1597.0,21340000.0,55323000.0,100278000.0,idle
121384,28731.0,-2394.0,9994899.0,-532.0,-3195.0,-1597.0,21340000.0,55323000.0,100278000.0,idle
121394,39505.0,-3591.0,9999688.0,532.0,-5326.0,-1597.0,21340000.0,55323000.0,100278000.0,idle
121404,39505.0,-13168.0,9992505.0,-532.0,-4261.0,0.0,21340000.0,55323000.0,100278000.0,idle
121414,35914.0,-9577.0,10000885.0,0.0,-4261.0,-2130.0,21340000.0,55323000.0,100278000.0,idle
121424,16759.0,-1197.0,9999688.0,-532.0,-2663.0,-2663.0,21340000.0,55323000.0,100278000.0,idle
121434,27534.0,-3591.0,9998491.0,-532.0,-2663.0,-2663.0,21340000.0,55323000.0,100278000.0,idle
121444,29928.0,-26337.0,9973351.0,532.0,-4261.0,-3195.0,21340000.0,55323000.0,100278000.0,idle
121454,35914.0,-10774.0,10018842.0,0.0,-4793.0,-3195.0,21340000.0,55323000.0,100278000.0,idle
121464,26337.0,10774.0,10021236.0,-532.0,-3728.0,-2130.0,21340000.0,55323000.0,100278000.0,idle
121474,31125.0,10774.0,10018842.0,532.0,-3728.0,-2130.0,21340000.0,55323000.0,100278000.0,idle
121484,38308.0,1197.0,10004476.0,0.0,-3195.0,-1065.0,21340000.0,55323000.0,100278000.0,idle
121494,21548.0,8379.0,9980534.0,-532.0,-3195.0,-2130.0,21340000.0,55323000.0,100278000.0,idle
121504,20351.0,3591.0,9979337.0,-532.0,-3728.0,-2663.0,21340000.0,55323000.0,100278000.0,idle
121514,20351.0,-20351.0,9988914.0,0.0,-4793.0,-2663.0,21340000.0,55323000.0,100278000.0,idle
121524,29928.0,-5985.0,10006871.0,-2130.0,-4793.0,-2663.0,21340000.0,55323000.0,100278000.0,idle
121534,31125.0,15562.0,10006871.0,0.0,-4793.0,-1597.0,21340000.0,55323000.0,100278000.0,idle
121544,39505.0,3591.0,10016448.0,1065.0,-4793.0,-2130.0,21340000.0,55323000.0,100278000.0,idle
121554,38308.0,0.0,9982928.0,1065.0,-4261.0,-2130.0,21340000.0,55323000.0,100278000.0,idle
121564,33519.0,-14365.0,10000885.0,0.0,-4793.0,-1597.0,21340000.0,55323000.0,100278000.0,idle
121574,11971.0,-19154.0,9998491.0,0.0,-5326.0,-1597.0,21340000.0,55323000.0,100278000.0,idle
121584,22745.0,-4788.0,10010462.0,1065.0,-4793.0,-2663.0,21340000.0,55323000.0,100278000.0,idle
121594,22745.0,0.0,10015251.0,0.0,-4261.0,-3195.0,21340000.0,55323000.0,100278000.0,idle
121604,27534.0,4788.0,10005674.0,-532.0,-3195.0,-3195.0,21340000.0,55323000.0,100278000.0,idle
121614,34716.0,-3591.0,9975745.0,0.0,-4261.0,-4261.0,21340000.0,55323000.0,100278000.0,idle
121624,40702.0,-3591.0,9990111.0,0.0,-4793.0,-1065.0,21340000.0,55323000.0,100278000.0,idle
121634,28731.0,-3591.0,10002082.0,0.0,-4261.0,-1065.0,21340000.0,55323000.0,100278000.0,idle
121644,28731.0,-22745.0,10021236.0,1065.0,-3195.0,-3195.0,21340000.0,55323000.0,100278000.0,idle
121654,21548.0,-7182.0,10000885.0,2130.0,-3195.0,-2663.0,21340000.0,55323000.0,100278000.0,idle
121664,19154.0,-5985.0,9993702.0,1597.0,-4261.0,-1065.0,21340000.0,55323000.0,100278000.0,idle
121674,46688.0,-8379.0,9987717.0,0.0,-4793.0,-2130.0,21340000.0,55323000.0,100278000.0,idle
121684,20351.0,-7182.0,9991308.0,-532.0,-3728.0,-2663.0,21340000.0,55323000.0,100278000.0,idle
121695,8379.0,1197.0,9985322.0,532.0,-5326.0,-3195.0,21340000.0,55323000.0,100278000.0,idle
121704,38308.0,-1197.0,10010462.0,1065.0,-4793.0,-1597.0,21340000.0,55323000.0,100278000.0,idle
121714,34716.0,-2394.0,9992505.0,0.0,-3728.0,-1597.0,21340000.0,55323000.0,100278000.0,idle
121724,16759.0,2394.0,9997294.0,-532.0,-3195.0,-2130.0,21340000.0,55323000.0,100278000.0,idle
121734,31125.0,9577.0,9985322.0,0.0,-3195.0,-2130.0,21340000.0,55323000.0,100278000.0,idle
121744,19154.0,3591.0,9992505.0,532.0,-4261.0,-2663.0,21340000.0,55323000.0,100278000.0,idle
121754,26337.0,-9577.0,10011659.0,532.0,-4793.0,-1597.0,21340000.0,55323000.0,100278000.0,idle
121764,37111.0,-13168.0,10005674.0,1065.0,-4793.0,-1597.0,21340000.0,55323000.0,100278000.0,idle
121774,31125.0,-10774.0,9990111.0,0.0,-3728.0,-2130.0,21340000.0,55323000.0,100278000.0,idle
121784,29928.0,-3591.0,9980534.0,0.0,-3195.0,-2130.0,21340000.0,55323000.0,100278000.0,idle
121795,35914.0,7182.0,9982928.0,0.0,-4261.0,-1065.0,21340000.0,55323000.0,100278000.0,idle
121804,19154.0,11971.0,9998491.0,-532.0,-4793.0,-1597.0,21340000.0,55323000.0,100278000.0,idle
121814,41899.0,4788.0,9992505.0,-1597.0,-2663.0,-2130.0,21340000.0,55323000.0,100278000.0,idle
121824,41899.0,-17957.0,9999688.0,1065.0,-3195.0,-1597.0,21340000.0,55323000.0,100278000.0,idle
121834,21548.0,-3591.0,9998491.0,1597.0,-4261.0,-2130.0,21340000.0,55323000.0,100278000.0,idle
121845,21548.0,-3591.0,10009265.0,0.0,-3728.0,-2663.0,21340000.0,55323000.0,100278000.0,idle
121855,38308.0,-10774.0,9998491.0,532.0,-5326.0,-2663.0,21340000.0,55323000.0,100278000.0,idle
121865,19154.0,7182.0,10012856.0,532.0,-4261.0,-2130.0,21340000.0,55323000.0,100278000.0,idle
121875,19154.0,5985.0,9997294.0,-2130.0,-3195.0,-3195.0,21340000.0,55323000.0,100278000.0,idle
121885,21548.0,1197.0,9986519.0,-1065.0,-4261.0,-1065.0,21340000.0,55323000.0,100278000.0,idle
121895,26337.0,3591.0,9981731.0,532.0,-3728.0,-1597.0,21340000.0,55323000.0,100278000.0,idle
121905,233441.0,1197.0,10301367.0,-532.0,-4261.0,-3195.0,21340000.0,55323000.0,100278000.0,idle
121915,-146050.0,22745.0,9719558.0,-2663.0,0.0,-532.0,21340000.0,55323000.0,100278000.0,idle
121925,-223864.0,28731.0,9726741.0,532.0,-5326.0,-1065.0,21340000.0,55323000.0,100278000.0,idle
121965,-13168.0,-2394.0,9899128.0,-1597.0,0.0,-2663.0,21340000.0,55323000.0,100278000.0,idle
121975,149642.0,-40702.0,9860820.0,-1065.0,-2663.0,-2663.0,21340000.0,55323000.0,100278000.0,idle
121985,23942.0,-3591.0,9974548.0,0.0,-4793.0,-1597.0,21340000.0,55323000.0,100278000.0,idle
121995,-93376.0,-2394.0,10067925.0,2663.0,-7457.0,-1597.0,21340000.0,55323000.0,100278000.0,idle
122005,47885.0,-21548.0,10111022.0,0.0,-4793.0,-1065.0,21340000.0,55323000.0,100278000.0,idle
122015,148445.0,-10774.0,10018842.0,-1065.0,-532.0,-532.0,21340000.0,55323000.0,100278000.0,idle
122025,23942.0,17957.0,9876383.0,-1597.0,-1597.0,-1065.0,21340000.0,55323000.0,100278000.0,idle
122035,-77813.0,0.0,9859623.0,-532.0,-5859.0,-2663.0,21340000.0,55323000.0,100278000.0,idle
122045,35914.0,-15562.0,10034405.0,1065.0,-7989.0,-2130.0,21340000.0,55323000.0,100278000.0,idle
122055,83799.0,-31125.0,10149330.0,532.0,-5859.0,-2130.0,21340000.0,55323000.0,100278000.0,idle
122065,23942.0,-23942.0,10065530.0,-532.0,-1065.0,-2663.0,21340000.0,55323000.0,100278000.0,idle
122075,4788.0,1197.0,9896734.0,-532.0,-532.0,-2663.0,21340000.0,55323000.0,100278000.0,idle
122085,51476.0,20351.0,9877580.0,-532.0,-4793.0,-2130.0,21340000.0,55323000.0,100278000.0,idle
122095,52674.0,16759.0,10032011.0,2130.0,-6924.0,-1597.0,21340000.0,55323000.0,100278000.0,idle
122105,-15562.0,-7182.0,10097853.0,532.0,-6391.0,-2130.0,21340000.0,55323000.0,100278000.0,idle
122115,15562.0,-17957.0,10049968.0,-2130.0,-4261.0,-2130.0,21340000.0,55323000.0,100278000.0,idle
122125,55068.0,-13168.0,9955394.0,-1597.0,-2130.0,-2130.0,21340000.0,55323000.0,100278000.0,idle
122135,32322.0,8379.0,9918283.0,532.0,-2663.0,-3195.0,21340000.0,55323000.0,100278000.0,idle
122145,-1197.0,5985.0,9958985.0,1065.0,-4261.0,-1597.0,21340000.0,55323000.0,100278000.0,idle
122155,15562.0,-4788.0,10057150.0,532.0,-5859.0,-3195.0,21340000.0,55323000.0,100278000.0,idle
122165,49082.0,-15562.0,10060742.0,1065.0,-4261.0,-3195.0,21340000.0,55323000.0,100278000.0,idle
122175,10774.0,0.0,10012856.0,-1065.0,-1597.0,-2130.0,21340000.0,55323000.0,100278000.0,idle
122185,17957.0,14365.0,9888354.0,-1065.0,-2130.0,-2130.0,21340000.0,55323000.0,100278000.0,idle
122195,59856.0,-1197.0,9937437.0,0.0,-4261.0,-2663.0,21340000.0,55323000.0,100278000.0,idle
122205,44294.0,-19154.0,10039193.0,532.0,-6391.0,-3195.0,21340000.0,55336000.0,100286000.0,idle
122215,2394.0,1197.0,10061939.0,532.0,-4793.0,-2663.0,21340000.0,55336000.0,100286000.0,idle
122225,8379.0,4788.0,9970957.0,0.0,-2663.0,-1065.0,21340000.0,55336000.0,100286000.0,idle
122235,40702.0,-19154.0,9970957.0,-1597.0,-3195.0,-2130.0,21340000.0,55336000.0,100286000.0,idle
122245,31125.0,-2394.0,9979337.0,-532.0,-4261.0,-2663.0,21340000.0,55336000.0,100286000.0,idle
122255,27534.0,3591.0,10022434.0,1597.0,-4261.0,-2130.0,21340000.0,55336000.0,100286000.0,idle
122265,58659.0,13168.0,10028419.0,-532.0,-4261.0,-2130.0,21340000.0,55336000.0,100286000.0,idle
122275,52674.0,5985.0,10028419.0,-1597.0,-4261.0,-2130.0,21340000.0,55336000.0,100286000.0,idle
122285,1197.0,-7182.0,9960182.0,-1065.0,-2130.0,-2663.0,21340000.0,55336000.0,100286000.0,idle
122295,26337.0,-5985.0,9958985.0,532.0,-2663.0,-1597.0,21340000.0,55336000.0,100286000.0,idle
122305,56265.0,-15562.0,9976942.0,1065.0,-4793.0,-1065.0,21340000.0,55336000.0,100286000.0,idle
122315,53871.0,15562.0,10042785.0,1065.0,-4261.0,-3195.0,21340000.0,55336000.0,100286000.0,idle
122325,21548.0,10774.0,10058348.0,532.0,-2663.0,-1065.0,21340000.0,55336000.0,100286000.0,idle
122335,3591.0,3591.0,9972154.0,-532.0,-3728.0,-2130.0,21340000.0,55336000.0,100286000.0,idle
122345,34716.0,-19154.0,9951802.0,532.0,-5859.0,-3195.0,21340000.0,55336000.0,100286000.0,idle
122355,34716.0,-19154.0,9951802.0,532.0,-5859.0,-3195.0,21340000.0,55336000.0,100286000.0,idle
122365,34716.0,-10774.0,10009265.0,1065.0,-5859.0,-2663.0,21340000.0,55336000.0,100286000.0,idle
122375,-2394.0,-10774.0,10030813.0,532.0,-4793.0,-2663.0,21340000.0,55336000.0,100286000.0,idle
122385,35914.0,-7182.0,10003279.0,1065.0,-3728.0,-1597.0,21340000.0,55336000.0,100286000.0,idle
122395,57462.0,-9577.0,9996096.0,-1597.0,-3195.0,-2663.0,21340000.0,55336000.0,100286000.0,idle
122405,19154.0,-5985.0,9962577.0,-532.0,-3195.0,-3195.0,21340000.0,55336000.0,100286000.0,idle
122415,8379.0,2394.0,9964971.0,532.0,-3195.0,-2663.0,21340000.0,55336000.0,100286000.0,idle
122425,40702.0,-15562.0,10020039.0,532.0,-4793.0,-1065.0,21340000.0,55336000.0,100286000.0,idle
122435,55068.0,-7182.0,10040391.0,1065.0,-3728.0,-2663.0,21340000.0,55336000.0,100286000.0,idle
122445,22745.0,-2394.0,10006871.0,-532.0,-1597.0,-3195.0,21340000.0,55336000.0,100286000.0,idle
122455,10774.0,-3591.0,9969759.0,0.0,-2663.0,-1597.0,21340000.0,55336000.0,100286000.0,idle
122466,35914.0,10774.0,9979337.0,1597.0,-5326.0,-1597.0,21340000.0,55336000.0,100286000.0,idle
122475,41899.0,-8379.0,10017645.0,532.0,-5859.0,-2663.0,21340000.0,55336000.0,100286000.0,idle
122486,16759.0,-13168.0,10011659.0,532.0,-5326.0,-2130.0,21340000.0,55336000.0,100286000.0,idle
122496,17957.0,0.0,9999688.0,-532.0,-3195.0,-2663.0,21340000.0,55336000.0,100286000.0,idle
122506,31125.0,4788.0,9982928.0,-1065.0,-3195.0,-2130.0,21340000.0,55336000.0,100286000.0,idle
122516,29928.0,-1197.0,9982928.0,532.0,-3728.0,-2130.0,21340000.0,55336000.0,100286000.0,idle
122526,21548.0,-3591.0,9988914.0,0.0,-4793.0,-2663.0,21340000.0,55336000.0,100286000.0,idle
122536,39505.0,-13168.0,10020039.0,-532.0,-4261.0,-2663.0,21340000.0,55336000.0,100286000.0,idle
122546,45491.0,-20351.0,10033208.0,-1597.0,-4261.0,-2663.0,21340000.0,55336000.0,100286000.0,idle
122556,35914.0,-3591.0,9980534.0,532.0,-4261.0,-1065.0,21340000.0,55336000.0,100286000.0,idle
122566,19154.0,-8379.0,9970957.0,0.0,-3728.0,-1597.0,21340000.0,55336000.0,100286000.0,idle
122576,31125.0,3591.0,9979337.0,0.0,-4793.0,-1597.0,21340000.0,55336000.0,100286000.0,idle
122586,33519.0,2394.0,10028419.0,532.0,-3728.0,-1065.0,21340000.0,55336000.0,100286000.0,idle
122596,41899.0,-1197.0,10043982.0,-532.0,-4261.0,-2130.0,21340000.0,55336000.0,100286000.0,idle
122606,22745.0,-3591.0,9984125.0,532.0,-2663.0,-2130.0,21340000.0,55336000.0,100286000.0,idle
122616,25139.0,0.0,9969759.0,-532.0,-1065.0,-2663.0,21340000.0,55336000.0,100286000.0,idle
122626,28731.0,0.0,9981731.0,0.0,-4261.0,-2130.0,21340000.0,55336000.0,100286000.0,idle
122636,21548.0,-1197.0,10016448.0,0.0,-5326.0,-2663.0,21340000.0,55336000.0,100286000.0,idle
122646,28731.0,10774.0,10042785.0,532.0,-4793.0,-2130.0,21340000.0,55336000.0,100286000.0,idle
122656,44294.0,-9577.0,10012856.0,1065.0,-3728.0,-2663.0,21340000.0,55336000.0,100286000.0,idle
122666,33519.0,-22745.0,9985322.0,0.0,-3728.0,-1065.0,21340000.0,55336000.0,100286000.0,idle
122676,15562.0,-4788.0,9963774.0,-532.0,-3728.0,-1597.0,21340000.0,55336000.0,100286000.0,idle
122686,4788.0,3591.0,9993702.0,532.0,-4261.0,-2130.0,21340000.0,55336000.0,100286000.0,idle
122696,28731.0,2394.0,10018842.0,0.0,-5326.0,-1597.0,21340000.0,55336000.0,100286000.0,idle
122706,44294.0,-3591.0,10034405.0,0.0,-5326.0,-1597.0,21340000.0,55336000.0,100286000.0,idle
122716,39505.0,-8379.0,10009265.0,532.0,-3728.0,-1597.0,21340000.0,55336000.0,100286000.0,idle
122726,19154.0,2394.0,9974548.0,-532.0,-4261.0,-2130.0,21340000.0,55336000.0,100286000.0,idle
122736,28731.0,9577.0,9993702.0,532.0,-4793.0,-2130.0,21340000.0,55336000.0,100286000.0,idle
122746,31125.0,11971.0,10039193.0,1065.0,-3195.0,-2663.0,21340000.0,55336000.0,100286000.0,idle
122756,22745.0,-19154.0,10018842.0,1065.0,-3195.0,-2663.0,21340000.0,55336000.0,100286000.0,idle
122766,38308.0,-3591.0,9988914.0,532.0,-3195.0,-2663.0,21340000.0,55336000.0,100286000.0,idle
122776,32322.0,-4788.0,9996096.0,532.0,-3195.0,-1597.0,21340000.0,55336000.0,100286000.0,idle
122786,14365.0,2394.0,10009265.0,0.0,-4261.0,-2130.0,21340000.0,55336000.0,100286000.0,idle
122796,10774.0,5985.0,10010462.0,-532.0,-4261.0,-1597.0,21340000.0,55336000.0,100286000.0,idle
122806,26337.0,-5985.0,10022434.0,0.0,-3728.0,-2130.0,21340000.0,55336000.0,100286000.0,idle
122816,29928.0,3591.0,9992505.0,-532.0,-4261.0,-2663.0,21340000.0,55336000.0,100286000.0,idle
122826,31125.0,-14365.0,9973351.0,-1065.0,-3728.0,-2130.0,21340000.0,55336000.0,100286000.0,idle
122836,41899.0,-13168.0,9979337.0,-1065.0,-3195.0,-2663.0,21340000.0,55336000.0,100286000.0,idle
122846,31125.0,9577.0,9994899.0,0.0,-4793.0,-2663.0,21340000.0,55336000.0,100286000.0,idle
122856,33519.0,2394.0,10022434.0,0.0,-5326.0,-2130.0,21340000.0,55336000.0,100286000.0,idle
122866,20351.0,-2394.0,10006871.0,-532.0,-3728.0,-2130.0,21340000.0,55336000.0,100286000.0,idle
122976,27534.0,-11971.0,9996096.0,532.0,-4793.0,-1065.0,21340000.0,55336000.0,100286000.0,idle
122986,28731.0,-11971.0,9982928.0,0.0,-5859.0,-532.0,21340000.0,55336000.0,100286000.0,idle
122996,32322.0,-13168.0,10018842.0,0.0,-5326.0,-1597.0,21340000.0,55336000.0,100286000.0,idle
123006,50279.0,-2394.0,9998491.0,532.0,-2663.0,-2130.0,21340000.0,55336000.0,100286000.0,idle
123016,37111.0,-3591.0,10004476.0,-1065.0,-4261.0,-4261.0,21340000.0,55336000.0,100286000.0,idle
123026,32322.0,-2394.0,9993702.0,-1597.0,-4793.0,-2663.0,21340000.0,55336000.0,100286000.0,idle
123036,22745.0,-5985.0,9973351.0,0.0,-5326.0,-1065.0,21340000.0,55336000.0,100286000.0,idle
123047,16759.0,-14365.0,10000885.0,532.0,-3728.0,-1597.0,21340000.0,55336000.0,100286000.0,idle
123056,25139.0,-2394.0,10005674.0,-532.0,-3728.0,-2130.0,21340000.0,55336000.0,100286000.0,idle
123066,55068.0,5985.0,10016448.0,-532.0,-5326.0,-1597.0,21340000.0,55336000.0,100286000.0,idle
123076,35914.0,7182.0,10004476.0,0.0,-5326.0,-2130.0,21340000.0,55336000.0,100286000.0,idle
123086,5985.0,3591.0,9998491.0,0.0,-4261.0,-1597.0,21340000.0,55336000.0,100286000.0,idle
123097,28731.0,7182.0,9984125.0,-1065.0,-3195.0,-2130.0,21340000.0,55336000.0,100286000.0,idle
123107,40702.0,1197.0,9991308.0,-532.0,-4793.0,-2130.0,21340000.0,55336000.0,100286000.0,idle
123117,25139.0,8379.0,9997294.0,1597.0,-5326.0,-1597.0,21340000.0,55336000.0,100286000.0,idle
123127,38308.0,-10774.0,9998491.0,0.0,-5326.0,-2130.0,21340000.0,55336000.0,100286000.0,idle
123137,38308.0,-16759.0,9997294.0,-1065.0,-4261.0,-3195.0,21340000.0,55336000.0,100286000.0,idle
123147,15562.0,-3591.0,9988914.0,532.0,-3728.0,-2130.0,21340000.0,55336000.0,100286000.0,idle
123157,40702.0,3591.0,9980534.0,0.0,-4261.0,-2663.0,21340000.0,55336000.0,100286000.0,idle
123167,58659.0,-2394.0,9990111.0,1065.0,-4793.0,-3195.0,21340000.0,55336000.0,100286000.0,idle
123177,35914.0,-3591.0,10008068.0,-532.0,-3195.0,-2130.0,21340000.0,55336000.0,100286000.0,idle
123187,34716.0,-14365.0,10015251.0,-532.0,-4261.0,-2663.0,21340000.0,55336000.0,100286000.0,idle
123197,28731.0,-8379.0,9986519.0,0.0,-3728.0,-1597.0,21340000.0,55336000.0,100286000.0,idle
123207,27534.0,4788.0,9964971.0,1597.0,-4261.0,-1065.0,21340000.0,55355000.0,100278000.0,idle
123217,38308.0,-8379.0,9980534.0,0.0,-4261.0,-2130.0,21340000.0,55355000.0,100278000.0,idle
123227,37111.0,-2394.0,10000885.0,-532.0,-3728.0,-1065.0,21340000.0,55355000.0,100278000.0,idle
123237,8379.0,1197.0,9994899.0,532.0,-3195.0,-1597.0,21340000.0,55355000.0,100278000.0,idle
123247,27534.0,-8379.0,10009265.0,532.0,-4261.0,-532.0,21340000.0,55355000.0,100278000.0,idle
123257,34716.0,-4788.0,9994899.0,-1065.0,-4261.0,-1597.0,21340000.0,55355000.0,100278000.0,idle
123267,27534.0,-2394.0,9998491.0,-532.0,-2663.0,-3195.0,21340000.0,55355000.0,100278000.0,idle
123277,29928.0,-4788.0,9997294.0,0.0,-4793.0,-2130.0,21340000.0,55355000.0,100278000.0,idle
123287,53871.0,-3591.0,9988914.0,-532.0,-5326.0,-2663.0,21340000.0,55355000.0,100278000.0,idle
123297,46688.0,5985.0,10002082.0,0.0,-4793.0,-2663.0,21340000.0,55355000.0,100278000.0,idle
123307,14365.0,-5985.0,10011659.0,0.0,-4261.0,-1597.0,21340000.0,55355000.0,100278000.0,idle
123317,26337.0,-5985.0,10005674.0,0.0,-4261.0,-1597.0,21340000.0,55355000.0,100278000.0,idle
123327,40702.0,1197.0,10003279.0,532.0,-3195.0,-2663.0,21340000.0,55355000.0,100278000.0,idle
123337,21548.0,-1197.0,10002082.0,532.0,-3728.0,-2663.0,21340000.0,55355000.0,100278000.0,idle
123347,25139.0,-9577.0,10006871.0,-1065.0,-4793.0,-3195.0,21340000.0,55355000.0,100278000.0,idle
123357,47885.0,-5985.0,9985322.0,1065.0,-4793.0,-1597.0,21340000.0,55355000.0,100278000.0,idle
123367,46688.0,3591.0,9996096.0,0.0,-3195.0,-1065.0,21340000.0,55355000.0,100278000.0,idle
123377,25139.0,7182.0,9993702.0,532.0,-3195.0,-2130.0,21340000.0,55355000.0,100278000.0,idle
123387,39505.0,-17957.0,9999688.0,-532.0,-2663.0,-1597.0,21340000.0,55355000.0,100278000.0,idle
123397,25139.0,-14365.0,10003279.0,0.0,-4261.0,-1597.0,21340000.0,55355000.0,100278000.0,idle
123407,35914.0,-2394.0,10008068.0,1065.0,-4793.0,-1065.0,21340000.0,55355000.0,100278000.0,idle
123417,35914.0,-2394.0,10008068.0,1065.0,-4793.0,-1065.0,21340000.0,55355000.0,100278000.0,idle
123427,34716.0,-13168.0,9994899.0,0.0,-2663.0,-2130.0,21340000.0,55355000.0,100278000.0,idle
123437,22745.0,-27534.0,10012856.0,-1065.0,-3195.0,-1597.0,21340000.0,55355000.0,100278000.0,idle
123447,29928.0,-8379.0,10017645.0,1065.0,-4793.0,-1065.0,21340000.0,55355000.0,100278000.0,idle
123457,37111.0,9577.0,9993702.0,1065.0,-3728.0,-1597.0,21340000.0,55355000.0,100278000.0,idle
123467,28731.0,-4788.0,9994899.0,-532.0,-3195.0,-2130.0,21340000.0,55355000.0,100278000.0,idle
123477,26337.0,-7182.0,9987717.0,532.0,-2663.0,-2663.0,21340000.0,55355000.0,100278000.0,idle
123487,23942.0,-4788.0,9987717.0,0.0,-4793.0,-1597.0,21340000.0,55355000.0,100278000.0,idle
123497,28731.0,-2394.0,9998491.0,-532.0,-4793.0,-2663.0,21340000.0,55355000.0,100278000.0,idle
123507,20351.0,8379.0,9993702.0,532.0,-4793.0,-2663.0,21340000.0,55355000.0,100278000.0,idle
123517,28731.0,-2394.0,10002082.0,-532.0,-3728.0,-2663.0,21340000.0,55355000.0,100278000.0,idle
123527,35914.0,0.0,10009265.0,-532.0,-3195.0,-2130.0,21340000.0,55355000.0,100278000.0,idle
123537,43096.0,4788.0,10015251.0,-532.0,-3195.0,-3195.0,21340000.0,55355000.0,100278000.0,idle
123547,33519.0,-4788.0,10004476.0,-532.0,-3195.0,-3195.0,21340000.0,55355000.0,100278000.0,idle
123557,29928.0,-3591.0,9985322.0,-532.0,-5326.0,-2663.0,21340000.0,55355000.0,100278000.0,idle
123567,38308.0,1197.0,9986519.0,-532.0,-4261.0,-1597.0,21340000.0,55355000.0,100278000.0,idle
123577,37111.0,3591.0,10014054.0,-532.0,-3728.0,-1065.0,21340000.0,55355000.0,100278000.0,idle
123587,26337.0,-16759.0,9992505.0,0.0,-2663.0,-1597.0,21340000.0,55355000.0,100278000.0,idle
123597,29928.0,-1197.0,9987717.0,0.0,-3195.0,-2663.0,21340000.0,55355000.0,100278000.0,idle
123607,40702.0,-2394.0,9987717.0,-532.0,-4793.0,-3195.0,21340000.0,55355000.0,100278000.0,idle
123617,22745.0,-10774.0,9999688.0,1597.0,-4261.0,-2663.0,21340000.0,55355000.0,100278000.0,idle
123627,19154.0,-9577.0,9990111.0,532.0,-3195.0,-2130.0,21340000.0,55355000.0,100278000.0,idle
123637,22745.0,-10774.0,9994899.0,532.0,-4261.0,-1597.0,21340000.0,55355000.0,100278000.0,idle
123647,37111.0,2394.0,10005674.0,1597.0,-4793.0,-1065.0,21340000.0,55355000.0,100278000.0,idle
123657,31125.0,-1197.0,9996096.0,0.0,-3195.0,-1597.0,21340000.0,55355000.0,100278000.0,idle
123667,29928.0,3591.0,9996096.0,1065.0,-3195.0,-1065.0,21340000.0,55355000.0,100278000.0,idle
123677,35914.0,-9577.0,10017645.0,-532.0,-2663.0,-532.0,21340000.0,55355000.0,100278000.0,idle
123687,28731.0,-8379.0,10011659.0,-532.0,-2663.0,-2130.0,21340000.0,55355000.0,100278000.0,idle
123697,32322.0,2394.0,9984125.0,1597.0,-4261.0,-2130.0,21340000.0,55355000.0,100278000.0,idle
123707,31125.0,-7182.0,10016448.0,532.0,-4793.0,-2663.0,21340000.0,55355000.0,100278000.0,idle
123718,22745.0,1197.0,9996096.0,0.0,-3728.0,-1597.0,21340000.0,55355000.0,100278000.0,idle
123727,25139.0,14365.0,9991308.0,532.0,-5859.0,-2130.0,21340000.0,55355000.0,100278000.0,idle
123738,21548.0,8379.0,10003279.0,1065.0,-5326.0,-1597.0,21340000.0,55355000.0,100278000.0,idle
123818,0.0,-23942.0,9557944.0,-6391.0,10652.0,-1065.0,21340000.0,55355000.0,100278000.0,idle
123828,-81405.0,15562.0,9687235.0,-1065.0,-532.0,-2130.0,21340000.0,55355000.0,100278000.0,idle
123838,11971.0,-2394.0,9998491.0,2663.0,-9055.0,-1065.0,21340000.0,55355000.0,100278000.0,idle
123848,104150.0,-5985.0,10111022.0,2663.0,-9055.0,-1065.0,21340000.0,55355000.0,100278000.0,idle
123858,37111.0,7182.0,10102642.0,1065.0,-5326.0,-2663.0,21340000.0,55355000.0,100278000.0,idle
123868,-29928.0,13168.0,10055953.0,-532.0,-2130.0,-3728.0,21340000.0,55355000.0,100278000.0,idle
123878,28731.0,10774.0,9907508.0,-2130.0,-2130.0,-2130.0,21340000.0,55355000.0,100278000.0,idle
123888,64645.0,-20351.0,9822512.0,-2130.0,-3195.0,-1065.0,21340000.0,55355000.0,100278000.0,idle
123898,11971.0,-13168.0,9923071.0,2130.0,-7989.0,-2663.0,21340000.0,55355000.0,100278000.0,idle
123908,-10774.0,-9577.0,10167287.0,2663.0,-9587.0,-2663.0,21340000.0,55355000.0,100278000.0,idle
123918,56265.0,-9577.0,10204398.0,-532.0,-4261.0,-2130.0,21340000.0,55355000.0,100278000.0,idle
123928,64645.0,4788.0,9956591.0,-2663.0,2130.0,-2663.0,21340000.0,55355000.0,100278000.0,idle
123938,5985.0,5985.0,9756669.0,-1597.0,0.0,-2663.0,21340000.0,55355000.0,100278000.0,idle
123948,-8379.0,8379.0,9889551.0,1065.0,-6924.0,-1597.0,21340000.0,55355000.0,100278000.0,idle
123958,64645.0,-4788.0,10143344.0,2663.0,-8522.0,-1597.0,21340000.0,55355000.0,100278000.0,idle
123968,59856.0,-11971.0,10180456.0,532.0,-5326.0,-2663.0,21340000.0,55355000.0,100278000.0,idle
123978,14365.0,-2394.0,9990111.0,-2130.0,532.0,-2663.0,21340000.0,55355000.0,100278000.0,idle
123988,15562.0,0.0,9836877.0,-2130.0,532.0,-2130.0,21340000.0,55355000.0,100278000.0,idle
123998,41899.0,1197.0,9891946.0,0.0,-3728.0,-3728.0,21340000.0,55355000.0,100278000.0,idle
124008,49082.0,1197.0,10033208.0,2130.0,-7457.0,-2663.0,21340000.0,55355000.0,100278000.0,idle
124018,27534.0,-7182.0,10103839.0,0.0,-5859.0,-2663.0,21340000.0,55355000.0,100278000.0,idle
124028,52674.0,-11971.0,10048771.0,-1597.0,-2130.0,-2663.0,21340000.0,55355000.0,100278000.0,idle
124038,47885.0,-1197.0,9918283.0,-1597.0,-1597.0,-2663.0,21340000.0,55355000.0,100278000.0,idle
124048,21548.0,-2394.0,9879974.0,-532.0,-3195.0,-1065.0,21340000.0,55355000.0,100278000.0,idle
124058,17957.0,-7182.0,9982928.0,2663.0,-6391.0,-1597.0,21340000.0,55355000.0,100278000.0,idle
124068,23942.0,0.0,10099050.0,1597.0,-7989.0,-1597.0,21340000.0,55355000.0,100278000.0,idle
124078,28731.0,4788.0,10069122.0,-1065.0,-3728.0,-2130.0,21340000.0,55355000.0,100278000.0,idle
124088,32322.0,-9577.0,9930254.0,-1065.0,-1065.0,-2130.0,21340000.0,55355000.0,100278000.0,idle
124098,23942.0,-9577.0,9875186.0,-1065.0,-2663.0,-2130.0,21340000.0,55355000.0,100278000.0,idle
124108,37111.0,-4788.0,9969759.0,1065.0,-5859.0,-2663.0,21340000.0,55355000.0,100278000.0,idle
124118,40702.0,-15562.0,10077502.0,2130.0,-5326.0,-2130.0,21340000.0,55355000.0,100278000.0,idle
124128,35914.0,-3591.0,10071516.0,532.0,-4261.0,-1597.0,21340000.0,55355000.0,100278000.0,idle
124138,38308.0,7182.0,10022434.0,-1065.0,-2130.0,-2130.0,21340000.0,55355000.0,100278000.0,idle
124148,17957.0,-3591.0,9914691.0,0.0,-2663.0,-2663.0,21340000.0,55355000.0,100278000.0,idle
124158,28731.0,-13168.0,9926663.0,532.0,-4261.0,-2663.0,21340000.0,55355000.0,100278000.0,idle
124168,49082.0,-2394.0,10018842.0,2130.0,-4793.0,-2130.0,21340000.0,55355000.0,100278000.0,idle
124178,39505.0,-10774.0,10073910.0,0.0,-5859.0,-2663.0,21340000.0,55355000.0,100278000.0,idle
124188,21548.0,-16759.0,10018842.0,0.0,-3195.0,-2130.0,21340000.0,55355000.0,100278000.0,idle
124198,13168.0,-8379.0,9968562.0,-532.0,-2663.0,-1065.0,21340000.0,55355000.0,100278000.0,idle
124208,45491.0,2394.0,9924268.0,-532.0,-4261.0,-1597.0,21330000.0,55360000.0,100278000.0,idle
124218,31125.0,-11971.0,10008068.0,-532.0,-5859.0,-1597.0,21330000.0,55360000.0,100278000.0,idle
124228,21548.0,-16759.0,10071516.0,532.0,-4261.0,-2663.0,21330000.0,55360000.0,100278000.0,idle
124238,39505.0,5985.0,10041588.0,532.0,-2663.0,-2130.0,21330000.0,55360000.0,100278000.0,idle
124248,31125.0,-8379.0,9966168.0,-532.0,-2663.0,-2663.0,21330000.0,55360000.0,100278000.0,idle
124258,25139.0,2394.0,9944620.0,0.0,-3728.0,-2130.0,21330000.0,55360000.0,100278000.0,idle
124268,20351.0,4788.0,9968562.0,532.0,-4261.0,-2130.0,21330000.0,55360000.0,100278000.0,idle
124278,20351.0,2394.0,10028419.0,1065.0,-4793.0,-532.0,21330000.0,55360000.0,100278000.0,idle
124288,47885.0,-13168.0,10055953.0,-532.0,-4261.0,-1597.0,21330000.0,55360000.0,100278000.0,idle
124299,23942.0,-2394.0,9992505.0,-532.0,-3728.0,-2130.0,21330000.0,55360000.0,100278000.0,idle
124308,20351.0,0.0,9925465.0,-532.0,-2130.0,-2663.0,21330000.0,55360000.0,100278000.0,idle
124318,29928.0,-11971.0,9966168.0,1597.0,-3728.0,-1065.0,21330000.0,55360000.0,100278000.0,idle
124328,23942.0,-23942.0,10016448.0,1597.0,-6391.0,-1065.0,21330000.0,55360000.0,100278000.0,idle
124338,15562.0,-9577.0,10037996.0,532.0,-4261.0,-1597.0,21330000.0,55360000.0,100278000.0,idle
124349,16759.0,-11971.0,10027222.0,0.0,-3195.0,-1065.0,21330000.0,55360000.0,100278000.0,idle
124359,38308.0,-5985.0,9963774.0,-1597.0,-3195.0,-2130.0,21330000.0,55360000.0,100278000.0,idle
124369,28731.0,-10774.0,9954197.0,0.0,-4261.0,-1065.0,21330000.0,55360000.0,100278000.0,idle
124379,11971.0,-1197.0,10020039.0,532.0,-3728.0,-1597.0,21330000.0,55360000.0,100278000.0,idle
124389,21548.0,-1197.0,10041588.0,1065.0,-3195.0,-3195.0,21330000.0,55360000.0,100278000.0,idle
124399,43096.0,-5985.0,10039193.0,-532.0,-3728.0,-2663.0,21330000.0,55360000.0,100278000.0,idle
124409,23942.0,-8379.0,9974548.0,-1065.0,-2663.0,-1597.0,21330000.0,55360000.0,100278000.0,idle
124419,33519.0,1197.0,9949408.0,0.0,-3195.0,-2663.0,21330000.0,55360000.0,100278000.0,idle
124429,26337.0,-5985.0,9982928.0,532.0,-5326.0,-3195.0,21330000.0,55360000.0,100278000.0,idle
124439,28731.0,-11971.0,10024828.0,1065.0,-5859.0,-3195.0,21330000.0,55360000.0,100278000.0,idle
124449,45491.0,15562.0,10053559.0,532.0,-4261.0,-2663.0,21330000.0,55360000.0,100278000.0,idle
124459,19154.0,-8379.0,10008068.0,-1597.0,-2663.0,-2130.0,21330000.0,55360000.0,100278000.0,idle
124469,25139.0,-10774.0,9966168.0,0.0,-3195.0,-2130.0,21330000.0,55360000.0,100278000.0,idle
124479,25139.0,-10774.0,9966168.0,0.0,-3195.0,-2130.0,21330000.0,55360000.0,100278000.0,idle
124489,39505.0,-8379.0,9964971.0,1065.0,-4793.0,-2130.0,21330000.0,55360000.0,100278000.0,idle
124499,33519.0,-2394.0,10002082.0,532.0,-4261.0,-2663.0,21330000.0,55360000.0,100278000.0,idle
124509,45491.0,14365.0,10040391.0,-532.0,-5326.0,-2663.0,21330000.0,55360000.0,100278000.0,idle
124519,47885.0,3591.0,10016448.0,0.0,-3728.0,-3728.0,21330000.0,55360000.0,100278000.0,idle
124529,11971.0,-4788.0,9986519.0,-532.0,-3728.0,-2663.0,21330000.0,55360000.0,100278000.0,idle
124539,9577.0,-2394.0,9967365.0,-1597.0,-3195.0,-3195.0,21330000.0,55360000.0,100278000.0,idle
124549,39505.0,-5985.0,9978139.0,0.0,-4261.0,-2663.0,21330000.0,55360000.0,100278000.0,idle
124559,34716.0,-19154.0,10032011.0,0.0,-5859.0,-2130.0,21330000.0,55360000.0,100278000.0,idle
124569,45491.0,-7182.0,10032011.0,1597.0,-5859.0,-532.0,21330000.0,55360000.0,100278000.0,idle
124579,33519.0,-13168.0,9996096.0,0.0,-4261.0,-2663.0,21330000.0,55360000.0,100278000.0,idle
124589,33519.0,-1197.0,9986519.0,-532.0,-3728.0,-2130.0,21330000.0,55360000.0,100278000.0,idle
124599,37111.0,0.0,9978139.0,-532.0,-3195.0,-2663.0,21330000.0,55360000.0,100278000.0,idle
124609,29928.0,-11971.0,10000885.0,0.0,-4793.0,-2130.0,21330000.0,55360000.0,100278000.0,idle
124619,15562.0,-9577.0,10017645.0,0.0,-3728.0,-3195.0,21330000.0,55360000.0,100278000.0,idle
124629,34716.0,-2394.0,10017645.0,-532.0,-4261.0,-4261.0,21330000.0,55360000.0,100278000.0,idle
124639,37111.0,-2394.0,9992505.0,-532.0,-3728.0,-2663.0,21330000.0,55360000.0,100278000.0,idle
124649,25139.0,1197.0,9985322.0,1065.0,-3728.0,-2663.0,21330000.0,55360000.0,100278000.0,idle
124659,19154.0,-4788.0,9998491.0,-532.0,-4261.0,-3728.0,21330000.0,55360000.0,100278000.0,idle
124669,27534.0,3591.0,9993702.0,1065.0,-4793.0,-2663.0,21330000.0,55360000.0,100278000.0,idle
124679,33519.0,-5985.0,9984125.0,1065.0,-4793.0,-2130.0,21330000.0,55360000.0,100278000.0,idle
124689,21548.0,-22745.0,9988914.0,0.0,-3728.0,-3728.0,21330000.0,55360000.0,100278000.0,idle
124699,23942.0,-7182.0,9991308.0,532.0,-3195.0,-2130.0,21330000.0,55360000.0,100278000.0,idle
124709,39505.0,-1197.0,10006871.0,0.0,-4793.0,-3195.0,21330000.0,55360000.0,100278000.0,idle
124719,16759.0,-4788.0,10008068.0,-532.0,-3728.0,-1065.0,21330000.0,55360000.0,100278000.0,idle
124729,27534.0,-3591.0,9999688.0,0.0,-3728.0,-1597.0,21330000.0,55360000.0,100278000.0,idle
124739,53871.0,-4788.0,9992505.0,-532.0,-4793.0,-3195.0,21330000.0,55360000.0,100278000.0,idle
124749,35914.0,-13168.0,9986519.0,0.0,-4261.0,-1597.0,21330000.0,55360000.0,100278000.0,idle
124759,25139.0,1197.0,9994899.0,532.0,-4793.0,-1597.0,21330000.0,55360000.0,100278000.0,idle
124769,41899.0,15562.0,9998491.0,-532.0,-5859.0,-1597.0,21330000.0,55360000.0,100278000.0,idle
124779,49082.0,-2394.0,9988914.0,532.0,-4261.0,-1597.0,21330000.0,55360000.0,100278000.0,idle
124809,47885.0,-4788.0,9992505.0,0.0,-4261.0,-2130.0,21330000.0,55360000.0,100278000.0,idle
124819,19154.0,0.0,10012856.0,532.0,-5326.0,-2130.0,21330000.0,55360000.0,100278000.0,idle
124829,33519.0,5985.0,10024828.0,-1065.0,-4261.0,-1065.0,21330000.0,55360000.0,100278000.0,idle
124839,23942.0,3591.0,9999688.0,-532.0,-4793.0,-1597.0,21330000.0,55360000.0,100278000.0,idle
124849,29928.0,0.0,9975745.0,-1597.0,-3195.0,-2130.0,21330000.0,55360000.0,100278000.0,idle
124859,34716.0,3591.0,9972154.0,0.0,-3195.0,-2663.0,21330000.0,55360000.0,100278000.0,idle
124899,27534.0,-4788.0,10020039.0,-1065.0,-2130.0,-2663.0,21330000.0,55360000.0,100278000.0,idle
124909,23942.0,0.0,9986519.0,-532.0,-2663.0,-2663.0,21330000.0,55360000.0,100278000.0,idle
124919,32322.0,-2394.0,9976942.0,-1065.0,-4261.0,-2130.0,21330000.0,55360000.0,100278000.0,idle
124929,37111.0,-4788.0,10000885.0,532.0,-5326.0,-1597.0,21330000.0,55360000.0,100278000.0,idle
124939,25139.0,-7182.0,10003279.0,0.0,-4793.0,-1597.0,21330000.0,55360000.0,100278000.0,idle
124949,14365.0,-8379.0,9984125.0,-1597.0,-3195.0,-2130.0,21330000.0,55360000.0,100278000.0,idle
124959,13168.0,8379.0,10021236.0,-532.0,-4793.0,-1597.0,21330000.0,55360000.0,100278000.0,idle
125000,53871.0,-4788.0,10029616.0,0.0,-4793.0,-1065.0,21330000.0,55360000.0,100278000.0,idle
125010,16759.0,-8379.0,10022434.0,-532.0,-3728.0,-2663.0,21330000.0,55360000.0,100278000.0,idle
125020,28731.0,10774.0,9988914.0,-532.0,-2663.0,-3195.0,21330000.0,55360000.0,100278000.0,idle
125030,47885.0,-5985.0,9982928.0,0.0,-3195.0,-1065.0,21330000.0,55360000.0,100278000.0,idle
125040,33519.0,-5985.0,9975745.0,0.0,-3728.0,-2130.0,21330000.0,55360000.0,100278000.0,idle
125050,28731.0,-2394.0,9999688.0,0.0,-4793.0,-2130.0,21330000.0,55360000.0,100278000.0,idle
125060,37111.0,-20351.0,9999688.0,-532.0,-4261.0,-2130.0,21330000.0,55360000.0,100278000.0,idle
125070,38308.0,-4788.0,9996096.0,0.0,-5326.0,-1597.0,21330000.0,55360000.0,100278000.0,idle
125080,28731.0,-3591.0,10000885.0,1065.0,-4793.0,-2663.0,21330000.0,55360000.0,100278000.0,idle
125090,34716.0,3591.0,9998491.0,532.0,-4793.0,-1597.0,21330000.0,55360000.0,100278000.0,idle
125100,37111.0,-13168.0,10033208.0,0.0,-3728.0,-532.0,21330000.0,55360000.0,100278000.0,idle
125110,16759.0,-22745.0,10022434.0,0.0,-5326.0,-2130.0,21330000.0,55360000.0,100278000.0,idle
125120,40702.0,32322.0,10014054.0,-1065.0,-4261.0,-2663.0,21330000.0,55360000.0,100278000.0,idle
125130,21548.0,-5985.0,9985322.0,0.0,-3728.0,-2130.0,21330000.0,55360000.0,100278000.0,idle
125140,11971.0,10774.0,9984125.0,0.0,-4261.0,-1065.0,21330000.0,55360000.0,100278000.0,idle
125150,38308.0,11971.0,9990111.0,-1065.0,-3728.0,-1597.0,21330000.0,55360000.0,100278000.0,idle
125160,22745.0,-14365.0,10030813.0,-1065.0,-4793.0,-2663.0,21330000.0,55360000.0,100278000.0,idle
125170,21548.0,-19154.0,10011659.0,-532.0,-4261.0,-2663.0,21330000.0,55360000.0,100278000.0,idle
125180,50279.0,13168.0,9985322.0,-1065.0,-4793.0,-2130.0,21330000.0,55360000.0,100278000.0,idle
125190,31125.0,-21548.0,9969759.0,-532.0,-3728.0,-2130.0,21330000.0,55360000.0,100278000.0,idle
125200,35914.0,-15562.0,10002082.0,1065.0,-3728.0,-1597.0,21330000.0,55360000.0,100278000.0,idle
125210,33519.0,-2394.0,9991308.0,1065.0,-4793.0,-1597.0,21320000.0,55348000.0,100286000.0,idle
125220,31125.0,-15562.0,9999688.0,-1065.0,-3195.0,-2663.0,21320000.0,55348000.0,100286000.0,idle
125230,26337.0,-9577.0,10009265.0,532.0,-4261.0,-2130.0,21320000.0,55348000.0,100286000.0,idle
125240,25139.0,-3591.0,9999688.0,0.0,-3195.0,-1597.0,21320000.0,55348000.0,100286000.0,idle
125250,14365.0,-2394.0,9986519.0,-532.0,-2663.0,-1065.0,21320000.0,55348000.0,100286000.0,idle
125260,38308.0,-5985.0,9992505.0,0.0,-3728.0,-1597.0,21320000.0,55348000.0,100286000.0,idle
125270,55068.0,-10774.0,10012856.0,-1065.0,-4261.0,-2663.0,21320000.0,55348000.0,100286000.0,idle
125280,23942.0,-13168.0,10011659.0,532.0,-4261.0,-1597.0,21320000.0,55348000.0,100286000.0,idle
125290,27534.0,0.0,9997294.0,0.0,-2663.0,-2130.0,21320000.0,55348000.0,100286000.0,idle
125300,29928.0,-5985.0,10011659.0,-532.0,-4261.0,-2130.0,21320000.0,55348000.0,100286000.0,idle
125310,17957.0,4788.0,9992505.0,-532.0,-3728.0,-2130.0,21320000.0,55348000.0,100286000.0,idle
125320,23942.0,-10774.0,9984125.0,0.0,-4261.0,-2663.0,21320000.0,55348000.0,100286000.0,idle
125330,56265.0,-7182.0,9987717.0,532.0,-5326.0,-2663.0,21320000.0,55348000.0,100286000.0,idle
125340,16759.0,4788.0,9996096.0,532.0,-4261.0,-2663.0,21320000.0,55348000.0,100286000.0,idle
125350,11971.0,-2394.0,10008068.0,532.0,-3195.0,-2130.0,21320000.0,55348000.0,100286000.0,idle
125360,53871.0,2394.0,10009265.0,532.0,-4261.0,-2663.0,21320000.0,55348000.0,100286000.0,idle
125370,55068.0,-10774.0,10005674.0,-532.0,-4793.0,-2130.0,21320000.0,55348000.0,100286000.0,idle
125380,-43096.0,-1197.0,9970957.0,532.0,-3728.0,-1597.0,21320000.0,55348000.0,100286000.0,idle
125390,-9577.0,0.0,9954197.0,0.0,-3728.0,-1065.0,21320000.0,55348000.0,100286000.0,idle
125400,96968.0,-21548.0,9998491.0,1065.0,-4793.0,-2663.0,21320000.0,55348000.0,100286000.0,idle
125410,28731.0,-10774.0,10073910.0,2130.0,-5859.0,-2130.0,21320000.0,55348000.0,100286000.0,idle
125420,-8379.0,17957.0,10039193.0,0.0,-5326.0,-1065.0,21320000.0,55348000.0,100286000.0,idle
125430,51476.0,-2394.0,9984125.0,-532.0,-3195.0,-3195.0,21320000.0,55348000.0,100286000.0,idle
125440,63448.0,-5985.0,9950605.0,532.0,-3195.0,-1597.0,21320000.0,55348000.0,100286000.0,idle
125450,10774.0,4788.0,9967365.0,-1065.0,-4793.0,-1065.0,21320000.0,55348000.0,100286000.0,idle
125460,-15562.0,-7182.0,10021236.0,-532.0,-5326.0,-2130.0,21320000.0,55348000.0,100286000.0,idle
125470,46688.0,-15562.0,10040391.0,532.0,-4793.0,-3195.0,21320000.0,55348000.0,100286000.0,idle
125480,92179.0,31125.0,10018842.0,-1065.0,-2663.0,-3195.0,21320000.0,55348000.0,100286000.0,idle
125490,37111.0,8379.0,9975745.0,-1065.0,-3195.0,-3195.0,21320000.0,55348000.0,100286000.0,idle
125500,-15562.0,-52674.0,9964971.0,-532.0,-3728.0,-2130.0,21320000.0,55348000.0,100286000.0,idle
125510,14365.0,-44294.0,9981731.0,532.0,-3728.0,-2663.0,21320000.0,55348000.0,100286000.0,idle
125520,57462.0,-2394.0,10021236.0,1065.0,-5859.0,-2663.0,21320000.0,55348000.0,100286000.0,idle
125530,23942.0,4788.0,10046376.0,0.0,-4261.0,-1597.0,21320000.0,55348000.0,100286000.0,idle
125540,23942.0,4788.0,10046376.0,0.0,-4261.0,-1597.0,21320000.0,55348000.0,100286000.0,idle
125550,19154.0,8379.0,10034405.0,-532.0,-2130.0,-2663.0,21320000.0,55348000.0,100286000.0,idle
125560,73025.0,11971.0,9978139.0,-1597.0,-2130.0,-3195.0,21320000.0,55348000.0,100286000.0,idle
125570,40702.0,-11971.0,9935042.0,0.0,-3728.0,-2130.0,21320000.0,55348000.0,100286000.0,idle
125580,4788.0,-29928.0,9961380.0,532.0,-4793.0,-2663.0,21320000.0,55348000.0,100286000.0,idle
125590,27534.0,-20351.0,10015251.0,1065.0,-7989.0,-1597.0,21320000.0,55348000.0,100286000.0,idle
125601,49082.0,-10774.0,10077502.0,2663.0,-5326.0,-1065.0,21320000.0,55348000.0,100286000.0,idle
125610,51476.0,27534.0,10051165.0,-532.0,-2663.0,-2130.0,21320000.0,55348000.0,100286000.0,idle
125621,41899.0,51476.0,9966168.0,-2663.0,-2663.0,-2130.0,21320000.0,55348000.0,100286000.0,idle
125631,35914.0,11971.0,9909903.0,-1065.0,-3728.0,-2663.0,21320000.0,55348000.0,100286000.0,idle
125641,28731.0,-27534.0,9945817.0,532.0,-5326.0,-2130.0,21320000.0,55348000.0,100286000.0,idle
125651,16759.0,-32322.0,10036799.0,1065.0,-6391.0,-2663.0,21320000.0,55348000.0,100286000.0,idle
125661,29928.0,-20351.0,10049968.0,-532.0,-6391.0,-2130.0,21320000.0,55348000.0,100286000.0,idle
125671,47885.0,19154.0,10040391.0,0.0,-3195.0,-1597.0,21320000.0,55348000.0,100286000.0,idle
125681,40702.0,25139.0,9980534.0,-532.0,-2130.0,-1065.0,21320000.0,55348000.0,100286000.0,idle
125691,26337.0,10774.0,9943422.0,-532.0,-2130.0,-3195.0,21320000.0,55348000.0,100286000.0,idle
125701,14365.0,-16759.0,9955394.0,1065.0,-4793.0,-2130.0,21320000.0,55348000.0,100286000.0,idle
125711,29928.0,-25139.0,10040391.0,1065.0,-5326.0,-1065.0,21320000.0,55348000.0,100286000.0,idle
125721,31125.0,-7182.0,10054756.0,0.0,-3728.0,-2130.0,21320000.0,55348000.0,100286000.0,idle
125731,27534.0,-14365.0,10002082.0,0.0,-3195.0,-2130.0,21320000.0,55348000.0,100286000.0,idle
125741,37111.0,4788.0,9960182.0,0.0,-3728.0,-3728.0,21320000.0,55348000.0,100286000.0,idle
125751,25139.0,15562.0,9963774.0,532.0,-4261.0,-4793.0,21320000.0,55348000.0,100286000.0,idle
125761,31125.0,-4788.0,10002082.0,0.0,-5859.0,-2663.0,21320000.0,55348000.0,100286000.0,idle
125771,14365.0,-8379.0,10023631.0,1597.0,-5326.0,-532.0,21320000.0,55348000.0,100286000.0,idle
125781,38308.0,-21548.0,10020039.0,0.0,-3195.0,-2130.0,21320000.0,55348000.0,100286000.0,idle
125791,37111.0,8379.0,9979337.0,-532.0,-4261.0,-1065.0,21320000.0,55348000.0,100286000.0,idle
125811,39505.0,21548.0,10005674.0,-532.0,-5859.0,-1597.0,21320000.0,55348000.0,100286000.0,idle
125821,35914.0,10774.0,10037996.0,0.0,-4793.0,-1597.0,21320000.0,55348000.0,100286000.0,idle
125831,3591.0,-15562.0,10002082.0,0.0,-3728.0,-2663.0,21320000.0,55348000.0,100286000.0,idle
125841,22745.0,-23942.0,9986519.0,-1065.0,-2663.0,-3195.0,21320000.0,55348000.0,100286000.0,idle
125851,29928.0,-11971.0,9976942.0,-2130.0,-3728.0,-1597.0,21320000.0,55348000.0,100286000.0,idle
125861,38308.0,3591.0,9992505.0,-532.0,-4261.0,-1597.0,21320000.0,55348000.0,100286000.0,idle
125871,35914.0,16759.0,10006871.0,532.0,-4793.0,-2130.0,21320000.0,55348000.0,100286000.0,idle
125881,17957.0,-14365.0,10003279.0,0.0,-2663.0,-3195.0,21320000.0,55348000.0,100286000.0,idle
125891,7182.0,-15562.0,9988914.0,-1597.0,-3195.0,-532.0,21320000.0,55348000.0,100286000.0,idle
125901,40702.0,-17957.0,9984125.0,0.0,-4261.0,-1597.0,21320000.0,55348000.0,100286000.0,idle
125911,21548.0,0.0,9979337.0,532.0,-4793.0,-1597.0,21320000.0,55348000.0,100286000.0,idle
125921,20351.0,8379.0,10003279.0,-532.0,-5326.0,-1065.0,21320000.0,55348000.0,100286000.0,idle
125931,34716.0,-3591.0,10010462.0,-532.0,-5859.0,-2663.0,21320000.0,55348000.0,100286000.0,idle
125941,32322.0,4788.0,10017645.0,0.0,-5326.0,-2663.0,21320000.0,55348000.0,100286000.0,idle
125951,22745.0,-3591.0,9994899.0,0.0,-4261.0,-2130.0,21320000.0,55348000.0,100286000.0,idle
125961,25139.0,-11971.0,9981731.0,0.0,-2663.0,-2663.0,21320000.0,55348000.0,100286000.0,idle
125971,21548.0,-19154.0,9992505.0,1065.0,-4793.0,-2130.0,21320000.0,55348000.0,100286000.0,idle
125981,37111.0,-5985.0,10014054.0,0.0,-3195.0,-2130.0,21320000.0,55348000.0,100286000.0,idle
125991,40702.0,11971.0,10012856.0,-1065.0,-3728.0,-1597.0,21320000.0,55348000.0,100286000.0,idle
126001,35914.0,3591.0,10000885.0,1065.0,-4261.0,-3195.0,21320000.0,55348000.0,100286000.0,idle
126011,26337.0,-8379.0,9982928.0,1065.0,-3728.0,-2663.0,21320000.0,55348000.0,100286000.0,idle
126021,28731.0,-11971.0,9984125.0,532.0,-2663.0,-2130.0,21320000.0,55348000.0,100286000.0,idle
126031,22745.0,0.0,10006871.0,532.0,-4261.0,-2663.0,21320000.0,55348000.0,100286000.0,idle
126041,37111.0,-1197.0,10011659.0,532.0,-3728.0,-2130.0,21320000.0,55348000.0,100286000.0,idle
126051,50279.0,1197.0,10011659.0,-532.0,-5326.0,-1065.0,21320000.0,55348000.0,100286000.0,idle
126061,35914.0,2394.0,9991308.0,-532.0,-3195.0,-1597.0,21320000.0,55348000.0,100286000.0,idle
126071,19154.0,-10774.0,9982928.0,0.0,-4261.0,-2130.0,21320000.0,55348000.0,100286000.0,idle
126081,34716.0,-20351.0,9996096.0,532.0,-5859.0,-1597.0,21320000.0,55348000.0,100286000.0,idle
126091,27534.0,-2394.0,10017645.0,1065.0,-3728.0,-1065.0,21320000.0,55348000.0,100286000.0,idle
126101,29928.0,1197.0,9994899.0,-532.0,-4793.0,-1065.0,21320000.0,55348000.0,100286000.0,idle
126111,25139.0,0.0,9996096.0,-532.0,-5326.0,-532.0,21320000.0,55348000.0,100286000.0,idle
126121,26337.0,2394.0,10020039.0,532.0,-5326.0,-1597.0,21320000.0,55348000.0,100286000.0,idle
126131,20351.0,-3591.0,10006871.0,0.0,-3728.0,-2130.0,21320000.0,55348000.0,100286000.0,idle
126142,27534.0,-20351.0,10009265.0,-1065.0,-3728.0,-2663.0,21320000.0,55348000.0,100286000.0,idle
126151,37111.0,-11971.0,9993702.0,-1065.0,-4261.0,-3195.0,21320000.0,55348000.0,100286000.0,idle
126161,32322.0,-2394.0,9996096.0,-532.0,-3728.0,-1597.0,21320000.0,55348000.0,100286000.0,idle
126171,28731.0,-5985.0,9993702.0,-532.0,-3195.0,-1065.0,21320000.0,55348000.0,100286000.0,idle
126181,33519.0,-7182.0,9992505.0,532.0,-4261.0,-2663.0,21320000.0,55348000.0,100286000.0,idle
126192,23942.0,4788.0,10009265.0,532.0,-2663.0,-3728.0,21320000.0,55348000.0,100286000.0,idle
126202,28731.0,1197.0,9996096.0,0.0,-3728.0,-2663.0,21320000.0,55348000.0,100286000.0,idle
126211,22745.0,-10774.0,9985322.0,0.0,-3728.0,-2663.0,21300000.0,55330000.0,100274000.0,idle
126221,29928.0,9577.0,9984125.0,-1065.0,-2663.0,-1597.0,21300000.0,55330000.0,100274000.0,idle
126231,34716.0,4788.0,10018842.0,-1065.0,-2663.0,-2130.0,21300000.0,55330000.0,100274000.0,idle
126242,28731.0,-8379.0,10014054.0,-532.0,-3195.0,-1597.0,21300000.0,55330000.0,100274000.0,idle
126252,23942.0,4788.0,9996096.0,0.0,-4793.0,-1597.0,21300000.0,55330000.0,100274000.0,idle
126262,29928.0,-8379.0,9976942.0,0.0,-3728.0,-2130.0,21300000.0,55330000.0,100274000.0,idle
126272,33519.0,-3591.0,10000885.0,532.0,-4793.0,-1065.0,21300000.0,55330000.0,100274000.0,idle
126282,40702.0,16759.0,9992505.0,-1065.0,-4261.0,-3195.0,21300000.0,55330000.0,100274000.0,idle
126292,25139.0,7182.0,9988914.0,-532.0,-2663.0,-2663.0,21300000.0,55330000.0,100274000.0,idle
126302,39505.0,-15562.0,10008068.0,1065.0,-4261.0,-2663.0,21300000.0,55330000.0,100274000.0,idle
126312,35914.0,8379.0,9991308.0,1065.0,-4793.0,-3195.0,21300000.0,55330000.0,100274000.0,idle
126322,37111.0,0.0,9984125.0,532.0,-5326.0,-3195.0,21300000.0,55330000.0,100274000.0,idle
126332,21548.0,-7182.0,10002082.0,-532.0,-4793.0,-1597.0,21300000.0,55330000.0,100274000.0,idle
126342,31125.0,-19154.0,10003279.0,-532.0,-3728.0,-3195.0,21300000.0,55330000.0,100274000.0,idle
126352,27534.0,-3591.0,10009265.0,1065.0,-4261.0,-2130.0,21300000.0,55330000.0,100274000.0,idle
126362,31125.0,-11971.0,9992505.0,532.0,-2663.0,-2130.0,21300000.0,55330000.0,100274000.0,idle
126372,27534.0,-7182.0,9992505.0,532.0,-4261.0,-1065.0,21300000.0,55330000.0,100274000.0,idle
126382,40702.0,0.0,10010462.0,532.0,-3728.0,-1597.0,21300000.0,55330000.0,100274000.0,idle
126392,22745.0,0.0,10004476.0,-1065.0,-2130.0,-2663.0,21300000.0,55330000.0,100274000.0,idle
126402,8379.0,3591.0,9993702.0,-1065.0,-3728.0,-2130.0,21300000.0,55330000.0,100274000.0,idle
126412,31125.0,-3591.0,10011659.0,0.0,-4261.0,-2663.0,21300000.0,55330000.0,100274000.0,idle
126422,22745.0,3591.0,9999688.0,-1065.0,-3728.0,-1065.0,21300000.0,55330000.0,100274000.0,idle
126432,27534.0,-13168.0,10004476.0,0.0,-4793.0,0.0,21300000.0,55330000.0,100274000.0,idle
126442,31125.0,-21548.0,9974548.0,0.0,-5859.0,-3195.0,21300000.0,55330000.0,100274000.0,idle
126452,39505.0,-9577.0,10010462.0,0.0,-3728.0,-3195.0,21300000.0,55330000.0,100274000.0,idle
126462,14365.0,-19154.0,9984125.0,532.0,-2663.0,-3195.0,21300000.0,55330000.0,100274000.0,idle
126472,10774.0,-11971.0,10011659.0,532.0,-3728.0,-1597.0,21300000.0,55330000.0,100274000.0,idle
126482,49082.0,4788.0,9992505.0,-532.0,-4793.0,0.0,21300000.0,55330000.0,100274000.0,idle
126492,34716.0,7182.0,9994899.0,532.0,-4793.0,-1597.0,21300000.0,55330000.0,100274000.0,idle
126502,19154.0,-3591.0,10008068.0,-532.0,-3728.0,-3195.0,21300000.0,55330000.0,100274000.0,idle
126512,40702.0,-7182.0,10020039.0,1597.0,-3195.0,-1065.0,21300000.0,55330000.0,100274000.0,idle
126522,50279.0,9577.0,9998491.0,0.0,-3728.0,-1065.0,21300000.0,55330000.0,100274000.0,idle
126532,39505.0,-4788.0,10003279.0,532.0,-3195.0,-1597.0,21300000.0,55330000.0,100274000.0,idle
126542,26337.0,-14365.0,9986519.0,0.0,-3195.0,-3195.0,21300000.0,55330000.0,100274000.0,idle
126552,28731.0,-1197.0,9993702.0,1065.0,-4793.0,-2130.0,21300000.0,55330000.0,100274000.0,idle
126562,43096.0,-2394.0,9979337.0,532.0,-5326.0,-1597.0,21300000.0,55330000.0,100274000.0,idle
126572,33519.0,0.0,10009265.0,532.0,-4793.0,-1597.0,21300000.0,55330000.0,100274000.0,idle
126582,28731.0,-15562.0,9992505.0,1597.0,-4261.0,-1597.0,21300000.0,55330000.0,100274000.0,idle
126592,35914.0,-4788.0,9993702.0,532.0,-3728.0,-1597.0,21300000.0,55330000.0,100274000.0,idle
126602,35914.0,-4788.0,9993702.0,532.0,-3728.0,-1597.0,21300000.0,55330000.0,100274000.0,idle
126612,33519.0,0.0,9994899.0,532.0,-4793.0,-2130.0,21300000.0,55330000.0,100274000.0,idle
126622,11971.0,2394.0,9994899.0,-532.0,-3195.0,-2130.0,21300000.0,55330000.0,100274000.0,idle
126632,19154.0,-7182.0,9975745.0,0.0,-2663.0,-2663.0,21300000.0,55330000.0,100274000.0,idle
126642,27534.0,-16759.0,9997294.0,532.0,-3728.0,-2663.0,21300000.0,55330000.0,100274000.0,idle
126652,34716.0,-7182.0,10010462.0,532.0,-4261.0,-1597.0,21300000.0,55330000.0,100274000.0,idle
126662,17957.0,-8379.0,9997294.0,532.0,-4793.0,-2130.0,21300000.0,55330000.0,100274000.0,idle
126672,40702.0,5985.0,9999688.0,1597.0,-4261.0,-2130.0,21300000.0,55330000.0,100274000.0,idle
126682,25139.0,-1197.0,10014054.0,532.0,-3728.0,-2130.0,21300000.0,55330000.0,100274000.0,idle
126693,8379.0,-7182.0,9999688.0,-532.0,-2663.0,-2663.0,21300000.0,55330000.0,100274000.0,idle
126702,37111.0,0.0,9972154.0,0.0,-4261.0,-1597.0,21300000.0,55330000.0,100274000.0,idle
126712,50279.0,-2394.0,10002082.0,0.0,-3728.0,-2663.0,21300000.0,55330000.0,100274000.0,idle
126722,26337.0,9577.0,10008068.0,-532.0,-4261.0,-2130.0,21300000.0,55330000.0,100274000.0,idle
126732,31125.0,-2394.0,9999688.0,-1065.0,-4261.0,-1597.0,21300000.0,55330000.0,100274000.0,idle
126743,23942.0,-4788.0,10015251.0,1065.0,-4793.0,-3195.0,21300000.0,55330000.0,100274000.0,idle
126752,32322.0,-5985.0,9997294.0,532.0,-4261.0,-3195.0,21300000.0,55330000.0,100274000.0,idle
126762,20351.0,-4788.0,9996096.0,0.0,-3728.0,-1597.0,21300000.0,55330000.0,100274000.0,idle
126772,38308.0,3591.0,9981731.0,532.0,-4261.0,-2130.0,21300000.0,55330000.0,100274000.0,idle
126782,47885.0,-4788.0,9999688.0,-532.0,-5326.0,-1065.0,21300000.0,55330000.0,100274000.0,idle
126793,37111.0,-2394.0,10010462.0,-1065.0,-4261.0,-1597.0,21300000.0,55330000.0,100274000.0,idle
126802,15562.0,-9577.0,10014054.0,532.0,-3728.0,-2130.0,21300000.0,55330000.0,100274000.0,idle
126812,21548.0,-14365.0,10023631.0,532.0,-3728.0,-2130.0,21300000.0,55330000.0,100274000.0,idle
126822,13168.0,-13168.0,10002082.0,0.0,-3728.0,-3195.0,21300000.0,55330000.0,100274000.0,idle
126832,27534.0,-5985.0,9997294.0,0.0,-4793.0,-1597.0,21300000.0,55330000.0,100274000.0,idle
126843,23942.0,-3591.0,9988914.0,1065.0,-3728.0,-1597.0,21300000.0,55330000.0,100274000.0,idle
126852,22745.0,0.0,10005674.0,-532.0,-2663.0,-1597.0,21300000.0,55330000.0,100274000.0,idle
126862,39505.0,-22745.0,9975745.0,-532.0,-3195.0,-2663.0,21300000.0,55330000.0,100274000.0,idle
126873,47885.0,-4788.0,10023631.0,0.0,-3195.0,-2130.0,21300000.0,55330000.0,100274000.0,idle
126883,8379.0,-8379.0,9993702.0,-532.0,-3195.0,-2663.0,21300000.0,55330000.0,100274000.0,idle
126893,31125.0,-10774.0,9997294.0,0.0,-3195.0,-2663.0,21300000.0,55330000.0,100274000.0,idle
126903,43096.0,-8379.0,10010462.0,-1597.0,-3728.0,-1597.0,21300000.0,55330000.0,100274000.0,idle
126913,26337.0,-8379.0,9991308.0,-1065.0,-3195.0,-2130.0,21300000.0,55330000.0,100274000.0,idle
126923,38308.0,5985.0,9998491.0,-1065.0,-3728.0,-1597.0,21300000.0,55330000.0,100274000.0,idle
126933,40702.0,-1197.0,9997294.0,532.0,-4793.0,-2130.0,21300000.0,55330000.0,100274000.0,idle
126943,27534.0,-13168.0,9992505.0,0.0,-3728.0,-2663.0,21300000.0,55330000.0,100274000.0,idle
126953,26337.0,-10774.0,9999688.0,-532.0,-3728.0,-1597.0,21300000.0,55330000.0,100274000.0,idle
126963,34716.0,0.0,9988914.0,-532.0,-4793.0,-1065.0,21300000.0,55330000.0,100274000.0,idle
126973,39505.0,16759.0,10015251.0,-532.0,-4793.0,-2130.0,21300000.0,55330000.0,100274000.0,idle
126983,22745.0,-4788.0,9998491.0,0.0,-4793.0,-2130.0,21300000.0,55330000.0,100274000.0,idle
126993,14365.0,-3591.0,9986519.0,1065.0,-4793.0,-2663.0,21300000.0,55330000.0,100274000.0,idle
127003,31125.0,-7182.0,9991308.0,-532.0,-3195.0,-2663.0,21300000.0,55330000.0,100274000.0,idle
127013,27534.0,-10774.0,9986519.0,-1597.0,-4261.0,-2663.0,21300000.0,55330000.0,100274000.0,idle
127023,38308.0,-7182.0,10009265.0,-1597.0,-4261.0,-1597.0,21300000.0,55330000.0,100274000.0,idle
127033,25139.0,-14365.0,9987717.0,-532.0,-3728.0,-2130.0,21300000.0,55330000.0,100274000.0,idle
127043,40702.0,-7182.0,9994899.0,0.0,-4261.0,-2663.0,21300000.0,55330000.0,100274000.0,idle
127053,28731.0,-1197.0,9991308.0,532.0,-2663.0,-2130.0,21300000.0,55330000.0,100274000.0,idle
127063,21548.0,-1197.0,9997294.0,-532.0,-3195.0,-3195.0,21300000.0,55330000.0,100274000.0,idle
127073,25139.0,3591.0,10004476.0,-1065.0,-4261.0,-1597.0,21300000.0,55330000.0,100274000.0,idle
127083,35914.0,-8379.0,10012856.0,0.0,-3728.0,-1597.0,21300000.0,55330000.0,100274000.0,idle
127093,41899.0,-7182.0,9991308.0,-532.0,-3728.0,-2130.0,21300000.0,55330000.0,100274000.0,idle
127103,21548.0,3591.0,9982928.0,-532.0,-3728.0,-2663.0,21300000.0,55330000.0,100274000.0,idle
127113,28731.0,7182.0,9985322.0,0.0,-4793.0,-2663.0,21300000.0,55330000.0,100274000.0,idle
127123,41899.0,-5985.0,10006871.0,0.0,-4793.0,-1597.0,21300000.0,55330000.0,100274000.0,idle
127133,20351.0,-3591.0,10003279.0,-1065.0,-4261.0,-1065.0,21300000.0,55330000.0,100274000.0,idle
127143,27534.0,0.0,10010462.0,532.0,-3728.0,-2663.0,21300000.0,55330000.0,100274000.0,idle
127153,23942.0,-7182.0,9979337.0,-532.0,-3195.0,-1597.0,21300000.0,55330000.0,100274000.0,idle
127163,32322.0,-13168.0,9994899.0,0.0,-3195.0,-1597.0,21300000.0,55330000.0,100274000.0,idle
127173,19154.0,7182.0,9980534.0,2130.0,-3728.0,-1597.0,21300000.0,55330000.0,100274000.0,idle
127183,32322.0,-1197.0,10008068.0,0.0,-4261.0,-532.0,21300000.0,55330000.0,100274000.0,idle
127193,39505.0,-10774.0,9997294.0,0.0,-4261.0,-532.0,21300000.0,55330000.0,100274000.0,idle
127203,29928.0,-15562.0,9997294.0,532.0,-3728.0,-1597.0,21300000.0,55330000.0,100274000.0,idle
127213,19154.0,-8379.0,9980534.0,0.0,-4261.0,-2130.0,21300000.0,55287000.0,100278000.0,idle
127223,32322.0,-13168.0,10000885.0,1065.0,-5326.0,-2663.0,21300000.0,55287000.0,100278000.0,idle
127233,47885.0,7182.0,10024828.0,1065.0,-4261.0,-3195.0,21300000.0,55287000.0,100278000.0,idle
127243,16759.0,9577.0,10002082.0,-532.0,-3728.0,-1065.0,21300000.0,55287000.0,100278000.0,idle
127253,32322.0,1197.0,10005674.0,0.0,-3728.0,-2130.0,21300000.0,55287000.0,100278000.0,idle
127263,45491.0,-4788.0,9972154.0,1065.0,-3728.0,-2663.0,21300000.0,55287000.0,100278000.0,idle
127273,41899.0,-4788.0,9997294.0,532.0,-4261.0,-2663.0,21300000.0,55287000.0,100278000.0,idle
127283,21548.0,-5985.0,10011659.0,0.0,-3195.0,-2130.0,21300000.0,55287000.0,100278000.0,idle
127293,27534.0,3591.0,10023631.0,0.0,-4261.0,-1065.0,21300000.0,55287000.0,100278000.0,idle
127303,31125.0,-17957.0,10004476.0,-532.0,-3728.0,-1597.0,21300000.0,55287000.0,100278000.0,idle
127313,10774.0,-13168.0,9992505.0,0.0,-4793.0,-2663.0,21300000.0,55287000.0,100278000.0,idle
127323,22745.0,5985.0,9988914.0,-1597.0,-3728.0,-1597.0,21300000.0,55287000.0,100278000.0,idle
127333,41899.0,0.0,9982928.0,-1065.0,-3728.0,-1065.0,21300000.0,55287000.0,100278000.0,idle
127344,49082.0,3591.0,10014054.0,-532.0,-5326.0,-2130.0,21300000.0,55287000.0,100278000.0,idle
127353,23942.0,-9577.0,10002082.0,-532.0,-5326.0,-2663.0,21300000.0,55287000.0,100278000.0,idle
127363,17957.0,8379.0,9998491.0,532.0,-4261.0,-1597.0,21300000.0,55287000.0,100278000.0,idle
127373,41899.0,3591.0,9981731.0,-532.0,-5859.0,-532.0,21300000.0,55287000.0,100278000.0,idle
127383,28731.0,-4788.0,10021236.0,0.0,-6924.0,-1597.0,21300000.0,55287000.0,100278000.0,idle
127393,23942.0,-2394.0,9994899.0,532.0,-3728.0,-1597.0,21300000.0,55287000.0,100278000.0,idle
127403,37111.0,2394.0,9988914.0,-1597.0,-3195.0,-1065.0,21300000.0,55287000.0,100278000.0,idle
127413,26337.0,1197.0,9996096.0,-1597.0,-3195.0,-2130.0,21300000.0,55287000.0,100278000.0,idle
127423,20351.0,1197.0,9987717.0,-532.0,-4261.0,-2663.0,21300000.0,55287000.0,100278000.0,idle
127433,43096.0,-5985.0,10008068.0,1065.0,-4261.0,-3195.0,21300000.0,55287000.0,100278000.0,idle
127443,22745.0,-16759.0,9990111.0,-1597.0,-3728.0,-2663.0,21300000.0,55287000.0,100278000.0,idle
127453,47885.0,-5985.0,10018842.0,0.0,-4261.0,-1065.0,21300000.0,55287000.0,100278000.0,idle
127463,44294.0,-9577.0,9985322.0,-532.0,-5326.0,0.0,21300000.0,55287000.0,100278000.0,idle
127474,26337.0,0.0,9985322.0,0.0,-4261.0,-2130.0,21300000.0,55287000.0,100278000.0,idle
127484,26337.0,-7182.0,9981731.0,-1597.0,-4793.0,-3195.0,21300000.0,55287000.0,100278000.0,idle
127494,27534.0,-14365.0,10017645.0,532.0,-4261.0,-3195.0,21300000.0,55287000.0,100278000.0,idle
127504,23942.0,-7182.0,9980534.0,2130.0,-3195.0,-1597.0,21300000.0,55287000.0,100278000.0,idle
127514,25139.0,13168.0,9996096.0,-532.0,-4261.0,0.0,21300000.0,55287000.0,100278000.0,idle
127524,39505.0,-9577.0,9974548.0,-532.0,-3728.0,-1065.0,21300000.0,55287000.0,100278000.0,idle
127534,31125.0,2394.0,10017645.0,0.0,-4261.0,-2130.0,21300000.0,55287000.0,100278000.0,idle
127544,29928.0,1197.0,10005674.0,532.0,-3195.0,-1597.0,21300000.0,55287000.0,100278000.0,idle
127554,28731.0,0.0,10005674.0,0.0,-4261.0,-1597.0,21300000.0,55287000.0,100278000.0,idle
127564,26337.0,-9577.0,9993702.0,0.0,-5326.0,-2663.0,21300000.0,55287000.0,100278000.0,idle
127574,26337.0,0.0,9992505.0,1065.0,-5859.0,-1597.0,21300000.0,55287000.0,100278000.0,idle
127584,25139.0,4788.0,9980534.0,1597.0,-3728.0,-1065.0,21300000.0,55287000.0,100278000.0,idle
127594,28731.0,9577.0,10016448.0,0.0,-3195.0,-1065.0,21300000.0,55287000.0,100278000.0,idle
127604,41899.0,-16759.0,9993702.0,-1597.0,-3195.0,-532.0,21300000.0,55287000.0,100278000.0,idle
127614,23942.0,-19154.0,10002082.0,532.0,-3195.0,-1597.0,21300000.0,55287000.0,100278000.0,idle
127624,28731.0,1197.0,9998491.0,0.0,-3195.0,-1597.0,21300000.0,55287000.0,100278000.0,idle
127634,40702.0,8379.0,9997294.0,-532.0,-3728.0,-1597.0,21300000.0,55287000.0,100278000.0,idle
127644,29928.0,-11971.0,9982928.0,1065.0,-4261.0,-2130.0,21300000.0,55287000.0,100278000.0,idle
127654,23942.0,-3591.0,9986519.0,0.0,-4261.0,-1597.0,21300000.0,55287000.0,100278000.0,idle
127664,27534.0,-5985.0,10010462.0,-532.0,-3195.0,-1597.0,21300000.0,55287000.0,100278000.0,idle
127674,27534.0,-5985.0,10010462.0,-532.0,-3195.0,-1597.0,21300000.0,55287000.0,100278000.0,idle
127684,23942.0,-7182.0,9993702.0,532.0,-3728.0,-3195.0,21300000.0,55287000.0,100278000.0,idle
127694,23942.0,-4788.0,9975745.0,0.0,-4261.0,-2663.0,21300000.0,55287000.0,100278000.0,idle
127704,28731.0,-3591.0,9991308.0,532.0,-4793.0,-2130.0,21300000.0,55287000.0,100278000.0,idle
127714,31125.0,-9577.0,10004476.0,0.0,-3195.0,-2130.0,21300000.0,55287000.0,100278000.0,idle
127724,40702.0,-2394.0,10005674.0,532.0,-3728.0,-2663.0,21300000.0,55287000.0,100278000.0,idle
127734,27534.0,3591.0,9999688.0,-532.0,-4261.0,-1597.0,21300000.0,55287000.0,100278000.0,idle
127744,20351.0,-11971.0,9988914.0,-532.0,-4793.0,-2130.0,21300000.0,55287000.0,100278000.0,idle
127764,37111.0,-3591.0,10009265.0,-1597.0,-2130.0,-3195.0,21300000.0,55287000.0,100278000.0,idle
127774,15562.0,-4788.0,9991308.0,-1597.0,-3195.0,-1597.0,21300000.0,55287000.0,100278000.0,idle
127784,26337.0,-17957.0,9998491.0,0.0,-3728.0,-532.0,21300000.0,55287000.0,100278000.0,idle
127794,38308.0,-7182.0,9997294.0,0.0,-4261.0,-2663.0,21300000.0,55287000.0,100278000.0,idle
127804,25139.0,-10774.0,10008068.0,532.0,-3728.0,-2663.0,21300000.0,55287000.0,100278000.0,idle
127814,23942.0,-10774.0,9994899.0,0.0,-3195.0,-2130.0,21300000.0,55287000.0,100278000.0,idle
127914,34716.0,-9577.0,9982928.0,532.0,-5326.0,-2130.0,21300000.0,55287000.0,100278000.0,idle
127924,25139.0,-3591.0,9990111.0,-532.0,-4261.0,-1597.0,21300000.0,55287000.0,100278000.0,idle
127934,45491.0,-4788.0,10004476.0,532.0,-3728.0,-2130.0,21300000.0,55287000.0,100278000.0,idle
127944,39505.0,-13168.0,9998491.0,532.0,-3195.0,-1597.0,21300000.0,55287000.0,100278000.0,idle
127954,22745.0,3591.0,9996096.0,532.0,-3195.0,-2130.0,21300000.0,55287000.0,100278000.0,idle
127964,45491.0,-4788.0,10004476.0,-532.0,-4793.0,-2130.0,21300000.0,55287000.0,100278000.0,idle
127974,41899.0,-8379.0,10006871.0,532.0,-4793.0,-2663.0,21300000.0,55287000.0,100278000.0,idle
127984,17957.0,8379.0,10023631.0,532.0,-4793.0,-2130.0,21300000.0,55287000.0,100278000.0,idle
127994,11971.0,1197.0,9998491.0,532.0,-4793.0,-2130.0,21300000.0,55287000.0,100278000.0,idle
128004,44294.0,1197.0,9982928.0,0.0,-4261.0,-1597.0,21300000.0,55287000.0,100278000.0,idle
128014,38308.0,-4788.0,9999688.0,0.0,-3195.0,-1065.0,21300000.0,55287000.0,100278000.0,idle
128024,35914.0,-14365.0,10015251.0,532.0,-4793.0,-2130.0,21300000.0,55287000.0,100278000.0,idle
128034,20351.0,-2394.0,10006871.0,1597.0,-4793.0,-1065.0,21300000.0,55287000.0,100278000.0,idle
128045,39505.0,-10774.0,9992505.0,532.0,-3728.0,-2130.0,21300000.0,55287000.0,100278000.0,idle
128054,22745.0,-7182.0,9981731.0,-1065.0,-4261.0,-3195.0,21300000.0,55287000.0,100278000.0,idle
128064,10774.0,1197.0,9991308.0,0.0,-4261.0,-2663.0,21300000.0,55287000.0,100278000.0,idle
128074,38308.0,2394.0,10008068.0,0.0,-3728.0,-2130.0,21300000.0,55287000.0,100278000.0,idle
128084,37111.0,-5985.0,10017645.0,-532.0,-4793.0,-3195.0,21300000.0,55287000.0,100278000.0,idle
128094,16759.0,-7182.0,9992505.0,0.0,-3195.0,-2663.0,21300000.0,55287000.0,100278000.0,idle
128104,33519.0,-8379.0,9990111.0,-1065.0,-2663.0,-1597.0,21300000.0,55287000.0,100278000.0,idle
128114,31125.0,-10774.0,9978139.0,-1065.0,-3728.0,-2130.0,21300000.0,55287000.0,100278000.0,idle
128165,16759.0,-9577.0,10012856.0,-532.0,-3728.0,-1065.0,21300000.0,55287000.0,100278000.0,idle
128175,20351.0,13168.0,9984125.0,0.0,-5326.0,-2130.0,21300000.0,55287000.0,100278000.0,idle
128185,47885.0,9577.0,9991308.0,-532.0,-4261.0,-1597.0,21300000.0,55287000.0,100278000.0,idle
128195,25139.0,1197.0,9991308.0,-1597.0,-2130.0,-2130.0,21300000.0,55287000.0,100278000.0,idle
128205,25139.0,-2394.0,9985322.0,0.0,-3195.0,-1597.0,21300000.0,55287000.0,100278000.0,idle
128215,11971.0,-7182.0,9979337.0,532.0,-5326.0,-2130.0,21290000.0,55240000.0,100274000.0,idle
128225,21548.0,1197.0,9999688.0,532.0,-4261.0,-2130.0,21290000.0,55240000.0,100274000.0,idle
128235,35914.0,-2394.0,10018842.0,1065.0,-5326.0,-2130.0,21290000.0,55240000.0,100274000.0,idle
128245,31125.0,-7182.0,10005674.0,1065.0,-5859.0,-1597.0,21290000.0,55240000.0,100274000.0,idle
128255,14365.0,3591.0,10010462.0,532.0,-3728.0,-2130.0,21290000.0,55240000.0,100274000.0,idle
128265,26337.0,-4788.0,10000885.0,532.0,-3728.0,-1597.0,21290000.0,55240000.0,100274000.0,idle
128275,33519.0,-7182.0,9997294.0,532.0,-5859.0,-2130.0,21290000.0,55240000.0,100274000.0,idle
128285,28731.0,-8379.0,10004476.0,-532.0,-4793.0,-2663.0,21290000.0,55240000.0,100274000.0,idle
128295,29928.0,-2394.0,9992505.0,0.0,-5859.0,-1065.0,21290000.0,55240000.0,100274000.0,idle
128305,38308.0,-2394.0,9980534.0,532.0,-4261.0,-2130.0,21290000.0,55240000.0,100274000.0,idle
128315,22745.0,-4788.0,10008068.0,1065.0,-5326.0,-532.0,21290000.0,55240000.0,100274000.0,idle
128325,20351.0,1197.0,9981731.0,-1065.0,-4793.0,-1597.0,21290000.0,55240000.0,100274000.0,idle
128335,45491.0,-11971.0,10003279.0,0.0,-2663.0,-2130.0,21290000.0,55240000.0,100274000.0,idle
128345,49082.0,-5985.0,10003279.0,1597.0,-2663.0,-2130.0,21290000.0,55240000.0,100274000.0,idle
128355,22745.0,5985.0,10008068.0,1597.0,-3728.0,-1597.0,21290000.0,55240000.0,100274000.0,idle
128365,14365.0,-5985.0,10014054.0,532.0,-3728.0,-1065.0,21290000.0,55240000.0,100274000.0,idle
128375,26337.0,-13168.0,10012856.0,0.0,-4793.0,-1065.0,21290000.0,55240000.0,100274000.0,idle
128385,28731.0,4788.0,9998491.0,-1065.0,-3728.0,-2663.0,21290000.0,55240000.0,100274000.0,idle
128425,16759.0,0.0,10002082.0,-532.0,-3728.0,-2130.0,21290000.0,55240000.0,100274000.0,idle
128435,25139.0,-4788.0,10003279.0,0.0,-3195.0,-2130.0,21290000.0,55240000.0,100274000.0,idle
128445,31125.0,-15562.0,10000885.0,532.0,-3728.0,-2130.0,21290000.0,55240000.0,100274000.0,idle
128455,39505.0,-15562.0,10005674.0,0.0,-4261.0,-1597.0,21290000.0,55240000.0,100274000.0,idle
128465,20351.0,-9577.0,10003279.0,532.0,-3728.0,-2663.0,21290000.0,55240000.0,100274000.0,idle
128475,45491.0,-4788.0,9991308.0,0.0,-3195.0,-2130.0,21290000.0,55240000.0,100274000.0,idle
128485,29928.0,2394.0,10008068.0,-532.0,-3728.0,-1597.0,21290000.0,55240000.0,100274000.0,idle
128495,27534.0,1197.0,10009265.0,0.0,-3728.0,-1597.0,21290000.0,55240000.0,100274000.0,idle
128505,38308.0,2394.0,10003279.0,0.0,-3728.0,-1597.0,21290000.0,55240000.0,100274000.0,idle
128515,17957.0,-20351.0,10008068.0,0.0,-3195.0,-2130.0,21290000.0,55240000.0,100274000.0,idle
128525,11971.0,-2394.0,9993702.0,0.0,-3195.0,-2130.0,21290000.0,55240000.0,100274000.0,idle
128535,32322.0,7182.0,9998491.0,0.0,-3728.0,-2130.0,21290000.0,55240000.0,100274000.0,idle
128546,40702.0,0.0,9996096.0,-532.0,-3728.0,-2130.0,21290000.0,55240000.0,100274000.0,idle
128555,29928.0,-5985.0,10005674.0,-1065.0,-3195.0,-3195.0,21290000.0,55240000.0,100274000.0,idle
128565,11971.0,1197.0,10008068.0,532.0,-3728.0,-2130.0,21290000.0,55240000.0,100274000.0,idle
128575,26337.0,-19154.0,10016448.0,1065.0,-3195.0,-2130.0,21290000.0,55240000.0,100274000.0,idle
128585,31125.0,-14365.0,9997294.0,0.0,-3728.0,-1065.0,21290000.0,55240000.0,100274000.0,idle
128596,20351.0,-11971.0,9990111.0,0.0,-2663.0,-1065.0,21290000.0,55240000.0,100274000.0,idle
128605,31125.0,-10774.0,9993702.0,0.0,-3195.0,-1597.0,21290000.0,55240000.0,100274000.0,idle
128615,33519.0,-10774.0,9992505.0,1065.0,-3195.0,-3195.0,21290000.0,55240000.0,100274000.0,idle
128625,25139.0,-8379.0,10008068.0,532.0,-4793.0,-1597.0,21290000.0,55240000.0,100274000.0,idle
128635,20351.0,-7182.0,9999688.0,-532.0,-3728.0,-2130.0,21290000.0,55240000.0,100274000.0,idle
128645,20351.0,-7182.0,9991308.0,532.0,-4261.0,-1597.0,21290000.0,55240000.0,100274000.0,idle
128655,28731.0,10774.0,9988914.0,532.0,-2663.0,-1597.0,21290000.0,55240000.0,100274000.0,idle
128665,20351.0,-5985.0,9987717.0,-532.0,-4261.0,-3195.0,21290000.0,55240000.0,100274000.0,idle
128675,22745.0,0.0,10009265.0,1065.0,-3195.0,-2130.0,21290000.0,55240000.0,100274000.0,idle
128685,26337.0,-3591.0,9990111.0,532.0,-4261.0,-2130.0,21290000.0,55240000.0,100274000.0,idle
128696,17957.0,3591.0,9976942.0,-1065.0,-4261.0,-1597.0,21290000.0,55240000.0,100274000.0,idle
128705,8379.0,0.0,9999688.0,1065.0,-4261.0,-2130.0,21290000.0,55240000.0,100274000.0,idle
128715,27534.0,-1197.0,9984125.0,-532.0,-3728.0,-2663.0,21290000.0,55240000.0,100274000.0,idle
128725,20351.0,-5985.0,9982928.0,-1065.0,-2663.0,-2130.0,21290000.0,55240000.0,100274000.0,idle
128735,20351.0,-5985.0,9982928.0,-1065.0,-2663.0,-2130.0,21290000.0,55240000.0,100274000.0,idle
128746,27534.0,-11971.0,9992505.0,0.0,-3195.0,-2130.0,21290000.0,55240000.0,100274000.0,idle
128756,34716.0,-4788.0,9994899.0,0.0,-4261.0,-1597.0,21290000.0,55240000.0,100274000.0,idle
128766,17957.0,0.0,10011659.0,-532.0,-4261.0,-2130.0,21290000.0,55240000.0,100274000.0,idle
128776,23942.0,0.0,9998491.0,0.0,-4261.0,-1597.0,21290000.0,55240000.0,100274000.0,idle
128786,27534.0,-13168.0,10014054.0,532.0,-4261.0,-2130.0,21290000.0,55240000.0,100274000.0,idle
128796,20351.0,-2394.0,10009265.0,1065.0,-5326.0,-1597.0,21290000.0,55240000.0,100274000.0,idle
128806,26337.0,-1197.0,10014054.0,532.0,-3728.0,-1597.0,21290000.0,55240000.0,100274000.0,idle
128816,31125.0,-16759.0,10000885.0,-532.0,-3195.0,-532.0,21290000.0,55240000.0,100274000.0,idle
128826,14365.0,-20351.0,9991308.0,-532.0,-4261.0,-2130.0,21290000.0,55240000.0,100274000.0,idle
128836,45491.0,-14365.0,10000885.0,0.0,-4793.0,-3195.0,21290000.0,55240000.0,100274000.0,idle
128846,40702.0,-7182.0,10015251.0,532.0,-3195.0,-1597.0,21290000.0,55240000.0,100274000.0,idle
128856,16759.0,1197.0,10022434.0,0.0,-3195.0,-1597.0,21290000.0,55240000.0,100274000.0,idle
128866,29928.0,0.0,9987717.0,1065.0,-5326.0,-1065.0,21290000.0,55240000.0,100274000.0,idle
128876,39505.0,5985.0,9990111.0,0.0,-4793.0,-1065.0,21290000.0,55240000.0,100274000.0,idle
128886,22745.0,-5985.0,10002082.0,1065.0,-3728.0,-2130.0,21290000.0,55240000.0,100274000.0,idle
128896,22745.0,2394.0,10005674.0,1065.0,-4261.0,-1597.0,21290000.0,55240000.0,100274000.0,idle
128906,33519.0,-3591.0,10003279.0,-2130.0,-3195.0,-3195.0,21290000.0,55240000.0,100274000.0,idle
128916,21548.0,0.0,9975745.0,-532.0,-4261.0,-3195.0,21290000.0,55240000.0,100274000.0,idle
128926,39505.0,-2394.0,9982928.0,1065.0,-5326.0,-2130.0,21290000.0,55240000.0,100274000.0,idle
128936,38308.0,-5985.0,9982928.0,0.0,-4261.0,-2663.0,21290000.0,55240000.0,100274000.0,idle
128946,34716.0,5985.0,9993702.0,532.0,-4261.0,-3195.0,21290000.0,55240000.0,100274000.0,idle
128956,20351.0,-5985.0,10002082.0,-1065.0,-3195.0,-2130.0,21290000.0,55240000.0,100274000.0,idle
128966,37111.0,0.0,9997294.0,-532.0,-4261.0,-1597.0,21290000.0,55240000.0,100274000.0,idle
128976,34716.0,-10774.0,10010462.0,0.0,-4261.0,-2130.0,21290000.0,55240000.0,100274000.0,idle
128986,22745.0,-8379.0,10008068.0,0.0,-4261.0,-2130.0,21290000.0,55240000.0,100274000.0,idle
128996,20351.0,3591.0,9996096.0,1065.0,-4261.0,-2663.0,21290000.0,55240000.0,100274000.0,idle
129006,33519.0,7182.0,10004476.0,1065.0,-3728.0,-2130.0,21290000.0,55240000.0,100274000.0,idle
129016,40702.0,-5985.0,10012856.0,-532.0,-3728.0,-2130.0,21290000.0,55240000.0,100274000.0,idle
129026,14365.0,9577.0,10012856.0,0.0,-4261.0,-2663.0,21290000.0,55240000.0,100274000.0,idle
129036,20351.0,-9577.0,9998491.0,532.0,-3728.0,-3728.0,21290000.0,55240000.0,100274000.0,idle
129046,51476.0,-8379.0,9997294.0,-532.0,-4261.0,-2130.0,21290000.0,55240000.0,100274000.0,idle
129056,29928.0,-14365.0,10006871.0,0.0,-4793.0,-532.0,21290000.0,55240000.0,100274000.0,idle
129066,10774.0,-14365.0,9985322.0,0.0,-4793.0,-3195.0,21290000.0,55240000.0,100274000.0,idle
129076,40702.0,4788.0,10004476.0,-532.0,-4793.0,-3195.0,21290000.0,55240000.0,100274000.0,idle
129086,26337.0,13168.0,10012856.0,532.0,-4261.0,-1065.0,21290000.0,55240000.0,100274000.0,idle
129096,9577.0,4788.0,9998491.0,-1597.0,-3728.0,-3195.0,21290000.0,55240000.0,100274000.0,idle
129106,27534.0,-9577.0,9993702.0,-532.0,-3728.0,-3728.0,21290000.0,55240000.0,100274000.0,idle
129116,19154.0,-15562.0,10005674.0,0.0,-4793.0,-2130.0,21290000.0,55240000.0,100274000.0,idle
129126,11971.0,-5985.0,10005674.0,532.0,-3728.0,-3195.0,21290000.0,55240000.0,100274000.0,idle
129136,23942.0,0.0,9996096.0,0.0,-3728.0,-3195.0,21290000.0,55240000.0,100274000.0,idle
129146,37111.0,8379.0,10015251.0,0.0,-2130.0,-2130.0,21290000.0,55240000.0,100274000.0,idle
129156,34716.0,4788.0,10005674.0,532.0,-3728.0,-1065.0,21290000.0,55240000.0,100274000.0,idle
129166,40702.0,-8379.0,9997294.0,-1065.0,-3728.0,-1065.0,21290000.0,55240000.0,100274000.0,idle
129176,16759.0,-9577.0,9988914.0,0.0,-3728.0,-2130.0,21290000.0,55240000.0,100274000.0,idle
129216,25139.0,-7182.0,10003279.0,-532.0,-3728.0,-1065.0,21280000.0,55175000.0,100278000.0,idle
129226,37111.0,-2394.0,10003279.0,-1065.0,-3728.0,-2663.0,21280000.0,55175000.0,100278000.0,idle
129236,40702.0,0.0,9984125.0,532.0,-4261.0,-2663.0,21280000.0,55175000.0,100278000.0,idle
129246,22745.0,-15562.0,9997294.0,-532.0,-4261.0,-1065.0,21280000.0,55175000.0,100278000.0,idle
129256,41899.0,-9577.0,9997294.0,-1065.0,-4261.0,-2130.0,21280000.0,55175000.0,100278000.0,idle
129266,41899.0,-13168.0,9996096.0,-532.0,-4261.0,-2130.0,21280000.0,55175000.0,100278000.0,idle
129276,19154.0,-8379.0,10002082.0,532.0,-4261.0,-2663.0,21280000.0,55175000.0,100278000.0,idle
129286,14365.0,-4788.0,9997294.0,-1065.0,-4261.0,-2663.0,21280000.0,55175000.0,100278000.0,idle
129297,38308.0,-10774.0,10002082.0,-532.0,-4793.0,-1065.0,21280000.0,55175000.0,100278000.0,idle
129306,19154.0,1197.0,10015251.0,0.0,-2663.0,-2663.0,21280000.0,55175000.0,100278000.0,idle
129316,15562.0,17957.0,10010462.0,-1065.0,-3195.0,-2663.0,21280000.0,55175000.0,100278000.0,idle
129326,41899.0,-2394.0,10003279.0,-1065.0,-5326.0,-3728.0,21280000.0,55175000.0,100278000.0,idle
129336,34716.0,-4788.0,9998491.0,0.0,-3728.0,-3195.0,21280000.0,55175000.0,100278000.0,idle
129347,21548.0,-4788.0,9990111.0,0.0,-2130.0,-532.0,21280000.0,55175000.0,100278000.0,idle
129356,19154.0,-4788.0,9986519.0,532.0,-3195.0,-1065.0,21280000.0,55175000.0,100278000.0,idle
129367,25139.0,-3591.0,10023631.0,532.0,-4793.0,-1597.0,21280000.0,55175000.0,100278000.0,idle
129377,26337.0,1197.0,10015251.0,0.0,-3728.0,-1597.0,21280000.0,55175000.0,100278000.0,idle
129387,33519.0,2394.0,10002082.0,-1065.0,-2663.0,-2663.0,21280000.0,55175000.0,100278000.0,idle
129397,11971.0,-20351.0,9994899.0,0.0,-4793.0,-1065.0,21280000.0,55175000.0,100278000.0,idle
129407,28731.0,-5985.0,9982928.0,0.0,-4793.0,-532.0,21280000.0,55175000.0,100278000.0,idle
129417,31125.0,9577.0,9999688.0,-532.0,-4261.0,-3195.0,21280000.0,55175000.0,100278000.0,idle
129427,25139.0,-9577.0,9999688.0,532.0,-4261.0,-2663.0,21280000.0,55175000.0,100278000.0,idle
129437,39505.0,-3591.0,10023631.0,0.0,-3195.0,-2130.0,21280000.0,55175000.0,100278000.0,idle
129447,38308.0,10774.0,9986519.0,-532.0,-3728.0,-2130.0,21280000.0,55175000.0,100278000.0,idle
129457,32322.0,-8379.0,9985322.0,-1065.0,-4261.0,-1597.0,21280000.0,55175000.0,100278000.0,idle
129467,23942.0,-13168.0,9987717.0,0.0,-3728.0,-1065.0,21280000.0,55175000.0,100278000.0,idle
129477,25139.0,-9577.0,9988914.0,0.0,-3728.0,-2130.0,21280000.0,55175000.0,100278000.0,idle
129487,26337.0,-7182.0,10009265.0,-532.0,-3728.0,-2663.0,21280000.0,55175000.0,100278000.0,idle
129497,19154.0,0.0,9979337.0,532.0,-4261.0,-3195.0,21280000.0,55175000.0,100278000.0,idle
129507,10774.0,-3591.0,9999688.0,-1065.0,-2663.0,-2663.0,21280000.0,55175000.0,100278000.0,idle
129517,20351.0,3591.0,9999688.0,532.0,-4261.0,-2130.0,21280000.0,55175000.0,100278000.0,idle
129527,32322.0,-10774.0,10009265.0,532.0,-4261.0,-1065.0,21280000.0,55175000.0,100278000.0,idle
129537,17957.0,-2394.0,10008068.0,532.0,-4261.0,-2130.0,21280000.0,55175000.0,100278000.0,idle
129547,32322.0,0.0,9990111.0,0.0,-4261.0,-2130.0,21280000.0,55175000.0,100278000.0,idle
129557,33519.0,-3591.0,9996096.0,-1065.0,-5326.0,-2663.0,21280000.0,55175000.0,100278000.0,idle
129567,34716.0,-7182.0,9994899.0,0.0,-3728.0,-2663.0,21280000.0,55175000.0,100278000.0,idle
129577,15562.0,7182.0,9991308.0,0.0,-3195.0,-1597.0,21280000.0,55175000.0,100278000.0,idle
129587,28731.0,-4788.0,10010462.0,532.0,-4793.0,-2130.0,21280000.0,55175000.0,100278000.0,idle
129597,23942.0,-15562.0,10018842.0,0.0,-5326.0,-2130.0,21280000.0,55175000.0,100278000.0,idle
129607,44294.0,-9577.0,9999688.0,-1065.0,-5859.0,-1597.0,21280000.0,55175000.0,100278000.0,idle
129617,33519.0,13168.0,9982928.0,-1065.0,-3728.0,-1597.0,21280000.0,55175000.0,100278000.0,idle
129627,14365.0,7182.0,10008068.0,0.0,-4261.0,-1597.0,21280000.0,55175000.0,100278000.0,idle
129637,40702.0,-2394.0,9999688.0,0.0,-3195.0,-1597.0,21280000.0,55175000.0,100278000.0,idle
129647,33519.0,5985.0,9991308.0,532.0,-2663.0,-1597.0,21280000.0,55175000.0,100278000.0,idle
129657,8379.0,-7182.0,10004476.0,1065.0,-4793.0,-532.0,21280000.0,55175000.0,100278000.0,idle
129667,29928.0,-9577.0,9994899.0,-532.0,-3728.0,-1065.0,21280000.0,55175000.0,100278000.0,idle
129677,28731.0,-3591.0,10012856.0,1597.0,-3195.0,-2130.0,21280000.0,55175000.0,100278000.0,idle
129687,38308.0,2394.0,9999688.0,1065.0,-3728.0,-1597.0,21280000.0,55175000.0,100278000.0,idle
129697,47885.0,9577.0,9997294.0,0.0,-4261.0,-1597.0,21280000.0,55175000.0,100278000.0,idle
129707,29928.0,0.0,10006871.0,0.0,-3728.0,-1065.0,21280000.0,55175000.0,100278000.0,idle
129717,22745.0,8379.0,10012856.0,-532.0,-3195.0,-1597.0,21280000.0,55175000.0,100278000.0,idle
129727,10774.0,-1197.0,10012856.0,-532.0,-3728.0,-2663.0,21280000.0,55175000.0,100278000.0,idle
129737,32322.0,-11971.0,9992505.0,532.0,-4793.0,-1597.0,21280000.0,55175000.0,100278000.0,idle
129747,38308.0,-8379.0,9997294.0,-532.0,-4261.0,-3195.0,21280000.0,55175000.0,100278000.0,idle
129757,37111.0,-3591.0,10004476.0,532.0,-4261.0,-2130.0,21280000.0,55175000.0,100278000.0,idle
129767,21548.0,-1197.0,9994899.0,0.0,-3195.0,-1597.0,21280000.0,55175000.0,100278000.0,idle
129777,29928.0,-15562.0,10003279.0,0.0,-4793.0,-1597.0,21280000.0,55175000.0,100278000.0,idle
129787,39505.0,-15562.0,9994899.0,0.0,-3195.0,-2663.0,21280000.0,55175000.0,100278000.0,idle
129797,39505.0,-15562.0,9994899.0,0.0,-3195.0,-2663.0,21280000.0,55175000.0,100278000.0,idle
129807,27534.0,-9577.0,10008068.0,532.0,-4261.0,-1597.0,21280000.0,55175000.0,100278000.0,idle
129817,33519.0,-4788.0,10006871.0,1065.0,-4793.0,-1597.0,21280000.0,55175000.0,100278000.0,idle
129827,35914.0,-1197.0,9987717.0,532.0,-4261.0,-1597.0,21280000.0,55175000.0,100278000.0,idle
129837,38308.0,0.0,9990111.0,-1065.0,-2130.0,-2663.0,21280000.0,55175000.0,100278000.0,idle
129847,29928.0,4788.0,10004476.0,-532.0,-3195.0,-2663.0,21280000.0,55175000.0,100278000.0,idle
129857,8379.0,-9577.0,10003279.0,532.0,-4261.0,-1597.0,21280000.0,55175000.0,100278000.0,idle
129867,25139.0,-9577.0,9993702.0,-532.0,-3728.0,-1597.0,21280000.0,55175000.0,100278000.0,idle
129877,35914.0,0.0,9991308.0,532.0,-3728.0,-2130.0,21280000.0,55175000.0,100278000.0,idle
129887,23942.0,-1197.0,9982928.0,0.0,-3728.0,-1597.0,21280000.0,55175000.0,100278000.0,idle
129898,27534.0,-2394.0,10005674.0,0.0,-4261.0,-532.0,21280000.0,55175000.0,100278000.0,idle
129907,21548.0,7182.0,9988914.0,0.0,-3728.0,-1597.0,21280000.0,55175000.0,100278000.0,idle
129917,11971.0,-5985.0,9985322.0,-532.0,-4793.0,-2130.0,21280000.0,55175000.0,100278000.0,idle
129927,22745.0,-5985.0,10002082.0,-1065.0,-4261.0,-2663.0,21280000.0,55175000.0,100278000.0,idle
129937,26337.0,-4788.0,9997294.0,-1065.0,-3728.0,-1065.0,21280000.0,55175000.0,100278000.0,idle
129948,39505.0,-1197.0,10016448.0,-532.0,-4793.0,-1065.0,21280000.0,55175000.0,100278000.0,idle
129957,35914.0,-2394.0,10011659.0,0.0,-4793.0,-1065.0,21280000.0,55175000.0,100278000.0,idle
129967,21548.0,-4788.0,9999688.0,532.0,-4261.0,-2663.0,21280000.0,55175000.0,100278000.0,idle
129977,40702.0,-15562.0,9999688.0,0.0,-3195.0,-1065.0,21280000.0,55175000.0,100278000.0,idle
129987,38308.0,-14365.0,9982928.0,-1065.0,-4261.0,-2130.0,21280000.0,55175000.0,100278000.0,idle
129998,28731.0,3591.0,9987717.0,532.0,-4261.0,-1065.0,21280000.0,55175000.0,100278000.0,idle
130008,28731.0,2394.0,9999688.0,-532.0,-3728.0,-1597.0,21280000.0,55175000.0,100278000.0,idle
130018,31125.0,1197.0,9993702.0,-1065.0,-3728.0,-2663.0,21280000.0,55175000.0,100278000.0,idle
130028,40702.0,0.0,10016448.0,0.0,-2663.0,-2663.0,21280000.0,55175000.0,100278000.0,idle
130038,38308.0,-2394.0,9984125.0,0.0,-4261.0,-2130.0,21280000.0,55175000.0,100278000.0,idle
130048,31125.0,8379.0,9986519.0,-1065.0,-4261.0,-2663.0,21280000.0,55175000.0,100278000.0,idle
130058,35914.0,5985.0,9987717.0,-532.0,-4793.0,-2130.0,21280000.0,55175000.0,100278000.0,idle
130068,28731.0,5985.0,9996096.0,-532.0,-4261.0,-532.0,21280000.0,55175000.0,100278000.0,idle
130078,14365.0,-1197.0,9992505.0,-1065.0,-5326.0,-2663.0,21280000.0,55175000.0,100278000.0,idle
130088,11971.0,1197.0,9988914.0,-2130.0,-3728.0,-2663.0,21280000.0,55175000.0,100278000.0,idle
130098,39505.0,-13168.0,9998491.0,-532.0,-4261.0,-1597.0,21280000.0,55175000.0,100278000.0,idle
130108,34716.0,-3591.0,9992505.0,-1065.0,-4261.0,-2663.0,21280000.0,55175000.0,100278000.0,idle
130118,35914.0,10774.0,9991308.0,-532.0,-3195.0,-2663.0,21280000.0,55175000.0,100278000.0,idle
130128,39505.0,-1197.0,9993702.0,532.0,-5859.0,-2663.0,21280000.0,55175000.0,100278000.0,idle
130138,34716.0,-2394.0,10016448.0,2130.0,-3728.0,-1597.0,21280000.0,55175000.0,100278000.0,idle
130148,19154.0,3591.0,9999688.0,1597.0,-4793.0,-1597.0,21280000.0,55175000.0,100278000.0,idle
130158,23942.0,-11971.0,9996096.0,0.0,-4793.0,-2130.0,21280000.0,55175000.0,100278000.0,idle
130168,21548.0,-22745.0,9986519.0,-532.0,-2663.0,-1597.0,21280000.0,55175000.0,100278000.0,idle
130178,33519.0,-4788.0,9992505.0,532.0,-3195.0,-2130.0,21280000.0,55175000.0,100278000.0,idle
130188,25139.0,7182.0,9996096.0,0.0,-4261.0,-2130.0,21280000.0,55175000.0,100278000.0,idle
130198,35914.0,8379.0,10004476.0,532.0,-3728.0,-1597.0,21280000.0,55175000.0,100278000.0,idle
130208,39505.0,-11971.0,9999688.0,532.0,-3195.0,-1597.0,21280000.0,55175000.0,100278000.0,idle
130218,9577.0,-5985.0,9998491.0,1065.0,-3728.0,-532.0,21280000.0,55125000.0,100278000.0,idle
130228,25139.0,7182.0,10011659.0,0.0,-3195.0,-2663.0,21280000.0,55125000.0,100278000.0,idle
130238,55068.0,-10774.0,10008068.0,-532.0,-4261.0,-3195.0,21280000.0,55125000.0,100278000.0,idle
130248,47885.0,-15562.0,10009265.0,532.0,-3728.0,-2663.0,21280000.0,55125000.0,100278000.0,idle
130258,28731.0,0.0,9990111.0,-532.0,-3728.0,-2663.0,21280000.0,55125000.0,100278000.0,idle
130268,44294.0,4788.0,9986519.0,0.0,-4793.0,-1597.0,21280000.0,55125000.0,100278000.0,idle
130278,29928.0,2394.0,10008068.0,-532.0,-3728.0,-4261.0,21280000.0,55125000.0,100278000.0,idle
130288,17957.0,-8379.0,10012856.0,0.0,-3195.0,-3728.0,21280000.0,55125000.0,100278000.0,idle
130298,39505.0,-17957.0,9988914.0,1065.0,-4261.0,-3195.0,21280000.0,55125000.0,100278000.0,idle
130368,19154.0,-10774.0,10011659.0,532.0,-3728.0,-1597.0,21280000.0,55125000.0,100278000.0,idle
130378,26337.0,-7182.0,10021236.0,-532.0,-3195.0,-1597.0,21280000.0,55125000.0,100278000.0,idle
130388,32322.0,-10774.0,10011659.0,-532.0,-3728.0,-2130.0,21280000.0,55125000.0,100278000.0,idle
130398,22745.0,0.0,10004476.0,-1065.0,-2663.0,-1065.0,21280000.0,55125000.0,100278000.0,idle
130408,22745.0,-4788.0,9994899.0,-532.0,-4261.0,-532.0,21280000.0,55125000.0,100278000.0,idle
130418,26337.0,-5985.0,10002082.0,1065.0,-3728.0,-2663.0,21280000.0,55125000.0,100278000.0,idle
130428,39505.0,3591.0,10003279.0,-532.0,-4793.0,-2130.0,21280000.0,55125000.0,100278000.0,idle
130438,25139.0,11971.0,10002082.0,532.0,-3195.0,-1065.0,21280000.0,55125000.0,100278000.0,idle
130448,19154.0,-9577.0,9990111.0,0.0,-1597.0,-2130.0,21280000.0,55125000.0,100278000.0,idle
130458,27534.0,-19154.0,10003279.0,-532.0,-3728.0,-2130.0,21280000.0,55125000.0,100278000.0,idle
130468,33519.0,-17957.0,9992505.0,0.0,-4793.0,-1597.0,21280000.0,55125000.0,100278000.0,idle
130478,32322.0,9577.0,10012856.0,0.0,-4261.0,-1597.0,21280000.0,55125000.0,100278000.0,idle
130488,38308.0,-14365.0,9998491.0,0.0,-4261.0,-1597.0,21280000.0,55125000.0,100278000.0,idle
130498,44294.0,-8379.0,10011659.0,0.0,-2663.0,-2130.0,21280000.0,55125000.0,100278000.0,idle
130508,45491.0,13168.0,9997294.0,0.0,-3195.0,-2130.0,21280000.0,55125000.0,100278000.0,idle
130518,34716.0,-2394.0,9985322.0,-532.0,-4261.0,-1597.0,21280000.0,55125000.0,100278000.0,idle
130528,43096.0,5985.0,9991308.0,-532.0,-4261.0,-1597.0,21280000.0,55125000.0,100278000.0,idle
130538,16759.0,-11971.0,9992505.0,1597.0,-4261.0,-2663.0,21280000.0,55125000.0,100278000.0,idle
130549,29928.0,-15562.0,9984125.0,0.0,-5326.0,-2663.0,21280000.0,55125000.0,100278000.0,idle
130558,29928.0,-11971.0,9992505.0,532.0,-3728.0,-2130.0,21280000.0,55125000.0,100278000.0,idle
130568,28731.0,2394.0,10012856.0,0.0,-2663.0,-2663.0,21280000.0,55125000.0,100278000.0,idle
130578,19154.0,0.0,9990111.0,532.0,-4793.0,-1065.0,21280000.0,55125000.0,100278000.0,idle
130588,14365.0,11971.0,9986519.0,1065.0,-5326.0,-532.0,21280000.0,55125000.0,100278000.0,idle
130598,32322.0,0.0,9986519.0,1597.0,-2663.0,-2663.0,21280000.0,55125000.0,100278000.0,idle
130608,39505.0,-3591.0,10002082.0,0.0,-3195.0,-2130.0,21280000.0,55125000.0,100278000.0,idle
130618,33519.0,-1197.0,9973351.0,-532.0,-4261.0,-2130.0,21280000.0,55125000.0,100278000.0,idle
130629,28731.0,-3591.0,10000885.0,1597.0,-3195.0,-2130.0,21280000.0,55125000.0,100278000.0,idle
130639,28731.0,7182.0,10014054.0,532.0,-4261.0,-1065.0,21280000.0,55125000.0,100278000.0,idle
130649,28731.0,0.0,9994899.0,-532.0,-2663.0,-2663.0,21280000.0,55125000.0,100278000.0,idle
130659,34716.0,-5985.0,9985322.0,-532.0,-4793.0,-2663.0,21280000.0,55125000.0,100278000.0,idle
130669,37111.0,-11971.0,9994899.0,0.0,-4261.0,-2663.0,21280000.0,55125000.0,100278000.0,idle
130679,46688.0,-17957.0,9988914.0,532.0,-4793.0,-2130.0,21280000.0,55125000.0,100278000.0,idle
130689,41899.0,-20351.0,10003279.0,532.0,-3195.0,-2130.0,21280000.0,55125000.0,100278000.0,idle
130699,34716.0,-13168.0,10000885.0,532.0,-3728.0,-2130.0,21280000.0,55125000.0,100278000.0,idle
130709,39505.0,-8379.0,10012856.0,-1065.0,-2663.0,-2130.0,21280000.0,55125000.0,100278000.0,idle
130719,33519.0,-10774.0,10008068.0,-532.0,-2663.0,-1597.0,21280000.0,55125000.0,100278000.0,idle
130729,34716.0,0.0,10005674.0,-532.0,-2663.0,-2663.0,21280000.0,55125000.0,100278000.0,idle
130739,14365.0,1197.0,9988914.0,0.0,-4261.0,-2663.0,21280000.0,55125000.0,100278000.0,idle
130829,22745.0,-3591.0,9978139.0,-2130.0,-3728.0,-3195.0,21280000.0,55125000.0,100278000.0,idle
130839,8379.0,-1197.0,9997294.0,532.0,-4793.0,-2663.0,21280000.0,55125000.0,100278000.0,idle
130849,37111.0,4788.0,10003279.0,0.0,-4793.0,-2663.0,21280000.0,55125000.0,100278000.0,idle
130859,37111.0,4788.0,10003279.0,0.0,-4793.0,-2663.0,21280000.0,55125000.0,100278000.0,idle
130869,26337.0,-9577.0,9997294.0,532.0,-4793.0,-2663.0,21280000.0,55125000.0,100278000.0,idle
130879,26337.0,-1197.0,9999688.0,532.0,-3195.0,-3195.0,21280000.0,55125000.0,100278000.0,idle
130889,31125.0,-11971.0,10002082.0,0.0,-3195.0,-2663.0,21280000.0,55125000.0,100278000.0,idle
130899,21548.0,-11971.0,9991308.0,532.0,-3728.0,-2130.0,21280000.0,55125000.0,100278000.0,idle
130909,20351.0,-9577.0,10022434.0,-532.0,-4261.0,-1597.0,21280000.0,55125000.0,100278000.0,idle
130919,22745.0,2394.0,9998491.0,-1065.0,-3728.0,-2663.0,21280000.0,55125000.0,100278000.0,idle
130929,28731.0,9577.0,10010462.0,0.0,-3728.0,-1597.0,21280000.0,55125000.0,100278000.0,idle
130939,26337.0,-3591.0,9969759.0,1065.0,-3728.0,-1597.0,21280000.0,55125000.0,100278000.0,idle
131029,23942.0,-14365.0,10005674.0,-532.0,-3195.0,-2130.0,21280000.0,55125000.0,100278000.0,idle
131039,32322.0,4788.0,9996096.0,-532.0,-3195.0,-2130.0,21280000.0,55125000.0,100278000.0,idle
131049,38308.0,13168.0,9979337.0,1065.0,-4261.0,-1597.0,21280000.0,55125000.0,100278000.0,idle
131059,23942.0,-7182.0,9990111.0,-532.0,-4261.0,-2663.0,21280000.0,55125000.0,100278000.0,idle
131069,39505.0,8379.0,9993702.0,532.0,-3195.0,-2663.0,21280000.0,55125000.0,100278000.0,idle
131079,40702.0,1197.0,10010462.0,0.0,-4261.0,-2130.0,21280000.0,55125000.0,100278000.0,idle
131089,17957.0,1197.0,9985322.0,-1065.0,-4793.0,-2130.0,21280000.0,55125000.0,100278000.0,idle
131099,41899.0,2394.0,10004476.0,532.0,-4261.0,-532.0,21280000.0,55125000.0,100278000.0,idle
131109,22745.0,-16759.0,9985322.0,0.0,-3728.0,-1065.0,21280000.0,55125000.0,100278000.0,idle
131119,15562.0,5985.0,10004476.0,0.0,-4261.0,-2130.0,21280000.0,55125000.0,100278000.0,idle
131129,51476.0,-7182.0,9979337.0,-532.0,-4261.0,-1597.0,21280000.0,55125000.0,100278000.0,idle
131139,28731.0,2394.0,10008068.0,532.0,-3728.0,-1597.0,21280000.0,55125000.0,100278000.0,idle
131149,22745.0,-9577.0,10003279.0,1065.0,-4261.0,-2130.0,21280000.0,55125000.0,100278000.0,idle
131159,40702.0,-11971.0,10011659.0,1065.0,-4793.0,-2663.0,21280000.0,55125000.0,100278000.0,idle
131169,44294.0,-2394.0,9992505.0,0.0,-4793.0,-2663.0,21280000.0,55125000.0,100278000.0,idle
131179,28731.0,-5985.0,9994899.0,-532.0,-3195.0,-2663.0,21280000.0,55125000.0,100278000.0,idle
131189,27534.0,-1197.0,10000885.0,0.0,-4261.0,-1597.0,21280000.0,55125000.0,100278000.0,idle
131199,16759.0,-7182.0,9970957.0,0.0,-4793.0,-2130.0,21280000.0,55125000.0,100278000.0,idle
131210,46688.0,2394.0,10024828.0,-2130.0,-5326.0,-1597.0,21280000.0,55125000.0,100278000.0,idle
131219,27534.0,-7182.0,9993702.0,-532.0,-4261.0,-2130.0,21260000.0,55064000.0,100278000.0,idle
131230,8379.0,-8379.0,10002082.0,-532.0,-5326.0,-2130.0,21260000.0,55064000.0,100278000.0,idle
131239,28731.0,-1197.0,10005674.0,0.0,-4793.0,-2663.0,21260000.0,55064000.0,100278000.0,idle
131250,19154.0,8379.0,9990111.0,-1065.0,-2663.0,-1065.0,21260000.0,55064000.0,100278000.0,idle
131260,14365.0,2394.0,9992505.0,532.0,-3728.0,-2663.0,21260000.0,55064000.0,100278000.0,idle
131270,28731.0,-11971.0,9994899.0,0.0,-5326.0,-2130.0,21260000.0,55064000.0,100278000.0,idle
131280,23942.0,-32322.0,10008068.0,532.0,-3728.0,-2130.0,21260000.0,55064000.0,100278000.0,idle
131290,22745.0,-15562.0,10002082.0,1065.0,-3728.0,-2130.0,21260000.0,55064000.0,100278000.0,idle
131300,35914.0,8379.0,10005674.0,0.0,-3728.0,-2130.0,21260000.0,55064000.0,100278000.0,idle
131310,37111.0,-1197.0,9999688.0,-1065.0,-3728.0,-2663.0,21260000.0,55064000.0,100278000.0,idle
131320,28731.0,-10774.0,10023631.0,-532.0,-4793.0,-3195.0,21260000.0,55064000.0,100278000.0,idle
131330,31125.0,-8379.0,9981731.0,532.0,-3195.0,-1597.0,21260000.0,55064000.0,100278000.0,idle
131340,20351.0,-13168.0,10003279.0,1597.0,-3728.0,-3195.0,21260000.0,55064000.0,100278000.0,idle
131350,29928.0,-8379.0,10017645.0,0.0,-3728.0,-2663.0,21260000.0,55064000.0,100278000.0,idle
131360,28731.0,-4788.0,9992505.0,0.0,-3728.0,-1065.0,21260000.0,55064000.0,100278000.0,idle
131370,28731.0,-4788.0,10000885.0,0.0,-2663.0,-2130.0,21260000.0,55064000.0,100278000.0,idle
131380,21548.0,-5985.0,10017645.0,532.0,-4261.0,-3195.0,21260000.0,55064000.0,100278000.0,idle
131390,39505.0,-7182.0,10018842.0,532.0,-4261.0,-2130.0,21260000.0,55064000.0,100278000.0,idle
131400,20351.0,-7182.0,9991308.0,532.0,-4793.0,-1597.0,21260000.0,55064000.0,100278000.0,idle
131410,28731.0,-11971.0,9988914.0,0.0,-4261.0,-532.0,21260000.0,55064000.0,100278000.0,idle
131420,33519.0,-4788.0,9987717.0,532.0,-3195.0,-532.0,21260000.0,55064000.0,100278000.0,idle
131430,21548.0,3591.0,10000885.0,0.0,-4261.0,-2663.0,21260000.0,55064000.0,100278000.0,idle
131440,23942.0,1197.0,10020039.0,-532.0,-4261.0,-2663.0,21260000.0,55064000.0,100278000.0,idle
131450,16759.0,7182.0,10023631.0,-1065.0,-2663.0,-2663.0,21260000.0,55064000.0,100278000.0,idle
131460,28731.0,-13168.0,9988914.0,1065.0,-3728.0,-2663.0,21260000.0,55064000.0,100278000.0,idle
131470,35914.0,-25139.0,10010462.0,532.0,-4793.0,-1597.0,21260000.0,55064000.0,100278000.0,idle
131480,14365.0,3591.0,10000885.0,0.0,-3195.0,-1065.0,21260000.0,55064000.0,100278000.0,idle
131490,34716.0,-7182.0,9987717.0,0.0,-4793.0,-2130.0,21260000.0,55064000.0,100278000.0,idle
131500,38308.0,-8379.0,9969759.0,0.0,-4793.0,-2663.0,21260000.0,55064000.0,100278000.0,idle
131510,25139.0,-14365.0,10018842.0,532.0,-2663.0,-2663.0,21260000.0,55064000.0,100278000.0,idle
131520,25139.0,-3591.0,10030813.0,-532.0,-2130.0,-3195.0,21260000.0,55064000.0,100278000.0,idle
131530,38308.0,-5985.0,10004476.0,-532.0,-3728.0,-2130.0,21260000.0,55064000.0,100278000.0,idle
131540,39505.0,-5985.0,9998491.0,-532.0,-3195.0,-2663.0,21260000.0,55064000.0,100278000.0,idle
131550,23942.0,-9577.0,9992505.0,-532.0,-2663.0,-532.0,21260000.0,55064000.0,100278000.0,idle
131560,22745.0,-8379.0,9969759.0,532.0,-2130.0,-1597.0,21260000.0,55064000.0,100278000.0,idle
131570,26337.0,-3591.0,9990111.0,0.0,-3728.0,-2663.0,21260000.0,55064000.0,100278000.0,idle
131580,28731.0,-1197.0,9998491.0,-532.0,-4261.0,-2663.0,21260000.0,55064000.0,100278000.0,idle
131590,37111.0,-4788.0,10034405.0,-1597.0,-3728.0,-1065.0,21260000.0,55064000.0,100278000.0,idle
131600,22745.0,1197.0,10022434.0,1065.0,-3195.0,-532.0,21260000.0,55064000.0,100278000.0,idle
131610,32322.0,1197.0,10027222.0,-532.0,-2130.0,-2130.0,21260000.0,55064000.0,100278000.0,idle
131620,37111.0,-8379.0,10022434.0,-532.0,-1065.0,-2663.0,21260000.0,55064000.0,100278000.0,idle
131630,41899.0,-9577.0,9999688.0,-1597.0,-1065.0,-1597.0,21260000.0,55064000.0,100278000.0,idle
131640,25139.0,-3591.0,10012856.0,-1597.0,-1065.0,-1597.0,21260000.0,55064000.0,100278000.0,idle
131650,31125.0,13168.0,10024828.0,-2130.0,0.0,-1597.0,21260000.0,55064000.0,100278000.0,idle
131660,39505.0,-11971.0,10022434.0,-1597.0,1065.0,-1597.0,21260000.0,55064000.0,100278000.0,idle
131670,31125.0,-10774.0,9981731.0,-532.0,532.0,-1597.0,21260000.0,55064000.0,100278000.0,idle
131680,35914.0,-14365.0,9960182.0,-1065.0,-532.0,-2663.0,21260000.0,55064000.0,100278000.0,idle
131690,38308.0,-7182.0,9932648.0,-532.0,-1597.0,-2663.0,21260000.0,55064000.0,100278000.0,idle
131700,-1197.0,-10774.0,9967365.0,0.0,-4261.0,-2130.0,21260000.0,55064000.0,100278000.0,idle
131710,8379.0,3591.0,10003279.0,2130.0,-6391.0,-2130.0,21260000.0,55064000.0,100278000.0,idle
131720,49082.0,-14365.0,10043982.0,532.0,-4793.0,-1597.0,21260000.0,55064000.0,100278000.0,idle
131730,23942.0,-10774.0,10021236.0,0.0,-3728.0,-2663.0,21260000.0,55064000.0,100278000.0,idle
131740,11971.0,-20351.0,9994899.0,-532.0,-4261.0,-2663.0,21260000.0,55064000.0,100278000.0,idle
131750,20351.0,2394.0,9980534.0,0.0,-4261.0,-1597.0,21260000.0,55064000.0,100278000.0,idle
131760,33519.0,-9577.0,9996096.0,1597.0,-5859.0,-532.0,21260000.0,55064000.0,100278000.0,idle
131770,26337.0,4788.0,10009265.0,2130.0,-5326.0,-1597.0,21260000.0,55064000.0,100278000.0,idle
131780,20351.0,-9577.0,10020039.0,532.0,-3728.0,-2663.0,21260000.0,55064000.0,100278000.0,idle
131790,28731.0,7182.0,9992505.0,532.0,-3728.0,-1065.0,21260000.0,55064000.0,100278000.0,idle
131800,35914.0,-9577.0,9950605.0,-1065.0,-3195.0,-2663.0,21260000.0,55064000.0,100278000.0,idle
131810,15562.0,-4788.0,9987717.0,-532.0,-3195.0,-3195.0,21260000.0,55064000.0,100278000.0,idle
131820,5985.0,-1197.0,10045179.0,0.0,-4793.0,-1065.0,21260000.0,55064000.0,100278000.0,idle
131830,21548.0,-9577.0,10018842.0,1065.0,-4793.0,-3195.0,21260000.0,55064000.0,100278000.0,idle
131921,26337.0,4788.0,9972154.0,0.0,-4261.0,-2130.0,21260000.0,55064000.0,100278000.0,idle
131931,25139.0,-3591.0,10015251.0,2130.0,-3728.0,-1597.0,21260000.0,55064000.0,100278000.0,idle
131941,154430.0,28731.0,10018842.0,0.0,-2663.0,-2663.0,21260000.0,55064000.0,100278000.0,idle
131951,362732.0,-112530.0,10190033.0,532.0,-4793.0,-4261.0,21260000.0,55064000.0,100278000.0,idle
131961,-599765.0,99362.0,9775823.0,4261.0,3728.0,-4261.0,21260000.0,55064000.0,100278000.0,idle
131971,-81405.0,22745.0,10106233.0,-4793.0,-4261.0,-1597.0,21260000.0,55064000.0,100278000.0,idle
131981,341184.0,-68236.0,9774626.0,-532.0,-4793.0,-2663.0,21260000.0,55064000.0,100278000.0,idle
131991,-38308.0,0.0,10101445.0,3728.0,-7457.0,-3195.0,21260000.0,55064000.0,100278000.0,idle
132001,-10774.0,33519.0,10122993.0,532.0,-5326.0,-1597.0,21260000.0,55064000.0,100278000.0,idle
132011,93376.0,4788.0,9949408.0,-1597.0,-2130.0,-2663.0,21260000.0,55064000.0,100278000.0,idle
132021,92179.0,-28731.0,10002082.0,-2130.0,-2663.0,-2663.0,21260000.0,55064000.0,100278000.0,idle
132031,-11971.0,45491.0,9869200.0,1065.0,-3195.0,-1065.0,21260000.0,55064000.0,100278000.0,idle
132041,-71828.0,-26337.0,10128979.0,0.0,-6924.0,-532.0,21260000.0,55064000.0,100278000.0,idle
132051,20351.0,-29928.0,9920677.0,1065.0,-5859.0,-1597.0,21260000.0,55064000.0,100278000.0,idle
132061,119713.0,-5985.0,10105036.0,0.0,-3728.0,-1065.0,21260000.0,55064000.0,100278000.0,idle
132071,61054.0,13168.0,9944620.0,-1597.0,-3195.0,-2130.0,21260000.0,55064000.0,100278000.0,idle
132081,-40702.0,7182.0,9917085.0,-532.0,-4261.0,-1597.0,21260000.0,55064000.0,100278000.0,idle
132091,31125.0,2394.0,9975745.0,532.0,-5326.0,-532.0,21260000.0,55064000.0,100278000.0,idle
132101,55068.0,-28731.0,10064333.0,0.0,-4793.0,-2130.0,21260000.0,55064000.0,100278000.0,idle
132111,-9577.0,-11971.0,10088276.0,0.0,-4261.0,-1597.0,21260000.0,55064000.0,100278000.0,idle
132121,35914.0,-7182.0,9947014.0,-1597.0,-3195.0,-1597.0,21260000.0,55064000.0,100278000.0,idle
132131,64645.0,-9577.0,9932648.0,532.0,-4261.0,-3195.0,21260000.0,55064000.0,100278000.0,idle
132141,39505.0,5985.0,10010462.0,1597.0,-6391.0,-2130.0,21260000.0,55064000.0,100278000.0,idle
132151,-41899.0,7182.0,10061939.0,1597.0,-5326.0,-2663.0,21260000.0,55064000.0,100278000.0,idle
132161,-13168.0,-13168.0,10042785.0,-532.0,-4261.0,-1597.0,21260000.0,55064000.0,100278000.0,idle
132171,73025.0,-43096.0,9964971.0,-2130.0,-2663.0,-2130.0,21260000.0,55064000.0,100278000.0,idle
132181,47885.0,-5985.0,9974548.0,532.0,-3195.0,-1597.0,21260000.0,55064000.0,100278000.0,idle
132191,4788.0,8379.0,9966168.0,1597.0,-3728.0,-532.0,21260000.0,55064000.0,100278000.0,idle
132201,47885.0,14365.0,9999688.0,532.0,-4261.0,-1065.0,21260000.0,55064000.0,100278000.0,idle
132211,9577.0,-14365.0,10066728.0,-532.0,-5326.0,-1065.0,21260000.0,55064000.0,100278000.0,idle
132221,-14365.0,-7182.0,10030813.0,-532.0,-2130.0,-2663.0,21240000.0,54980000.0,100272000.0,idle
132231,8379.0,-19154.0,9925465.0,0.0,-2130.0,-2130.0,21240000.0,54980000.0,100272000.0,idle
132241,76616.0,-20351.0,9960182.0,0.0,-4261.0,-3195.0,21240000.0,54980000.0,100272000.0,idle
132251,58659.0,10774.0,10028419.0,532.0,-5326.0,-3195.0,21240000.0,54980000.0,100272000.0,idle
132261,-7182.0,-9577.0,10054756.0,0.0,-4261.0,-532.0,21240000.0,54980000.0,100272000.0,idle
132271,11971.0,-3591.0,9986519.0,-532.0,-2663.0,-1597.0,21240000.0,54980000.0,100272000.0,idle
132281,43096.0,-5985.0,9978139.0,-1065.0,-3728.0,-2663.0,21240000.0,54980000.0,100272000.0,idle
132291,28731.0,-31125.0,10003279.0,-532.0,-4261.0,-2130.0,21240000.0,54980000.0,100272000.0,idle
132301,35914.0,-20351.0,10004476.0,-532.0,-4261.0,-2130.0,21240000.0,54980000.0,100272000.0,idle
132311,64645.0,-3591.0,10027222.0,-1065.0,-3195.0,-2663.0,21240000.0,54980000.0,100272000.0,idle
132321,31125.0,2394.0,10009265.0,532.0,-3195.0,-2663.0,21240000.0,54980000.0,100272000.0,idle
132391,22745.0,-35914.0,9988914.0,0.0,-3728.0,-1597.0,21240000.0,54980000.0,100272000.0,idle
132402,26337.0,-23942.0,9991308.0,0.0,-3728.0,-1065.0,21240000.0,54980000.0,100272000.0,idle
132412,17957.0,-15562.0,10006871.0,1065.0,-2130.0,-532.0,21240000.0,54980000.0,100272000.0,idle
132421,58659.0,-16759.0,10002082.0,1065.0,-4261.0,-1065.0,21240000.0,54980000.0,100272000.0,idle
132431,29928.0,5985.0,10010462.0,-532.0,-3195.0,-1597.0,21240000.0,54980000.0,100272000.0,idle
132441,-9577.0,10774.0,9998491.0,-532.0,-4261.0,-3195.0,21240000.0,54980000.0,100272000.0,idle
132451,17957.0,-2394.0,9986519.0,0.0,-4261.0,-1597.0,21240000.0,54980000.0,100272000.0,idle
132461,51476.0,-7182.0,10009265.0,0.0,-4261.0,-1065.0,21240000.0,54980000.0,100272000.0,idle
132471,38308.0,-27534.0,10004476.0,1065.0,-3195.0,-1597.0,21240000.0,54980000.0,100272000.0,idle
132482,14365.0,-7182.0,9993702.0,1065.0,-2130.0,-2130.0,21240000.0,54980000.0,100272000.0,idle
132491,39505.0,13168.0,9976942.0,-532.0,-4261.0,-2130.0,21240000.0,54980000.0,100272000.0,idle
132502,38308.0,11971.0,10021236.0,532.0,-4793.0,-2130.0,21240000.0,54980000.0,100272000.0,idle
132512,0.0,1197.0,10018842.0,1597.0,-3195.0,-2663.0,21240000.0,54980000.0,100272000.0,idle
132522,29928.0,-1197.0,10057150.0,-532.0,-2663.0,-1597.0,21240000.0,54980000.0,100272000.0,idle
132532,38308.0,-22745.0,9944620.0,-1597.0,-3195.0,-2130.0,21240000.0,54980000.0,100272000.0,idle
132572,51476.0,25139.0,9986519.0,1065.0,-5326.0,-2663.0,21240000.0,54980000.0,100272000.0,idle
132582,55068.0,19154.0,10016448.0,-532.0,-5326.0,-2663.0,21240000.0,54980000.0,100272000.0,idle
132592,4788.0,-33519.0,10022434.0,0.0,-4261.0,-2663.0,21240000.0,54980000.0,100272000.0,idle
132602,-65842.0,-93376.0,10040391.0,0.0,-3195.0,-2663.0,21240000.0,54980000.0,100272000.0,idle
132612,-11971.0,-70631.0,10035602.0,-1065.0,-3728.0,-1065.0,21240000.0,54980000.0,100272000.0,idle
132622,56265.0,9577.0,9990111.0,-2130.0,-3195.0,-532.0,21240000.0,54980000.0,100272000.0,idle
132632,47885.0,80208.0,9958985.0,1065.0,-3195.0,-1597.0,21240000.0,54980000.0,100272000.0,idle
132642,47885.0,73025.0,9975745.0,-532.0,-2663.0,-2130.0,21240000.0,54980000.0,100272000.0,idle
132652,50279.0,-1197.0,9996096.0,-532.0,-5326.0,-2130.0,21240000.0,54980000.0,100272000.0,idle
132662,29928.0,-53871.0,10048771.0,0.0,-4793.0,-2663.0,21240000.0,54980000.0,100272000.0,idle
132672,-19154.0,-39505.0,10017645.0,0.0,-4261.0,-2130.0,21240000.0,54980000.0,100272000.0,idle
132682,-9577.0,-25139.0,9949408.0,-532.0,-3195.0,-2130.0,21240000.0,54980000.0,100272000.0,idle
132692,37111.0,17957.0,9961380.0,-532.0,-3728.0,-2130.0,21240000.0,54980000.0,100272000.0,idle
132702,71828.0,29928.0,9993702.0,1065.0,-6391.0,-1597.0,21240000.0,54980000.0,100272000.0,idle
132712,55068.0,27534.0,10047573.0,1597.0,-5859.0,-1597.0,21240000.0,54980000.0,100272000.0,idle
132722,15562.0,-8379.0,10015251.0,0.0,-3728.0,-1597.0,21240000.0,54980000.0,100272000.0,idle
132732,3591.0,-46688.0,9991308.0,-1597.0,-3728.0,-1597.0,21240000.0,54980000.0,100272000.0,idle
132742,-3591.0,-25139.0,9945817.0,0.0,-3728.0,-1597.0,21240000.0,54980000.0,100272000.0,idle
132752,25139.0,9577.0,9982928.0,0.0,-5326.0,-2663.0,21240000.0,54980000.0,100272000.0,idle
132762,70631.0,31125.0,10004476.0,0.0,-3728.0,-2663.0,21240000.0,54980000.0,100272000.0,idle
132772,55068.0,22745.0,10030813.0,-532.0,-4261.0,-2130.0,21240000.0,54980000.0,100272000.0,idle
132782,15562.0,-17957.0,10008068.0,-1065.0,-3728.0,-2130.0,21240000.0,54980000.0,100272000.0,idle
132792,-14365.0,-49082.0,9958985.0,0.0,-3195.0,-532.0,21240000.0,54980000.0,100272000.0,idle
132802,-2394.0,-38308.0,9967365.0,0.0,-3728.0,-1597.0,21240000.0,54980000.0,100272000.0,idle
132812,22745.0,7182.0,10027222.0,1065.0,-4261.0,-2130.0,21240000.0,54980000.0,100272000.0,idle
132822,61054.0,32322.0,10030813.0,1065.0,-4793.0,-1065.0,21240000.0,54980000.0,100272000.0,idle
132832,52674.0,10774.0,10011659.0,-532.0,-3728.0,-532.0,21240000.0,54980000.0,100272000.0,idle
132842,23942.0,-20351.0,9996096.0,-1065.0,-3728.0,-1597.0,21240000.0,54980000.0,100272000.0,idle
132852,-9577.0,-33519.0,9979337.0,-1597.0,-3728.0,-2663.0,21240000.0,54980000.0,100272000.0,idle
132862,10774.0,-33519.0,9978139.0,-1065.0,-4261.0,-2130.0,21240000.0,54980000.0,100272000.0,idle
132872,19154.0,0.0,10006871.0,-532.0,-3195.0,-2130.0,21240000.0,54980000.0,100272000.0,idle
132882,43096.0,-7182.0,10018842.0,0.0,-4261.0,-1597.0,21240000.0,54980000.0,100272000.0,idle
132892,46688.0,1197.0,9982928.0,532.0,-3728.0,-2663.0,21240000.0,54980000.0,100272000.0,idle
132902,29928.0,5985.0,9967365.0,0.0,-2663.0,-2663.0,21240000.0,54980000.0,100272000.0,idle
132912,7182.0,-11971.0,10005674.0,532.0,-3728.0,-1597.0,21240000.0,54980000.0,100272000.0,idle
132922,10774.0,-25139.0,10018842.0,-532.0,-4261.0,-2130.0,21240000.0,54980000.0,100272000.0,idle
132932,20351.0,-14365.0,9998491.0,-532.0,-3195.0,-1597.0,21240000.0,54980000.0,100272000.0,idle
132942,43096.0,0.0,9985322.0,0.0,-4261.0,-532.0,21240000.0,54980000.0,100272000.0,idle
132952,53871.0,-4788.0,9990111.0,532.0,-4793.0,-532.0,21240000.0,54980000.0,100272000.0,idle
132962,21548.0,-13168.0,10016448.0,-532.0,-4261.0,-1597.0,21240000.0,54980000.0,100272000.0,idle
132972,-2394.0,-10774.0,10030813.0,1065.0,-4793.0,-1597.0,21240000.0,54980000.0,100272000.0,idle
132982,15562.0,-22745.0,9998491.0,1065.0,-4793.0,-1065.0,21240000.0,54980000.0,100272000.0,idle
132992,15562.0,-22745.0,9998491.0,1065.0,-4793.0,-1065.0,21240000.0,54980000.0,100272000.0,idle
133002,34716.0,-11971.0,9963774.0,1597.0,-4261.0,-1597.0,21240000.0,54980000.0,100272000.0,idle
133012,44294.0,16759.0,9976942.0,532.0,-3195.0,-1597.0,21240000.0,54980000.0,100272000.0,idle
133072,59856.0,-2394.0,9986519.0,0.0,-4793.0,-1065.0,21240000.0,54980000.0,100272000.0,idle
133082,44294.0,7182.0,10006871.0,-532.0,-3728.0,-2663.0,21240000.0,54980000.0,100272000.0,idle
133092,32322.0,3591.0,10003279.0,0.0,-3195.0,-1597.0,21240000.0,54980000.0,100272000.0,idle
133102,4788.0,-1197.0,10009265.0,-532.0,-3728.0,-1065.0,21240000.0,54980000.0,100272000.0,idle
133113,16759.0,0.0,10008068.0,-532.0,-4793.0,-2130.0,21240000.0,54980000.0,100272000.0,idle
133123,32322.0,-7182.0,9985322.0,-1597.0,-3728.0,-1597.0,21240000.0,54980000.0,100272000.0,idle
133133,43096.0,-5985.0,10010462.0,532.0,-4793.0,-1065.0,21240000.0,54980000.0,100272000.0,idle
133143,41899.0,-5985.0,10004476.0,1065.0,-5326.0,-2130.0,21240000.0,54980000.0,100272000.0,idle
133153,21548.0,4788.0,10021236.0,0.0,-4261.0,-2663.0,21240000.0,54980000.0,100272000.0,idle
133163,11971.0,-4788.0,9986519.0,0.0,-2130.0,-3728.0,21240000.0,54980000.0,100272000.0,idle
133173,2394.0,-10774.0,9974548.0,0.0,-3728.0,-3195.0,21240000.0,54980000.0,100272000.0,idle
133183,35914.0,-10774.0,9976942.0,532.0,-4793.0,-1597.0,21240000.0,54980000.0,100272000.0,idle
133193,31125.0,-5985.0,10002082.0,532.0,-5326.0,-1597.0,21240000.0,54980000.0,100272000.0,idle
133203,26337.0,4788.0,9993702.0,-532.0,-4793.0,-2663.0,21240000.0,54980000.0,100272000.0,idle
133213,23942.0,-15562.0,10006871.0,0.0,-4261.0,-1065.0,21240000.0,54980000.0,100272000.0,idle
133223,13168.0,-16759.0,10005674.0,532.0,-3195.0,-1597.0,21230000.0,54903000.0,100274000.0,idle
133233,7182.0,5985.0,9988914.0,532.0,-4793.0,-2130.0,21230000.0,54903000.0,100274000.0,idle
133243,17957.0,-14365.0,9990111.0,-532.0,-3728.0,-2130.0,21230000.0,54903000.0,100274000.0,idle
133253,34716.0,-1197.0,9993702.0,-532.0,-4793.0,-2130.0,21230000.0,54903000.0,100274000.0,idle
133263,19154.0,-2394.0,10003279.0,1065.0,-4261.0,-3195.0,21230000.0,54903000.0,100274000.0,idle
133273,11971.0,-2394.0,10005674.0,0.0,-2663.0,-2130.0,21230000.0,54903000.0,100274000.0,idle
133283,11971.0,5985.0,9985322.0,0.0,-4793.0,-1597.0,21230000.0,54903000.0,100274000.0,idle
133293,15562.0,-8379.0,10006871.0,-532.0,-4261.0,-1065.0,21230000.0,54903000.0,100274000.0,idle
133303,16759.0,-19154.0,9992505.0,-1597.0,-4793.0,-1065.0,21230000.0,54903000.0,100274000.0,idle
133313,16759.0,-3591.0,9987717.0,-532.0,-3728.0,-1597.0,21230000.0,54903000.0,100274000.0,idle
133323,46688.0,-8379.0,9994899.0,532.0,-3728.0,-2130.0,21230000.0,54903000.0,100274000.0,idle
133333,33519.0,-19154.0,10005674.0,-1065.0,-4261.0,-532.0,21230000.0,54903000.0,100274000.0,idle
133343,19154.0,-3591.0,10011659.0,532.0,-3195.0,-1065.0,21230000.0,54903000.0,100274000.0,idle
133353,27534.0,2394.0,9993702.0,0.0,-2130.0,-2130.0,21230000.0,54903000.0,100274000.0,idle
133363,23942.0,-20351.0,9985322.0,-532.0,-3195.0,-1597.0,21230000.0,54903000.0,100274000.0,idle
133373,33519.0,-21548.0,9991308.0,-532.0,-3195.0,-2663.0,21230000.0,54903000.0,100274000.0,idle
133383,23942.0,-4788.0,9999688.0,-532.0,-3728.0,-3195.0,21230000.0,54903000.0,100274000.0,idle
133393,25139.0,1197.0,10015251.0,0.0,-4793.0,-2130.0,21230000.0,54903000.0,100274000.0,idle
133403,29928.0,5985.0,10018842.0,1065.0,-1597.0,-1597.0,21230000.0,54903000.0,100274000.0,idle
133413,19154.0,-11971.0,9997294.0,532.0,-2130.0,-2130.0,21230000.0,54903000.0,100274000.0,idle
133423,20351.0,-25139.0,9992505.0,-1065.0,-2663.0,-2130.0,21230000.0,54903000.0,100274000.0,idle
133433,28731.0,-16759.0,9985322.0,0.0,-3728.0,-1065.0,21230000.0,54903000.0,100274000.0,idle
133443,40702.0,-15562.0,9999688.0,1065.0,-4793.0,-1597.0,21230000.0,54903000.0,100274000.0,idle
133453,17957.0,0.0,10000885.0,0.0,-4261.0,-2663.0,21230000.0,54903000.0,100274000.0,idle
133463,23942.0,-7182.0,10011659.0,1065.0,-4261.0,-1597.0,21230000.0,54903000.0,100274000.0,idle
133473,35914.0,-7182.0,10002082.0,1065.0,-3728.0,-1065.0,21230000.0,54903000.0,100274000.0,idle
133483,34716.0,-4788.0,9984125.0,-1065.0,-5326.0,-1597.0,21230000.0,54903000.0,100274000.0,idle
133493,13168.0,-3591.0,9984125.0,0.0,-4793.0,-2130.0,21230000.0,54903000.0,100274000.0,idle
133503,33519.0,4788.0,10010462.0,532.0,-4793.0,-2130.0,21230000.0,54903000.0,100274000.0,idle
133513,33519.0,-1197.0,10010462.0,532.0,-2663.0,-3195.0,21230000.0,54903000.0,100274000.0,idle
133523,26337.0,-3591.0,9985322.0,-532.0,-3195.0,-2663.0,21230000.0,54903000.0,100274000.0,idle
133533,20351.0,-15562.0,9992505.0,532.0,-3195.0,-1597.0,21230000.0,54903000.0,100274000.0,idle
133543,37111.0,-17957.0,9993702.0,0.0,-4793.0,-532.0,21230000.0,54903000.0,100274000.0,idle
133553,34716.0,-9577.0,10004476.0,-532.0,-4261.0,-1597.0,21230000.0,54903000.0,100274000.0,idle
133563,20351.0,-15562.0,10010462.0,1065.0,-4261.0,-2663.0,21230000.0,54903000.0,100274000.0,idle
133573,19154.0,4788.0,10005674.0,0.0,-3728.0,-2663.0,21230000.0,54903000.0,100274000.0,idle
133583,37111.0,0.0,10003279.0,-1065.0,-3728.0,-2130.0,21230000.0,54903000.0,100274000.0,idle
133593,29928.0,-5985.0,9997294.0,0.0,-3195.0,-2130.0,21230000.0,54903000.0,100274000.0,idle
133603,10774.0,-8379.0,10003279.0,0.0,-4793.0,-2130.0,21230000.0,54903000.0,100274000.0,idle
133613,35914.0,-11971.0,9980534.0,-1065.0,-5326.0,-1597.0,21230000.0,54903000.0,100274000.0,idle
133623,28731.0,-20351.0,9985322.0,1597.0,-4793.0,-2130.0,21230000.0,54903000.0,100274000.0,idle
133633,16759.0,-10774.0,9991308.0,1065.0,-4261.0,-1597.0,21230000.0,54903000.0,100274000.0,idle
133644,22745.0,-9577.0,9994899.0,532.0,-4261.0,-2663.0,21230000.0,54903000.0,100274000.0,idle
133653,32322.0,-7182.0,9987717.0,1065.0,-4261.0,-1597.0,21230000.0,54903000.0,100274000.0,idle
133663,21548.0,-5985.0,9987717.0,-1065.0,-4793.0,-1065.0,21230000.0,54903000.0,100274000.0,idle
133673,19154.0,-1197.0,9997294.0,0.0,-3728.0,-2130.0,21230000.0,54903000.0,100274000.0,idle
133683,27534.0,-9577.0,9986519.0,0.0,-3195.0,-2663.0,21230000.0,54903000.0,100274000.0,idle
133694,33519.0,-8379.0,9991308.0,532.0,-3728.0,-3195.0,21230000.0,54903000.0,100274000.0,idle
133703,23942.0,-8379.0,10002082.0,0.0,-3728.0,-2663.0,21230000.0,54903000.0,100274000.0,idle
133713,31125.0,-14365.0,10002082.0,1597.0,-4261.0,-2130.0,21230000.0,54903000.0,100274000.0,idle
133723,26337.0,-1197.0,9984125.0,532.0,-4793.0,-3195.0,21230000.0,54903000.0,100274000.0,idle
133734,32322.0,-11971.0,10008068.0,-532.0,-3195.0,-1597.0,21230000.0,54903000.0,100274000.0,idle
133744,33519.0,-8379.0,10011659.0,532.0,-3728.0,-2130.0,21230000.0,54903000.0,100274000.0,idle
133754,37111.0,0.0,10006871.0,-1065.0,-3728.0,-1597.0,21230000.0,54903000.0,100274000.0,idle
133764,25139.0,-5985.0,10000885.0,-1065.0,-2130.0,-1597.0,21230000.0,54903000.0,100274000.0,idle
133774,31125.0,-1197.0,10004476.0,-532.0,-4793.0,-2663.0,21230000.0,54903000.0,100274000.0,idle
133784,28731.0,3591.0,9994899.0,532.0,-3195.0,-2130.0,21230000.0,54903000.0,100274000.0,idle
133794,15562.0,-3591.0,9988914.0,-532.0,-4261.0,-2130.0,21230000.0,54903000.0,100274000.0,idle
133804,25139.0,-8379.0,9998491.0,532.0,-3728.0,-2130.0,21230000.0,54903000.0,100274000.0,idle
133814,25139.0,-4788.0,10003279.0,0.0,-4793.0,-2663.0,21230000.0,54903000.0,100274000.0,idle
133824,21548.0,5985.0,10005674.0,0.0,-4261.0,-1597.0,21230000.0,54903000.0,100274000.0,idle
133834,16759.0,-14365.0,9991308.0,0.0,-4261.0,-2130.0,21230000.0,54903000.0,100274000.0,idle
133844,34716.0,-13168.0,9996096.0,-532.0,-4793.0,-2130.0,21230000.0,54903000.0,100274000.0,idle
133854,35914.0,8379.0,9999688.0,-532.0,-5326.0,-532.0,21230000.0,54903000.0,100274000.0,idle
133864,14365.0,17957.0,10017645.0,-1065.0,-3728.0,-2663.0,21230000.0,54903000.0,100274000.0,idle
133874,27534.0,4788.0,10004476.0,-1065.0,-3195.0,-4793.0,21230000.0,54903000.0,100274000.0,idle
133884,28731.0,-10774.0,9973351.0,1065.0,-4793.0,-1597.0,21230000.0,54903000.0,100274000.0,idle
133894,20351.0,-11971.0,9973351.0,-532.0,-4261.0,-1065.0,21230000.0,54903000.0,100274000.0,idle
133904,15562.0,-14365.0,9976942.0,0.0,-3728.0,-2130.0,21230000.0,54903000.0,100274000.0,idle
133914,40702.0,1197.0,9978139.0,532.0,-4261.0,-2130.0,21230000.0,54903000.0,100274000.0,idle
133924,32322.0,-1197.0,10020039.0,0.0,-4793.0,-3195.0,21230000.0,54903000.0,100274000.0,idle
133934,34716.0,2394.0,10008068.0,-532.0,-4261.0,-2130.0,21230000.0,54903000.0,100274000.0,idle
133944,23942.0,-8379.0,9997294.0,-1065.0,-3728.0,-1597.0,21230000.0,54903000.0,100274000.0,idle
133954,27534.0,-7182.0,9981731.0,-532.0,-3195.0,-2130.0,21230000.0,54903000.0,100274000.0,idle
133964,27534.0,5985.0,10003279.0,-532.0,-3195.0,-2130.0,21230000.0,54903000.0,100274000.0,idle
133974,17957.0,3591.0,10011659.0,0.0,-4261.0,-532.0,21230000.0,54903000.0,100274000.0,idle
133984,32322.0,2394.0,10014054.0,-532.0,-3728.0,-2130.0,21230000.0,54903000.0,100274000.0,idle
133994,23942.0,-15562.0,9997294.0,0.0,-3195.0,-2130.0,21230000.0,54903000.0,100274000.0,idle
134004,26337.0,-8379.0,9970957.0,1065.0,-4261.0,-2663.0,21230000.0,54903000.0,100274000.0,idle
134014,14365.0,-4788.0,10008068.0,0.0,-3195.0,-1065.0,21230000.0,54903000.0,100274000.0,idle
134024,25139.0,-5985.0,9999688.0,1065.0,-2130.0,-1597.0,21230000.0,54903000.0,100274000.0,idle
134034,31125.0,7182.0,9991308.0,532.0,-4261.0,-2130.0,21230000.0,54903000.0,100274000.0,idle
134044,28731.0,0.0,9969759.0,-1065.0,-3728.0,-2663.0,21230000.0,54903000.0,100274000.0,idle
134054,28731.0,0.0,9969759.0,-1065.0,-3728.0,-2663.0,21230000.0,54903000.0,100274000.0,idle
134064,11971.0,-14365.0,9974548.0,0.0,-3195.0,-2663.0,21230000.0,54903000.0,100274000.0,idle
134074,38308.0,10774.0,10006871.0,-532.0,-4261.0,-1597.0,21230000.0,54903000.0,100274000.0,idle
134084,39505.0,5985.0,10012856.0,0.0,-5326.0,-532.0,21230000.0,54903000.0,100274000.0,idle
134094,32322.0,-7182.0,10012856.0,1065.0,-4261.0,-2663.0,21230000.0,54903000.0,100274000.0,idle
134104,21548.0,-3591.0,9988914.0,0.0,-3728.0,-2663.0,21230000.0,54903000.0,100274000.0,idle
134114,14365.0,0.0,9970957.0,-532.0,-4793.0,-4261.0,21230000.0,54903000.0,100274000.0,idle
134124,31125.0,4788.0,9973351.0,532.0,-3195.0,-3195.0,21230000.0,54903000.0,100274000.0,idle
134134,38308.0,-20351.0,9993702.0,532.0,-2663.0,-2130.0,21230000.0,54903000.0,100274000.0,idle
134144,11971.0,-7182.0,10000885.0,-532.0,-4261.0,-1065.0,21230000.0,54903000.0,100274000.0,idle
134154,22745.0,-15562.0,9993702.0,-1065.0,-3728.0,-2130.0,21230000.0,54903000.0,100274000.0,idle
134164,28731.0,-5985.0,9999688.0,-532.0,-4261.0,-3195.0,21230000.0,54903000.0,100274000.0,idle
134174,26337.0,-4788.0,10017645.0,-532.0,-3728.0,-2663.0,21230000.0,54903000.0,100274000.0,idle
134184,31125.0,-15562.0,9993702.0,532.0,-4261.0,-1597.0,21230000.0,54903000.0,100274000.0,idle
134194,38308.0,-7182.0,10003279.0,532.0,-3728.0,-1597.0,21230000.0,54903000.0,100274000.0,idle
134204,25139.0,-2394.0,9996096.0,0.0,-4793.0,-2663.0,21230000.0,54903000.0,100274000.0,idle
134214,29928.0,5985.0,9999688.0,532.0,-4793.0,-3195.0,21230000.0,54903000.0,100274000.0,idle
134224,5985.0,14365.0,9998491.0,0.0,-3728.0,-2130.0,21220000.0,54842000.0,100274000.0,idle
134234,20351.0,-10774.0,9988914.0,1065.0,-4793.0,-2130.0,21220000.0,54842000.0,100274000.0,idle
134245,31125.0,-15562.0,10000885.0,1065.0,-3728.0,-3195.0,21220000.0,54842000.0,100274000.0,idle
134254,22745.0,-13168.0,10008068.0,532.0,-4261.0,-2130.0,21220000.0,54842000.0,100274000.0,idle
134264,27534.0,-10774.0,9997294.0,0.0,-3728.0,-2130.0,21220000.0,54842000.0,100274000.0,idle
134274,27534.0,-5985.0,10003279.0,1065.0,-3195.0,-3728.0,21220000.0,54842000.0,100274000.0,idle
134284,22745.0,2394.0,10020039.0,-532.0,-3195.0,-2130.0,21220000.0,54842000.0,100274000.0,idle
134295,9577.0,1197.0,10020039.0,-532.0,-2663.0,-2663.0,21220000.0,54842000.0,100274000.0,idle
134304,22745.0,0.0,9988914.0,0.0,-4793.0,-2663.0,21220000.0,54842000.0,100274000.0,idle
134314,32322.0,-13168.0,9998491.0,0.0,-3195.0,-2130.0,21220000.0,54842000.0,100274000.0,idle
134324,23942.0,-7182.0,9992505.0,1065.0,-4793.0,-2663.0,21220000.0,54842000.0,100274000.0,idle
134334,10774.0,-2394.0,10003279.0,-1065.0,-4261.0,-2130.0,21220000.0,54842000.0,100274000.0,idle
134345,29928.0,-8379.0,9986519.0,0.0,-5326.0,-2130.0,21220000.0,54842000.0,100274000.0,idle
134354,28731.0,2394.0,9984125.0,1597.0,-3728.0,-2663.0,21220000.0,54842000.0,100274000.0,idle
134365,1197.0,-2394.0,10005674.0,0.0,-4261.0,-2663.0,21220000.0,54842000.0,100274000.0,idle
134375,27534.0,-22745.0,9985322.0,0.0,-4261.0,-1065.0,21220000.0,54842000.0,100274000.0,idle
134385,31125.0,4788.0,9998491.0,532.0,-4261.0,-1597.0,21220000.0,54842000.0,100274000.0,idle
134395,25139.0,5985.0,9992505.0,532.0,-4793.0,-1597.0,21220000.0,54842000.0,100274000.0,idle
134405,19154.0,2394.0,9991308.0,0.0,-4261.0,-1597.0,21220000.0,54842000.0,100274000.0,idle
134415,26337.0,-3591.0,9985322.0,0.0,-3728.0,-2130.0,21220000.0,54842000.0,100274000.0,idle
134425,32322.0,-10774.0,9991308.0,-532.0,-5326.0,-3728.0,21220000.0,54842000.0,100274000.0,idle
134435,14365.0,-2394.0,9996096.0,1065.0,-6924.0,-1597.0,21220000.0,54842000.0,100274000.0,idle
134445,13168.0,-2394.0,10003279.0,0.0,-5859.0,-1597.0,21220000.0,54842000.0,100274000.0,idle
134455,23942.0,2394.0,9994899.0,-532.0,-4793.0,-532.0,21220000.0,54842000.0,100274000.0,idle
134465,14365.0,-3591.0,9999688.0,532.0,-6924.0,-1597.0,21220000.0,54842000.0,100274000.0,idle
134475,33519.0,-9577.0,9986519.0,1065.0,-5859.0,-2663.0,21220000.0,54842000.0,100274000.0,idle
134485,33519.0,-16759.0,9978139.0,-532.0,-4793.0,-3728.0,21220000.0,54842000.0,100274000.0,idle
134495,23942.0,3591.0,9992505.0,-532.0,-5859.0,-1597.0,21220000.0,54842000.0,100274000.0,idle
134505,33519.0,7182.0,10023631.0,1065.0,-5859.0,-2130.0,21220000.0,54842000.0,100274000.0,idle
134515,31125.0,-15562.0,10024828.0,-532.0,-3195.0,-3728.0,21220000.0,54842000.0,100274000.0,idle
134525,25139.0,-10774.0,10014054.0,-532.0,-3195.0,-1597.0,21220000.0,54842000.0,100274000.0,idle
134535,32322.0,3591.0,10004476.0,-1065.0,-3195.0,-1065.0,21220000.0,54842000.0,100274000.0,idle
134545,38308.0,-5985.0,10010462.0,-1597.0,-1597.0,-2130.0,21220000.0,54842000.0,100274000.0,idle
134555,43096.0,-5985.0,9988914.0,532.0,-2130.0,-2130.0,21220000.0,54842000.0,100274000.0,idle
134565,44294.0,-2394.0,9982928.0,532.0,-4261.0,-1065.0,21220000.0,54842000.0,100274000.0,idle
134575,22745.0,-11971.0,9987717.0,-532.0,-4793.0,-1597.0,21220000.0,54842000.0,100274000.0,idle
134585,26337.0,-15562.0,9992505.0,0.0,-4261.0,-2130.0,21220000.0,54842000.0,100274000.0,idle
134595,22745.0,-10774.0,10002082.0,-532.0,-4261.0,-1597.0,21220000.0,54842000.0,100274000.0,idle
134605,26337.0,-7182.0,10000885.0,-532.0,-4793.0,-2130.0,21220000.0,54842000.0,100274000.0,idle
134615,40702.0,-8379.0,9999688.0,0.0,-3728.0,-2130.0,21220000.0,54842000.0,100274000.0,idle
134625,34716.0,11971.0,10005674.0,0.0,-3728.0,-2663.0,21220000.0,54842000.0,100274000.0,idle
134635,4788.0,25139.0,9996096.0,532.0,-3728.0,-2130.0,21220000.0,54842000.0,100274000.0,idle
134645,23942.0,22745.0,9979337.0,532.0,-4261.0,-532.0,21220000.0,54842000.0,100274000.0,idle
134655,34716.0,-19154.0,9985322.0,-532.0,-4793.0,-2663.0,21220000.0,54842000.0,100274000.0,idle
134665,20351.0,-9577.0,9993702.0,-1065.0,-4261.0,-3728.0,21220000.0,54842000.0,100274000.0,idle
134675,21548.0,0.0,10015251.0,0.0,-3195.0,-2130.0,21220000.0,54842000.0,100274000.0,idle
134685,22745.0,-1197.0,10003279.0,-532.0,-3195.0,-2663.0,21220000.0,54842000.0,100274000.0,idle
134695,20351.0,-9577.0,10002082.0,532.0,-3195.0,-3195.0,21220000.0,54842000.0,100274000.0,idle
134705,17957.0,-7182.0,9999688.0,532.0,-3195.0,-2663.0,21220000.0,54842000.0,100274000.0,idle
134715,39505.0,-2394.0,10003279.0,-532.0,-3728.0,-2130.0,21220000.0,54842000.0,100274000.0,idle
134725,31125.0,8379.0,10016448.0,-532.0,-4261.0,-2663.0,21220000.0,54842000.0,100274000.0,idle
134735,20351.0,1197.0,9998491.0,532.0,-3728.0,-2663.0,21220000.0,54842000.0,100274000.0,idle
134745,26337.0,-3591.0,9996096.0,-532.0,-3195.0,-1597.0,21220000.0,54842000.0,100274000.0,idle
134755,27534.0,-1197.0,9980534.0,-1065.0,-3195.0,-2663.0,21220000.0,54842000.0,100274000.0,idle
134765,15562.0,-4788.0,9997294.0,0.0,-5326.0,-2130.0,21220000.0,54842000.0,100274000.0,idle
134775,20351.0,-1197.0,10011659.0,532.0,-3728.0,-1597.0,21220000.0,54842000.0,100274000.0,idle
134785,19154.0,-4788.0,10006871.0,0.0,-3728.0,-3195.0,21220000.0,54842000.0,100274000.0,idle
134795,35914.0,-10774.0,10008068.0,532.0,-3728.0,-3195.0,21220000.0,54842000.0,100274000.0,idle
134805,23942.0,-8379.0,9996096.0,-532.0,-4261.0,-2130.0,21220000.0,54842000.0,100274000.0,idle
134815,19154.0,-4788.0,9978139.0,-1065.0,-3195.0,-3195.0,21220000.0,54842000.0,100274000.0,idle
134825,26337.0,-11971.0,9990111.0,-1065.0,-4793.0,-3195.0,21220000.0,54842000.0,100274000.0,idle
134835,37111.0,-16759.0,9996096.0,0.0,-4793.0,-1597.0,21220000.0,54842000.0,100274000.0,idle
134845,23942.0,-10774.0,10015251.0,0.0,-3195.0,-2130.0,21220000.0,54842000.0,100274000.0,idle
134855,27534.0,-14365.0,10003279.0,-1065.0,-2130.0,-2130.0,21220000.0,54842000.0,100274000.0,idle
134865,26337.0,2394.0,9997294.0,0.0,-3195.0,-3195.0,21220000.0,54842000.0,100274000.0,idle
134875,43096.0,9577.0,10009265.0,0.0,-3728.0,-1065.0,21220000.0,54842000.0,100274000.0,idle
134885,38308.0,0.0,10005674.0,-1597.0,-3728.0,-1597.0,21220000.0,54842000.0,100274000.0,idle
134895,8379.0,-4788.0,10006871.0,-1597.0,-3195.0,-2130.0,21220000.0,54842000.0,100274000.0,idle
134905,15562.0,-4788.0,9973351.0,0.0,-3728.0,-2130.0,21220000.0,54842000.0,100274000.0,idle
134915,59856.0,-9577.0,10009265.0,0.0,-3728.0,-1065.0,21220000.0,54842000.0,100274000.0,idle
134925,41899.0,-2394.0,10014054.0,-532.0,-3195.0,-3195.0,21220000.0,54842000.0,100274000.0,idle
134935,9577.0,17957.0,10004476.0,-532.0,-2663.0,-3195.0,21220000.0,54842000.0,100274000.0,idle
134945,35914.0,-3591.0,10006871.0,1065.0,-3195.0,-2663.0,21220000.0,54842000.0,100274000.0,idle
134955,49082.0,-4788.0,9997294.0,-532.0,-3728.0,-2130.0,21220000.0,54842000.0,100274000.0,idle
134965,15562.0,-10774.0,10000885.0,-1065.0,-4261.0,-2130.0,21220000.0,54842000.0,100274000.0,idle
134975,20351.0,-5985.0,10006871.0,-532.0,-4261.0,-2663.0,21220000.0,54842000.0,100274000.0,idle
134986,34716.0,2394.0,10011659.0,0.0,-3195.0,-2663.0,21220000.0,54842000.0,100274000.0,idle
134996,7182.0,9577.0,9997294.0,532.0,-3195.0,-1597.0,21220000.0,54842000.0,100274000.0,idle
135006,16759.0,-2394.0,9968562.0,-532.0,-2663.0,-2663.0,21220000.0,54842000.0,100274000.0,idle
135016,16759.0,-13168.0,9986519.0,-1065.0,-3195.0,-2663.0,21220000.0,54842000.0,100274000.0,idle
135026,38308.0,-8379.0,9999688.0,0.0,-3728.0,-1065.0,21220000.0,54842000.0,100274000.0,idle
135036,23942.0,-14365.0,10010462.0,2130.0,-3195.0,-2130.0,21220000.0,54842000.0,100274000.0,idle
135046,8379.0,-8379.0,9993702.0,532.0,-3728.0,-3195.0,21220000.0,54842000.0,100274000.0,idle
135056,28731.0,3591.0,9986519.0,-1065.0,-3728.0,-2130.0,21220000.0,54842000.0,100274000.0,idle
135066,41899.0,-15562.0,9992505.0,0.0,-3728.0,-2130.0,21220000.0,54842000.0,100274000.0,idle
135076,26337.0,-21548.0,9999688.0,532.0,-3195.0,-2663.0,21220000.0,54842000.0,100274000.0,idle
135086,11971.0,-11971.0,9986519.0,-532.0,-3728.0,-3728.0,21220000.0,54842000.0,100274000.0,idle
135096,19154.0,-13168.0,9984125.0,0.0,-3195.0,-3728.0,21220000.0,54842000.0,100274000.0,idle
135106,33519.0,-10774.0,10016448.0,532.0,-4793.0,-2130.0,21220000.0,54842000.0,100274000.0,idle
135116,33519.0,-10774.0,10016448.0,532.0,-4793.0,-2130.0,21220000.0,54842000.0,100274000.0,idle
135126,15562.0,-5985.0,10015251.0,-532.0,-3728.0,-2130.0,21220000.0,54842000.0,100274000.0,idle
135136,19154.0,11971.0,10015251.0,-532.0,-2130.0,-2130.0,21220000.0,54842000.0,100274000.0,idle
135146,31125.0,-4788.0,10004476.0,532.0,-2663.0,-1597.0,21220000.0,54842000.0,100274000.0,idle
135156,14365.0,-4788.0,9999688.0,-532.0,-3728.0,-2663.0,21220000.0,54842000.0,100274000.0,idle
135166,22745.0,-15562.0,9984125.0,0.0,-4261.0,-2130.0,21220000.0,54842000.0,100274000.0,idle
135176,28731.0,-26337.0,9994899.0,1597.0,-4261.0,-1597.0,21220000.0,54842000.0,100274000.0,idle
135186,38308.0,-17957.0,10009265.0,1065.0,-4261.0,-1597.0,21220000.0,54842000.0,100274000.0,idle
135196,21548.0,-3591.0,10008068.0,-532.0,-4261.0,-2130.0,21220000.0,54842000.0,100274000.0,idle
135206,20351.0,-13168.0,9999688.0,0.0,-4793.0,-2130.0,21220000.0,54842000.0,100274000.0,idle
135216,26337.0,-19154.0,9992505.0,0.0,-2663.0,-1597.0,21220000.0,54842000.0,100274000.0,idle
135226,34716.0,-21548.0,9998491.0,532.0,-4793.0,-1065.0,21210000.0,54752000.0,100272000.0,idle
135236,27534.0,-3591.0,9991308.0,0.0,-4261.0,-2663.0,21210000.0,54752000.0,100272000.0,idle
135246,28731.0,-11971.0,9986519.0,0.0,-4261.0,-3195.0,21210000.0,54752000.0,100272000.0,idle
135256,29928.0,-4788.0,9991308.0,-532.0,-3728.0,-532.0,21210000.0,54752000.0,100272000.0,idle
135266,32322.0,1197.0,9988914.0,-1597.0,-3728.0,-2663.0,21210000.0,54752000.0,100272000.0,idle
135276,38308.0,-14365.0,10005674.0,-1065.0,-3728.0,-2663.0,21210000.0,54752000.0,100272000.0,idle
135286,16759.0,-22745.0,10006871.0,0.0,-3195.0,-2663.0,21210000.0,54752000.0,100272000.0,idle
135296,28731.0,4788.0,10014054.0,-1065.0,-3728.0,-2130.0,21210000.0,54752000.0,100272000.0,idle
135306,21548.0,5985.0,10006871.0,532.0,-2663.0,-2663.0,21210000.0,54752000.0,100272000.0,idle
135316,14365.0,-5985.0,9994899.0,0.0,-3728.0,-1065.0,21210000.0,54752000.0,100272000.0,idle
135326,21548.0,-9577.0,9994899.0,-532.0,-4793.0,-1597.0,21210000.0,54752000.0,100272000.0,idle
135336,20351.0,-16759.0,9996096.0,0.0,-3728.0,-2130.0,21210000.0,54752000.0,100272000.0,idle
135346,16759.0,-11971.0,10016448.0,1065.0,-4261.0,-2130.0,21210000.0,54752000.0,100272000.0,idle
135356,35914.0,-9577.0,10010462.0,0.0,-2130.0,-2663.0,21210000.0,54752000.0,100272000.0,idle
135366,41899.0,-3591.0,10000885.0,-1065.0,-3728.0,-1597.0,21210000.0,54752000.0,100272000.0,idle
135376,32322.0,7182.0,9990111.0,-532.0,-5326.0,-1597.0,21210000.0,54752000.0,100272000.0,idle
135386,10774.0,-14365.0,9993702.0,532.0,-3195.0,-1597.0,21210000.0,54752000.0,100272000.0,idle
135396,25139.0,-4788.0,10004476.0,1597.0,-3728.0,-2130.0,21210000.0,54752000.0,100272000.0,idle
135406,17957.0,-3591.0,10006871.0,532.0,-4793.0,-2663.0,21210000.0,54752000.0,100272000.0,idle
135416,22745.0,-19154.0,10016448.0,0.0,-3195.0,-2130.0,21210000.0,54752000.0,100272000.0,idle
135426,22745.0,-7182.0,10003279.0,0.0,-4261.0,-1597.0,21210000.0,54752000.0,100272000.0,idle
135436,0.0,8379.0,9994899.0,-532.0,-3728.0,-2130.0,21210000.0,54752000.0,100272000.0,idle
135446,22745.0,8379.0,9998491.0,0.0,-3195.0,-532.0,21210000.0,54752000.0,100272000.0,idle
135516,16759.0,-20351.0,10012856.0,-532.0,-3195.0,-2130.0,21210000.0,54752000.0,100272000.0,idle
135526,19154.0,-3591.0,10000885.0,-1065.0,-3728.0,-2130.0,21210000.0,54752000.0,100272000.0,idle
135536,26337.0,0.0,9972154.0,-532.0,-3728.0,-2663.0,21210000.0,54752000.0,100272000.0,idle
135546,31125.0,-17957.0,9987717.0,532.0,-3728.0,-2130.0,21210000.0,54752000.0,100272000.0,idle
135556,46688.0,0.0,9994899.0,1065.0,-4261.0,-1597.0,21210000.0,54752000.0,100272000.0,idle
135566,29928.0,3591.0,10002082.0,-532.0,-3728.0,-3195.0,21210000.0,54752000.0,100272000.0,idle
135576,32322.0,2394.0,10014054.0,-532.0,-3728.0,-1597.0,21210000.0,54752000.0,100272000.0,idle
135586,27534.0,-19154.0,9964971.0,-532.0,-3195.0,-1597.0,21210000.0,54752000.0,100272000.0,idle
135597,34716.0,-11971.0,9968562.0,-532.0,-4261.0,-1597.0,21210000.0,54752000.0,100272000.0,idle
135606,31125.0,-2394.0,9986519.0,-532.0,-4261.0,-1065.0,21210000.0,54752000.0,100272000.0,idle
135616,22745.0,1197.0,10003279.0,0.0,-3728.0,-2663.0,21210000.0,54752000.0,100272000.0,idle
135626,25139.0,0.0,9999688.0,532.0,-4793.0,-2663.0,21210000.0,54752000.0,100272000.0,idle
135637,17957.0,2394.0,9996096.0,0.0,-5326.0,-1597.0,21210000.0,54752000.0,100272000.0,idle
135647,23942.0,-8379.0,9974548.0,0.0,-4793.0,-1597.0,21210000.0,54752000.0,100272000.0,idle
135657,19154.0,0.0,9982928.0,532.0,-5326.0,-2130.0,21210000.0,54752000.0,100272000.0,idle
135667,32322.0,1197.0,10018842.0,532.0,-5859.0,-2130.0,21210000.0,54752000.0,100272000.0,idle
135717,44294.0,0.0,9921874.0,0.0,-4261.0,-2130.0,21210000.0,54752000.0,100272000.0,idle
135727,37111.0,-1197.0,10026025.0,2663.0,-5326.0,-2663.0,21210000.0,54752000.0,100272000.0,idle
135737,26337.0,2394.0,10059545.0,2130.0,-5326.0,-2130.0,21210000.0,54752000.0,100272000.0,idle
135747,31125.0,-13168.0,10037996.0,-1065.0,-3728.0,-1597.0,21210000.0,54752000.0,100272000.0,idle
135757,25139.0,-10774.0,9970957.0,-1065.0,-2663.0,-3728.0,21210000.0,54752000.0,100272000.0,idle
135767,13168.0,-4788.0,9931451.0,532.0,-2130.0,-3195.0,21210000.0,54752000.0,100272000.0,idle
135777,16759.0,0.0,9960182.0,532.0,-3728.0,-2130.0,21210000.0,54752000.0,100272000.0,idle
135787,39505.0,8379.0,10029616.0,0.0,-4793.0,-2130.0,21210000.0,54752000.0,100272000.0,idle
135797,31125.0,1197.0,10042785.0,0.0,-3728.0,-1597.0,21210000.0,54752000.0,100272000.0,idle
135807,21548.0,-2394.0,10008068.0,0.0,-2130.0,-1065.0,21210000.0,54752000.0,100272000.0,idle
135817,26337.0,2394.0,9954197.0,-532.0,-3728.0,-2130.0,21210000.0,54752000.0,100272000.0,idle
135827,37111.0,4788.0,9985322.0,1065.0,-4793.0,-3195.0,21210000.0,54752000.0,100272000.0,idle
135837,41899.0,-5985.0,10028419.0,0.0,-4261.0,-2130.0,21210000.0,54752000.0,100272000.0,idle
135847,29928.0,-3591.0,10042785.0,532.0,-4793.0,-2663.0,21210000.0,54752000.0,100272000.0,idle
135857,33519.0,10774.0,9996096.0,532.0,-3195.0,-2130.0,21210000.0,54752000.0,100272000.0,idle
135867,25139.0,-13168.0,9960182.0,0.0,-2663.0,-1597.0,21210000.0,54752000.0,100272000.0,idle
135877,14365.0,-2394.0,9968562.0,532.0,-2663.0,-2130.0,21210000.0,54752000.0,100272000.0,idle
135887,26337.0,1197.0,10017645.0,1065.0,-4793.0,-2130.0,21210000.0,54752000.0,100272000.0,idle
135897,37111.0,5985.0,10057150.0,532.0,-4793.0,-2663.0,21210000.0,54752000.0,100272000.0,idle
135907,37111.0,-15562.0,10020039.0,0.0,-3195.0,-2130.0,21210000.0,54752000.0,100272000.0,idle
135917,5985.0,2394.0,9984125.0,-532.0,-2663.0,-2663.0,21210000.0,54752000.0,100272000.0,idle
135927,21548.0,0.0,9956591.0,-532.0,-4261.0,-2130.0,21210000.0,54752000.0,100272000.0,idle
135937,29928.0,-7182.0,9984125.0,532.0,-5326.0,-2130.0,21210000.0,54752000.0,100272000.0,idle
135947,38308.0,-22745.0,10032011.0,532.0,-4261.0,-2130.0,21210000.0,54752000.0,100272000.0,idle
135957,26337.0,-14365.0,10034405.0,532.0,-3195.0,0.0,21210000.0,54752000.0,100272000.0,idle
135967,31125.0,-13168.0,9988914.0,532.0,-2663.0,-3195.0,21210000.0,54752000.0,100272000.0,idle
135977,29928.0,-11971.0,9967365.0,1065.0,-3195.0,-4261.0,21210000.0,54752000.0,100272000.0,idle
135987,31125.0,-20351.0,9972154.0,532.0,-4261.0,-2663.0,21210000.0,54752000.0,100272000.0,idle
135997,39505.0,-7182.0,10010462.0,0.0,-4261.0,-2130.0,21210000.0,54752000.0,100272000.0,idle
136007,26337.0,-5985.0,10028419.0,0.0,-3728.0,-1597.0,21210000.0,54752000.0,100272000.0,idle
136017,35914.0,-16759.0,9996096.0,-1065.0,-3195.0,-3195.0,21210000.0,54752000.0,100272000.0,idle
136027,41899.0,-16759.0,9990111.0,-1597.0,-3195.0,-3195.0,21210000.0,54752000.0,100272000.0,idle
136037,-1197.0,3591.0,9986519.0,0.0,-4793.0,-1597.0,21210000.0,54752000.0,100272000.0,idle
136047,2394.0,-2394.0,10014054.0,532.0,-3195.0,-2130.0,21210000.0,54752000.0,100272000.0,idle
136057,46688.0,-13168.0,10022434.0,0.0,-2130.0,-2663.0,21210000.0,54752000.0,100272000.0,idle
136067,38308.0,-1197.0,10002082.0,532.0,-3195.0,-1597.0,21210000.0,54752000.0,100272000.0,idle
136077,20351.0,0.0,9958985.0,1065.0,-4261.0,-1065.0,21210000.0,54752000.0,100272000.0,idle
136087,26337.0,-16759.0,9980534.0,1065.0,-4793.0,-2663.0,21210000.0,54752000.0,100272000.0,idle
136097,40702.0,-4788.0,10024828.0,0.0,-4793.0,-3195.0,21210000.0,54752000.0,100272000.0,idle
136107,26337.0,-8379.0,10008068.0,0.0,-4261.0,-1597.0,21210000.0,54752000.0,100272000.0,idle
136117,21548.0,-10774.0,9993702.0,-1065.0,-3728.0,-2130.0,21210000.0,54752000.0,100272000.0,idle
136127,17957.0,-23942.0,9986519.0,1065.0,-3728.0,-1597.0,21210000.0,54752000.0,100272000.0,idle
136137,17957.0,-2394.0,9986519.0,1065.0,-4793.0,-2130.0,21210000.0,54752000.0,100272000.0,idle
136147,14365.0,-8379.0,10008068.0,1597.0,-4261.0,-2663.0,21210000.0,54752000.0,100272000.0,idle
136157,41899.0,-16759.0,10000885.0,-1065.0,-2663.0,-3195.0,21210000.0,54752000.0,100272000.0,idle
136167,43096.0,-9577.0,10015251.0,532.0,-3728.0,-3195.0,21210000.0,54752000.0,100272000.0,idle
136177,43096.0,-9577.0,10015251.0,532.0,-3728.0,-3195.0,21210000.0,54752000.0,100272000.0,idle
136187,38308.0,3591.0,10000885.0,532.0,-2663.0,-1597.0,21210000.0,54752000.0,100272000.0,idle
136197,22745.0,-1197.0,9985322.0,0.0,-3728.0,-2663.0,21210000.0,54752000.0,100272000.0,idle
136207,37111.0,-9577.0,9982928.0,-532.0,-5326.0,-2663.0,21210000.0,54752000.0,100272000.0,idle
136218,37111.0,-19154.0,9993702.0,532.0,-4261.0,-1597.0,21210000.0,54752000.0,100272000.0,idle
136227,26337.0,-4788.0,10014054.0,0.0,-3728.0,-3195.0,21210000.0,54715000.0,100276000.0,idle
136238,20351.0,-4788.0,9992505.0,-532.0,-2130.0,-3195.0,21210000.0,54715000.0,100276000.0,idle
136247,34716.0,-11971.0,9994899.0,0.0,-2130.0,-1597.0,21210000.0,54715000.0,100276000.0,idle
136258,20351.0,-7182.0,9998491.0,0.0,-3728.0,-2130.0,21210000.0,54715000.0,100276000.0,idle
136268,29928.0,2394.0,10004476.0,0.0,-3728.0,-2663.0,21210000.0,54715000.0,100276000.0,idle
136278,32322.0,-9577.0,10009265.0,-532.0,-4261.0,-2130.0,21210000.0,54715000.0,100276000.0,idle
136288,17957.0,-2394.0,9996096.0,-532.0,-4261.0,-2130.0,21210000.0,54715000.0,100276000.0,idle
136298,26337.0,5985.0,9997294.0,0.0,-3195.0,-1597.0,21210000.0,54715000.0,100276000.0,idle
136308,22745.0,4788.0,9987717.0,-532.0,-4793.0,-2663.0,21210000.0,54715000.0,100276000.0,idle
136318,32322.0,-15562.0,10003279.0,0.0,-5326.0,-2130.0,21210000.0,54715000.0,100276000.0,idle
136328,29928.0,4788.0,10011659.0,-532.0,-4261.0,-1597.0,21210000.0,54715000.0,100276000.0,idle
136338,25139.0,-5985.0,10018842.0,-532.0,-3195.0,-2663.0,21210000.0,54715000.0,100276000.0,idle
136348,19154.0,7182.0,9988914.0,-1597.0,-3195.0,-532.0,21210000.0,54715000.0,100276000.0,idle
136358,27534.0,-1197.0,9999688.0,-532.0,-3195.0,-2130.0,21210000.0,54715000.0,100276000.0,idle
136368,21548.0,3591.0,9993702.0,-532.0,-3195.0,-1597.0,21210000.0,54715000.0,100276000.0,idle
136378,19154.0,2394.0,9993702.0,-532.0,-5326.0,-1597.0,21210000.0,54715000.0,100276000.0,idle
136388,27534.0,-3591.0,10006871.0,0.0,-4793.0,-2130.0,21210000.0,54715000.0,100276000.0,idle
136398,19154.0,-4788.0,10018842.0,0.0,-3195.0,-1065.0,21210000.0,54715000.0,100276000.0,idle
136408,41899.0,-5985.0,9991308.0,1597.0,-4261.0,-532.0,21210000.0,54715000.0,100276000.0,idle
136418,34716.0,-4788.0,9994899.0,532.0,-2130.0,-2130.0,21210000.0,54715000.0,100276000.0,idle
136428,19154.0,5985.0,9991308.0,-532.0,-3728.0,-2663.0,21210000.0,54715000.0,100276000.0,idle
136438,17957.0,0.0,10011659.0,0.0,-3728.0,-2663.0,21210000.0,54715000.0,100276000.0,idle
136448,23942.0,-17957.0,9994899.0,-532.0,-3728.0,-1597.0,21210000.0,54715000.0,100276000.0,idle
136458,32322.0,-19154.0,10004476.0,1065.0,-4793.0,-1597.0,21210000.0,54715000.0,100276000.0,idle
136468,27534.0,2394.0,10015251.0,0.0,-4261.0,-2130.0,21210000.0,54715000.0,100276000.0,idle
136478,34716.0,-7182.0,10005674.0,0.0,-4261.0,-2130.0,21210000.0,54715000.0,100276000.0,idle
136488,23942.0,1197.0,9996096.0,-532.0,-3728.0,-3195.0,21210000.0,54715000.0,100276000.0,idle
136498,23942.0,13168.0,9993702.0,-1597.0,-2663.0,-3195.0,21210000.0,54715000.0,100276000.0,idle
136508,16759.0,7182.0,9986519.0,-532.0,-3728.0,-1597.0,21210000.0,54715000.0,100276000.0,idle
136518,37111.0,0.0,9992505.0,532.0,-3195.0,-1597.0,21210000.0,54715000.0,100276000.0,idle
136528,34716.0,-9577.0,9998491.0,0.0,-4261.0,-3195.0,21210000.0,54715000.0,100276000.0,idle
136538,28731.0,-16759.0,9991308.0,1065.0,-4261.0,-2663.0,21210000.0,54715000.0,100276000.0,idle
136548,26337.0,-7182.0,10003279.0,-1065.0,-3728.0,-2663.0,21210000.0,54715000.0,100276000.0,idle
136558,33519.0,3591.0,9997294.0,532.0,-3728.0,-2663.0,21210000.0,54715000.0,100276000.0,idle
136568,28731.0,13168.0,9997294.0,-1065.0,-3195.0,-2663.0,21210000.0,54715000.0,100276000.0,idle
136578,26337.0,-4788.0,9978139.0,0.0,-4261.0,-1597.0,21210000.0,54715000.0,100276000.0,idle
136588,38308.0,-1197.0,9987717.0,0.0,-3728.0,-1597.0,21210000.0,54715000.0,100276000.0,idle
136598,27534.0,4788.0,9992505.0,0.0,-3195.0,-2130.0,21210000.0,54715000.0,100276000.0,idle
136608,21548.0,-15562.0,9991308.0,0.0,-3728.0,-2663.0,21210000.0,54715000.0,100276000.0,idle
136618,14365.0,-8379.0,9997294.0,-532.0,-3728.0,-3195.0,21210000.0,54715000.0,100276000.0,idle
136628,25139.0,8379.0,10003279.0,532.0,-4261.0,-2663.0,21210000.0,54715000.0,100276000.0,idle
136638,34716.0,4788.0,9993702.0,0.0,-3728.0,-1065.0,21210000.0,54715000.0,100276000.0,idle
136648,31125.0,-17957.0,9991308.0,0.0,-4261.0,0.0,21210000.0,54715000.0,100276000.0,idle
136658,21548.0,-11971.0,9993702.0,-532.0,-3195.0,-2663.0,21210000.0,54715000.0,100276000.0,idle
136668,19154.0,1197.0,10003279.0,0.0,-2663.0,-1597.0,21210000.0,54715000.0,100276000.0,idle
136678,26337.0,2394.0,9988914.0,532.0,-3728.0,-2663.0,21210000.0,54715000.0,100276000.0,idle
136688,15562.0,-4788.0,9984125.0,532.0,-4261.0,-2663.0,21210000.0,54715000.0,100276000.0,idle
136698,17957.0,-1197.0,9985322.0,-532.0,-4793.0,-2130.0,21210000.0,54715000.0,100276000.0,idle
136708,31125.0,9577.0,9986519.0,-532.0,-4261.0,-1597.0,21210000.0,54715000.0,100276000.0,idle
136718,29928.0,-13168.0,10002082.0,1065.0,-3195.0,-532.0,21210000.0,54715000.0,100276000.0,idle
136728,1197.0,-15562.0,10002082.0,532.0,-2663.0,-2663.0,21210000.0,54715000.0,100276000.0,idle
136738,28731.0,3591.0,9993702.0,1065.0,-3728.0,-2663.0,21210000.0,54715000.0,100276000.0,idle
136749,27534.0,-8379.0,10006871.0,-532.0,-4261.0,-1597.0,21210000.0,54715000.0,100276000.0,idle
136758,19154.0,-10774.0,9993702.0,0.0,-3195.0,-1597.0,21210000.0,54715000.0,100276000.0,idle
136768,26337.0,-11971.0,9988914.0,0.0,-3728.0,-2130.0,21210000.0,54715000.0,100276000.0,idle
136778,19154.0,-3591.0,9994899.0,-532.0,-3195.0,-1597.0,21210000.0,54715000.0,100276000.0,idle
136788,32322.0,0.0,9992505.0,0.0,-3728.0,-1597.0,21210000.0,54715000.0,100276000.0,idle
136799,19154.0,7182.0,10002082.0,532.0,-3728.0,-2130.0,21210000.0,54715000.0,100276000.0,idle
136808,11971.0,5985.0,9984125.0,0.0,-3728.0,-1597.0,21210000.0,54715000.0,100276000.0,idle
136818,28731.0,-1197.0,10008068.0,1065.0,-2663.0,-1597.0,21210000.0,54715000.0,100276000.0,idle
136828,27534.0,-3591.0,10009265.0,532.0,-4261.0,-2663.0,21210000.0,54715000.0,100276000.0,idle
136838,19154.0,-10774.0,10008068.0,-532.0,-3728.0,-2663.0,21210000.0,54715000.0,100276000.0,idle
136849,20351.0,-15562.0,10000885.0,-1065.0,-3195.0,-2663.0,21210000.0,54715000.0,100276000.0,idle
136858,34716.0,-11971.0,10012856.0,-532.0,-3195.0,-2663.0,21210000.0,54715000.0,100276000.0,idle
136868,26337.0,-4788.0,9993702.0,-532.0,-3728.0,-3195.0,21210000.0,54715000.0,100276000.0,idle
136879,-4788.0,-2394.0,9996096.0,-1597.0,-4793.0,-3728.0,21210000.0,54715000.0,100276000.0,idle
136889,29928.0,2394.0,9999688.0,0.0,-4793.0,-2663.0,21210000.0,54715000.0,100276000.0,idle
136899,41899.0,-2394.0,9993702.0,532.0,-2663.0,-2663.0,21210000.0,54715000.0,100276000.0,idle
136909,26337.0,-10774.0,10002082.0,0.0,-3728.0,-3195.0,21210000.0,54715000.0,100276000.0,idle
136919,19154.0,3591.0,10014054.0,532.0,-4261.0,-532.0,21210000.0,54715000.0,100276000.0,idle
136929,35914.0,-7182.0,10012856.0,-532.0,-4261.0,-1597.0,21210000.0,54715000.0,100276000.0,idle
136939,29928.0,-8379.0,10005674.0,1597.0,-3728.0,-1065.0,21210000.0,54715000.0,100276000.0,idle
136949,21548.0,4788.0,9990111.0,1597.0,-4261.0,-1597.0,21210000.0,54715000.0,100276000.0,idle
136959,34716.0,2394.0,9998491.0,532.0,-5859.0,-3195.0,21210000.0,54715000.0,100276000.0,idle
136969,28731.0,-3591.0,10002082.0,1065.0,-4793.0,-3728.0,21210000.0,54715000.0,100276000.0,idle
136979,13168.0,-10774.0,10002082.0,-532.0,-5326.0,-2130.0,21210000.0,54715000.0,100276000.0,idle
136989,17957.0,-14365.0,9999688.0,-532.0,-6391.0,-1065.0,21210000.0,54715000.0,100276000.0,idle
136999,33519.0,-2394.0,9996096.0,1597.0,-5859.0,-3195.0,21210000.0,54715000.0,100276000.0,idle
137009,29928.0,4788.0,10006871.0,0.0,-4793.0,-2130.0,21210000.0,54715000.0,100276000.0,idle
137019,23942.0,4788.0,10000885.0,-532.0,-4261.0,-2130.0,21210000.0,54715000.0,100276000.0,idle
137029,16759.0,-4788.0,9993702.0,1597.0,-3728.0,-1065.0,21210000.0,54715000.0,100276000.0,idle
137039,13168.0,0.0,10003279.0,0.0,-3728.0,-532.0,21210000.0,54715000.0,100276000.0,idle
137049,34716.0,4788.0,10008068.0,-1597.0,-3195.0,-1065.0,21210000.0,54715000.0,100276000.0,idle
137059,35914.0,7182.0,10005674.0,-1597.0,-3728.0,-2663.0,21210000.0,54715000.0,100276000.0,idle
137069,32322.0,-16759.0,9998491.0,1065.0,-3728.0,-2130.0,21210000.0,54715000.0,100276000.0,idle
137079,27534.0,-2394.0,9987717.0,532.0,-3195.0,-2663.0,21210000.0,54715000.0,100276000.0,idle
137089,17957.0,3591.0,9990111.0,0.0,-3728.0,-3728.0,21210000.0,54715000.0,100276000.0,idle
137099,31125.0,-9577.0,9987717.0,0.0,-3195.0,-1597.0,21210000.0,54715000.0,100276000.0,idle
137109,32322.0,-7182.0,10009265.0,-1065.0,-4261.0,-532.0,21210000.0,54715000.0,100276000.0,idle
137119,3591.0,-7182.0,10006871.0,532.0,-5326.0,-2130.0,21210000.0,54715000.0,100276000.0,idle
137129,43096.0,-13168.0,9986519.0,0.0,-3728.0,-3195.0,21210000.0,54715000.0,100276000.0,idle
137139,51476.0,-7182.0,9984125.0,532.0,-4261.0,-1065.0,21210000.0,54715000.0,100276000.0,idle
137149,21548.0,-1197.0,9996096.0,0.0,-4793.0,-2130.0,21210000.0,54715000.0,100276000.0,idle
137159,25139.0,-11971.0,10010462.0,-2130.0,-3728.0,-2663.0,21210000.0,54715000.0,100276000.0,idle
137169,25139.0,-7182.0,9999688.0,-1597.0,-3728.0,-1597.0,21210000.0,54715000.0,100276000.0,idle
137179,2394.0,-3591.0,9987717.0,0.0,-4261.0,-2130.0,21210000.0,54715000.0,100276000.0,idle
137189,16759.0,-8379.0,9979337.0,532.0,-4793.0,-1597.0,21210000.0,54715000.0,100276000.0,idle
137199,41899.0,-13168.0,9994899.0,0.0,-4261.0,-2663.0,21210000.0,54715000.0,100276000.0,idle
137209,38308.0,-21548.0,10008068.0,-1065.0,-4793.0,-3728.0,21210000.0,54715000.0,100276000.0,idle
137219,32322.0,-15562.0,10000885.0,0.0,-4793.0,-2130.0,21210000.0,54715000.0,100276000.0,idle
137229,27534.0,-5985.0,10003279.0,532.0,-3728.0,-3728.0,21200000.0,54656000.0,100272000.0,idle
137239,27534.0,-5985.0,10003279.0,532.0,-3728.0,-3728.0,21200000.0,54656000.0,100272000.0,idle
137249,39505.0,0.0,9994899.0,1065.0,-3195.0,-2663.0,21200000.0,54656000.0,100272000.0,idle
137259,28731.0,11971.0,9999688.0,532.0,-3195.0,-2663.0,21200000.0,54656000.0,100272000.0,idle
137269,23942.0,1197.0,10002082.0,0.0,-4261.0,-1597.0,21200000.0,54656000.0,100272000.0,idle
137279,15562.0,-4788.0,10015251.0,0.0,-3195.0,-1597.0,21200000.0,54656000.0,100272000.0,idle
137289,31125.0,-19154.0,9999688.0,1065.0,-3195.0,-3195.0,21200000.0,54656000.0,100272000.0,idle
137299,25139.0,-16759.0,9991308.0,1065.0,-4793.0,-2663.0,21200000.0,54656000.0,100272000.0,idle
137309,13168.0,-4788.0,9998491.0,0.0,-3728.0,-2663.0,21200000.0,54656000.0,100272000.0,idle
137319,19154.0,3591.0,9992505.0,0.0,-2663.0,-1597.0,21200000.0,54656000.0,100272000.0,idle
137329,25139.0,0.0,10004476.0,0.0,-3195.0,-2130.0,21200000.0,54656000.0,100272000.0,idle
137339,29928.0,-14365.0,10003279.0,0.0,-3728.0,-2663.0,21200000.0,54656000.0,100272000.0,idle
137349,25139.0,-13168.0,9996096.0,0.0,-4261.0,-1065.0,21200000.0,54656000.0,100272000.0,idle
137359,23942.0,-8379.0,10003279.0,532.0,-3728.0,-1597.0,21200000.0,54656000.0,100272000.0,idle
137369,15562.0,-11971.0,10000885.0,532.0,-4261.0,-1597.0,21200000.0,54656000.0,100272000.0,idle
137379,29928.0,-3591.0,10009265.0,1065.0,-3728.0,-2663.0,21200000.0,54656000.0,100272000.0,idle
137389,23942.0,-4788.0,10011659.0,0.0,-4261.0,-2130.0,21200000.0,54656000.0,100272000.0,idle
137399,28731.0,2394.0,9998491.0,0.0,-3195.0,-1065.0,21200000.0,54656000.0,100272000.0,idle
137409,31125.0,-5985.0,9996096.0,1065.0,-3195.0,-2663.0,21200000.0,54656000.0,100272000.0,idle
137419,9577.0,-13168.0,10006871.0,532.0,-4261.0,-2130.0,21200000.0,54656000.0,100272000.0,idle
137429,31125.0,-10774.0,9991308.0,532.0,-4261.0,-1597.0,21200000.0,54656000.0,100272000.0,idle
137439,17957.0,0.0,9999688.0,532.0,-4261.0,-2663.0,21200000.0,54656000.0,100272000.0,idle
137449,34716.0,-2394.0,10002082.0,532.0,-4261.0,-3195.0,21200000.0,54656000.0,100272000.0,idle
137459,38308.0,-8379.0,10003279.0,0.0,-3728.0,-3195.0,21200000.0,54656000.0,100272000.0,idle
137469,34716.0,-4788.0,10011659.0,0.0,-4793.0,-532.0,21200000.0,54656000.0,100272000.0,idle
137479,23942.0,-8379.0,10012856.0,1065.0,-3728.0,-1065.0,21200000.0,54656000.0,100272000.0,idle
137489,34716.0,-5985.0,9996096.0,0.0,-3728.0,-1597.0,21200000.0,54656000.0,100272000.0,idle
137499,31125.0,7182.0,10004476.0,1065.0,-5326.0,-1597.0,21200000.0,54656000.0,100272000.0,idle
137510,32322.0,1197.0,9997294.0,532.0,-4261.0,-2130.0,21200000.0,54656000.0,100272000.0,idle
137520,32322.0,-7182.0,9987717.0,-1065.0,-3728.0,-2130.0,21200000.0,54656000.0,100272000.0,idle
137530,22745.0,-4788.0,9997294.0,0.0,-5326.0,-2663.0,21200000.0,54656000.0,100272000.0,idle
137540,49082.0,-13168.0,9981731.0,0.0,-4261.0,-1597.0,21200000.0,54656000.0,100272000.0,idle
137550,15562.0,-29928.0,10002082.0,1065.0,-3195.0,-2130.0,21200000.0,54656000.0,100272000.0,idle
137560,44294.0,5985.0,10009265.0,-532.0,-4261.0,-1597.0,21200000.0,54656000.0,100272000.0,idle
137570,49082.0,20351.0,9991308.0,532.0,-4261.0,-2130.0,21200000.0,54656000.0,100272000.0,idle
137580,17957.0,-1197.0,9996096.0,-532.0,-4793.0,-2130.0,21200000.0,54656000.0,100272000.0,idle
137590,28731.0,-27534.0,9993702.0,532.0,-4793.0,-1597.0,21200000.0,54656000.0,100272000.0,idle
137600,15562.0,-25139.0,9994899.0,1065.0,-3728.0,-3195.0,21200000.0,54656000.0,100272000.0,idle
137610,4788.0,4788.0,9992505.0,0.0,-4793.0,-2130.0,21200000.0,54656000.0,100272000.0,idle
137620,56265.0,-3591.0,9980534.0,-532.0,-4261.0,-2663.0,21200000.0,54656000.0,100272000.0,idle
137630,33519.0,-16759.0,10003279.0,-532.0,-5326.0,-2130.0,21200000.0,54656000.0,100272000.0,idle
137640,9577.0,-9577.0,10033208.0,1065.0,-4261.0,-2663.0,21200000.0,54656000.0,100272000.0,idle
137650,27534.0,7182.0,9997294.0,0.0,-4261.0,-2130.0,21200000.0,54656000.0,100272000.0,idle
137660,35914.0,-3591.0,9987717.0,-1597.0,-4793.0,-1065.0,21200000.0,54656000.0,100272000.0,idle
137670,9577.0,-8379.0,10000885.0,-1065.0,-4261.0,-2130.0,21200000.0,54656000.0,100272000.0,idle
137680,9577.0,-14365.0,10006871.0,-532.0,-5326.0,-2663.0,21200000.0,54656000.0,100272000.0,idle
137690,44294.0,-21548.0,9996096.0,0.0,-4261.0,-1597.0,21200000.0,54656000.0,100272000.0,idle
137700,28731.0,-3591.0,9992505.0,0.0,-5326.0,-3195.0,21200000.0,54656000.0,100272000.0,idle
137710,-4788.0,8379.0,9982928.0,0.0,-4261.0,-2130.0,21200000.0,54656000.0,100272000.0,idle
137720,26337.0,-13168.0,9976942.0,0.0,-3728.0,-1065.0,21200000.0,54656000.0,100272000.0,idle
137730,33519.0,-19154.0,10003279.0,-532.0,-2663.0,-1065.0,21200000.0,54656000.0,100272000.0,idle
137740,22745.0,1197.0,10021236.0,532.0,-2663.0,-1597.0,21200000.0,54656000.0,100272000.0,idle
137750,21548.0,7182.0,9991308.0,0.0,-4261.0,-2130.0,21200000.0,54656000.0,100272000.0,idle
137760,41899.0,-3591.0,9976942.0,532.0,-3728.0,-2663.0,21200000.0,54656000.0,100272000.0,idle
137770,21548.0,-22745.0,9990111.0,0.0,-4261.0,-2663.0,21200000.0,54656000.0,100272000.0,idle
137780,8379.0,-5985.0,10002082.0,0.0,-4261.0,-3195.0,21200000.0,54656000.0,100272000.0,idle
137790,23942.0,7182.0,9988914.0,0.0,-4793.0,-2130.0,21200000.0,54656000.0,100272000.0,idle
137800,35914.0,-13168.0,9998491.0,-532.0,-3728.0,-3728.0,21200000.0,54656000.0,100272000.0,idle
137810,25139.0,2394.0,10000885.0,0.0,-4793.0,-3728.0,21200000.0,54656000.0,100272000.0,idle
137820,29928.0,-5985.0,9987717.0,-1065.0,-4261.0,-2663.0,21200000.0,54656000.0,100272000.0,idle
137830,27534.0,-7182.0,9974548.0,-1597.0,-4261.0,-2663.0,21200000.0,54656000.0,100272000.0,idle
137840,35914.0,3591.0,10014054.0,0.0,-3728.0,-2663.0,21200000.0,54656000.0,100272000.0,idle
137850,11971.0,0.0,10022434.0,0.0,-3728.0,-2663.0,21200000.0,54656000.0,100272000.0,idle
137860,26337.0,-4788.0,9988914.0,0.0,-5326.0,-1597.0,21200000.0,54656000.0,100272000.0,idle
137870,32322.0,2394.0,9964971.0,-1065.0,-3195.0,-1597.0,21200000.0,54656000.0,100272000.0,idle
137880,26337.0,-8379.0,10000885.0,0.0,-3728.0,-2130.0,21200000.0,54656000.0,100272000.0,idle
137890,28731.0,-4788.0,9999688.0,1597.0,-4261.0,-1597.0,21200000.0,54656000.0,100272000.0,idle
137900,23942.0,-4788.0,10000885.0,-1065.0,-4261.0,-2130.0,21200000.0,54656000.0,100272000.0,idle
137910,15562.0,-5985.0,9991308.0,-532.0,-3728.0,-3728.0,21200000.0,54656000.0,100272000.0,idle
137920,20351.0,-1197.0,10004476.0,532.0,-3195.0,-1065.0,21200000.0,54656000.0,100272000.0,idle
137930,27534.0,1197.0,9998491.0,-532.0,-2130.0,-2130.0,21200000.0,54656000.0,100272000.0,idle
137940,46688.0,14365.0,9984125.0,0.0,-3195.0,-1597.0,21200000.0,54656000.0,100272000.0,idle
137950,25139.0,-3591.0,9999688.0,-1065.0,-4793.0,-1597.0,21200000.0,54656000.0,100272000.0,idle
137960,19154.0,-2394.0,9991308.0,-1597.0,-2663.0,-2130.0,21200000.0,54656000.0,100272000.0,idle
137970,21548.0,-1197.0,9986519.0,-532.0,-3195.0,-2130.0,21200000.0,54656000.0,100272000.0,idle
137980,29928.0,-10774.0,10004476.0,-532.0,-5326.0,-2130.0,21200000.0,54656000.0,100272000.0,idle
138010,32322.0,-17957.0,9992505.0,-1597.0,-4261.0,-2130.0,21200000.0,54656000.0,100272000.0,idle
138020,22745.0,-5985.0,9998491.0,532.0,-3195.0,-2130.0,21200000.0,54656000.0,100272000.0,idle
138030,26337.0,-2394.0,9991308.0,532.0,-3728.0,-2130.0,21200000.0,54656000.0,100272000.0,idle
138040,25139.0,-19154.0,10002082.0,-532.0,-3728.0,-1597.0,21200000.0,54656000.0,100272000.0,idle
138050,19154.0,1197.0,10011659.0,0.0,-4793.0,-2130.0,21200000.0,54656000.0,100272000.0,idle
138060,38308.0,-11971.0,10005674.0,0.0,-4261.0,-1597.0,21200000.0,54656000.0,100272000.0,idle
138070,25139.0,-5985.0,10003279.0,-532.0,-3728.0,-1597.0,21200000.0,54656000.0,100272000.0,idle
138080,23942.0,7182.0,9997294.0,-1065.0,-3728.0,-2130.0,21200000.0,54656000.0,100272000.0,idle
138090,31125.0,-14365.0,9976942.0,532.0,-4793.0,-1597.0,21200000.0,54656000.0,100272000.0,idle
138100,22745.0,-17957.0,9994899.0,-532.0,-5326.0,-2663.0,21200000.0,54656000.0,100272000.0,idle
138110,34716.0,-17957.0,10020039.0,-1065.0,-4261.0,-2663.0,21200000.0,54656000.0,100272000.0,idle
138121,29928.0,-1197.0,10012856.0,-1597.0,-3728.0,-2130.0,21200000.0,54656000.0,100272000.0,idle
138130,26337.0,-2394.0,9991308.0,-532.0,-3728.0,-2663.0,21200000.0,54656000.0,100272000.0,idle
138141,13168.0,-2394.0,10004476.0,0.0,-3728.0,-2663.0,21200000.0,54656000.0,100272000.0,idle
138151,27534.0,-11971.0,10004476.0,0.0,-3728.0,-2663.0,21200000.0,54656000.0,100272000.0,idle
138161,27534.0,-17957.0,10006871.0,-1597.0,-5326.0,-2130.0,21200000.0,54656000.0,100272000.0,idle
138221,23942.0,-15562.0,10009265.0,-1065.0,-3728.0,-1597.0,21200000.0,54656000.0,100272000.0,idle
138231,20351.0,-4788.0,9991308.0,0.0,-4261.0,-2130.0,21180000.0,54572000.0,100276000.0,idle
138241,34716.0,-5985.0,9994899.0,-532.0,-5326.0,-1065.0,21180000.0,54572000.0,100276000.0,idle
138251,37111.0,-13168.0,10021236.0,-532.0,-4261.0,-1065.0,21180000.0,54572000.0,100276000.0,idle
138261,27534.0,-8379.0,10002082.0,-532.0,-3728.0,-1597.0,21180000.0,54572000.0,100276000.0,idle
138271,25139.0,4788.0,10006871.0,532.0,-3195.0,-1065.0,21180000.0,54572000.0,100276000.0,idle
138281,32322.0,-5985.0,9997294.0,2130.0,-3728.0,-1597.0,21180000.0,54572000.0,100276000.0,idle
138291,33519.0,-3591.0,9991308.0,0.0,-4261.0,-2130.0,21180000.0,54572000.0,100276000.0,idle
138301,31125.0,-7182.0,10000885.0,0.0,-4261.0,0.0,21180000.0,54572000.0,100276000.0,idle
138311,31125.0,-7182.0,10000885.0,0.0,-4261.0,0.0,21180000.0,54572000.0,100276000.0,idle
138321,33519.0,-4788.0,10008068.0,0.0,-3728.0,-1597.0,21180000.0,54572000.0,100276000.0,idle
138331,26337.0,-9577.0,10004476.0,0.0,-3195.0,-2663.0,21180000.0,54572000.0,100276000.0,idle
138341,47885.0,-3591.0,9982928.0,0.0,-3195.0,-2130.0,21180000.0,54572000.0,100276000.0,idle
138351,21548.0,-10774.0,10003279.0,-532.0,-4261.0,-2130.0,21180000.0,54572000.0,100276000.0,idle
138361,19154.0,-10774.0,9996096.0,-532.0,-3728.0,-1597.0,21180000.0,54572000.0,100276000.0,idle
138371,31125.0,-1197.0,9997294.0,0.0,-4261.0,-1065.0,21180000.0,54572000.0,100276000.0,idle
138381,20351.0,-5985.0,10008068.0,532.0,-3195.0,-2130.0,21180000.0,54572000.0,100276000.0,idle
138391,26337.0,7182.0,10003279.0,-532.0,-4261.0,-2130.0,21180000.0,54572000.0,100276000.0,idle
138401,19154.0,-2394.0,10005674.0,-1065.0,-3728.0,-1597.0,21180000.0,54572000.0,100276000.0,idle
138411,17957.0,-8379.0,9988914.0,0.0,-5326.0,-1597.0,21180000.0,54572000.0,100276000.0,idle
138421,29928.0,-14365.0,9997294.0,532.0,-5326.0,-1597.0,21180000.0,54572000.0,100276000.0,idle
138431,17957.0,-1197.0,10008068.0,1065.0,-3728.0,-1597.0,21180000.0,54572000.0,100276000.0,idle
138441,31125.0,-5985.0,9997294.0,0.0,-3728.0,-1597.0,21180000.0,54572000.0,100276000.0,idle
138451,25139.0,-11971.0,9992505.0,0.0,-3195.0,-532.0,21180000.0,54572000.0,100276000.0,idle
138461,4788.0,-9577.0,9996096.0,-532.0,-3728.0,-1065.0,21180000.0,54572000.0,100276000.0,idle
138471,15562.0,-2394.0,10009265.0,532.0,-3195.0,-1065.0,21180000.0,54572000.0,100276000.0,idle
138481,40702.0,-9577.0,10011659.0,0.0,-3728.0,-4261.0,21180000.0,54572000.0,100276000.0,idle
138491,20351.0,0.0,10020039.0,-1065.0,-3195.0,-2663.0,21180000.0,54572000.0,100276000.0,idle
138501,23942.0,-3591.0,9992505.0,0.0,-3728.0,-1597.0,21180000.0,54572000.0,100276000.0,idle
138511,17957.0,-3591.0,9980534.0,1065.0,-3728.0,-1597.0,21180000.0,54572000.0,100276000.0,idle
138521,19154.0,-1197.0,9987717.0,532.0,-4261.0,-2663.0,21180000.0,54572000.0,100276000.0,idle
138531,39505.0,-3591.0,10000885.0,532.0,-3728.0,-3728.0,21180000.0,54572000.0,100276000.0,idle
138541,35914.0,-1197.0,10002082.0,-532.0,-3728.0,-1597.0,21180000.0,54572000.0,100276000.0,idle
138551,17957.0,5985.0,10006871.0,1597.0,-2663.0,-2130.0,21180000.0,54572000.0,100276000.0,idle
138561,32322.0,8379.0,9992505.0,532.0,-2663.0,-2663.0,21180000.0,54572000.0,100276000.0,idle
138571,29928.0,-9577.0,9990111.0,0.0,-3195.0,-2130.0,21180000.0,54572000.0,100276000.0,idle
138581,23942.0,-10774.0,9999688.0,-1597.0,-3195.0,-2663.0,21180000.0,54572000.0,100276000.0,idle
138591,17957.0,-4788.0,9984125.0,532.0,-3728.0,-1597.0,21180000.0,54572000.0,100276000.0,idle
138601,38308.0,0.0,9990111.0,-532.0,-4261.0,-2663.0,21180000.0,54572000.0,100276000.0,idle
138611,29928.0,-10774.0,9987717.0,-532.0,-3728.0,-2663.0,21180000.0,54572000.0,100276000.0,idle
138621,28731.0,-9577.0,10002082.0,0.0,-4793.0,-2130.0,21180000.0,54572000.0,100276000.0,idle
138631,27534.0,-13168.0,9996096.0,-532.0,-3728.0,-2663.0,21180000.0,54572000.0,100276000.0,idle
138641,21548.0,-4788.0,9994899.0,-532.0,-3728.0,-1597.0,21180000.0,54572000.0,100276000.0,idle
138651,23942.0,-2394.0,9987717.0,0.0,-3728.0,-2663.0,21180000.0,54572000.0,100276000.0,idle
138661,25139.0,2394.0,9993702.0,-532.0,-1597.0,-1065.0,21180000.0,54572000.0,100276000.0,idle
138671,43096.0,-2394.0,9988914.0,532.0,-3728.0,-2130.0,21180000.0,54572000.0,100276000.0,idle
138681,47885.0,2394.0,9991308.0,532.0,-4793.0,-3195.0,21180000.0,54572000.0,100276000.0,idle
138691,19154.0,-4788.0,9990111.0,532.0,-4793.0,-2663.0,21180000.0,54572000.0,100276000.0,idle
138701,31125.0,-9577.0,9985322.0,1065.0,-3728.0,-1597.0,21180000.0,54572000.0,100276000.0,idle
138711,39505.0,-13168.0,9988914.0,-532.0,-3195.0,-1065.0,21180000.0,54572000.0,100276000.0,idle
138721,37111.0,-5985.0,9996096.0,0.0,-3728.0,-3195.0,21180000.0,54572000.0,100276000.0,idle
138731,34716.0,-4788.0,10000885.0,532.0,-3728.0,-3728.0,21180000.0,54572000.0,100276000.0,idle
138741,16759.0,1197.0,10012856.0,1065.0,-3195.0,-2130.0,21180000.0,54572000.0,100276000.0,idle
138752,22745.0,10774.0,9984125.0,1065.0,-3195.0,-2130.0,21180000.0,54572000.0,100276000.0,idle
138762,23942.0,5985.0,9994899.0,0.0,-3728.0,-2130.0,21180000.0,54572000.0,100276000.0,idle
138772,26337.0,-2394.0,10002082.0,532.0,-3728.0,-1065.0,21180000.0,54572000.0,100276000.0,idle
138782,17957.0,-8379.0,10014054.0,1597.0,-4261.0,-1597.0,21180000.0,54572000.0,100276000.0,idle
138792,27534.0,-8379.0,9996096.0,-532.0,-3195.0,-2663.0,21180000.0,54572000.0,100276000.0,idle
138802,10774.0,-4788.0,9994899.0,-1597.0,-3728.0,0.0,21180000.0,54572000.0,100276000.0,idle
138812,29928.0,2394.0,10009265.0,-532.0,-4261.0,0.0,21180000.0,54572000.0,100276000.0,idle
138822,11971.0,7182.0,9992505.0,0.0,-3195.0,-1597.0,21180000.0,54572000.0,100276000.0,idle
138832,20351.0,-26337.0,9997294.0,-532.0,-4261.0,-3195.0,21180000.0,54572000.0,100276000.0,idle
138842,20351.0,-11971.0,10004476.0,0.0,-4261.0,-3195.0,21180000.0,54572000.0,100276000.0,idle
138852,26337.0,-9577.0,9988914.0,-532.0,-3195.0,-1597.0,21180000.0,54572000.0,100276000.0,idle
138862,26337.0,-2394.0,9996096.0,-1065.0,-4793.0,-1597.0,21180000.0,54572000.0,100276000.0,idle
138872,28731.0,-9577.0,9985322.0,0.0,-4261.0,-2130.0,21180000.0,54572000.0,100276000.0,idle
138882,32322.0,-5985.0,9990111.0,0.0,-4261.0,-1597.0,21180000.0,54572000.0,100276000.0,idle
138892,25139.0,2394.0,9984125.0,1065.0,-3728.0,-1597.0,21180000.0,54572000.0,100276000.0,idle
138902,22745.0,-4788.0,9985322.0,-532.0,-2663.0,-2663.0,21180000.0,54572000.0,100276000.0,idle
138912,37111.0,-3591.0,9990111.0,-1065.0,-3728.0,-3728.0,21180000.0,54572000.0,100276000.0,idle
138922,32322.0,-14365.0,9987717.0,532.0,-3195.0,-2130.0,21180000.0,54572000.0,100276000.0,idle
138932,31125.0,-5985.0,10000885.0,0.0,-3195.0,-2130.0,21180000.0,54572000.0,100276000.0,idle
138942,32322.0,-9577.0,10009265.0,1065.0,-3195.0,-2130.0,21180000.0,54572000.0,100276000.0,idle
138952,29928.0,-2394.0,9999688.0,532.0,-2663.0,-1597.0,21180000.0,54572000.0,100276000.0,idle
138962,37111.0,-5985.0,9988914.0,532.0,-2130.0,-1597.0,21180000.0,54572000.0,100276000.0,idle
138972,19154.0,-17957.0,9976942.0,0.0,-3728.0,-2663.0,21180000.0,54572000.0,100276000.0,idle
138982,23942.0,-9577.0,10003279.0,0.0,-3728.0,-2130.0,21180000.0,54572000.0,100276000.0,idle
138992,16759.0,-1197.0,10008068.0,1065.0,-4261.0,-1065.0,21180000.0,54572000.0,100276000.0,idle
139002,28731.0,1197.0,9992505.0,532.0,-2663.0,-1597.0,21180000.0,54572000.0,100276000.0,idle
139012,26337.0,10774.0,9990111.0,1597.0,-3195.0,-1597.0,21180000.0,54572000.0,100276000.0,idle
139022,23942.0,2394.0,9997294.0,1065.0,-3728.0,-2663.0,21180000.0,54572000.0,100276000.0,idle
139032,29928.0,-10774.0,10002082.0,-532.0,-4261.0,-2663.0,21180000.0,54572000.0,100276000.0,idle
139042,20351.0,-10774.0,10002082.0,0.0,-4261.0,-1597.0,21180000.0,54572000.0,100276000.0,idle
139052,16759.0,-2394.0,9979337.0,2130.0,-4793.0,-1597.0,21180000.0,54572000.0,100276000.0,idle
139062,23942.0,-3591.0,9979337.0,-1597.0,-3728.0,-2663.0,21180000.0,54572000.0,100276000.0,idle
139072,37111.0,-4788.0,9996096.0,-1065.0,-3195.0,-2130.0,21180000.0,54572000.0,100276000.0,idle
139082,17957.0,-19154.0,9990111.0,-532.0,-3728.0,-1597.0,21180000.0,54572000.0,100276000.0,idle
139092,19154.0,-8379.0,9998491.0,532.0,-2663.0,-2663.0,21180000.0,54572000.0,100276000.0,idle
139102,38308.0,-9577.0,9991308.0,-532.0,-4261.0,-1065.0,21180000.0,54572000.0,100276000.0,idle
139112,22745.0,-15562.0,9990111.0,-532.0,-3728.0,-1065.0,21180000.0,54572000.0,100276000.0,idle
139122,25139.0,1197.0,9997294.0,-1065.0,-3728.0,-2130.0,21180000.0,54572000.0,100276000.0,idle
139132,33519.0,-1197.0,9993702.0,-532.0,-4261.0,-3195.0,21180000.0,54572000.0,100276000.0,idle
139142,23942.0,1197.0,9990111.0,-1065.0,-3728.0,-2663.0,21180000.0,54572000.0,100276000.0,idle
139153,19154.0,-7182.0,10014054.0,0.0,-4261.0,-2130.0,21180000.0,54572000.0,100276000.0,idle
139162,21548.0,-1197.0,10000885.0,1065.0,-3728.0,-532.0,21180000.0,54572000.0,100276000.0,idle
139172,26337.0,-5985.0,10003279.0,532.0,-4261.0,-1065.0,21180000.0,54572000.0,100276000.0,idle
139182,23942.0,-7182.0,9991308.0,0.0,-4261.0,-2130.0,21180000.0,54572000.0,100276000.0,idle
139192,31125.0,-13168.0,9990111.0,-1065.0,-3728.0,-2663.0,21180000.0,54572000.0,100276000.0,idle
139202,28731.0,-7182.0,9985322.0,-532.0,-3195.0,-2663.0,21180000.0,54572000.0,100276000.0,idle
139212,25139.0,-4788.0,10005674.0,0.0,-3728.0,-2130.0,21180000.0,54572000.0,100276000.0,idle
139222,26337.0,5985.0,10012856.0,1065.0,-4793.0,-1597.0,21180000.0,54572000.0,100276000.0,idle
139232,37111.0,8379.0,9990111.0,-532.0,-2663.0,-3195.0,21180000.0,54504000.0,100276000.0,idle
139242,17957.0,-4788.0,9986519.0,-1597.0,-3195.0,-1597.0,21180000.0,54504000.0,100276000.0,idle
139252,16759.0,-11971.0,9993702.0,0.0,-3728.0,-2130.0,21180000.0,54504000.0,100276000.0,idle
139262,21548.0,-9577.0,10011659.0,0.0,-4793.0,-2130.0,21180000.0,54504000.0,100276000.0,idle
139272,31125.0,5985.0,10011659.0,-1065.0,-4261.0,-1597.0,21180000.0,54504000.0,100276000.0,idle
139282,32322.0,1197.0,9997294.0,532.0,-4793.0,-2130.0,21180000.0,54504000.0,100276000.0,idle
139292,21548.0,1197.0,9997294.0,1065.0,-5326.0,-1065.0,21180000.0,54504000.0,100276000.0,idle
139302,10774.0,-3591.0,9994899.0,0.0,-1597.0,-2663.0,21180000.0,54504000.0,100276000.0,idle
139312,15562.0,9577.0,10002082.0,532.0,-3195.0,-2663.0,21180000.0,54504000.0,100276000.0,idle
139322,35914.0,-2394.0,9993702.0,532.0,-5326.0,-2663.0,21180000.0,54504000.0,100276000.0,idle
139332,35914.0,0.0,10005674.0,0.0,-4793.0,-2130.0,21180000.0,54504000.0,100276000.0,idle
139342,31125.0,-17957.0,10002082.0,-532.0,-3195.0,-2130.0,21180000.0,54504000.0,100276000.0,idle
139352,34716.0,2394.0,10005674.0,-1065.0,-3195.0,-3195.0,21180000.0,54504000.0,100276000.0,idle
139362,22745.0,-8379.0,10004476.0,1597.0,-3728.0,-1597.0,21180000.0,54504000.0,100276000.0,idle
139373,22745.0,-8379.0,10004476.0,1597.0,-3728.0,-1597.0,21180000.0,54504000.0,100276000.0,idle
139383,23942.0,-7182.0,10004476.0,1597.0,-4793.0,-1065.0,21180000.0,54504000.0,100276000.0,idle
139393,26337.0,-17957.0,10020039.0,0.0,-3728.0,-2663.0,21180000.0,54504000.0,100276000.0,idle
139403,14365.0,3591.0,10027222.0,0.0,-4261.0,-2663.0,21180000.0,54504000.0,100276000.0,idle
139413,28731.0,-11971.0,9999688.0,0.0,-4793.0,-2130.0,21180000.0,54504000.0,100276000.0,idle
139423,27534.0,-5985.0,9994899.0,1065.0,-3728.0,-1065.0,21180000.0,54504000.0,100276000.0,idle
139433,26337.0,-3591.0,9992505.0,532.0,-2663.0,-1597.0,21180000.0,54504000.0,100276000.0,idle
139443,23942.0,-10774.0,10000885.0,0.0,-4793.0,-2130.0,21180000.0,54504000.0,100276000.0,idle
139453,28731.0,-9577.0,9990111.0,0.0,-5326.0,-1597.0,21180000.0,54504000.0,100276000.0,idle
139463,27534.0,3591.0,9996096.0,0.0,-4261.0,-532.0,21180000.0,54504000.0,100276000.0,idle
139473,27534.0,5985.0,10000885.0,-1065.0,-4261.0,-1597.0,21180000.0,54504000.0,100276000.0,idle
139483,21548.0,-11971.0,9996096.0,-532.0,-3728.0,-1597.0,21180000.0,54504000.0,100276000.0,idle
139493,17957.0,-13168.0,9994899.0,0.0,-5326.0,-3195.0,21180000.0,54504000.0,100276000.0,idle
139503,14365.0,-2394.0,9986519.0,-1065.0,-3195.0,-2663.0,21180000.0,54504000.0,100276000.0,idle
139513,20351.0,-7182.0,9984125.0,-1597.0,-4793.0,-1065.0,21180000.0,54504000.0,100276000.0,idle
139523,17957.0,-17957.0,10020039.0,0.0,-4261.0,-532.0,21180000.0,54504000.0,100276000.0,idle
139533,32322.0,4788.0,10017645.0,1065.0,-3195.0,-1597.0,21180000.0,54504000.0,100276000.0,idle
139543,22745.0,-10774.0,9997294.0,-1597.0,-4261.0,-1065.0,21180000.0,54504000.0,100276000.0,idle
139553,26337.0,-2394.0,10006871.0,-1065.0,-4793.0,-2663.0,21180000.0,54504000.0,100276000.0,idle
139563,23942.0,-10774.0,9998491.0,532.0,-4261.0,-2663.0,21180000.0,54504000.0,100276000.0,idle
139573,21548.0,-13168.0,9986519.0,532.0,-2663.0,-1597.0,21180000.0,54504000.0,100276000.0,idle
139583,20351.0,-5985.0,9998491.0,0.0,-3728.0,-1597.0,21180000.0,54504000.0,100276000.0,idle
139593,19154.0,-13168.0,10008068.0,0.0,-3728.0,-1065.0,21180000.0,54504000.0,100276000.0,idle
139603,34716.0,2394.0,9996096.0,1065.0,-4261.0,-2130.0,21180000.0,54504000.0,100276000.0,idle
139613,28731.0,-10774.0,10000885.0,0.0,-4793.0,-2663.0,21180000.0,54504000.0,100276000.0,idle
139623,19154.0,5985.0,10000885.0,1065.0,-2663.0,-3195.0,21180000.0,54504000.0,100276000.0,idle
139633,11971.0,-4788.0,9991308.0,-532.0,-4261.0,-2130.0,21180000.0,54504000.0,100276000.0,idle
139643,20351.0,-11971.0,9996096.0,532.0,-4261.0,-3195.0,21180000.0,54504000.0,100276000.0,idle
139653,25139.0,-10774.0,9984125.0,1597.0,-4261.0,-2663.0,21180000.0,54504000.0,100276000.0,idle
139663,27534.0,3591.0,10003279.0,1065.0,-3195.0,-1597.0,21180000.0,54504000.0,100276000.0,idle
139673,11971.0,-8379.0,9999688.0,0.0,-3195.0,-1597.0,21180000.0,54504000.0,100276000.0,idle
139683,23942.0,-4788.0,9991308.0,-532.0,-3195.0,-1597.0,21180000.0,54504000.0,100276000.0,idle
139693,11971.0,-1197.0,9982928.0,532.0,-4261.0,-1597.0,21180000.0,54504000.0,100276000.0,idle
139703,11971.0,-3591.0,9988914.0,1065.0,-4793.0,-2130.0,21180000.0,54504000.0,100276000.0,idle
139713,13168.0,-4788.0,10002082.0,0.0,-4793.0,-2663.0,21180000.0,54504000.0,100276000.0,idle
139723,29928.0,-2394.0,9988914.0,-532.0,-5326.0,-2130.0,21180000.0,54504000.0,100276000.0,idle
139733,26337.0,-7182.0,9993702.0,532.0,-3195.0,-1065.0,21180000.0,54504000.0,100276000.0,idle
139743,16759.0,-14365.0,10004476.0,1597.0,-3728.0,-2130.0,21180000.0,54504000.0,100276000.0,idle
139753,23942.0,1197.0,10009265.0,2130.0,-3728.0,-2663.0,21180000.0,54504000.0,100276000.0,idle
139763,25139.0,1197.0,10004476.0,0.0,-4261.0,-3728.0,21180000.0,54504000.0,100276000.0,idle
139773,20351.0,0.0,10005674.0,-532.0,-4793.0,-2663.0,21180000.0,54504000.0,100276000.0,idle
139783,33519.0,-11971.0,10006871.0,1065.0,-4261.0,-1597.0,21180000.0,54504000.0,100276000.0,idle
139793,26337.0,-9577.0,9998491.0,532.0,-5326.0,-1597.0,21180000.0,54504000.0,100276000.0,idle
139803,14365.0,-9577.0,9996096.0,0.0,-4261.0,-1065.0,21180000.0,54504000.0,100276000.0,idle
139813,28731.0,-3591.0,9985322.0,0.0,-3195.0,-1597.0,21180000.0,54504000.0,100276000.0,idle
139823,28731.0,7182.0,9991308.0,0.0,-2130.0,-2130.0,21180000.0,54504000.0,100276000.0,idle
139833,19154.0,2394.0,9996096.0,532.0,-2663.0,-2130.0,21180000.0,54504000.0,100276000.0,idle
139843,27534.0,-11971.0,9994899.0,-532.0,-4261.0,-2663.0,21180000.0,54504000.0,100276000.0,idle
139853,25139.0,-17957.0,9994899.0,-532.0,-4261.0,-1065.0,21180000.0,54504000.0,100276000.0,idle
139863,21548.0,2394.0,9991308.0,1065.0,-3728.0,-1597.0,21180000.0,54504000.0,100276000.0,idle
139873,17957.0,4788.0,10018842.0,-532.0,-5326.0,-2130.0,21180000.0,54504000.0,100276000.0,idle
139883,35914.0,-17957.0,10000885.0,-1065.0,-3728.0,-2130.0,21180000.0,54504000.0,100276000.0,idle
139893,40702.0,-13168.0,9999688.0,-1597.0,-4261.0,-2663.0,21180000.0,54504000.0,100276000.0,idle
139903,23942.0,-5985.0,9993702.0,-1065.0,-3195.0,-1597.0,21180000.0,54504000.0,100276000.0,idle
139913,34716.0,7182.0,9999688.0,0.0,-3195.0,-1597.0,21180000.0,54504000.0,100276000.0,idle
139923,35914.0,-15562.0,10006871.0,0.0,-3728.0,-3195.0,21180000.0,54504000.0,100276000.0,idle
139933,27534.0,-4788.0,10014054.0,0.0,-5326.0,-1597.0,21180000.0,54504000.0,100276000.0,idle
139943,40702.0,-8379.0,9973351.0,0.0,-5326.0,-1597.0,21180000.0,54504000.0,100276000.0,idle
139953,28731.0,-5985.0,9985322.0,0.0,-3195.0,-2130.0,21180000.0,54504000.0,100276000.0,idle
139963,8379.0,4788.0,9979337.0,-532.0,-4261.0,-2663.0,21180000.0,54504000.0,100276000.0,idle
139973,37111.0,-5985.0,10011659.0,-532.0,-4793.0,-2663.0,21180000.0,54504000.0,100276000.0,idle
139983,43096.0,-8379.0,10014054.0,-532.0,-4261.0,-2663.0,21180000.0,54504000.0,100276000.0,idle
139993,26337.0,-22745.0,10016448.0,0.0,-4261.0,-2130.0,21180000.0,54504000.0,100276000.0,idle
140004,14365.0,-14365.0,9997294.0,-532.0,-2130.0,-2663.0,21180000.0,54504000.0,100276000.0,idle
140014,35914.0,-1197.0,9992505.0,532.0,-2130.0,-2130.0,21180000.0,54504000.0,100276000.0,idle
140024,13168.0,5985.0,9980534.0,1065.0,-4793.0,-1065.0,21180000.0,54504000.0,100276000.0,idle
140034,20351.0,-1197.0,9991308.0,532.0,-4793.0,-1597.0,21180000.0,54504000.0,100276000.0,idle
140044,27534.0,-22745.0,10009265.0,532.0,-3728.0,-2130.0,21180000.0,54504000.0,100276000.0,idle
140054,25139.0,-8379.0,9981731.0,0.0,-3728.0,-2130.0,21180000.0,54504000.0,100276000.0,idle
140064,19154.0,-7182.0,9976942.0,0.0,-4261.0,-2130.0,21180000.0,54504000.0,100276000.0,idle
140074,23942.0,-10774.0,9993702.0,-532.0,-3728.0,-2663.0,21180000.0,54504000.0,100276000.0,idle
140084,34716.0,-1197.0,9996096.0,0.0,-5326.0,-1065.0,21180000.0,54504000.0,100276000.0,idle
140094,28731.0,-5985.0,9987717.0,0.0,-4793.0,-2130.0,21180000.0,54504000.0,100276000.0,idle
140104,8379.0,3591.0,10005674.0,532.0,-4793.0,-2130.0,21180000.0,54504000.0,100276000.0,idle
140114,29928.0,-2394.0,9984125.0,-532.0,-3728.0,-1597.0,21180000.0,54504000.0,100276000.0,idle
140124,29928.0,-4788.0,9997294.0,0.0,-3728.0,-2130.0,21180000.0,54504000.0,100276000.0,idle
140134,20351.0,-2394.0,10000885.0,532.0,-5326.0,-2130.0,21180000.0,54504000.0,100276000.0,idle
140144,35914.0,3591.0,10016448.0,0.0,-4793.0,-3195.0,21180000.0,54504000.0,100276000.0,idle
140154,35914.0,8379.0,9998491.0,-532.0,-3195.0,-1065.0,21180000.0,54504000.0,100276000.0,idle
140164,33519.0,1197.0,10010462.0,-532.0,-3728.0,-1597.0,21180000.0,54504000.0,100276000.0,idle
140174,4788.0,-7182.0,9968562.0,-532.0,-3728.0,-2130.0,21180000.0,54504000.0,100276000.0,idle
140184,14365.0,-7182.0,10018842.0,0.0,-3195.0,-1597.0,21180000.0,54504000.0,100276000.0,idle
140194,22745.0,-8379.0,10008068.0,1065.0,-4261.0,-2663.0,21180000.0,54504000.0,100276000.0,idle
140204,28731.0,2394.0,10003279.0,0.0,-4793.0,-2663.0,21180000.0,54504000.0,100276000.0,idle
140214,32322.0,-10774.0,9991308.0,-1065.0,-2663.0,-1597.0,21180000.0,54504000.0,100276000.0,idle
140224,21548.0,-14365.0,9982928.0,-1597.0,-2663.0,-2130.0,21180000.0,54504000.0,100276000.0,idle
140234,34716.0,-8379.0,9984125.0,0.0,-3195.0,-2130.0,21170000.0,54456000.0,100274000.0,idle
140244,34716.0,2394.0,10006871.0,-532.0,-3195.0,-3195.0,21170000.0,54456000.0,100274000.0,idle
140254,27534.0,5985.0,9999688.0,-532.0,-5326.0,-3195.0,21170000.0,54456000.0,100274000.0,idle
140264,22745.0,-10774.0,10006871.0,-532.0,-3728.0,-2663.0,21170000.0,54456000.0,100274000.0,idle
140274,9577.0,-1197.0,9992505.0,532.0,-4261.0,-2663.0,21170000.0,54456000.0,100274000.0,idle
140284,29928.0,-10774.0,10011659.0,532.0,-5326.0,-2130.0,21170000.0,54456000.0,100274000.0,idle
140294,23942.0,-8379.0,9988914.0,0.0,-4793.0,-3195.0,21170000.0,54456000.0,100274000.0,idle
140304,25139.0,1197.0,10022434.0,1065.0,-3728.0,-1597.0,21170000.0,54456000.0,100274000.0,idle
140314,22745.0,3591.0,9987717.0,0.0,-4261.0,-1065.0,21170000.0,54456000.0,100274000.0,idle
140324,28731.0,7182.0,10006871.0,0.0,-5859.0,-2663.0,21170000.0,54456000.0,100274000.0,idle
140334,22745.0,-3591.0,9997294.0,0.0,-3728.0,-3195.0,21170000.0,54456000.0,100274000.0,idle
140344,29928.0,-2394.0,10006871.0,532.0,-4261.0,-2130.0,21170000.0,54456000.0,100274000.0,idle
140354,35914.0,-15562.0,9998491.0,1597.0,-4793.0,-1065.0,21170000.0,54456000.0,100274000.0,idle
140364,28731.0,-15562.0,10011659.0,0.0,-4793.0,-1065.0,21170000.0,54456000.0,100274000.0,idle
140374,20351.0,-1197.0,10002082.0,0.0,-3195.0,-1597.0,21170000.0,54456000.0,100274000.0,idle
140384,15562.0,8379.0,10003279.0,-532.0,-3195.0,-1065.0,21170000.0,54456000.0,100274000.0,idle
140394,13168.0,-15562.0,10006871.0,-532.0,-3728.0,-2663.0,21170000.0,54456000.0,100274000.0,idle
140404,26337.0,0.0,10003279.0,532.0,-3195.0,-2130.0,21170000.0,54456000.0,100274000.0,idle
140414,28731.0,-3591.0,9990111.0,0.0,-4793.0,-532.0,21170000.0,54456000.0,100274000.0,idle
140424,23942.0,-3591.0,9997294.0,532.0,-5326.0,-1065.0,21170000.0,54456000.0,100274000.0,idle
140434,23942.0,-3591.0,9997294.0,532.0,-5326.0,-1065.0,21170000.0,54456000.0,100274000.0,idle
140444,25139.0,4788.0,9997294.0,-532.0,-3195.0,-2663.0,21170000.0,54456000.0,100274000.0,idle
140454,31125.0,-1197.0,10002082.0,0.0,-2663.0,-1065.0,21170000.0,54456000.0,100274000.0,idle
140464,20351.0,-16759.0,10002082.0,-532.0,-3195.0,-2130.0,21170000.0,54456000.0,100274000.0,idle
140474,17957.0,-2394.0,9985322.0,0.0,-3728.0,-2130.0,21170000.0,54456000.0,100274000.0,idle
140484,33519.0,-13168.0,9994899.0,1065.0,-3728.0,-2130.0,21170000.0,54456000.0,100274000.0,idle
140494,34716.0,0.0,10022434.0,0.0,-2663.0,-2663.0,21170000.0,54456000.0,100274000.0,idle
140504,19154.0,-1197.0,9998491.0,532.0,-4793.0,-532.0,21170000.0,54456000.0,100274000.0,idle
140514,21548.0,1197.0,9992505.0,532.0,-4793.0,-2130.0,21170000.0,54456000.0,100274000.0,idle
140524,40702.0,4788.0,9999688.0,0.0,-3195.0,-1597.0,21170000.0,54456000.0,100274000.0,idle
140534,34716.0,-5985.0,10002082.0,1065.0,-3195.0,-2130.0,21170000.0,54456000.0,100274000.0,idle
140544,33519.0,-8379.0,9980534.0,1065.0,-4793.0,-2130.0,21170000.0,54456000.0,100274000.0,idle
140554,22745.0,1197.0,9998491.0,532.0,-4793.0,-2130.0,21170000.0,54456000.0,100274000.0,idle
140564,16759.0,-17957.0,9996096.0,1065.0,-3195.0,-2663.0,21170000.0,54456000.0,100274000.0,idle
140574,23942.0,-8379.0,10000885.0,532.0,-4793.0,-1597.0,21170000.0,54456000.0,100274000.0,idle
140584,16759.0,0.0,10020039.0,532.0,-4793.0,-2663.0,21170000.0,54456000.0,100274000.0,idle
140594,23942.0,-2394.0,9987717.0,0.0,-4793.0,-2130.0,21170000.0,54456000.0,100274000.0,idle
140604,31125.0,-9577.0,10000885.0,0.0,-4261.0,-1597.0,21170000.0,54456000.0,100274000.0,idle
140614,27534.0,4788.0,9999688.0,0.0,-4793.0,-1597.0,21170000.0,54456000.0,100274000.0,idle
140625,28731.0,3591.0,10004476.0,532.0,-4261.0,-2130.0,21170000.0,54456000.0,100274000.0,idle
140635,31125.0,10774.0,9996096.0,-532.0,-4261.0,-1597.0,21170000.0,54456000.0,100274000.0,idle
140645,32322.0,2394.0,9984125.0,-1065.0,-4793.0,-2130.0,21170000.0,54456000.0,100274000.0,idle
140655,21548.0,-1197.0,10016448.0,-532.0,-3195.0,-3195.0,21170000.0,54456000.0,100274000.0,idle
140665,25139.0,-14365.0,10005674.0,-1065.0,-3195.0,-2663.0,21170000.0,54456000.0,100274000.0,idle
140675,29928.0,-4788.0,9993702.0,0.0,-3195.0,-2130.0,21170000.0,54456000.0,100274000.0,idle
140685,22745.0,5985.0,9994899.0,0.0,-3728.0,-2130.0,21170000.0,54456000.0,100274000.0,idle
140695,28731.0,-1197.0,9987717.0,1065.0,-3195.0,-1597.0,21170000.0,54456000.0,100274000.0,idle
140705,31125.0,-7182.0,9994899.0,532.0,-3728.0,-2130.0,21170000.0,54456000.0,100274000.0,idle
140715,15562.0,3591.0,9986519.0,0.0,-4793.0,-2663.0,21170000.0,54456000.0,100274000.0,idle
140725,25139.0,-8379.0,10006871.0,0.0,-3728.0,-2130.0,21170000.0,54456000.0,100274000.0,idle
140735,8379.0,-13168.0,10000885.0,2130.0,-4261.0,-2130.0,21170000.0,54456000.0,100274000.0,idle
140745,13168.0,-7182.0,10009265.0,532.0,-4261.0,-1065.0,21170000.0,54456000.0,100274000.0,idle
140755,19154.0,-8379.0,9991308.0,-532.0,-4261.0,-2130.0,21170000.0,54456000.0,100274000.0,idle
140765,21548.0,-3591.0,9999688.0,1065.0,-4261.0,-2130.0,21170000.0,54456000.0,100274000.0,idle
140775,16759.0,0.0,10002082.0,1597.0,-5326.0,-2130.0,21170000.0,54456000.0,100274000.0,idle
140785,32322.0,7182.0,9998491.0,1065.0,-4261.0,-2130.0,21170000.0,54456000.0,100274000.0,idle
140795,20351.0,5985.0,9985322.0,0.0,-4261.0,-2130.0,21170000.0,54456000.0,100274000.0,idle
140805,15562.0,1197.0,10016448.0,0.0,-4261.0,-2663.0,21170000.0,54456000.0,100274000.0,idle
140815,26337.0,-5985.0,9993702.0,532.0,-3195.0,-3195.0,21170000.0,54456000.0,100274000.0,idle
140825,17957.0,-3591.0,9996096.0,532.0,-2663.0,-1597.0,21170000.0,54456000.0,100274000.0,idle
140835,19154.0,5985.0,9999688.0,-1065.0,-3195.0,-2663.0,21170000.0,54456000.0,100274000.0,idle
140845,14365.0,-4788.0,9996096.0,-532.0,-2663.0,-1597.0,21170000.0,54456000.0,100274000.0,idle
140855,16759.0,-10774.0,10004476.0,-532.0,-3195.0,-1065.0,21170000.0,54456000.0,100274000.0,idle
140865,23942.0,-10774.0,9996096.0,-532.0,-3195.0,-3195.0,21170000.0,54456000.0,100274000.0,idle
140875,23942.0,-16759.0,9999688.0,532.0,-3728.0,-1597.0,21170000.0,54456000.0,100274000.0,idle
140885,47885.0,-3591.0,10002082.0,532.0,-3195.0,-2130.0,21170000.0,54456000.0,100274000.0,idle
140895,25139.0,0.0,9994899.0,-532.0,-3728.0,-2663.0,21170000.0,54456000.0,100274000.0,idle
140905,31125.0,3591.0,9991308.0,0.0,-4261.0,-3195.0,21170000.0,54456000.0,100274000.0,idle
140915,35914.0,-3591.0,9972154.0,532.0,-3728.0,-532.0,21170000.0,54456000.0,100274000.0,idle
140925,26337.0,-7182.0,9990111.0,-532.0,-3728.0,-2130.0,21170000.0,54456000.0,100274000.0,idle
140935,8379.0,-10774.0,9993702.0,532.0,-3728.0,-4261.0,21170000.0,54456000.0,100274000.0,idle
140945,34716.0,1197.0,9997294.0,-1065.0,-3195.0,-3728.0,21170000.0,54456000.0,100274000.0,idle
140955,37111.0,-2394.0,9988914.0,532.0,-2663.0,-2663.0,21170000.0,54456000.0,100274000.0,idle
140965,26337.0,-10774.0,10003279.0,0.0,-3728.0,-1597.0,21170000.0,54456000.0,100274000.0,idle
140975,14365.0,9577.0,9993702.0,532.0,-5326.0,-3195.0,21170000.0,54456000.0,100274000.0,idle
140985,33519.0,4788.0,10010462.0,0.0,-3195.0,-3728.0,21170000.0,54456000.0,100274000.0,idle
140995,22745.0,3591.0,9998491.0,-532.0,-4261.0,-3195.0,21170000.0,54456000.0,100274000.0,idle
141005,20351.0,-13168.0,9992505.0,-532.0,-4261.0,-2663.0,21170000.0,54456000.0,100274000.0,idle
141015,17957.0,-7182.0,9997294.0,-1065.0,-3728.0,-532.0,21170000.0,54456000.0,100274000.0,idle
141025,32322.0,-1197.0,10008068.0,-1065.0,-3195.0,-1065.0,21170000.0,54456000.0,100274000.0,idle
141035,37111.0,-11971.0,9999688.0,-1065.0,-3728.0,-2130.0,21170000.0,54456000.0,100274000.0,idle
141045,29928.0,-3591.0,9979337.0,0.0,-5326.0,-2663.0,21170000.0,54456000.0,100274000.0,idle
141055,31125.0,4788.0,9988914.0,0.0,-2663.0,-3195.0,21170000.0,54456000.0,100274000.0,idle
141065,40702.0,1197.0,10000885.0,-1065.0,-3195.0,-1597.0,21170000.0,54456000.0,100274000.0,idle
141075,22745.0,-8379.0,10000885.0,532.0,-2663.0,-2663.0,21170000.0,54456000.0,100274000.0,idle
141085,20351.0,-5985.0,10009265.0,-532.0,-3728.0,-2130.0,21170000.0,54456000.0,100274000.0,idle
141095,23942.0,-5985.0,10008068.0,-1065.0,-4793.0,-2130.0,21170000.0,54456000.0,100274000.0,idle
141106,8379.0,-11971.0,10008068.0,0.0,-3195.0,-2130.0,21170000.0,54456000.0,100274000.0,idle
141115,31125.0,-14365.0,9997294.0,532.0,-3728.0,-2663.0,21170000.0,54456000.0,100274000.0,idle
141125,38308.0,0.0,9985322.0,0.0,-3195.0,-4261.0,21170000.0,54456000.0,100274000.0,idle
141135,17957.0,-5985.0,10002082.0,-532.0,-4793.0,-2663.0,21170000.0,54456000.0,100274000.0,idle
141146,21548.0,4788.0,10000885.0,-1597.0,-5326.0,-2130.0,21170000.0,54456000.0,100274000.0,idle
141155,21548.0,-5985.0,9992505.0,-1065.0,-3195.0,-2130.0,21170000.0,54456000.0,100274000.0,idle
141165,26337.0,0.0,9992505.0,-532.0,-4261.0,-2663.0,21170000.0,54456000.0,100274000.0,idle
141175,40702.0,2394.0,10006871.0,-532.0,-5859.0,-2663.0,21170000.0,54456000.0,100274000.0,idle
141185,33519.0,7182.0,9981731.0,-532.0,-3728.0,-2130.0,21170000.0,54456000.0,100274000.0,idle
141196,35914.0,1197.0,10010462.0,-1065.0,-3195.0,-1065.0,21170000.0,54456000.0,100274000.0,idle
141205,25139.0,-10774.0,10014054.0,-1065.0,-4261.0,-2130.0,21170000.0,54456000.0,100274000.0,idle
141215,21548.0,-8379.0,10008068.0,-532.0,-4261.0,-3195.0,21170000.0,54456000.0,100274000.0,idle
141226,34716.0,-5985.0,9979337.0,0.0,-3728.0,-2130.0,21170000.0,54456000.0,100274000.0,idle
141235,37111.0,-20351.0,9991308.0,1597.0,-3195.0,-2663.0,21140000.0,54380000.0,100276000.0,idle
141246,17957.0,-15562.0,10002082.0,-1597.0,-3195.0,-2130.0,21140000.0,54380000.0,100276000.0,idle
141256,28731.0,2394.0,10000885.0,0.0,-3728.0,-1597.0,21140000.0,54380000.0,100276000.0,idle
141266,29928.0,4788.0,9992505.0,1065.0,-4261.0,-2130.0,21140000.0,54380000.0,100276000.0,idle
141276,31125.0,8379.0,10006871.0,0.0,-3195.0,-2130.0,21140000.0,54380000.0,100276000.0,idle
141286,35914.0,-11971.0,9996096.0,532.0,-4261.0,-1597.0,21140000.0,54380000.0,100276000.0,idle
141296,22745.0,-10774.0,9992505.0,1065.0,-3728.0,-1597.0,21140000.0,54380000.0,100276000.0,idle
141306,26337.0,-2394.0,10004476.0,0.0,-1597.0,-2663.0,21140000.0,54380000.0,100276000.0,idle
141316,25139.0,-9577.0,9992505.0,-532.0,-4261.0,-2663.0,21140000.0,54380000.0,100276000.0,idle
141326,26337.0,7182.0,9993702.0,-532.0,-4261.0,-2130.0,21140000.0,54380000.0,100276000.0,idle
141336,22745.0,-2394.0,9986519.0,-532.0,-3195.0,-1597.0,21140000.0,54380000.0,100276000.0,idle
141346,22745.0,-13168.0,9994899.0,1065.0,-3728.0,-1597.0,21140000.0,54380000.0,100276000.0,idle
141376,23942.0,-4788.0,9993702.0,1597.0,-3728.0,-2130.0,21140000.0,54380000.0,100276000.0,idle
141386,3591.0,-5985.0,9999688.0,532.0,-4261.0,-2130.0,21140000.0,54380000.0,100276000.0,idle
141396,26337.0,-1197.0,9976942.0,0.0,-3728.0,-3195.0,21140000.0,54380000.0,100276000.0,idle
141406,19154.0,-4788.0,10002082.0,-532.0,-4793.0,-1597.0,21140000.0,54380000.0,100276000.0,idle
141416,25139.0,13168.0,10008068.0,-532.0,-2663.0,-3728.0,21140000.0,54380000.0,100276000.0,idle
141426,32322.0,-11971.0,10009265.0,-532.0,-2663.0,-3728.0,21140000.0,54380000.0,100276000.0,idle
141436,20351.0,-7182.0,10006871.0,0.0,-4261.0,-2663.0,21140000.0,54380000.0,100276000.0,idle
141446,32322.0,1197.0,10008068.0,532.0,-4261.0,-1065.0,21140000.0,54380000.0,100276000.0,idle
141456,27534.0,-2394.0,9992505.0,-532.0,-3728.0,-1597.0,21140000.0,54380000.0,100276000.0,idle
141466,38308.0,-11971.0,10002082.0,1065.0,-3728.0,-2663.0,21140000.0,54380000.0,100276000.0,idle
141476,19154.0,-1197.0,9994899.0,1065.0,-3728.0,-1597.0,21140000.0,54380000.0,100276000.0,idle
141486,19154.0,-5985.0,10009265.0,0.0,-3728.0,-1597.0,21140000.0,54380000.0,100276000.0,idle
141496,32322.0,-14365.0,10000885.0,-532.0,-4261.0,-2130.0,21140000.0,54380000.0,100276000.0,idle
141506,32322.0,-14365.0,10000885.0,-532.0,-4261.0,-2130.0,21140000.0,54380000.0,100276000.0,idle
141516,25139.0,-11971.0,9990111.0,532.0,-3195.0,-1065.0,21140000.0,54380000.0,100276000.0,idle
141526,38308.0,-9577.0,10000885.0,-1597.0,-2663.0,-1597.0,21140000.0,54380000.0,100276000.0,idle
141536,37111.0,-14365.0,9999688.0,-532.0,-2663.0,-2130.0,21140000.0,54380000.0,100276000.0,idle
141546,32322.0,-2394.0,10008068.0,-1065.0,-2663.0,-2663.0,21140000.0,54380000.0,100276000.0,idle
141556,35914.0,2394.0,9994899.0,532.0,-3728.0,-1597.0,21140000.0,54380000.0,100276000.0,idle
141566,20351.0,-4788.0,10006871.0,0.0,-4261.0,-2130.0,21140000.0,54380000.0,100276000.0,idle
141576,32322.0,-19154.0,10000885.0,1065.0,-3728.0,-2663.0,21140000.0,54380000.0,100276000.0,idle
141586,25139.0,-15562.0,9994899.0,0.0,-3195.0,-2130.0,21140000.0,54380000.0,100276000.0,idle
141596,34716.0,2394.0,10006871.0,532.0,-3728.0,-2663.0,21140000.0,54380000.0,100276000.0,idle
141606,35914.0,11971.0,9992505.0,532.0,-3728.0,-2130.0,21140000.0,54380000.0,100276000.0,idle
141616,25139.0,-1197.0,9993702.0,1065.0,-4793.0,-1597.0,21140000.0,54380000.0,100276000.0,idle
141626,22745.0,-8379.0,10006871.0,0.0,-4793.0,-3195.0,21140000.0,54380000.0,100276000.0,idle
141636,31125.0,-4788.0,9997294.0,-532.0,-3728.0,-3195.0,21140000.0,54380000.0,100276000.0,idle
141646,39505.0,-15562.0,10005674.0,532.0,-4793.0,-2663.0,21140000.0,54380000.0,100276000.0,idle
141656,34716.0,-11971.0,10004476.0,-532.0,-4261.0,-1597.0,21140000.0,54380000.0,100276000.0,idle
141726,35914.0,-9577.0,9996096.0,532.0,-3728.0,-2130.0,21140000.0,54380000.0,100276000.0,idle
141736,17957.0,-7182.0,10008068.0,-1065.0,-4793.0,-1597.0,21140000.0,54380000.0,100276000.0,idle
141746,34716.0,1197.0,9996096.0,532.0,-3195.0,-1065.0,21140000.0,54380000.0,100276000.0,idle
141756,14365.0,3591.0,10000885.0,532.0,-3195.0,-2130.0,21140000.0,54380000.0,100276000.0,idle
141766,22745.0,-5985.0,9985322.0,532.0,-4261.0,-2663.0,21140000.0,54380000.0,100276000.0,idle
141776,28731.0,-1197.0,9979337.0,-532.0,-4261.0,-3195.0,21140000.0,54380000.0,100276000.0,idle
141786,16759.0,-1197.0,10008068.0,1065.0,-5326.0,-2130.0,21140000.0,54380000.0,100276000.0,idle
141797,20351.0,4788.0,9999688.0,1065.0,-3728.0,-2130.0,21140000.0,54380000.0,100276000.0,idle
141806,34716.0,-5985.0,10002082.0,1065.0,-3195.0,-1597.0,21140000.0,54380000.0,100276000.0,idle
141816,31125.0,-10774.0,10024828.0,0.0,-4261.0,-2130.0,21140000.0,54380000.0,100276000.0,idle
141826,8379.0,1197.0,9988914.0,-532.0,-4261.0,-1597.0,21140000.0,54380000.0,100276000.0,idle
141836,32322.0,15562.0,9986519.0,532.0,-3728.0,-2663.0,21140000.0,54380000.0,100276000.0,idle
141847,35914.0,-4788.0,9991308.0,0.0,-3195.0,-1065.0,21140000.0,54380000.0,100276000.0,idle
141856,15562.0,-5985.0,10000885.0,0.0,-2130.0,-2130.0,21140000.0,54380000.0,100276000.0,idle
141866,4788.0,-4788.0,10004476.0,-1065.0,-2663.0,-2663.0,21140000.0,54380000.0,100276000.0,idle
141877,29928.0,0.0,9992505.0,532.0,-4793.0,-2130.0,21140000.0,54380000.0,100276000.0,idle
141887,43096.0,-8379.0,9992505.0,532.0,-3728.0,-2130.0,21140000.0,54380000.0,100276000.0,idle
141897,13168.0,-5985.0,9992505.0,-532.0,-2663.0,-2663.0,21140000.0,54380000.0,100276000.0,idle
141907,16759.0,0.0,9991308.0,0.0,-4793.0,-1065.0,21140000.0,54380000.0,100276000.0,idle
141917,22745.0,-5985.0,9985322.0,532.0,-4261.0,-1065.0,21140000.0,54380000.0,100276000.0,idle
141927,11971.0,-5985.0,9986519.0,0.0,-3195.0,-2130.0,21140000.0,54380000.0,100276000.0,idle
141937,21548.0,-8379.0,9980534.0,-532.0,-3195.0,-2130.0,21140000.0,54380000.0,100276000.0,idle
141947,32322.0,-2394.0,9982928.0,-532.0,-2130.0,-2663.0,21140000.0,54380000.0,100276000.0,idle
141957,35914.0,-3591.0,10011659.0,532.0,-2663.0,-2130.0,21140000.0,54380000.0,100276000.0,idle
141967,32322.0,0.0,10005674.0,1597.0,-4261.0,-1597.0,21140000.0,54380000.0,100276000.0,idle
141977,13168.0,-8379.0,9998491.0,0.0,-3195.0,-2130.0,21140000.0,54380000.0,100276000.0,idle
141987,35914.0,-5985.0,10004476.0,-532.0,-4793.0,-1597.0,21140000.0,54380000.0,100276000.0,idle
141997,32322.0,1197.0,9982928.0,-1065.0,-2663.0,-1597.0,21140000.0,54380000.0,100276000.0,idle
142007,14365.0,-1197.0,9987717.0,0.0,-3728.0,-2130.0,21140000.0,54380000.0,100276000.0,idle
142017,21548.0,-3591.0,9984125.0,0.0,-4261.0,-2130.0,21140000.0,54380000.0,100276000.0,idle
142027,21548.0,-13168.0,10002082.0,-532.0,-4793.0,-1597.0,21140000.0,54380000.0,100276000.0,idle
142037,25139.0,-8379.0,10006871.0,532.0,-3728.0,-2663.0,21140000.0,54380000.0,100276000.0,idle
142047,41899.0,1197.0,10015251.0,-1065.0,-3195.0,-2130.0,21140000.0,54380000.0,100276000.0,idle
142057,27534.0,0.0,9984125.0,-532.0,-3728.0,-1597.0,21140000.0,54380000.0,100276000.0,idle
142067,28731.0,-7182.0,9996096.0,532.0,-3728.0,-1065.0,21140000.0,54380000.0,100276000.0,idle
142077,17957.0,3591.0,10012856.0,532.0,-3195.0,-2130.0,21140000.0,54380000.0,100276000.0,idle
142087,13168.0,4788.0,10008068.0,0.0,-2663.0,-3195.0,21140000.0,54380000.0,100276000.0,idle
142097,41899.0,5985.0,10003279.0,532.0,-4261.0,-1597.0,21140000.0,54380000.0,100276000.0,idle
142107,31125.0,-4788.0,9985322.0,-1065.0,-3728.0,-2130.0,21140000.0,54380000.0,100276000.0,idle
142117,23942.0,1197.0,9996096.0,-1065.0,-3728.0,-3728.0,21140000.0,54380000.0,100276000.0,idle
142127,27534.0,-15562.0,9987717.0,532.0,-2663.0,-1597.0,21140000.0,54380000.0,100276000.0,idle
142137,41899.0,-3591.0,10016448.0,1065.0,-2663.0,-1065.0,21140000.0,54380000.0,100276000.0,idle
142147,27534.0,-7182.0,9998491.0,1065.0,-3728.0,-2130.0,21140000.0,54380000.0,100276000.0,idle
142157,31125.0,-5985.0,9992505.0,0.0,-3728.0,-1597.0,21140000.0,54380000.0,100276000.0,idle
142167,32322.0,-7182.0,9996096.0,-1065.0,-3195.0,-532.0,21140000.0,54380000.0,100276000.0,idle
142177,15562.0,-15562.0,10005674.0,0.0,-5859.0,-1065.0,21140000.0,54380000.0,100276000.0,idle
142187,22745.0,-5985.0,10000885.0,-532.0,-3195.0,-2130.0,21140000.0,54380000.0,100276000.0,idle
142197,28731.0,-5985.0,10002082.0,-532.0,-3195.0,-1597.0,21140000.0,54380000.0,100276000.0,idle
142207,17957.0,2394.0,9998491.0,532.0,-3195.0,-2130.0,21140000.0,54380000.0,100276000.0,idle
142217,10774.0,-2394.0,9992505.0,-532.0,-4261.0,-2663.0,21140000.0,54380000.0,100276000.0,idle
142227,16759.0,-1197.0,10000885.0,0.0,-3728.0,-2130.0,21140000.0,54380000.0,100276000.0,idle
142377,29928.0,0.0,10010462.0,532.0,-3195.0,-2130.0,21130000.0,54295000.0,100278000.0,idle
142387,29928.0,-7182.0,10000885.0,532.0,-3195.0,-2130.0,21130000.0,54295000.0,100278000.0,idle
142397,31125.0,-4788.0,9999688.0,0.0,-3728.0,-2130.0,21130000.0,54295000.0,100278000.0,idle
142407,33519.0,-3591.0,9997294.0,1065.0,-2663.0,-3195.0,21130000.0,54295000.0,100278000.0,idle
142417,14365.0,-1197.0,9980534.0,0.0,-3195.0,-3195.0,21130000.0,54295000.0,100278000.0,idle
142427,17957.0,-20351.0,9992505.0,-1597.0,-2663.0,-1065.0,21130000.0,54295000.0,100278000.0,idle
142437,46688.0,4788.0,9996096.0,532.0,-4793.0,-2130.0,21130000.0,54295000.0,100278000.0,idle
142448,40702.0,-3591.0,9993702.0,532.0,-3728.0,-2130.0,21130000.0,54295000.0,100278000.0,idle
142457,15562.0,5985.0,9994899.0,1065.0,-4261.0,-2663.0,21130000.0,54295000.0,100278000.0,idle
142467,10774.0,8379.0,9972154.0,-532.0,-3195.0,-2663.0,21130000.0,54295000.0,100278000.0,idle
142477,25139.0,-7182.0,9992505.0,-532.0,-3195.0,-2663.0,21130000.0,54295000.0,100278000.0,idle
142487,43096.0,-15562.0,10008068.0,-532.0,-5326.0,-3195.0,21130000.0,54295000.0,100278000.0,idle
142498,23942.0,-4788.0,10011659.0,0.0,-4261.0,-2130.0,21130000.0,54295000.0,100278000.0,idle
142508,26337.0,-13168.0,10008068.0,-1065.0,-3728.0,-1597.0,21130000.0,54295000.0,100278000.0,idle
142518,31125.0,0.0,10004476.0,-1065.0,-3195.0,-2130.0,21130000.0,54295000.0,100278000.0,idle
142528,28731.0,-3591.0,10008068.0,1065.0,-4261.0,-2130.0,21130000.0,54295000.0,100278000.0,idle
142538,23942.0,-17957.0,10005674.0,-1065.0,-2663.0,-2663.0,21130000.0,54295000.0,100278000.0,idle
142548,22745.0,-7182.0,9998491.0,-532.0,-3728.0,-3195.0,21130000.0,54295000.0,100278000.0,idle
142558,22745.0,-7182.0,9998491.0,-532.0,-3728.0,-3195.0,21130000.0,54295000.0,100278000.0,idle
142568,34716.0,-2394.0,9986519.0,0.0,-2130.0,-1065.0,21130000.0,54295000.0,100278000.0,idle
142578,20351.0,-5985.0,10005674.0,532.0,-3195.0,-532.0,21130000.0,54295000.0,100278000.0,idle
142588,22745.0,-3591.0,9996096.0,532.0,-5326.0,-2663.0,21130000.0,54295000.0,100278000.0,idle
142598,33519.0,-3591.0,9988914.0,532.0,-3195.0,-2130.0,21130000.0,54295000.0,100278000.0,idle
142608,27534.0,3591.0,10004476.0,0.0,-3195.0,-1597.0,21130000.0,54295000.0,100278000.0,idle
142618,39505.0,-13168.0,10015251.0,1065.0,-3728.0,-2130.0,21130000.0,54295000.0,100278000.0,idle
142628,26337.0,0.0,10000885.0,532.0,-4261.0,-3195.0,21130000.0,54295000.0,100278000.0,idle
142638,15562.0,2394.0,10000885.0,0.0,-4793.0,-3728.0,21130000.0,54295000.0,100278000.0,idle
142648,38308.0,1197.0,10005674.0,0.0,-4793.0,-3728.0,21130000.0,54295000.0,100278000.0,idle
142658,22745.0,8379.0,9990111.0,0.0,-3728.0,-2663.0,21130000.0,54295000.0,100278000.0,idle
142668,27534.0,2394.0,10005674.0,532.0,-3728.0,-2130.0,21130000.0,54295000.0,100278000.0,idle
142678,29928.0,-5985.0,9999688.0,0.0,-4261.0,-2130.0,21130000.0,54295000.0,100278000.0,idle
142688,32322.0,-5985.0,9980534.0,0.0,-3728.0,-2663.0,21130000.0,54295000.0,100278000.0,idle
142698,41899.0,-8379.0,9991308.0,0.0,-4261.0,-2663.0,21130000.0,54295000.0,100278000.0,idle
142708,46688.0,-2394.0,10015251.0,532.0,-4261.0,-3195.0,21130000.0,54295000.0,100278000.0,idle
142718,32322.0,-5985.0,9979337.0,0.0,-4261.0,-3728.0,21130000.0,54295000.0,100278000.0,idle
142728,22745.0,-7182.0,10002082.0,532.0,-1597.0,-3195.0,21130000.0,54295000.0,100278000.0,idle
142738,17957.0,-13168.0,10002082.0,532.0,-3728.0,-2663.0,21130000.0,54295000.0,100278000.0,idle
142748,21548.0,-16759.0,9988914.0,0.0,-3728.0,-2663.0,21130000.0,54295000.0,100278000.0,idle
142758,33519.0,-13168.0,9997294.0,-1597.0,-3195.0,-1597.0,21130000.0,54295000.0,100278000.0,idle
142768,21548.0,-7182.0,9992505.0,0.0,-4261.0,-1597.0,21130000.0,54295000.0,100278000.0,idle
142778,45491.0,14365.0,10002082.0,0.0,-3195.0,-3195.0,21130000.0,54295000.0,100278000.0,idle
142788,21548.0,16759.0,10002082.0,-1065.0,-5326.0,-1597.0,21130000.0,54295000.0,100278000.0,idle
142798,26337.0,-1197.0,9994899.0,-532.0,-4261.0,-2130.0,21130000.0,54295000.0,100278000.0,idle
142808,29928.0,-8379.0,9994899.0,1597.0,-4261.0,-2663.0,21130000.0,54295000.0,100278000.0,idle
142818,21548.0,-7182.0,10014054.0,0.0,-4793.0,-2130.0,21130000.0,54295000.0,100278000.0,idle
142828,28731.0,5985.0,9998491.0,532.0,-4261.0,-3195.0,21130000.0,54295000.0,100278000.0,idle
142838,28731.0,-9577.0,9988914.0,532.0,-3195.0,-2663.0,21130000.0,54295000.0,100278000.0,idle
142848,26337.0,-19154.0,9986519.0,0.0,-4261.0,-2663.0,21130000.0,54295000.0,100278000.0,idle
142858,29928.0,-3591.0,9996096.0,1065.0,-4261.0,-3195.0,21130000.0,54295000.0,100278000.0,idle
142868,25139.0,0.0,9985322.0,1065.0,-4261.0,-2130.0,21130000.0,54295000.0,100278000.0,idle
142878,22745.0,-14365.0,10000885.0,532.0,-4261.0,-2130.0,21130000.0,54295000.0,100278000.0,idle
142888,21548.0,-25139.0,10003279.0,-1597.0,-4793.0,-2663.0,21130000.0,54295000.0,100278000.0,idle
142898,10774.0,1197.0,10010462.0,0.0,-4261.0,-2130.0,21130000.0,54295000.0,100278000.0,idle
142908,17957.0,1197.0,9998491.0,532.0,-2663.0,-2130.0,21130000.0,54295000.0,100278000.0,idle
142918,27534.0,-7182.0,10008068.0,-1065.0,-3728.0,-3195.0,21130000.0,54295000.0,100278000.0,idle
142928,33519.0,-11971.0,10005674.0,0.0,-3728.0,-2663.0,21130000.0,54295000.0,100278000.0,idle
142938,16759.0,-3591.0,9987717.0,-532.0,-3728.0,-2663.0,21130000.0,54295000.0,100278000.0,idle
142948,15562.0,-3591.0,9985322.0,0.0,-4793.0,-3195.0,21130000.0,54295000.0,100278000.0,idle
142958,41899.0,-4788.0,9999688.0,-532.0,-4793.0,-3195.0,21130000.0,54295000.0,100278000.0,idle
142968,27534.0,9577.0,10000885.0,-532.0,-4261.0,-3195.0,21130000.0,54295000.0,100278000.0,idle
142978,13168.0,-11971.0,9990111.0,0.0,-3728.0,-3728.0,21130000.0,54295000.0,100278000.0,idle
142988,28731.0,-13168.0,9991308.0,532.0,-5326.0,-2130.0,21130000.0,54295000.0,100278000.0,idle
142998,29928.0,-3591.0,10016448.0,-532.0,-4261.0,-1065.0,21130000.0,54295000.0,100278000.0,idle
143008,34716.0,-9577.0,9979337.0,532.0,-4793.0,-532.0,21130000.0,54295000.0,100278000.0,idle
143018,21548.0,4788.0,9988914.0,532.0,-4793.0,-2130.0,21130000.0,54295000.0,100278000.0,idle
143028,37111.0,1197.0,9976942.0,532.0,-3728.0,-3195.0,21130000.0,54295000.0,100278000.0,idle
143038,40702.0,-7182.0,10003279.0,532.0,-3728.0,-3195.0,21130000.0,54295000.0,100278000.0,idle
143049,21548.0,-4788.0,10005674.0,0.0,-3728.0,-4261.0,21130000.0,54295000.0,100278000.0,idle
143058,22745.0,-1197.0,9992505.0,2130.0,-4793.0,-2130.0,21130000.0,54295000.0,100278000.0,idle
143068,29928.0,-4788.0,9992505.0,1065.0,-3728.0,-1597.0,21130000.0,54295000.0,100278000.0,idle
143078,31125.0,-10774.0,9990111.0,532.0,-2663.0,-1065.0,21130000.0,54295000.0,100278000.0,idle
143088,19154.0,-8379.0,9991308.0,1065.0,-3728.0,-2130.0,21130000.0,54295000.0,100278000.0,idle
143099,28731.0,-3591.0,9992505.0,532.0,-3195.0,-3728.0,21130000.0,54295000.0,100278000.0,idle
143108,27534.0,-8379.0,9991308.0,-1065.0,-2130.0,-3195.0,21130000.0,54295000.0,100278000.0,idle
143118,37111.0,-14365.0,9994899.0,532.0,-4793.0,-4261.0,21130000.0,54295000.0,100278000.0,idle
143129,14365.0,-5985.0,9998491.0,0.0,-5859.0,-3195.0,21130000.0,54295000.0,100278000.0,idle
143138,31125.0,-4788.0,9982928.0,0.0,-4793.0,-2663.0,21130000.0,54295000.0,100278000.0,idle
143149,37111.0,-20351.0,10039193.0,0.0,-3728.0,-2663.0,21130000.0,54295000.0,100278000.0,idle
143159,15562.0,-8379.0,9992505.0,1065.0,-4793.0,-2663.0,21130000.0,54295000.0,100278000.0,idle
143169,32322.0,-2394.0,10006871.0,1065.0,-3728.0,-1597.0,21130000.0,54295000.0,100278000.0,idle
143179,38308.0,-8379.0,10005674.0,532.0,-3195.0,-2130.0,21130000.0,54295000.0,100278000.0,idle
143189,28731.0,-2394.0,9974548.0,2130.0,-5326.0,-3195.0,21130000.0,54295000.0,100278000.0,idle
143199,35914.0,2394.0,10000885.0,1597.0,-4793.0,-2130.0,21130000.0,54295000.0,100278000.0,idle
143209,14365.0,-9577.0,10006871.0,0.0,-4261.0,-3195.0,21130000.0,54295000.0,100278000.0,idle
143219,22745.0,2394.0,9993702.0,-532.0,-3195.0,-3195.0,21130000.0,54295000.0,100278000.0,idle
143229,23942.0,5985.0,9991308.0,532.0,-4261.0,-2663.0,21130000.0,54295000.0,100278000.0,idle
143239,10774.0,-3591.0,9984125.0,532.0,-5326.0,-2663.0,21120000.0,54271000.0,100286000.0,idle
143249,17957.0,2394.0,10002082.0,-532.0,-3728.0,-4793.0,21120000.0,54271000.0,100286000.0,idle
143259,31125.0,-10774.0,10020039.0,0.0,-3728.0,-3728.0,21120000.0,54271000.0,100286000.0,idle
143269,32322.0,-9577.0,10012856.0,532.0,-4793.0,-2130.0,21120000.0,54271000.0,100286000.0,idle
143279,3591.0,0.0,9992505.0,532.0,-3728.0,-1597.0,21120000.0,54271000.0,100286000.0,idle
143289,22745.0,-4788.0,10018842.0,1065.0,-3195.0,-2663.0,21120000.0,54271000.0,100286000.0,idle
143299,31125.0,-5985.0,9984125.0,0.0,-3195.0,-3195.0,21120000.0,54271000.0,100286000.0,idle
143309,40702.0,-5985.0,9997294.0,1065.0,-3195.0,-2130.0,21120000.0,54271000.0,100286000.0,idle
143319,44294.0,3591.0,10006871.0,532.0,-4261.0,-2663.0,21120000.0,54271000.0,100286000.0,idle
143329,27534.0,-5985.0,10028419.0,0.0,-3195.0,-2663.0,21120000.0,54271000.0,100286000.0,idle
143339,29928.0,-5985.0,9990111.0,532.0,-5326.0,-1597.0,21120000.0,54271000.0,100286000.0,idle
143349,25139.0,-2394.0,9988914.0,532.0,-5326.0,-2130.0,21120000.0,54271000.0,100286000.0,idle
143359,28731.0,5985.0,9996096.0,0.0,-3728.0,-3195.0,21120000.0,54271000.0,100286000.0,idle
143369,25139.0,7182.0,10004476.0,1065.0,-4261.0,-3195.0,21120000.0,54271000.0,100286000.0,idle
143379,11971.0,-2394.0,10002082.0,-532.0,-4793.0,-3195.0,21120000.0,54271000.0,100286000.0,idle
143389,26337.0,-2394.0,9993702.0,-532.0,-2663.0,-2663.0,21120000.0,54271000.0,100286000.0,idle
143399,25139.0,-4788.0,9993702.0,0.0,-3195.0,-1597.0,21120000.0,54271000.0,100286000.0,idle
143409,22745.0,-4788.0,10003279.0,-532.0,-3195.0,-3195.0,21120000.0,54271000.0,100286000.0,idle
143419,19154.0,-1197.0,9999688.0,0.0,-3195.0,-1597.0,21120000.0,54271000.0,100286000.0,idle
143429,39505.0,-2394.0,10005674.0,532.0,-4261.0,-2130.0,21120000.0,54271000.0,100286000.0,idle
143439,39505.0,-8379.0,10008068.0,-532.0,-4793.0,-3728.0,21120000.0,54271000.0,100286000.0,idle
143449,37111.0,-17957.0,10002082.0,0.0,-3728.0,-532.0,21120000.0,54271000.0,100286000.0,idle
143459,41899.0,-16759.0,9986519.0,0.0,-2663.0,-532.0,21120000.0,54271000.0,100286000.0,idle
143469,31125.0,-10774.0,9990111.0,0.0,-2663.0,-3728.0,21120000.0,54271000.0,100286000.0,idle
143479,21548.0,-3591.0,9994899.0,532.0,-3728.0,-2663.0,21120000.0,54271000.0,100286000.0,idle
143489,37111.0,-2394.0,9994899.0,532.0,-4793.0,-2130.0,21120000.0,54271000.0,100286000.0,idle
143499,33519.0,-7182.0,9990111.0,1065.0,-4261.0,-3195.0,21120000.0,54271000.0,100286000.0,idle
143509,25139.0,3591.0,10010462.0,532.0,-2663.0,-2663.0,21120000.0,54271000.0,100286000.0,idle
143519,34716.0,-5985.0,9991308.0,0.0,-3728.0,-3728.0,21120000.0,54271000.0,100286000.0,idle
143529,39505.0,7182.0,10012856.0,0.0,-4261.0,-3728.0,21120000.0,54271000.0,100286000.0,idle
143539,8379.0,-3591.0,9997294.0,532.0,-3728.0,-2663.0,21120000.0,54271000.0,100286000.0,idle
143550,26337.0,-4788.0,10014054.0,-532.0,-4793.0,-1597.0,21120000.0,54271000.0,100286000.0,idle
143559,31125.0,-8379.0,9980534.0,-1065.0,-3195.0,-2663.0,21120000.0,54271000.0,100286000.0,idle
143569,25139.0,2394.0,10008068.0,0.0,-3728.0,-3728.0,21120000.0,54271000.0,100286000.0,idle
143579,27534.0,0.0,9980534.0,-532.0,-3728.0,-3195.0,21120000.0,54271000.0,100286000.0,idle
143589,44294.0,-11971.0,9992505.0,0.0,-3195.0,-3728.0,21120000.0,54271000.0,100286000.0,idle
143600,23942.0,-16759.0,9990111.0,-532.0,-3728.0,-3728.0,21120000.0,54271000.0,100286000.0,idle
143609,10774.0,3591.0,10011659.0,-532.0,-3195.0,-4261.0,21120000.0,54271000.0,100286000.0,idle
143619,25139.0,-2394.0,9978139.0,0.0,-4261.0,-2663.0,21120000.0,54271000.0,100286000.0,idle
143629,25139.0,-2394.0,9978139.0,0.0,-4261.0,-2663.0,21120000.0,54271000.0,100286000.0,idle
143639,25139.0,3591.0,9986519.0,0.0,-5859.0,-2663.0,21120000.0,54271000.0,100286000.0,idle
143650,14365.0,-1197.0,9993702.0,-532.0,-4261.0,-2130.0,21120000.0,54271000.0,100286000.0,idle
143659,15562.0,-9577.0,9986519.0,-532.0,-4793.0,-2663.0,21120000.0,54271000.0,100286000.0,idle
143669,26337.0,-10774.0,10020039.0,-1065.0,-4793.0,-3728.0,21120000.0,54271000.0,100286000.0,idle
143679,21548.0,-8379.0,9988914.0,0.0,-4793.0,-2663.0,21120000.0,54271000.0,100286000.0,idle
143689,40702.0,-8379.0,10005674.0,-532.0,-3728.0,-1597.0,21120000.0,54271000.0,100286000.0,idle
143699,25139.0,-8379.0,10005674.0,532.0,-3195.0,-2663.0,21120000.0,54271000.0,100286000.0,idle
143709,20351.0,-2394.0,9986519.0,0.0,-4793.0,-2663.0,21120000.0,54271000.0,100286000.0,idle
143719,9577.0,-2394.0,9982928.0,0.0,-4793.0,-2663.0,21120000.0,54271000.0,100286000.0,idle
143729,21548.0,-5985.0,10006871.0,0.0,-4261.0,-3195.0,21120000.0,54271000.0,100286000.0,idle
143739,34716.0,-1197.0,9999688.0,1065.0,-3195.0,-2663.0,21120000.0,54271000.0,100286000.0,idle
143750,8379.0,-8379.0,9996096.0,-532.0,-3195.0,-3728.0,21120000.0,54271000.0,100286000.0,idle
143760,23942.0,-1197.0,9998491.0,-1065.0,-3195.0,-3728.0,21120000.0,54271000.0,100286000.0,idle
143770,37111.0,-4788.0,9988914.0,1065.0,-2663.0,-3728.0,21120000.0,54271000.0,100286000.0,idle
143780,8379.0,2394.0,10005674.0,0.0,-3195.0,-4793.0,21120000.0,54271000.0,100286000.0,idle
143790,14365.0,2394.0,9997294.0,0.0,-4261.0,-3728.0,21120000.0,54271000.0,100286000.0,idle
143800,32322.0,1197.0,9988914.0,532.0,-4261.0,-2130.0,21120000.0,54271000.0,100286000.0,idle
143810,27534.0,-9577.0,9991308.0,1065.0,-2663.0,-3195.0,21120000.0,54271000.0,100286000.0,idle
143820,22745.0,5985.0,9992505.0,-532.0,-3195.0,-3728.0,21120000.0,54271000.0,100286000.0,idle
143830,15562.0,-1197.0,9985322.0,-532.0,-4261.0,-3195.0,21120000.0,54271000.0,100286000.0,idle
143840,33519.0,-13168.0,9986519.0,-1065.0,-4261.0,-2663.0,21120000.0,54271000.0,100286000.0,idle
143850,26337.0,-14365.0,9980534.0,0.0,-3728.0,-2130.0,21120000.0,54271000.0,100286000.0,idle
143860,14365.0,5985.0,9998491.0,1065.0,-5326.0,-2130.0,21120000.0,54271000.0,100286000.0,idle
143870,25139.0,-5985.0,9988914.0,-532.0,-4793.0,-3195.0,21120000.0,54271000.0,100286000.0,idle
143880,33519.0,3591.0,9996096.0,0.0,-4261.0,-4261.0,21120000.0,54271000.0,100286000.0,idle
143890,29928.0,-11971.0,9990111.0,532.0,-4261.0,-3195.0,21120000.0,54271000.0,100286000.0,idle
143900,28731.0,1197.0,10000885.0,532.0,-4793.0,-2663.0,21120000.0,54271000.0,100286000.0,idle
143910,9577.0,3591.0,9987717.0,-1065.0,-4261.0,-3195.0,21120000.0,54271000.0,100286000.0,idle
143920,34716.0,-8379.0,9997294.0,-532.0,-4261.0,-3728.0,21120000.0,54271000.0,100286000.0,idle
143930,46688.0,-7182.0,10010462.0,532.0,-4793.0,-3728.0,21120000.0,54271000.0,100286000.0,idle
143940,27534.0,-1197.0,9999688.0,532.0,-4261.0,-2130.0,21120000.0,54271000.0,100286000.0,idle
143950,27534.0,5985.0,9991308.0,0.0,-3728.0,-3195.0,21120000.0,54271000.0,100286000.0,idle
143960,28731.0,-1197.0,9981731.0,532.0,-3195.0,-2663.0,21120000.0,54271000.0,100286000.0,idle
143970,20351.0,-11971.0,10003279.0,-532.0,-4793.0,-1597.0,21120000.0,54271000.0,100286000.0,idle
143980,41899.0,-7182.0,9997294.0,-532.0,-5326.0,-3728.0,21120000.0,54271000.0,100286000.0,idle
143990,40702.0,-5985.0,10010462.0,-1065.0,-5326.0,-3728.0,21120000.0,54271000.0,100286000.0,idle
144000,31125.0,-4788.0,10002082.0,532.0,-4261.0,-2663.0,21120000.0,54271000.0,100286000.0,idle
144010,9577.0,-2394.0,9984125.0,0.0,-4261.0,-3195.0,21120000.0,54271000.0,100286000.0,idle
144020,16759.0,-2394.0,9990111.0,532.0,-3195.0,-3195.0,21120000.0,54271000.0,100286000.0,idle
144030,32322.0,-9577.0,10010462.0,-532.0,-4261.0,-2663.0,21120000.0,54271000.0,100286000.0,idle
144040,32322.0,2394.0,10002082.0,0.0,-6391.0,-1065.0,21120000.0,54271000.0,100286000.0,idle
144050,15562.0,-11971.0,10000885.0,532.0,-4261.0,-3728.0,21120000.0,54271000.0,100286000.0,idle
144060,23942.0,2394.0,10000885.0,0.0,-3195.0,-4261.0,21120000.0,54271000.0,100286000.0,idle
144070,40702.0,-1197.0,10006871.0,532.0,-3195.0,-3728.0,21120000.0,54271000.0,100286000.0,idle
144080,26337.0,-4788.0,9993702.0,532.0,-2130.0,-2130.0,21120000.0,54271000.0,100286000.0,idle
144090,45491.0,0.0,10008068.0,532.0,-3728.0,-2130.0,21120000.0,54271000.0,100286000.0,idle
144100,37111.0,-4788.0,9991308.0,0.0,-3195.0,-3195.0,21120000.0,54271000.0,100286000.0,idle
144110,27534.0,-15562.0,10006871.0,-532.0,-2663.0,-4261.0,21120000.0,54271000.0,100286000.0,idle
144120,25139.0,4788.0,9999688.0,532.0,-4261.0,-2130.0,21120000.0,54271000.0,100286000.0,idle
144130,28731.0,1197.0,9990111.0,1065.0,-4261.0,-1597.0,21120000.0,54271000.0,100286000.0,idle
144140,17957.0,-7182.0,9997294.0,-1065.0,-3728.0,-2663.0,21120000.0,54271000.0,100286000.0,idle
144150,39505.0,5985.0,10006871.0,-1065.0,-2663.0,-3195.0,21120000.0,54271000.0,100286000.0,idle
144160,19154.0,1197.0,10003279.0,0.0,-3195.0,-3195.0,21120000.0,54271000.0,100286000.0,idle
144170,23942.0,-9577.0,9998491.0,0.0,-3195.0,-2663.0,21120000.0,54271000.0,100286000.0,idle
144180,21548.0,-4788.0,9997294.0,532.0,-3728.0,-3728.0,21120000.0,54271000.0,100286000.0,idle
144190,33519.0,-3591.0,9992505.0,532.0,-4261.0,-3195.0,21120000.0,54271000.0,100286000.0,idle
144200,32322.0,-13168.0,9986519.0,1597.0,-4261.0,-1597.0,21120000.0,54271000.0,100286000.0,idle
144210,31125.0,3591.0,9999688.0,0.0,-4261.0,-1597.0,21120000.0,54271000.0,100286000.0,idle
144220,26337.0,-13168.0,9994899.0,-532.0,-3728.0,-2663.0,21120000.0,54271000.0,100286000.0,idle
144230,26337.0,-10774.0,9985322.0,1065.0,-4261.0,-3195.0,21120000.0,54271000.0,100286000.0,idle
144240,25139.0,3591.0,9982928.0,0.0,-5326.0,-3728.0,21090000.0,54212000.0,100274000.0,idle
144250,19154.0,-5985.0,10002082.0,1065.0,-4261.0,-3728.0,21090000.0,54212000.0,100274000.0,idle
144260,26337.0,-2394.0,9998491.0,1597.0,-4261.0,-2130.0,21090000.0,54212000.0,100274000.0,idle
144270,20351.0,13168.0,10002082.0,0.0,-3728.0,-2663.0,21090000.0,54212000.0,100274000.0,idle
144280,25139.0,3591.0,9987717.0,0.0,-4793.0,-2663.0,21090000.0,54212000.0,100274000.0,idle
144290,35914.0,-19154.0,9993702.0,-532.0,-4261.0,-2130.0,21090000.0,54212000.0,100274000.0,idle
144301,41899.0,-15562.0,10009265.0,0.0,-3728.0,-4261.0,21090000.0,54212000.0,100274000.0,idle
144310,10774.0,0.0,10004476.0,532.0,-4793.0,-2663.0,21090000.0,54212000.0,100274000.0,idle
144320,22745.0,10774.0,9987717.0,0.0,-3728.0,-3195.0,21090000.0,54212000.0,100274000.0,idle
144330,37111.0,-9577.0,9987717.0,0.0,-5326.0,-3195.0,21090000.0,54212000.0,100274000.0,idle
144340,38308.0,-14365.0,10014054.0,0.0,-5326.0,-3728.0,21090000.0,54212000.0,100274000.0,idle
144351,40702.0,-11971.0,10012856.0,1065.0,-5859.0,-3195.0,21090000.0,54212000.0,100274000.0,idle
144360,29928.0,0.0,9996096.0,0.0,-2663.0,-2663.0,21090000.0,54212000.0,100274000.0,idle
144370,25139.0,3591.0,9997294.0,-532.0,-4261.0,-3195.0,21090000.0,54212000.0,100274000.0,idle
144380,26337.0,2394.0,10000885.0,0.0,-5326.0,-3195.0,21090000.0,54212000.0,100274000.0,idle
144391,15562.0,5985.0,10003279.0,-532.0,-3195.0,-2663.0,21090000.0,54212000.0,100274000.0,idle
144401,10774.0,-2394.0,10003279.0,0.0,-4261.0,-2130.0,21090000.0,54212000.0,100274000.0,idle
144411,9577.0,-20351.0,9993702.0,1597.0,-3728.0,-2663.0,21090000.0,54212000.0,100274000.0,idle
144421,26337.0,-4788.0,9993702.0,532.0,-4261.0,-2663.0,21090000.0,54212000.0,100274000.0,idle
144431,25139.0,-8379.0,9998491.0,-532.0,-2130.0,-2663.0,21090000.0,54212000.0,100274000.0,idle
144441,28731.0,-4788.0,10004476.0,-532.0,-3195.0,-3195.0,21090000.0,54212000.0,100274000.0,idle
144451,33519.0,-3591.0,10028419.0,532.0,-4261.0,-2130.0,21090000.0,54212000.0,100274000.0,idle
144461,37111.0,0.0,9997294.0,532.0,-4261.0,-3195.0,21090000.0,54212000.0,100274000.0,idle
144471,15562.0,-10774.0,9988914.0,532.0,-3728.0,-1597.0,21090000.0,54212000.0,100274000.0,idle
144481,23942.0,0.0,9997294.0,1065.0,-3195.0,-2663.0,21090000.0,54212000.0,100274000.0,idle
144491,26337.0,-7182.0,10006871.0,1597.0,-3195.0,-3195.0,21090000.0,54212000.0,100274000.0,idle
144501,25139.0,-8379.0,10004476.0,1065.0,-4261.0,-3195.0,21090000.0,54212000.0,100274000.0,idle
144511,20351.0,-13168.0,10011659.0,-1065.0,-2663.0,-4261.0,21090000.0,54212000.0,100274000.0,idle
144521,29928.0,-9577.0,10012856.0,532.0,-2130.0,-2130.0,21090000.0,54212000.0,100274000.0,idle
144531,26337.0,-1197.0,9992505.0,0.0,-3728.0,-2130.0,21090000.0,54212000.0,100274000.0,idle
144541,33519.0,-14365.0,9967365.0,0.0,-3728.0,-3195.0,21090000.0,54212000.0,100274000.0,idle
144551,10774.0,-1197.0,10004476.0,0.0,-2663.0,-3195.0,21090000.0,54212000.0,100274000.0,idle
144561,14365.0,3591.0,10020039.0,532.0,-4793.0,-3195.0,21090000.0,54212000.0,100274000.0,idle
144571,37111.0,-5985.0,10016448.0,-532.0,-4261.0,-2130.0,21090000.0,54212000.0,100274000.0,idle
144581,1197.0,-5985.0,10000885.0,532.0,-3728.0,-2130.0,21090000.0,54212000.0,100274000.0,idle
144591,10774.0,-9577.0,9988914.0,1065.0,-4261.0,-1597.0,21090000.0,54212000.0,100274000.0,idle
144601,32322.0,-2394.0,9981731.0,532.0,-3728.0,-2130.0,21090000.0,54212000.0,100274000.0,idle
144611,20351.0,-4788.0,9992505.0,1065.0,-3195.0,-3728.0,21090000.0,54212000.0,100274000.0,idle
144621,21548.0,5985.0,10016448.0,532.0,-3195.0,-4261.0,21090000.0,54212000.0,100274000.0,idle
144631,22745.0,-9577.0,9996096.0,0.0,-4261.0,-3195.0,21090000.0,54212000.0,100274000.0,idle
144641,47885.0,-8379.0,9991308.0,532.0,-4793.0,-2663.0,21090000.0,54212000.0,100274000.0,idle
144651,9577.0,-13168.0,9984125.0,-532.0,-3728.0,-3728.0,21090000.0,54212000.0,100274000.0,idle
144661,15562.0,0.0,10009265.0,0.0,-3728.0,-3195.0,21090000.0,54212000.0,100274000.0,idle
144671,25139.0,0.0,9992505.0,1597.0,-4793.0,-3195.0,21090000.0,54212000.0,100274000.0,idle
144681,33519.0,-7182.0,9988914.0,-532.0,-4261.0,-3728.0,21090000.0,54212000.0,100274000.0,idle
144691,33519.0,-7182.0,9988914.0,-532.0,-4261.0,-3728.0,21090000.0,54212000.0,100274000.0,idle
144701,17957.0,-9577.0,9987717.0,532.0,-4261.0,-3195.0,21090000.0,54212000.0,100274000.0,idle
144711,17957.0,-9577.0,9987717.0,532.0,-4261.0,-3195.0,21090000.0,54212000.0,100274000.0,idle
144721,28731.0,1197.0,9998491.0,1065.0,-4261.0,-2663.0,21090000.0,54212000.0,100274000.0,idle
144731,31125.0,-1197.0,10005674.0,532.0,-4261.0,-2663.0,21090000.0,54212000.0,100274000.0,idle
144741,15562.0,-8379.0,10003279.0,532.0,-2663.0,-3728.0,21090000.0,54212000.0,100274000.0,idle
144751,32322.0,-3591.0,9980534.0,0.0,-3195.0,-2663.0,21090000.0,54212000.0,100274000.0,idle
144761,44294.0,2394.0,9988914.0,-1065.0,-3195.0,-3728.0,21090000.0,54212000.0,100274000.0,idle
144771,29928.0,-1197.0,10022434.0,-1065.0,-4261.0,-3195.0,21090000.0,54212000.0,100274000.0,idle
144781,17957.0,-4788.0,9982928.0,1065.0,-3728.0,-2130.0,21090000.0,54212000.0,100274000.0,idle
144791,33519.0,-15562.0,9991308.0,0.0,-2663.0,-2663.0,21090000.0,54212000.0,100274000.0,idle
144801,26337.0,-13168.0,9990111.0,-1597.0,-4793.0,-3195.0,21090000.0,54212000.0,100274000.0,idle
144811,29928.0,2394.0,9996096.0,-532.0,-5326.0,-3728.0,21090000.0,54212000.0,100274000.0,idle
144821,32322.0,0.0,9976942.0,1065.0,-4793.0,-3728.0,21090000.0,54212000.0,100274000.0,idle
144831,35914.0,-3591.0,9991308.0,0.0,-3728.0,-4261.0,21090000.0,54212000.0,100274000.0,idle
144841,33519.0,-9577.0,10003279.0,532.0,-4261.0,-3195.0,21090000.0,54212000.0,100274000.0,idle
144851,26337.0,2394.0,9980534.0,0.0,-2663.0,-3195.0,21090000.0,54212000.0,100274000.0,idle
144861,31125.0,1197.0,9985322.0,1065.0,-3195.0,-3728.0,21090000.0,54212000.0,100274000.0,idle
144871,28731.0,-8379.0,10006871.0,0.0,-3728.0,-3195.0,21090000.0,54212000.0,100274000.0,idle
144881,32322.0,-2394.0,10016448.0,-532.0,-4793.0,-2130.0,21090000.0,54212000.0,100274000.0,idle
144891,33519.0,10774.0,9998491.0,0.0,-5859.0,-2130.0,21090000.0,54212000.0,100274000.0,idle
144901,16759.0,2394.0,9991308.0,532.0,-4261.0,-4261.0,21090000.0,54212000.0,100274000.0,idle
144911,19154.0,1197.0,9985322.0,0.0,-4261.0,-4261.0,21090000.0,54212000.0,100274000.0,idle
144921,33519.0,-7182.0,9985322.0,-532.0,-4261.0,-2663.0,21090000.0,54212000.0,100274000.0,idle
144931,28731.0,0.0,9976942.0,-532.0,-3728.0,-2130.0,21090000.0,54212000.0,100274000.0,idle
144941,29928.0,-2394.0,9990111.0,0.0,-3728.0,-2130.0,21090000.0,54212000.0,100274000.0,idle
144951,26337.0,-3591.0,10005674.0,1065.0,-4261.0,-2663.0,21090000.0,54212000.0,100274000.0,idle
144961,23942.0,-4788.0,10010462.0,532.0,-4793.0,-3195.0,21090000.0,54212000.0,100274000.0,idle
144971,31125.0,-3591.0,9992505.0,-532.0,-3728.0,-2663.0,21090000.0,54212000.0,100274000.0,idle
144981,19154.0,-7182.0,9984125.0,0.0,-3728.0,-2663.0,21090000.0,54212000.0,100274000.0,idle
144991,21548.0,5985.0,9998491.0,-532.0,-4261.0,-3195.0,21090000.0,54212000.0,100274000.0,idle
145001,34716.0,1197.0,9992505.0,-532.0,-3195.0,-3195.0,21090000.0,54212000.0,100274000.0,idle
145012,41899.0,-1197.0,10002082.0,0.0,-2130.0,-3195.0,21090000.0,54212000.0,100274000.0,idle
145022,28731.0,-1197.0,9992505.0,0.0,-3728.0,-3195.0,21090000.0,54212000.0,100274000.0,idle
145032,15562.0,-13168.0,9990111.0,0.0,-4261.0,-2663.0,21090000.0,54212000.0,100274000.0,idle
145042,33519.0,-5985.0,9992505.0,0.0,-1597.0,-4793.0,21090000.0,54212000.0,100274000.0,idle
145052,23942.0,-4788.0,10002082.0,1065.0,-3728.0,-3728.0,21090000.0,54212000.0,100274000.0,idle
145062,21548.0,-2394.0,10010462.0,0.0,-4261.0,-3195.0,21090000.0,54212000.0,100274000.0,idle
145072,28731.0,5985.0,10000885.0,-1065.0,-3195.0,-2663.0,21090000.0,54212000.0,100274000.0,idle
145082,29928.0,8379.0,9988914.0,0.0,-4261.0,-3195.0,21090000.0,54212000.0,100274000.0,idle
145092,13168.0,-2394.0,9992505.0,532.0,-5326.0,-2663.0,21090000.0,54212000.0,100274000.0,idle
145102,33519.0,-4788.0,9991308.0,0.0,-4261.0,-3728.0,21090000.0,54212000.0,100274000.0,idle
145112,28731.0,5985.0,10008068.0,1065.0,-4261.0,-1597.0,21090000.0,54212000.0,100274000.0,idle
145122,9577.0,3591.0,10010462.0,532.0,-3728.0,-3195.0,21090000.0,54212000.0,100274000.0,idle
145132,21548.0,2394.0,10003279.0,0.0,-4793.0,-2663.0,21090000.0,54212000.0,100274000.0,idle
145142,31125.0,-13168.0,9994899.0,532.0,-4261.0,-2663.0,21090000.0,54212000.0,100274000.0,idle
145152,32322.0,-2394.0,9990111.0,0.0,-3195.0,-3195.0,21090000.0,54212000.0,100274000.0,idle
145162,26337.0,-15562.0,9998491.0,0.0,-3728.0,-3195.0,21090000.0,54212000.0,100274000.0,idle
145172,11971.0,-3591.0,10022434.0,0.0,-3728.0,-2130.0,21090000.0,54212000.0,100274000.0,idle
145182,19154.0,1197.0,10004476.0,0.0,-3728.0,-3728.0,21090000.0,54212000.0,100274000.0,idle
145192,25139.0,-2394.0,9984125.0,-1597.0,-4261.0,-3728.0,21090000.0,54212000.0,100274000.0,idle
145202,22745.0,-13168.0,9984125.0,532.0,-3195.0,-2663.0,21090000.0,54212000.0,100274000.0,idle
145212,39505.0,-1197.0,9990111.0,0.0,-3195.0,-4261.0,21090000.0,54212000.0,100274000.0,idle
145222,33519.0,1197.0,9997294.0,532.0,-3728.0,-3728.0,21090000.0,54212000.0,100274000.0,idle
145232,21548.0,-14365.0,10008068.0,-532.0,-3728.0,-4261.0,21090000.0,54212000.0,100274000.0,idle
145242,31125.0,-13168.0,9987717.0,532.0,-3728.0,-2663.0,21070000.0,54139000.0,100276000.0,idle
145252,29928.0,-7182.0,9984125.0,-532.0,-4261.0,-1597.0,21070000.0,54139000.0,100276000.0,idle
145262,16759.0,-10774.0,10012856.0,-532.0,-3728.0,-3195.0,21070000.0,54139000.0,100276000.0,idle
145272,15562.0,-14365.0,9994899.0,0.0,-3728.0,-4261.0,21070000.0,54139000.0,100276000.0,idle
145282,38308.0,-2394.0,9986519.0,532.0,-3728.0,-3728.0,21070000.0,54139000.0,100276000.0,idle
145292,15562.0,-4788.0,9993702.0,0.0,-3195.0,-3728.0,21070000.0,54139000.0,100276000.0,idle
145302,29928.0,-2394.0,9980534.0,-532.0,-3195.0,-2130.0,21070000.0,54139000.0,100276000.0,idle
145312,21548.0,4788.0,9998491.0,-1065.0,-3195.0,-2130.0,21070000.0,54139000.0,100276000.0,idle
145322,26337.0,3591.0,10005674.0,-1065.0,-3728.0,-3195.0,21070000.0,54139000.0,100276000.0,idle
145332,31125.0,-15562.0,10006871.0,-532.0,-4261.0,-4793.0,21070000.0,54139000.0,100276000.0,idle
145342,25139.0,-7182.0,9999688.0,0.0,-4261.0,-2663.0,21070000.0,54139000.0,100276000.0,idle
145352,11971.0,-8379.0,9994899.0,532.0,-2663.0,-1597.0,21070000.0,54139000.0,100276000.0,idle
145362,39505.0,16759.0,9980534.0,532.0,-3195.0,-2663.0,21070000.0,54139000.0,100276000.0,idle
145372,34716.0,-8379.0,9987717.0,0.0,-4793.0,-3728.0,21070000.0,54139000.0,100276000.0,idle
145382,49082.0,-4788.0,10024828.0,-1065.0,-4261.0,-4261.0,21070000.0,54139000.0,100276000.0,idle
145392,49082.0,-4788.0,10016448.0,-532.0,-3728.0,-3195.0,21070000.0,54139000.0,100276000.0,idle
145402,19154.0,-7182.0,9987717.0,-1065.0,-3195.0,-3728.0,21070000.0,54139000.0,100276000.0,idle
145412,28731.0,10774.0,9994899.0,-532.0,-3728.0,-3728.0,21070000.0,54139000.0,100276000.0,idle
145422,33519.0,2394.0,9990111.0,532.0,-4261.0,-2663.0,21070000.0,54139000.0,100276000.0,idle
145432,33519.0,-8379.0,10008068.0,-532.0,-2130.0,-2130.0,21070000.0,54139000.0,100276000.0,idle
145442,31125.0,-19154.0,9999688.0,-532.0,-3728.0,-2663.0,21070000.0,54139000.0,100276000.0,idle
145452,28731.0,-13168.0,10000885.0,-532.0,-3728.0,-3195.0,21070000.0,54139000.0,100276000.0,idle
145462,31125.0,-16759.0,9984125.0,0.0,-3195.0,-3195.0,21070000.0,54139000.0,100276000.0,idle
145472,20351.0,-11971.0,9992505.0,-532.0,-4793.0,-2663.0,21070000.0,54139000.0,100276000.0,idle
145482,11971.0,-8379.0,9999688.0,532.0,-3195.0,-2663.0,21070000.0,54139000.0,100276000.0,idle
145492,47885.0,-7182.0,10011659.0,532.0,-2663.0,-2663.0,21070000.0,54139000.0,100276000.0,idle
145502,27534.0,-11971.0,9997294.0,-532.0,-4261.0,-3195.0,21070000.0,54139000.0,100276000.0,idle
145512,23942.0,-9577.0,9973351.0,0.0,-3728.0,-3195.0,21070000.0,54139000.0,100276000.0,idle
145522,20351.0,-10774.0,9968562.0,-532.0,-3195.0,-2663.0,21070000.0,54139000.0,100276000.0,idle
145532,25139.0,-8379.0,10004476.0,-1065.0,-4261.0,-3728.0,21070000.0,54139000.0,100276000.0,idle
145542,41899.0,3591.0,10000885.0,1065.0,-5859.0,-3195.0,21070000.0,54139000.0,100276000.0,idle
145552,35914.0,-13168.0,9994899.0,532.0,-4261.0,-2130.0,21070000.0,54139000.0,100276000.0,idle
145562,32322.0,-4788.0,9982928.0,0.0,-3195.0,-2130.0,21070000.0,54139000.0,100276000.0,idle
145572,17957.0,9577.0,9988914.0,532.0,-4261.0,-3728.0,21070000.0,54139000.0,100276000.0,idle
145582,19154.0,3591.0,9974548.0,0.0,-4261.0,-3728.0,21070000.0,54139000.0,100276000.0,idle
145592,28731.0,-2394.0,9972154.0,0.0,-3195.0,-3728.0,21070000.0,54139000.0,100276000.0,idle
145602,22745.0,-3591.0,10009265.0,1597.0,-3728.0,-3195.0,21070000.0,54139000.0,100276000.0,idle
145612,15562.0,-3591.0,10009265.0,-532.0,-4261.0,-2663.0,21070000.0,54139000.0,100276000.0,idle
145622,31125.0,-2394.0,9990111.0,-1065.0,-4261.0,-3195.0,21070000.0,54139000.0,100276000.0,idle
145633,35914.0,-1197.0,10006871.0,-532.0,-3195.0,-4261.0,21070000.0,54139000.0,100276000.0,idle
145642,20351.0,0.0,10010462.0,532.0,-3195.0,-3195.0,21070000.0,54139000.0,100276000.0,idle
145653,21548.0,2394.0,9991308.0,0.0,-4261.0,-5326.0,21070000.0,54139000.0,100276000.0,idle
145663,39505.0,-9577.0,9974548.0,-1065.0,-3195.0,-4793.0,21070000.0,54139000.0,100276000.0,idle
145673,25139.0,4788.0,9982928.0,0.0,-4261.0,-3728.0,21070000.0,54139000.0,100276000.0,idle
145683,21548.0,-16759.0,9998491.0,0.0,-4793.0,-3728.0,21070000.0,54139000.0,100276000.0,idle
145693,31125.0,-19154.0,9994899.0,532.0,-3195.0,-3195.0,21070000.0,54139000.0,100276000.0,idle
145703,23942.0,-16759.0,10000885.0,1597.0,-3195.0,-2130.0,21070000.0,54139000.0,100276000.0,idle
145713,27534.0,-17957.0,9976942.0,0.0,-4793.0,-3195.0,21070000.0,54139000.0,100276000.0,idle
145723,15562.0,10774.0,10000885.0,-532.0,-4261.0,-4261.0,21070000.0,54139000.0,100276000.0,idle
145733,25139.0,10774.0,10003279.0,-532.0,-4261.0,-3195.0,21070000.0,54139000.0,100276000.0,idle
145743,23942.0,2394.0,10018842.0,0.0,-4261.0,-2663.0,21070000.0,54139000.0,100276000.0,idle
145753,23942.0,2394.0,10018842.0,0.0,-4261.0,-2663.0,21070000.0,54139000.0,100276000.0,idle
145763,10774.0,-10774.0,10012856.0,-532.0,-2663.0,-2663.0,21070000.0,54139000.0,100276000.0,idle
145773,38308.0,-10774.0,9998491.0,0.0,-3195.0,-2663.0,21070000.0,54139000.0,100276000.0,idle
145783,28731.0,-3591.0,9984125.0,0.0,-5326.0,-3195.0,21070000.0,54139000.0,100276000.0,idle
145793,17957.0,5985.0,9996096.0,532.0,-4793.0,-2130.0,21070000.0,54139000.0,100276000.0,idle
145803,13168.0,2394.0,10004476.0,1065.0,-5326.0,-2130.0,21070000.0,54139000.0,100276000.0,idle
145813,33519.0,-4788.0,9994899.0,1597.0,-4261.0,-2663.0,21070000.0,54139000.0,100276000.0,idle
145823,9577.0,1197.0,10008068.0,532.0,-4793.0,-3728.0,21070000.0,54139000.0,100276000.0,idle
145833,26337.0,-1197.0,10006871.0,0.0,-4261.0,-3195.0,21070000.0,54139000.0,100276000.0,idle
145843,21548.0,-5985.0,10006871.0,-532.0,-4793.0,-2130.0,21070000.0,54139000.0,100276000.0,idle
145853,22745.0,-11971.0,9998491.0,0.0,-4793.0,-3195.0,21070000.0,54139000.0,100276000.0,idle
145863,28731.0,-5985.0,9988914.0,-532.0,-4261.0,-2130.0,21070000.0,54139000.0,100276000.0,idle
145873,13168.0,-13168.0,9990111.0,-532.0,-4793.0,-2130.0,21070000.0,54139000.0,100276000.0,idle
145883,19154.0,-17957.0,10009265.0,532.0,-5326.0,-4793.0,21070000.0,54139000.0,100276000.0,idle
145893,29928.0,-5985.0,9987717.0,-1065.0,-4793.0,-3195.0,21070000.0,54139000.0,100276000.0,idle
145903,38308.0,4788.0,9996096.0,0.0,-5326.0,-2130.0,21070000.0,54139000.0,100276000.0,idle
145913,21548.0,-1197.0,10005674.0,-532.0,-2663.0,-2663.0,21070000.0,54139000.0,100276000.0,idle
145923,19154.0,-11971.0,9993702.0,0.0,-2663.0,-3728.0,21070000.0,54139000.0,100276000.0,idle
145933,29928.0,-4788.0,9987717.0,532.0,-3728.0,-2663.0,21070000.0,54139000.0,100276000.0,idle
145943,8379.0,0.0,9990111.0,0.0,-3728.0,-3195.0,21070000.0,54139000.0,100276000.0,idle
145953,33519.0,-11971.0,10011659.0,532.0,-3728.0,-2663.0,21070000.0,54139000.0,100276000.0,idle
145963,39505.0,-20351.0,9982928.0,532.0,-3728.0,-2663.0,21070000.0,54139000.0,100276000.0,idle
145973,25139.0,-2394.0,9986519.0,-532.0,-3728.0,-3728.0,21070000.0,54139000.0,100276000.0,idle
145983,23942.0,2394.0,9996096.0,532.0,-4261.0,-3728.0,21070000.0,54139000.0,100276000.0,idle
145993,32322.0,-9577.0,9985322.0,1065.0,-4261.0,-1597.0,21070000.0,54139000.0,100276000.0,idle
146003,28731.0,-5985.0,9986519.0,-1065.0,-3728.0,-3195.0,21070000.0,54139000.0,100276000.0,idle
146013,35914.0,5985.0,9991308.0,-532.0,-2663.0,-2663.0,21070000.0,54139000.0,100276000.0,idle
146023,21548.0,-1197.0,9992505.0,-532.0,-3728.0,-3195.0,21070000.0,54139000.0,100276000.0,idle
146033,8379.0,-14365.0,10000885.0,-532.0,-3728.0,-3195.0,21070000.0,54139000.0,100276000.0,idle
146043,23942.0,-2394.0,9993702.0,-1597.0,-4261.0,-3728.0,21070000.0,54139000.0,100276000.0,idle
146053,35914.0,-1197.0,9998491.0,-1065.0,-4793.0,-3728.0,21070000.0,54139000.0,100276000.0,idle
146063,20351.0,-17957.0,9966168.0,-532.0,-3195.0,-3195.0,21070000.0,54139000.0,100276000.0,idle
146073,29928.0,-8379.0,9986519.0,-532.0,-4793.0,-3728.0,21070000.0,54139000.0,100276000.0,idle
146083,26337.0,-5985.0,9993702.0,-1597.0,-4261.0,-4261.0,21070000.0,54139000.0,100276000.0,idle
146093,20351.0,3591.0,10006871.0,-1065.0,-5859.0,-3195.0,21070000.0,54139000.0,100276000.0,idle
146103,26337.0,-4788.0,10008068.0,532.0,-4261.0,-3195.0,21070000.0,54139000.0,100276000.0,idle
146113,26337.0,-7182.0,9991308.0,0.0,-3195.0,-3195.0,21070000.0,54139000.0,100276000.0,idle
146123,17957.0,-3591.0,9988914.0,-1065.0,-3728.0,-4261.0,21070000.0,54139000.0,100276000.0,idle
146133,15562.0,-4788.0,9979337.0,532.0,-3728.0,-3195.0,21070000.0,54139000.0,100276000.0,idle
146143,25139.0,0.0,10009265.0,532.0,-2663.0,-3195.0,21070000.0,54139000.0,100276000.0,idle
146153,27534.0,0.0,10003279.0,-532.0,-2663.0,-3195.0,21070000.0,54139000.0,100276000.0,idle
146163,40702.0,-10774.0,10000885.0,-1065.0,-3728.0,-2663.0,21070000.0,54139000.0,100276000.0,idle
146173,34716.0,3591.0,9985322.0,0.0,-3728.0,-3195.0,21070000.0,54139000.0,100276000.0,idle
146183,40702.0,3591.0,9991308.0,-532.0,-3728.0,-3195.0,21070000.0,54139000.0,100276000.0,idle
146193,19154.0,0.0,10020039.0,532.0,-4261.0,-3728.0,21070000.0,54139000.0,100276000.0,idle
146203,22745.0,-7182.0,10009265.0,1065.0,-4261.0,-3195.0,21070000.0,54139000.0,100276000.0,idle
146213,34716.0,-3591.0,9988914.0,1597.0,-3728.0,-2663.0,21070000.0,54139000.0,100276000.0,idle
146223,14365.0,-19154.0,9986519.0,0.0,-3728.0,-2663.0,21070000.0,54139000.0,100276000.0,idle
146233,17957.0,-17957.0,10008068.0,532.0,-4793.0,-2663.0,21070000.0,54139000.0,100276000.0,idle
146243,37111.0,7182.0,10012856.0,532.0,-3728.0,-1065.0,21050000.0,54079000.0,100274000.0,idle
146254,19154.0,-8379.0,10010462.0,532.0,-3728.0,-3195.0,21050000.0,54079000.0,100274000.0,idle
146264,-7182.0,-15562.0,9990111.0,1065.0,-3195.0,-3195.0,21050000.0,54079000.0,100274000.0,idle
146274,31125.0,-7182.0,9986519.0,-532.0,-4793.0,-3728.0,21050000.0,54079000.0,100274000.0,idle
146284,44294.0,-7182.0,10012856.0,1065.0,-4793.0,-3728.0,21050000.0,54079000.0,100274000.0,idle
146294,29928.0,3591.0,10016448.0,0.0,-3728.0,-2663.0,21050000.0,54079000.0,100274000.0,idle
146304,33519.0,0.0,10004476.0,-1597.0,-3728.0,-3195.0,21050000.0,54079000.0,100274000.0,idle
146314,46688.0,-20351.0,9986519.0,0.0,-2663.0,-2130.0,21050000.0,54079000.0,100274000.0,idle
146324,41899.0,-22745.0,9958985.0,0.0,-3195.0,-2663.0,21050000.0,54079000.0,100274000.0,idle
146334,9577.0,-3591.0,10000885.0,1065.0,-4793.0,-4261.0,21050000.0,54079000.0,100274000.0,idle
146344,16759.0,-9577.0,10029616.0,532.0,-3728.0,-4793.0,21050000.0,54079000.0,100274000.0,idle
146354,49082.0,-4788.0,10003279.0,0.0,-4261.0,-2663.0,21050000.0,54079000.0,100274000.0,idle
146364,40702.0,0.0,9981731.0,0.0,-3728.0,-2130.0,21050000.0,54079000.0,100274000.0,idle
146374,10774.0,-5985.0,9991308.0,532.0,-5326.0,-1065.0,21050000.0,54079000.0,100274000.0,idle
146384,21548.0,-7182.0,9990111.0,532.0,-4793.0,-2663.0,21050000.0,54079000.0,100274000.0,idle
146394,32322.0,-2394.0,9994899.0,1597.0,-4261.0,-3195.0,21050000.0,54079000.0,100274000.0,idle
146404,17957.0,-5985.0,9993702.0,0.0,-3728.0,-2130.0,21050000.0,54079000.0,100274000.0,idle
146414,20351.0,-5985.0,9992505.0,-532.0,-2663.0,-2130.0,21050000.0,54079000.0,100274000.0,idle
146424,26337.0,-14365.0,9974548.0,-532.0,-3728.0,-3195.0,21050000.0,54079000.0,100274000.0,idle
146434,22745.0,-8379.0,9987717.0,-532.0,-5326.0,-2663.0,21050000.0,54079000.0,100274000.0,idle
146444,37111.0,-1197.0,10009265.0,1065.0,-3195.0,-2663.0,21050000.0,54079000.0,100274000.0,idle
146454,21548.0,-5985.0,10016448.0,1065.0,-3728.0,-3195.0,21050000.0,54079000.0,100274000.0,idle
146464,13168.0,-15562.0,9999688.0,532.0,-4793.0,-2130.0,21050000.0,54079000.0,100274000.0,idle
146474,22745.0,8379.0,9963774.0,532.0,-3728.0,-2663.0,21050000.0,54079000.0,100274000.0,idle
146484,35914.0,14365.0,9985322.0,532.0,-2130.0,-3728.0,21050000.0,54079000.0,100274000.0,idle
146494,37111.0,1197.0,9996096.0,0.0,-3728.0,-2663.0,21050000.0,54079000.0,100274000.0,idle
146504,17957.0,2394.0,9994899.0,532.0,-4793.0,-3195.0,21050000.0,54079000.0,100274000.0,idle
146514,8379.0,-1197.0,10015251.0,532.0,-4793.0,-2130.0,21050000.0,54079000.0,100274000.0,idle
146524,26337.0,1197.0,10028419.0,532.0,-4793.0,-1597.0,21050000.0,54079000.0,100274000.0,idle
146534,35914.0,-7182.0,9984125.0,532.0,-3195.0,-1597.0,21050000.0,54079000.0,100274000.0,idle
146544,19154.0,-7182.0,9998491.0,0.0,-3728.0,-3195.0,21050000.0,54079000.0,100274000.0,idle
146554,15562.0,-9577.0,9997294.0,-532.0,-4793.0,-2663.0,21050000.0,54079000.0,100274000.0,idle
146564,34716.0,-11971.0,10009265.0,0.0,-4261.0,-3728.0,21050000.0,54079000.0,100274000.0,idle
146574,31125.0,5985.0,10008068.0,532.0,-2130.0,-4261.0,21050000.0,54079000.0,100274000.0,idle
146584,49082.0,-1197.0,9978139.0,-532.0,-3195.0,-3728.0,21050000.0,54079000.0,100274000.0,idle
146594,20351.0,1197.0,9951802.0,0.0,-4261.0,-3728.0,21050000.0,54079000.0,100274000.0,idle
146604,28731.0,-13168.0,9999688.0,532.0,-4793.0,-3195.0,21050000.0,54079000.0,100274000.0,idle
146614,40702.0,0.0,10009265.0,-1065.0,-5326.0,-2663.0,21050000.0,54079000.0,100274000.0,idle
146624,10774.0,0.0,10006871.0,1065.0,-3195.0,-3195.0,21050000.0,54079000.0,100274000.0,idle
146634,8379.0,-7182.0,9991308.0,532.0,-3195.0,-4261.0,21050000.0,54079000.0,100274000.0,idle
146644,22745.0,0.0,9974548.0,-1597.0,-4261.0,-4793.0,21050000.0,54079000.0,100274000.0,idle
146664,17957.0,-7182.0,10014054.0,0.0,-3195.0,-4261.0,21050000.0,54079000.0,100274000.0,idle
146674,22745.0,-1197.0,10017645.0,-1065.0,-5326.0,-2663.0,21050000.0,54079000.0,100274000.0,idle
146684,13168.0,11971.0,9991308.0,-1597.0,-3195.0,-2663.0,21050000.0,54079000.0,100274000.0,idle
146694,15562.0,-5985.0,9982928.0,-1597.0,-2663.0,-3195.0,21050000.0,54079000.0,100274000.0,idle
146704,16759.0,0.0,9970957.0,-1597.0,-4793.0,-3195.0,21050000.0,54079000.0,100274000.0,idle
146714,32322.0,-5985.0,9984125.0,0.0,-4793.0,-3195.0,21050000.0,54079000.0,100274000.0,idle
146724,15562.0,1197.0,10017645.0,-1065.0,-3195.0,-2663.0,21050000.0,54079000.0,100274000.0,idle
146734,22745.0,-3591.0,10027222.0,-1065.0,-3195.0,-3728.0,21050000.0,54079000.0,100274000.0,idle
146744,26337.0,-9577.0,9978139.0,532.0,-2663.0,-3195.0,21050000.0,54079000.0,100274000.0,idle
146754,25139.0,0.0,9955394.0,0.0,-3195.0,-3195.0,21050000.0,54079000.0,100274000.0,idle
146764,25139.0,13168.0,9994899.0,-532.0,-4261.0,-2663.0,21050000.0,54079000.0,100274000.0,idle
146774,7182.0,5985.0,10012856.0,-532.0,-3195.0,-3195.0,21050000.0,54079000.0,100274000.0,idle
146784,3591.0,2394.0,9994899.0,0.0,-4261.0,-2663.0,21050000.0,54079000.0,100274000.0,idle
146794,26337.0,-10774.0,9994899.0,0.0,-3728.0,-2663.0,21050000.0,54079000.0,100274000.0,idle
146804,26337.0,-2394.0,9987717.0,0.0,-3728.0,-2663.0,21050000.0,54079000.0,100274000.0,idle
146814,26337.0,-2394.0,9987717.0,0.0,-3728.0,-2663.0,21050000.0,54079000.0,100274000.0,idle
146824,9577.0,3591.0,9985322.0,1065.0,-4261.0,-2663.0,21050000.0,54079000.0,100274000.0,idle
146834,22745.0,0.0,9996096.0,532.0,-4261.0,-3195.0,21050000.0,54079000.0,100274000.0,idle
146844,37111.0,-4788.0,10005674.0,532.0,-4261.0,-2663.0,21050000.0,54079000.0,100274000.0,idle
146854,27534.0,5985.0,10010462.0,-532.0,-4261.0,-2130.0,21050000.0,54079000.0,100274000.0,idle
146864,1197.0,-1197.0,9987717.0,-1065.0,-3195.0,-2130.0,21050000.0,54079000.0,100274000.0,idle
146874,22745.0,-9577.0,9994899.0,-532.0,-4261.0,-2663.0,21050000.0,54079000.0,100274000.0,idle
146884,31125.0,-7182.0,10015251.0,1065.0,-3728.0,-3195.0,21050000.0,54079000.0,100274000.0,idle
146895,22745.0,-4788.0,9991308.0,532.0,-4261.0,-4261.0,21050000.0,54079000.0,100274000.0,idle
146905,23942.0,-7182.0,10009265.0,-532.0,-3195.0,-3728.0,21050000.0,54079000.0,100274000.0,idle
146915,11971.0,-2394.0,9999688.0,1065.0,-4261.0,-3195.0,21050000.0,54079000.0,100274000.0,idle
146925,28731.0,-3591.0,10002082.0,0.0,-4261.0,-3195.0,21050000.0,54079000.0,100274000.0,idle
146935,25139.0,3591.0,10002082.0,1065.0,-4261.0,-2663.0,21050000.0,54079000.0,100274000.0,idle
146945,15562.0,-10774.0,9997294.0,532.0,-4261.0,-2663.0,21050000.0,54079000.0,100274000.0,idle
146955,22745.0,-7182.0,10016448.0,0.0,-2663.0,-3195.0,21050000.0,54079000.0,100274000.0,idle
146965,25139.0,-1197.0,9988914.0,0.0,-3195.0,-2130.0,21050000.0,54079000.0,100274000.0,idle
146975,11971.0,-9577.0,9997294.0,0.0,-3195.0,-2663.0,21050000.0,54079000.0,100274000.0,idle
146985,7182.0,-2394.0,10002082.0,-532.0,-4261.0,-3728.0,21050000.0,54079000.0,100274000.0,idle
146995,29928.0,-1197.0,10027222.0,0.0,-4261.0,-3195.0,21050000.0,54079000.0,100274000.0,idle
147005,33519.0,0.0,10008068.0,-532.0,-4261.0,-3728.0,21050000.0,54079000.0,100274000.0,idle
147015,29928.0,-4788.0,10004476.0,-1065.0,-3728.0,-3195.0,21050000.0,54079000.0,100274000.0,idle
147025,37111.0,-8379.0,9988914.0,-532.0,-3195.0,-2663.0,21050000.0,54079000.0,100274000.0,idle
147035,27534.0,-14365.0,10002082.0,-532.0,-4261.0,-3195.0,21050000.0,54079000.0,100274000.0,idle
147045,21548.0,8379.0,10002082.0,532.0,-4793.0,-3195.0,21050000.0,54079000.0,100274000.0,idle
147055,19154.0,5985.0,9987717.0,-532.0,-3195.0,-3195.0,21050000.0,54079000.0,100274000.0,idle
147065,32322.0,-13168.0,9988914.0,-532.0,-3195.0,-2663.0,21050000.0,54079000.0,100274000.0,idle
147075,16759.0,-2394.0,9992505.0,532.0,-3195.0,-2663.0,21050000.0,54079000.0,100274000.0,idle
147085,19154.0,-8379.0,9998491.0,0.0,-4261.0,-3195.0,21050000.0,54079000.0,100274000.0,idle
147095,3591.0,-1197.0,10004476.0,1065.0,-4261.0,-4261.0,21050000.0,54079000.0,100274000.0,idle
147105,34716.0,-1197.0,10008068.0,532.0,-3728.0,-3728.0,21050000.0,54079000.0,100274000.0,idle
147115,19154.0,-20351.0,10005674.0,532.0,-2663.0,-2663.0,21050000.0,54079000.0,100274000.0,idle
147125,13168.0,-25139.0,9987717.0,-532.0,-3728.0,-2663.0,21050000.0,54079000.0,100274000.0,idle
147135,22745.0,-11971.0,10002082.0,0.0,-3728.0,-2130.0,21050000.0,54079000.0,100274000.0,idle
147145,28731.0,-9577.0,10004476.0,532.0,-3728.0,-3195.0,21050000.0,54079000.0,100274000.0,idle
147155,38308.0,-15562.0,10008068.0,532.0,-4793.0,-3195.0,21050000.0,54079000.0,100274000.0,idle
147165,27534.0,-2394.0,9986519.0,532.0,-4793.0,-2663.0,21050000.0,54079000.0,100274000.0,idle
147175,25139.0,-13168.0,9985322.0,0.0,-2663.0,-2663.0,21050000.0,54079000.0,100274000.0,idle
147185,27534.0,-7182.0,9993702.0,0.0,-4261.0,-3195.0,21050000.0,54079000.0,100274000.0,idle
147195,32322.0,-5985.0,9998491.0,1597.0,-4793.0,-3195.0,21050000.0,54079000.0,100274000.0,idle
147205,35914.0,0.0,10005674.0,0.0,-3728.0,-3728.0,21050000.0,54079000.0,100274000.0,idle
147215,14365.0,-9577.0,10006871.0,532.0,-3728.0,-3195.0,21050000.0,54079000.0,100274000.0,idle
147225,22745.0,-14365.0,10014054.0,532.0,-3195.0,-3728.0,21050000.0,54079000.0,100274000.0,idle
147235,35914.0,-3591.0,9992505.0,-532.0,-3195.0,-2663.0,21050000.0,54079000.0,100274000.0,idle
147245,22745.0,2394.0,9988914.0,-532.0,-3195.0,-2130.0,21040000.0,54024000.0,100276000.0,idle
147255,25139.0,0.0,9998491.0,-532.0,-3195.0,-3728.0,21040000.0,54024000.0,100276000.0,idle
147265,27534.0,5985.0,9987717.0,1065.0,-4793.0,-2130.0,21040000.0,54024000.0,100276000.0,idle
147275,17957.0,-13168.0,10006871.0,532.0,-6391.0,-3195.0,21040000.0,54024000.0,100276000.0,idle
147285,5985.0,-3591.0,10005674.0,1065.0,-4793.0,-3728.0,21040000.0,54024000.0,100276000.0,idle
147295,33519.0,16759.0,9998491.0,0.0,-3728.0,-3195.0,21040000.0,54024000.0,100276000.0,idle
147305,31125.0,-5985.0,10018842.0,532.0,-2663.0,-3195.0,21040000.0,54024000.0,100276000.0,idle
147315,28731.0,-3591.0,9994899.0,1597.0,-3728.0,-2663.0,21040000.0,54024000.0,100276000.0,idle
147325,9577.0,-8379.0,9980534.0,-1065.0,-4261.0,-2663.0,21040000.0,54024000.0,100276000.0,idle
147335,33519.0,-15562.0,9958985.0,-532.0,-3728.0,-3195.0,21040000.0,54024000.0,100276000.0,idle
147345,38308.0,0.0,9987717.0,-532.0,-3728.0,-3728.0,21040000.0,54024000.0,100276000.0,idle
147355,14365.0,0.0,10008068.0,0.0,-4261.0,-2130.0,21040000.0,54024000.0,100276000.0,idle
147365,17957.0,10774.0,9997294.0,532.0,-3195.0,-2663.0,21040000.0,54024000.0,100276000.0,idle
147375,33519.0,-3591.0,9998491.0,-532.0,-4261.0,-2130.0,21040000.0,54024000.0,100276000.0,idle
147385,27534.0,2394.0,10006871.0,-532.0,-3728.0,-3195.0,21040000.0,54024000.0,100276000.0,idle
147395,1197.0,0.0,9996096.0,-1065.0,-3728.0,-3195.0,21040000.0,54024000.0,100276000.0,idle
147405,22745.0,-13168.0,9999688.0,0.0,-4261.0,-2130.0,21040000.0,54024000.0,100276000.0,idle
147415,40702.0,-4788.0,10014054.0,532.0,-5326.0,-1597.0,21040000.0,54024000.0,100276000.0,idle
147425,32322.0,0.0,10015251.0,-532.0,-4261.0,-3728.0,21040000.0,54024000.0,100276000.0,idle
147435,21548.0,7182.0,9987717.0,0.0,-3195.0,-3195.0,21040000.0,54024000.0,100276000.0,idle
147445,13168.0,5985.0,9991308.0,532.0,-3728.0,-1065.0,21040000.0,54024000.0,100276000.0,idle
147455,9577.0,4788.0,10000885.0,0.0,-4261.0,-1597.0,21040000.0,54024000.0,100276000.0,idle
147465,21548.0,-13168.0,10014054.0,-532.0,-2130.0,-3195.0,21040000.0,54024000.0,100276000.0,idle
147475,22745.0,-11971.0,9979337.0,1065.0,-3195.0,-3195.0,21040000.0,54024000.0,100276000.0,idle
147485,49082.0,-3591.0,10003279.0,532.0,-3728.0,-2130.0,21040000.0,54024000.0,100276000.0,idle
147495,40702.0,2394.0,9993702.0,1597.0,-3728.0,-2663.0,21040000.0,54024000.0,100276000.0,idle
147506,32322.0,4788.0,9979337.0,2130.0,-4261.0,-2130.0,21040000.0,54024000.0,100276000.0,idle
147515,22745.0,-10774.0,10008068.0,0.0,-3195.0,-2663.0,21040000.0,54024000.0,100276000.0,idle
147526,20351.0,-8379.0,10000885.0,-532.0,-3728.0,-3195.0,21040000.0,54024000.0,100276000.0,idle
147536,39505.0,-13168.0,10014054.0,0.0,-4793.0,-3728.0,21040000.0,54024000.0,100276000.0,idle
147546,15562.0,1197.0,9976942.0,1065.0,-3728.0,-3728.0,21040000.0,54024000.0,100276000.0,idle
147556,17957.0,-8379.0,9998491.0,532.0,-3728.0,-3195.0,21040000.0,54024000.0,100276000.0,idle
147566,22745.0,-4788.0,9998491.0,0.0,-4261.0,-2663.0,21040000.0,54024000.0,100276000.0,idle
147576,33519.0,-4788.0,9986519.0,0.0,-3728.0,-2663.0,21040000.0,54024000.0,100276000.0,idle
147586,34716.0,4788.0,9980534.0,1065.0,-2663.0,-2663.0,21040000.0,54024000.0,100276000.0,idle
147596,33519.0,-5985.0,9997294.0,-1065.0,-4793.0,-3728.0,21040000.0,54024000.0,100276000.0,idle
147606,9577.0,14365.0,10009265.0,532.0,-3728.0,-2663.0,21040000.0,54024000.0,100276000.0,idle
147616,13168.0,-9577.0,9997294.0,0.0,-2663.0,-1597.0,21040000.0,54024000.0,100276000.0,idle
147626,35914.0,-11971.0,10017645.0,0.0,-4261.0,-3728.0,21040000.0,54024000.0,100276000.0,idle
147636,27534.0,-11971.0,9999688.0,1065.0,-3195.0,-3195.0,21040000.0,54024000.0,100276000.0,idle
147646,27534.0,-3591.0,9979337.0,0.0,-3728.0,-2130.0,21040000.0,54024000.0,100276000.0,idle
147656,33519.0,3591.0,10000885.0,532.0,-4261.0,-2130.0,21040000.0,54024000.0,100276000.0,idle
147666,31125.0,-10774.0,10004476.0,532.0,-2663.0,-2663.0,21040000.0,54024000.0,100276000.0,idle
147676,13168.0,-14365.0,9997294.0,0.0,-3195.0,-2663.0,21040000.0,54024000.0,100276000.0,idle
147686,37111.0,0.0,9994899.0,-532.0,-4261.0,-2130.0,21040000.0,54024000.0,100276000.0,idle
147696,37111.0,-10774.0,9991308.0,0.0,-4261.0,-3195.0,21040000.0,54024000.0,100276000.0,idle
147706,33519.0,0.0,9998491.0,1065.0,-3728.0,-3195.0,21040000.0,54024000.0,100276000.0,idle
147716,22745.0,-8379.0,10004476.0,0.0,-4261.0,-3728.0,21040000.0,54024000.0,100276000.0,idle
147726,11971.0,-16759.0,9997294.0,-532.0,-4261.0,-3195.0,21040000.0,54024000.0,100276000.0,idle
147736,55068.0,26337.0,9994899.0,0.0,-2130.0,-3728.0,21040000.0,54024000.0,100276000.0,idle
147746,45491.0,15562.0,9999688.0,532.0,-2130.0,-3728.0,21040000.0,54024000.0,100276000.0,idle
147756,23942.0,-27534.0,10012856.0,532.0,-5859.0,-2663.0,21040000.0,54024000.0,100276000.0,idle
147766,28731.0,-26337.0,10002082.0,1065.0,-3728.0,-3728.0,21040000.0,54024000.0,100276000.0,idle
147776,44294.0,2394.0,9982928.0,0.0,-3728.0,-4261.0,21040000.0,54024000.0,100276000.0,idle
147786,5985.0,-11971.0,9991308.0,-1065.0,-3195.0,-2130.0,21040000.0,54024000.0,100276000.0,idle
147796,16759.0,3591.0,10009265.0,-532.0,-4261.0,-2663.0,21040000.0,54024000.0,100276000.0,idle
147806,40702.0,29928.0,9991308.0,532.0,-4793.0,-3195.0,21040000.0,54024000.0,100276000.0,idle
147816,26337.0,-11971.0,9994899.0,532.0,-3728.0,-3195.0,21040000.0,54024000.0,100276000.0,idle
147826,10774.0,-31125.0,10006871.0,-1065.0,-3195.0,-3728.0,21040000.0,54024000.0,100276000.0,idle
147836,-9577.0,-1197.0,9992505.0,0.0,-5326.0,-3728.0,21040000.0,54024000.0,100276000.0,idle
147846,37111.0,4788.0,9999688.0,0.0,-2663.0,-4261.0,21040000.0,54024000.0,100276000.0,idle
147856,56265.0,4788.0,10005674.0,-532.0,-4261.0,-3195.0,21040000.0,54024000.0,100276000.0,idle
147866,27534.0,8379.0,10016448.0,1065.0,-3195.0,-3728.0,21040000.0,54024000.0,100276000.0,idle
147876,27534.0,8379.0,10016448.0,1065.0,-3195.0,-3728.0,21040000.0,54024000.0,100276000.0,idle
147886,8379.0,-25139.0,9988914.0,532.0,-4261.0,-2130.0,21040000.0,54024000.0,100276000.0,idle
147896,37111.0,-33519.0,9970957.0,-1065.0,-4793.0,-2663.0,21040000.0,54024000.0,100276000.0,idle
147906,22745.0,-14365.0,9997294.0,0.0,-4793.0,-4261.0,21040000.0,54024000.0,100276000.0,idle
147916,2394.0,-2394.0,10010462.0,0.0,-4793.0,-4261.0,21040000.0,54024000.0,100276000.0,idle
147926,45491.0,13168.0,9985322.0,532.0,-3195.0,-3195.0,21040000.0,54024000.0,100276000.0,idle
147936,32322.0,1197.0,9979337.0,-532.0,-4261.0,-3195.0,21040000.0,54024000.0,100276000.0,idle
147946,7182.0,-3591.0,10016448.0,0.0,-3195.0,-3195.0,21040000.0,54024000.0,100276000.0,idle
147956,26337.0,-11971.0,9992505.0,0.0,-3728.0,-1597.0,21040000.0,54024000.0,100276000.0,idle
147966,28731.0,-13168.0,9991308.0,0.0,-4261.0,-2663.0,21040000.0,54024000.0,100276000.0,idle
147976,10774.0,-13168.0,10004476.0,532.0,-5326.0,-3195.0,21040000.0,54024000.0,100276000.0,idle
147986,35914.0,7182.0,10012856.0,-532.0,-4793.0,-2663.0,21040000.0,54024000.0,100276000.0,idle
147996,19154.0,16759.0,9981731.0,0.0,-3195.0,-2663.0,21040000.0,54024000.0,100276000.0,idle
148006,23942.0,-15562.0,9990111.0,532.0,-3728.0,-3728.0,21040000.0,54024000.0,100276000.0,idle
148016,35914.0,-23942.0,10004476.0,1065.0,-3728.0,-2130.0,21040000.0,54024000.0,100276000.0,idle
148026,14365.0,-11971.0,9988914.0,532.0,-3728.0,-3195.0,21040000.0,54024000.0,100276000.0,idle
148036,39505.0,-3591.0,9999688.0,1065.0,-4261.0,-4261.0,21040000.0,54024000.0,100276000.0,idle
148046,35914.0,-7182.0,9998491.0,1065.0,-4261.0,-2663.0,21040000.0,54024000.0,100276000.0,idle
148056,21548.0,5985.0,9997294.0,532.0,-2663.0,-1597.0,21040000.0,54024000.0,100276000.0,idle
148066,31125.0,5985.0,9975745.0,532.0,-3195.0,-1065.0,21040000.0,54024000.0,100276000.0,idle
148076,38308.0,-7182.0,9982928.0,532.0,-3195.0,-3195.0,21040000.0,54024000.0,100276000.0,idle
148086,17957.0,-15562.0,9998491.0,532.0,-3195.0,-2663.0,21040000.0,54024000.0,100276000.0,idle
148096,20351.0,-1197.0,10003279.0,532.0,-4261.0,-1597.0,21040000.0,54024000.0,100276000.0,idle
148106,26337.0,5985.0,9984125.0,-532.0,-4261.0,-2130.0,21040000.0,54024000.0,100276000.0,idle
148116,37111.0,-8379.0,9997294.0,532.0,-3195.0,-2130.0,21040000.0,54024000.0,100276000.0,idle
148126,46688.0,-16759.0,10002082.0,532.0,-3195.0,-2130.0,21040000.0,54024000.0,100276000.0,idle
148136,23942.0,-13168.0,9978139.0,1065.0,-3195.0,-2130.0,21040000.0,54024000.0,100276000.0,idle
148146,16759.0,-7182.0,10000885.0,532.0,-4793.0,-2663.0,21040000.0,54024000.0,100276000.0,idle
148157,10774.0,-4788.0,10014054.0,0.0,-4261.0,-2663.0,21040000.0,54024000.0,100276000.0,idle
148167,16759.0,5985.0,9998491.0,-532.0,-4261.0,-1597.0,21040000.0,54024000.0,100276000.0,idle
148177,32322.0,-1197.0,9994899.0,1065.0,-2663.0,-3728.0,21040000.0,54024000.0,100276000.0,idle
148187,37111.0,-9577.0,9987717.0,532.0,-3728.0,-4261.0,21040000.0,54024000.0,100276000.0,idle
148197,17957.0,-14365.0,9998491.0,532.0,-2663.0,-3195.0,21040000.0,54024000.0,100276000.0,idle
148207,31125.0,-9577.0,9993702.0,532.0,-5326.0,-1065.0,21040000.0,54024000.0,100276000.0,idle
148217,32322.0,-2394.0,10004476.0,1065.0,-5859.0,-2663.0,21040000.0,54024000.0,100276000.0,idle
148227,27534.0,2394.0,9994899.0,-1065.0,-3728.0,-3195.0,21040000.0,54024000.0,100276000.0,idle
148237,28731.0,2394.0,9990111.0,1065.0,-2130.0,-2663.0,21040000.0,54024000.0,100276000.0,idle
148247,38308.0,3591.0,9992505.0,1065.0,-3728.0,-2663.0,21020000.0,53990000.0,100274000.0,idle
148257,26337.0,-20351.0,10010462.0,-532.0,-3728.0,-5326.0,21020000.0,53990000.0,100274000.0,idle
148267,20351.0,-17957.0,10000885.0,0.0,-3195.0,-4261.0,21020000.0,53990000.0,100274000.0,idle
148277,22745.0,3591.0,9993702.0,0.0,-3728.0,-3195.0,21020000.0,53990000.0,100274000.0,idle
148287,32322.0,0.0,9996096.0,0.0,-4261.0,-2663.0,21020000.0,53990000.0,100274000.0,idle
148297,44294.0,-13168.0,10006871.0,-532.0,-4261.0,-3195.0,21020000.0,53990000.0,100274000.0,idle
148307,27534.0,-13168.0,10011659.0,532.0,-3728.0,-2663.0,21020000.0,53990000.0,100274000.0,idle
148317,34716.0,-16759.0,10006871.0,532.0,-3195.0,-2663.0,21020000.0,53990000.0,100274000.0,idle
148327,20351.0,-14365.0,10017645.0,0.0,-3195.0,-3728.0,21020000.0,53990000.0,100274000.0,idle
148337,23942.0,-7182.0,9994899.0,532.0,-4793.0,-2663.0,21020000.0,53990000.0,100274000.0,idle
148347,16759.0,1197.0,9990111.0,1065.0,-5326.0,-2663.0,21020000.0,53990000.0,100274000.0,idle
148357,25139.0,-8379.0,9999688.0,0.0,-2663.0,-3195.0,21020000.0,53990000.0,100274000.0,idle
148367,33519.0,-22745.0,9985322.0,532.0,-3195.0,-3195.0,21020000.0,53990000.0,100274000.0,idle
148377,9577.0,-1197.0,9990111.0,0.0,-4261.0,-3728.0,21020000.0,53990000.0,100274000.0,idle
148387,10774.0,3591.0,10000885.0,-532.0,-3728.0,-3728.0,21020000.0,53990000.0,100274000.0,idle
148397,15562.0,-14365.0,9993702.0,-532.0,-3195.0,-3728.0,21020000.0,53990000.0,100274000.0,idle
148407,13168.0,4788.0,10017645.0,-1065.0,-2663.0,-3195.0,21020000.0,53990000.0,100274000.0,idle
148417,27534.0,1197.0,9988914.0,-1065.0,-3195.0,-2663.0,21020000.0,53990000.0,100274000.0,idle
148427,26337.0,2394.0,9975745.0,-532.0,-4261.0,-3728.0,21020000.0,53990000.0,100274000.0,idle
148437,26337.0,-4788.0,9998491.0,0.0,-3728.0,-3195.0,21020000.0,53990000.0,100274000.0,idle
148447,27534.0,0.0,9984125.0,-1065.0,-4261.0,-3195.0,21020000.0,53990000.0,100274000.0,idle
148457,16759.0,-15562.0,9994899.0,532.0,-3195.0,-3728.0,21020000.0,53990000.0,100274000.0,idle
148467,22745.0,1197.0,9997294.0,-1065.0,-3195.0,-2663.0,21020000.0,53990000.0,100274000.0,idle
148477,32322.0,9577.0,9997294.0,0.0,-3728.0,-2663.0,21020000.0,53990000.0,100274000.0,idle
148487,25139.0,7182.0,9990111.0,0.0,-3728.0,-1597.0,21020000.0,53990000.0,100274000.0,idle
148497,15562.0,15562.0,9986519.0,0.0,-4261.0,-2663.0,21020000.0,53990000.0,100274000.0,idle
148507,23942.0,-3591.0,10006871.0,532.0,-3728.0,-1597.0,21020000.0,53990000.0,100274000.0,idle
148517,20351.0,3591.0,10003279.0,532.0,-3195.0,-3728.0,21020000.0,53990000.0,100274000.0,idle
148527,23942.0,0.0,9982928.0,0.0,-3728.0,-3195.0,21020000.0,53990000.0,100274000.0,idle
148537,13168.0,-13168.0,9976942.0,-532.0,-3195.0,-3728.0,21020000.0,53990000.0,100274000.0,idle
148547,39505.0,-15562.0,9987717.0,-532.0,-3728.0,-3728.0,21020000.0,53990000.0,100274000.0,idle
148557,33519.0,-15562.0,9998491.0,-1065.0,-3728.0,-4261.0,21020000.0,53990000.0,100274000.0,idle
148567,19154.0,-10774.0,9993702.0,532.0,-4261.0,-3728.0,21020000.0,53990000.0,100274000.0,idle
148577,28731.0,1197.0,10003279.0,0.0,-3195.0,-3195.0,21020000.0,53990000.0,100274000.0,idle
148587,28731.0,-7182.0,9974548.0,-1065.0,-3195.0,-3728.0,21020000.0,53990000.0,100274000.0,idle
148597,21548.0,-4788.0,9981731.0,0.0,-4261.0,-3195.0,21020000.0,53990000.0,100274000.0,idle
148607,21548.0,9577.0,9998491.0,0.0,-5326.0,-4261.0,21020000.0,53990000.0,100274000.0,idle
148617,20351.0,-5985.0,10010462.0,-532.0,-4261.0,-4261.0,21020000.0,53990000.0,100274000.0,idle
148627,32322.0,-5985.0,10002082.0,0.0,-3195.0,-2663.0,21020000.0,53990000.0,100274000.0,idle
148637,33519.0,-1197.0,9981731.0,-532.0,-3728.0,-3728.0,21020000.0,53990000.0,100274000.0,idle
148648,20351.0,5985.0,10010462.0,-532.0,-4793.0,-4261.0,21020000.0,53990000.0,100274000.0,idle
148657,23942.0,-2394.0,10014054.0,532.0,-3728.0,-3195.0,21020000.0,53990000.0,100274000.0,idle
148667,41899.0,-2394.0,9998491.0,532.0,-4261.0,-2663.0,21020000.0,53990000.0,100274000.0,idle
148677,39505.0,4788.0,9998491.0,532.0,-4261.0,-3195.0,21020000.0,53990000.0,100274000.0,idle
148687,11971.0,2394.0,10006871.0,-1065.0,-3195.0,-3195.0,21020000.0,53990000.0,100274000.0,idle
148698,38308.0,-8379.0,10010462.0,-532.0,-4261.0,-3195.0,21020000.0,53990000.0,100274000.0,idle
148707,43096.0,2394.0,9997294.0,-1065.0,-4261.0,-3728.0,21020000.0,53990000.0,100274000.0,idle
148717,9577.0,7182.0,9974548.0,0.0,-3728.0,-3728.0,21020000.0,53990000.0,100274000.0,idle
148727,16759.0,-15562.0,10009265.0,-532.0,-3728.0,-3195.0,21020000.0,53990000.0,100274000.0,idle
148737,40702.0,-1197.0,10003279.0,1065.0,-5326.0,-2663.0,21020000.0,53990000.0,100274000.0,idle
148748,31125.0,-4788.0,9999688.0,-532.0,-4793.0,-3195.0,21020000.0,53990000.0,100274000.0,idle
148758,31125.0,-9577.0,9982928.0,-1065.0,-3195.0,-3728.0,21020000.0,53990000.0,100274000.0,idle
148768,26337.0,3591.0,10005674.0,-532.0,-2663.0,-5859.0,21020000.0,53990000.0,100274000.0,idle
148778,21548.0,3591.0,9998491.0,1065.0,-2663.0,-3728.0,21020000.0,53990000.0,100274000.0,idle
148788,25139.0,-14365.0,9984125.0,1065.0,-3195.0,-3195.0,21020000.0,53990000.0,100274000.0,idle
148798,22745.0,0.0,9998491.0,0.0,-3195.0,-2130.0,21020000.0,53990000.0,100274000.0,idle
148808,25139.0,-5985.0,10016448.0,0.0,-4793.0,-2663.0,21020000.0,53990000.0,100274000.0,idle
148818,33519.0,-17957.0,10004476.0,-1597.0,-3728.0,-4261.0,21020000.0,53990000.0,100274000.0,idle
148828,19154.0,3591.0,10004476.0,0.0,-3195.0,-3728.0,21020000.0,53990000.0,100274000.0,idle
148838,19154.0,-4788.0,9990111.0,1065.0,-4261.0,-3728.0,21020000.0,53990000.0,100274000.0,idle
148848,31125.0,-9577.0,9980534.0,532.0,-4793.0,-4261.0,21020000.0,53990000.0,100274000.0,idle
148858,22745.0,0.0,9991308.0,1597.0,-4261.0,-3195.0,21020000.0,53990000.0,100274000.0,idle
148868,21548.0,-15562.0,10003279.0,1065.0,-4261.0,-2663.0,21020000.0,53990000.0,100274000.0,idle
148878,15562.0,-13168.0,10003279.0,1065.0,-4261.0,-2663.0,21020000.0,53990000.0,100274000.0,idle
148888,11971.0,-4788.0,9998491.0,-1065.0,-3728.0,-2663.0,21020000.0,53990000.0,100274000.0,idle
148898,43096.0,-7182.0,9984125.0,0.0,-3195.0,-2663.0,21020000.0,53990000.0,100274000.0,idle
148908,27534.0,10774.0,9975745.0,532.0,-3728.0,-3728.0,21020000.0,53990000.0,100274000.0,idle
148918,32322.0,-8379.0,9999688.0,-532.0,-4793.0,-3728.0,21020000.0,53990000.0,100274000.0,idle
148928,21548.0,-11971.0,10017645.0,0.0,-4261.0,-3195.0,21020000.0,53990000.0,100274000.0,idle
148938,27534.0,-9577.0,9997294.0,0.0,-4261.0,-3728.0,21020000.0,53990000.0,100274000.0,idle
148948,37111.0,2394.0,9994899.0,-532.0,-3195.0,-4261.0,21020000.0,53990000.0,100274000.0,idle
148958,37111.0,2394.0,9994899.0,-532.0,-3195.0,-4261.0,21020000.0,53990000.0,100274000.0,idle
148968,20351.0,0.0,9988914.0,-532.0,-3728.0,-2663.0,21020000.0,53990000.0,100274000.0,idle
148978,17957.0,8379.0,9996096.0,532.0,-4261.0,-3728.0,21020000.0,53990000.0,100274000.0,idle
148988,23942.0,2394.0,10000885.0,-532.0,-5326.0,-3728.0,21020000.0,53990000.0,100274000.0,idle
148998,28731.0,-2394.0,9992505.0,-532.0,-4261.0,-3195.0,21020000.0,53990000.0,100274000.0,idle
149008,15562.0,-7182.0,9979337.0,-532.0,-4261.0,-3195.0,21020000.0,53990000.0,100274000.0,idle
149018,35914.0,-5985.0,9962577.0,-532.0,-2663.0,-3728.0,21020000.0,53990000.0,100274000.0,idle
149028,34716.0,-14365.0,9967365.0,532.0,-3195.0,-4261.0,21020000.0,53990000.0,100274000.0,idle
149038,31125.0,-4788.0,10000885.0,532.0,-3728.0,-3728.0,21020000.0,53990000.0,100274000.0,idle
149068,37111.0,-2394.0,9990111.0,0.0,-3728.0,-2130.0,21020000.0,53990000.0,100274000.0,idle
149078,31125.0,-1197.0,9993702.0,-532.0,-4793.0,-1597.0,21020000.0,53990000.0,100274000.0,idle
149088,25139.0,-10774.0,9987717.0,532.0,-4793.0,-3195.0,21020000.0,53990000.0,100274000.0,idle
149098,32322.0,-1197.0,9997294.0,1597.0,-6924.0,-2663.0,21020000.0,53990000.0,100274000.0,idle
149108,32322.0,-7182.0,10006871.0,0.0,-5326.0,-3195.0,21020000.0,53990000.0,100274000.0,idle
149118,23942.0,-9577.0,10003279.0,1065.0,-3728.0,-2130.0,21020000.0,53990000.0,100274000.0,idle
149128,27534.0,-20351.0,10000885.0,-1065.0,-3728.0,-3195.0,21020000.0,53990000.0,100274000.0,idle
149138,45491.0,0.0,9994899.0,-1597.0,-3195.0,-4261.0,21020000.0,53990000.0,100274000.0,idle
149148,23942.0,-7182.0,9994899.0,-1065.0,-3728.0,-3195.0,21020000.0,53990000.0,100274000.0,idle
149158,26337.0,-13168.0,9999688.0,0.0,-4261.0,-3728.0,21020000.0,53990000.0,100274000.0,idle
149168,14365.0,-19154.0,10005674.0,532.0,-4793.0,-3728.0,21020000.0,53990000.0,100274000.0,idle
149178,27534.0,-13168.0,10004476.0,1065.0,-3728.0,-1597.0,21020000.0,53990000.0,100274000.0,idle
149188,26337.0,-2394.0,9996096.0,0.0,-3728.0,-1597.0,21020000.0,53990000.0,100274000.0,idle
149198,25139.0,-13168.0,10003279.0,-532.0,-4261.0,-3728.0,21020000.0,53990000.0,100274000.0,idle
149208,41899.0,-11971.0,9992505.0,532.0,-3195.0,-2130.0,21020000.0,53990000.0,100274000.0,idle
149218,14365.0,-10774.0,9975745.0,0.0,-3728.0,-2663.0,21020000.0,53990000.0,100274000.0,idle
149228,41899.0,-5985.0,9994899.0,-532.0,-4261.0,-3728.0,21020000.0,53990000.0,100274000.0,idle
149238,38308.0,-9577.0,10024828.0,-532.0,-3728.0,-3728.0,21020000.0,53990000.0,100274000.0,idle
149249,33519.0,-5985.0,10012856.0,1597.0,-3195.0,-2663.0,21020000.0,53959000.0,100272000.0,idle
149258,38308.0,-1197.0,10014054.0,532.0,-2663.0,-3195.0,21020000.0,53959000.0,100272000.0,idle
149268,10774.0,4788.0,10002082.0,-532.0,-3195.0,-3728.0,21020000.0,53959000.0,100272000.0,idle
149278,9577.0,-8379.0,10002082.0,0.0,-3195.0,-3195.0,21020000.0,53959000.0,100272000.0,idle
149288,34716.0,-13168.0,9985322.0,532.0,-3728.0,-1597.0,21020000.0,53959000.0,100272000.0,idle
149299,33519.0,-4788.0,10008068.0,532.0,-4793.0,-3195.0,21020000.0,53959000.0,100272000.0,idle
149308,26337.0,-7182.0,10006871.0,1065.0,-4261.0,-3195.0,21020000.0,53959000.0,100272000.0,idle
149318,16759.0,-4788.0,9992505.0,-532.0,-3195.0,-2130.0,21020000.0,53959000.0,100272000.0,idle
149328,31125.0,4788.0,9987717.0,532.0,-3728.0,-2663.0,21020000.0,53959000.0,100272000.0,idle
149338,15562.0,-4788.0,9991308.0,1065.0,-4793.0,-2663.0,21020000.0,53959000.0,100272000.0,idle
149349,28731.0,-17957.0,9988914.0,532.0,-4261.0,-2663.0,21020000.0,53959000.0,100272000.0,idle
149358,16759.0,-5985.0,10003279.0,0.0,-3728.0,-2663.0,21020000.0,53959000.0,100272000.0,idle
149368,21548.0,0.0,10017645.0,0.0,-4261.0,-2130.0,21020000.0,53959000.0,100272000.0,idle
149378,16759.0,-25139.0,9998491.0,532.0,-2130.0,-3728.0,21020000.0,53959000.0,100272000.0,idle
149389,27534.0,-5985.0,9999688.0,-532.0,-3728.0,-2130.0,21020000.0,53959000.0,100272000.0,idle
149399,29928.0,7182.0,10024828.0,-1065.0,-3195.0,-3728.0,21020000.0,53959000.0,100272000.0,idle
149409,14365.0,-4788.0,9985322.0,532.0,-3728.0,-3728.0,21020000.0,53959000.0,100272000.0,idle
149419,20351.0,-10774.0,9978139.0,1065.0,-3728.0,-2663.0,21020000.0,53959000.0,100272000.0,idle
149429,22745.0,-8379.0,10002082.0,1597.0,-4261.0,-2130.0,21020000.0,53959000.0,100272000.0,idle
149439,33519.0,0.0,9994899.0,0.0,-3728.0,-3728.0,21020000.0,53959000.0,100272000.0,idle
149449,32322.0,-3591.0,9998491.0,-532.0,-3728.0,-3728.0,21020000.0,53959000.0,100272000.0,idle
149459,20351.0,-3591.0,10018842.0,532.0,-3728.0,-3728.0,21020000.0,53959000.0,100272000.0,idle
149469,21548.0,-1197.0,9987717.0,-532.0,-2663.0,-2130.0,21020000.0,53959000.0,100272000.0,idle
149479,21548.0,1197.0,9970957.0,-532.0,-3728.0,-2663.0,21020000.0,53959000.0,100272000.0,idle
149489,23942.0,-3591.0,9993702.0,1065.0,-5859.0,-2663.0,21020000.0,53959000.0,100272000.0,idle
149499,33519.0,-7182.0,10005674.0,1065.0,-3728.0,-2663.0,21020000.0,53959000.0,100272000.0,idle
149509,27534.0,-1197.0,10011659.0,1065.0,-4261.0,-2130.0,21020000.0,53959000.0,100272000.0,idle
149519,22745.0,1197.0,9985322.0,532.0,-3728.0,-1597.0,21020000.0,53959000.0,100272000.0,idle
149529,21548.0,7182.0,9984125.0,1597.0,-3728.0,-3195.0,21020000.0,53959000.0,100272000.0,idle
149539,21548.0,8379.0,9991308.0,1065.0,-4261.0,-3195.0,21020000.0,53959000.0,100272000.0,idle
149549,32322.0,-15562.0,9981731.0,-532.0,-3728.0,-3195.0,21020000.0,53959000.0,100272000.0,idle
149559,21548.0,1197.0,10021236.0,0.0,-1597.0,-2663.0,21020000.0,53959000.0,100272000.0,idle
149569,17957.0,0.0,10022434.0,0.0,-2663.0,-3195.0,21020000.0,53959000.0,100272000.0,idle
149579,22745.0,-8379.0,9990111.0,0.0,-3728.0,-3195.0,21020000.0,53959000.0,100272000.0,idle
149589,28731.0,-8379.0,9980534.0,0.0,-5326.0,-2130.0,21020000.0,53959000.0,100272000.0,idle
149599,32322.0,5985.0,9997294.0,532.0,-4261.0,-3195.0,21020000.0,53959000.0,100272000.0,idle
149609,25139.0,-2394.0,10000885.0,532.0,-3728.0,-3195.0,21020000.0,53959000.0,100272000.0,idle
149619,41899.0,-23942.0,10005674.0,-1065.0,-3195.0,-3195.0,21020000.0,53959000.0,100272000.0,idle
149629,28731.0,-9577.0,9999688.0,0.0,-2130.0,-2130.0,21020000.0,53959000.0,100272000.0,idle
149639,35914.0,5985.0,9988914.0,1065.0,-4261.0,-3195.0,21020000.0,53959000.0,100272000.0,idle
149649,29928.0,-15562.0,9984125.0,0.0,-4793.0,-3195.0,21020000.0,53959000.0,100272000.0,idle
149659,28731.0,-19154.0,9994899.0,1065.0,-4793.0,-2663.0,21020000.0,53959000.0,100272000.0,idle
149669,27534.0,-22745.0,10006871.0,0.0,-2663.0,-3195.0,21020000.0,53959000.0,100272000.0,idle
149679,37111.0,-10774.0,9999688.0,-1065.0,-3728.0,-2663.0,21020000.0,53959000.0,100272000.0,idle
149689,40702.0,0.0,9998491.0,-1597.0,-4793.0,-3728.0,21020000.0,53959000.0,100272000.0,idle
149699,27534.0,0.0,10000885.0,-532.0,-3728.0,-3728.0,21020000.0,53959000.0,100272000.0,idle
149709,20351.0,-2394.0,9998491.0,1065.0,-2663.0,-2663.0,21020000.0,53959000.0,100272000.0,idle
149719,25139.0,-1197.0,9996096.0,532.0,-2663.0,-2663.0,21020000.0,53959000.0,100272000.0,idle
149729,29928.0,3591.0,9991308.0,0.0,-2663.0,-3195.0,21020000.0,53959000.0,100272000.0,idle
149739,33519.0,-4788.0,9974548.0,-532.0,-3728.0,-2663.0,21020000.0,53959000.0,100272000.0,idle
149749,13168.0,-14365.0,9986519.0,532.0,-4261.0,-3195.0,21020000.0,53959000.0,100272000.0,idle
149759,25139.0,0.0,10004476.0,0.0,-3195.0,-4261.0,21020000.0,53959000.0,100272000.0,idle
149769,27534.0,4788.0,9999688.0,-532.0,-3728.0,-3728.0,21020000.0,53959000.0,100272000.0,idle
149779,15562.0,2394.0,9988914.0,532.0,-4793.0,-3195.0,21020000.0,53959000.0,100272000.0,idle
149789,14365.0,13168.0,9997294.0,-532.0,-3728.0,-3728.0,21020000.0,53959000.0,100272000.0,idle
149799,29928.0,-9577.0,9990111.0,-532.0,-4261.0,-2663.0,21020000.0,53959000.0,100272000.0,idle
149809,26337.0,-10774.0,9988914.0,1065.0,-4793.0,-3195.0,21020000.0,53959000.0,100272000.0,idle
149819,27534.0,-1197.0,10018842.0,532.0,-4261.0,-3728.0,21020000.0,53959000.0,100272000.0,idle
149829,16759.0,3591.0,9993702.0,0.0,-3728.0,-2663.0,21020000.0,53959000.0,100272000.0,idle
149839,11971.0,-2394.0,9985322.0,0.0,-4793.0,-3195.0,21020000.0,53959000.0,100272000.0,idle
149849,31125.0,-5985.0,9988914.0,-1597.0,-3728.0,-2130.0,21020000.0,53959000.0,100272000.0,idle
149859,32322.0,-9577.0,9998491.0,-532.0,-5859.0,-3728.0,21020000.0,53959000.0,100272000.0,idle
149869,10774.0,-17957.0,10011659.0,532.0,-5326.0,-2663.0,21020000.0,53959000.0,100272000.0,idle
149879,27534.0,-10774.0,9999688.0,-532.0,-4261.0,-3728.0,21020000.0,53959000.0,100272000.0,idle
149889,21548.0,-15562.0,9982928.0,-1065.0,-4261.0,-2663.0,21020000.0,53959000.0,100272000.0,idle
149899,38308.0,2394.0,9993702.0,532.0,-4261.0,-3195.0,21020000.0,53959000.0,100272000.0,idle
149909,45491.0,-4788.0,10002082.0,1065.0,-3195.0,-2663.0,21020000.0,53959000.0,100272000.0,idle
149919,13168.0,-2394.0,9999688.0,0.0,-4261.0,-2663.0,21020000.0,53959000.0,100272000.0,idle
149929,11971.0,2394.0,10000885.0,-1065.0,-3728.0,-4261.0,21020000.0,53959000.0,100272000.0,idle
149939,22745.0,-4788.0,9999688.0,0.0,-4261.0,-4793.0,21020000.0,53959000.0,100272000.0,idle
149949,17957.0,-3591.0,9988914.0,0.0,-3728.0,-4261.0,21020000.0,53959000.0,100272000.0,idle
149959,19154.0,-17957.0,10005674.0,1065.0,-4261.0,-2663.0,21020000.0,53959000.0,100272000.0,idle
149969,20351.0,-3591.0,10003279.0,-532.0,-3728.0,-3728.0,21020000.0,53959000.0,100272000.0,idle
149979,21548.0,9577.0,9993702.0,532.0,-4793.0,-4261.0,21020000.0,53959000.0,100272000.0,idle
149989,32322.0,-7182.0,9990111.0,-532.0,-3728.0,-4261.0,21020000.0,53959000.0,100272000.0,idle
150000,35914.0,-9577.0,10002082.0,-1597.0,-3195.0,-2130.0,21020000.0,53959000.0,100272000.0,idle
150009,35914.0,-9577.0,10002082.0,-1597.0,-3195.0,-2130.0,21020000.0,53959000.0,100272000.0,idle
150020,17957.0,-2394.0,9981731.0,-532.0,-2130.0,-2663.0,21020000.0,53959000.0,100272000.0,idle
150030,20351.0,-21548.0,9994899.0,-1065.0,-3195.0,-3728.0,21020000.0,53959000.0,100272000.0,idle
150040,27534.0,-2394.0,10009265.0,0.0,-5326.0,-3728.0,21020000.0,53959000.0,100272000.0,idle
150050,17957.0,-3591.0,10016448.0,0.0,-4261.0,-3195.0,21020000.0,53959000.0,100272000.0,idle
150060,38308.0,-4788.0,10011659.0,-532.0,-2663.0,-2130.0,21020000.0,53959000.0,100272000.0,idle
150070,22745.0,-11971.0,9987717.0,1065.0,-3728.0,-3195.0,21020000.0,53959000.0,100272000.0,idle
150080,31125.0,-3591.0,9998491.0,532.0,-3728.0,-3195.0,21020000.0,53959000.0,100272000.0,idle
150090,35914.0,-14365.0,10011659.0,-532.0,-4261.0,-3195.0,21020000.0,53959000.0,100272000.0,idle
150100,34716.0,4788.0,10003279.0,-532.0,-4261.0,-2663.0,21020000.0,53959000.0,100272000.0,idle
150110,16759.0,0.0,10000885.0,0.0,-3195.0,-3728.0,21020000.0,53959000.0,100272000.0,idle
150120,22745.0,-19154.0,10009265.0,1065.0,-3728.0,-3728.0,21020000.0,53959000.0,100272000.0,idle
150130,27534.0,-5985.0,10006871.0,1597.0,-4793.0,-2663.0,21020000.0,53959000.0,100272000.0,idle
150140,25139.0,-5985.0,10018842.0,1597.0,-3195.0,-3728.0,21020000.0,53959000.0,100272000.0,idle
150150,20351.0,5985.0,10008068.0,1065.0,-3728.0,-2130.0,21020000.0,53959000.0,100272000.0,idle
150160,22745.0,9577.0,10017645.0,532.0,-5326.0,-2130.0,21020000.0,53959000.0,100272000.0,idle
150170,21548.0,-1197.0,10008068.0,532.0,-4261.0,-2130.0,21020000.0,53959000.0,100272000.0,idle
150180,11971.0,-2394.0,9985322.0,532.0,-3728.0,-2663.0,21020000.0,53959000.0,100272000.0,idle
150190,20351.0,5985.0,9996096.0,-532.0,-4261.0,-2663.0,21020000.0,53959000.0,100272000.0,idle
150200,38308.0,-11971.0,10004476.0,0.0,-4261.0,-4261.0,21020000.0,53959000.0,100272000.0,idle
150210,25139.0,2394.0,9996096.0,532.0,-4793.0,-3195.0,21020000.0,53959000.0,100272000.0,idle
150220,23942.0,0.0,10004476.0,-532.0,-4261.0,-3195.0,21020000.0,53959000.0,100272000.0,idle
150230,27534.0,3591.0,10005674.0,0.0,-4261.0,-3195.0,21020000.0,53959000.0,100272000.0,idle
150240,35914.0,-4788.0,9997294.0,0.0,-4261.0,-3728.0,21020000.0,53959000.0,100272000.0,idle
150250,33519.0,-15562.0,10002082.0,0.0,-3195.0,-2663.0,21010000.0,53922000.0,100276000.0,idle
150260,22745.0,-1197.0,9999688.0,-532.0,-5326.0,-1597.0,21010000.0,53922000.0,100276000.0,idle
150270,27534.0,-2394.0,10018842.0,-532.0,-5326.0,-2663.0,21010000.0,53922000.0,100276000.0,idle
150280,34716.0,-17957.0,9993702.0,-532.0,-2130.0,-2663.0,21010000.0,53922000.0,100276000.0,idle
150290,26337.0,-3591.0,9978139.0,532.0,-2663.0,-3195.0,21010000.0,53922000.0,100276000.0,idle
150300,15562.0,3591.0,10003279.0,1065.0,-3728.0,-2663.0,21010000.0,53922000.0,100276000.0,idle
150310,34716.0,-8379.0,10018842.0,-1065.0,-2663.0,-3728.0,21010000.0,53922000.0,100276000.0,idle
150320,32322.0,-1197.0,10021236.0,532.0,-3728.0,-3195.0,21010000.0,53922000.0,100276000.0,idle
150330,29928.0,-7182.0,10009265.0,2130.0,-2663.0,-2130.0,21010000.0,53922000.0,100276000.0,idle
150340,37111.0,3591.0,9987717.0,532.0,-3728.0,-2663.0,21010000.0,53922000.0,100276000.0,idle
150370,21548.0,-7182.0,9973351.0,1065.0,-3728.0,-2663.0,21010000.0,53922000.0,100276000.0,idle
150380,29928.0,-8379.0,9981731.0,532.0,-2663.0,-2130.0,21010000.0,53922000.0,100276000.0,idle
150390,28731.0,-1197.0,10012856.0,2130.0,-5326.0,-2663.0,21010000.0,53922000.0,100276000.0,idle
150400,25139.0,0.0,10005674.0,532.0,-3195.0,-3195.0,21010000.0,53922000.0,100276000.0,idle
150410,1197.0,-11971.0,10005674.0,532.0,-4793.0,-2663.0,21010000.0,53922000.0,100276000.0,idle
150420,43096.0,2394.0,10011659.0,0.0,-3728.0,-4261.0,21010000.0,53922000.0,100276000.0,idle
150430,33519.0,16759.0,10008068.0,532.0,-2663.0,-3728.0,21010000.0,53922000.0,100276000.0,idle
150440,16759.0,-5985.0,9997294.0,0.0,-4261.0,-3195.0,21010000.0,53922000.0,100276000.0,idle
150450,34716.0,-3591.0,9999688.0,-532.0,-2663.0,-3195.0,21010000.0,53922000.0,100276000.0,idle
150460,33519.0,-15562.0,9999688.0,532.0,-3195.0,-4793.0,21010000.0,53922000.0,100276000.0,idle
150470,26337.0,-3591.0,9999688.0,532.0,-4793.0,-2663.0,21010000.0,53922000.0,100276000.0,idle
150480,17957.0,-16759.0,10000885.0,1597.0,-4261.0,-2130.0,21010000.0,53922000.0,100276000.0,idle
150490,25139.0,-8379.0,10003279.0,0.0,-3195.0,-3728.0,21010000.0,53922000.0,100276000.0,idle
150501,35914.0,2394.0,9987717.0,1065.0,-4261.0,-3195.0,21010000.0,53922000.0,100276000.0,idle
150510,35914.0,-17957.0,9987717.0,-532.0,-3728.0,-3728.0,21010000.0,53922000.0,100276000.0,idle
150520,25139.0,-8379.0,9992505.0,-1065.0,-3195.0,-3728.0,21010000.0,53922000.0,100276000.0,idle
150530,27534.0,-8379.0,10002082.0,-532.0,-4261.0,-3728.0,21010000.0,53922000.0,100276000.0,idle
150540,13168.0,-11971.0,10008068.0,1065.0,-3728.0,-3195.0,21010000.0,53922000.0,100276000.0,idle
150551,32322.0,-2394.0,9997294.0,1065.0,-3195.0,-2663.0,21010000.0,53922000.0,100276000.0,idle
150560,31125.0,-14365.0,9992505.0,1065.0,-2663.0,-3195.0,21010000.0,53922000.0,100276000.0,idle
150570,23942.0,-3591.0,9988914.0,1065.0,-1597.0,-2663.0,21010000.0,53922000.0,100276000.0,idle
150580,21548.0,-3591.0,9981731.0,1597.0,-4261.0,-4261.0,21010000.0,53922000.0,100276000.0,idle
150590,14365.0,-11971.0,10003279.0,532.0,-4261.0,-4261.0,21010000.0,53922000.0,100276000.0,idle
150600,29928.0,-23942.0,10004476.0,-2130.0,-3195.0,-2663.0,21010000.0,53922000.0,100276000.0,idle
150610,34716.0,-14365.0,10003279.0,532.0,-2663.0,-2663.0,21010000.0,53922000.0,100276000.0,idle
150620,33519.0,-13168.0,10004476.0,532.0,-2663.0,-3195.0,21010000.0,53922000.0,100276000.0,idle
150630,23942.0,4788.0,9984125.0,0.0,-3195.0,-4261.0,21010000.0,53922000.0,100276000.0,idle
150640,22745.0,-5985.0,9993702.0,0.0,-4261.0,-3728.0,21010000.0,53922000.0,100276000.0,idle
150651,25139.0,-10774.0,9997294.0,1065.0,-3728.0,-3195.0,21010000.0,53922000.0,100276000.0,idle
150661,39505.0,11971.0,9999688.0,-1065.0,-2663.0,-3728.0,21010000.0,53922000.0,100276000.0,idle
150671,56265.0,-3591.0,9996096.0,0.0,-3195.0,-3195.0,21010000.0,53922000.0,100276000.0,idle
150681,21548.0,-19154.0,9990111.0,1065.0,-4261.0,-1597.0,21010000.0,53922000.0,100276000.0,idle
150731,39505.0,4788.0,9997294.0,0.0,-3195.0,-3195.0,21010000.0,53922000.0,100276000.0,idle
150741,39505.0,2394.0,9972154.0,532.0,-4261.0,-3728.0,21010000.0,53922000.0,100276000.0,idle
150751,23942.0,-3591.0,9969759.0,1597.0,-3728.0,-2130.0,21010000.0,53922000.0,100276000.0,idle
150761,38308.0,5985.0,10008068.0,0.0,-2663.0,-3195.0,21010000.0,53922000.0,100276000.0,idle
150771,37111.0,9577.0,10026025.0,-1065.0,-2663.0,-2663.0,21010000.0,53922000.0,100276000.0,idle
150781,17957.0,-16759.0,10020039.0,-1597.0,-2663.0,-2130.0,21010000.0,53922000.0,100276000.0,idle
150791,21548.0,-5985.0,9988914.0,0.0,-4793.0,-3195.0,21010000.0,53922000.0,100276000.0,idle
150801,41899.0,0.0,9979337.0,0.0,-4261.0,-4261.0,21010000.0,53922000.0,100276000.0,idle
150811,20351.0,0.0,9992505.0,0.0,-3728.0,-3728.0,21010000.0,53922000.0,100276000.0,idle
150821,22745.0,0.0,10024828.0,0.0,-4261.0,-3195.0,21010000.0,53922000.0,100276000.0,idle
150831,29928.0,-2394.0,10003279.0,0.0,-2663.0,-3195.0,21010000.0,53922000.0,100276000.0,idle
150841,25139.0,2394.0,9987717.0,532.0,-3728.0,-2663.0,21010000.0,53922000.0,100276000.0,idle
150851,16759.0,-7182.0,9974548.0,0.0,-4261.0,-3195.0,21010000.0,53922000.0,100276000.0,idle
150861,17957.0,-11971.0,9978139.0,-532.0,-4261.0,-3728.0,21010000.0,53922000.0,100276000.0,idle
150871,17957.0,0.0,10005674.0,532.0,-3728.0,-2130.0,21010000.0,53922000.0,100276000.0,idle
150881,31125.0,7182.0,10020039.0,532.0,-4261.0,-3728.0,21010000.0,53922000.0,100276000.0,idle
150891,15562.0,4788.0,10009265.0,0.0,-2663.0,-3195.0,21010000.0,53922000.0,100276000.0,idle
150901,15562.0,-19154.0,9986519.0,0.0,-1597.0,-2663.0,21010000.0,53922000.0,100276000.0,idle
150911,14365.0,-9577.0,9964971.0,-1065.0,-3728.0,-3195.0,21010000.0,53922000.0,100276000.0,idle
150921,31125.0,10774.0,9986519.0,532.0,-3728.0,-3195.0,21010000.0,53922000.0,100276000.0,idle
150931,41899.0,-13168.0,10027222.0,0.0,-2663.0,-3728.0,21010000.0,53922000.0,100276000.0,idle
150941,21548.0,-13168.0,10018842.0,0.0,-3195.0,-1597.0,21010000.0,53922000.0,100276000.0,idle
150951,17957.0,-13168.0,10003279.0,0.0,-1597.0,-2130.0,21010000.0,53922000.0,100276000.0,idle
150961,27534.0,-4788.0,9985322.0,-532.0,-2130.0,-3195.0,21010000.0,53922000.0,100276000.0,idle
150971,35914.0,-4788.0,10011659.0,-532.0,-3728.0,-4261.0,21010000.0,53922000.0,100276000.0,idle
150981,11971.0,-1197.0,10006871.0,0.0,-4261.0,-3728.0,21010000.0,53922000.0,100276000.0,idle
150991,27534.0,-2394.0,10006871.0,0.0,-4261.0,-3728.0,21010000.0,53922000.0,100276000.0,idle
151001,33519.0,7182.0,9992505.0,532.0,-2130.0,-2130.0,21010000.0,53922000.0,100276000.0,idle
151011,20351.0,10774.0,9981731.0,532.0,-3728.0,-2130.0,21010000.0,53922000.0,100276000.0,idle
151021,39505.0,2394.0,10004476.0,0.0,-5326.0,-4261.0,21010000.0,53922000.0,100276000.0,idle
151031,46688.0,-8379.0,10006871.0,-1065.0,-4261.0,-3195.0,21010000.0,53922000.0,100276000.0,idle
151041,28731.0,-17957.0,9986519.0,0.0,-3728.0,-3195.0,21010000.0,53922000.0,100276000.0,idle
151051,27534.0,-11971.0,9985322.0,0.0,-1597.0,-3728.0,21010000.0,53922000.0,100276000.0,idle
151061,17957.0,-7182.0,9978139.0,1065.0,-3195.0,-3195.0,21010000.0,53922000.0,100276000.0,idle
151071,17957.0,-7182.0,9978139.0,1065.0,-3195.0,-3195.0,21010000.0,53922000.0,100276000.0,idle
151081,11971.0,4788.0,10005674.0,-532.0,-5326.0,-2663.0,21010000.0,53922000.0,100276000.0,idle
151091,28731.0,-5985.0,10017645.0,-532.0,-3728.0,-3728.0,21010000.0,53922000.0,100276000.0,idle
151102,32322.0,-4788.0,9993702.0,0.0,-2130.0,-3728.0,21010000.0,53922000.0,100276000.0,idle
151111,28731.0,9577.0,9987717.0,532.0,-2663.0,-3728.0,21010000.0,53922000.0,100276000.0,idle
151121,19154.0,-2394.0,9970957.0,-532.0,-2663.0,-4793.0,21010000.0,53922000.0,100276000.0,idle
151131,21548.0,0.0,9998491.0,1065.0,-4261.0,-3195.0,21010000.0,53922000.0,100276000.0,idle
151141,23942.0,-8379.0,10018842.0,0.0,-4793.0,-2663.0,21010000.0,53922000.0,100276000.0,idle
151152,26337.0,-5985.0,10029616.0,-532.0,-4793.0,-3195.0,21010000.0,53922000.0,100276000.0,idle
151161,28731.0,1197.0,9993702.0,-532.0,-4261.0,-2663.0,21010000.0,53922000.0,100276000.0,idle
151171,26337.0,-2394.0,9976942.0,0.0,-4261.0,-3728.0,21010000.0,53922000.0,100276000.0,idle
151181,7182.0,-17957.0,9991308.0,532.0,-3728.0,-4261.0,21010000.0,53922000.0,100276000.0,idle
151191,17957.0,-5985.0,9990111.0,-532.0,-4793.0,-3728.0,21010000.0,53922000.0,100276000.0,idle
151202,15562.0,5985.0,10015251.0,532.0,-4793.0,-2663.0,21010000.0,53922000.0,100276000.0,idle
151211,39505.0,-10774.0,10005674.0,-532.0,-3195.0,-3728.0,21010000.0,53922000.0,100276000.0,idle
151221,28731.0,-8379.0,9970957.0,-532.0,-4261.0,-2130.0,21010000.0,53922000.0,100276000.0,idle
151231,14365.0,-16759.0,9979337.0,0.0,-4261.0,-2663.0,21010000.0,53922000.0,100276000.0,idle
151242,15562.0,-8379.0,10000885.0,532.0,-4261.0,-3195.0,21010000.0,53922000.0,100276000.0,idle
151252,34716.0,-8379.0,10011659.0,0.0,-3728.0,-3728.0,20990000.0,53886000.0,100274000.0,idle
151262,25139.0,-1197.0,10006871.0,-532.0,-4261.0,-3195.0,20990000.0,53886000.0,100274000.0,idle
151272,11971.0,1197.0,10005674.0,0.0,-3195.0,-2663.0,20990000.0,53886000.0,100274000.0,idle
151282,27534.0,-2394.0,9984125.0,0.0,-3195.0,-2663.0,20990000.0,53886000.0,100274000.0,idle
151292,23942.0,-8379.0,10000885.0,0.0,-4793.0,-2130.0,20990000.0,53886000.0,100274000.0,idle
151302,23942.0,-8379.0,10014054.0,0.0,-4261.0,-2130.0,20990000.0,53886000.0,100274000.0,idle
151312,25139.0,-4788.0,10004476.0,532.0,-3728.0,-2663.0,20990000.0,53886000.0,100274000.0,idle
151322,20351.0,-13168.0,9979337.0,0.0,-3195.0,-2663.0,20990000.0,53886000.0,100274000.0,idle
151332,29928.0,-7182.0,9991308.0,532.0,-4261.0,-3195.0,20990000.0,53886000.0,100274000.0,idle
151342,17957.0,-19154.0,10003279.0,0.0,-4793.0,-3728.0,20990000.0,53886000.0,100274000.0,idle
151352,27534.0,-9577.0,10003279.0,0.0,-3195.0,-3195.0,20990000.0,53886000.0,100274000.0,idle
151362,41899.0,3591.0,10010462.0,0.0,-3728.0,-3728.0,20990000.0,53886000.0,100274000.0,idle
151372,21548.0,-9577.0,9996096.0,0.0,-3728.0,-3195.0,20990000.0,53886000.0,100274000.0,idle
151382,26337.0,-5985.0,9990111.0,0.0,-2663.0,-1065.0,20990000.0,53886000.0,100274000.0,idle
151392,23942.0,4788.0,9998491.0,532.0,-3195.0,-1597.0,20990000.0,53886000.0,100274000.0,idle
151402,29928.0,-2394.0,10015251.0,532.0,-4261.0,-2130.0,20990000.0,53886000.0,100274000.0,idle
151412,34716.0,-14365.0,10010462.0,0.0,-5326.0,-2663.0,20990000.0,53886000.0,100274000.0,idle
151422,27534.0,9577.0,9996096.0,-1065.0,-3728.0,-4261.0,20990000.0,53886000.0,100274000.0,idle
151432,14365.0,4788.0,10004476.0,-1065.0,-2130.0,-2663.0,20990000.0,53886000.0,100274000.0,idle
151442,22745.0,-4788.0,9980534.0,0.0,-3728.0,-2663.0,20990000.0,53886000.0,100274000.0,idle
151452,19154.0,0.0,9993702.0,1065.0,-4793.0,-3195.0,20990000.0,53886000.0,100274000.0,idle
151462,33519.0,-1197.0,10011659.0,2130.0,-4793.0,-3728.0,20990000.0,53886000.0,100274000.0,idle
151472,39505.0,-9577.0,10005674.0,-532.0,-2130.0,-3195.0,20990000.0,53886000.0,100274000.0,idle
151482,19154.0,-10774.0,9998491.0,0.0,-2130.0,-3195.0,20990000.0,53886000.0,100274000.0,idle
151492,19154.0,-4788.0,9987717.0,0.0,-3195.0,-3728.0,20990000.0,53886000.0,100274000.0,idle
151502,25139.0,-10774.0,9997294.0,532.0,-4261.0,-3195.0,20990000.0,53886000.0,100274000.0,idle
151512,31125.0,-10774.0,10004476.0,532.0,-2663.0,-2663.0,20990000.0,53886000.0,100274000.0,idle
151522,29928.0,-1197.0,10010462.0,0.0,-3728.0,-2663.0,20990000.0,53886000.0,100274000.0,idle
151532,31125.0,-5985.0,9991308.0,-532.0,-4261.0,-2663.0,20990000.0,53886000.0,100274000.0,idle
151542,35914.0,-3591.0,9992505.0,1065.0,-4261.0,-3195.0,20990000.0,53886000.0,100274000.0,idle
151552,22745.0,-13168.0,10004476.0,1065.0,-3728.0,-2663.0,20990000.0,53886000.0,100274000.0,idle
151562,21548.0,-8379.0,10017645.0,532.0,-4261.0,-2130.0,20990000.0,53886000.0,100274000.0,idle
151572,15562.0,3591.0,9987717.0,532.0,-3195.0,-3728.0,20990000.0,53886000.0,100274000.0,idle
151582,11971.0,-15562.0,10011659.0,0.0,-4261.0,-3728.0,20990000.0,53886000.0,100274000.0,idle
151592,52674.0,3591.0,10015251.0,-1065.0,-3195.0,-3195.0,20990000.0,53886000.0,100274000.0,idle
151602,13168.0,-10774.0,10005674.0,-532.0,-2663.0,-2130.0,20990000.0,53886000.0,100274000.0,idle
151612,0.0,-19154.0,9982928.0,1065.0,-3728.0,-2663.0,20990000.0,53886000.0,100274000.0,idle
151622,46688.0,-16759.0,9967365.0,0.0,-4793.0,-3728.0,20990000.0,53886000.0,100274000.0,idle
151632,34716.0,-8379.0,9982928.0,532.0,-4261.0,-4793.0,20990000.0,53886000.0,100274000.0,idle
151642,-2394.0,-3591.0,10017645.0,0.0,-4793.0,-3728.0,20990000.0,53886000.0,100274000.0,idle
151652,11971.0,7182.0,10016448.0,0.0,-4261.0,-2130.0,20990000.0,53886000.0,100274000.0,idle
151662,51476.0,4788.0,10014054.0,-532.0,-3195.0,-3728.0,20990000.0,53886000.0,100274000.0,idle
151672,29928.0,-14365.0,10008068.0,-1065.0,-2663.0,-3195.0,20990000.0,53886000.0,100274000.0,idle
151682,7182.0,0.0,9966168.0,-532.0,-3195.0,-3728.0,20990000.0,53886000.0,100274000.0,idle
151692,29928.0,-2394.0,9976942.0,1597.0,-3728.0,-3195.0,20990000.0,53886000.0,100274000.0,idle
151702,37111.0,-3591.0,9984125.0,0.0,-4793.0,-2663.0,20990000.0,53886000.0,100274000.0,idle
151712,27534.0,7182.0,10039193.0,-532.0,-3195.0,-1065.0,20990000.0,53886000.0,100274000.0,idle
151722,-1197.0,-5985.0,10022434.0,-2130.0,-4261.0,-3195.0,20990000.0,53886000.0,100274000.0,idle
151732,33519.0,-14365.0,9975745.0,0.0,-3728.0,-3728.0,20990000.0,53886000.0,100274000.0,idle
151742,35914.0,-11971.0,9962577.0,-532.0,-3195.0,-2663.0,20990000.0,53886000.0,100274000.0,idle
151752,13168.0,-15562.0,9982928.0,0.0,-2663.0,-4261.0,20990000.0,53886000.0,100274000.0,idle
151762,17957.0,-7182.0,10017645.0,532.0,-4261.0,-4793.0,20990000.0,53886000.0,100274000.0,idle
151772,52674.0,-9577.0,10015251.0,532.0,-2663.0,-4793.0,20990000.0,53886000.0,100274000.0,idle
151782,22745.0,-4788.0,9978139.0,-532.0,-3195.0,-4261.0,20990000.0,53886000.0,100274000.0,idle
151792,5985.0,-8379.0,9953000.0,-532.0,-3195.0,-3195.0,20990000.0,53886000.0,100274000.0,idle
151803,26337.0,-14365.0,9969759.0,532.0,-4793.0,-2130.0,20990000.0,53886000.0,100274000.0,idle
151812,39505.0,-19154.0,10014054.0,0.0,-4261.0,-2130.0,20990000.0,53886000.0,100274000.0,idle
151822,25139.0,-3591.0,10022434.0,532.0,-3195.0,-3728.0,20990000.0,53886000.0,100274000.0,idle
151832,3591.0,9577.0,10002082.0,0.0,-3728.0,-2663.0,20990000.0,53886000.0,100274000.0,idle
151842,15562.0,9577.0,9972154.0,-1597.0,-4261.0,-2130.0,20990000.0,53886000.0,100274000.0,idle
151852,26337.0,-8379.0,9974548.0,0.0,-4261.0,-2663.0,20990000.0,53886000.0,100274000.0,idle
151862,19154.0,-5985.0,10012856.0,1065.0,-3728.0,-2663.0,20990000.0,53886000.0,100274000.0,idle
151872,25139.0,-13168.0,10023631.0,0.0,-4261.0,-2663.0,20990000.0,53886000.0,100274000.0,idle
151882,31125.0,-8379.0,9992505.0,532.0,-3195.0,-4261.0,20990000.0,53886000.0,100274000.0,idle
151892,14365.0,3591.0,9976942.0,0.0,-3195.0,-3195.0,20990000.0,53886000.0,100274000.0,idle
151903,32322.0,0.0,9976942.0,532.0,-4261.0,-3195.0,20990000.0,53886000.0,100274000.0,idle
151913,29928.0,-1197.0,9993702.0,1597.0,-4793.0,-3195.0,20990000.0,53886000.0,100274000.0,idle
151923,45491.0,-8379.0,10026025.0,532.0,-4261.0,-3195.0,20990000.0,53886000.0,100274000.0,idle
151933,32322.0,-3591.0,9997294.0,-1065.0,-3728.0,-4261.0,20990000.0,53886000.0,100274000.0,idle
151943,1197.0,-5985.0,9997294.0,0.0,-3195.0,-3195.0,20990000.0,53886000.0,100274000.0,idle
151953,28731.0,-3591.0,9985322.0,0.0,-2663.0,-3728.0,20990000.0,53886000.0,100274000.0,idle
151963,39505.0,-20351.0,10002082.0,532.0,-4261.0,-3195.0,20990000.0,53886000.0,100274000.0,idle
151973,41899.0,-3591.0,10023631.0,1597.0,-4793.0,-2130.0,20990000.0,53886000.0,100274000.0,idle
151983,20351.0,-5985.0,10017645.0,-1065.0,-3728.0,-3195.0,20990000.0,53886000.0,100274000.0,idle
151993,25139.0,0.0,9997294.0,-1597.0,-3195.0,-4793.0,20990000.0,53886000.0,100274000.0,idle
152003,29928.0,-7182.0,9986519.0,-532.0,-4261.0,-3195.0,20990000.0,53886000.0,100274000.0,idle
152013,10774.0,-15562.0,9982928.0,0.0,-4793.0,-2130.0,20990000.0,53886000.0,100274000.0,idle
152023,17957.0,-9577.0,10005674.0,-532.0,-3728.0,-4261.0,20990000.0,53886000.0,100274000.0,idle
152033,26337.0,-1197.0,10021236.0,-532.0,-3195.0,-3728.0,20990000.0,53886000.0,100274000.0,idle
152043,31125.0,5985.0,10016448.0,0.0,-3195.0,-3195.0,20990000.0,53886000.0,100274000.0,idle
152053,20351.0,1197.0,9998491.0,532.0,-3728.0,-2130.0,20990000.0,53886000.0,100274000.0,idle
152063,23942.0,-11971.0,9993702.0,532.0,-4261.0,-2663.0,20990000.0,53886000.0,100274000.0,idle
152073,25139.0,-2394.0,9996096.0,-532.0,-4261.0,-3728.0,20990000.0,53886000.0,100274000.0,idle
152083,39505.0,-8379.0,9941028.0,-532.0,-4793.0,-3195.0,20990000.0,53886000.0,100274000.0,idle
152093,9577.0,16759.0,10028419.0,1597.0,-4793.0,-3728.0,20990000.0,53886000.0,100274000.0,idle
152103,23942.0,5985.0,10078699.0,1065.0,-5326.0,-2663.0,20990000.0,53886000.0,100274000.0,idle
152113,38308.0,-4788.0,9947014.0,-1065.0,-3728.0,-3195.0,20990000.0,53886000.0,100274000.0,idle
152123,27534.0,7182.0,9966168.0,0.0,-3728.0,-4261.0,20990000.0,53886000.0,100274000.0,idle
152133,14365.0,0.0,9994899.0,532.0,-3728.0,-3728.0,20990000.0,53886000.0,100274000.0,idle
152143,14365.0,0.0,9994899.0,532.0,-3728.0,-3728.0,20990000.0,53886000.0,100274000.0,idle
152153,37111.0,-9577.0,10017645.0,-532.0,-4261.0,-2130.0,20990000.0,53886000.0,100274000.0,idle
152163,41899.0,-7182.0,9979337.0,532.0,-4261.0,-3728.0,20990000.0,53886000.0,100274000.0,idle
152173,19154.0,-13168.0,10041588.0,-532.0,-3728.0,-3728.0,20990000.0,53886000.0,100274000.0,idle
152183,8379.0,-1197.0,9981731.0,532.0,-2663.0,-4261.0,20990000.0,53886000.0,100274000.0,idle
152193,29928.0,-1197.0,9951802.0,-532.0,-1065.0,-3195.0,20990000.0,53886000.0,100274000.0,idle
152203,45491.0,-16759.0,9997294.0,-1597.0,-4261.0,-3195.0,20990000.0,53886000.0,100274000.0,idle
152213,23942.0,-3591.0,10036799.0,532.0,-5859.0,-2130.0,20990000.0,53886000.0,100274000.0,idle
152223,21548.0,-2394.0,9991308.0,-1065.0,-3728.0,-2663.0,20990000.0,53886000.0,100274000.0,idle
152233,28731.0,-5985.0,9968562.0,0.0,-3195.0,-2663.0,20990000.0,53886000.0,100274000.0,idle
152243,15562.0,-10774.0,9967365.0,532.0,-2663.0,-3195.0,20990000.0,53886000.0,100274000.0,idle
152253,-4788.0,-2394.0,9990111.0,532.0,-4793.0,-3728.0,20990000.0,53874000.0,100274000.0,idle
152263,22745.0,-13168.0,9974548.0,1597.0,-5859.0,-3195.0,20990000.0,53874000.0,100274000.0,idle
152273,50279.0,-17957.0,10059545.0,1065.0,-6924.0,-2663.0,20990000.0,53874000.0,100274000.0,idle
152283,70631.0,-13168.0,10136162.0,-1597.0,-2663.0,-3728.0,20990000.0,53874000.0,100274000.0,idle
152293,37111.0,-7182.0,10058348.0,-2130.0,0.0,-4261.0,20990000.0,53874000.0,100274000.0,idle
152303,-3591.0,-10774.0,9873988.0,-1065.0,-1065.0,-2130.0,20990000.0,53874000.0,100274000.0,idle
152313,23942.0,-2394.0,9844060.0,0.0,-4793.0,-2130.0,20990000.0,53874000.0,100274000.0,idle
152323,29928.0,-1197.0,9962577.0,2663.0,-6924.0,-2663.0,20990000.0,53874000.0,100274000.0,idle
152333,25139.0,0.0,10111022.0,1597.0,-7457.0,-2663.0,20990000.0,53874000.0,100274000.0,idle
152343,47885.0,3591.0,10132570.0,532.0,-4793.0,-4793.0,20990000.0,53874000.0,100274000.0,idle
152353,44294.0,-7182.0,10037996.0,0.0,-2663.0,-3195.0,20990000.0,53874000.0,100274000.0,idle
152363,25139.0,-9577.0,9917085.0,-532.0,-3728.0,-3195.0,20990000.0,53874000.0,100274000.0,idle
152373,-11971.0,4788.0,9912297.0,1065.0,-3728.0,-3728.0,20990000.0,53874000.0,100274000.0,idle
152383,25139.0,5985.0,9996096.0,1597.0,-4261.0,-3195.0,20990000.0,53874000.0,100274000.0,idle
152393,55068.0,-4788.0,10076305.0,2130.0,-3728.0,-2663.0,20990000.0,53874000.0,100274000.0,idle
152403,38308.0,10774.0,10059545.0,532.0,-2663.0,-2130.0,20990000.0,53874000.0,100274000.0,idle
152413,22745.0,0.0,9953000.0,-1065.0,-3728.0,-3195.0,20990000.0,53874000.0,100274000.0,idle
152423,37111.0,10774.0,9919480.0,-532.0,-2663.0,-2663.0,20990000.0,53874000.0,100274000.0,idle
152433,19154.0,-10774.0,9990111.0,1065.0,-3728.0,-2663.0,20990000.0,53874000.0,100274000.0,idle
152443,19154.0,-11971.0,10036799.0,1065.0,-3195.0,-3195.0,20990000.0,53874000.0,100274000.0,idle
152453,33519.0,-2394.0,10032011.0,0.0,-3728.0,-3195.0,20990000.0,53874000.0,100274000.0,idle
152463,15562.0,-7182.0,9957788.0,-532.0,-2663.0,-3195.0,20990000.0,53874000.0,100274000.0,idle
152473,32322.0,-9577.0,9949408.0,0.0,-5326.0,-3728.0,20990000.0,53874000.0,100274000.0,idle
152483,34716.0,-10774.0,9992505.0,0.0,-6391.0,-2663.0,20990000.0,53874000.0,100274000.0,idle
152493,11971.0,-9577.0,10047573.0,532.0,-5326.0,-2663.0,20990000.0,53874000.0,100274000.0,idle
152504,31125.0,-4788.0,10066728.0,1065.0,-4261.0,-4793.0,20990000.0,53874000.0,100274000.0,idle
152514,26337.0,4788.0,9986519.0,-1597.0,-2663.0,-3728.0,20990000.0,53874000.0,100274000.0,idle
152524,16759.0,9577.0,9926663.0,-1065.0,-3195.0,-2663.0,20990000.0,53874000.0,100274000.0,idle
152534,31125.0,-3591.0,9960182.0,2663.0,-5859.0,-3195.0,20990000.0,53874000.0,100274000.0,idle
152544,45491.0,3591.0,10046376.0,1065.0,-4793.0,-3728.0,20990000.0,53874000.0,100274000.0,idle
152554,21548.0,-14365.0,10040391.0,0.0,-4793.0,-4261.0,20990000.0,53874000.0,100274000.0,idle
152564,0.0,-20351.0,9990111.0,-1065.0,-3195.0,-2663.0,20990000.0,53874000.0,100274000.0,idle
152574,20351.0,3591.0,9945817.0,-1065.0,-3195.0,-2663.0,20990000.0,53874000.0,100274000.0,idle
152584,49082.0,13168.0,9968562.0,0.0,-3728.0,-3195.0,20990000.0,53874000.0,100274000.0,idle
152594,17957.0,1197.0,10026025.0,532.0,-5326.0,-3728.0,20990000.0,53874000.0,100274000.0,idle
152604,23942.0,-3591.0,10047573.0,532.0,-4793.0,-3195.0,20990000.0,53874000.0,100274000.0,idle
152614,13168.0,-2394.0,10003279.0,532.0,-3728.0,-3195.0,20990000.0,53874000.0,100274000.0,idle
152624,27534.0,-20351.0,9972154.0,-1065.0,-2663.0,-3728.0,20990000.0,53874000.0,100274000.0,idle
152634,14365.0,-16759.0,9967365.0,-1065.0,-2663.0,-2663.0,20990000.0,53874000.0,100274000.0,idle
152644,25139.0,-13168.0,9996096.0,532.0,-3728.0,-2663.0,20990000.0,53874000.0,100274000.0,idle
152654,35914.0,-5985.0,10011659.0,-532.0,-3728.0,-3195.0,20990000.0,53874000.0,100274000.0,idle
152664,38308.0,-8379.0,10011659.0,-1597.0,-2663.0,-3195.0,20990000.0,53874000.0,100274000.0,idle
152674,14365.0,0.0,9975745.0,0.0,-3195.0,-2663.0,20990000.0,53874000.0,100274000.0,idle
152684,19154.0,-1197.0,9979337.0,0.0,-3728.0,-4793.0,20990000.0,53874000.0,100274000.0,idle
152694,23942.0,-3591.0,9996096.0,0.0,-4261.0,-3728.0,20990000.0,53874000.0,100274000.0,idle
152704,29928.0,-7182.0,10012856.0,-532.0,-3195.0,-2663.0,20990000.0,53874000.0,100274000.0,idle
152714,38308.0,-9577.0,10020039.0,-1065.0,-4261.0,-3195.0,20990000.0,53874000.0,100274000.0,idle
152724,33519.0,-1197.0,9974548.0,0.0,-4261.0,-3195.0,20990000.0,53874000.0,100274000.0,idle
152734,26337.0,4788.0,9985322.0,-532.0,-2663.0,-3195.0,20990000.0,53874000.0,100274000.0,idle
152744,23942.0,-5985.0,9988914.0,-532.0,-3728.0,-3195.0,20990000.0,53874000.0,100274000.0,idle
152754,17957.0,5985.0,9991308.0,532.0,-4793.0,-4261.0,20990000.0,53874000.0,100274000.0,idle
152764,34716.0,3591.0,10000885.0,532.0,-4261.0,-4261.0,20990000.0,53874000.0,100274000.0,idle
152774,37111.0,7182.0,10000885.0,0.0,-4261.0,-2663.0,20990000.0,53874000.0,100274000.0,idle
152784,34716.0,1197.0,9998491.0,-532.0,-3728.0,-3195.0,20990000.0,53874000.0,100274000.0,idle
152794,13168.0,-20351.0,9987717.0,-532.0,-4793.0,-3195.0,20990000.0,53874000.0,100274000.0,idle
152804,19154.0,-13168.0,9999688.0,0.0,-4793.0,-2663.0,20990000.0,53874000.0,100274000.0,idle
152814,32322.0,-2394.0,9988914.0,0.0,-4261.0,-2663.0,20990000.0,53874000.0,100274000.0,idle
152824,38308.0,2394.0,10006871.0,532.0,-4261.0,-2663.0,20990000.0,53874000.0,100274000.0,idle
152834,32322.0,1197.0,9996096.0,0.0,-3728.0,-2130.0,20990000.0,53874000.0,100274000.0,idle
152844,34716.0,-5985.0,9973351.0,532.0,-3728.0,-2130.0,20990000.0,53874000.0,100274000.0,idle
152854,26337.0,0.0,9981731.0,1065.0,-3195.0,-3728.0,20990000.0,53874000.0,100274000.0,idle
152864,17957.0,-9577.0,10020039.0,532.0,-3195.0,-4261.0,20990000.0,53874000.0,100274000.0,idle
152874,19154.0,-2394.0,9991308.0,532.0,-4261.0,-4261.0,20990000.0,53874000.0,100274000.0,idle
152884,33519.0,15562.0,9996096.0,532.0,-4261.0,-4261.0,20990000.0,53874000.0,100274000.0,idle
152894,26337.0,14365.0,9969759.0,2130.0,-2130.0,-4261.0,20990000.0,53874000.0,100274000.0,idle
152904,14365.0,13168.0,9985322.0,532.0,-4261.0,-3728.0,20990000.0,53874000.0,100274000.0,idle
152914,19154.0,-11971.0,9991308.0,532.0,-4793.0,-3195.0,20990000.0,53874000.0,100274000.0,idle
152924,34716.0,-8379.0,10011659.0,1065.0,-4261.0,-3195.0,20990000.0,53874000.0,100274000.0,idle
152934,27534.0,0.0,9999688.0,532.0,-4261.0,-3728.0,20990000.0,53874000.0,100274000.0,idle
152944,23942.0,-5985.0,10005674.0,0.0,-2663.0,-2663.0,20990000.0,53874000.0,100274000.0,idle
152954,22745.0,-5985.0,9997294.0,532.0,-2130.0,-4793.0,20990000.0,53874000.0,100274000.0,idle
152964,27534.0,-7182.0,10011659.0,-532.0,-3195.0,-3728.0,20990000.0,53874000.0,100274000.0,idle
152974,33519.0,-11971.0,10003279.0,532.0,-2663.0,-2663.0,20990000.0,53874000.0,100274000.0,idle
152984,13168.0,-1197.0,9991308.0,532.0,-2130.0,-2663.0,20990000.0,53874000.0,100274000.0,idle
152994,22745.0,-4788.0,9975745.0,-1597.0,-2130.0,-4261.0,20990000.0,53874000.0,100274000.0,idle
153005,33519.0,-14365.0,9979337.0,532.0,-4261.0,-2663.0,20990000.0,53874000.0,100274000.0,idle
153014,37111.0,-7182.0,9994899.0,-532.0,-4793.0,-3195.0,20990000.0,53874000.0,100274000.0,idle
153024,22745.0,-4788.0,9992505.0,-2130.0,-3728.0,-2663.0,20990000.0,53874000.0,100274000.0,idle
153034,33519.0,-13168.0,10005674.0,-532.0,-4261.0,-4261.0,20990000.0,53874000.0,100274000.0,idle
153044,27534.0,-8379.0,9993702.0,532.0,-3195.0,-3195.0,20990000.0,53874000.0,100274000.0,idle
153054,14365.0,-5985.0,9991308.0,1065.0,-4793.0,-2130.0,20990000.0,53874000.0,100274000.0,idle
153064,28731.0,-7182.0,9992505.0,0.0,-3195.0,-3728.0,20990000.0,53874000.0,100274000.0,idle
153074,32322.0,-10774.0,10012856.0,-532.0,-3728.0,-3195.0,20990000.0,53874000.0,100274000.0,idle
153084,22745.0,11971.0,10000885.0,532.0,-4261.0,-2663.0,20990000.0,53874000.0,100274000.0,idle
153094,28731.0,5985.0,9986519.0,0.0,-4793.0,-2130.0,20990000.0,53874000.0,100274000.0,idle
153104,28731.0,-17957.0,10002082.0,-532.0,-4261.0,-1597.0,20990000.0,53874000.0,100274000.0,idle
153114,16759.0,-20351.0,10005674.0,532.0,-3728.0,-3728.0,20990000.0,53874000.0,100274000.0,idle
153124,32322.0,-14365.0,10002082.0,532.0,-3195.0,-3728.0,20990000.0,53874000.0,100274000.0,idle
153134,23942.0,-1197.0,9991308.0,0.0,-2663.0,-3195.0,20990000.0,53874000.0,100274000.0,idle
153144,34716.0,-7182.0,9981731.0,532.0,-2663.0,-3728.0,20990000.0,53874000.0,100274000.0,idle
153154,31125.0,-11971.0,9991308.0,0.0,-2130.0,-3195.0,20990000.0,53874000.0,100274000.0,idle
153165,15562.0,-5985.0,10009265.0,0.0,-4261.0,-3195.0,20990000.0,53874000.0,100274000.0,idle
153175,33519.0,-7182.0,10002082.0,1597.0,-3195.0,-2663.0,20990000.0,53874000.0,100274000.0,idle
153185,20351.0,-8379.0,10003279.0,0.0,-3195.0,-2663.0,20990000.0,53874000.0,100274000.0,idle
153195,23942.0,0.0,9992505.0,-1597.0,-4793.0,-3728.0,20990000.0,53874000.0,100274000.0,idle
153205,23942.0,0.0,9992505.0,-1597.0,-4793.0,-3728.0,20990000.0,53874000.0,100274000.0,idle
153215,23942.0,-9577.0,9986519.0,532.0,-4261.0,-5326.0,20990000.0,53874000.0,100274000.0,idle
153225,17957.0,-19154.0,9996096.0,2130.0,-3195.0,-3195.0,20990000.0,53874000.0,100274000.0,idle
153235,20351.0,-14365.0,9996096.0,1065.0,-2663.0,-3728.0,20990000.0,53874000.0,100274000.0,idle
153245,34716.0,26337.0,9978139.0,532.0,-3195.0,-2663.0,20990000.0,53874000.0,100274000.0,idle
153255,33519.0,7182.0,10005674.0,0.0,-3728.0,-4261.0,20990000.0,53853000.0,100274000.0,idle
153265,23942.0,-29928.0,9993702.0,-532.0,-3728.0,-3728.0,20990000.0,53853000.0,100274000.0,idle
153275,22745.0,-28731.0,10002082.0,0.0,-3195.0,-3195.0,20990000.0,53853000.0,100274000.0,idle
153285,28731.0,9577.0,10003279.0,-532.0,-4261.0,-4261.0,20990000.0,53853000.0,100274000.0,idle
153295,28731.0,1197.0,9973351.0,532.0,-4793.0,-3195.0,20990000.0,53853000.0,100274000.0,idle
153305,32322.0,0.0,9996096.0,1065.0,-5326.0,-2663.0,20990000.0,53853000.0,100274000.0,idle
153315,25139.0,25139.0,10009265.0,-532.0,-3728.0,-2663.0,20990000.0,53853000.0,100274000.0,idle
153325,29928.0,-14365.0,10009265.0,532.0,-2663.0,-1597.0,20990000.0,53853000.0,100274000.0,idle
153335,33519.0,-27534.0,10000885.0,-1065.0,-2130.0,-1597.0,20990000.0,53853000.0,100274000.0,idle
153345,11971.0,-15562.0,9991308.0,0.0,-3195.0,-3195.0,20990000.0,53853000.0,100274000.0,idle
153355,11971.0,8379.0,9979337.0,532.0,-4261.0,-3728.0,20990000.0,53853000.0,100274000.0,idle
153365,38308.0,7182.0,9990111.0,1065.0,-3728.0,-3195.0,20990000.0,53853000.0,100274000.0,idle
153375,33519.0,10774.0,10008068.0,1065.0,-3195.0,-2663.0,20990000.0,53853000.0,100274000.0,idle
153385,1197.0,-1197.0,10021236.0,-1597.0,-4793.0,-2663.0,20990000.0,53853000.0,100274000.0,idle
153395,28731.0,-19154.0,9994899.0,-532.0,-3728.0,-2130.0,20990000.0,53853000.0,100274000.0,idle
153405,31125.0,-23942.0,9980534.0,532.0,-3728.0,-3195.0,20990000.0,53853000.0,100274000.0,idle
153415,29928.0,14365.0,10006871.0,1065.0,-5326.0,-2663.0,20990000.0,53853000.0,100274000.0,idle
153425,21548.0,10774.0,10014054.0,-532.0,-5859.0,-3728.0,20990000.0,53853000.0,100274000.0,idle
153435,39505.0,-2394.0,10011659.0,-532.0,-4793.0,-3195.0,20990000.0,53853000.0,100274000.0,idle
153445,28731.0,-8379.0,10003279.0,1065.0,-2663.0,-2663.0,20990000.0,53853000.0,100274000.0,idle
153455,2394.0,-14365.0,9997294.0,0.0,-2663.0,-4261.0,20990000.0,53853000.0,100274000.0,idle
153465,23942.0,-8379.0,10021236.0,0.0,-3195.0,-3728.0,20990000.0,53853000.0,100274000.0,idle
153475,33519.0,4788.0,10015251.0,1065.0,-3195.0,-3195.0,20990000.0,53853000.0,100274000.0,idle
153485,27534.0,15562.0,10011659.0,0.0,-4793.0,-2663.0,20990000.0,53853000.0,100274000.0,idle
153495,38308.0,8379.0,10017645.0,-532.0,-3728.0,-2663.0,20990000.0,53853000.0,100274000.0,idle
153505,27534.0,-7182.0,9990111.0,-1065.0,-3195.0,-3195.0,20990000.0,53853000.0,100274000.0,idle
153515,27534.0,0.0,10000885.0,-532.0,-3195.0,-3195.0,20990000.0,53853000.0,100274000.0,idle
153525,22745.0,15562.0,10009265.0,-532.0,-3728.0,-3195.0,20990000.0,53853000.0,100274000.0,idle
153535,28731.0,-2394.0,9998491.0,0.0,-3728.0,-1597.0,20990000.0,53853000.0,100274000.0,idle
153545,17957.0,5985.0,10003279.0,1597.0,-2663.0,-3195.0,20990000.0,53853000.0,100274000.0,idle
153555,9577.0,14365.0,9985322.0,1065.0,-2663.0,-3728.0,20990000.0,53853000.0,100274000.0,idle
153565,22745.0,-5985.0,9993702.0,0.0,-3728.0,-1597.0,20990000.0,53853000.0,100274000.0,idle
153575,20351.0,-17957.0,10004476.0,0.0,-4261.0,-2130.0,20990000.0,53853000.0,100274000.0,idle
153585,26337.0,-2394.0,9999688.0,-532.0,-3195.0,-3728.0,20990000.0,53853000.0,100274000.0,idle
153595,9577.0,1197.0,10004476.0,-532.0,-3728.0,-2663.0,20990000.0,53853000.0,100274000.0,idle
153605,33519.0,7182.0,9990111.0,532.0,-3728.0,-2663.0,20990000.0,53853000.0,100274000.0,idle
153615,23942.0,4788.0,9980534.0,532.0,-3195.0,-3728.0,20990000.0,53853000.0,100274000.0,idle
153625,31125.0,7182.0,9991308.0,532.0,-3728.0,-2663.0,20990000.0,53853000.0,100274000.0,idle
153635,29928.0,-7182.0,9999688.0,532.0,-3728.0,-2663.0,20990000.0,53853000.0,100274000.0,idle
153645,14365.0,1197.0,10009265.0,532.0,-3728.0,-4793.0,20990000.0,53853000.0,100274000.0,idle
153655,7182.0,2394.0,10002082.0,532.0,-3195.0,-4793.0,20990000.0,53853000.0,100274000.0,idle
153665,34716.0,1197.0,9997294.0,-532.0,-3195.0,-3728.0,20990000.0,53853000.0,100274000.0,idle
153675,38308.0,-2394.0,9967365.0,-532.0,-3195.0,-3728.0,20990000.0,53853000.0,100274000.0,idle
153685,28731.0,-1197.0,10004476.0,-532.0,-4793.0,-2130.0,20990000.0,53853000.0,100274000.0,idle
153695,31125.0,0.0,10017645.0,1065.0,-4261.0,-1065.0,20990000.0,53853000.0,100274000.0,idle
153705,27534.0,-5985.0,10008068.0,532.0,-2663.0,-1597.0,20990000.0,53853000.0,100274000.0,idle
153715,16759.0,-8379.0,9990111.0,1597.0,-2663.0,-2130.0,20990000.0,53853000.0,100274000.0,idle
153725,20351.0,-4788.0,9996096.0,1597.0,-3195.0,-2663.0,20990000.0,53853000.0,100274000.0,idle
153735,29928.0,-5985.0,9992505.0,-1065.0,-2663.0,-4261.0,20990000.0,53853000.0,100274000.0,idle
153745,47885.0,4788.0,10004476.0,-532.0,-3195.0,-3195.0,20990000.0,53853000.0,100274000.0,idle
153755,22745.0,8379.0,10005674.0,0.0,-4261.0,-2130.0,20990000.0,53853000.0,100274000.0,idle
153766,15562.0,1197.0,9981731.0,0.0,-2663.0,-2663.0,20990000.0,53853000.0,100274000.0,idle
153776,26337.0,-7182.0,9984125.0,0.0,-3195.0,-3195.0,20990000.0,53853000.0,100274000.0,idle
153786,39505.0,-15562.0,9976942.0,-532.0,-3728.0,-5326.0,20990000.0,53853000.0,100274000.0,idle
153796,21548.0,-25139.0,10009265.0,-532.0,-3728.0,-3195.0,20990000.0,53853000.0,100274000.0,idle
153806,26337.0,-9577.0,10011659.0,532.0,-4261.0,-2663.0,20990000.0,53853000.0,100274000.0,idle
153816,34716.0,-14365.0,9996096.0,532.0,-2663.0,-4261.0,20990000.0,53853000.0,100274000.0,idle
153826,21548.0,-5985.0,9996096.0,0.0,-3728.0,-4261.0,20990000.0,53853000.0,100274000.0,idle
153836,19154.0,-10774.0,10003279.0,532.0,-3728.0,-3195.0,20990000.0,53853000.0,100274000.0,idle
153846,23942.0,-14365.0,9990111.0,-1065.0,-3728.0,-3195.0,20990000.0,53853000.0,100274000.0,idle
153856,23942.0,-9577.0,9993702.0,-532.0,-4793.0,-2663.0,20990000.0,53853000.0,100274000.0,idle
153866,35914.0,-13168.0,9981731.0,0.0,-4793.0,-3728.0,20990000.0,53853000.0,100274000.0,idle
153876,23942.0,0.0,10008068.0,-532.0,-3728.0,-3728.0,20990000.0,53853000.0,100274000.0,idle
153886,28731.0,2394.0,10010462.0,532.0,-4261.0,-2130.0,20990000.0,53853000.0,100274000.0,idle
153896,28731.0,-7182.0,10011659.0,0.0,-4793.0,-2663.0,20990000.0,53853000.0,100274000.0,idle
153906,19154.0,-11971.0,10005674.0,-1065.0,-4261.0,-3195.0,20990000.0,53853000.0,100274000.0,idle
153916,31125.0,-13168.0,9994899.0,-1065.0,-4261.0,-3728.0,20990000.0,53853000.0,100274000.0,idle
153926,34716.0,2394.0,10000885.0,-1065.0,-3728.0,-4261.0,20990000.0,53853000.0,100274000.0,idle
153936,20351.0,-15562.0,10010462.0,-532.0,-2130.0,-2663.0,20990000.0,53853000.0,100274000.0,idle
153946,23942.0,-5985.0,9992505.0,532.0,-3728.0,-2663.0,20990000.0,53853000.0,100274000.0,idle
153956,20351.0,7182.0,9992505.0,-532.0,-3195.0,-3195.0,20990000.0,53853000.0,100274000.0,idle
153966,20351.0,-2394.0,9996096.0,0.0,-3728.0,-3195.0,20990000.0,53853000.0,100274000.0,idle
153976,17957.0,-19154.0,9997294.0,0.0,-2663.0,-3195.0,20990000.0,53853000.0,100274000.0,idle
153986,22745.0,0.0,10005674.0,0.0,-3195.0,-2663.0,20990000.0,53853000.0,100274000.0,idle
153996,14365.0,-3591.0,10018842.0,1597.0,-3728.0,-3195.0,20990000.0,53853000.0,100274000.0,idle
154006,7182.0,7182.0,9999688.0,-532.0,-3195.0,-2663.0,20990000.0,53853000.0,100274000.0,idle
154016,28731.0,3591.0,9993702.0,0.0,-4261.0,-3728.0,20990000.0,53853000.0,100274000.0,idle
154026,17957.0,-5985.0,9990111.0,532.0,-4261.0,-2663.0,20990000.0,53853000.0,100274000.0,idle
154036,20351.0,-3591.0,9984125.0,532.0,-3728.0,-2663.0,20990000.0,53853000.0,100274000.0,idle
154046,26337.0,5985.0,9993702.0,1065.0,-4261.0,-3195.0,20990000.0,53853000.0,100274000.0,idle
154056,13168.0,7182.0,10002082.0,2130.0,-2663.0,-3195.0,20990000.0,53853000.0,100274000.0,idle
154066,32322.0,3591.0,10011659.0,0.0,-3195.0,-4261.0,20990000.0,53853000.0,100274000.0,idle
154076,32322.0,-1197.0,10015251.0,0.0,-4261.0,-3195.0,20990000.0,53853000.0,100274000.0,idle
154086,17957.0,-9577.0,10000885.0,532.0,-3728.0,-4261.0,20990000.0,53853000.0,100274000.0,idle
154096,31125.0,-14365.0,9996096.0,0.0,-3195.0,-3728.0,20990000.0,53853000.0,100274000.0,idle
154106,31125.0,-13168.0,9987717.0,532.0,-4261.0,-3195.0,20990000.0,53853000.0,100274000.0,idle
154116,16759.0,-2394.0,9996096.0,532.0,-3728.0,-2663.0,20990000.0,53853000.0,100274000.0,idle
154126,20351.0,7182.0,10008068.0,0.0,-3728.0,-3195.0,20990000.0,53853000.0,100274000.0,idle
154136,27534.0,0.0,10004476.0,1597.0,-4793.0,-3195.0,20990000.0,53853000.0,100274000.0,idle
154146,27534.0,-8379.0,9997294.0,-532.0,-3195.0,-4261.0,20990000.0,53853000.0,100274000.0,idle
154156,19154.0,-17957.0,10005674.0,-532.0,-4793.0,-3728.0,20990000.0,53853000.0,100274000.0,idle
154166,25139.0,2394.0,9997294.0,1065.0,-4261.0,-1597.0,20990000.0,53853000.0,100274000.0,idle
154176,32322.0,3591.0,9996096.0,1065.0,-4793.0,-2130.0,20990000.0,53853000.0,100274000.0,idle
154186,7182.0,-14365.0,10010462.0,532.0,-4793.0,-2663.0,20990000.0,53853000.0,100274000.0,idle
154196,2394.0,-5985.0,10003279.0,0.0,-4261.0,-3195.0,20990000.0,53853000.0,100274000.0,idle
154206,16759.0,5985.0,9981731.0,-1065.0,-3728.0,-3728.0,20990000.0,53853000.0,100274000.0,idle
154216,39505.0,-15562.0,9982928.0,532.0,-4261.0,-4261.0,20990000.0,53853000.0,100274000.0,idle
154226,23942.0,-8379.0,9996096.0,532.0,-4793.0,-3195.0,20990000.0,53853000.0,100274000.0,idle
154236,13168.0,-1197.0,10004476.0,532.0,-3728.0,-3728.0,20990000.0,53853000.0,100274000.0,idle
154246,41899.0,-3591.0,9997294.0,0.0,-3728.0,-2663.0,20990000.0,53853000.0,100274000.0,idle
154256,29928.0,-3591.0,9994899.0,-532.0,-4261.0,-3195.0,20990000.0,53828000.0,100276000.0,idle
154266,29928.0,-3591.0,9994899.0,-532.0,-4261.0,-3195.0,20990000.0,53828000.0,100276000.0,idle
154276,35914.0,4788.0,10008068.0,0.0,-3728.0,-4261.0,20990000.0,53828000.0,100276000.0,idle
154286,15562.0,-3591.0,9985322.0,1065.0,-4261.0,-4261.0,20990000.0,53828000.0,100276000.0,idle
154296,26337.0,-5985.0,9996096.0,0.0,-3728.0,-3195.0,20990000.0,53828000.0,100276000.0,idle
154307,19154.0,-4788.0,9993702.0,-532.0,-2130.0,-3728.0,20990000.0,53828000.0,100276000.0,idle
154316,21548.0,0.0,9997294.0,-532.0,-2130.0,-2663.0,20990000.0,53828000.0,100276000.0,idle
154326,29928.0,-3591.0,10002082.0,-532.0,-3195.0,-2663.0,20990000.0,53828000.0,100276000.0,idle
154336,21548.0,2394.0,9999688.0,0.0,-4261.0,-2130.0,20990000.0,53828000.0,100276000.0,idle
154346,25139.0,-13168.0,9998491.0,-532.0,-3728.0,-2663.0,20990000.0,53828000.0,100276000.0,idle
154356,28731.0,-8379.0,10000885.0,-532.0,-3195.0,-3728.0,20990000.0,53828000.0,100276000.0,idle
154366,31125.0,1197.0,9986519.0,532.0,-3195.0,-3728.0,20990000.0,53828000.0,100276000.0,idle
154376,25139.0,-2394.0,10003279.0,1065.0,-3728.0,-3728.0,20990000.0,53828000.0,100276000.0,idle
154386,23942.0,0.0,9998491.0,532.0,-4793.0,-2130.0,20990000.0,53828000.0,100276000.0,idle
154396,21548.0,-14365.0,9987717.0,0.0,-3728.0,-2663.0,20990000.0,53828000.0,100276000.0,idle
154407,26337.0,1197.0,9997294.0,0.0,-3728.0,-3195.0,20990000.0,53828000.0,100276000.0,idle
154417,21548.0,1197.0,10010462.0,0.0,-4793.0,-2663.0,20990000.0,53828000.0,100276000.0,idle
154427,21548.0,7182.0,10009265.0,-1597.0,-4793.0,-3195.0,20990000.0,53828000.0,100276000.0,idle
154437,23942.0,-8379.0,9993702.0,-1065.0,-4261.0,-3195.0,20990000.0,53828000.0,100276000.0,idle
154447,20351.0,-9577.0,10002082.0,532.0,-3728.0,-3195.0,20990000.0,53828000.0,100276000.0,idle
154457,33519.0,-2394.0,9988914.0,532.0,-3195.0,-3195.0,20990000.0,53828000.0,100276000.0,idle
154467,20351.0,7182.0,9998491.0,-532.0,-2663.0,-2663.0,20990000.0,53828000.0,100276000.0,idle
154477,25139.0,5985.0,10012856.0,0.0,-3728.0,-2130.0,20990000.0,53828000.0,100276000.0,idle
154487,13168.0,10774.0,10000885.0,0.0,-3195.0,-2130.0,20990000.0,53828000.0,100276000.0,idle
154497,31125.0,-8379.0,10000885.0,532.0,-2130.0,-3195.0,20990000.0,53828000.0,100276000.0,idle
154507,21548.0,-7182.0,10008068.0,-532.0,-3728.0,-2663.0,20990000.0,53828000.0,100276000.0,idle
154517,29928.0,-13168.0,10003279.0,-532.0,-3195.0,-2663.0,20990000.0,53828000.0,100276000.0,idle
154527,32322.0,0.0,10004476.0,0.0,-2663.0,-2663.0,20990000.0,53828000.0,100276000.0,idle
154537,13168.0,-3591.0,9998491.0,0.0,-3728.0,-3195.0,20990000.0,53828000.0,100276000.0,idle
154547,26337.0,-8379.0,9988914.0,0.0,-4261.0,-2663.0,20990000.0,53828000.0,100276000.0,idle
154557,29928.0,2394.0,10002082.0,-532.0,-4793.0,-3195.0,20990000.0,53828000.0,100276000.0,idle
154567,27534.0,-7182.0,10003279.0,-532.0,-3195.0,-3728.0,20990000.0,53828000.0,100276000.0,idle
154577,25139.0,-2394.0,10005674.0,0.0,-4261.0,-3728.0,20990000.0,53828000.0,100276000.0,idle
154587,27534.0,8379.0,9999688.0,1597.0,-4261.0,-2130.0,20990000.0,53828000.0,100276000.0,idle
154597,25139.0,-7182.0,9968562.0,532.0,-3728.0,-3195.0,20990000.0,53828000.0,100276000.0,idle
154607,40702.0,1197.0,9980534.0,0.0,-3728.0,-2663.0,20990000.0,53828000.0,100276000.0,idle
154617,38308.0,16759.0,9996096.0,0.0,-3195.0,-3195.0,20990000.0,53828000.0,100276000.0,idle
154627,33519.0,-3591.0,10028419.0,0.0,-4261.0,-3195.0,20990000.0,53828000.0,100276000.0,idle
154637,32322.0,-9577.0,10032011.0,0.0,-4793.0,-2130.0,20990000.0,53828000.0,100276000.0,idle
154647,32322.0,-16759.0,9984125.0,-532.0,-4261.0,-1597.0,20990000.0,53828000.0,100276000.0,idle
154657,3591.0,-7182.0,9975745.0,532.0,-3195.0,-3728.0,20990000.0,53828000.0,100276000.0,idle
154667,11971.0,-3591.0,9981731.0,-532.0,-3728.0,-3728.0,20990000.0,53828000.0,100276000.0,idle
154677,31125.0,0.0,10009265.0,-532.0,-3195.0,-2663.0,20990000.0,53828000.0,100276000.0,idle
154687,21548.0,-1197.0,9999688.0,0.0,-3728.0,-2663.0,20990000.0,53828000.0,100276000.0,idle
154697,16759.0,-2394.0,10004476.0,-1065.0,-4261.0,-2130.0,20990000.0,53828000.0,100276000.0,idle
154707,27534.0,-8379.0,10000885.0,532.0,-4261.0,-3728.0,20990000.0,53828000.0,100276000.0,idle
154717,17957.0,-4788.0,9988914.0,532.0,-3195.0,-3195.0,20990000.0,53828000.0,100276000.0,idle
154727,17957.0,-23942.0,10004476.0,0.0,-3728.0,-3728.0,20990000.0,53828000.0,100276000.0,idle
154737,14365.0,-10774.0,10008068.0,0.0,-3728.0,-2130.0,20990000.0,53828000.0,100276000.0,idle
154747,25139.0,-9577.0,9985322.0,-1065.0,-2663.0,-2663.0,20990000.0,53828000.0,100276000.0,idle
154757,31125.0,-4788.0,9984125.0,1065.0,-4261.0,-3728.0,20990000.0,53828000.0,100276000.0,idle
154767,32322.0,1197.0,9996096.0,-532.0,-3728.0,-3195.0,20990000.0,53828000.0,100276000.0,idle
154777,26337.0,1197.0,9990111.0,-532.0,-4261.0,-3728.0,20990000.0,53828000.0,100276000.0,idle
154787,31125.0,-5985.0,9992505.0,1065.0,-4793.0,-3195.0,20990000.0,53828000.0,100276000.0,idle
154797,21548.0,1197.0,9997294.0,1597.0,-3195.0,-2130.0,20990000.0,53828000.0,100276000.0,idle
154807,8379.0,-10774.0,9986519.0,0.0,-3728.0,-2663.0,20990000.0,53828000.0,100276000.0,idle
154817,28731.0,-5985.0,9996096.0,532.0,-3195.0,-3195.0,20990000.0,53828000.0,100276000.0,idle
154827,31125.0,4788.0,10004476.0,532.0,-4261.0,-3728.0,20990000.0,53828000.0,100276000.0,idle
154837,25139.0,4788.0,10010462.0,-1065.0,-3195.0,-3195.0,20990000.0,53828000.0,100276000.0,idle
154847,17957.0,-5985.0,10017645.0,0.0,-3195.0,-2663.0,20990000.0,53828000.0,100276000.0,idle
154858,4788.0,-15562.0,9991308.0,0.0,-2663.0,-3195.0,20990000.0,53828000.0,100276000.0,idle
154867,29928.0,-2394.0,9988914.0,-532.0,-3195.0,-2663.0,20990000.0,53828000.0,100276000.0,idle
154877,27534.0,7182.0,10005674.0,-532.0,-3728.0,-2130.0,20990000.0,53828000.0,100276000.0,idle
154887,21548.0,-15562.0,10011659.0,0.0,-2663.0,-2663.0,20990000.0,53828000.0,100276000.0,idle
154897,25139.0,-7182.0,9998491.0,0.0,-2130.0,-3195.0,20990000.0,53828000.0,100276000.0,idle
154907,16759.0,-3591.0,10000885.0,2130.0,-3195.0,-3195.0,20990000.0,53828000.0,100276000.0,idle
154917,33519.0,-5985.0,9978139.0,-532.0,-3195.0,-2663.0,20990000.0,53828000.0,100276000.0,idle
154927,34716.0,0.0,9990111.0,-1065.0,-4261.0,-1597.0,20990000.0,53828000.0,100276000.0,idle
154937,31125.0,4788.0,9985322.0,532.0,-4261.0,-2663.0,20990000.0,53828000.0,100276000.0,idle
154947,33519.0,-3591.0,10011659.0,-532.0,-3728.0,-2663.0,20990000.0,53828000.0,100276000.0,idle
154957,34716.0,-9577.0,9986519.0,-532.0,-4793.0,-2130.0,20990000.0,53828000.0,100276000.0,idle
154967,19154.0,-1197.0,9991308.0,532.0,-5326.0,-4261.0,20990000.0,53828000.0,100276000.0,idle
154977,16759.0,-2394.0,10009265.0,0.0,-4261.0,-3195.0,20990000.0,53828000.0,100276000.0,idle
154987,33519.0,3591.0,9999688.0,-1065.0,-3195.0,-3195.0,20990000.0,53828000.0,100276000.0,idle
154997,34716.0,-8379.0,10026025.0,-532.0,-3728.0,-1597.0,20990000.0,53828000.0,100276000.0,idle
155007,17957.0,-5985.0,10006871.0,0.0,-4261.0,-3195.0,20990000.0,53828000.0,100276000.0,idle
155018,13168.0,-10774.0,9979337.0,-532.0,-1597.0,-2130.0,20990000.0,53828000.0,100276000.0,idle
155028,34716.0,-10774.0,9974548.0,0.0,-3195.0,-2663.0,20990000.0,53828000.0,100276000.0,idle
155038,31125.0,-5985.0,9997294.0,0.0,-5326.0,-3195.0,20990000.0,53828000.0,100276000.0,idle
155048,15562.0,4788.0,10035602.0,1065.0,-5326.0,-4261.0,20990000.0,53828000.0,100276000.0,idle
155058,26337.0,5985.0,10009265.0,-1065.0,-3728.0,-3195.0,20990000.0,53828000.0,100276000.0,idle
155068,31125.0,7182.0,9990111.0,-532.0,-3728.0,-2663.0,20990000.0,53828000.0,100276000.0,idle
155078,13168.0,2394.0,9981731.0,0.0,-3195.0,-3195.0,20990000.0,53828000.0,100276000.0,idle
155088,22745.0,-3591.0,9991308.0,0.0,-4261.0,-2663.0,20990000.0,53828000.0,100276000.0,idle
155098,26337.0,-4788.0,9994899.0,1065.0,-4793.0,-3195.0,20990000.0,53828000.0,100276000.0,idle
155108,32322.0,-4788.0,10021236.0,1065.0,-3195.0,-3195.0,20990000.0,53828000.0,100276000.0,idle
155118,27534.0,9577.0,10015251.0,1065.0,-4261.0,-2130.0,20990000.0,53828000.0,100276000.0,idle
155128,32322.0,-1197.0,9992505.0,0.0,-4793.0,-3195.0,20990000.0,53828000.0,100276000.0,idle
155138,29928.0,-11971.0,9992505.0,0.0,-4261.0,-3728.0,20990000.0,53828000.0,100276000.0,idle
155148,22745.0,-10774.0,10000885.0,532.0,-2663.0,-4261.0,20990000.0,53828000.0,100276000.0,idle
155158,25139.0,-10774.0,10005674.0,1597.0,-4793.0,-2663.0,20990000.0,53828000.0,100276000.0,idle
155168,32322.0,-14365.0,10012856.0,-532.0,-4261.0,-3195.0,20990000.0,53828000.0,100276000.0,idle
155178,13168.0,-3591.0,9997294.0,-532.0,-1597.0,-3728.0,20990000.0,53828000.0,100276000.0,idle
155188,16759.0,-13168.0,10000885.0,-532.0,-3728.0,-3728.0,20990000.0,53828000.0,100276000.0,idle
155198,38308.0,-13168.0,9997294.0,532.0,-4793.0,-3195.0,20990000.0,53828000.0,100276000.0,idle
155208,38308.0,-16759.0,9998491.0,1065.0,-3728.0,-3728.0,20990000.0,53828000.0,100276000.0,idle
155218,22745.0,-14365.0,9986519.0,-532.0,-2663.0,-3195.0,20990000.0,53828000.0,100276000.0,idle
155228,20351.0,0.0,9999688.0,-1065.0,-3728.0,-3728.0,20990000.0,53828000.0,100276000.0,idle
155238,19154.0,-11971.0,10002082.0,0.0,-4793.0,-3728.0,20990000.0,53828000.0,100276000.0,idle
155248,15562.0,-1197.0,9994899.0,0.0,-2663.0,-2130.0,20990000.0,53828000.0,100276000.0,idle
155258,22745.0,5985.0,9993702.0,0.0,-3195.0,-1597.0,20980000.0,53810000.0,100276000.0,idle
155268,28731.0,-11971.0,9979337.0,0.0,-3728.0,-2663.0,20980000.0,53810000.0,100276000.0,idle
155278,23942.0,-17957.0,9988914.0,0.0,-4793.0,-3728.0,20980000.0,53810000.0,100276000.0,idle
155288,25139.0,4788.0,9996096.0,-532.0,-3728.0,-2130.0,20980000.0,53810000.0,100276000.0,idle
155318,17957.0,-15562.0,10003279.0,-532.0,-3195.0,-3195.0,20980000.0,53810000.0,100276000.0,idle
155328,17957.0,-15562.0,10003279.0,-532.0,-3195.0,-3195.0,20980000.0,53810000.0,100276000.0,idle
155338,17957.0,-8379.0,9993702.0,0.0,-3728.0,-3195.0,20980000.0,53810000.0,100276000.0,idle
155348,20351.0,-11971.0,9990111.0,532.0,-4793.0,-2663.0,20980000.0,53810000.0,100276000.0,idle
155358,28731.0,-10774.0,9996096.0,1065.0,-4261.0,-3728.0,20980000.0,53810000.0,100276000.0,idle
155368,21548.0,2394.0,10005674.0,532.0,-3728.0,-4261.0,20980000.0,53810000.0,100276000.0,idle
155378,23942.0,1197.0,10020039.0,-2130.0,-3195.0,-3195.0,20980000.0,53810000.0,100276000.0,idle
155388,19154.0,-19154.0,10008068.0,-1065.0,-3195.0,-3195.0,20980000.0,53810000.0,100276000.0,idle
155398,25139.0,-16759.0,9984125.0,532.0,-3195.0,-3728.0,20980000.0,53810000.0,100276000.0,idle
155408,22745.0,-11971.0,9973351.0,-532.0,-4261.0,-3195.0,20980000.0,53810000.0,100276000.0,idle
155418,15562.0,3591.0,10015251.0,0.0,-4793.0,-3195.0,20980000.0,53810000.0,100276000.0,idle
155428,26337.0,14365.0,10020039.0,1065.0,-3195.0,-2130.0,20980000.0,53810000.0,100276000.0,idle
155438,26337.0,9577.0,10011659.0,0.0,-3195.0,-2130.0,20980000.0,53810000.0,100276000.0,idle
155448,28731.0,-5985.0,9996096.0,1597.0,-4261.0,-3195.0,20980000.0,53810000.0,100276000.0,idle
155458,34716.0,1197.0,9987717.0,0.0,-3728.0,-2663.0,20980000.0,53810000.0,100276000.0,idle
155468,16759.0,-10774.0,9999688.0,-1065.0,-4261.0,-3195.0,20980000.0,53810000.0,100276000.0,idle
155478,20351.0,2394.0,10004476.0,-1065.0,-3728.0,-4261.0,20980000.0,53810000.0,100276000.0,idle
155488,32322.0,-1197.0,10010462.0,0.0,-3728.0,-2663.0,20980000.0,53810000.0,100276000.0,idle
155498,29928.0,-3591.0,10003279.0,0.0,-3195.0,-2130.0,20980000.0,53810000.0,100276000.0,idle
155508,25139.0,-4788.0,9984125.0,-532.0,-3195.0,-2663.0,20980000.0,53810000.0,100276000.0,idle
155518,22745.0,-8379.0,9997294.0,-532.0,-4261.0,-2663.0,20980000.0,53810000.0,100276000.0,idle
155528,32322.0,1197.0,10010462.0,532.0,-4793.0,-4261.0,20980000.0,53810000.0,100276000.0,idle
155538,15562.0,-1197.0,10028419.0,-532.0,-3728.0,-2663.0,20980000.0,53810000.0,100276000.0,idle
155548,19154.0,0.0,9997294.0,532.0,-4261.0,-3195.0,20980000.0,53810000.0,100276000.0,idle
155558,39505.0,4788.0,9988914.0,-532.0,-3728.0,-3728.0,20980000.0,53810000.0,100276000.0,idle
155568,17957.0,-9577.0,9982928.0,0.0,-3195.0,-2130.0,20980000.0,53810000.0,100276000.0,idle
155578,31125.0,-3591.0,9991308.0,0.0,-3195.0,-3195.0,20980000.0,53810000.0,100276000.0,idle
155588,19154.0,3591.0,10003279.0,532.0,-4261.0,-3195.0,20980000.0,53810000.0,100276000.0,idle
155598,17957.0,-13168.0,9998491.0,-532.0,-3728.0,-3195.0,20980000.0,53810000.0,100276000.0,idle
155608,14365.0,-1197.0,9999688.0,532.0,-3195.0,-4261.0,20980000.0,53810000.0,100276000.0,idle
155618,7182.0,15562.0,9968562.0,1065.0,-3728.0,-3195.0,20980000.0,53810000.0,100276000.0,idle
155628,32322.0,-2394.0,9986519.0,0.0,-4261.0,-3728.0,20980000.0,53810000.0,100276000.0,idle
155638,28731.0,-3591.0,9990111.0,-532.0,-3195.0,-2130.0,20980000.0,53810000.0,100276000.0,idle
155648,14365.0,8379.0,9997294.0,532.0,-2663.0,-3728.0,20980000.0,53810000.0,100276000.0,idle
155659,32322.0,9577.0,9990111.0,1065.0,-3728.0,-3728.0,20980000.0,53810000.0,100276000.0,idle
155669,28731.0,-11971.0,9991308.0,-532.0,-4793.0,-4261.0,20980000.0,53810000.0,100276000.0,idle
155679,22745.0,-4788.0,10005674.0,-1065.0,-3195.0,-3195.0,20980000.0,53810000.0,100276000.0,idle
155689,31125.0,-16759.0,10010462.0,532.0,-4261.0,-2663.0,20980000.0,53810000.0,100276000.0,idle
155699,22745.0,-8379.0,10004476.0,1065.0,-2663.0,-3728.0,20980000.0,53810000.0,100276000.0,idle
155709,17957.0,-11971.0,9998491.0,1065.0,-4261.0,-2663.0,20980000.0,53810000.0,100276000.0,idle
155719,21548.0,-14365.0,10003279.0,1597.0,-3728.0,-1597.0,20980000.0,53810000.0,100276000.0,idle
155729,31125.0,0.0,10016448.0,532.0,-3728.0,-2130.0,20980000.0,53810000.0,100276000.0,idle
155739,21548.0,-1197.0,9997294.0,-532.0,-4261.0,-3728.0,20980000.0,53810000.0,100276000.0,idle
155749,38308.0,-3591.0,9978139.0,0.0,-4793.0,-3195.0,20980000.0,53810000.0,100276000.0,idle
155759,39505.0,0.0,9996096.0,532.0,-5326.0,-3728.0,20980000.0,53810000.0,100276000.0,idle
155769,21548.0,2394.0,10024828.0,0.0,-4793.0,-3195.0,20980000.0,53810000.0,100276000.0,idle
155779,31125.0,-8379.0,10004476.0,0.0,-3728.0,-3728.0,20980000.0,53810000.0,100276000.0,idle
155789,21548.0,-10774.0,9992505.0,532.0,-3195.0,-3728.0,20980000.0,53810000.0,100276000.0,idle
155799,22745.0,-10774.0,10000885.0,-532.0,-2663.0,-3728.0,20980000.0,53810000.0,100276000.0,idle
155809,35914.0,-11971.0,9990111.0,-1065.0,-3195.0,-3195.0,20980000.0,53810000.0,100276000.0,idle
155819,37111.0,1197.0,9984125.0,0.0,-4793.0,-3728.0,20980000.0,53810000.0,100276000.0,idle
155829,28731.0,-3591.0,9996096.0,0.0,-5859.0,-3195.0,20980000.0,53810000.0,100276000.0,idle
155839,23942.0,-7182.0,10004476.0,532.0,-5326.0,-2130.0,20980000.0,53810000.0,100276000.0,idle
155849,17957.0,-2394.0,9998491.0,532.0,-3195.0,-1597.0,20980000.0,53810000.0,100276000.0,idle
155859,38308.0,1197.0,9985322.0,0.0,-4261.0,-1597.0,20980000.0,53810000.0,100276000.0,idle
155869,33519.0,-2394.0,9991308.0,532.0,-3728.0,-2130.0,20980000.0,53810000.0,100276000.0,idle
155879,26337.0,-11971.0,10009265.0,1597.0,-4261.0,-2663.0,20980000.0,53810000.0,100276000.0,idle
155889,22745.0,-5985.0,9992505.0,532.0,-4261.0,-2663.0,20980000.0,53810000.0,100276000.0,idle
155899,8379.0,-14365.0,9984125.0,-532.0,-4261.0,-2663.0,20980000.0,53810000.0,100276000.0,idle
155929,28731.0,2394.0,9996096.0,1065.0,-4261.0,-2663.0,20980000.0,53810000.0,100276000.0,idle
155939,21548.0,-5985.0,10008068.0,532.0,-4261.0,-1597.0,20980000.0,53810000.0,100276000.0,idle
155949,27534.0,-3591.0,10016448.0,1597.0,-3728.0,-2663.0,20980000.0,53810000.0,100276000.0,idle
155959,29928.0,2394.0,10012856.0,-532.0,-3195.0,-3728.0,20980000.0,53810000.0,100276000.0,idle
155969,25139.0,-11971.0,9979337.0,0.0,-2663.0,-3728.0,20980000.0,53810000.0,100276000.0,idle
155979,27534.0,-13168.0,9981731.0,-532.0,-4261.0,-4261.0,20980000.0,53810000.0,100276000.0,idle
155989,35914.0,-9577.0,10006871.0,-1065.0,-3728.0,-2663.0,20980000.0,53810000.0,100276000.0,idle
155999,28731.0,-9577.0,10002082.0,-532.0,-3195.0,-3195.0,20980000.0,53810000.0,100276000.0,idle
156009,31125.0,-3591.0,10004476.0,0.0,-3195.0,-2130.0,20980000.0,53810000.0,100276000.0,idle
156019,37111.0,15562.0,9996096.0,532.0,-3728.0,-2663.0,20980000.0,53810000.0,100276000.0,idle
156029,31125.0,-10774.0,9990111.0,-532.0,-3728.0,-3195.0,20980000.0,53810000.0,100276000.0,idle
156039,23942.0,-14365.0,9998491.0,532.0,-5859.0,-2130.0,20980000.0,53810000.0,100276000.0,idle
156049,31125.0,-3591.0,9988914.0,0.0,-4793.0,-2663.0,20980000.0,53810000.0,100276000.0,idle
156059,29928.0,-2394.0,9997294.0,-1065.0,-3195.0,-3728.0,20980000.0,53810000.0,100276000.0,idle
156069,41899.0,-13168.0,10002082.0,532.0,-3728.0,-3195.0,20980000.0,53810000.0,100276000.0,idle
156079,26337.0,-5985.0,10010462.0,-532.0,-4793.0,-3728.0,20980000.0,53810000.0,100276000.0,idle
156089,21548.0,-5985.0,9987717.0,-532.0,-3195.0,-2663.0,20980000.0,53810000.0,100276000.0,idle
156099,34716.0,1197.0,9985322.0,532.0,-3728.0,-2663.0,20980000.0,53810000.0,100276000.0,idle
156109,28731.0,-15562.0,9994899.0,0.0,-4793.0,-3728.0,20980000.0,53810000.0,100276000.0,idle
156119,21548.0,-16759.0,9988914.0,-532.0,-3728.0,-3728.0,20980000.0,53810000.0,100276000.0,idle
156129,26337.0,-8379.0,9997294.0,0.0,-2663.0,-2663.0,20980000.0,53810000.0,100276000.0,idle
156139,34716.0,-1197.0,10010462.0,532.0,-4261.0,-3728.0,20980000.0,53810000.0,100276000.0,idle
156150,43096.0,-13168.0,9999688.0,532.0,-5326.0,-3728.0,20980000.0,53810000.0,100276000.0,idle
156159,20351.0,-4788.0,9994899.0,532.0,-4261.0,-3195.0,20980000.0,53810000.0,100276000.0,idle
156169,16759.0,-16759.0,10010462.0,0.0,-5326.0,-3728.0,20980000.0,53810000.0,100276000.0,idle
156179,33519.0,2394.0,10005674.0,-1065.0,-3728.0,-2663.0,20980000.0,53810000.0,100276000.0,idle
156189,23942.0,-1197.0,10002082.0,-1597.0,-3728.0,-2130.0,20980000.0,53810000.0,100276000.0,idle
156200,25139.0,-13168.0,9991308.0,-532.0,-4261.0,-2663.0,20980000.0,53810000.0,100276000.0,idle
156209,40702.0,-9577.0,9984125.0,532.0,-4261.0,-2663.0,20980000.0,53810000.0,100276000.0,idle
156219,25139.0,-9577.0,10003279.0,0.0,-3728.0,-3195.0,20980000.0,53810000.0,100276000.0,idle
156229,16759.0,-10774.0,9999688.0,532.0,-2130.0,-3728.0,20980000.0,53810000.0,100276000.0,idle
156239,23942.0,-7182.0,9988914.0,0.0,-3728.0,-2663.0,20980000.0,53810000.0,100276000.0,idle
156250,28731.0,-13168.0,9999688.0,-532.0,-3195.0,-3728.0,20980000.0,53810000.0,100276000.0,idle
156259,20351.0,-10774.0,9998491.0,532.0,-3195.0,-3195.0,20970000.0,53799000.0,100274000.0,idle
156269,26337.0,-10774.0,10000885.0,-1065.0,-3195.0,-2663.0,20970000.0,53799000.0,100274000.0,idle
156279,29928.0,-13168.0,9996096.0,-1065.0,-5326.0,-3195.0,20970000.0,53799000.0,100274000.0,idle
156290,25139.0,-5985.0,10003279.0,1065.0,-4793.0,-3728.0,20970000.0,53799000.0,100274000.0,idle
156300,22745.0,-5985.0,9990111.0,1065.0,-3195.0,-3728.0,20970000.0,53799000.0,100274000.0,idle
156310,4788.0,0.0,9972154.0,0.0,-3195.0,-2663.0,20970000.0,53799000.0,100274000.0,idle
156320,37111.0,5985.0,9991308.0,532.0,-4793.0,-1597.0,20970000.0,53799000.0,100274000.0,idle
156330,23942.0,4788.0,10005674.0,1065.0,-4261.0,-2130.0,20970000.0,53799000.0,100274000.0,idle
156340,31125.0,-2394.0,10014054.0,532.0,-2663.0,-3728.0,20970000.0,53799000.0,100274000.0,idle
156350,15562.0,-1197.0,10003279.0,0.0,-3195.0,-2663.0,20970000.0,53799000.0,100274000.0,idle
156360,27534.0,2394.0,9981731.0,0.0,-3728.0,-2130.0,20970000.0,53799000.0,100274000.0,idle
156370,22745.0,-8379.0,9975745.0,0.0,-4261.0,-3728.0,20970000.0,53799000.0,100274000.0,idle
156380,21548.0,-2394.0,9998491.0,0.0,-3195.0,-3195.0,20970000.0,53799000.0,100274000.0,idle
156390,21548.0,-2394.0,9998491.0,0.0,-3195.0,-3195.0,20970000.0,53799000.0,100274000.0,idle
156420,25139.0,-8379.0,10015251.0,0.0,-4793.0,-2130.0,20970000.0,53799000.0,100274000.0,idle
156430,3591.0,2394.0,9998491.0,0.0,-3195.0,-4261.0,20970000.0,53799000.0,100274000.0,idle
156440,28731.0,9577.0,9987717.0,-532.0,-2663.0,-3195.0,20970000.0,53799000.0,100274000.0,idle
156450,43096.0,1197.0,10020039.0,0.0,-3728.0,-3195.0,20970000.0,53799000.0,100274000.0,idle
156460,5985.0,-10774.0,9992505.0,-1597.0,-2663.0,-4793.0,20970000.0,53799000.0,100274000.0,idle
156470,15562.0,-17957.0,9968562.0,-532.0,-1597.0,-3728.0,20970000.0,53799000.0,100274000.0,idle
156480,34716.0,-4788.0,9984125.0,1065.0,-3728.0,-2663.0,20970000.0,53799000.0,100274000.0,idle
156490,37111.0,5985.0,10022434.0,-532.0,-4793.0,-2663.0,20970000.0,53799000.0,100274000.0,idle
156500,25139.0,0.0,10036799.0,-1065.0,-3195.0,-3195.0,20970000.0,53799000.0,100274000.0,idle
156510,20351.0,-7182.0,9998491.0,0.0,-3728.0,-3195.0,20970000.0,53799000.0,100274000.0,idle
156520,32322.0,-8379.0,9963774.0,0.0,-3728.0,-3195.0,20970000.0,53799000.0,100274000.0,idle
156530,35914.0,-3591.0,9969759.0,532.0,-4261.0,-3195.0,20970000.0,53799000.0,100274000.0,idle
156540,15562.0,-3591.0,10004476.0,532.0,-4261.0,-3195.0,20970000.0,53799000.0,100274000.0,idle
156550,17957.0,-4788.0,10009265.0,2130.0,-4793.0,-3195.0,20970000.0,53799000.0,100274000.0,idle
156560,26337.0,2394.0,10018842.0,-532.0,-3195.0,-4261.0,20970000.0,53799000.0,100274000.0,idle
156570,19154.0,13168.0,10005674.0,-532.0,-3728.0,-3728.0,20970000.0,53799000.0,100274000.0,idle
156580,33519.0,-1197.0,9978139.0,-532.0,-3195.0,-3728.0,20970000.0,53799000.0,100274000.0,idle
156590,21548.0,-7182.0,9987717.0,-532.0,-4261.0,-3728.0,20970000.0,53799000.0,100274000.0,idle
156600,34716.0,-9577.0,10011659.0,1597.0,-4793.0,-3195.0,20970000.0,53799000.0,100274000.0,idle
156610,13168.0,5985.0,10012856.0,532.0,-3728.0,-2130.0,20970000.0,53799000.0,100274000.0,idle
156620,9577.0,8379.0,10016448.0,532.0,-4261.0,-2663.0,20970000.0,53799000.0,100274000.0,idle
156630,31125.0,5985.0,10004476.0,0.0,-4261.0,-2663.0,20970000.0,53799000.0,100274000.0,idle
156640,19154.0,-15562.0,9993702.0,0.0,-4261.0,-1597.0,20970000.0,53799000.0,100274000.0,idle
156650,39505.0,-11971.0,9991308.0,-532.0,-4261.0,-3728.0,20970000.0,53799000.0,100274000.0,idle
156660,28731.0,-2394.0,10011659.0,-532.0,-3728.0,-3728.0,20970000.0,53799000.0,100274000.0,idle
156670,17957.0,1197.0,9990111.0,-1065.0,-3195.0,-4261.0,20970000.0,53799000.0,100274000.0,idle
156680,22745.0,-11971.0,9999688.0,532.0,-3195.0,-2130.0,20970000.0,53799000.0,100274000.0,idle
156690,31125.0,2394.0,10002082.0,1597.0,-2663.0,-2663.0,20970000.0,53799000.0,100274000.0,idle
156700,33519.0,-3591.0,10003279.0,532.0,-4793.0,-2663.0,20970000.0,53799000.0,100274000.0,idle
156710,27534.0,-9577.0,10000885.0,-1065.0,-2663.0,-3728.0,20970000.0,53799000.0,100274000.0,idle
156720,28731.0,-5985.0,9993702.0,-1065.0,-3195.0,-3195.0,20970000.0,53799000.0,100274000.0,idle
156730,28731.0,2394.0,9994899.0,0.0,-3728.0,-3728.0,20970000.0,53799000.0,100274000.0,idle
156740,34716.0,0.0,9991308.0,532.0,-3728.0,-2130.0,20970000.0,53799000.0,100274000.0,idle
156750,43096.0,-8379.0,9992505.0,-532.0,-5326.0,-2130.0,20970000.0,53799000.0,100274000.0,idle
156760,19154.0,-8379.0,9994899.0,-532.0,-3728.0,-3195.0,20970000.0,53799000.0,100274000.0,idle
156770,26337.0,-9577.0,9994899.0,532.0,-3195.0,-3728.0,20970000.0,53799000.0,100274000.0,idle
156780,21548.0,-5985.0,9990111.0,1065.0,-4793.0,-2663.0,20970000.0,53799000.0,100274000.0,idle
156790,19154.0,5985.0,9985322.0,1065.0,-3728.0,-3728.0,20970000.0,53799000.0,100274000.0,idle
156801,26337.0,3591.0,9994899.0,532.0,-3195.0,-3195.0,20970000.0,53799000.0,100274000.0,idle
156810,26337.0,-1197.0,10000885.0,-1065.0,-4261.0,-2663.0,20970000.0,53799000.0,100274000.0,idle
156820,31125.0,-8379.0,10017645.0,0.0,-3728.0,-1597.0,20970000.0,53799000.0,100274000.0,idle
156830,33519.0,-2394.0,9998491.0,0.0,-2663.0,-2130.0,20970000.0,53799000.0,100274000.0,idle
156840,16759.0,3591.0,9979337.0,-532.0,-4261.0,-2663.0,20970000.0,53799000.0,100274000.0,idle
156851,14365.0,10774.0,9985322.0,-532.0,-3195.0,-3728.0,20970000.0,53799000.0,100274000.0,idle
156860,27534.0,1197.0,10002082.0,-532.0,-4261.0,-2663.0,20970000.0,53799000.0,100274000.0,idle
156870,32322.0,-16759.0,10002082.0,532.0,-4261.0,-4793.0,20970000.0,53799000.0,100274000.0,idle
156880,25139.0,-5985.0,10012856.0,532.0,-4793.0,-3728.0,20970000.0,53799000.0,100274000.0,idle
156890,13168.0,4788.0,9994899.0,-532.0,-3728.0,-3195.0,20970000.0,53799000.0,100274000.0,idle
156900,22745.0,-3591.0,9993702.0,0.0,-2663.0,-3195.0,20970000.0,53799000.0,100274000.0,idle
156911,27534.0,-8379.0,9988914.0,0.0,-3195.0,-2663.0,20970000.0,53799000.0,100274000.0,idle
156921,19154.0,-4788.0,10004476.0,0.0,-3728.0,-2663.0,20970000.0,53799000.0,100274000.0,idle
156931,22745.0,-16759.0,9997294.0,0.0,-3195.0,-3728.0,20970000.0,53799000.0,100274000.0,idle
156941,39505.0,-13168.0,10003279.0,1597.0,-1597.0,-4793.0,20970000.0,53799000.0,100274000.0,idle
156951,37111.0,8379.0,9991308.0,532.0,-4261.0,-4793.0,20970000.0,53799000.0,100274000.0,idle
156961,28731.0,0.0,9974548.0,532.0,-3728.0,-3728.0,20970000.0,53799000.0,100274000.0,idle
156971,19154.0,-1197.0,9986519.0,532.0,-5326.0,-3195.0,20970000.0,53799000.0,100274000.0,idle
156981,19154.0,1197.0,10000885.0,-532.0,-3728.0,-4793.0,20970000.0,53799000.0,100274000.0,idle
156991,28731.0,-8379.0,9999688.0,-1065.0,-3728.0,-4261.0,20970000.0,53799000.0,100274000.0,idle
157001,8379.0,-2394.0,9994899.0,-532.0,-5326.0,-3728.0,20970000.0,53799000.0,100274000.0,idle
157021,31125.0,-2394.0,9979337.0,-1065.0,-4261.0,-4261.0,20970000.0,53799000.0,100274000.0,idle
157031,39505.0,-5985.0,9997294.0,1065.0,-3728.0,-3195.0,20970000.0,53799000.0,100274000.0,idle
157041,27534.0,-7182.0,9993702.0,1065.0,-5326.0,-2663.0,20970000.0,53799000.0,100274000.0,idle
157051,29928.0,-1197.0,10008068.0,-1065.0,-4793.0,-3728.0,20970000.0,53799000.0,100274000.0,idle
157061,34716.0,-9577.0,9998491.0,-532.0,-3195.0,-2663.0,20970000.0,53799000.0,100274000.0,idle
157071,25139.0,-19154.0,10003279.0,-1065.0,-3195.0,-3195.0,20970000.0,53799000.0,100274000.0,idle
157081,20351.0,-13168.0,9986519.0,532.0,-4261.0,-3195.0,20970000.0,53799000.0,100274000.0,idle
157091,11971.0,-4788.0,9990111.0,-532.0,-4793.0,-3195.0,20970000.0,53799000.0,100274000.0,idle
157101,40702.0,-2394.0,9993702.0,-1065.0,-3728.0,-3195.0,20970000.0,53799000.0,100274000.0,idle
157111,34716.0,4788.0,9985322.0,-532.0,-4261.0,-3195.0,20970000.0,53799000.0,100274000.0,idle
157121,19154.0,-1197.0,9996096.0,532.0,-2130.0,-3195.0,20970000.0,53799000.0,100274000.0,idle
157131,15562.0,1197.0,9980534.0,0.0,-1597.0,-3195.0,20970000.0,53799000.0,100274000.0,idle
157141,33519.0,-3591.0,9988914.0,-532.0,-3195.0,-2663.0,20970000.0,53799000.0,100274000.0,idle
157151,21548.0,-3591.0,10018842.0,0.0,-4261.0,-3195.0,20970000.0,53799000.0,100274000.0,idle
157161,17957.0,15562.0,10009265.0,-532.0,-3728.0,-3728.0,20970000.0,53799000.0,100274000.0,idle
157171,50279.0,1197.0,10008068.0,-1065.0,-3728.0,-4261.0,20970000.0,53799000.0,100274000.0,idle
157181,25139.0,-5985.0,9987717.0,-1065.0,-4261.0,-4261.0,20970000.0,53799000.0,100274000.0,idle
157191,11971.0,-3591.0,10000885.0,1065.0,-2663.0,-3728.0,20970000.0,53799000.0,100274000.0,idle
157201,31125.0,-8379.0,9984125.0,0.0,-3195.0,-3195.0,20970000.0,53799000.0,100274000.0,idle
157211,43096.0,-3591.0,10003279.0,532.0,-4793.0,-2663.0,20970000.0,53799000.0,100274000.0,idle
157221,28731.0,-2394.0,9993702.0,1065.0,-3195.0,-3195.0,20970000.0,53799000.0,100274000.0,idle
157231,21548.0,-1197.0,9990111.0,1065.0,-3195.0,-3728.0,20970000.0,53799000.0,100274000.0,idle
157241,20351.0,1197.0,9985322.0,-1065.0,-3728.0,-3195.0,20970000.0,53799000.0,100274000.0,idle
157251,21548.0,-8379.0,9996096.0,-1597.0,-2663.0,-3728.0,20970000.0,53799000.0,100274000.0,idle
157261,32322.0,8379.0,10000885.0,0.0,-3195.0,-2663.0,20960000.0,53794000.0,100272000.0,idle
157331,31125.0,4788.0,10011659.0,-532.0,-4261.0,-2663.0,20960000.0,53794000.0,100272000.0,idle
157341,25139.0,-14365.0,10004476.0,-532.0,-3728.0,-3195.0,20960000.0,53794000.0,100272000.0,idle
157351,26337.0,-7182.0,9961380.0,532.0,-3195.0,-3195.0,20960000.0,53794000.0,100272000.0,idle
157361,25139.0,3591.0,9992505.0,0.0,-3728.0,-2130.0,20960000.0,53794000.0,100272000.0,idle
157371,16759.0,-4788.0,10012856.0,532.0,-4261.0,-2663.0,20960000.0,53794000.0,100272000.0,idle
157381,14365.0,-2394.0,10021236.0,0.0,-4793.0,-2663.0,20960000.0,53794000.0,100272000.0,idle
157391,33519.0,-5985.0,10004476.0,0.0,-4261.0,-3195.0,20960000.0,53794000.0,100272000.0,idle
157401,16759.0,3591.0,9988914.0,-1065.0,-3728.0,-3195.0,20960000.0,53794000.0,100272000.0,idle
157411,11971.0,0.0,10003279.0,532.0,-2663.0,-3195.0,20960000.0,53794000.0,100272000.0,idle
157421,19154.0,1197.0,9998491.0,532.0,-2130.0,-3195.0,20960000.0,53794000.0,100272000.0,idle
157431,19154.0,7182.0,9999688.0,532.0,-4261.0,-3195.0,20960000.0,53794000.0,100272000.0,idle
157441,28731.0,8379.0,10009265.0,532.0,-4261.0,-3195.0,20960000.0,53794000.0,100272000.0,idle
157481,37111.0,-4788.0,10017645.0,532.0,-4261.0,-2663.0,20960000.0,53794000.0,100272000.0,idle
157491,25139.0,-17957.0,10020039.0,0.0,-4261.0,-3728.0,20960000.0,53794000.0,100272000.0,idle
157502,15562.0,-21548.0,9990111.0,-532.0,-4261.0,-3728.0,20960000.0,53794000.0,100272000.0,idle
157511,44294.0,-2394.0,10003279.0,-1597.0,-4261.0,-3195.0,20960000.0,53794000.0,100272000.0,idle
157522,33519.0,-8379.0,10008068.0,0.0,-3728.0,-3728.0,20960000.0,53794000.0,100272000.0,idle
157532,15562.0,1197.0,10014054.0,-532.0,-3195.0,-3195.0,20960000.0,53794000.0,100272000.0,idle
157542,32322.0,1197.0,9988914.0,-532.0,-2130.0,-2663.0,20960000.0,53794000.0,100272000.0,idle
157552,22745.0,-8379.0,9980534.0,-532.0,-3195.0,-4261.0,20960000.0,53794000.0,100272000.0,idle
157562,26337.0,-8379.0,9990111.0,0.0,-3195.0,-3728.0,20960000.0,53794000.0,100272000.0,idle
157572,34716.0,-5985.0,10003279.0,-532.0,-4261.0,-2130.0,20960000.0,53794000.0,100272000.0,idle
157582,38308.0,4788.0,9998491.0,532.0,-4793.0,-2130.0,20960000.0,53794000.0,100272000.0,idle
157592,43096.0,17957.0,10027222.0,1065.0,-5326.0,-3195.0,20960000.0,53794000.0,100272000.0,idle
157602,14365.0,-7182.0,9991308.0,-1065.0,-1597.0,-3195.0,20960000.0,53794000.0,100272000.0,idle
157612,31125.0,2394.0,9962577.0,1065.0,-3728.0,-3195.0,20960000.0,53794000.0,100272000.0,idle
157622,28731.0,0.0,9982928.0,532.0,-4261.0,-3728.0,20960000.0,53794000.0,100272000.0,idle
157632,20351.0,-5985.0,10028419.0,1065.0,-5326.0,-2663.0,20960000.0,53794000.0,100272000.0,idle
157642,25139.0,0.0,10026025.0,0.0,-4261.0,-2663.0,20960000.0,53794000.0,100272000.0,idle
157652,17957.0,-8379.0,10002082.0,-532.0,-2663.0,-3728.0,20960000.0,53794000.0,100272000.0,idle
157662,23942.0,-15562.0,10006871.0,-532.0,-3195.0,-4793.0,20960000.0,53794000.0,100272000.0,idle
157672,23942.0,10774.0,9986519.0,-532.0,-3728.0,-3195.0,20960000.0,53794000.0,100272000.0,idle
157682,11971.0,-11971.0,9976942.0,0.0,-2663.0,-3195.0,20960000.0,53794000.0,100272000.0,idle
157692,32322.0,-2394.0,10006871.0,1065.0,-3728.0,-2130.0,20960000.0,53794000.0,100272000.0,idle
157702,46688.0,2394.0,10010462.0,1597.0,-4261.0,-2663.0,20960000.0,53794000.0,100272000.0,idle
157712,35914.0,13168.0,10000885.0,-1597.0,-3195.0,-3195.0,20960000.0,53794000.0,100272000.0,idle
157722,19154.0,-3591.0,9973351.0,-1065.0,-3728.0,-2663.0,20960000.0,53794000.0,100272000.0,idle
157732,20351.0,-13168.0,9991308.0,-1065.0,-3195.0,-3728.0,20960000.0,53794000.0,100272000.0,idle
157742,27534.0,-10774.0,9988914.0,532.0,-4261.0,-3195.0,20960000.0,53794000.0,100272000.0,idle
157752,25139.0,1197.0,10002082.0,0.0,-4261.0,-2130.0,20960000.0,53794000.0,100272000.0,idle
157762,20351.0,3591.0,9984125.0,-532.0,-4261.0,-2663.0,20960000.0,53794000.0,100272000.0,idle
157772,25139.0,-2394.0,10010462.0,0.0,-5326.0,-3728.0,20960000.0,53794000.0,100272000.0,idle
157782,16759.0,1197.0,10020039.0,0.0,-3728.0,-2663.0,20960000.0,53794000.0,100272000.0,idle
157792,19154.0,-1197.0,10011659.0,0.0,-3728.0,-2663.0,20960000.0,53794000.0,100272000.0,idle
157802,15562.0,-4788.0,9980534.0,0.0,-4261.0,-2663.0,20960000.0,53794000.0,100272000.0,idle
157812,14365.0,-14365.0,9986519.0,532.0,-3728.0,-4261.0,20960000.0,53794000.0,100272000.0,idle
157822,20351.0,-3591.0,9994899.0,0.0,-4261.0,-2663.0,20960000.0,53794000.0,100272000.0,idle
157832,33519.0,-2394.0,9994899.0,1065.0,-3728.0,-2663.0,20960000.0,53794000.0,100272000.0,idle
157842,29928.0,-16759.0,9988914.0,1065.0,-3728.0,-3728.0,20960000.0,53794000.0,100272000.0,idle
157852,33519.0,-2394.0,9997294.0,1065.0,-2663.0,-3195.0,20960000.0,53794000.0,100272000.0,idle
157862,33519.0,-2394.0,10015251.0,0.0,-2663.0,-2663.0,20960000.0,53794000.0,100272000.0,idle
157872,29928.0,2394.0,10002082.0,-532.0,-4261.0,-3195.0,20960000.0,53794000.0,100272000.0,idle
157882,16759.0,0.0,10000885.0,0.0,-3195.0,-2663.0,20960000.0,53794000.0,100272000.0,idle
157892,38308.0,1197.0,9985322.0,0.0,-4261.0,-3728.0,20960000.0,53794000.0,100272000.0,idle
157902,16759.0,1197.0,9980534.0,-532.0,-3728.0,-3195.0,20960000.0,53794000.0,100272000.0,idle
157912,11971.0,-7182.0,9991308.0,0.0,-5326.0,-3195.0,20960000.0,53794000.0,100272000.0,idle
157922,23942.0,-3591.0,10005674.0,0.0,-5859.0,-1597.0,20960000.0,53794000.0,100272000.0,idle
157932,38308.0,-2394.0,9999688.0,0.0,-3728.0,-2130.0,20960000.0,53794000.0,100272000.0,idle
157942,45491.0,-1197.0,9996096.0,1065.0,-4793.0,-3195.0,20960000.0,53794000.0,100272000.0,idle
157952,49082.0,0.0,9982928.0,0.0,-4261.0,-3728.0,20960000.0,53794000.0,100272000.0,idle
157962,31125.0,-7182.0,9985322.0,0.0,-2663.0,-3195.0,20960000.0,53794000.0,100272000.0,idle
157972,13168.0,-8379.0,9999688.0,532.0,-3195.0,-2663.0,20960000.0,53794000.0,100272000.0,idle
157982,39505.0,-10774.0,9990111.0,532.0,-5326.0,-2130.0,20960000.0,53794000.0,100272000.0,idle
157992,21548.0,-2394.0,9976942.0,-532.0,-3728.0,-2130.0,20960000.0,53794000.0,100272000.0,idle
158003,22745.0,-8379.0,9982928.0,-1065.0,-3728.0,-3195.0,20960000.0,53794000.0,100272000.0,idle
158012,35914.0,0.0,9976942.0,0.0,-3728.0,-4793.0,20960000.0,53794000.0,100272000.0,idle
158022,35914.0,-7182.0,10016448.0,-532.0,-3728.0,-5326.0,20960000.0,53794000.0,100272000.0,idle
158032,32322.0,-5985.0,10006871.0,532.0,-3728.0,-3195.0,20960000.0,53794000.0,100272000.0,idle
158042,35914.0,-3591.0,9993702.0,0.0,-5326.0,-2663.0,20960000.0,53794000.0,100272000.0,idle
158053,17957.0,-7182.0,9993702.0,-532.0,-4793.0,-2663.0,20960000.0,53794000.0,100272000.0,idle
158062,8379.0,-10774.0,9996096.0,0.0,-3195.0,-3728.0,20960000.0,53794000.0,100272000.0,idle
158072,40702.0,-4788.0,10004476.0,0.0,-3195.0,-2663.0,20960000.0,53794000.0,100272000.0,idle
158082,27534.0,-2394.0,9994899.0,-1065.0,-2663.0,-4261.0,20960000.0,53794000.0,100272000.0,idle
158092,32322.0,-3591.0,9994899.0,-1065.0,-2130.0,-4261.0,20960000.0,53794000.0,100272000.0,idle
158103,25139.0,-1197.0,9986519.0,-1065.0,-3195.0,-3195.0,20960000.0,53794000.0,100272000.0,idle
158112,22745.0,8379.0,10006871.0,-532.0,-3728.0,-3195.0,20960000.0,53794000.0,100272000.0,idle
158122,37111.0,-1197.0,10003279.0,532.0,-4793.0,-3728.0,20960000.0,53794000.0,100272000.0,idle
158132,27534.0,0.0,9996096.0,532.0,-4261.0,-3195.0,20960000.0,53794000.0,100272000.0,idle
158142,34716.0,2394.0,9994899.0,532.0,-4793.0,-3195.0,20960000.0,53794000.0,100272000.0,idle
158153,17957.0,-3591.0,10002082.0,0.0,-5326.0,-3728.0,20960000.0,53794000.0,100272000.0,idle
158163,21548.0,10774.0,9984125.0,532.0,-3195.0,-3728.0,20960000.0,53794000.0,100272000.0,idle
158173,29928.0,-7182.0,9982928.0,532.0,-2663.0,-4261.0,20960000.0,53794000.0,100272000.0,idle
158183,38308.0,-10774.0,10004476.0,0.0,-2663.0,-3195.0,20960000.0,53794000.0,100272000.0,idle
158193,27534.0,0.0,10003279.0,0.0,-3195.0,-3195.0,20960000.0,53794000.0,100272000.0,idle
158203,26337.0,13168.0,10005674.0,-532.0,-4261.0,-3728.0,20960000.0,53794000.0,100272000.0,idle
158213,20351.0,-14365.0,9993702.0,-1065.0,-3728.0,-2663.0,20960000.0,53794000.0,100272000.0,idle
158223,23942.0,-3591.0,9997294.0,-1065.0,-2130.0,-3728.0,20960000.0,53794000.0,100272000.0,idle
158233,20351.0,4788.0,9991308.0,-532.0,-4261.0,-3728.0,20960000.0,53794000.0,100272000.0,idle
158243,17957.0,-9577.0,10014054.0,1065.0,-4261.0,-2130.0,20960000.0,53794000.0,100272000.0,idle
158253,32322.0,-8379.0,10002082.0,1597.0,-5326.0,-2130.0,20960000.0,53794000.0,100272000.0,idle
158263,29928.0,5985.0,9991308.0,1597.0,-4793.0,-3728.0,20950000.0,53758000.0,100272000.0,idle
158273,35914.0,-1197.0,9999688.0,0.0,-3728.0,-3728.0,20950000.0,53758000.0,100272000.0,idle
158283,34716.0,-8379.0,9996096.0,-532.0,-2663.0,-4261.0,20950000.0,53758000.0,100272000.0,idle
158293,34716.0,-3591.0,10005674.0,-1597.0,-3728.0,-2663.0,20950000.0,53758000.0,100272000.0,idle
158303,29928.0,-10774.0,9994899.0,0.0,-3728.0,-3195.0,20950000.0,53758000.0,100272000.0,idle
158313,17957.0,-1197.0,9986519.0,0.0,-3728.0,-2663.0,20950000.0,53758000.0,100272000.0,idle
158383,0.0,-1197.0,10005674.0,1597.0,-3728.0,-1597.0,20950000.0,53758000.0,100272000.0,idle
158393,28731.0,-7182.0,10005674.0,-532.0,-4261.0,-2130.0,20950000.0,53758000.0,100272000.0,idle
158403,32322.0,-19154.0,9990111.0,-1065.0,-2663.0,-3728.0,20950000.0,53758000.0,100272000.0,idle
158413,35914.0,-8379.0,9979337.0,532.0,-3195.0,-3195.0,20950000.0,53758000.0,100272000.0,idle
158423,14365.0,10774.0,9992505.0,1065.0,-4261.0,-2663.0,20950000.0,53758000.0,100272000.0,idle
158433,9577.0,9577.0,9978139.0,532.0,-4261.0,-3195.0,20950000.0,53758000.0,100272000.0,idle
158443,20351.0,3591.0,9990111.0,-532.0,-3195.0,-3728.0,20950000.0,53758000.0,100272000.0,idle
158453,28731.0,-5985.0,9993702.0,0.0,-3195.0,-3728.0,20950000.0,53758000.0,100272000.0,idle
158463,44294.0,-9577.0,10000885.0,1065.0,-3195.0,-2663.0,20950000.0,53758000.0,100272000.0,idle
158473,40702.0,1197.0,10000885.0,532.0,-3195.0,-3728.0,20950000.0,53758000.0,100272000.0,idle
158483,32322.0,-9577.0,10014054.0,-532.0,-4261.0,-2130.0,20950000.0,53758000.0,100272000.0,idle
158493,21548.0,-2394.0,10005674.0,0.0,-3195.0,-1065.0,20950000.0,53758000.0,100272000.0,idle
158503,27534.0,-2394.0,9987717.0,532.0,-2663.0,-3728.0,20950000.0,53758000.0,100272000.0,idle
158513,31125.0,3591.0,9996096.0,-532.0,-3728.0,-2663.0,20950000.0,53758000.0,100272000.0,idle
158523,31125.0,3591.0,9996096.0,-532.0,-3728.0,-2663.0,20950000.0,53758000.0,100272000.0,idle
158533,26337.0,-2394.0,9998491.0,-1065.0,-3728.0,-2663.0,20950000.0,53758000.0,100272000.0,idle
158543,20351.0,5985.0,10000885.0,0.0,-3728.0,-3195.0,20950000.0,53758000.0,100272000.0,idle
158553,27534.0,4788.0,9985322.0,0.0,-4793.0,-2663.0,20950000.0,53758000.0,100272000.0,idle
158563,39505.0,0.0,9998491.0,532.0,-4261.0,-3195.0,20950000.0,53758000.0,100272000.0,idle
158573,20351.0,-11971.0,9991308.0,532.0,-2663.0,-3728.0,20950000.0,53758000.0,100272000.0,idle
158583,23942.0,7182.0,9984125.0,0.0,-3728.0,-2130.0,20950000.0,53758000.0,100272000.0,idle
158593,34716.0,4788.0,9996096.0,0.0,-3728.0,-2663.0,20950000.0,53758000.0,100272000.0,idle
158603,27534.0,1197.0,10009265.0,-532.0,-3728.0,-2130.0,20950000.0,53758000.0,100272000.0,idle
158613,15562.0,-1197.0,10003279.0,0.0,-3195.0,-2663.0,20950000.0,53758000.0,100272000.0,idle
158623,31125.0,-10774.0,9992505.0,1065.0,-3728.0,-2663.0,20950000.0,53758000.0,100272000.0,idle
158633,22745.0,-7182.0,9996096.0,532.0,-3195.0,-2663.0,20950000.0,53758000.0,100272000.0,idle
158643,40702.0,4788.0,10002082.0,0.0,-3728.0,-3195.0,20950000.0,53758000.0,100272000.0,idle
158654,33519.0,-5985.0,9997294.0,1065.0,-3195.0,-3195.0,20950000.0,53758000.0,100272000.0,idle
158663,15562.0,-14365.0,10015251.0,0.0,-4261.0,-3195.0,20950000.0,53758000.0,100272000.0,idle
158673,28731.0,-1197.0,10004476.0,0.0,-4261.0,-1597.0,20950000.0,53758000.0,100272000.0,idle
158683,33519.0,-4788.0,9987717.0,532.0,-4261.0,-3195.0,20950000.0,53758000.0,100272000.0,idle
158693,32322.0,4788.0,9994899.0,0.0,-3728.0,-3195.0,20950000.0,53758000.0,100272000.0,idle
158704,20351.0,-7182.0,10005674.0,0.0,-3728.0,-2663.0,20950000.0,53758000.0,100272000.0,idle
158713,26337.0,-10774.0,9999688.0,0.0,-4261.0,-2663.0,20950000.0,53758000.0,100272000.0,idle
158723,21548.0,-2394.0,9994899.0,-532.0,-3195.0,-2663.0,20950000.0,53758000.0,100272000.0,idle
158733,34716.0,0.0,9988914.0,-532.0,-3195.0,-1065.0,20950000.0,53758000.0,100272000.0,idle
158743,23942.0,-13168.0,9981731.0,0.0,-3195.0,-1597.0,20950000.0,53758000.0,100272000.0,idle
158753,28731.0,-7182.0,10002082.0,-532.0,-3195.0,-4261.0,20950000.0,53758000.0,100272000.0,idle
158763,27534.0,-5985.0,9997294.0,-1065.0,-3728.0,-4261.0,20950000.0,53758000.0,100272000.0,idle
158773,20351.0,-8379.0,10002082.0,532.0,-3728.0,-2663.0,20950000.0,53758000.0,100272000.0,idle
158783,25139.0,4788.0,9981731.0,532.0,-3728.0,-4261.0,20950000.0,53758000.0,100272000.0,idle
158794,22745.0,8379.0,9998491.0,-1065.0,-4261.0,-3728.0,20950000.0,53758000.0,100272000.0,idle
158804,29928.0,3591.0,10010462.0,0.0,-3728.0,-3195.0,20950000.0,53758000.0,100272000.0,idle
158814,32322.0,-11971.0,10015251.0,0.0,-3728.0,-2663.0,20950000.0,53758000.0,100272000.0,idle
158824,32322.0,-8379.0,10005674.0,0.0,-5326.0,-3195.0,20950000.0,53758000.0,100272000.0,idle
158834,17957.0,-5985.0,9994899.0,0.0,-3728.0,-4261.0,20950000.0,53758000.0,100272000.0,idle
158844,25139.0,-1197.0,9986519.0,0.0,-3728.0,-3195.0,20950000.0,53758000.0,100272000.0,idle
158854,29928.0,-11971.0,9994899.0,-1065.0,-3728.0,-3728.0,20950000.0,53758000.0,100272000.0,idle
158864,37111.0,3591.0,9998491.0,0.0,-4261.0,-2663.0,20950000.0,53758000.0,100272000.0,idle
158874,29928.0,-5985.0,9992505.0,1065.0,-3195.0,-3728.0,20950000.0,53758000.0,100272000.0,idle
158884,29928.0,-4788.0,9996096.0,532.0,-2663.0,-3728.0,20950000.0,53758000.0,100272000.0,idle
158894,29928.0,-3591.0,10006871.0,-532.0,-3728.0,-2130.0,20950000.0,53758000.0,100272000.0,idle
158904,26337.0,9577.0,10000885.0,0.0,-3728.0,-2663.0,20950000.0,53758000.0,100272000.0,idle
158914,28731.0,-11971.0,10002082.0,0.0,-3195.0,-2663.0,20950000.0,53758000.0,100272000.0,idle
158924,29928.0,-9577.0,10020039.0,-532.0,-4261.0,-2663.0,20950000.0,53758000.0,100272000.0,idle
158934,33519.0,-1197.0,9997294.0,0.0,-5859.0,-2130.0,20950000.0,53758000.0,100272000.0,idle
158944,27534.0,-7182.0,9990111.0,-1065.0,-5326.0,-2663.0,20950000.0,53758000.0,100272000.0,idle
158954,16759.0,-15562.0,10008068.0,0.0,-3728.0,-2663.0,20950000.0,53758000.0,100272000.0,idle
158964,32322.0,-7182.0,9982928.0,0.0,-3195.0,-4261.0,20950000.0,53758000.0,100272000.0,idle
158974,41899.0,-3591.0,9988914.0,-1597.0,-3195.0,-3195.0,20950000.0,53758000.0,100272000.0,idle
158984,25139.0,-1197.0,9978139.0,-532.0,-3728.0,-1597.0,20950000.0,53758000.0,100272000.0,idle
158994,28731.0,-7182.0,9973351.0,0.0,-3728.0,-2663.0,20950000.0,53758000.0,100272000.0,idle
159004,21548.0,3591.0,9996096.0,0.0,-3728.0,-3728.0,20950000.0,53758000.0,100272000.0,idle
159014,19154.0,-1197.0,9998491.0,532.0,-4261.0,-3728.0,20950000.0,53758000.0,100272000.0,idle
159024,27534.0,2394.0,9999688.0,1597.0,-4261.0,-4261.0,20950000.0,53758000.0,100272000.0,idle
159034,19154.0,-2394.0,10006871.0,0.0,-4793.0,-3195.0,20950000.0,53758000.0,100272000.0,idle
159044,26337.0,2394.0,10017645.0,-532.0,-3195.0,-2663.0,20950000.0,53758000.0,100272000.0,idle
159054,27534.0,-9577.0,9987717.0,1065.0,-4793.0,-2663.0,20950000.0,53758000.0,100272000.0,idle
159064,25139.0,-2394.0,10002082.0,0.0,-3195.0,-3728.0,20950000.0,53758000.0,100272000.0,idle
159074,34716.0,-8379.0,9996096.0,-1065.0,-4261.0,-2130.0,20950000.0,53758000.0,100272000.0,idle
159084,22745.0,-14365.0,9993702.0,0.0,-3728.0,-2130.0,20950000.0,53758000.0,100272000.0,idle
159094,22745.0,-2394.0,9994899.0,532.0,-3728.0,-3195.0,20950000.0,53758000.0,100272000.0,idle
159104,28731.0,-3591.0,10005674.0,0.0,-4261.0,-2663.0,20950000.0,53758000.0,100272000.0,idle
159114,33519.0,-14365.0,9994899.0,-1065.0,-2663.0,-2663.0,20950000.0,53758000.0,100272000.0,idle
159124,28731.0,-1197.0,9993702.0,-532.0,-3728.0,-3195.0,20950000.0,53758000.0,100272000.0,idle
159134,20351.0,3591.0,9991308.0,-1597.0,-4793.0,-3728.0,20950000.0,53758000.0,100272000.0,idle
159144,38308.0,-8379.0,10002082.0,532.0,-4261.0,-2663.0,20950000.0,53758000.0,100272000.0,idle
159154,25139.0,-9577.0,9991308.0,532.0,-5859.0,-2663.0,20950000.0,53758000.0,100272000.0,idle
159164,17957.0,4788.0,9996096.0,-2130.0,-4261.0,-3728.0,20950000.0,53758000.0,100272000.0,idle
159174,22745.0,-11971.0,9994899.0,0.0,-3195.0,-3195.0,20950000.0,53758000.0,100272000.0,idle
159184,32322.0,-1197.0,10003279.0,1065.0,-4261.0,-2663.0,20950000.0,53758000.0,100272000.0,idle
159194,27534.0,1197.0,10000885.0,532.0,-4793.0,-2663.0,20950000.0,53758000.0,100272000.0,idle
159204,22745.0,-4788.0,9999688.0,0.0,-3195.0,-3728.0,20950000.0,53758000.0,100272000.0,idle
159214,27534.0,-21548.0,10003279.0,532.0,-4261.0,-2663.0,20950000.0,53758000.0,100272000.0,idle
159224,14365.0,-17957.0,10003279.0,0.0,-4261.0,-2663.0,20950000.0,53758000.0,100272000.0,idle
159234,9577.0,-27534.0,9992505.0,-532.0,-3728.0,-2663.0,20950000.0,53758000.0,100272000.0,idle
159244,22745.0,-1197.0,9979337.0,1065.0,-3728.0,-3728.0,20950000.0,53758000.0,100272000.0,idle
159254,28731.0,3591.0,9986519.0,532.0,-4793.0,-2663.0,20950000.0,53758000.0,100272000.0,idle
159264,27534.0,0.0,9985322.0,-1065.0,-5326.0,-3195.0,20940000.0,53756000.0,100272000.0,idle
159274,27534.0,3591.0,10006871.0,532.0,-4793.0,-2663.0,20940000.0,53756000.0,100272000.0,idle
159284,33519.0,-14365.0,10009265.0,0.0,-3728.0,-2663.0,20940000.0,53756000.0,100272000.0,idle
159294,34716.0,-19154.0,10011659.0,0.0,-2663.0,-3195.0,20940000.0,53756000.0,100272000.0,idle
159305,22745.0,-2394.0,10014054.0,532.0,-3728.0,-2130.0,20940000.0,53756000.0,100272000.0,idle
159314,8379.0,-2394.0,9997294.0,0.0,-3728.0,-1597.0,20940000.0,53756000.0,100272000.0,idle
159324,17957.0,4788.0,9975745.0,-532.0,-3728.0,-2663.0,20940000.0,53756000.0,100272000.0,idle
159334,26337.0,0.0,10011659.0,-1065.0,-4261.0,-3195.0,20940000.0,53756000.0,100272000.0,idle
159344,40702.0,-13168.0,10006871.0,0.0,-2663.0,-2663.0,20940000.0,53756000.0,100272000.0,idle
159355,22745.0,-3591.0,9988914.0,-532.0,-4261.0,-3195.0,20940000.0,53756000.0,100272000.0,idle
159364,26337.0,-9577.0,9998491.0,532.0,-4793.0,-2663.0,20940000.0,53756000.0,100272000.0,idle
159374,25139.0,-3591.0,10000885.0,0.0,-3195.0,-1597.0,20940000.0,53756000.0,100272000.0,idle
159384,17957.0,3591.0,10004476.0,-532.0,-2663.0,-2663.0,20940000.0,53756000.0,100272000.0,idle
159394,16759.0,-4788.0,10000885.0,-1065.0,-3728.0,-3195.0,20940000.0,53756000.0,100272000.0,idle
159405,35914.0,-14365.0,9998491.0,-532.0,-3728.0,-1597.0,20940000.0,53756000.0,100272000.0,idle
159415,7182.0,-14365.0,9999688.0,532.0,-3195.0,-1597.0,20940000.0,53756000.0,100272000.0,idle
159425,16759.0,-11971.0,10006871.0,532.0,-5326.0,-3195.0,20940000.0,53756000.0,100272000.0,idle
159435,33519.0,7182.0,10011659.0,-1065.0,-3728.0,-3728.0,20940000.0,53756000.0,100272000.0,idle
159445,20351.0,2394.0,10015251.0,-532.0,-3728.0,-2663.0,20940000.0,53756000.0,100272000.0,idle
159455,34716.0,-13168.0,10008068.0,-1065.0,-2663.0,-2663.0,20940000.0,53756000.0,100272000.0,idle
159465,17957.0,-2394.0,9999688.0,0.0,-3195.0,-3195.0,20940000.0,53756000.0,100272000.0,idle
159475,35914.0,1197.0,9985322.0,0.0,-4261.0,-3728.0,20940000.0,53756000.0,100272000.0,idle
159485,15562.0,13168.0,9991308.0,532.0,-3728.0,-4261.0,20940000.0,53756000.0,100272000.0,idle
159495,19154.0,8379.0,10006871.0,0.0,-5859.0,-3195.0,20940000.0,53756000.0,100272000.0,idle
159505,25139.0,16759.0,10002082.0,0.0,-4261.0,-3195.0,20940000.0,53756000.0,100272000.0,idle
159515,32322.0,-5985.0,10000885.0,-532.0,-4261.0,-2130.0,20940000.0,53756000.0,100272000.0,idle
159525,31125.0,-9577.0,10000885.0,0.0,-3728.0,-4793.0,20940000.0,53756000.0,100272000.0,idle
159535,16759.0,2394.0,10002082.0,0.0,-3728.0,-3728.0,20940000.0,53756000.0,100272000.0,idle
159545,17957.0,-4788.0,10012856.0,1065.0,-3728.0,-2663.0,20940000.0,53756000.0,100272000.0,idle
159555,25139.0,-14365.0,10005674.0,-532.0,-3728.0,-4261.0,20940000.0,53756000.0,100272000.0,idle
159565,22745.0,-14365.0,9999688.0,-532.0,-4261.0,-3195.0,20940000.0,53756000.0,100272000.0,idle
159575,16759.0,3591.0,9996096.0,-1065.0,-3195.0,-2663.0,20940000.0,53756000.0,100272000.0,idle
159585,16759.0,3591.0,9996096.0,-1065.0,-3195.0,-2663.0,20940000.0,53756000.0,100272000.0,idle
159595,21548.0,-10774.0,9979337.0,0.0,-3195.0,-3195.0,20940000.0,53756000.0,100272000.0,idle
159605,16759.0,4788.0,9994899.0,532.0,-3195.0,-3728.0,20940000.0,53756000.0,100272000.0,idle
159615,16759.0,-3591.0,10004476.0,1597.0,-4261.0,-3728.0,20940000.0,53756000.0,100272000.0,idle
159625,20351.0,-7182.0,9992505.0,-532.0,-4793.0,-4793.0,20940000.0,53756000.0,100272000.0,idle
159635,25139.0,8379.0,9982928.0,0.0,-3728.0,-2130.0,20940000.0,53756000.0,100272000.0,idle
159645,21548.0,-9577.0,10003279.0,532.0,-4261.0,-2663.0,20940000.0,53756000.0,100272000.0,idle
159655,13168.0,-3591.0,9985322.0,0.0,-3728.0,-3728.0,20940000.0,53756000.0,100272000.0,idle
159665,39505.0,-4788.0,10003279.0,-532.0,-3728.0,-4261.0,20940000.0,53756000.0,100272000.0,idle
159675,23942.0,-11971.0,9986519.0,532.0,-4793.0,-2130.0,20940000.0,53756000.0,100272000.0,idle
159685,15562.0,-11971.0,9988914.0,532.0,-3195.0,-3728.0,20940000.0,53756000.0,100272000.0,idle
159695,29928.0,0.0,10002082.0,532.0,-2663.0,-3195.0,20940000.0,53756000.0,100272000.0,idle
159705,19154.0,7182.0,9994899.0,532.0,-4793.0,-2130.0,20940000.0,53756000.0,100272000.0,idle
159715,5985.0,-1197.0,10011659.0,1065.0,-4261.0,-2130.0,20940000.0,53756000.0,100272000.0,idle
159725,27534.0,1197.0,10011659.0,532.0,-3195.0,-2663.0,20940000.0,53756000.0,100272000.0,idle
159735,14365.0,-1197.0,9976942.0,-532.0,-3195.0,-3195.0,20940000.0,53756000.0,100272000.0,idle
159745,15562.0,-13168.0,10009265.0,532.0,-4261.0,-4261.0,20940000.0,53756000.0,100272000.0,idle
159755,33519.0,-5985.0,10029616.0,1065.0,-4793.0,-2663.0,20940000.0,53756000.0,100272000.0,idle
159765,35914.0,-5985.0,10015251.0,0.0,-2663.0,-3195.0,20940000.0,53756000.0,100272000.0,idle
159775,38308.0,-9577.0,10003279.0,-532.0,-3195.0,-3728.0,20940000.0,53756000.0,100272000.0,idle
159785,31125.0,-5985.0,9991308.0,-532.0,-3195.0,-3195.0,20940000.0,53756000.0,100272000.0,idle
159795,25139.0,-4788.0,9976942.0,532.0,-3728.0,-3195.0,20940000.0,53756000.0,100272000.0,idle
159805,26337.0,-4788.0,9991308.0,0.0,-4793.0,-1597.0,20940000.0,53756000.0,100272000.0,idle
159815,25139.0,-10774.0,10016448.0,-532.0,-4261.0,-2663.0,20940000.0,53756000.0,100272000.0,idle
159825,31125.0,-7182.0,10004476.0,0.0,-2663.0,-3195.0,20940000.0,53756000.0,100272000.0,idle
159835,14365.0,-2394.0,10002082.0,0.0,-3728.0,-3728.0,20940000.0,53756000.0,100272000.0,idle
159845,14365.0,5985.0,9985322.0,0.0,-4793.0,-2663.0,20940000.0,53756000.0,100272000.0,idle
159855,11971.0,7182.0,9990111.0,2130.0,-3728.0,-3195.0,20940000.0,53756000.0,100272000.0,idle
159865,38308.0,-7182.0,10016448.0,1065.0,-4793.0,-3195.0,20940000.0,53756000.0,100272000.0,idle
159875,43096.0,8379.0,10009265.0,1065.0,-4793.0,-2663.0,20940000.0,53756000.0,100272000.0,idle
159885,17957.0,-2394.0,9984125.0,-532.0,-4261.0,-2130.0,20940000.0,53756000.0,100272000.0,idle
159895,22745.0,1197.0,9982928.0,-1065.0,-2130.0,-3728.0,20940000.0,53756000.0,100272000.0,idle
159905,32322.0,-2394.0,9963774.0,0.0,-3728.0,-3195.0,20940000.0,53756000.0,100272000.0,idle
159915,26337.0,10774.0,10003279.0,1065.0,-4261.0,-2663.0,20940000.0,53756000.0,100272000.0,idle
159925,19154.0,-2394.0,10015251.0,-532.0,-3195.0,-3728.0,20940000.0,53756000.0,100272000.0,idle
159935,23942.0,-11971.0,10021236.0,-1597.0,-3195.0,-4261.0,20940000.0,53756000.0,100272000.0,idle
159945,28731.0,-4788.0,9987717.0,0.0,-3195.0,-4793.0,20940000.0,53756000.0,100272000.0,idle
159956,34716.0,3591.0,9974548.0,0.0,-3728.0,-2130.0,20940000.0,53756000.0,100272000.0,idle
159965,29928.0,2394.0,10002082.0,2130.0,-2130.0,-1597.0,20940000.0,53756000.0,100272000.0,idle
159975,19154.0,9577.0,10015251.0,1597.0,-3195.0,-4793.0,20940000.0,53756000.0,100272000.0,idle
159985,26337.0,11971.0,10020039.0,1065.0,-3728.0,-4261.0,20940000.0,53756000.0,100272000.0,idle
159995,25139.0,7182.0,9990111.0,-1065.0,-2663.0,-3728.0,20940000.0,53756000.0,100272000.0,idle
160005,33519.0,-14365.0,9994899.0,-532.0,-4261.0,-3195.0,20940000.0,53756000.0,100272000.0,idle
160015,16759.0,-3591.0,9968562.0,0.0,-5326.0,-2130.0,20940000.0,53756000.0,100272000.0,idle
160026,27534.0,3591.0,10004476.0,-532.0,-4261.0,-2130.0,20940000.0,53756000.0,100272000.0,idle
160036,22745.0,-5985.0,10011659.0,-532.0,-2663.0,-3195.0,20940000.0,53756000.0,100272000.0,idle
160046,31125.0,-4788.0,9994899.0,-532.0,-3195.0,-3195.0,20940000.0,53756000.0,100272000.0,idle
160056,28731.0,-4788.0,9992505.0,-532.0,-4261.0,-2663.0,20940000.0,53756000.0,100272000.0,idle
160066,25139.0,8379.0,10010462.0,-532.0,-4793.0,-2663.0,20940000.0,53756000.0,100272000.0,idle
160076,38308.0,-8379.0,10002082.0,532.0,-3195.0,-2130.0,20940000.0,53756000.0,100272000.0,idle
160086,11971.0,2394.0,10026025.0,0.0,-2130.0,-2663.0,20940000.0,53756000.0,100272000.0,idle
160096,16759.0,1197.0,9991308.0,532.0,-3728.0,-3728.0,20940000.0,53756000.0,100272000.0,idle
160106,32322.0,-2394.0,9978139.0,-532.0,-4261.0,-2663.0,20940000.0,53756000.0,100272000.0,idle
160116,31125.0,-9577.0,9980534.0,532.0,-5326.0,-1597.0,20940000.0,53756000.0,100272000.0,idle
160126,35914.0,-10774.0,10009265.0,532.0,-5326.0,-4261.0,20940000.0,53756000.0,100272000.0,idle
160136,29928.0,2394.0,10006871.0,1597.0,-3728.0,-3195.0,20940000.0,53756000.0,100272000.0,idle
160146,17957.0,-2394.0,9979337.0,0.0,-3195.0,-2663.0,20940000.0,53756000.0,100272000.0,idle
160156,44294.0,-2394.0,10003279.0,0.0,-3195.0,-2663.0,20940000.0,53756000.0,100272000.0,idle
160166,34716.0,-9577.0,9990111.0,1597.0,-4261.0,-3195.0,20940000.0,53756000.0,100272000.0,idle
160176,16759.0,-13168.0,9990111.0,532.0,-5326.0,-2663.0,20940000.0,53756000.0,100272000.0,idle
160186,17957.0,-11971.0,10008068.0,532.0,-4793.0,-3728.0,20940000.0,53756000.0,100272000.0,idle
160196,21548.0,5985.0,10006871.0,0.0,-3195.0,-4261.0,20940000.0,53756000.0,100272000.0,idle
160206,23942.0,2394.0,9994899.0,-532.0,-3728.0,-2663.0,20940000.0,53756000.0,100272000.0,idle
160216,23942.0,-8379.0,9993702.0,0.0,-3195.0,-3728.0,20940000.0,53756000.0,100272000.0,idle
160226,34716.0,-2394.0,9993702.0,0.0,-4261.0,-3728.0,20940000.0,53756000.0,100272000.0,idle
160236,33519.0,1197.0,9984125.0,0.0,-3728.0,-3195.0,20940000.0,53756000.0,100272000.0,idle
160246,27534.0,-2394.0,10002082.0,-532.0,-3195.0,-1597.0,20940000.0,53756000.0,100272000.0,idle
160256,23942.0,-9577.0,9986519.0,532.0,-3728.0,-3195.0,20940000.0,53756000.0,100272000.0,idle
160266,26337.0,-19154.0,9978139.0,-532.0,-3728.0,-4261.0,20920000.0,53720000.0,100274000.0,idle
160276,19154.0,-11971.0,9985322.0,-532.0,-3195.0,-3728.0,20920000.0,53720000.0,100274000.0,idle
160286,23942.0,-8379.0,10022434.0,0.0,-3728.0,-3195.0,20920000.0,53720000.0,100274000.0,idle
160296,22745.0,-2394.0,10018842.0,532.0,-4793.0,-3728.0,20920000.0,53720000.0,100274000.0,idle
160306,28731.0,-9577.0,9985322.0,532.0,-2130.0,-2663.0,20920000.0,53720000.0,100274000.0,idle
160316,29928.0,-8379.0,9987717.0,0.0,-3195.0,-3195.0,20920000.0,53720000.0,100274000.0,idle
160326,21548.0,0.0,9990111.0,532.0,-3728.0,-3195.0,20920000.0,53720000.0,100274000.0,idle
160336,44294.0,-3591.0,9985322.0,-532.0,-4261.0,-2663.0,20920000.0,53720000.0,100274000.0,idle
160346,32322.0,-4788.0,10012856.0,532.0,-3195.0,-1597.0,20920000.0,53720000.0,100274000.0,idle
160356,22745.0,0.0,10009265.0,1065.0,-3195.0,-3195.0,20920000.0,53720000.0,100274000.0,idle
160366,27534.0,-20351.0,9998491.0,-1597.0,-3728.0,-2663.0,20920000.0,53720000.0,100274000.0,idle
160376,35914.0,-15562.0,10005674.0,0.0,-3728.0,-2663.0,20920000.0,53720000.0,100274000.0,idle
160386,35914.0,-21548.0,9998491.0,1065.0,-4793.0,-2130.0,20920000.0,53720000.0,100274000.0,idle
160396,33519.0,-11971.0,10006871.0,532.0,-3728.0,-2130.0,20920000.0,53720000.0,100274000.0,idle
160406,32322.0,-5985.0,10021236.0,0.0,-3195.0,-3195.0,20920000.0,53720000.0,100274000.0,idle
160416,25139.0,-4788.0,10004476.0,0.0,-3195.0,-3728.0,20920000.0,53720000.0,100274000.0,idle
160426,21548.0,2394.0,9980534.0,0.0,-2663.0,-4261.0,20920000.0,53720000.0,100274000.0,idle
160436,25139.0,-9577.0,9994899.0,1065.0,-4261.0,-4261.0,20920000.0,53720000.0,100274000.0,idle
160446,33519.0,-14365.0,10022434.0,-532.0,-3195.0,-2663.0,20920000.0,53720000.0,100274000.0,idle
160456,31125.0,-1197.0,10020039.0,0.0,-3728.0,-2663.0,20920000.0,53720000.0,100274000.0,idle
160466,27534.0,-3591.0,10011659.0,1065.0,-3728.0,-2663.0,20920000.0,53720000.0,100274000.0,idle
160476,44294.0,-9577.0,9997294.0,1065.0,-2130.0,-2663.0,20920000.0,53720000.0,100274000.0,idle
160486,20351.0,5985.0,9993702.0,0.0,-4261.0,-2663.0,20920000.0,53720000.0,100274000.0,idle
160496,21548.0,-9577.0,9998491.0,0.0,-3195.0,-2663.0,20920000.0,53720000.0,100274000.0,idle
160506,20351.0,-2394.0,10017645.0,532.0,-2663.0,-2663.0,20920000.0,53720000.0,100274000.0,idle
160516,32322.0,-5985.0,10012856.0,532.0,-3195.0,-3195.0,20920000.0,53720000.0,100274000.0,idle
160526,17957.0,-3591.0,9999688.0,-532.0,-3195.0,-2663.0,20920000.0,53720000.0,100274000.0,idle
160536,19154.0,-10774.0,9985322.0,1065.0,-5326.0,-2663.0,20920000.0,53720000.0,100274000.0,idle
160546,29928.0,-2394.0,10004476.0,532.0,-4261.0,-3728.0,20920000.0,53720000.0,100274000.0,idle
160556,37111.0,-16759.0,10012856.0,0.0,-3195.0,-3195.0,20920000.0,53720000.0,100274000.0,idle
160566,29928.0,-5985.0,9990111.0,532.0,-4261.0,-2663.0,20920000.0,53720000.0,100274000.0,idle
160576,29928.0,2394.0,9982928.0,532.0,-3195.0,-3195.0,20920000.0,53720000.0,100274000.0,idle
160586,21548.0,-8379.0,9985322.0,0.0,-3728.0,-2663.0,20920000.0,53720000.0,100274000.0,idle
160596,26337.0,-4788.0,9992505.0,1065.0,-2663.0,-3728.0,20920000.0,53720000.0,100274000.0,idle
160606,25139.0,-1197.0,10000885.0,532.0,-3195.0,-3728.0,20920000.0,53720000.0,100274000.0,idle
160616,21548.0,-2394.0,10005674.0,0.0,-4261.0,-2663.0,20920000.0,53720000.0,100274000.0,idle
160626,27534.0,-15562.0,9996096.0,-532.0,-3195.0,-2663.0,20920000.0,53720000.0,100274000.0,idle
160636,21548.0,4788.0,9980534.0,-532.0,-2663.0,-4261.0,20920000.0,53720000.0,100274000.0,idle
160646,28731.0,1197.0,9991308.0,2130.0,-4261.0,-2663.0,20920000.0,53720000.0,100274000.0,idle
160657,28731.0,1197.0,9991308.0,2130.0,-4261.0,-2663.0,20920000.0,53720000.0,100274000.0,idle
160667,31125.0,2394.0,10003279.0,0.0,-3728.0,-3728.0,20920000.0,53720000.0,100274000.0,idle
160677,37111.0,0.0,10010462.0,0.0,-3728.0,-3195.0,20920000.0,53720000.0,100274000.0,idle
160687,11971.0,-5985.0,9994899.0,1065.0,-4261.0,-3195.0,20920000.0,53720000.0,100274000.0,idle
160697,26337.0,-5985.0,9996096.0,532.0,-5326.0,-3195.0,20920000.0,53720000.0,100274000.0,idle
160707,28731.0,1197.0,10000885.0,0.0,-4793.0,-2663.0,20920000.0,53720000.0,100274000.0,idle
160717,23942.0,-11971.0,9998491.0,1065.0,-4261.0,-3728.0,20920000.0,53720000.0,100274000.0,idle
160727,14365.0,-8379.0,9993702.0,0.0,-3728.0,-3728.0,20920000.0,53720000.0,100274000.0,idle
160737,28731.0,-9577.0,10006871.0,1065.0,-3728.0,-4261.0,20920000.0,53720000.0,100274000.0,idle
160747,40702.0,-7182.0,10004476.0,532.0,-2663.0,-4261.0,20920000.0,53720000.0,100274000.0,idle
160757,31125.0,-4788.0,9986519.0,532.0,-3728.0,-3195.0,20920000.0,53720000.0,100274000.0,idle
160767,19154.0,2394.0,9990111.0,532.0,-4793.0,-2663.0,20920000.0,53720000.0,100274000.0,idle
160777,40702.0,4788.0,10008068.0,-532.0,-4261.0,-1065.0,20920000.0,53720000.0,100274000.0,idle
160787,49082.0,-3591.0,10003279.0,-1065.0,-4261.0,-2130.0,20920000.0,53720000.0,100274000.0,idle
160797,31125.0,-8379.0,9993702.0,-1065.0,-3728.0,-4261.0,20920000.0,53720000.0,100274000.0,idle
160807,23942.0,-9577.0,9998491.0,532.0,-4793.0,-4793.0,20920000.0,53720000.0,100274000.0,idle
160817,32322.0,-2394.0,10004476.0,-532.0,-3728.0,-3195.0,20920000.0,53720000.0,100274000.0,idle
160827,29928.0,5985.0,9998491.0,-532.0,-3728.0,-3195.0,20920000.0,53720000.0,100274000.0,idle
160837,32322.0,1197.0,9997294.0,-1065.0,-4261.0,-3195.0,20920000.0,53720000.0,100274000.0,idle
160847,50279.0,5985.0,9994899.0,532.0,-3728.0,-3195.0,20920000.0,53720000.0,100274000.0,idle
160857,31125.0,-1197.0,9994899.0,1597.0,-4261.0,-3728.0,20920000.0,53720000.0,100274000.0,idle
160867,25139.0,-2394.0,10000885.0,-532.0,-3195.0,-4261.0,20920000.0,53720000.0,100274000.0,idle
160877,33519.0,0.0,9998491.0,532.0,-4261.0,-3195.0,20920000.0,53720000.0,100274000.0,idle
160887,17957.0,4788.0,9993702.0,-532.0,-4261.0,-1065.0,20920000.0,53720000.0,100274000.0,idle
160897,31125.0,5985.0,9994899.0,-1065.0,-2663.0,-3195.0,20920000.0,53720000.0,100274000.0,idle
160907,35914.0,-1197.0,10003279.0,-532.0,-5859.0,-3195.0,20920000.0,53720000.0,100274000.0,idle
160917,22745.0,-10774.0,9988914.0,-532.0,-5326.0,-3728.0,20920000.0,53720000.0,100274000.0,idle
160927,43096.0,1197.0,10012856.0,0.0,-3728.0,-2130.0,20920000.0,53720000.0,100274000.0,idle
160937,14365.0,-8379.0,10005674.0,1065.0,-2130.0,-2130.0,20920000.0,53720000.0,100274000.0,idle
160947,20351.0,-2394.0,10015251.0,0.0,-4261.0,-3195.0,20920000.0,53720000.0,100274000.0,idle
160957,31125.0,0.0,9988914.0,-1597.0,-3728.0,-4261.0,20920000.0,53720000.0,100274000.0,idle
160967,21548.0,-3591.0,9992505.0,-532.0,-3728.0,-2130.0,20920000.0,53720000.0,100274000.0,idle
160977,37111.0,1197.0,9980534.0,-1065.0,-4261.0,-3195.0,20920000.0,53720000.0,100274000.0,idle
160987,28731.0,-7182.0,9986519.0,532.0,-3728.0,-3195.0,20920000.0,53720000.0,100274000.0,idle
160997,13168.0,-16759.0,9999688.0,1065.0,-4261.0,-3195.0,20920000.0,53720000.0,100274000.0,idle
161007,20351.0,-4788.0,9986519.0,0.0,-4261.0,-3728.0,20920000.0,53720000.0,100274000.0,idle
161017,28731.0,2394.0,9998491.0,0.0,-4793.0,-2663.0,20920000.0,53720000.0,100274000.0,idle
161027,16759.0,-8379.0,9993702.0,-532.0,-4261.0,-3728.0,20920000.0,53720000.0,100274000.0,idle
161037,29928.0,0.0,10011659.0,-532.0,-4261.0,-3728.0,20920000.0,53720000.0,100274000.0,idle
161047,22745.0,7182.0,10000885.0,532.0,-4793.0,-2130.0,20920000.0,53720000.0,100274000.0,idle
161058,16759.0,7182.0,9999688.0,-532.0,-3195.0,-2663.0,20920000.0,53720000.0,100274000.0,idle
161067,9577.0,-7182.0,9999688.0,-532.0,-3195.0,-3728.0,20920000.0,53720000.0,100274000.0,idle
161077,35914.0,-3591.0,10004476.0,0.0,-4793.0,-2130.0,20920000.0,53720000.0,100274000.0,idle
161087,33519.0,0.0,9991308.0,0.0,-4261.0,-3195.0,20920000.0,53720000.0,100274000.0,idle
161097,21548.0,-17957.0,9996096.0,532.0,-3195.0,-4793.0,20920000.0,53720000.0,100274000.0,idle
161107,25139.0,8379.0,10002082.0,1065.0,-3728.0,-4261.0,20920000.0,53720000.0,100274000.0,idle
161117,38308.0,-3591.0,9987717.0,0.0,-3728.0,-2663.0,20920000.0,53720000.0,100274000.0,idle
161127,28731.0,-2394.0,9990111.0,-1065.0,-4261.0,-3195.0,20920000.0,53720000.0,100274000.0,idle
161137,15562.0,-10774.0,10006871.0,0.0,-5859.0,-3195.0,20920000.0,53720000.0,100274000.0,idle
161147,14365.0,-3591.0,9990111.0,532.0,-5326.0,-3195.0,20920000.0,53720000.0,100274000.0,idle
161157,27534.0,5985.0,9984125.0,532.0,-3728.0,-3728.0,20920000.0,53720000.0,100274000.0,idle
161167,29928.0,-3591.0,10021236.0,0.0,-3195.0,-2663.0,20920000.0,53720000.0,100274000.0,idle
161177,25139.0,-13168.0,10004476.0,-532.0,-4261.0,-4793.0,20920000.0,53720000.0,100274000.0,idle
161187,23942.0,-4788.0,10003279.0,1065.0,-5326.0,-3195.0,20920000.0,53720000.0,100274000.0,idle
161197,22745.0,-3591.0,10000885.0,0.0,-4793.0,-3195.0,20920000.0,53720000.0,100274000.0,idle
161208,27534.0,-1197.0,9991308.0,-1065.0,-3195.0,-3728.0,20920000.0,53720000.0,100274000.0,idle
161217,29928.0,1197.0,10002082.0,532.0,-4261.0,-2663.0,20920000.0,53720000.0,100274000.0,idle
161227,25139.0,-11971.0,10005674.0,0.0,-4261.0,-3195.0,20920000.0,53720000.0,100274000.0,idle
161237,44294.0,5985.0,9990111.0,0.0,-3728.0,-2663.0,20920000.0,53720000.0,100274000.0,idle
161247,31125.0,-1197.0,10005674.0,532.0,-3728.0,-3195.0,20920000.0,53720000.0,100274000.0,idle
161258,28731.0,-20351.0,10012856.0,532.0,-4261.0,-3728.0,20920000.0,53720000.0,100274000.0,idle
161267,28731.0,-3591.0,10002082.0,1065.0,-3195.0,-2663.0,20930000.0,53702000.0,100274000.0,idle
161277,11971.0,-1197.0,9991308.0,1065.0,-4261.0,-2130.0,20930000.0,53702000.0,100274000.0,idle
161287,17957.0,-9577.0,10016448.0,1597.0,-4793.0,-2663.0,20930000.0,53702000.0,100274000.0,idle
161298,21548.0,-10774.0,9987717.0,532.0,-2663.0,-2663.0,20930000.0,53702000.0,100274000.0,idle
161308,39505.0,-14365.0,9985322.0,532.0,-3195.0,-3195.0,20930000.0,53702000.0,100274000.0,idle
161318,15562.0,-25139.0,10012856.0,-1065.0,-3195.0,-2663.0,20930000.0,53702000.0,100274000.0,idle
161328,20351.0,-2394.0,9998491.0,-532.0,-2663.0,-2663.0,20930000.0,53702000.0,100274000.0,idle
161338,21548.0,2394.0,10004476.0,0.0,-3728.0,-2663.0,20930000.0,53702000.0,100274000.0,idle
161348,22745.0,-8379.0,10006871.0,0.0,-3728.0,-3728.0,20930000.0,53702000.0,100274000.0,idle
161358,29928.0,-3591.0,9985322.0,1065.0,-3728.0,-3728.0,20930000.0,53702000.0,100274000.0,idle
161368,44294.0,7182.0,10003279.0,532.0,-3195.0,-2663.0,20930000.0,53702000.0,100274000.0,idle
161378,34716.0,0.0,10005674.0,0.0,-2663.0,-3195.0,20930000.0,53702000.0,100274000.0,idle
161388,28731.0,-15562.0,10020039.0,1065.0,-4261.0,-1597.0,20930000.0,53702000.0,100274000.0,idle
161398,20351.0,0.0,9998491.0,1065.0,-4793.0,-3195.0,20930000.0,53702000.0,100274000.0,idle
161408,29928.0,3591.0,10010462.0,0.0,-3195.0,-3195.0,20930000.0,53702000.0,100274000.0,idle
161418,21548.0,-7182.0,10010462.0,0.0,-3195.0,-4261.0,20930000.0,53702000.0,100274000.0,idle
161428,22745.0,0.0,9997294.0,-532.0,-3728.0,-3195.0,20930000.0,53702000.0,100274000.0,idle
161438,33519.0,0.0,9997294.0,-532.0,-3195.0,-3728.0,20930000.0,53702000.0,100274000.0,idle
161448,28731.0,1197.0,10000885.0,532.0,-4261.0,-3728.0,20930000.0,53702000.0,100274000.0,idle
161458,26337.0,2394.0,10002082.0,1065.0,-5326.0,-2130.0,20930000.0,53702000.0,100274000.0,idle
161468,27534.0,-9577.0,9999688.0,532.0,-3728.0,-2663.0,20930000.0,53702000.0,100274000.0,idle
161478,22745.0,-15562.0,9990111.0,-532.0,-4261.0,-3728.0,20930000.0,53702000.0,100274000.0,idle
161488,22745.0,-3591.0,10000885.0,0.0,-3728.0,-2130.0,20930000.0,53702000.0,100274000.0,idle
161498,26337.0,4788.0,10000885.0,0.0,-3728.0,-2663.0,20930000.0,53702000.0,100274000.0,idle
161508,31125.0,-2394.0,9998491.0,0.0,-3728.0,-3195.0,20930000.0,53702000.0,100274000.0,idle
161518,37111.0,-5985.0,9991308.0,532.0,-3195.0,-1597.0,20930000.0,53702000.0,100274000.0,idle
161568,40702.0,-3591.0,9996096.0,1065.0,-3195.0,-4261.0,20930000.0,53702000.0,100274000.0,idle
161578,21548.0,-5985.0,9985322.0,-532.0,-3728.0,-3195.0,20930000.0,53702000.0,100274000.0,idle
161588,9577.0,-13168.0,9993702.0,532.0,-4793.0,-2130.0,20930000.0,53702000.0,100274000.0,idle
161598,29928.0,-4788.0,9997294.0,532.0,-4261.0,-2130.0,20930000.0,53702000.0,100274000.0,idle
161608,31125.0,-11971.0,10009265.0,0.0,-2663.0,-3195.0,20930000.0,53702000.0,100274000.0,idle
161618,25139.0,2394.0,9996096.0,0.0,-4261.0,-2663.0,20930000.0,53702000.0,100274000.0,idle
161628,27534.0,15562.0,9982928.0,0.0,-4793.0,-3195.0,20930000.0,53702000.0,100274000.0,idle
161638,25139.0,-7182.0,9980534.0,-1065.0,-4261.0,-2663.0,20930000.0,53702000.0,100274000.0,idle
161648,31125.0,-21548.0,10017645.0,0.0,-3728.0,-2663.0,20930000.0,53702000.0,100274000.0,idle
161658,21548.0,-4788.0,10015251.0,532.0,-4261.0,-3728.0,20930000.0,53702000.0,100274000.0,idle
161668,17957.0,-10774.0,10004476.0,0.0,-4261.0,-4261.0,20930000.0,53702000.0,100274000.0,idle
161678,23942.0,-10774.0,9997294.0,-1065.0,-3195.0,-3195.0,20930000.0,53702000.0,100274000.0,idle
161688,28731.0,-2394.0,9987717.0,0.0,-4261.0,-2663.0,20930000.0,53702000.0,100274000.0,idle
161698,27534.0,-2394.0,9990111.0,0.0,-4261.0,-2663.0,20930000.0,53702000.0,100274000.0,idle
161708,15562.0,-1197.0,9996096.0,0.0,-3728.0,-4261.0,20930000.0,53702000.0,100274000.0,idle
161718,15562.0,-1197.0,9996096.0,0.0,-3728.0,-4261.0,20930000.0,53702000.0,100274000.0,idle
161728,31125.0,-16759.0,10004476.0,-532.0,-4261.0,-3728.0,20930000.0,53702000.0,100274000.0,idle
161738,40702.0,-5985.0,9996096.0,-532.0,-4793.0,-3195.0,20930000.0,53702000.0,100274000.0,idle
161748,46688.0,5985.0,9999688.0,532.0,-5326.0,-3195.0,20930000.0,53702000.0,100274000.0,idle
161758,15562.0,1197.0,9975745.0,1597.0,-3728.0,-3195.0,20930000.0,53702000.0,100274000.0,idle
161768,35914.0,0.0,9984125.0,0.0,-2130.0,-3195.0,20930000.0,53702000.0,100274000.0,idle
161778,45491.0,-5985.0,10002082.0,532.0,-4261.0,-3195.0,20930000.0,53702000.0,100274000.0,idle
161788,21548.0,-19154.0,9997294.0,-532.0,-4261.0,-2663.0,20930000.0,53702000.0,100274000.0,idle
161798,25139.0,-7182.0,10006871.0,0.0,-3728.0,-2130.0,20930000.0,53702000.0,100274000.0,idle
161808,25139.0,-8379.0,9999688.0,0.0,-4261.0,-2130.0,20930000.0,53702000.0,100274000.0,idle
161818,38308.0,-5985.0,10008068.0,-1597.0,-4261.0,-2130.0,20930000.0,53702000.0,100274000.0,idle
161828,11971.0,-4788.0,9987717.0,-532.0,-4261.0,-2663.0,20930000.0,53702000.0,100274000.0,idle
161838,15562.0,-13168.0,9984125.0,0.0,-3728.0,-3195.0,20930000.0,53702000.0,100274000.0,idle
161848,44294.0,-7182.0,9993702.0,-532.0,-3195.0,-3195.0,20930000.0,53702000.0,100274000.0,idle
161858,22745.0,-14365.0,10012856.0,1065.0,-4261.0,-2130.0,20930000.0,53702000.0,100274000.0,idle
161868,11971.0,-5985.0,9999688.0,532.0,-2663.0,-3728.0,20930000.0,53702000.0,100274000.0,idle
161878,40702.0,-9577.0,10016448.0,532.0,-2663.0,-3728.0,20930000.0,53702000.0,100274000.0,idle
161888,25139.0,0.0,10010462.0,0.0,-4261.0,-3195.0,20930000.0,53702000.0,100274000.0,idle
161898,26337.0,-2394.0,10008068.0,0.0,-5326.0,-3195.0,20930000.0,53702000.0,100274000.0,idle
161909,31125.0,-8379.0,10003279.0,1065.0,-4261.0,-3195.0,20930000.0,53702000.0,100274000.0,idle
161919,38308.0,-5985.0,10002082.0,-1597.0,-3195.0,-2663.0,20930000.0,53702000.0,100274000.0,idle
161929,22745.0,-4788.0,9992505.0,-532.0,-2663.0,-3195.0,20930000.0,53702000.0,100274000.0,idle
161939,23942.0,8379.0,10017645.0,1065.0,-2663.0,-2663.0,20930000.0,53702000.0,100274000.0,idle
161949,27534.0,-4788.0,10014054.0,0.0,-3728.0,-2663.0,20930000.0,53702000.0,100274000.0,idle
161959,27534.0,-9577.0,10005674.0,-532.0,-3728.0,-2130.0,20930000.0,53702000.0,100274000.0,idle
161969,17957.0,-15562.0,9997294.0,1065.0,-2663.0,-2663.0,20930000.0,53702000.0,100274000.0,idle
161979,22745.0,-5985.0,9988914.0,1597.0,-4261.0,-2130.0,20930000.0,53702000.0,100274000.0,idle
161989,33519.0,-7182.0,10010462.0,532.0,-6391.0,-1597.0,20930000.0,53702000.0,100274000.0,idle
161999,27534.0,-9577.0,10016448.0,532.0,-4261.0,-2663.0,20930000.0,53702000.0,100274000.0,idle
162009,32322.0,-4788.0,9988914.0,0.0,-2663.0,-3195.0,20930000.0,53702000.0,100274000.0,idle
162019,20351.0,-4788.0,9986519.0,-1065.0,-3195.0,-3195.0,20930000.0,53702000.0,100274000.0,idle
162029,20351.0,-7182.0,9994899.0,1065.0,-3728.0,-3195.0,20930000.0,53702000.0,100274000.0,idle
162039,22745.0,-4788.0,9992505.0,532.0,-4261.0,-2663.0,20930000.0,53702000.0,100274000.0,idle
162049,31125.0,0.0,10026025.0,0.0,-4793.0,-3195.0,20930000.0,53702000.0,100274000.0,idle
162059,39505.0,-7182.0,9988914.0,2130.0,-2663.0,-4793.0,20930000.0,53702000.0,100274000.0,idle
162069,26337.0,8379.0,9996096.0,1597.0,-2663.0,-3195.0,20930000.0,53702000.0,100274000.0,idle
162079,29928.0,13168.0,9998491.0,0.0,-3728.0,-3728.0,20930000.0,53702000.0,100274000.0,idle
162089,10774.0,-8379.0,9999688.0,532.0,-4793.0,-3195.0,20930000.0,53702000.0,100274000.0,idle
162099,19154.0,-1197.0,10010462.0,1065.0,-3728.0,-3728.0,20930000.0,53702000.0,100274000.0,idle
162109,32322.0,-9577.0,10026025.0,0.0,-3195.0,-3195.0,20930000.0,53702000.0,100274000.0,idle
162119,20351.0,-4788.0,9985322.0,-532.0,-3195.0,-3195.0,20930000.0,53702000.0,100274000.0,idle
162129,25139.0,-2394.0,9984125.0,0.0,-3728.0,-3195.0,20930000.0,53702000.0,100274000.0,idle
162139,20351.0,-17957.0,9982928.0,1065.0,-5326.0,-3728.0,20930000.0,53702000.0,100274000.0,idle
162149,8379.0,-26337.0,10010462.0,0.0,-5326.0,-2130.0,20930000.0,53702000.0,100274000.0,idle
162159,19154.0,5985.0,10016448.0,-532.0,-3195.0,-2663.0,20930000.0,53702000.0,100274000.0,idle
162169,39505.0,19154.0,9996096.0,-532.0,-1597.0,-2663.0,20930000.0,53702000.0,100274000.0,idle
162179,40702.0,-4788.0,9984125.0,-532.0,-4793.0,-2663.0,20930000.0,53702000.0,100274000.0,idle
162189,29928.0,-13168.0,9990111.0,1065.0,-4261.0,-1597.0,20930000.0,53702000.0,100274000.0,idle
162199,15562.0,-2394.0,10004476.0,2130.0,-2663.0,-2663.0,20930000.0,53702000.0,100274000.0,idle
162209,16759.0,1197.0,10014054.0,532.0,-3728.0,-3728.0,20930000.0,53702000.0,100274000.0,idle
162219,16759.0,7182.0,10006871.0,0.0,-4261.0,-3728.0,20930000.0,53702000.0,100274000.0,idle
162229,26337.0,3591.0,9982928.0,0.0,-3195.0,-2663.0,20930000.0,53702000.0,100274000.0,idle
162239,20351.0,-3591.0,9996096.0,0.0,-4793.0,-2130.0,20930000.0,53702000.0,100274000.0,idle
162249,40702.0,-13168.0,10016448.0,-532.0,-3728.0,-2663.0,20930000.0,53702000.0,100274000.0,idle
162259,33519.0,-7182.0,10036799.0,532.0,-4793.0,-2663.0,20930000.0,53702000.0,100274000.0,idle
162269,7182.0,-2394.0,10006871.0,0.0,-3728.0,-3195.0,20910000.0,53703000.0,100274000.0,idle
162279,28731.0,-5985.0,9981731.0,0.0,-3195.0,-3728.0,20910000.0,53703000.0,100274000.0,idle
162289,35914.0,8379.0,9991308.0,532.0,-4261.0,-3728.0,20910000.0,53703000.0,100274000.0,idle
162299,17957.0,1197.0,10005674.0,0.0,-4261.0,-3728.0,20910000.0,53703000.0,100274000.0,idle
162309,26337.0,-3591.0,10003279.0,0.0,-4261.0,-3195.0,20910000.0,53703000.0,100274000.0,idle
162319,32322.0,-2394.0,9998491.0,-1065.0,-4793.0,-2130.0,20910000.0,53703000.0,100274000.0,idle
162329,39505.0,5985.0,9987717.0,-1065.0,-3728.0,-3728.0,20910000.0,53703000.0,100274000.0,idle
162339,29928.0,-17957.0,9990111.0,0.0,-4793.0,-2663.0,20910000.0,53703000.0,100274000.0,idle
162349,22745.0,8379.0,9990111.0,0.0,-3195.0,-3195.0,20910000.0,53703000.0,100274000.0,idle
162359,28731.0,-5985.0,10010462.0,-532.0,-2663.0,-2663.0,20910000.0,53703000.0,100274000.0,idle
162369,41899.0,2394.0,10027222.0,0.0,-3195.0,-2130.0,20910000.0,53703000.0,100274000.0,idle
162379,21548.0,-1197.0,9997294.0,0.0,-2663.0,-2663.0,20910000.0,53703000.0,100274000.0,idle
162389,5985.0,-3591.0,9975745.0,0.0,-3728.0,-3195.0,20910000.0,53703000.0,100274000.0,idle
162399,27534.0,-7182.0,9974548.0,-532.0,-5859.0,-3195.0,20910000.0,53703000.0,100274000.0,idle
162409,27534.0,8379.0,9998491.0,0.0,-4793.0,-2663.0,20910000.0,53703000.0,100274000.0,idle
162419,33519.0,-1197.0,10030813.0,0.0,-3728.0,-2130.0,20910000.0,53703000.0,100274000.0,idle
162429,27534.0,-3591.0,10014054.0,532.0,-2663.0,-3195.0,20910000.0,53703000.0,100274000.0,idle
162439,31125.0,9577.0,9991308.0,-1597.0,-2663.0,-3728.0,20910000.0,53703000.0,100274000.0,idle
162449,21548.0,-14365.0,9997294.0,0.0,-4261.0,-2130.0,20910000.0,53703000.0,100274000.0,idle
162459,43096.0,-10774.0,9990111.0,0.0,-4261.0,-2663.0,20910000.0,53703000.0,100274000.0,idle
162469,32322.0,-4788.0,9996096.0,1065.0,-4261.0,-2663.0,20910000.0,53703000.0,100274000.0,idle
162479,15562.0,-1197.0,10008068.0,-532.0,-4261.0,-2130.0,20910000.0,53703000.0,100274000.0,idle
162489,31125.0,1197.0,10002082.0,-1065.0,-2663.0,-2663.0,20910000.0,53703000.0,100274000.0,idle
162499,8379.0,-1197.0,9979337.0,-532.0,-3195.0,-3195.0,20910000.0,53703000.0,100274000.0,idle
162509,21548.0,-5985.0,10002082.0,0.0,-3195.0,-2130.0,20910000.0,53703000.0,100274000.0,idle
162519,31125.0,-9577.0,10023631.0,-532.0,-3728.0,-2130.0,20910000.0,53703000.0,100274000.0,idle
162530,28731.0,0.0,10016448.0,0.0,-4261.0,-3195.0,20910000.0,53703000.0,100274000.0,idle
162539,34716.0,0.0,9985322.0,-532.0,-4261.0,-2130.0,20910000.0,53703000.0,100274000.0,idle
162550,37111.0,2394.0,9994899.0,-1065.0,-4793.0,-1597.0,20910000.0,53703000.0,100274000.0,idle
162580,16759.0,-8379.0,10016448.0,1065.0,-3195.0,-3728.0,20910000.0,53703000.0,100274000.0,idle
162590,8379.0,-2394.0,10010462.0,532.0,-2663.0,-2663.0,20910000.0,53703000.0,100274000.0,idle
162600,25139.0,-10774.0,9980534.0,-1065.0,-2130.0,-3728.0,20910000.0,53703000.0,100274000.0,idle
162610,25139.0,-4788.0,9969759.0,-1065.0,-4261.0,-3728.0,20910000.0,53703000.0,100274000.0,idle
162620,11971.0,-11971.0,10009265.0,-532.0,-4793.0,-2663.0,20910000.0,53703000.0,100274000.0,idle
162630,14365.0,-13168.0,10015251.0,532.0,-2663.0,-2663.0,20910000.0,53703000.0,100274000.0,idle
162640,33519.0,-7182.0,9993702.0,0.0,-3728.0,-3195.0,20910000.0,53703000.0,100274000.0,idle
162650,28731.0,5985.0,9994899.0,1065.0,-5859.0,-2663.0,20910000.0,53703000.0,100274000.0,idle
162660,17957.0,-2394.0,9991308.0,1065.0,-4261.0,-2663.0,20910000.0,53703000.0,100274000.0,idle
162670,25139.0,-4788.0,10000885.0,0.0,-3728.0,-3728.0,20910000.0,53703000.0,100274000.0,idle
162680,32322.0,-5985.0,10009265.0,1065.0,-3195.0,-4793.0,20910000.0,53703000.0,100274000.0,idle
162690,23942.0,-9577.0,10003279.0,532.0,-3195.0,-3195.0,20910000.0,53703000.0,100274000.0,idle
162700,28731.0,-11971.0,9998491.0,-1065.0,-4261.0,-3195.0,20910000.0,53703000.0,100274000.0,idle
162710,25139.0,-1197.0,9984125.0,0.0,-5326.0,-4261.0,20910000.0,53703000.0,100274000.0,idle
162720,31125.0,3591.0,9975745.0,-532.0,-4261.0,-4793.0,20910000.0,53703000.0,100274000.0,idle
162730,31125.0,-3591.0,10005674.0,0.0,-4793.0,-2130.0,20910000.0,53703000.0,100274000.0,idle
162740,28731.0,-3591.0,10015251.0,532.0,-4261.0,-2130.0,20910000.0,53703000.0,100274000.0,idle
162750,23942.0,5985.0,9993702.0,-532.0,-3728.0,-4261.0,20910000.0,53703000.0,100274000.0,idle
162760,32322.0,-7182.0,9976942.0,532.0,-2663.0,-3728.0,20910000.0,53703000.0,100274000.0,idle
162770,35914.0,-10774.0,9984125.0,1065.0,-3195.0,-2663.0,20910000.0,53703000.0,100274000.0,idle
162780,35914.0,-10774.0,9984125.0,1065.0,-3195.0,-2663.0,20910000.0,53703000.0,100274000.0,idle
162790,26337.0,-1197.0,10009265.0,1597.0,-3195.0,-2130.0,20910000.0,53703000.0,100274000.0,idle
162800,31125.0,4788.0,10005674.0,0.0,-4261.0,-2130.0,20910000.0,53703000.0,100274000.0,idle
162810,32322.0,8379.0,9976942.0,0.0,-4261.0,-2130.0,20910000.0,53703000.0,100274000.0,idle
162820,23942.0,-14365.0,9992505.0,532.0,-4793.0,-3195.0,20910000.0,53703000.0,100274000.0,idle
162830,1197.0,-16759.0,9992505.0,-532.0,-3728.0,-3195.0,20910000.0,53703000.0,100274000.0,idle
162840,21548.0,3591.0,9990111.0,0.0,-2663.0,-3728.0,20910000.0,53703000.0,100274000.0,idle
162850,46688.0,-15562.0,9999688.0,1597.0,-4261.0,-3195.0,20910000.0,53703000.0,100274000.0,idle
162860,38308.0,4788.0,9994899.0,0.0,-3728.0,-2663.0,20910000.0,53703000.0,100274000.0,idle
162870,19154.0,2394.0,9990111.0,0.0,-3728.0,-1597.0,20910000.0,53703000.0,100274000.0,idle
162880,28731.0,-11971.0,9985322.0,532.0,-2663.0,-3728.0,20910000.0,53703000.0,100274000.0,idle
162890,22745.0,-3591.0,9992505.0,0.0,-5326.0,-3728.0,20910000.0,53703000.0,100274000.0,idle
162900,27534.0,-8379.0,10002082.0,-532.0,-4261.0,-4261.0,20910000.0,53703000.0,100274000.0,idle
162910,31125.0,1197.0,9997294.0,0.0,-3728.0,-3195.0,20910000.0,53703000.0,100274000.0,idle
162920,14365.0,1197.0,9992505.0,0.0,-3195.0,-3195.0,20910000.0,53703000.0,100274000.0,idle
162930,25139.0,-15562.0,9984125.0,-1065.0,-3195.0,-3195.0,20910000.0,53703000.0,100274000.0,idle
162940,15562.0,-16759.0,9975745.0,532.0,-3728.0,-2130.0,20910000.0,53703000.0,100274000.0,idle
162950,33519.0,-5985.0,9993702.0,1597.0,-4793.0,-1597.0,20910000.0,53703000.0,100274000.0,idle
162960,25139.0,0.0,10012856.0,0.0,-4261.0,-3728.0,20910000.0,53703000.0,100274000.0,idle
162970,27534.0,-2394.0,10022434.0,532.0,-2130.0,-3728.0,20910000.0,53703000.0,100274000.0,idle
162980,19154.0,8379.0,10008068.0,0.0,-3728.0,-2663.0,20910000.0,53703000.0,100274000.0,idle
162990,32322.0,-3591.0,9984125.0,1065.0,-5326.0,-3195.0,20910000.0,53703000.0,100274000.0,idle
163000,32322.0,-5985.0,9993702.0,0.0,-3728.0,-3728.0,20910000.0,53703000.0,100274000.0,idle
163010,22745.0,-20351.0,9993702.0,-532.0,-3728.0,-4793.0,20910000.0,53703000.0,100274000.0,idle
163020,25139.0,-4788.0,9988914.0,532.0,-3195.0,-3195.0,20910000.0,53703000.0,100274000.0,idle
163030,41899.0,-8379.0,10004476.0,1597.0,-4261.0,-3728.0,20910000.0,53703000.0,100274000.0,idle
163040,23942.0,-1197.0,9999688.0,1597.0,-4793.0,-3728.0,20910000.0,53703000.0,100274000.0,idle
163050,10774.0,3591.0,10014054.0,532.0,-2663.0,-3195.0,20910000.0,53703000.0,100274000.0,idle
163060,29928.0,2394.0,9986519.0,532.0,-3195.0,-3728.0,20910000.0,53703000.0,100274000.0,idle
163070,34716.0,-3591.0,9988914.0,0.0,-4793.0,-3728.0,20910000.0,53703000.0,100274000.0,idle
163080,25139.0,-14365.0,10000885.0,532.0,-4261.0,-4261.0,20910000.0,53703000.0,100274000.0,idle
163090,28731.0,-15562.0,9988914.0,-1597.0,-3195.0,-3195.0,20910000.0,53703000.0,100274000.0,idle
163100,22745.0,2394.0,9980534.0,0.0,-3728.0,-3195.0,20910000.0,53703000.0,100274000.0,idle
163111,16759.0,-3591.0,10003279.0,0.0,-4793.0,-2663.0,20910000.0,53703000.0,100274000.0,idle
163120,27534.0,-7182.0,10004476.0,-532.0,-3195.0,-4261.0,20910000.0,53703000.0,100274000.0,idle
163130,28731.0,-2394.0,10017645.0,0.0,-3728.0,-4261.0,20910000.0,53703000.0,100274000.0,idle
163140,7182.0,-1197.0,9994899.0,0.0,-3728.0,-2663.0,20910000.0,53703000.0,100274000.0,idle
163150,20351.0,3591.0,10005674.0,-532.0,-3728.0,-1597.0,20910000.0,53703000.0,100274000.0,idle
163161,44294.0,-13168.0,9987717.0,1065.0,-3728.0,-2663.0,20910000.0,53703000.0,100274000.0,idle
163170,17957.0,0.0,9993702.0,532.0,-3195.0,-3195.0,20910000.0,53703000.0,100274000.0,idle
163181,23942.0,1197.0,9984125.0,0.0,-4261.0,-2130.0,20910000.0,53703000.0,100274000.0,idle
163191,20351.0,-3591.0,9976942.0,532.0,-4261.0,-3195.0,20910000.0,53703000.0,100274000.0,idle
163201,23942.0,-8379.0,9988914.0,1065.0,-4261.0,-2130.0,20910000.0,53703000.0,100274000.0,idle
163211,10774.0,3591.0,9998491.0,0.0,-4261.0,-2663.0,20910000.0,53703000.0,100274000.0,idle
163221,19154.0,3591.0,9988914.0,0.0,-2663.0,-3728.0,20910000.0,53703000.0,100274000.0,idle
163231,9577.0,-1197.0,10006871.0,-1065.0,-3728.0,-3195.0,20910000.0,53703000.0,100274000.0,idle
163241,33519.0,-2394.0,9992505.0,-532.0,-3728.0,-3195.0,20910000.0,53703000.0,100274000.0,idle
163251,33519.0,-13168.0,9988914.0,-532.0,-3728.0,-2663.0,20910000.0,53703000.0,100274000.0,idle
163261,33519.0,-7182.0,9999688.0,-532.0,-5326.0,-3195.0,20910000.0,53703000.0,100274000.0,idle
163271,39505.0,1197.0,9988914.0,0.0,-5326.0,-3195.0,20900000.0,53685000.0,100272000.0,idle
163281,29928.0,0.0,10006871.0,1597.0,-4793.0,-2663.0,20900000.0,53685000.0,100272000.0,idle
163291,9577.0,-10774.0,10012856.0,532.0,-4793.0,-2663.0,20900000.0,53685000.0,100272000.0,idle
163301,44294.0,4788.0,10000885.0,-532.0,-4261.0,-2663.0,20900000.0,53685000.0,100272000.0,idle
163311,29928.0,2394.0,9994899.0,1065.0,-2663.0,-3195.0,20900000.0,53685000.0,100272000.0,idle
163321,22745.0,-14365.0,10003279.0,2130.0,-3728.0,-2663.0,20900000.0,53685000.0,100272000.0,idle
163331,16759.0,-7182.0,9986519.0,1597.0,-4793.0,-2663.0,20900000.0,53685000.0,100272000.0,idle
163341,33519.0,-7182.0,10006871.0,0.0,-3195.0,-3728.0,20900000.0,53685000.0,100272000.0,idle
163351,43096.0,-10774.0,10029616.0,-532.0,-4261.0,-2130.0,20900000.0,53685000.0,100272000.0,idle
163361,20351.0,-8379.0,9996096.0,2130.0,-4793.0,-2663.0,20900000.0,53685000.0,100272000.0,idle
163371,21548.0,3591.0,10003279.0,0.0,-4261.0,-3728.0,20900000.0,53685000.0,100272000.0,idle
163381,15562.0,-8379.0,10008068.0,0.0,-2663.0,-2663.0,20900000.0,53685000.0,100272000.0,idle
163391,29928.0,-14365.0,10009265.0,532.0,-5326.0,-3728.0,20900000.0,53685000.0,100272000.0,idle
163401,29928.0,-10774.0,10009265.0,-1597.0,-4261.0,-3728.0,20900000.0,53685000.0,100272000.0,idle
163411,8379.0,-17957.0,10009265.0,532.0,-2663.0,-2663.0,20900000.0,53685000.0,100272000.0,idle
163421,27534.0,-13168.0,9999688.0,0.0,-4261.0,-3195.0,20900000.0,53685000.0,100272000.0,idle
163431,29928.0,-10774.0,9996096.0,532.0,-4793.0,-1597.0,20900000.0,53685000.0,100272000.0,idle
163441,31125.0,-19154.0,10000885.0,1065.0,-3728.0,-3195.0,20900000.0,53685000.0,100272000.0,idle
163451,10774.0,-5985.0,9996096.0,1065.0,-3728.0,-3195.0,20900000.0,53685000.0,100272000.0,idle
163461,31125.0,-5985.0,10018842.0,-532.0,-3728.0,-3728.0,20900000.0,53685000.0,100272000.0,idle
163471,38308.0,4788.0,9999688.0,0.0,-5326.0,-3728.0,20900000.0,53685000.0,100272000.0,idle
163481,7182.0,-2394.0,10006871.0,0.0,-5326.0,-2663.0,20900000.0,53685000.0,100272000.0,idle
163491,23942.0,-1197.0,9996096.0,-532.0,-3728.0,-2663.0,20900000.0,53685000.0,100272000.0,idle
163501,15562.0,-15562.0,9993702.0,0.0,-2663.0,-4261.0,20900000.0,53685000.0,100272000.0,idle
163511,16759.0,-1197.0,9991308.0,-1065.0,-3195.0,-2663.0,20900000.0,53685000.0,100272000.0,idle
163521,25139.0,-9577.0,10012856.0,532.0,-5326.0,-2663.0,20900000.0,53685000.0,100272000.0,idle
163531,38308.0,-2394.0,10022434.0,0.0,-5326.0,-3195.0,20900000.0,53685000.0,100272000.0,idle
163541,43096.0,-3591.0,10002082.0,0.0,-4261.0,-3195.0,20900000.0,53685000.0,100272000.0,idle
163551,15562.0,-5985.0,9979337.0,-532.0,-4261.0,-3195.0,20900000.0,53685000.0,100272000.0,idle
163561,9577.0,4788.0,9984125.0,0.0,-4793.0,-3195.0,20900000.0,53685000.0,100272000.0,idle
163571,27534.0,9577.0,9996096.0,1065.0,-3195.0,-3728.0,20900000.0,53685000.0,100272000.0,idle
163581,43096.0,2394.0,9999688.0,-532.0,-3195.0,-3195.0,20900000.0,53685000.0,100272000.0,idle
163591,33519.0,-10774.0,9985322.0,-532.0,-3728.0,-2663.0,20900000.0,53685000.0,100272000.0,idle
163601,14365.0,-14365.0,9972154.0,-532.0,-3728.0,-4793.0,20900000.0,53685000.0,100272000.0,idle
163611,25139.0,-9577.0,9994899.0,-1065.0,-5326.0,-4793.0,20900000.0,53685000.0,100272000.0,idle
163621,26337.0,-5985.0,10018842.0,-1065.0,-4793.0,-3728.0,20900000.0,53685000.0,100272000.0,idle
163631,19154.0,-2394.0,10012856.0,-532.0,-3195.0,-4261.0,20900000.0,53685000.0,100272000.0,idle
163641,37111.0,-13168.0,10005674.0,532.0,-3195.0,-3195.0,20900000.0,53685000.0,100272000.0,idle
163681,29928.0,-19154.0,9976942.0,532.0,-4793.0,-2663.0,20900000.0,53685000.0,100272000.0,idle
163691,41899.0,-4788.0,9988914.0,532.0,-4793.0,-3195.0,20900000.0,53685000.0,100272000.0,idle
163702,26337.0,8379.0,10005674.0,532.0,-4261.0,-3728.0,20900000.0,53685000.0,100272000.0,idle
163711,14365.0,2394.0,9987717.0,532.0,-3195.0,-3728.0,20900000.0,53685000.0,100272000.0,idle
163721,34716.0,-15562.0,9980534.0,532.0,-3728.0,-3195.0,20900000.0,53685000.0,100272000.0,idle
163731,38308.0,0.0,10008068.0,0.0,-2663.0,-3728.0,20900000.0,53685000.0,100272000.0,idle
163741,19154.0,-2394.0,9996096.0,-1065.0,-3728.0,-3195.0,20900000.0,53685000.0,100272000.0,idle
163752,43096.0,4788.0,9996096.0,0.0,-3728.0,-1597.0,20900000.0,53685000.0,100272000.0,idle
163761,45491.0,-14365.0,9986519.0,532.0,-3728.0,-2663.0,20900000.0,53685000.0,100272000.0,idle
163771,32322.0,-2394.0,10000885.0,0.0,-4261.0,-3195.0,20900000.0,53685000.0,100272000.0,idle
163781,17957.0,5985.0,10004476.0,-532.0,-2663.0,-3728.0,20900000.0,53685000.0,100272000.0,idle
163792,37111.0,-10774.0,10008068.0,532.0,-3195.0,-2663.0,20900000.0,53685000.0,100272000.0,idle
163802,32322.0,1197.0,9993702.0,0.0,-4793.0,-3195.0,20900000.0,53685000.0,100272000.0,idle
163812,8379.0,9577.0,9985322.0,0.0,-3728.0,-3195.0,20900000.0,53685000.0,100272000.0,idle
163822,43096.0,7182.0,9994899.0,0.0,-3728.0,-2130.0,20900000.0,53685000.0,100272000.0,idle
163832,33519.0,-9577.0,9999688.0,0.0,-3728.0,-3728.0,20900000.0,53685000.0,100272000.0,idle
163882,43096.0,-1197.0,9999688.0,532.0,-3728.0,-2130.0,20900000.0,53685000.0,100272000.0,idle
163892,32322.0,-15562.0,10017645.0,532.0,-3728.0,-2130.0,20900000.0,53685000.0,100272000.0,idle
163902,15562.0,-7182.0,10006871.0,532.0,-3728.0,-3195.0,20900000.0,53685000.0,100272000.0,idle
163912,39505.0,-14365.0,9981731.0,-532.0,-5326.0,-2663.0,20900000.0,53685000.0,100272000.0,idle
163922,29928.0,-16759.0,9986519.0,532.0,-4793.0,-1597.0,20900000.0,53685000.0,100272000.0,idle
163932,11971.0,8379.0,9999688.0,-532.0,-3728.0,-3728.0,20900000.0,53685000.0,100272000.0,idle
163942,16759.0,-10774.0,9985322.0,0.0,-5326.0,-2130.0,20900000.0,53685000.0,100272000.0,idle
163952,33519.0,8379.0,9967365.0,0.0,-4793.0,-3728.0,20900000.0,53685000.0,100272000.0,idle
163962,19154.0,3591.0,9996096.0,0.0,-4261.0,-3728.0,20900000.0,53685000.0,100272000.0,idle
163972,19154.0,-3591.0,10014054.0,0.0,-3195.0,-3728.0,20900000.0,53685000.0,100272000.0,idle
163982,13168.0,-10774.0,10017645.0,-532.0,-4261.0,-3728.0,20900000.0,53685000.0,100272000.0,idle
163992,15562.0,-10774.0,9981731.0,0.0,-3728.0,-3195.0,20900000.0,53685000.0,100272000.0,idle
164002,31125.0,-11971.0,9978139.0,-532.0,-4261.0,-2663.0,20900000.0,53685000.0,100272000.0,idle
164012,34716.0,-1197.0,10009265.0,0.0,-4261.0,-3728.0,20900000.0,53685000.0,100272000.0,idle
164022,35914.0,-1197.0,10000885.0,1065.0,-4261.0,-2663.0,20900000.0,53685000.0,100272000.0,idle
164032,23942.0,-7182.0,10008068.0,1065.0,-2663.0,-2663.0,20900000.0,53685000.0,100272000.0,idle
164042,10774.0,0.0,10006871.0,532.0,-3195.0,-2663.0,20900000.0,53685000.0,100272000.0,idle
164052,25139.0,-8379.0,9988914.0,-532.0,-4793.0,-2130.0,20900000.0,53685000.0,100272000.0,idle
164062,33519.0,-1197.0,9992505.0,-532.0,-3728.0,-3195.0,20900000.0,53685000.0,100272000.0,idle
164072,29928.0,7182.0,10000885.0,532.0,-4793.0,-2663.0,20900000.0,53685000.0,100272000.0,idle
164082,38308.0,-2394.0,9996096.0,1597.0,-3728.0,-2130.0,20900000.0,53685000.0,100272000.0,idle
164092,17957.0,-2394.0,9987717.0,-1065.0,-3728.0,-4261.0,20900000.0,53685000.0,100272000.0,idle
164102,21548.0,-16759.0,9981731.0,-532.0,-3728.0,-2130.0,20900000.0,53685000.0,100272000.0,idle
164112,19154.0,-15562.0,9992505.0,1065.0,-3195.0,-2663.0,20900000.0,53685000.0,100272000.0,idle
164122,17957.0,1197.0,9988914.0,-532.0,-4793.0,-4793.0,20900000.0,53685000.0,100272000.0,idle
164132,38308.0,0.0,10014054.0,-532.0,-3728.0,-2663.0,20900000.0,53685000.0,100272000.0,idle
164142,28731.0,-7182.0,9986519.0,0.0,-3728.0,-2663.0,20900000.0,53685000.0,100272000.0,idle
164152,25139.0,-15562.0,9982928.0,0.0,-4261.0,-4261.0,20900000.0,53685000.0,100272000.0,idle
164162,23942.0,-15562.0,10003279.0,0.0,-4261.0,-3195.0,20900000.0,53685000.0,100272000.0,idle
164172,23942.0,-14365.0,10006871.0,-532.0,-3728.0,-4261.0,20900000.0,53685000.0,100272000.0,idle
164182,35914.0,2394.0,9999688.0,532.0,-4261.0,-2663.0,20900000.0,53685000.0,100272000.0,idle
164192,41899.0,9577.0,10008068.0,0.0,-4793.0,-2663.0,20900000.0,53685000.0,100272000.0,idle
164202,22745.0,0.0,9991308.0,0.0,-3728.0,-3728.0,20900000.0,53685000.0,100272000.0,idle
164212,23942.0,-4788.0,9988914.0,0.0,-3195.0,-3728.0,20900000.0,53685000.0,100272000.0,idle
164222,27534.0,3591.0,9990111.0,532.0,-4793.0,-3195.0,20900000.0,53685000.0,100272000.0,idle
164232,31125.0,-9577.0,9996096.0,1065.0,-4261.0,-4261.0,20900000.0,53685000.0,100272000.0,idle
164242,28731.0,-4788.0,10012856.0,0.0,-2663.0,-4261.0,20900000.0,53685000.0,100272000.0,idle
164252,22745.0,-3591.0,9988914.0,532.0,-4793.0,-3195.0,20900000.0,53685000.0,100272000.0,idle
164262,14365.0,4788.0,9996096.0,1065.0,-3195.0,-3195.0,20900000.0,53685000.0,100272000.0,idle
164272,19154.0,-3591.0,9993702.0,1065.0,-2663.0,-2663.0,20880000.0,53649000.0,100268000.0,idle
164282,15562.0,-4788.0,9987717.0,0.0,-4261.0,-3195.0,20880000.0,53649000.0,100268000.0,idle
164292,27534.0,-9577.0,10000885.0,532.0,-4261.0,-3728.0,20880000.0,53649000.0,100268000.0,idle
164303,21548.0,-7182.0,10010462.0,532.0,-5326.0,-3195.0,20880000.0,53649000.0,100268000.0,idle
164312,21548.0,-2394.0,9990111.0,-1065.0,-3195.0,-2663.0,20880000.0,53649000.0,100268000.0,idle
164322,40702.0,5985.0,10000885.0,532.0,-2663.0,-1597.0,20880000.0,53649000.0,100268000.0,idle
164332,19154.0,8379.0,9992505.0,1597.0,-3195.0,-2663.0,20880000.0,53649000.0,100268000.0,idle
164342,27534.0,-10774.0,10002082.0,532.0,-3728.0,-2663.0,20880000.0,53649000.0,100268000.0,idle
164352,25139.0,-1197.0,10003279.0,0.0,-3195.0,-3195.0,20880000.0,53649000.0,100268000.0,idle
164362,28731.0,-14365.0,9990111.0,1597.0,-4261.0,-3195.0,20880000.0,53649000.0,100268000.0,idle
164372,40702.0,-1197.0,10014054.0,532.0,-3195.0,-3195.0,20880000.0,53649000.0,100268000.0,idle
164382,34716.0,0.0,10020039.0,-1597.0,-3195.0,-4261.0,20880000.0,53649000.0,100268000.0,idle
164392,21548.0,5985.0,10010462.0,0.0,-3728.0,-3728.0,20880000.0,53649000.0,100268000.0,idle
164403,28731.0,-11971.0,9988914.0,1065.0,-4261.0,-2663.0,20880000.0,53649000.0,100268000.0,idle
164413,32322.0,-31125.0,9997294.0,-532.0,-3195.0,-3728.0,20880000.0,53649000.0,100268000.0,idle
164423,28731.0,4788.0,9984125.0,0.0,-3728.0,-2663.0,20880000.0,53649000.0,100268000.0,idle
164433,16759.0,0.0,9986519.0,0.0,-4793.0,-2663.0,20880000.0,53649000.0,100268000.0,idle
164443,27534.0,-11971.0,10016448.0,1065.0,-5326.0,-4261.0,20880000.0,53649000.0,100268000.0,idle
164453,15562.0,-9577.0,9998491.0,1065.0,-3728.0,-3195.0,20880000.0,53649000.0,100268000.0,idle
164463,26337.0,-4788.0,10008068.0,-532.0,-3195.0,-2130.0,20880000.0,53649000.0,100268000.0,idle
164473,9577.0,-14365.0,9999688.0,0.0,-4261.0,-4261.0,20880000.0,53649000.0,100268000.0,idle
164483,26337.0,-9577.0,9982928.0,0.0,-3195.0,-5326.0,20880000.0,53649000.0,100268000.0,idle
164493,41899.0,-8379.0,9993702.0,1065.0,-4261.0,-2663.0,20880000.0,53649000.0,100268000.0,idle
164503,23942.0,7182.0,9998491.0,1065.0,-4261.0,-2663.0,20880000.0,53649000.0,100268000.0,idle
164513,28731.0,-1197.0,10003279.0,532.0,-3728.0,-2663.0,20880000.0,53649000.0,100268000.0,idle
164523,34716.0,-9577.0,10002082.0,0.0,-3728.0,-2130.0,20880000.0,53649000.0,100268000.0,idle
164533,47885.0,-11971.0,10005674.0,0.0,-4261.0,-3195.0,20880000.0,53649000.0,100268000.0,idle
164543,35914.0,-8379.0,9988914.0,1065.0,-4261.0,-2663.0,20880000.0,53649000.0,100268000.0,idle
164553,5985.0,-3591.0,10006871.0,0.0,-3195.0,-3195.0,20880000.0,53649000.0,100268000.0,idle
164563,35914.0,4788.0,9998491.0,0.0,-3728.0,-2663.0,20880000.0,53649000.0,100268000.0,idle
164573,37111.0,-4788.0,9996096.0,0.0,-3195.0,-2663.0,20880000.0,53649000.0,100268000.0,idle
164583,11971.0,-7182.0,9988914.0,532.0,-2130.0,-3195.0,20880000.0,53649000.0,100268000.0,idle
164593,19154.0,-4788.0,9990111.0,1065.0,-4261.0,-4261.0,20880000.0,53649000.0,100268000.0,idle
164603,28731.0,-8379.0,9999688.0,-532.0,-3728.0,-2663.0,20880000.0,53649000.0,100268000.0,idle
164613,16759.0,-3591.0,9994899.0,2130.0,-2130.0,-3195.0,20880000.0,53649000.0,100268000.0,idle
164623,29928.0,-10774.0,10003279.0,532.0,-3195.0,-2130.0,20880000.0,53649000.0,100268000.0,idle
164633,38308.0,7182.0,10012856.0,532.0,-3728.0,-4261.0,20880000.0,53649000.0,100268000.0,idle
164643,23942.0,-8379.0,10004476.0,1065.0,-3195.0,-3728.0,20880000.0,53649000.0,100268000.0,idle
164653,22745.0,-1197.0,10008068.0,1065.0,-4261.0,-2663.0,20880000.0,53649000.0,100268000.0,idle
164663,10774.0,-3591.0,10021236.0,-532.0,-4261.0,-3728.0,20880000.0,53649000.0,100268000.0,idle
164673,26337.0,-4788.0,9996096.0,0.0,-5859.0,-3728.0,20880000.0,53649000.0,100268000.0,idle
164683,19154.0,-7182.0,9985322.0,532.0,-2663.0,-3195.0,20880000.0,53649000.0,100268000.0,idle
164693,22745.0,-2394.0,9999688.0,532.0,-3728.0,-4261.0,20880000.0,53649000.0,100268000.0,idle
164703,23942.0,-7182.0,9997294.0,-532.0,-5859.0,-3195.0,20880000.0,53649000.0,100268000.0,idle
164713,23942.0,-9577.0,9994899.0,532.0,-4261.0,-3195.0,20880000.0,53649000.0,100268000.0,idle
164723,21548.0,-5985.0,10016448.0,1065.0,-4261.0,-4261.0,20880000.0,53649000.0,100268000.0,idle
164733,10774.0,0.0,9994899.0,532.0,-4261.0,-4261.0,20880000.0,53649000.0,100268000.0,idle
164743,22745.0,1197.0,9996096.0,1065.0,-4261.0,-2663.0,20880000.0,53649000.0,100268000.0,idle
164753,33519.0,1197.0,10005674.0,-532.0,-3728.0,-3728.0,20880000.0,53649000.0,100268000.0,idle
164763,13168.0,1197.0,9996096.0,0.0,-3195.0,-4793.0,20880000.0,53649000.0,100268000.0,idle
164773,19154.0,-17957.0,9991308.0,-532.0,-3728.0,-3728.0,20880000.0,53649000.0,100268000.0,idle
164783,13168.0,-14365.0,10003279.0,0.0,-4261.0,-4261.0,20880000.0,53649000.0,100268000.0,idle
164793,31125.0,-3591.0,9998491.0,-532.0,-2663.0,-4261.0,20880000.0,53649000.0,100268000.0,idle
164803,28731.0,-7182.0,9999688.0,0.0,-5326.0,-4261.0,20880000.0,53649000.0,100268000.0,idle
164813,26337.0,-11971.0,9996096.0,532.0,-4261.0,-2663.0,20880000.0,53649000.0,100268000.0,idle
164823,27534.0,-16759.0,9998491.0,532.0,-2663.0,-3728.0,20880000.0,53649000.0,100268000.0,idle
164833,37111.0,-5985.0,9999688.0,1065.0,-3195.0,-3195.0,20880000.0,53649000.0,100268000.0,idle
164843,37111.0,-3591.0,9999688.0,-532.0,-3728.0,-2663.0,20880000.0,53649000.0,100268000.0,idle
164853,15562.0,2394.0,9999688.0,532.0,-4261.0,-2130.0,20880000.0,53649000.0,100268000.0,idle
164863,22745.0,0.0,9996096.0,532.0,-3728.0,-2663.0,20880000.0,53649000.0,100268000.0,idle
164873,41899.0,-4788.0,10011659.0,-532.0,-3195.0,-3195.0,20880000.0,53649000.0,100268000.0,idle
164883,32322.0,-16759.0,10003279.0,532.0,-2663.0,-2663.0,20880000.0,53649000.0,100268000.0,idle
164893,29928.0,-20351.0,10011659.0,1597.0,-3195.0,-1597.0,20880000.0,53649000.0,100268000.0,idle
164903,26337.0,2394.0,9985322.0,-532.0,-3728.0,-3195.0,20880000.0,53649000.0,100268000.0,idle
164913,26337.0,2394.0,9985322.0,-532.0,-3728.0,-3195.0,20880000.0,53649000.0,100268000.0,idle
164923,10774.0,0.0,9993702.0,1065.0,-5326.0,-3195.0,20880000.0,53649000.0,100268000.0,idle
164973,33519.0,-8379.0,10004476.0,0.0,-3195.0,-2663.0,20880000.0,53649000.0,100268000.0,idle
164983,27534.0,-7182.0,10000885.0,-532.0,-2663.0,-3195.0,20880000.0,53649000.0,100268000.0,idle
164993,21548.0,4788.0,10005674.0,532.0,-4261.0,-3728.0,20880000.0,53649000.0,100268000.0,idle
165004,35914.0,7182.0,10006871.0,532.0,-4261.0,-3195.0,20880000.0,53649000.0,100268000.0,idle
165013,31125.0,-5985.0,9979337.0,532.0,-2663.0,-3195.0,20880000.0,53649000.0,100268000.0,idle
165023,22745.0,2394.0,10003279.0,1597.0,-3195.0,-3195.0,20880000.0,53649000.0,100268000.0,idle
165034,15562.0,-14365.0,9993702.0,0.0,-4793.0,-2663.0,20880000.0,53649000.0,100268000.0,idle
165043,35914.0,4788.0,10010462.0,0.0,-3195.0,-2663.0,20880000.0,53649000.0,100268000.0,idle
165054,17957.0,1197.0,10006871.0,1065.0,-3728.0,-2663.0,20880000.0,53649000.0,100268000.0,idle
165064,28731.0,2394.0,10011659.0,532.0,-4261.0,-2130.0,20880000.0,53649000.0,100268000.0,idle
165074,17957.0,-1197.0,9996096.0,0.0,-2663.0,-3195.0,20880000.0,53649000.0,100268000.0,idle
165084,21548.0,-13168.0,9986519.0,-532.0,-2130.0,-4261.0,20880000.0,53649000.0,100268000.0,idle
165094,16759.0,-2394.0,9985322.0,1597.0,-4261.0,-3728.0,20880000.0,53649000.0,100268000.0,idle
165104,26337.0,4788.0,9990111.0,1597.0,-4261.0,-4261.0,20880000.0,53649000.0,100268000.0,idle
165114,27534.0,-11971.0,10010462.0,532.0,-4793.0,-3728.0,20880000.0,53649000.0,100268000.0,idle
165124,28731.0,-10774.0,9999688.0,-2130.0,-2663.0,-4261.0,20880000.0,53649000.0,100268000.0,idle
165134,22745.0,-3591.0,9990111.0,-1065.0,-3728.0,-5326.0,20880000.0,53649000.0,100268000.0,idle
165144,35914.0,-8379.0,10003279.0,532.0,-3195.0,-3195.0,20880000.0,53649000.0,100268000.0,idle
165154,35914.0,2394.0,9988914.0,2130.0,-3195.0,-3195.0,20880000.0,53649000.0,100268000.0,idle
165164,43096.0,0.0,9981731.0,-532.0,-2663.0,-3195.0,20880000.0,53649000.0,100268000.0,idle
165174,23942.0,1197.0,9985322.0,-1065.0,-3195.0,-3195.0,20880000.0,53649000.0,100268000.0,idle
165184,29928.0,-11971.0,9999688.0,0.0,-3728.0,-3728.0,20880000.0,53649000.0,100268000.0,idle
165194,16759.0,-15562.0,9998491.0,0.0,-3195.0,-4261.0,20880000.0,53649000.0,100268000.0,idle
165204,25139.0,-5985.0,9997294.0,1597.0,-3195.0,-2663.0,20880000.0,53649000.0,100268000.0,idle
165214,33519.0,3591.0,10008068.0,1065.0,-3728.0,-4261.0,20880000.0,53649000.0,100268000.0,idle
165224,29928.0,7182.0,9994899.0,1065.0,-4793.0,-3728.0,20880000.0,53649000.0,100268000.0,idle
165234,29928.0,1197.0,9991308.0,1065.0,-3195.0,-3728.0,20880000.0,53649000.0,100268000.0,idle
165244,22745.0,-2394.0,9990111.0,0.0,-3728.0,-2663.0,20880000.0,53649000.0,100268000.0,idle
165254,25139.0,-1197.0,10003279.0,532.0,-4261.0,-2130.0,20880000.0,53649000.0,100268000.0,idle
165264,32322.0,-13168.0,10009265.0,532.0,-3195.0,-3728.0,20880000.0,53649000.0,100268000.0,idle
165274,31125.0,1197.0,10005674.0,-1065.0,-2130.0,-4261.0,20860000.0,53596000.0,100272000.0,idle
165284,22745.0,1197.0,9994899.0,-1065.0,-3728.0,-4261.0,20860000.0,53596000.0,100272000.0,idle
165294,31125.0,2394.0,9993702.0,-1065.0,-4793.0,-2663.0,20860000.0,53596000.0,100272000.0,idle
165304,37111.0,-4788.0,9991308.0,-532.0,-3728.0,-2130.0,20860000.0,53596000.0,100272000.0,idle
165314,14365.0,9577.0,9988914.0,0.0,-2663.0,-3728.0,20860000.0,53596000.0,100272000.0,idle
165324,32322.0,-1197.0,10006871.0,0.0,-4261.0,-3195.0,20860000.0,53596000.0,100272000.0,idle
165334,22745.0,-4788.0,9994899.0,532.0,-4261.0,-3195.0,20860000.0,53596000.0,100272000.0,idle
165344,23942.0,2394.0,9998491.0,532.0,-4261.0,-4261.0,20860000.0,53596000.0,100272000.0,idle
165354,17957.0,-17957.0,10006871.0,-532.0,-4793.0,-3728.0,20860000.0,53596000.0,100272000.0,idle
165364,26337.0,-8379.0,9980534.0,532.0,-4261.0,-2663.0,20860000.0,53596000.0,100272000.0,idle
165374,23942.0,-20351.0,10000885.0,1065.0,-4261.0,-4261.0,20860000.0,53596000.0,100272000.0,idle
165384,23942.0,-11971.0,10009265.0,532.0,-4261.0,-3195.0,20860000.0,53596000.0,100272000.0,idle
165394,19154.0,5985.0,9985322.0,532.0,-2663.0,-2663.0,20860000.0,53596000.0,100272000.0,idle
165404,21548.0,-9577.0,9996096.0,532.0,-2663.0,-3195.0,20860000.0,53596000.0,100272000.0,idle
165414,26337.0,-8379.0,9986519.0,0.0,-4261.0,-4261.0,20860000.0,53596000.0,100272000.0,idle
165424,28731.0,-10774.0,10002082.0,-532.0,-3195.0,-4793.0,20860000.0,53596000.0,100272000.0,idle
165434,25139.0,-14365.0,9994899.0,0.0,-3195.0,-3728.0,20860000.0,53596000.0,100272000.0,idle
165444,26337.0,-15562.0,9998491.0,532.0,-3195.0,-3195.0,20860000.0,53596000.0,100272000.0,idle
165454,16759.0,1197.0,9990111.0,0.0,-3195.0,-3728.0,20860000.0,53596000.0,100272000.0,idle
165464,-3591.0,-3591.0,9988914.0,-532.0,-2130.0,-3728.0,20860000.0,53596000.0,100272000.0,idle
165474,43096.0,15562.0,9988914.0,532.0,-4261.0,-2130.0,20860000.0,53596000.0,100272000.0,idle
165484,44294.0,-25139.0,10033208.0,532.0,-5326.0,-3195.0,20860000.0,53596000.0,100272000.0,idle
165494,5985.0,-29928.0,10016448.0,-532.0,-4261.0,-3195.0,20860000.0,53596000.0,100272000.0,idle
165504,19154.0,5985.0,10010462.0,-2130.0,-3728.0,-3728.0,20860000.0,53596000.0,100272000.0,idle
165514,33519.0,16759.0,9991308.0,0.0,-2130.0,-3195.0,20860000.0,53596000.0,100272000.0,idle
165524,15562.0,3591.0,9956591.0,532.0,-3728.0,-3195.0,20860000.0,53596000.0,100272000.0,idle
165534,5985.0,-11971.0,9963774.0,1065.0,-3195.0,-2663.0,20860000.0,53596000.0,100272000.0,idle
165544,35914.0,-8379.0,10016448.0,1065.0,-4261.0,-2130.0,20860000.0,53596000.0,100272000.0,idle
165554,41899.0,-10774.0,10042785.0,1065.0,-3195.0,-3195.0,20860000.0,53596000.0,100272000.0,idle
165564,22745.0,7182.0,10010462.0,532.0,-3728.0,-2663.0,20860000.0,53596000.0,100272000.0,idle
165574,22745.0,9577.0,9975745.0,0.0,-3195.0,-2663.0,20860000.0,53596000.0,100272000.0,idle
165584,35914.0,-19154.0,9954197.0,1065.0,-1597.0,-3195.0,20860000.0,53596000.0,100272000.0,idle
165594,31125.0,-10774.0,9985322.0,1597.0,-4793.0,-4261.0,20860000.0,53596000.0,100272000.0,idle
165605,17957.0,-1197.0,9990111.0,532.0,-5326.0,-2663.0,20860000.0,53596000.0,100272000.0,idle
165614,26337.0,-13168.0,9991308.0,1065.0,-3195.0,-3195.0,20860000.0,53596000.0,100272000.0,idle
165624,52674.0,-7182.0,10012856.0,532.0,-2130.0,-4793.0,20860000.0,53596000.0,100272000.0,idle
165634,32322.0,-2394.0,10003279.0,-532.0,-3195.0,-3728.0,20860000.0,53596000.0,100272000.0,idle
165644,9577.0,-3591.0,9985322.0,-532.0,-4793.0,-3195.0,20860000.0,53596000.0,100272000.0,idle
165655,31125.0,8379.0,9982928.0,532.0,-4261.0,-2663.0,20860000.0,53596000.0,100272000.0,idle
165665,22745.0,3591.0,9999688.0,1065.0,-3728.0,-2663.0,20860000.0,53596000.0,100272000.0,idle
165675,20351.0,-8379.0,10017645.0,0.0,-2130.0,-3195.0,20860000.0,53596000.0,100272000.0,idle
165685,33519.0,-13168.0,10002082.0,0.0,-3195.0,-4261.0,20860000.0,53596000.0,100272000.0,idle
165695,19154.0,0.0,10011659.0,0.0,-3728.0,-3728.0,20860000.0,53596000.0,100272000.0,idle
165705,25139.0,5985.0,9991308.0,-532.0,-2130.0,-4261.0,20860000.0,53596000.0,100272000.0,idle
165715,29928.0,-3591.0,9986519.0,532.0,-3728.0,-5326.0,20860000.0,53596000.0,100272000.0,idle
165725,19154.0,-21548.0,9997294.0,532.0,-3728.0,-3195.0,20860000.0,53596000.0,100272000.0,idle
165735,4788.0,-10774.0,9988914.0,1065.0,-2663.0,-2130.0,20860000.0,53596000.0,100272000.0,idle
165745,22745.0,-5985.0,9991308.0,532.0,-4261.0,-2663.0,20860000.0,53596000.0,100272000.0,idle
165755,35914.0,10774.0,9993702.0,0.0,-4261.0,-1597.0,20860000.0,53596000.0,100272000.0,idle
165765,31125.0,4788.0,9994899.0,0.0,-4261.0,-2130.0,20860000.0,53596000.0,100272000.0,idle
165775,46688.0,-1197.0,9991308.0,0.0,-5326.0,-3195.0,20860000.0,53596000.0,100272000.0,idle
165785,39505.0,-9577.0,10010462.0,0.0,-3728.0,-4261.0,20860000.0,53596000.0,100272000.0,idle
165795,20351.0,-20351.0,9996096.0,0.0,-3195.0,-4261.0,20860000.0,53596000.0,100272000.0,idle
165805,11971.0,-2394.0,9993702.0,-532.0,-2663.0,-2663.0,20860000.0,53596000.0,100272000.0,idle
165815,22745.0,-14365.0,9987717.0,-532.0,-4261.0,-2663.0,20860000.0,53596000.0,100272000.0,idle
165825,29928.0,-3591.0,9990111.0,0.0,-5326.0,-2130.0,20860000.0,53596000.0,100272000.0,idle
165835,32322.0,-1197.0,10000885.0,0.0,-3195.0,-3195.0,20860000.0,53596000.0,100272000.0,idle
165845,34716.0,-5985.0,10018842.0,0.0,-3195.0,-3195.0,20860000.0,53596000.0,100272000.0,idle
165855,32322.0,1197.0,10010462.0,532.0,-3195.0,-2663.0,20860000.0,53596000.0,100272000.0,idle
165865,19154.0,5985.0,9992505.0,532.0,-4261.0,-1597.0,20860000.0,53596000.0,100272000.0,idle
165875,13168.0,1197.0,9985322.0,532.0,-4261.0,-3195.0,20860000.0,53596000.0,100272000.0,idle
165885,40702.0,-14365.0,9992505.0,0.0,-4261.0,-4261.0,20860000.0,53596000.0,100272000.0,idle
165895,19154.0,-10774.0,9996096.0,0.0,-3728.0,-3195.0,20860000.0,53596000.0,100272000.0,idle
165905,25139.0,3591.0,10002082.0,1065.0,-4261.0,-3728.0,20860000.0,53596000.0,100272000.0,idle
165915,28731.0,0.0,10015251.0,0.0,-4261.0,-3195.0,20860000.0,53596000.0,100272000.0,idle
165925,41899.0,-22745.0,9987717.0,-1065.0,-3195.0,-3195.0,20860000.0,53596000.0,100272000.0,idle
165935,37111.0,-17957.0,9984125.0,0.0,-4261.0,-3728.0,20860000.0,53596000.0,100272000.0,idle
165945,7182.0,-4788.0,9993702.0,0.0,-4261.0,-3195.0,20860000.0,53596000.0,100272000.0,idle
165955,28731.0,-5985.0,10003279.0,532.0,-3728.0,-3195.0,20860000.0,53596000.0,100272000.0,idle
165965,45491.0,-8379.0,9997294.0,532.0,-2663.0,-2663.0,20860000.0,53596000.0,100272000.0,idle
165975,45491.0,-8379.0,9997294.0,532.0,-2663.0,-2663.0,20860000.0,53596000.0,100272000.0,idle
165985,22745.0,1197.0,9986519.0,532.0,-3195.0,-2663.0,20860000.0,53596000.0,100272000.0,idle
165995,16759.0,0.0,10000885.0,532.0,-3728.0,-1597.0,20860000.0,53596000.0,100272000.0,idle
166005,20351.0,2394.0,9988914.0,1065.0,-4261.0,-2663.0,20860000.0,53596000.0,100272000.0,idle
166015,37111.0,-4788.0,10003279.0,532.0,-3728.0,-2663.0,20860000.0,53596000.0,100272000.0,idle
166025,27534.0,-9577.0,9999688.0,532.0,-4261.0,-2663.0,20860000.0,53596000.0,100272000.0,idle
166035,26337.0,-4788.0,9976942.0,532.0,-3728.0,-3728.0,20860000.0,53596000.0,100272000.0,idle
166045,21548.0,-8379.0,9994899.0,-532.0,-3728.0,-4261.0,20860000.0,53596000.0,100272000.0,idle
166055,8379.0,1197.0,10014054.0,-532.0,-3195.0,-2130.0,20860000.0,53596000.0,100272000.0,idle
166065,11971.0,-9577.0,10014054.0,0.0,-3728.0,-2130.0,20860000.0,53596000.0,100272000.0,idle
166075,21548.0,-8379.0,9996096.0,-1065.0,-2663.0,-4261.0,20860000.0,53596000.0,100272000.0,idle
166085,17957.0,-15562.0,9985322.0,-532.0,-3728.0,-2130.0,20860000.0,53596000.0,100272000.0,idle
166095,19154.0,-17957.0,10014054.0,532.0,-3728.0,-3728.0,20860000.0,53596000.0,100272000.0,idle
166105,31125.0,-17957.0,9994899.0,532.0,-4261.0,-2663.0,20860000.0,53596000.0,100272000.0,idle
166115,40702.0,1197.0,9991308.0,0.0,-3195.0,-2130.0,20860000.0,53596000.0,100272000.0,idle
166125,41899.0,5985.0,9990111.0,1065.0,-4793.0,-3195.0,20860000.0,53596000.0,100272000.0,idle
166135,34716.0,5985.0,9990111.0,2130.0,-3195.0,-2663.0,20860000.0,53596000.0,100272000.0,idle
166145,31125.0,-15562.0,10005674.0,-1065.0,-2663.0,-3195.0,20860000.0,53596000.0,100272000.0,idle
166155,27534.0,-17957.0,10006871.0,-532.0,-4261.0,-3728.0,20860000.0,53596000.0,100272000.0,idle
166165,29928.0,1197.0,10008068.0,-532.0,-3728.0,-3195.0,20860000.0,53596000.0,100272000.0,idle
166175,27534.0,3591.0,10006871.0,-532.0,-2663.0,-3195.0,20860000.0,53596000.0,100272000.0,idle
166185,22745.0,-5985.0,9994899.0,0.0,-3195.0,-3728.0,20860000.0,53596000.0,100272000.0,idle
166195,40702.0,0.0,10006871.0,0.0,-4261.0,-3728.0,20860000.0,53596000.0,100272000.0,idle
166205,41899.0,4788.0,10010462.0,-532.0,-4793.0,-3728.0,20860000.0,53596000.0,100272000.0,idle
166215,23942.0,-17957.0,10014054.0,0.0,-3195.0,-3728.0,20860000.0,53596000.0,100272000.0,idle
166225,28731.0,-4788.0,10009265.0,-532.0,-3195.0,-3728.0,20860000.0,53596000.0,100272000.0,idle
166235,38308.0,-11971.0,9999688.0,-532.0,-3728.0,-3728.0,20860000.0,53596000.0,100272000.0,idle
166245,39505.0,7182.0,9976942.0,532.0,-3728.0,-3728.0,20860000.0,53596000.0,100272000.0,idle
166255,38308.0,0.0,9987717.0,1065.0,-4261.0,-2663.0,20860000.0,53596000.0,100272000.0,idle
166266,25139.0,-8379.0,10016448.0,1065.0,-3195.0,-2130.0,20860000.0,53596000.0,100272000.0,idle
166275,0.0,4788.0,10002082.0,0.0,-3728.0,-3195.0,20840000.0,53594000.0,100270000.0,idle
166286,11971.0,3591.0,9991308.0,0.0,-2663.0,-4261.0,20840000.0,53594000.0,100270000.0,idle
166296,45491.0,-13168.0,9984125.0,532.0,-2663.0,-2663.0,20840000.0,53594000.0,100270000.0,idle
166306,16759.0,-5985.0,9979337.0,532.0,-3195.0,-2130.0,20840000.0,53594000.0,100270000.0,idle
166316,16759.0,1197.0,10009265.0,1065.0,-4261.0,-3195.0,20840000.0,53594000.0,100270000.0,idle
166326,27534.0,0.0,10002082.0,0.0,-3728.0,-4261.0,20840000.0,53594000.0,100270000.0,idle
166336,26337.0,-15562.0,10015251.0,0.0,-3728.0,-4261.0,20840000.0,53594000.0,100270000.0,idle
166346,8379.0,-7182.0,10004476.0,0.0,-1597.0,-2663.0,20840000.0,53594000.0,100270000.0,idle
166356,4788.0,2394.0,9979337.0,0.0,-3195.0,-2663.0,20840000.0,53594000.0,100270000.0,idle
166366,35914.0,-21548.0,9999688.0,-532.0,-4793.0,-3728.0,20840000.0,53594000.0,100270000.0,idle
166376,49082.0,-3591.0,10003279.0,-532.0,-4261.0,-3195.0,20840000.0,53594000.0,100270000.0,idle
166386,17957.0,-11971.0,10000885.0,0.0,-3728.0,-4793.0,20840000.0,53594000.0,100270000.0,idle
166396,23942.0,1197.0,10004476.0,0.0,-3728.0,-3728.0,20840000.0,53594000.0,100270000.0,idle
166406,32322.0,-3591.0,10008068.0,1065.0,-4793.0,-2663.0,20840000.0,53594000.0,100270000.0,idle
166416,21548.0,-13168.0,9990111.0,532.0,-4261.0,-3195.0,20840000.0,53594000.0,100270000.0,idle
166426,21548.0,3591.0,10010462.0,-532.0,-3195.0,-2663.0,20840000.0,53594000.0,100270000.0,idle
166436,20351.0,0.0,10011659.0,-532.0,-2663.0,-3195.0,20840000.0,53594000.0,100270000.0,idle
166446,25139.0,5985.0,10004476.0,0.0,-3728.0,-2663.0,20840000.0,53594000.0,100270000.0,idle
166456,17957.0,-9577.0,10009265.0,1597.0,-3728.0,-3195.0,20840000.0,53594000.0,100270000.0,idle
166466,4788.0,-1197.0,9997294.0,-1065.0,-4261.0,-3195.0,20840000.0,53594000.0,100270000.0,idle
166476,27534.0,2394.0,9981731.0,1597.0,-4261.0,-2130.0,20840000.0,53594000.0,100270000.0,idle
166486,28731.0,-9577.0,9998491.0,1597.0,-3195.0,-3195.0,20840000.0,53594000.0,100270000.0,idle
166496,21548.0,-4788.0,9996096.0,-532.0,-2663.0,-5326.0,20840000.0,53594000.0,100270000.0,idle
166506,16759.0,-2394.0,9997294.0,1065.0,-3728.0,-3195.0,20840000.0,53594000.0,100270000.0,idle
166516,13168.0,-11971.0,9997294.0,-1065.0,-4261.0,-3728.0,20840000.0,53594000.0,100270000.0,idle
166526,25139.0,-9577.0,9992505.0,-532.0,-4793.0,-2663.0,20840000.0,53594000.0,100270000.0,idle
166536,34716.0,-7182.0,10004476.0,1065.0,-2663.0,-2663.0,20840000.0,53594000.0,100270000.0,idle
166546,15562.0,-13168.0,10000885.0,532.0,-2663.0,-2663.0,20840000.0,53594000.0,100270000.0,idle
166556,38308.0,0.0,10004476.0,532.0,-3195.0,-2130.0,20840000.0,53594000.0,100270000.0,idle
166566,25139.0,1197.0,10011659.0,532.0,-4261.0,-3195.0,20840000.0,53594000.0,100270000.0,idle
166576,23942.0,10774.0,9987717.0,532.0,-4261.0,-2663.0,20840000.0,53594000.0,100270000.0,idle
166586,37111.0,1197.0,9996096.0,-532.0,-3195.0,-3728.0,20840000.0,53594000.0,100270000.0,idle
166596,39505.0,-11971.0,10015251.0,0.0,-2663.0,-4793.0,20840000.0,53594000.0,100270000.0,idle
166606,32322.0,-17957.0,10015251.0,1597.0,-4261.0,-2663.0,20840000.0,53594000.0,100270000.0,idle
166616,10774.0,-5985.0,9986519.0,1597.0,-3728.0,-2663.0,20840000.0,53594000.0,100270000.0,idle
166626,22745.0,-10774.0,9998491.0,-532.0,-3728.0,-3195.0,20840000.0,53594000.0,100270000.0,idle
166636,37111.0,5985.0,10029616.0,-532.0,-3728.0,-2130.0,20840000.0,53594000.0,100270000.0,idle
166646,27534.0,4788.0,10023631.0,0.0,-3728.0,-3195.0,20840000.0,53594000.0,100270000.0,idle
166656,19154.0,2394.0,9988914.0,0.0,-4261.0,-3195.0,20840000.0,53594000.0,100270000.0,idle
166666,13168.0,-9577.0,9997294.0,1065.0,-4793.0,-2663.0,20840000.0,53594000.0,100270000.0,idle
166676,15562.0,-2394.0,10014054.0,532.0,-4261.0,-2663.0,20840000.0,53594000.0,100270000.0,idle
166686,17957.0,-5985.0,10004476.0,-1597.0,-4793.0,-1597.0,20840000.0,53594000.0,100270000.0,idle
166696,29928.0,3591.0,9994899.0,0.0,-3728.0,-2663.0,20840000.0,53594000.0,100270000.0,idle
166706,23942.0,-3591.0,10003279.0,1597.0,-2130.0,-2130.0,20840000.0,53594000.0,100270000.0,idle
166716,9577.0,-1197.0,10000885.0,532.0,-4261.0,-2130.0,20840000.0,53594000.0,100270000.0,idle
166726,14365.0,-5985.0,10006871.0,1065.0,-3728.0,-3195.0,20840000.0,53594000.0,100270000.0,idle
166736,23942.0,-9577.0,9992505.0,1065.0,-3195.0,-3728.0,20840000.0,53594000.0,100270000.0,idle
166746,28731.0,-17957.0,9978139.0,0.0,-3728.0,-2663.0,20840000.0,53594000.0,100270000.0,idle
166756,13168.0,-8379.0,9999688.0,532.0,-4261.0,-3728.0,20840000.0,53594000.0,100270000.0,idle
166766,23942.0,5985.0,10003279.0,0.0,-4793.0,-5326.0,20840000.0,53594000.0,100270000.0,idle
166776,32322.0,0.0,10006871.0,-1065.0,-4793.0,-4261.0,20840000.0,53594000.0,100270000.0,idle
166786,33519.0,-4788.0,10011659.0,-532.0,-3728.0,-3728.0,20840000.0,53594000.0,100270000.0,idle
166796,10774.0,-25139.0,10005674.0,0.0,-3728.0,-3195.0,20840000.0,53594000.0,100270000.0,idle
166807,2394.0,-15562.0,9987717.0,532.0,-3728.0,-3195.0,20840000.0,53594000.0,100270000.0,idle
166816,-2394.0,-9577.0,9997294.0,0.0,-4793.0,-3728.0,20840000.0,53594000.0,100270000.0,idle
166826,26337.0,2394.0,9991308.0,0.0,-5326.0,-2663.0,20840000.0,53594000.0,100270000.0,idle
166836,29928.0,4788.0,10002082.0,0.0,-3728.0,-3728.0,20840000.0,53594000.0,100270000.0,idle
166846,25139.0,-2394.0,10017645.0,-532.0,-2663.0,-3195.0,20840000.0,53594000.0,100270000.0,idle
166857,32322.0,-7182.0,10004476.0,1065.0,-3195.0,-1597.0,20840000.0,53594000.0,100270000.0,idle
166866,23942.0,-13168.0,9987717.0,1065.0,-2663.0,-2663.0,20840000.0,53594000.0,100270000.0,idle
166876,26337.0,-10774.0,9984125.0,-532.0,-3195.0,-2130.0,20840000.0,53594000.0,100270000.0,idle
166886,26337.0,1197.0,9981731.0,0.0,-4261.0,-4261.0,20840000.0,53594000.0,100270000.0,idle
166896,34716.0,0.0,10009265.0,532.0,-4261.0,-4793.0,20840000.0,53594000.0,100270000.0,idle
166907,16759.0,-7182.0,10030813.0,-1597.0,-4793.0,-3195.0,20840000.0,53594000.0,100270000.0,idle
166916,23942.0,-9577.0,9985322.0,-1065.0,-3728.0,-4261.0,20840000.0,53594000.0,100270000.0,idle
166926,10774.0,-9577.0,9981731.0,0.0,-2663.0,-2663.0,20840000.0,53594000.0,100270000.0,idle
166937,23942.0,-10774.0,9987717.0,1065.0,-4261.0,-2663.0,20840000.0,53594000.0,100270000.0,idle
166947,32322.0,-4788.0,9981731.0,-532.0,-5326.0,-3195.0,20840000.0,53594000.0,100270000.0,idle
166957,34716.0,13168.0,9985322.0,-1065.0,-3195.0,-3728.0,20840000.0,53594000.0,100270000.0,idle
166967,31125.0,-5985.0,10006871.0,532.0,-2130.0,-3728.0,20840000.0,53594000.0,100270000.0,idle
166977,34716.0,-21548.0,9985322.0,0.0,-3195.0,-3728.0,20840000.0,53594000.0,100270000.0,idle
166987,33519.0,-14365.0,9996096.0,532.0,-4261.0,-1597.0,20840000.0,53594000.0,100270000.0,idle
166997,29928.0,-4788.0,9996096.0,1065.0,-4261.0,-2130.0,20840000.0,53594000.0,100270000.0,idle
167007,31125.0,4788.0,9996096.0,1597.0,-4261.0,-3195.0,20840000.0,53594000.0,100270000.0,idle
167017,35914.0,0.0,9981731.0,-532.0,-4793.0,-3195.0,20840000.0,53594000.0,100270000.0,idle
167027,38308.0,4788.0,9986519.0,0.0,-3728.0,-2663.0,20840000.0,53594000.0,100270000.0,idle
167037,38308.0,4788.0,9986519.0,0.0,-3728.0,-2663.0,20840000.0,53594000.0,100270000.0,idle
167047,33519.0,-5985.0,9996096.0,-532.0,-2663.0,-2663.0,20840000.0,53594000.0,100270000.0,idle
167057,16759.0,-16759.0,9986519.0,0.0,-3728.0,-2130.0,20840000.0,53594000.0,100270000.0,idle
167067,22745.0,2394.0,9997294.0,-532.0,-4261.0,-3195.0,20840000.0,53594000.0,100270000.0,idle
167077,9577.0,-2394.0,10023631.0,0.0,-3195.0,-4261.0,20840000.0,53594000.0,100270000.0,idle
167087,33519.0,-5985.0,10010462.0,532.0,-2130.0,-3728.0,20840000.0,53594000.0,100270000.0,idle
167097,23942.0,0.0,9990111.0,1065.0,-3195.0,-3195.0,20840000.0,53594000.0,100270000.0,idle
167107,1197.0,-4788.0,9987717.0,1597.0,-3195.0,-3195.0,20840000.0,53594000.0,100270000.0,idle
167117,15562.0,-10774.0,9996096.0,532.0,-4793.0,-2130.0,20840000.0,53594000.0,100270000.0,idle
167127,26337.0,-2394.0,9999688.0,0.0,-3728.0,-3195.0,20840000.0,53594000.0,100270000.0,idle
167137,31125.0,-4788.0,9997294.0,532.0,-4793.0,-3195.0,20840000.0,53594000.0,100270000.0,idle
167147,32322.0,-3591.0,9992505.0,-532.0,-2663.0,-4261.0,20840000.0,53594000.0,100270000.0,idle
167157,34716.0,4788.0,9986519.0,-532.0,-3195.0,-3195.0,20840000.0,53594000.0,100270000.0,idle
167167,19154.0,-11971.0,9993702.0,0.0,-4261.0,-3728.0,20840000.0,53594000.0,100270000.0,idle
167177,35914.0,1197.0,10000885.0,0.0,-2663.0,-4261.0,20840000.0,53594000.0,100270000.0,idle
167187,33519.0,-5985.0,10024828.0,-532.0,-4793.0,-3728.0,20840000.0,53594000.0,100270000.0,idle
167197,49082.0,1197.0,10000885.0,0.0,-3728.0,-3195.0,20840000.0,53594000.0,100270000.0,idle
167207,21548.0,1197.0,9978139.0,-532.0,-3195.0,-4261.0,20840000.0,53594000.0,100270000.0,idle
167217,20351.0,-2394.0,10004476.0,0.0,-4793.0,-3195.0,20840000.0,53594000.0,100270000.0,idle
167227,19154.0,-4788.0,9988914.0,-532.0,-4793.0,-2663.0,20840000.0,53594000.0,100270000.0,idle
167237,31125.0,0.0,10005674.0,0.0,-3728.0,-3728.0,20840000.0,53594000.0,100270000.0,idle
167247,26337.0,-1197.0,10006871.0,-532.0,-3728.0,-2663.0,20840000.0,53594000.0,100270000.0,idle
167257,37111.0,-8379.0,9981731.0,0.0,-4261.0,-3195.0,20840000.0,53594000.0,100270000.0,idle
167267,15562.0,-9577.0,9996096.0,0.0,-3195.0,-2130.0,20840000.0,53594000.0,100270000.0,idle
167277,13168.0,-8379.0,10002082.0,0.0,-4793.0,-3195.0,20820000.0,53552000.0,100272000.0,idle
167287,35914.0,-17957.0,9996096.0,532.0,-4261.0,-3728.0,20820000.0,53552000.0,100272000.0,idle
167297,27534.0,-8379.0,9994899.0,1065.0,-4261.0,-3195.0,20820000.0,53552000.0,100272000.0,idle
167307,19154.0,-10774.0,10020039.0,-532.0,-4261.0,-2130.0,20820000.0,53552000.0,100272000.0,idle
167317,17957.0,-7182.0,9994899.0,0.0,-3728.0,-2663.0,20820000.0,53552000.0,100272000.0,idle
167327,8379.0,-7182.0,10002082.0,532.0,-3195.0,-3195.0,20820000.0,53552000.0,100272000.0,idle
167337,8379.0,-5985.0,9990111.0,1065.0,-4261.0,-2130.0,20820000.0,53552000.0,100272000.0,idle
167347,16759.0,-11971.0,9982928.0,-1065.0,-3195.0,-3195.0,20820000.0,53552000.0,100272000.0,idle
167357,22745.0,-2394.0,10003279.0,-1065.0,-3195.0,-4793.0,20820000.0,53552000.0,100272000.0,idle
167367,49082.0,-2394.0,10004476.0,2130.0,-5326.0,-1597.0,20820000.0,53552000.0,100272000.0,idle
167377,27534.0,-4788.0,10000885.0,2130.0,-5326.0,-2130.0,20820000.0,53552000.0,100272000.0,idle
167387,8379.0,-3591.0,10010462.0,532.0,-3728.0,-3728.0,20820000.0,53552000.0,100272000.0,idle
167397,34716.0,-10774.0,10003279.0,-532.0,-3728.0,-3195.0,20820000.0,53552000.0,100272000.0,idle
167407,25139.0,-11971.0,9993702.0,0.0,-4261.0,-2663.0,20820000.0,53552000.0,100272000.0,idle
167417,25139.0,-11971.0,9999688.0,0.0,-4261.0,-2663.0,20820000.0,53552000.0,100272000.0,idle
167427,19154.0,-2394.0,10005674.0,-532.0,-3195.0,-2130.0,20820000.0,53552000.0,100272000.0,idle
167437,9577.0,1197.0,9994899.0,-532.0,-3728.0,-3195.0,20820000.0,53552000.0,100272000.0,idle
167447,17957.0,-13168.0,10004476.0,-532.0,-3195.0,-3195.0,20820000.0,53552000.0,100272000.0,idle
167457,14365.0,-15562.0,10006871.0,1065.0,-4261.0,-2130.0,20820000.0,53552000.0,100272000.0,idle
167467,20351.0,-1197.0,9999688.0,1065.0,-2663.0,-2663.0,20820000.0,53552000.0,100272000.0,idle
167477,39505.0,-13168.0,10012856.0,0.0,-2663.0,-2130.0,20820000.0,53552000.0,100272000.0,idle
167487,38308.0,-7182.0,10014054.0,0.0,-3728.0,-2130.0,20820000.0,53552000.0,100272000.0,idle
167497,29928.0,-1197.0,9998491.0,0.0,-4261.0,-3728.0,20820000.0,53552000.0,100272000.0,idle
167507,28731.0,-5985.0,10012856.0,-1065.0,-4261.0,-3195.0,20820000.0,53552000.0,100272000.0,idle
167517,28731.0,-5985.0,10002082.0,0.0,-3728.0,-3728.0,20820000.0,53552000.0,100272000.0,idle
167527,23942.0,2394.0,10000885.0,1065.0,-4261.0,-4261.0,20820000.0,53552000.0,100272000.0,idle
167538,20351.0,0.0,9996096.0,532.0,-3728.0,-3728.0,20820000.0,53552000.0,100272000.0,idle
167547,33519.0,0.0,10012856.0,-532.0,-3195.0,-3728.0,20820000.0,53552000.0,100272000.0,idle
167558,35914.0,-17957.0,10006871.0,-532.0,-3728.0,-3195.0,20820000.0,53552000.0,100272000.0,idle
167568,27534.0,-3591.0,9996096.0,532.0,-3195.0,-3195.0,20820000.0,53552000.0,100272000.0,idle
167578,22745.0,5985.0,9999688.0,1065.0,-3195.0,-2130.0,20820000.0,53552000.0,100272000.0,idle
167588,21548.0,-2394.0,10003279.0,0.0,-4261.0,-2130.0,20820000.0,53552000.0,100272000.0,idle
167598,22745.0,-2394.0,9997294.0,-532.0,-4261.0,-2663.0,20820000.0,53552000.0,100272000.0,idle
167608,21548.0,-3591.0,9986519.0,0.0,-3728.0,-4261.0,20820000.0,53552000.0,100272000.0,idle
167618,28731.0,-1197.0,9986519.0,-532.0,-4261.0,-3728.0,20820000.0,53552000.0,100272000.0,idle
167628,22745.0,-3591.0,9994899.0,0.0,-3728.0,-2663.0,20820000.0,53552000.0,100272000.0,idle
167638,19154.0,-8379.0,9981731.0,0.0,-4261.0,-2663.0,20820000.0,53552000.0,100272000.0,idle
167648,13168.0,-5985.0,9992505.0,0.0,-2663.0,-3728.0,20820000.0,53552000.0,100272000.0,idle
167658,26337.0,5985.0,9980534.0,532.0,-3728.0,-2663.0,20820000.0,53552000.0,100272000.0,idle
167668,38308.0,-5985.0,9985322.0,-1597.0,-5326.0,-2663.0,20820000.0,53552000.0,100272000.0,idle
167678,25139.0,-8379.0,9993702.0,-1597.0,-4261.0,-3195.0,20820000.0,53552000.0,100272000.0,idle
167688,25139.0,-10774.0,9988914.0,-1065.0,-3728.0,-3195.0,20820000.0,53552000.0,100272000.0,idle
167698,19154.0,-8379.0,9996096.0,0.0,-4793.0,-2130.0,20820000.0,53552000.0,100272000.0,idle
167708,19154.0,-14365.0,10010462.0,532.0,-4261.0,-3195.0,20820000.0,53552000.0,100272000.0,idle
167718,21548.0,-11971.0,10012856.0,1065.0,-3728.0,-3728.0,20820000.0,53552000.0,100272000.0,idle
167728,20351.0,-2394.0,10003279.0,-2130.0,-3728.0,-3195.0,20820000.0,53552000.0,100272000.0,idle
167738,34716.0,-8379.0,9997294.0,-532.0,-4261.0,-2663.0,20820000.0,53552000.0,100272000.0,idle
167748,23942.0,-1197.0,9997294.0,1065.0,-3195.0,-3195.0,20820000.0,53552000.0,100272000.0,idle
167758,10774.0,-9577.0,9974548.0,1065.0,-3195.0,-2663.0,20820000.0,53552000.0,100272000.0,idle
167768,11971.0,5985.0,10014054.0,0.0,-3195.0,-2130.0,20820000.0,53552000.0,100272000.0,idle
167778,21548.0,1197.0,10004476.0,-532.0,-3728.0,-2663.0,20820000.0,53552000.0,100272000.0,idle
167788,32322.0,7182.0,10006871.0,0.0,-3195.0,-3195.0,20820000.0,53552000.0,100272000.0,idle
167798,19154.0,8379.0,9994899.0,2130.0,-3728.0,-3195.0,20820000.0,53552000.0,100272000.0,idle
167808,17957.0,4788.0,10006871.0,532.0,-2663.0,-3195.0,20820000.0,53552000.0,100272000.0,idle
167818,32322.0,-4788.0,10004476.0,0.0,-3195.0,-3728.0,20820000.0,53552000.0,100272000.0,idle
167828,20351.0,-7182.0,9994899.0,1597.0,-4261.0,-4261.0,20820000.0,53552000.0,100272000.0,idle
167838,17957.0,-7182.0,10008068.0,1065.0,-2663.0,-3728.0,20820000.0,53552000.0,100272000.0,idle
167848,26337.0,-11971.0,9997294.0,-1065.0,-1597.0,-3728.0,20820000.0,53552000.0,100272000.0,idle
167858,33519.0,-10774.0,10002082.0,0.0,-2663.0,-3195.0,20820000.0,53552000.0,100272000.0,idle
167868,29928.0,-7182.0,9999688.0,532.0,-3728.0,-2663.0,20820000.0,53552000.0,100272000.0,idle
167878,26337.0,-8379.0,10003279.0,-532.0,-3195.0,-3195.0,20820000.0,53552000.0,100272000.0,idle
167888,32322.0,-7182.0,9998491.0,0.0,-3195.0,-3195.0,20820000.0,53552000.0,100272000.0,idle
167898,10774.0,-9577.0,9976942.0,1065.0,-3728.0,-3728.0,20820000.0,53552000.0,100272000.0,idle
167908,17957.0,-1197.0,9993702.0,532.0,-2663.0,-4261.0,20820000.0,53552000.0,100272000.0,idle
167918,34716.0,-11971.0,9999688.0,1065.0,-4261.0,-2663.0,20820000.0,53552000.0,100272000.0,idle
167928,32322.0,7182.0,10009265.0,0.0,-4261.0,-2130.0,20820000.0,53552000.0,100272000.0,idle
167938,27534.0,5985.0,9994899.0,0.0,-3728.0,-3195.0,20820000.0,53552000.0,100272000.0,idle
167948,26337.0,0.0,9999688.0,1065.0,-4261.0,-2130.0,20820000.0,53552000.0,100272000.0,idle
167958,39505.0,-3591.0,10009265.0,1065.0,-3728.0,-3728.0,20820000.0,53552000.0,100272000.0,idle
167968,7182.0,-8379.0,9987717.0,1597.0,-3728.0,-4261.0,20820000.0,53552000.0,100272000.0,idle
167978,25139.0,1197.0,9998491.0,-532.0,-4793.0,-3728.0,20820000.0,53552000.0,100272000.0,idle
167988,31125.0,0.0,10009265.0,0.0,-4261.0,-2663.0,20820000.0,53552000.0,100272000.0,idle
167998,47885.0,-5985.0,10009265.0,1065.0,-3195.0,-2663.0,20820000.0,53552000.0,100272000.0,idle
168008,39505.0,0.0,9999688.0,-1065.0,-3195.0,-2130.0,20820000.0,53552000.0,100272000.0,idle
168018,21548.0,5985.0,9996096.0,-532.0,-4793.0,-3195.0,20820000.0,53552000.0,100272000.0,idle
168028,41899.0,-1197.0,10009265.0,1065.0,-4793.0,-3195.0,20820000.0,53552000.0,100272000.0,idle
168038,32322.0,-5985.0,10011659.0,532.0,-4261.0,-2130.0,20820000.0,53552000.0,100272000.0,idle
168048,22745.0,9577.0,10006871.0,-532.0,-3195.0,-3195.0,20820000.0,53552000.0,100272000.0,idle
168059,17957.0,7182.0,9992505.0,532.0,-4793.0,-3195.0,20820000.0,53552000.0,100272000.0,idle
168068,25139.0,-1197.0,9994899.0,0.0,-4261.0,-3728.0,20820000.0,53552000.0,100272000.0,idle
168078,35914.0,-4788.0,10023631.0,-1065.0,-4261.0,-3195.0,20820000.0,53552000.0,100272000.0,idle
168088,11971.0,-16759.0,10003279.0,0.0,-3195.0,-2663.0,20820000.0,53552000.0,100272000.0,idle
168098,21548.0,-7182.0,9986519.0,1065.0,-3195.0,-3728.0,20820000.0,53552000.0,100272000.0,idle
168108,21548.0,-7182.0,9986519.0,1065.0,-3195.0,-3728.0,20820000.0,53552000.0,100272000.0,idle
168118,26337.0,0.0,10006871.0,532.0,-2130.0,-3728.0,20820000.0,53552000.0,100272000.0,idle
168128,28731.0,0.0,10008068.0,1065.0,-3728.0,-2663.0,20820000.0,53552000.0,100272000.0,idle
168138,27534.0,-16759.0,10004476.0,1597.0,-3728.0,-2663.0,20820000.0,53552000.0,100272000.0,idle
168148,19154.0,-7182.0,10003279.0,532.0,-4261.0,-3728.0,20820000.0,53552000.0,100272000.0,idle
168158,14365.0,1197.0,9986519.0,0.0,-3195.0,-3728.0,20820000.0,53552000.0,100272000.0,idle
168169,7182.0,0.0,10002082.0,0.0,-4261.0,-2130.0,20820000.0,53552000.0,100272000.0,idle
168178,28731.0,-10774.0,10016448.0,0.0,-4261.0,-3195.0,20820000.0,53552000.0,100272000.0,idle
168189,43096.0,9577.0,10012856.0,1597.0,-3728.0,-3195.0,20820000.0,53552000.0,100272000.0,idle
168199,31125.0,5985.0,9996096.0,1065.0,-4793.0,-3728.0,20820000.0,53552000.0,100272000.0,idle
168209,19154.0,-9577.0,9997294.0,-532.0,-4793.0,-3195.0,20820000.0,53552000.0,100272000.0,idle
168219,25139.0,-11971.0,9990111.0,532.0,-3195.0,-4261.0,20820000.0,53552000.0,100272000.0,idle
168229,27534.0,-4788.0,10015251.0,0.0,-2663.0,-3728.0,20820000.0,53552000.0,100272000.0,idle
168239,38308.0,-9577.0,10016448.0,-532.0,-3728.0,-3195.0,20820000.0,53552000.0,100272000.0,idle
168249,37111.0,-5985.0,10008068.0,0.0,-4261.0,-4793.0,20820000.0,53552000.0,100272000.0,idle
168259,38308.0,4788.0,9997294.0,1065.0,-3195.0,-2663.0,20820000.0,53552000.0,100272000.0,idle
168269,28731.0,-5985.0,9988914.0,0.0,-3728.0,-3195.0,20820000.0,53552000.0,100272000.0,idle
168279,21548.0,-9577.0,9984125.0,2130.0,-4261.0,-3195.0,20820000.0,53513000.0,100270000.0,idle
168289,35914.0,-5985.0,10015251.0,532.0,-4793.0,-2663.0,20820000.0,53513000.0,100270000.0,idle
168299,38308.0,-7182.0,10005674.0,-1065.0,-4261.0,-3195.0,20820000.0,53513000.0,100270000.0,idle
168309,33519.0,1197.0,9996096.0,-532.0,-3728.0,-3195.0,20820000.0,53513000.0,100270000.0,idle
168319,21548.0,-13168.0,9992505.0,-532.0,-5326.0,-3728.0,20820000.0,53513000.0,100270000.0,idle
168329,40702.0,1197.0,10000885.0,-532.0,-3728.0,-4793.0,20820000.0,53513000.0,100270000.0,idle
168339,23942.0,8379.0,10004476.0,-1065.0,-2130.0,-3195.0,20820000.0,53513000.0,100270000.0,idle
168349,31125.0,-3591.0,10017645.0,532.0,-3195.0,-2130.0,20820000.0,53513000.0,100270000.0,idle
168359,17957.0,0.0,9998491.0,532.0,-2130.0,-3195.0,20820000.0,53513000.0,100270000.0,idle
168369,31125.0,-8379.0,9980534.0,-532.0,-3195.0,-3728.0,20820000.0,53513000.0,100270000.0,idle
168379,29928.0,1197.0,9998491.0,-532.0,-4261.0,-2663.0,20820000.0,53513000.0,100270000.0,idle
168389,31125.0,-8379.0,10018842.0,-532.0,-2130.0,-3728.0,20820000.0,53513000.0,100270000.0,idle
168399,19154.0,-5985.0,9998491.0,0.0,-3728.0,-3195.0,20820000.0,53513000.0,100270000.0,idle
168409,26337.0,10774.0,9998491.0,-2130.0,-3728.0,-2130.0,20820000.0,53513000.0,100270000.0,idle
168419,31125.0,3591.0,9994899.0,-1065.0,-1597.0,-3728.0,20820000.0,53513000.0,100270000.0,idle
168429,31125.0,-3591.0,10004476.0,-532.0,-3195.0,-3728.0,20820000.0,53513000.0,100270000.0,idle
168439,25139.0,-20351.0,9992505.0,532.0,-4793.0,-4261.0,20820000.0,53513000.0,100270000.0,idle
168449,37111.0,-16759.0,10004476.0,1065.0,-3728.0,-3728.0,20820000.0,53513000.0,100270000.0,idle
168459,17957.0,0.0,9998491.0,0.0,-2663.0,-2663.0,20820000.0,53513000.0,100270000.0,idle
168469,31125.0,-2394.0,9990111.0,-1065.0,-5326.0,-2663.0,20820000.0,53513000.0,100270000.0,idle
168479,32322.0,3591.0,10000885.0,532.0,-3195.0,-3195.0,20820000.0,53513000.0,100270000.0,idle
168489,32322.0,-8379.0,10011659.0,1597.0,-2130.0,-3195.0,20820000.0,53513000.0,100270000.0,idle
168499,32322.0,-7182.0,10032011.0,532.0,-3728.0,-2130.0,20820000.0,53513000.0,100270000.0,idle
168509,26337.0,-7182.0,10008068.0,-532.0,-3195.0,-2130.0,20820000.0,53513000.0,100270000.0,idle
168519,19154.0,-2394.0,9994899.0,-532.0,-3728.0,-3195.0,20820000.0,53513000.0,100270000.0,idle
168529,38308.0,0.0,10003279.0,-1065.0,-4261.0,-3728.0,20820000.0,53513000.0,100270000.0,idle
168539,37111.0,-5985.0,9998491.0,532.0,-3195.0,-2663.0,20820000.0,53513000.0,100270000.0,idle
168549,38308.0,-5985.0,10020039.0,-1065.0,-3728.0,-2130.0,20820000.0,53513000.0,100270000.0,idle
168560,34716.0,5985.0,10003279.0,-532.0,-2663.0,-3195.0,20820000.0,53513000.0,100270000.0,idle
168569,17957.0,-11971.0,9994899.0,-532.0,-3195.0,-4261.0,20820000.0,53513000.0,100270000.0,idle
168579,29928.0,-11971.0,10005674.0,0.0,-3728.0,-2663.0,20820000.0,53513000.0,100270000.0,idle
168589,26337.0,10774.0,9998491.0,532.0,-4261.0,-2130.0,20820000.0,53513000.0,100270000.0,idle
168599,21548.0,-7182.0,10016448.0,1065.0,-3728.0,-2663.0,20820000.0,53513000.0,100270000.0,idle
168609,27534.0,-14365.0,9992505.0,-532.0,-4261.0,-2663.0,20820000.0,53513000.0,100270000.0,idle
168619,21548.0,-15562.0,9981731.0,0.0,-3728.0,-1597.0,20820000.0,53513000.0,100270000.0,idle
168629,35914.0,-5985.0,9985322.0,0.0,-3195.0,-1597.0,20820000.0,53513000.0,100270000.0,idle
168639,44294.0,-10774.0,9999688.0,532.0,-5326.0,-3195.0,20820000.0,53513000.0,100270000.0,idle
168649,27534.0,-3591.0,10026025.0,-532.0,-4261.0,-3195.0,20820000.0,53513000.0,100270000.0,idle
168659,19154.0,-2394.0,10018842.0,-532.0,-2663.0,-4793.0,20820000.0,53513000.0,100270000.0,idle
168669,32322.0,-4788.0,9997294.0,0.0,-3195.0,-3728.0,20820000.0,53513000.0,100270000.0,idle
168679,19154.0,-10774.0,9997294.0,532.0,-4261.0,-2663.0,20820000.0,53513000.0,100270000.0,idle
168689,22745.0,0.0,9996096.0,0.0,-4261.0,-3195.0,20820000.0,53513000.0,100270000.0,idle
168699,31125.0,-10774.0,10004476.0,-2130.0,-2663.0,-3728.0,20820000.0,53513000.0,100270000.0,idle
168710,37111.0,-9577.0,10009265.0,0.0,-3195.0,-3195.0,20820000.0,53513000.0,100270000.0,idle
168719,31125.0,-9577.0,10003279.0,532.0,-3195.0,-2663.0,20820000.0,53513000.0,100270000.0,idle
168729,29928.0,-4788.0,9998491.0,0.0,-3728.0,-2130.0,20820000.0,53513000.0,100270000.0,idle
168739,25139.0,-14365.0,10004476.0,1065.0,-4261.0,-3195.0,20820000.0,53513000.0,100270000.0,idle
168749,23942.0,-3591.0,10016448.0,532.0,-2663.0,-2663.0,20820000.0,53513000.0,100270000.0,idle
168759,26337.0,7182.0,9992505.0,-1597.0,-2663.0,-2663.0,20820000.0,53513000.0,100270000.0,idle
168769,14365.0,0.0,9985322.0,0.0,-4261.0,-2663.0,20820000.0,53513000.0,100270000.0,idle
168779,22745.0,-11971.0,9991308.0,1597.0,-4793.0,-2663.0,20820000.0,53513000.0,100270000.0,idle
168790,25139.0,-8379.0,9981731.0,532.0,-2663.0,-3195.0,20820000.0,53513000.0,100270000.0,idle
168799,27534.0,-4788.0,9997294.0,0.0,-3728.0,-3195.0,20820000.0,53513000.0,100270000.0,idle
168810,10774.0,-14365.0,10006871.0,532.0,-4793.0,-3195.0,20820000.0,53513000.0,100270000.0,idle
168820,33519.0,0.0,9987717.0,-532.0,-3728.0,-2663.0,20820000.0,53513000.0,100270000.0,idle
168830,34716.0,-9577.0,9986519.0,-532.0,-5326.0,-3195.0,20820000.0,53513000.0,100270000.0,idle
168840,21548.0,-11971.0,9986519.0,-532.0,-3728.0,-3728.0,20820000.0,53513000.0,100270000.0,idle
168850,28731.0,-2394.0,10006871.0,-532.0,-2663.0,-3195.0,20820000.0,53513000.0,100270000.0,idle
168860,26337.0,2394.0,10017645.0,-1065.0,-4793.0,-3195.0,20820000.0,53513000.0,100270000.0,idle
168870,31125.0,0.0,10006871.0,0.0,-4793.0,-2130.0,20820000.0,53513000.0,100270000.0,idle
168880,32322.0,-7182.0,9999688.0,1597.0,-3195.0,-2663.0,20820000.0,53513000.0,100270000.0,idle
168890,44294.0,-17957.0,9997294.0,1065.0,-3195.0,-3195.0,20820000.0,53513000.0,100270000.0,idle
168900,31125.0,-4788.0,9994899.0,532.0,-5326.0,-2130.0,20820000.0,53513000.0,100270000.0,idle
168910,22745.0,-3591.0,10002082.0,-532.0,-4261.0,-2130.0,20820000.0,53513000.0,100270000.0,idle
168920,13168.0,-5985.0,9978139.0,-532.0,-2663.0,-2663.0,20820000.0,53513000.0,100270000.0,idle
168930,8379.0,-5985.0,9980534.0,-1065.0,-3195.0,-3728.0,20820000.0,53513000.0,100270000.0,idle
168940,20351.0,-1197.0,10002082.0,-532.0,-2663.0,-4261.0,20820000.0,53513000.0,100270000.0,idle
168950,29928.0,-1197.0,10006871.0,532.0,-3728.0,-3195.0,20820000.0,53513000.0,100270000.0,idle
168960,35914.0,-13168.0,9999688.0,0.0,-4261.0,-2130.0,20820000.0,53513000.0,100270000.0,idle
168970,39505.0,-5985.0,10005674.0,0.0,-3728.0,-3195.0,20820000.0,53513000.0,100270000.0,idle
168980,40702.0,-7182.0,10009265.0,-532.0,-3728.0,-2663.0,20820000.0,53513000.0,100270000.0,idle
168990,25139.0,-10774.0,9990111.0,0.0,-4261.0,-2663.0,20820000.0,53513000.0,100270000.0,idle
169000,9577.0,-1197.0,9996096.0,532.0,-4793.0,-3195.0,20820000.0,53513000.0,100270000.0,idle
169010,32322.0,8379.0,10010462.0,-532.0,-3195.0,-3195.0,20820000.0,53513000.0,100270000.0,idle
169020,37111.0,-2394.0,10009265.0,-532.0,-3195.0,-3195.0,20820000.0,53513000.0,100270000.0,idle
169030,35914.0,-8379.0,10003279.0,-532.0,-3195.0,-3728.0,20820000.0,53513000.0,100270000.0,idle
169040,22745.0,1197.0,10002082.0,0.0,-4261.0,-2130.0,20820000.0,53513000.0,100270000.0,idle
169050,17957.0,-4788.0,9981731.0,-1597.0,-3728.0,-2663.0,20820000.0,53513000.0,100270000.0,idle
169060,26337.0,-4788.0,10006871.0,-1065.0,-3195.0,-2663.0,20820000.0,53513000.0,100270000.0,idle
169070,25139.0,-1197.0,10016448.0,-532.0,-2130.0,-3195.0,20820000.0,53513000.0,100270000.0,idle
169080,33519.0,-3591.0,10003279.0,1597.0,-3728.0,-2663.0,20820000.0,53513000.0,100270000.0,idle
169090,19154.0,-1197.0,9990111.0,-1065.0,-3195.0,-2663.0,20820000.0,53513000.0,100270000.0,idle
169100,21548.0,-2394.0,9994899.0,532.0,-4261.0,-3728.0,20820000.0,53513000.0,100270000.0,idle
169110,25139.0,-4788.0,9993702.0,532.0,-4261.0,-2663.0,20820000.0,53513000.0,100270000.0,idle
169120,20351.0,-4788.0,10016448.0,532.0,-4261.0,-2663.0,20820000.0,53513000.0,100270000.0,idle
169130,40702.0,-5985.0,9993702.0,532.0,-3728.0,-3195.0,20820000.0,53513000.0,100270000.0,idle
169140,29928.0,5985.0,9999688.0,-532.0,-2130.0,-3195.0,20820000.0,53513000.0,100270000.0,idle
169150,28731.0,1197.0,9975745.0,0.0,-4261.0,-3728.0,20820000.0,53513000.0,100270000.0,idle
169160,29928.0,0.0,9991308.0,532.0,-4793.0,-3195.0,20820000.0,53513000.0,100270000.0,idle
169170,29928.0,0.0,9991308.0,532.0,-4793.0,-3195.0,20820000.0,53513000.0,100270000.0,idle
169180,25139.0,4788.0,10012856.0,0.0,-3728.0,-1597.0,20820000.0,53513000.0,100270000.0,idle
169190,32322.0,-4788.0,9998491.0,-1065.0,-3728.0,-2663.0,20820000.0,53513000.0,100270000.0,idle
169200,29928.0,-5985.0,9998491.0,-1065.0,-3195.0,-4793.0,20820000.0,53513000.0,100270000.0,idle
169210,22745.0,-5985.0,10002082.0,-1065.0,-4261.0,-3728.0,20820000.0,53513000.0,100270000.0,idle
169220,38308.0,-1197.0,9990111.0,-532.0,-3195.0,-3728.0,20820000.0,53513000.0,100270000.0,idle
169230,23942.0,-14365.0,10002082.0,0.0,-3728.0,-3195.0,20820000.0,53513000.0,100270000.0,idle
169240,27534.0,-4788.0,9991308.0,-532.0,-3728.0,-3195.0,20820000.0,53513000.0,100270000.0,idle
169250,29928.0,-10774.0,10000885.0,0.0,-4793.0,-3195.0,20820000.0,53513000.0,100270000.0,idle
169260,25139.0,3591.0,10009265.0,0.0,-4261.0,-3728.0,20820000.0,53513000.0,100270000.0,idle
169270,15562.0,1197.0,9981731.0,1065.0,-4261.0,-3195.0,20820000.0,53513000.0,100270000.0,idle
169280,32322.0,-7182.0,9988914.0,532.0,-4261.0,-2130.0,20830000.0,53499000.0,100272000.0,idle
169290,38308.0,-2394.0,10015251.0,1065.0,-3728.0,-1065.0,20830000.0,53499000.0,100272000.0,idle
169300,37111.0,-5985.0,10024828.0,0.0,-3195.0,-3195.0,20830000.0,53499000.0,100272000.0,idle
169310,16759.0,2394.0,9981731.0,1065.0,-4261.0,-2130.0,20830000.0,53499000.0,100272000.0,idle
169320,29928.0,-5985.0,9969759.0,1597.0,-3195.0,-2663.0,20830000.0,53499000.0,100272000.0,idle
169330,25139.0,-16759.0,9996096.0,-532.0,-3728.0,-2663.0,20830000.0,53499000.0,100272000.0,idle
169340,15562.0,-13168.0,10008068.0,532.0,-5326.0,-3195.0,20830000.0,53499000.0,100272000.0,idle
169350,20351.0,-10774.0,10020039.0,532.0,-4261.0,-3728.0,20830000.0,53499000.0,100272000.0,idle
169360,26337.0,1197.0,10002082.0,1065.0,-3728.0,-3195.0,20830000.0,53499000.0,100272000.0,idle
169370,23942.0,-19154.0,9986519.0,532.0,-4261.0,-2663.0,20830000.0,53499000.0,100272000.0,idle
169380,31125.0,-19154.0,9998491.0,0.0,-4793.0,-2130.0,20830000.0,53499000.0,100272000.0,idle
169390,53871.0,-2394.0,10003279.0,-532.0,-3195.0,-3195.0,20830000.0,53499000.0,100272000.0,idle
169400,23942.0,-2394.0,9998491.0,-532.0,-3195.0,-3728.0,20830000.0,53499000.0,100272000.0,idle
169410,14365.0,-17957.0,10005674.0,-1065.0,-3195.0,-3728.0,20830000.0,53499000.0,100272000.0,idle
169421,13168.0,-1197.0,10017645.0,0.0,-3728.0,-2663.0,20830000.0,53499000.0,100272000.0,idle
169430,15562.0,3591.0,9987717.0,-532.0,-2130.0,-3195.0,20830000.0,53499000.0,100272000.0,idle
169441,32322.0,3591.0,9998491.0,0.0,-3195.0,-3728.0,20830000.0,53499000.0,100272000.0,idle
169451,31125.0,15562.0,10014054.0,532.0,-3728.0,-3195.0,20830000.0,53499000.0,100272000.0,idle
169461,19154.0,8379.0,10005674.0,1065.0,-3728.0,-3195.0,20830000.0,53499000.0,100272000.0,idle
169471,28731.0,-13168.0,9986519.0,-532.0,-3728.0,-4261.0,20830000.0,53499000.0,100272000.0,idle
169481,19154.0,-15562.0,10008068.0,532.0,-3195.0,-3728.0,20830000.0,53499000.0,100272000.0,idle
169491,28731.0,-7182.0,10023631.0,532.0,-3728.0,-4261.0,20830000.0,53499000.0,100272000.0,idle
169501,40702.0,-4788.0,10002082.0,0.0,-3195.0,-4261.0,20830000.0,53499000.0,100272000.0,idle
169511,23942.0,3591.0,9988914.0,0.0,-4261.0,-3195.0,20830000.0,53499000.0,100272000.0,idle
169521,16759.0,3591.0,9998491.0,-532.0,-4261.0,-1597.0,20830000.0,53499000.0,100272000.0,idle
169531,22745.0,2394.0,9996096.0,0.0,-2663.0,-1597.0,20830000.0,53499000.0,100272000.0,idle
169541,37111.0,-21548.0,9985322.0,0.0,-4261.0,-4261.0,20830000.0,53499000.0,100272000.0,idle
169551,35914.0,-4788.0,10020039.0,532.0,-2663.0,-3195.0,20830000.0,53499000.0,100272000.0,idle
169561,44294.0,5985.0,10002082.0,532.0,-3195.0,-3728.0,20830000.0,53499000.0,100272000.0,idle
169571,20351.0,-5985.0,9988914.0,532.0,-3195.0,-2663.0,20830000.0,53499000.0,100272000.0,idle
169581,9577.0,-10774.0,9987717.0,0.0,-3728.0,-2130.0,20830000.0,53499000.0,100272000.0,idle
169591,38308.0,-8379.0,9996096.0,0.0,-3195.0,-2663.0,20830000.0,53499000.0,100272000.0,idle
169601,27534.0,4788.0,10003279.0,532.0,-3728.0,-3728.0,20830000.0,53499000.0,100272000.0,idle
169611,29928.0,0.0,9998491.0,532.0,-2663.0,-3728.0,20830000.0,53499000.0,100272000.0,idle
169621,23942.0,0.0,9998491.0,1065.0,-2130.0,-3728.0,20830000.0,53499000.0,100272000.0,idle
169631,26337.0,3591.0,9996096.0,1597.0,-3195.0,-4261.0,20830000.0,53499000.0,100272000.0,idle
169641,39505.0,-4788.0,9996096.0,1065.0,-4261.0,-3195.0,20830000.0,53499000.0,100272000.0,idle
169651,33519.0,2394.0,9985322.0,532.0,-3728.0,-1597.0,20830000.0,53499000.0,100272000.0,idle
169661,21548.0,0.0,9992505.0,-532.0,-3728.0,-3728.0,20830000.0,53499000.0,100272000.0,idle
169671,32322.0,-7182.0,10018842.0,532.0,-3728.0,-3195.0,20830000.0,53499000.0,100272000.0,idle
169681,31125.0,3591.0,9999688.0,-1065.0,-2130.0,-4261.0,20830000.0,53499000.0,100272000.0,idle
169691,34716.0,-5985.0,9998491.0,-1065.0,-3728.0,-4261.0,20830000.0,53499000.0,100272000.0,idle
169701,26337.0,-9577.0,9992505.0,532.0,-4261.0,-3195.0,20830000.0,53499000.0,100272000.0,idle
169711,20351.0,-8379.0,10008068.0,1065.0,-3195.0,-3195.0,20830000.0,53499000.0,100272000.0,idle
169721,33519.0,-2394.0,10004476.0,532.0,-3195.0,-3195.0,20830000.0,53499000.0,100272000.0,idle
169731,44294.0,1197.0,10004476.0,0.0,-3728.0,-2130.0,20830000.0,53499000.0,100272000.0,idle
169741,39505.0,-1197.0,9992505.0,532.0,-4261.0,-2663.0,20830000.0,53499000.0,100272000.0,idle
169751,26337.0,-13168.0,9975745.0,2130.0,-3195.0,-2663.0,20830000.0,53499000.0,100272000.0,idle
169761,23942.0,-3591.0,9981731.0,0.0,-3195.0,-3728.0,20830000.0,53499000.0,100272000.0,idle
169771,32322.0,0.0,10020039.0,532.0,-4793.0,-2663.0,20830000.0,53499000.0,100272000.0,idle
169781,9577.0,-13168.0,10006871.0,0.0,-3195.0,-3195.0,20830000.0,53499000.0,100272000.0,idle
169791,26337.0,-19154.0,9998491.0,0.0,-4793.0,-3728.0,20830000.0,53499000.0,100272000.0,idle
169801,45491.0,-3591.0,10009265.0,0.0,-5326.0,-4793.0,20830000.0,53499000.0,100272000.0,idle
169811,28731.0,3591.0,10004476.0,532.0,-5326.0,-2663.0,20830000.0,53499000.0,100272000.0,idle
169821,29928.0,-3591.0,10005674.0,532.0,-3195.0,-1597.0,20830000.0,53499000.0,100272000.0,idle
169831,28731.0,2394.0,10009265.0,-532.0,-3728.0,-2663.0,20830000.0,53499000.0,100272000.0,idle
169841,34716.0,-2394.0,9998491.0,0.0,-4793.0,-2130.0,20830000.0,53499000.0,100272000.0,idle
169851,32322.0,0.0,9997294.0,1065.0,-3728.0,-2663.0,20830000.0,53499000.0,100272000.0,idle
169861,25139.0,1197.0,9979337.0,-532.0,-2663.0,-3195.0,20830000.0,53499000.0,100272000.0,idle
169871,27534.0,5985.0,9981731.0,0.0,-3728.0,-3195.0,20830000.0,53499000.0,100272000.0,idle
169881,28731.0,9577.0,9997294.0,-532.0,-5326.0,-3195.0,20830000.0,53499000.0,100272000.0,idle
169891,16759.0,-11971.0,10004476.0,-532.0,-4793.0,-3195.0,20830000.0,53499000.0,100272000.0,idle
169901,7182.0,-11971.0,9990111.0,-532.0,-4793.0,-2663.0,20830000.0,53499000.0,100272000.0,idle
169911,27534.0,-8379.0,9991308.0,0.0,-3728.0,-2130.0,20830000.0,53499000.0,100272000.0,idle
169921,38308.0,-1197.0,9994899.0,0.0,-3728.0,-2663.0,20830000.0,53499000.0,100272000.0,idle
169931,27534.0,3591.0,10020039.0,532.0,-4261.0,-3728.0,20830000.0,53499000.0,100272000.0,idle
169941,34716.0,-13168.0,10005674.0,532.0,-4793.0,-4793.0,20830000.0,53499000.0,100272000.0,idle
169951,27534.0,-14365.0,9985322.0,0.0,-3728.0,-3195.0,20830000.0,53499000.0,100272000.0,idle
169961,23942.0,-14365.0,9974548.0,1065.0,-4261.0,-2130.0,20830000.0,53499000.0,100272000.0,idle
169971,25139.0,-16759.0,9981731.0,1597.0,-3728.0,-2130.0,20830000.0,53499000.0,100272000.0,idle
169981,29928.0,-1197.0,9987717.0,0.0,-4793.0,-2130.0,20830000.0,53499000.0,100272000.0,idle
169991,38308.0,10774.0,9998491.0,-1065.0,-4793.0,-3195.0,20830000.0,53499000.0,100272000.0,idle
170001,45491.0,-3591.0,9988914.0,-532.0,-3195.0,-3195.0,20830000.0,53499000.0,100272000.0,idle
170011,23942.0,-23942.0,9993702.0,-532.0,-2130.0,-3728.0,20830000.0,53499000.0,100272000.0,idle
170021,17957.0,-8379.0,9986519.0,-532.0,-2663.0,-3728.0,20830000.0,53499000.0,100272000.0,idle
170031,26337.0,-4788.0,9979337.0,1065.0,-4793.0,-3195.0,20830000.0,53499000.0,100272000.0,idle
170041,27534.0,-4788.0,10014054.0,532.0,-4261.0,-3195.0,20830000.0,53499000.0,100272000.0,idle
170051,43096.0,-4788.0,10012856.0,1065.0,-4793.0,-2130.0,20830000.0,53499000.0,100272000.0,idle
170062,33519.0,-2394.0,10008068.0,1065.0,-4261.0,-3728.0,20830000.0,53499000.0,100272000.0,idle
170072,15562.0,-2394.0,9994899.0,1065.0,-3195.0,-3195.0,20830000.0,53499000.0,100272000.0,idle
170082,20351.0,-16759.0,9990111.0,-532.0,-3728.0,-4261.0,20830000.0,53499000.0,100272000.0,idle
170092,34716.0,-9577.0,9992505.0,-532.0,-3728.0,-4261.0,20830000.0,53499000.0,100272000.0,idle
170102,21548.0,10774.0,10012856.0,1597.0,-3195.0,-3195.0,20830000.0,53499000.0,100272000.0,idle
170112,21548.0,4788.0,10011659.0,532.0,-4261.0,-2663.0,20830000.0,53499000.0,100272000.0,idle
170122,44294.0,10774.0,9985322.0,0.0,-4261.0,-3195.0,20830000.0,53499000.0,100272000.0,idle
170132,28731.0,-7182.0,9994899.0,-532.0,-2663.0,-3728.0,20830000.0,53499000.0,100272000.0,idle
170142,3591.0,-15562.0,9998491.0,-532.0,-4793.0,-2663.0,20830000.0,53499000.0,100272000.0,idle
170152,23942.0,-11971.0,9981731.0,1065.0,-4261.0,-3195.0,20830000.0,53499000.0,100272000.0,idle
170162,33519.0,-7182.0,9993702.0,1597.0,-3195.0,-3195.0,20830000.0,53499000.0,100272000.0,idle
170172,33519.0,16759.0,10012856.0,-532.0,-3195.0,-3195.0,20830000.0,53499000.0,100272000.0,idle
170182,23942.0,-2394.0,9993702.0,-532.0,-3195.0,-3728.0,20830000.0,53499000.0,100272000.0,idle
170192,25139.0,-21548.0,9998491.0,1065.0,-3728.0,-4261.0,20830000.0,53499000.0,100272000.0,idle
170202,33519.0,-1197.0,10017645.0,-532.0,-4793.0,-3728.0,20830000.0,53499000.0,100272000.0,idle
170212,20351.0,2394.0,10000885.0,532.0,-3728.0,-2663.0,20830000.0,53499000.0,100272000.0,idle
170222,20351.0,-7182.0,9993702.0,-2130.0,-3195.0,-2663.0,20830000.0,53499000.0,100272000.0,idle
170232,20351.0,-7182.0,9993702.0,-2130.0,-3195.0,-2663.0,20830000.0,53499000.0,100272000.0,idle
170242,28731.0,1197.0,10002082.0,-1065.0,-4261.0,-2663.0,20830000.0,53499000.0,100272000.0,idle
170252,34716.0,-14365.0,10024828.0,532.0,-3195.0,-2663.0,20830000.0,53499000.0,100272000.0,idle
170262,14365.0,2394.0,9994899.0,0.0,-3195.0,-4261.0,20830000.0,53499000.0,100272000.0,idle
170272,34716.0,-8379.0,9993702.0,-1065.0,-2663.0,-3728.0,20830000.0,53499000.0,100272000.0,idle
170282,26337.0,-7182.0,10005674.0,-1597.0,-2663.0,-3728.0,20820000.0,53488000.0,100272000.0,idle
170292,17957.0,4788.0,9993702.0,532.0,-4261.0,-2663.0,20820000.0,53488000.0,100272000.0,idle
170302,32322.0,9577.0,9986519.0,1065.0,-3728.0,-1597.0,20820000.0,53488000.0,100272000.0,idle
170312,23942.0,4788.0,9993702.0,1065.0,-2663.0,-3195.0,20820000.0,53488000.0,100272000.0,idle
170322,1197.0,-19154.0,9988914.0,1597.0,-4793.0,-2663.0,20820000.0,53488000.0,100272000.0,idle
170332,27534.0,-13168.0,10008068.0,1065.0,-5326.0,-3195.0,20820000.0,53488000.0,100272000.0,idle
170342,47885.0,-3591.0,10000885.0,0.0,-3728.0,-2663.0,20820000.0,53488000.0,100272000.0,idle
170352,21548.0,-22745.0,9991308.0,-532.0,-4793.0,-3728.0,20820000.0,53488000.0,100272000.0,idle
170362,23942.0,-13168.0,10017645.0,-532.0,-5326.0,-2130.0,20820000.0,53488000.0,100272000.0,idle
170372,23942.0,2394.0,10030813.0,-1597.0,-3195.0,-3728.0,20820000.0,53488000.0,100272000.0,idle
170382,19154.0,-3591.0,9991308.0,0.0,-3195.0,-3728.0,20820000.0,53488000.0,100272000.0,idle
170392,28731.0,2394.0,9964971.0,0.0,-1065.0,-4261.0,20820000.0,53488000.0,100272000.0,idle
170402,37111.0,21548.0,9970957.0,1065.0,-2663.0,-2663.0,20820000.0,53488000.0,100272000.0,idle
170412,-39505.0,1197.0,9895537.0,0.0,-4261.0,-1597.0,20820000.0,53488000.0,100272000.0,idle
170422,49082.0,-25139.0,10121796.0,1597.0,-7457.0,-3195.0,20820000.0,53488000.0,100272000.0,idle
170432,100559.0,15562.0,10132570.0,-1065.0,-3728.0,-2663.0,20820000.0,53488000.0,100272000.0,idle
170442,13168.0,25139.0,10035602.0,-3195.0,532.0,-2130.0,20820000.0,53488000.0,100272000.0,idle
170452,-56265.0,-8379.0,9674067.0,-2663.0,532.0,-2130.0,20820000.0,53488000.0,100272000.0,idle
170462,58659.0,7182.0,9896734.0,1065.0,-5326.0,-2663.0,20820000.0,53488000.0,100272000.0,idle
170472,33519.0,-13168.0,10170879.0,2663.0,-10120.0,-4261.0,20820000.0,53488000.0,100272000.0,idle
170482,25139.0,1197.0,10152921.0,1065.0,-5859.0,-3195.0,20820000.0,53488000.0,100272000.0,idle
170492,46688.0,3591.0,10000885.0,-1597.0,-1597.0,-3195.0,20820000.0,53488000.0,100272000.0,idle
170502,-3591.0,-11971.0,9847651.0,-1597.0,-1065.0,-2663.0,20820000.0,53488000.0,100272000.0,idle
170512,65842.0,29928.0,9906311.0,1065.0,-4793.0,-2663.0,20820000.0,53488000.0,100272000.0,idle
170522,-83799.0,-21548.0,9456188.0,1065.0,-6924.0,-3728.0,20820000.0,53488000.0,100272000.0,idle
170532,189147.0,33519.0,10807756.0,7989.0,-17044.0,-2663.0,20820000.0,53488000.0,100272000.0,idle
170542,9577.0,-37111.0,10120599.0,0.0,-3728.0,-3728.0,20820000.0,53488000.0,100272000.0,idle
170552,7182.0,15562.0,10279818.0,-8522.0,7457.0,-3195.0,20820000.0,53488000.0,100272000.0,idle
170562,3591.0,-16759.0,9322108.0,-6391.0,6924.0,-3195.0,20820000.0,53488000.0,100272000.0,idle
170572,-14365.0,33519.0,9680052.0,1597.0,-7457.0,-4261.0,20820000.0,53488000.0,100272000.0,idle
170582,25139.0,25139.0,10248692.0,5859.0,-14381.0,-3728.0,20820000.0,53488000.0,100272000.0,idle
170592,81405.0,1197.0,10331295.0,4261.0,-8522.0,-2663.0,20820000.0,53488000.0,100272000.0,idle
170602,57462.0,-39505.0,9968562.0,532.0,-1597.0,-2130.0,20820000.0,53488000.0,100272000.0,idle
170612,-9577.0,21548.0,10005674.0,-3195.0,532.0,-3728.0,20820000.0,53488000.0,100272000.0,idle
170622,-13168.0,-14365.0,9832089.0,-1597.0,-1065.0,-3728.0,20820000.0,53488000.0,100272000.0,idle
170632,69433.0,14365.0,9884763.0,532.0,-4793.0,-2663.0,20820000.0,53488000.0,100272000.0,idle
170642,17957.0,-14365.0,10049968.0,2663.0,-7457.0,-3195.0,20820000.0,53488000.0,100272000.0,idle
170652,1197.0,-13168.0,10184047.0,1065.0,-6924.0,-3728.0,20820000.0,53488000.0,100272000.0,idle
170662,82602.0,-1197.0,10037996.0,-3195.0,-532.0,-3195.0,20820000.0,53488000.0,100272000.0,idle
170673,26337.0,-5985.0,9791386.0,-2130.0,532.0,-4261.0,20820000.0,53488000.0,100272000.0,idle
170683,-19154.0,-26337.0,9784203.0,1597.0,-4793.0,-4261.0,20820000.0,53488000.0,100272000.0,idle
170693,32322.0,-10774.0,10125387.0,3728.0,-8522.0,-2663.0,20820000.0,53488000.0,100272000.0,idle
170703,77813.0,-8379.0,10261861.0,1597.0,-5326.0,-2663.0,20820000.0,53488000.0,100272000.0,idle
170713,46688.0,-8379.0,10053559.0,-1597.0,0.0,-2130.0,20820000.0,53488000.0,100272000.0,idle
170723,-1197.0,5985.0,9786597.0,-2663.0,2663.0,-3728.0,20820000.0,53488000.0,100272000.0,idle
170733,-33519.0,-9577.0,9832089.0,-532.0,-3728.0,-3195.0,20820000.0,53488000.0,100272000.0,idle
170743,35914.0,-9577.0,10051165.0,3195.0,-9055.0,-3195.0,20820000.0,53488000.0,100272000.0,idle
170753,53871.0,-10774.0,10179259.0,2130.0,-7457.0,-2130.0,20820000.0,53488000.0,100272000.0,idle
170763,13168.0,-2394.0,10084685.0,-1065.0,-1597.0,-3195.0,20820000.0,53488000.0,100272000.0,idle
170773,-2394.0,-3591.0,9901523.0,-1597.0,2130.0,-3195.0,20820000.0,53488000.0,100272000.0,idle
170783,43096.0,-10774.0,9852440.0,0.0,-2663.0,-2663.0,20820000.0,53488000.0,100272000.0,idle
170793,17957.0,-22745.0,9955394.0,2130.0,-6391.0,-2663.0,20820000.0,53488000.0,100272000.0,idle
170803,28731.0,-9577.0,10128979.0,2130.0,-5326.0,-3195.0,20820000.0,53488000.0,100272000.0,idle
170813,23942.0,1197.0,10113416.0,-532.0,-2130.0,-2663.0,20820000.0,53488000.0,100272000.0,idle
170823,44294.0,-1197.0,9951802.0,-1065.0,-1065.0,-2663.0,20820000.0,53488000.0,100272000.0,idle
170833,17957.0,-9577.0,9864411.0,-1597.0,-2130.0,-3728.0,20820000.0,53488000.0,100272000.0,idle
170843,4788.0,-3591.0,9939831.0,1597.0,-5859.0,-2663.0,20820000.0,53488000.0,100272000.0,idle
170853,25139.0,-8379.0,10087079.0,1597.0,-5326.0,-2130.0,20820000.0,53488000.0,100272000.0,idle
170863,61054.0,4788.0,10079896.0,1065.0,-3195.0,-2130.0,20820000.0,53488000.0,100272000.0,idle
170873,11971.0,-3591.0,9980534.0,-1065.0,-2130.0,-3195.0,20820000.0,53488000.0,100272000.0,idle
170883,5985.0,-8379.0,9905114.0,-532.0,-3195.0,-3728.0,20820000.0,53488000.0,100272000.0,idle
170893,21548.0,-5985.0,9937437.0,1065.0,-4261.0,-2663.0,20820000.0,53488000.0,100272000.0,idle
170903,39505.0,-1197.0,10052362.0,1065.0,-5859.0,-2130.0,20820000.0,53488000.0,100272000.0,idle
170913,32322.0,8379.0,10085882.0,1065.0,-4793.0,-2663.0,20820000.0,53488000.0,100272000.0,idle
170923,29928.0,4788.0,10015251.0,0.0,-1597.0,-2130.0,20820000.0,53488000.0,100272000.0,idle
170933,22745.0,-5985.0,9921874.0,-1065.0,-1597.0,-2663.0,20820000.0,53488000.0,100272000.0,idle
170943,11971.0,-4788.0,9937437.0,532.0,-3195.0,-2663.0,20820000.0,53488000.0,100272000.0,idle
170953,32322.0,-9577.0,9996096.0,1597.0,-7457.0,-2130.0,20820000.0,53488000.0,100272000.0,idle
170963,39505.0,1197.0,10058348.0,-532.0,-6924.0,-2663.0,20820000.0,53488000.0,100272000.0,idle
170973,23942.0,-7182.0,10017645.0,-532.0,-4261.0,-2663.0,20820000.0,53488000.0,100272000.0,idle
170983,19154.0,3591.0,9953000.0,0.0,-3195.0,-3195.0,20820000.0,53488000.0,100272000.0,idle
170993,27534.0,4788.0,9957788.0,1597.0,-3195.0,-3728.0,20820000.0,53488000.0,100272000.0,idle
171003,27534.0,-8379.0,10004476.0,2130.0,-5326.0,-2663.0,20820000.0,53488000.0,100272000.0,idle
171013,21548.0,-3591.0,10034405.0,532.0,-4261.0,-2130.0,20820000.0,53488000.0,100272000.0,idle
171023,9577.0,2394.0,10032011.0,-532.0,-1597.0,-4261.0,20820000.0,53488000.0,100272000.0,idle
171033,32322.0,-11971.0,9964971.0,-1065.0,-3195.0,-3195.0,20820000.0,53488000.0,100272000.0,idle
171043,27534.0,-7182.0,9950605.0,0.0,-4261.0,-3195.0,20820000.0,53488000.0,100272000.0,idle
171053,33519.0,1197.0,10015251.0,532.0,-5326.0,-3195.0,20820000.0,53488000.0,100272000.0,idle
171063,40702.0,-16759.0,10049968.0,0.0,-4261.0,-3728.0,20820000.0,53488000.0,100272000.0,idle
171073,31125.0,-4788.0,10026025.0,-1065.0,-2130.0,-3728.0,20820000.0,53488000.0,100272000.0,idle
171083,27534.0,0.0,9961380.0,-1065.0,-2663.0,-2663.0,20820000.0,53488000.0,100272000.0,idle
171093,21548.0,-4788.0,9937437.0,-532.0,-3728.0,-3195.0,20820000.0,53488000.0,100272000.0,idle
171123,23942.0,-5985.0,10046376.0,-1065.0,-4261.0,-2663.0,20820000.0,53488000.0,100272000.0,idle
171133,19154.0,-7182.0,9987717.0,-1065.0,-3728.0,-4793.0,20820000.0,53488000.0,100272000.0,idle
171143,19154.0,2394.0,9954197.0,0.0,-3728.0,-3728.0,20820000.0,53488000.0,100272000.0,idle
171154,43096.0,16759.0,9986519.0,532.0,-3728.0,-4261.0,20820000.0,53488000.0,100272000.0,idle
171163,35914.0,0.0,10028419.0,0.0,-5859.0,-4261.0,20820000.0,53488000.0,100272000.0,idle
171173,35914.0,3591.0,10043982.0,1065.0,-3195.0,-2130.0,20820000.0,53488000.0,100272000.0,idle
171183,29928.0,13168.0,9980534.0,-1597.0,-2663.0,-3728.0,20820000.0,53488000.0,100272000.0,idle
171193,13168.0,5985.0,9967365.0,-1065.0,-2663.0,-4261.0,20820000.0,53488000.0,100272000.0,idle
171204,15562.0,3591.0,9985322.0,532.0,-4793.0,-2663.0,20820000.0,53488000.0,100272000.0,idle
171213,29928.0,19154.0,10011659.0,532.0,-5326.0,-3195.0,20820000.0,53488000.0,100272000.0,idle
171223,32322.0,-13168.0,10028419.0,0.0,-3728.0,-2663.0,20820000.0,53488000.0,100272000.0,idle
171233,22745.0,1197.0,10008068.0,0.0,-2663.0,-3195.0,20820000.0,53488000.0,100272000.0,idle
171243,5985.0,0.0,9985322.0,532.0,-3195.0,-2663.0,20820000.0,53488000.0,100272000.0,idle
171254,37111.0,5985.0,9984125.0,-532.0,-3728.0,-3728.0,20820000.0,53488000.0,100272000.0,idle
171264,34716.0,0.0,9999688.0,1065.0,-4261.0,-3195.0,20820000.0,53488000.0,100272000.0,idle
171273,9577.0,-7182.0,10014054.0,1065.0,-3195.0,-1597.0,20820000.0,53488000.0,100272000.0,idle
171283,38308.0,-3591.0,10004476.0,0.0,-4261.0,-3195.0,20780000.0,53464000.0,100272000.0,idle
171294,21548.0,-3591.0,9969759.0,-1065.0,-3728.0,-2663.0,20780000.0,53464000.0,100272000.0,idle
171304,29928.0,-14365.0,9976942.0,532.0,-4261.0,-3195.0,20780000.0,53464000.0,100272000.0,idle
171314,29928.0,-14365.0,9976942.0,532.0,-4261.0,-3195.0,20780000.0,53464000.0,100272000.0,idle
171324,19154.0,7182.0,10004476.0,-532.0,-6391.0,-3195.0,20780000.0,53464000.0,100272000.0,idle
171334,39505.0,0.0,10015251.0,532.0,-4793.0,-2663.0,20780000.0,53464000.0,100272000.0,idle
171344,22745.0,-1197.0,9997294.0,532.0,-2663.0,-1597.0,20780000.0,53464000.0,100272000.0,idle
171354,19154.0,-5985.0,9991308.0,0.0,-3195.0,-1065.0,20780000.0,53464000.0,100272000.0,idle
171364,29928.0,-8379.0,9994899.0,1065.0,-3728.0,-3195.0,20780000.0,53464000.0,100272000.0,idle
171374,41899.0,-5985.0,10008068.0,1065.0,-3195.0,-3728.0,20780000.0,53464000.0,100272000.0,idle
171384,19154.0,3591.0,10017645.0,0.0,-3728.0,-2130.0,20780000.0,53464000.0,100272000.0,idle
171394,28731.0,15562.0,10028419.0,0.0,-3728.0,-1065.0,20780000.0,53464000.0,100272000.0,idle
171404,40702.0,9577.0,9991308.0,-1597.0,-3728.0,-2130.0,20780000.0,53464000.0,100272000.0,idle
171414,19154.0,-17957.0,9987717.0,-532.0,-3728.0,-2663.0,20780000.0,53464000.0,100272000.0,idle
171424,2394.0,-19154.0,9956591.0,0.0,-3728.0,-3728.0,20780000.0,53464000.0,100272000.0,idle
171434,25139.0,-10774.0,10014054.0,532.0,-3728.0,-2663.0,20780000.0,53464000.0,100272000.0,idle
171444,33519.0,5985.0,10054756.0,1065.0,-3728.0,-1597.0,20780000.0,53464000.0,100272000.0,idle
171454,38308.0,3591.0,10036799.0,-532.0,-532.0,-2663.0,20780000.0,53464000.0,100272000.0,idle
171464,32322.0,3591.0,9966168.0,0.0,-1597.0,-3195.0,20780000.0,53464000.0,100272000.0,idle
171474,14365.0,-2394.0,9976942.0,532.0,-3195.0,-3195.0,20780000.0,53464000.0,100272000.0,idle
171484,23942.0,-7182.0,9988914.0,0.0,-3195.0,-2663.0,20780000.0,53464000.0,100272000.0,idle
171494,32322.0,-10774.0,9992505.0,0.0,-3195.0,-3195.0,20780000.0,53464000.0,100272000.0,idle
171504,33519.0,-22745.0,10033208.0,532.0,-3195.0,-3195.0,20780000.0,53464000.0,100272000.0,idle
171514,28731.0,-16759.0,10020039.0,532.0,-2663.0,-2663.0,20780000.0,53464000.0,100272000.0,idle
171524,32322.0,-1197.0,9973351.0,0.0,-2663.0,-3195.0,20780000.0,53464000.0,100272000.0,idle
171534,15562.0,-3591.0,9979337.0,532.0,-3728.0,-3728.0,20780000.0,53464000.0,100272000.0,idle
171544,33519.0,0.0,10003279.0,0.0,-4261.0,-2663.0,20780000.0,53464000.0,100272000.0,idle
171554,37111.0,-1197.0,10006871.0,0.0,-4261.0,-3195.0,20780000.0,53464000.0,100272000.0,idle
171564,28731.0,-5985.0,9999688.0,532.0,-2663.0,-4261.0,20780000.0,53464000.0,100272000.0,idle
171574,16759.0,0.0,9982928.0,-1065.0,-3728.0,-4261.0,20780000.0,53464000.0,100272000.0,idle
171584,28731.0,-3591.0,10009265.0,0.0,-3728.0,-2663.0,20780000.0,53464000.0,100272000.0,idle
171594,35914.0,-9577.0,10011659.0,532.0,-3728.0,-1597.0,20780000.0,53464000.0,100272000.0,idle
171604,33519.0,2394.0,10005674.0,1065.0,-3728.0,-3195.0,20780000.0,53464000.0,100272000.0,idle
171614,20351.0,-4788.0,10004476.0,0.0,-2130.0,-4261.0,20780000.0,53464000.0,100272000.0,idle
171624,20351.0,-9577.0,9993702.0,-532.0,-2663.0,-2130.0,20780000.0,53464000.0,100272000.0,idle
171634,39505.0,-9577.0,9909903.0,-532.0,-2663.0,-1597.0,20780000.0,53464000.0,100272000.0,idle
171644,38308.0,-1197.0,10035602.0,-532.0,-4793.0,-2663.0,20780000.0,53464000.0,100272000.0,idle
171654,43096.0,5985.0,9999688.0,532.0,-5859.0,-1597.0,20780000.0,53464000.0,100272000.0,idle
171664,33519.0,-2394.0,10024828.0,0.0,-4793.0,-2130.0,20780000.0,53464000.0,100272000.0,idle
171674,43096.0,-2394.0,9991308.0,-532.0,-4261.0,-2130.0,20780000.0,53464000.0,100272000.0,idle
171684,20351.0,-5985.0,9981731.0,-532.0,-4793.0,-2130.0,20780000.0,53464000.0,100272000.0,idle
171694,-2394.0,-20351.0,9970957.0,532.0,-4793.0,-2130.0,20780000.0,53464000.0,100272000.0,idle
171704,28731.0,-19154.0,9982928.0,532.0,-3195.0,-3195.0,20780000.0,53464000.0,100272000.0,idle
171714,27534.0,-1197.0,10018842.0,-532.0,-4261.0,-4261.0,20780000.0,53464000.0,100272000.0,idle
171724,14365.0,-9577.0,10011659.0,532.0,-3728.0,-3195.0,20780000.0,53464000.0,100272000.0,idle
171734,25139.0,3591.0,9991308.0,532.0,-3728.0,-2130.0,20780000.0,53464000.0,100272000.0,idle
171744,32322.0,4788.0,9975745.0,-532.0,-3728.0,-2663.0,20780000.0,53464000.0,100272000.0,idle
171754,32322.0,-7182.0,10010462.0,532.0,-4261.0,-1597.0,20780000.0,53464000.0,100272000.0,idle
171764,26337.0,-1197.0,10023631.0,0.0,-4261.0,-3728.0,20780000.0,53464000.0,100272000.0,idle
171774,29928.0,0.0,10009265.0,0.0,-2663.0,-3728.0,20780000.0,53464000.0,100272000.0,idle
171784,11971.0,11971.0,9985322.0,-1065.0,-3195.0,-3728.0,20780000.0,53464000.0,100272000.0,idle
171794,21548.0,7182.0,9982928.0,1065.0,-3195.0,-3728.0,20780000.0,53464000.0,100272000.0,idle
171805,14365.0,-4788.0,10002082.0,532.0,-2663.0,-1597.0,20780000.0,53464000.0,100272000.0,idle
171814,44294.0,4788.0,10006871.0,532.0,-4261.0,-1597.0,20780000.0,53464000.0,100272000.0,idle
171824,27534.0,5985.0,9997294.0,0.0,-3728.0,-3728.0,20780000.0,53464000.0,100272000.0,idle
171834,26337.0,-10774.0,9997294.0,0.0,-3195.0,-3728.0,20780000.0,53464000.0,100272000.0,idle
171844,22745.0,-3591.0,9987717.0,1065.0,-2663.0,-2130.0,20780000.0,53464000.0,100272000.0,idle
171855,22745.0,2394.0,10008068.0,0.0,-3195.0,-3195.0,20780000.0,53464000.0,100272000.0,idle
171864,28731.0,2394.0,9998491.0,0.0,-3195.0,-2663.0,20780000.0,53464000.0,100272000.0,idle
171874,32322.0,-3591.0,9997294.0,1597.0,-4261.0,-2663.0,20780000.0,53464000.0,100272000.0,idle
171884,31125.0,-7182.0,9986519.0,1065.0,-4261.0,-4793.0,20780000.0,53464000.0,100272000.0,idle
171894,3591.0,4788.0,9982928.0,-1065.0,-2663.0,-3728.0,20780000.0,53464000.0,100272000.0,idle
171905,27534.0,3591.0,9997294.0,0.0,-4793.0,-3728.0,20780000.0,53464000.0,100272000.0,idle
171914,41899.0,10774.0,10015251.0,1597.0,-5859.0,-2130.0,20780000.0,53464000.0,100272000.0,idle
171924,-10774.0,-4788.0,9957788.0,2130.0,-4261.0,-3195.0,20780000.0,53464000.0,100272000.0,idle
171934,1197.0,-27534.0,9814132.0,2130.0,-4793.0,-2663.0,20780000.0,53464000.0,100272000.0,idle
171945,95770.0,1197.0,10145739.0,2663.0,-7989.0,-2130.0,20780000.0,53464000.0,100272000.0,idle
171955,70631.0,-8379.0,10281015.0,0.0,-3728.0,-4793.0,20780000.0,53464000.0,100272000.0,idle
171965,-22745.0,-3591.0,10028419.0,-4261.0,4261.0,-3195.0,20780000.0,53464000.0,100272000.0,idle
171975,10774.0,-21548.0,9717163.0,-3728.0,3728.0,-1065.0,20780000.0,53464000.0,100272000.0,idle
171985,17957.0,1197.0,9778217.0,1065.0,-2663.0,-3195.0,20780000.0,53464000.0,100272000.0,idle
171995,14365.0,14365.0,10012856.0,4261.0,-8522.0,-4793.0,20780000.0,53464000.0,100272000.0,idle
172005,35914.0,-9577.0,10192427.0,3195.0,-7989.0,-4793.0,20780000.0,53464000.0,100272000.0,idle
172015,59856.0,-16759.0,10125387.0,-532.0,-4261.0,-1597.0,20780000.0,53464000.0,100272000.0,idle
172025,44294.0,-1197.0,10023631.0,-2130.0,-532.0,-3195.0,20780000.0,53464000.0,100272000.0,idle
172035,7182.0,11971.0,9864411.0,-1597.0,532.0,-2130.0,20780000.0,53464000.0,100272000.0,idle
172045,11971.0,10774.0,9847651.0,1065.0,-2663.0,-3728.0,20780000.0,53464000.0,100272000.0,idle
172055,21548.0,-3591.0,9994899.0,1065.0,-7457.0,-3728.0,20780000.0,53464000.0,100272000.0,idle
172065,47885.0,-11971.0,10161301.0,2130.0,-7457.0,-2663.0,20780000.0,53464000.0,100272000.0,idle
172075,37111.0,-8379.0,10085882.0,-1065.0,-2130.0,-1597.0,20780000.0,53464000.0,100272000.0,idle
172085,3591.0,-7182.0,9872791.0,-1597.0,-1597.0,-3195.0,20780000.0,53464000.0,100272000.0,idle
172095,2394.0,-16759.0,9891946.0,0.0,-6924.0,-3195.0,20780000.0,53464000.0,100272000.0,idle
172105,31125.0,-20351.0,10055953.0,2130.0,-7989.0,-2663.0,20780000.0,53464000.0,100272000.0,idle
172115,38308.0,-16759.0,10126584.0,1065.0,-4261.0,-2663.0,20780000.0,53464000.0,100272000.0,idle
172125,33519.0,3591.0,10041588.0,-1065.0,-2130.0,-3195.0,20780000.0,53464000.0,100272000.0,idle
172135,28731.0,19154.0,9929057.0,-2130.0,-2663.0,-2130.0,20780000.0,53464000.0,100272000.0,idle
172145,-5985.0,-13168.0,9891946.0,-1065.0,-3195.0,-3195.0,20780000.0,53464000.0,100272000.0,idle
172155,34716.0,-19154.0,9981731.0,1597.0,-5859.0,-3728.0,20780000.0,53464000.0,100272000.0,idle
172165,41899.0,-4788.0,10112219.0,3195.0,-6391.0,-3195.0,20780000.0,53464000.0,100272000.0,idle
172175,26337.0,-10774.0,10094262.0,532.0,-3195.0,-2663.0,20780000.0,53464000.0,100272000.0,idle
172185,29928.0,-15562.0,9958985.0,-2130.0,-1597.0,-2130.0,20780000.0,53464000.0,100272000.0,idle
172195,11971.0,-13168.0,9869200.0,-2663.0,-2663.0,-2663.0,20780000.0,53464000.0,100272000.0,idle
172205,14365.0,-1197.0,9939831.0,1065.0,-5859.0,-3195.0,20780000.0,53464000.0,100272000.0,idle
172215,45491.0,1197.0,10077502.0,1065.0,-5859.0,-2130.0,20780000.0,53464000.0,100272000.0,idle
172225,52674.0,-16759.0,10091867.0,0.0,-3728.0,-2663.0,20780000.0,53464000.0,100272000.0,idle
172235,46688.0,0.0,9984125.0,-1065.0,-2130.0,-2663.0,20780000.0,53464000.0,100272000.0,idle
172245,11971.0,-10774.0,9912297.0,-532.0,-2663.0,-1597.0,20780000.0,53464000.0,100272000.0,idle
172255,16759.0,3591.0,9957788.0,0.0,-4793.0,-2663.0,20780000.0,53464000.0,100272000.0,idle
172265,44294.0,0.0,10049968.0,0.0,-6924.0,-3195.0,20780000.0,53464000.0,100272000.0,idle
172275,37111.0,-21548.0,10067925.0,1065.0,-3195.0,-3728.0,20780000.0,53464000.0,100272000.0,idle
172285,19154.0,-1197.0,10011659.0,0.0,-4261.0,-2663.0,20770000.0,53422000.0,100274000.0,idle
172295,26337.0,-2394.0,9939831.0,-1065.0,-3195.0,-3195.0,20770000.0,53422000.0,100274000.0,idle
172305,31125.0,-3591.0,9947014.0,1065.0,-3195.0,-3195.0,20770000.0,53422000.0,100274000.0,idle
172315,40702.0,1197.0,10017645.0,1597.0,-4261.0,-3728.0,20770000.0,53422000.0,100274000.0,idle
172325,43096.0,15562.0,10077502.0,1597.0,-4793.0,-2130.0,20770000.0,53422000.0,100274000.0,idle
172335,28731.0,-1197.0,10024828.0,532.0,-2663.0,-3195.0,20770000.0,53422000.0,100274000.0,idle
172345,11971.0,-14365.0,9957788.0,532.0,-1597.0,-2663.0,20770000.0,53422000.0,100274000.0,idle
172355,16759.0,-2394.0,9954197.0,532.0,-2663.0,-3195.0,20770000.0,53422000.0,100274000.0,idle
172365,16759.0,-2394.0,9954197.0,532.0,-2663.0,-3195.0,20770000.0,53422000.0,100274000.0,idle
172375,28731.0,1197.0,9979337.0,532.0,-2663.0,-3728.0,20770000.0,53422000.0,100274000.0,idle
172385,23942.0,-10774.0,10046376.0,-1065.0,-4793.0,-2663.0,20770000.0,53422000.0,100274000.0,idle
172395,44294.0,4788.0,10028419.0,-532.0,-3195.0,-3195.0,20770000.0,53422000.0,100274000.0,idle
172405,17957.0,5985.0,9981731.0,-532.0,-4793.0,-3728.0,20770000.0,53422000.0,100274000.0,idle
172415,20351.0,-13168.0,9963774.0,-1065.0,-4793.0,-2663.0,20770000.0,53422000.0,100274000.0,idle
172425,29928.0,-7182.0,9990111.0,1065.0,-4261.0,-3195.0,20770000.0,53422000.0,100274000.0,idle
172435,28731.0,3591.0,10028419.0,1065.0,-4261.0,-3195.0,20770000.0,53422000.0,100274000.0,idle
172445,33519.0,-3591.0,10034405.0,532.0,-5326.0,-2663.0,20770000.0,53422000.0,100274000.0,idle
172455,32322.0,0.0,10005674.0,1065.0,-2663.0,-2663.0,20770000.0,53422000.0,100274000.0,idle
172465,23942.0,-4788.0,9961380.0,-1065.0,-1597.0,-2663.0,20770000.0,53422000.0,100274000.0,idle
172475,22745.0,1197.0,9968562.0,-532.0,-5859.0,-2130.0,20770000.0,53422000.0,100274000.0,idle
172485,37111.0,0.0,10022434.0,532.0,-4261.0,-2663.0,20770000.0,53422000.0,100274000.0,idle
172495,26337.0,0.0,10039193.0,1065.0,-4261.0,-2130.0,20770000.0,53422000.0,100274000.0,idle
172505,31125.0,-3591.0,10016448.0,1065.0,-3728.0,-2663.0,20770000.0,53422000.0,100274000.0,idle
172515,23942.0,-2394.0,9969759.0,0.0,-3728.0,-3195.0,20770000.0,53422000.0,100274000.0,idle
172525,8379.0,-7182.0,9974548.0,532.0,-4793.0,-3728.0,20770000.0,53422000.0,100274000.0,idle
172535,26337.0,1197.0,10018842.0,1597.0,-5326.0,-3195.0,20770000.0,53422000.0,100274000.0,idle
172546,11971.0,-3591.0,10042785.0,1597.0,-4261.0,-2130.0,20770000.0,53422000.0,100274000.0,idle
172556,21548.0,-5985.0,10016448.0,-532.0,-4261.0,-2130.0,20770000.0,53422000.0,100274000.0,idle
172566,13168.0,-3591.0,9964971.0,-532.0,-4261.0,-3728.0,20770000.0,53422000.0,100274000.0,idle
172576,8379.0,2394.0,9968562.0,0.0,-4261.0,-3195.0,20770000.0,53422000.0,100274000.0,idle
172586,34716.0,-3591.0,9987717.0,532.0,-4261.0,-1597.0,20770000.0,53422000.0,100274000.0,idle
172596,41899.0,3591.0,10027222.0,532.0,-2663.0,-3195.0,20770000.0,53422000.0,100274000.0,idle
172606,25139.0,-13168.0,10012856.0,0.0,-3195.0,-2663.0,20770000.0,53422000.0,100274000.0,idle
172616,16759.0,-7182.0,9979337.0,-532.0,-3195.0,-2663.0,20770000.0,53422000.0,100274000.0,idle
172626,27534.0,-3591.0,9975745.0,532.0,-3195.0,-4261.0,20770000.0,53422000.0,100274000.0,idle
172636,13168.0,-4788.0,9976942.0,-532.0,-3728.0,-3728.0,20770000.0,53422000.0,100274000.0,idle
172646,20351.0,-5985.0,10010462.0,0.0,-4793.0,-3195.0,20770000.0,53422000.0,100274000.0,idle
172656,29928.0,-19154.0,10012856.0,1065.0,-3195.0,-3195.0,20770000.0,53422000.0,100274000.0,idle
172666,28731.0,-13168.0,10003279.0,-532.0,-3195.0,-3728.0,20770000.0,53422000.0,100274000.0,idle
172676,16759.0,0.0,9974548.0,-532.0,-3728.0,-3195.0,20770000.0,53422000.0,100274000.0,idle
172686,28731.0,-8379.0,9982928.0,532.0,-4261.0,-2130.0,20770000.0,53422000.0,100274000.0,idle
172696,20351.0,-17957.0,10009265.0,532.0,-4261.0,-2663.0,20770000.0,53422000.0,100274000.0,idle
172706,26337.0,1197.0,10012856.0,1065.0,-4261.0,-4261.0,20770000.0,53422000.0,100274000.0,idle
172716,27534.0,4788.0,10002082.0,-532.0,-3195.0,-2130.0,20770000.0,53422000.0,100274000.0,idle
172726,32322.0,-8379.0,9984125.0,1065.0,-2663.0,-3195.0,20770000.0,53422000.0,100274000.0,idle
172736,33519.0,-4788.0,9981731.0,532.0,-2130.0,-3728.0,20770000.0,53422000.0,100274000.0,idle
172746,38308.0,-5985.0,10003279.0,532.0,-3195.0,-2663.0,20770000.0,53422000.0,100274000.0,idle
172756,22745.0,-2394.0,10017645.0,-1065.0,-4261.0,-3728.0,20770000.0,53422000.0,100274000.0,idle
172766,25139.0,-1197.0,10005674.0,-532.0,-3195.0,-4261.0,20770000.0,53422000.0,100274000.0,idle
172776,32322.0,-2394.0,9975745.0,1597.0,-3195.0,-2663.0,20770000.0,53422000.0,100274000.0,idle
172786,25139.0,0.0,9974548.0,532.0,-4793.0,-3728.0,20770000.0,53422000.0,100274000.0,idle
172796,39505.0,-7182.0,10002082.0,1065.0,-4261.0,-2663.0,20770000.0,53422000.0,100274000.0,idle
172806,26337.0,1197.0,10014054.0,1597.0,-4261.0,-1597.0,20770000.0,53422000.0,100274000.0,idle
172816,14365.0,-14365.0,9990111.0,-532.0,-2130.0,-3728.0,20770000.0,53422000.0,100274000.0,idle
172826,13168.0,16759.0,9997294.0,-1597.0,-2663.0,-3728.0,20770000.0,53422000.0,100274000.0,idle
172836,17957.0,8379.0,9996096.0,0.0,-3195.0,-3728.0,20770000.0,53422000.0,100274000.0,idle
172846,27534.0,0.0,9982928.0,532.0,-3728.0,-3728.0,20770000.0,53422000.0,100274000.0,idle
172856,39505.0,7182.0,10003279.0,532.0,-4261.0,-3728.0,20770000.0,53422000.0,100274000.0,idle
172866,45491.0,11971.0,10008068.0,532.0,-4793.0,-4261.0,20770000.0,53422000.0,100274000.0,idle
172876,26337.0,-14365.0,9986519.0,0.0,-3728.0,-3728.0,20770000.0,53422000.0,100274000.0,idle
172886,22745.0,-14365.0,9960182.0,0.0,-3195.0,-2130.0,20770000.0,53422000.0,100274000.0,idle
172896,21548.0,-19154.0,9975745.0,532.0,-4793.0,-2663.0,20770000.0,53422000.0,100274000.0,idle
172906,16759.0,-11971.0,10004476.0,1065.0,-5859.0,-2663.0,20770000.0,53422000.0,100274000.0,idle
172916,27534.0,10774.0,10009265.0,-532.0,-3728.0,-2663.0,20770000.0,53422000.0,100274000.0,idle
172926,17957.0,3591.0,9980534.0,532.0,-3195.0,-3728.0,20770000.0,53422000.0,100274000.0,idle
172936,27534.0,-4788.0,10006871.0,1065.0,-3728.0,-3195.0,20770000.0,53422000.0,100274000.0,idle
172946,31125.0,-14365.0,10016448.0,1065.0,-3728.0,-3728.0,20770000.0,53422000.0,100274000.0,idle
172956,3591.0,-13168.0,9999688.0,0.0,-4261.0,-3195.0,20770000.0,53422000.0,100274000.0,idle
172966,22745.0,-9577.0,9981731.0,0.0,-3728.0,-2663.0,20770000.0,53422000.0,100274000.0,idle
172976,39505.0,-8379.0,10008068.0,0.0,-4261.0,-3195.0,20770000.0,53422000.0,100274000.0,idle
172986,25139.0,-7182.0,10009265.0,-532.0,-3728.0,-2663.0,20770000.0,53422000.0,100274000.0,idle
172996,5985.0,3591.0,10000885.0,532.0,-4793.0,-2663.0,20770000.0,53422000.0,100274000.0,idle
173006,16759.0,8379.0,9998491.0,532.0,-4261.0,-3728.0,20770000.0,53422000.0,100274000.0,idle
173016,34716.0,-2394.0,10002082.0,0.0,-3728.0,-2663.0,20770000.0,53422000.0,100274000.0,idle
173026,26337.0,2394.0,10012856.0,-532.0,-3195.0,-3728.0,20770000.0,53422000.0,100274000.0,idle
173036,25139.0,-2394.0,9996096.0,532.0,-4261.0,-2663.0,20770000.0,53422000.0,100274000.0,idle
173046,32322.0,-11971.0,9978139.0,-532.0,-5326.0,-1597.0,20770000.0,53422000.0,100274000.0,idle
173057,11971.0,-9577.0,10000885.0,-532.0,-4261.0,-3728.0,20770000.0,53422000.0,100274000.0,idle
173066,9577.0,-4788.0,9992505.0,1597.0,-3195.0,-3728.0,20770000.0,53422000.0,100274000.0,idle
173076,13168.0,-2394.0,9997294.0,0.0,-2130.0,-2663.0,20770000.0,53422000.0,100274000.0,idle
173086,27534.0,5985.0,10010462.0,0.0,-3195.0,-4261.0,20770000.0,53422000.0,100274000.0,idle
173096,20351.0,-3591.0,9994899.0,0.0,-3195.0,-3195.0,20770000.0,53422000.0,100274000.0,idle
173106,22745.0,0.0,9996096.0,532.0,-3195.0,-3728.0,20770000.0,53422000.0,100274000.0,idle
173116,28731.0,4788.0,9994899.0,-1065.0,-3728.0,-5326.0,20770000.0,53422000.0,100274000.0,idle
173126,23942.0,2394.0,9997294.0,-532.0,-3195.0,-2663.0,20770000.0,53422000.0,100274000.0,idle
173136,19154.0,-9577.0,10021236.0,0.0,-3728.0,-3195.0,20770000.0,53422000.0,100274000.0,idle
173146,16759.0,1197.0,10020039.0,0.0,-4261.0,-2130.0,20770000.0,53422000.0,100274000.0,idle
173157,28731.0,3591.0,9987717.0,-532.0,-3195.0,-3728.0,20770000.0,53422000.0,100274000.0,idle
173166,26337.0,-3591.0,9984125.0,-532.0,-2130.0,-3728.0,20770000.0,53422000.0,100274000.0,idle
173177,29928.0,2394.0,10008068.0,532.0,-3195.0,-3195.0,20770000.0,53422000.0,100274000.0,idle
173186,25139.0,-4788.0,9996096.0,0.0,-4261.0,-2663.0,20770000.0,53422000.0,100274000.0,idle
173197,28731.0,3591.0,9992505.0,-532.0,-4793.0,-3195.0,20770000.0,53422000.0,100274000.0,idle
173207,33519.0,4788.0,10003279.0,-532.0,-5326.0,-2663.0,20770000.0,53422000.0,100274000.0,idle
173217,31125.0,8379.0,9997294.0,-532.0,-4261.0,-2663.0,20770000.0,53422000.0,100274000.0,idle
173227,27534.0,-3591.0,9987717.0,532.0,-3728.0,-3195.0,20770000.0,53422000.0,100274000.0,idle
173237,21548.0,-16759.0,10006871.0,1065.0,-4261.0,-4261.0,20770000.0,53422000.0,100274000.0,idle
173247,20351.0,-13168.0,10003279.0,0.0,-4793.0,-3728.0,20770000.0,53422000.0,100274000.0,idle
173257,22745.0,-1197.0,10005674.0,0.0,-4261.0,-2663.0,20770000.0,53422000.0,100274000.0,idle
173267,34716.0,-11971.0,9991308.0,0.0,-3728.0,-3195.0,20770000.0,53422000.0,100274000.0,idle
173277,21548.0,1197.0,9986519.0,1065.0,-3728.0,-3728.0,20770000.0,53422000.0,100274000.0,idle
173287,22745.0,-2394.0,10002082.0,532.0,-3195.0,-3728.0,20740000.0,53424000.0,100272000.0,idle
173297,23942.0,-1197.0,10004476.0,532.0,-4793.0,-4261.0,20740000.0,53424000.0,100272000.0,idle
173307,19154.0,-7182.0,9997294.0,-532.0,-4261.0,-3195.0,20740000.0,53424000.0,100272000.0,idle
173317,23942.0,2394.0,10002082.0,-532.0,-4261.0,-3728.0,20740000.0,53424000.0,100272000.0,idle
173327,34716.0,-3591.0,9985322.0,532.0,-4261.0,-2663.0,20740000.0,53424000.0,100272000.0,idle
173337,37111.0,-7182.0,10004476.0,532.0,-3195.0,-2663.0,20740000.0,53424000.0,100272000.0,idle
173347,25139.0,-8379.0,10021236.0,-532.0,-3728.0,-3195.0,20740000.0,53424000.0,100272000.0,idle
173357,41899.0,2394.0,9994899.0,-1065.0,-4261.0,-3195.0,20740000.0,53424000.0,100272000.0,idle
173367,32322.0,-19154.0,9988914.0,532.0,-4261.0,-1597.0,20740000.0,53424000.0,100272000.0,idle
173377,35914.0,-9577.0,10002082.0,1065.0,-3728.0,-2663.0,20740000.0,53424000.0,100272000.0,idle
173387,20351.0,-4788.0,10014054.0,1065.0,-4793.0,-2130.0,20740000.0,53424000.0,100272000.0,idle
173397,14365.0,-14365.0,10000885.0,0.0,-4261.0,-2130.0,20740000.0,53424000.0,100272000.0,idle
173407,11971.0,-13168.0,10003279.0,1065.0,-3728.0,-2130.0,20740000.0,53424000.0,100272000.0,idle
173417,16759.0,-2394.0,9999688.0,0.0,-4261.0,-3728.0,20740000.0,53424000.0,100272000.0,idle
173427,16759.0,-2394.0,9999688.0,0.0,-4261.0,-3728.0,20740000.0,53424000.0,100272000.0,idle
173437,16759.0,-20351.0,9999688.0,-532.0,-3195.0,-4261.0,20740000.0,53424000.0,100272000.0,idle
173447,35914.0,-9577.0,9984125.0,0.0,-3195.0,-3728.0,20740000.0,53424000.0,100272000.0,idle
173457,20351.0,-2394.0,9999688.0,532.0,-3195.0,-4261.0,20740000.0,53424000.0,100272000.0,idle
173467,14365.0,-11971.0,10014054.0,0.0,-3195.0,-3728.0,20740000.0,53424000.0,100272000.0,idle
173477,27534.0,-13168.0,9994899.0,0.0,-2663.0,-3195.0,20740000.0,53424000.0,100272000.0,idle
173487,15562.0,-11971.0,9984125.0,0.0,-3195.0,-3728.0,20740000.0,53424000.0,100272000.0,idle
173497,20351.0,0.0,9986519.0,-532.0,-3728.0,-2663.0,20740000.0,53424000.0,100272000.0,idle
173508,23942.0,4788.0,10010462.0,0.0,-3728.0,-2663.0,20740000.0,53424000.0,100272000.0,idle
173517,20351.0,1197.0,10008068.0,1065.0,-4793.0,-2130.0,20740000.0,53424000.0,100272000.0,idle
173527,25139.0,0.0,9992505.0,0.0,-4261.0,-3195.0,20740000.0,53424000.0,100272000.0,idle
173537,13168.0,2394.0,9993702.0,0.0,-3728.0,-3195.0,20740000.0,53424000.0,100272000.0,idle
173547,28731.0,1197.0,9988914.0,-532.0,-4261.0,-2130.0,20740000.0,53424000.0,100272000.0,idle
173557,31125.0,-8379.0,9986519.0,0.0,-4261.0,-2663.0,20740000.0,53424000.0,100272000.0,idle
173567,28731.0,-17957.0,9986519.0,-532.0,-4793.0,-4261.0,20740000.0,53424000.0,100272000.0,idle
173577,17957.0,4788.0,9996096.0,-532.0,-4261.0,-2663.0,20740000.0,53424000.0,100272000.0,idle
173587,11971.0,3591.0,10002082.0,0.0,-3195.0,-2130.0,20740000.0,53424000.0,100272000.0,idle
173597,22745.0,-8379.0,9991308.0,0.0,-3728.0,-1065.0,20740000.0,53424000.0,100272000.0,idle
173607,33519.0,1197.0,10014054.0,1065.0,-5326.0,-2663.0,20740000.0,53424000.0,100272000.0,idle
173617,32322.0,-9577.0,10014054.0,0.0,-5326.0,-4261.0,20740000.0,53424000.0,100272000.0,idle
173627,21548.0,5985.0,9996096.0,0.0,-3728.0,-3195.0,20740000.0,53424000.0,100272000.0,idle
173637,22745.0,2394.0,9985322.0,0.0,-3195.0,-3195.0,20740000.0,53424000.0,100272000.0,idle
173647,29928.0,-3591.0,9985322.0,-1065.0,-3195.0,-3728.0,20740000.0,53424000.0,100272000.0,idle
173657,31125.0,-2394.0,9994899.0,1065.0,-3728.0,-3195.0,20740000.0,53424000.0,100272000.0,idle
173667,25139.0,11971.0,10002082.0,1065.0,-5326.0,-3195.0,20740000.0,53424000.0,100272000.0,idle
173677,27534.0,-14365.0,10002082.0,532.0,-6391.0,-3195.0,20740000.0,53424000.0,100272000.0,idle
173687,37111.0,-10774.0,9994899.0,532.0,-3195.0,-2663.0,20740000.0,53424000.0,100272000.0,idle
173697,9577.0,-3591.0,9974548.0,0.0,-2663.0,-3195.0,20740000.0,53424000.0,100272000.0,idle
173707,14365.0,4788.0,10006871.0,532.0,-3195.0,-3195.0,20740000.0,53424000.0,100272000.0,idle
173717,23942.0,1197.0,10012856.0,0.0,-4261.0,-4261.0,20740000.0,53424000.0,100272000.0,idle
173727,28731.0,-1197.0,10018842.0,-1065.0,-3728.0,-2663.0,20740000.0,53424000.0,100272000.0,idle
173737,23942.0,-15562.0,9975745.0,-532.0,-3195.0,-3728.0,20740000.0,53424000.0,100272000.0,idle
173747,21548.0,8379.0,9973351.0,1065.0,-2663.0,-4793.0,20740000.0,53424000.0,100272000.0,idle
173758,27534.0,-5985.0,9992505.0,2130.0,-4793.0,-3728.0,20740000.0,53424000.0,100272000.0,idle
173767,27534.0,-7182.0,9997294.0,532.0,-3728.0,-2663.0,20740000.0,53424000.0,100272000.0,idle
173777,28731.0,2394.0,9986519.0,-1065.0,-4261.0,-2130.0,20740000.0,53424000.0,100272000.0,idle
173787,43096.0,-9577.0,9988914.0,0.0,-3195.0,-3195.0,20740000.0,53424000.0,100272000.0,idle
173798,33519.0,-4788.0,9984125.0,2130.0,-4261.0,-3728.0,20740000.0,53424000.0,100272000.0,idle
173808,26337.0,-8379.0,9997294.0,0.0,-4261.0,-2663.0,20740000.0,53424000.0,100272000.0,idle
173818,23942.0,-16759.0,10016448.0,532.0,-4261.0,-2130.0,20740000.0,53424000.0,100272000.0,idle
173828,34716.0,3591.0,10008068.0,0.0,-3195.0,-2130.0,20740000.0,53424000.0,100272000.0,idle
173838,15562.0,1197.0,9991308.0,0.0,-3195.0,-4261.0,20740000.0,53424000.0,100272000.0,idle
173848,31125.0,2394.0,9979337.0,0.0,-3728.0,-2663.0,20740000.0,53424000.0,100272000.0,idle
173858,40702.0,5985.0,9990111.0,532.0,-3195.0,-1597.0,20740000.0,53424000.0,100272000.0,idle
173868,31125.0,2394.0,10005674.0,1065.0,-3728.0,-3195.0,20740000.0,53424000.0,100272000.0,idle
173878,34716.0,0.0,10006871.0,532.0,-4261.0,-2663.0,20740000.0,53424000.0,100272000.0,idle
173888,17957.0,-11971.0,9975745.0,-532.0,-3728.0,-3195.0,20740000.0,53424000.0,100272000.0,idle
173898,31125.0,-3591.0,9976942.0,1065.0,-3195.0,-3728.0,20740000.0,53424000.0,100272000.0,idle
173908,31125.0,-3591.0,9996096.0,532.0,-4261.0,-3728.0,20740000.0,53424000.0,100272000.0,idle
173918,23942.0,-8379.0,10006871.0,0.0,-4793.0,-2663.0,20740000.0,53424000.0,100272000.0,idle
173928,20351.0,-2394.0,10006871.0,-1065.0,-3195.0,-2663.0,20740000.0,53424000.0,100272000.0,idle
173938,40702.0,-11971.0,10009265.0,-2130.0,-1597.0,-4261.0,20740000.0,53424000.0,100272000.0,idle
173948,29928.0,0.0,9985322.0,0.0,-2663.0,-2663.0,20740000.0,53424000.0,100272000.0,idle
173958,23942.0,8379.0,9998491.0,1065.0,-3728.0,-3728.0,20740000.0,53424000.0,100272000.0,idle
173968,33519.0,-15562.0,10016448.0,532.0,-3728.0,-4793.0,20740000.0,53424000.0,100272000.0,idle
173978,34716.0,-7182.0,10016448.0,0.0,-4261.0,-3195.0,20740000.0,53424000.0,100272000.0,idle
173988,22745.0,4788.0,9981731.0,0.0,-3728.0,-3728.0,20740000.0,53424000.0,100272000.0,idle
173998,25139.0,-11971.0,9984125.0,532.0,-2663.0,-2663.0,20740000.0,53424000.0,100272000.0,idle
174008,21548.0,-1197.0,9979337.0,0.0,-3195.0,-2663.0,20740000.0,53424000.0,100272000.0,idle
174018,26337.0,-2394.0,9990111.0,-532.0,-4793.0,-3728.0,20740000.0,53424000.0,100272000.0,idle
174028,21548.0,3591.0,10004476.0,1065.0,-3728.0,-2663.0,20740000.0,53424000.0,100272000.0,idle
174038,32322.0,5985.0,9999688.0,0.0,-2663.0,-2663.0,20740000.0,53424000.0,100272000.0,idle
174048,32322.0,3591.0,9987717.0,-1065.0,-4261.0,-3728.0,20740000.0,53424000.0,100272000.0,idle
174058,22745.0,-2394.0,9986519.0,-532.0,-4261.0,-3195.0,20740000.0,53424000.0,100272000.0,idle
174068,26337.0,-13168.0,9991308.0,532.0,-4793.0,-2130.0,20740000.0,53424000.0,100272000.0,idle
174078,34716.0,-1197.0,10000885.0,-532.0,-4793.0,-3195.0,20740000.0,53424000.0,100272000.0,idle
174088,35914.0,5985.0,10004476.0,0.0,-4261.0,-3728.0,20740000.0,53424000.0,100272000.0,idle
174098,43096.0,-17957.0,9997294.0,-532.0,-4261.0,-4261.0,20740000.0,53424000.0,100272000.0,idle
174108,17957.0,-10774.0,9990111.0,1065.0,-3728.0,-2663.0,20740000.0,53424000.0,100272000.0,idle
174118,25139.0,-11971.0,9986519.0,-1065.0,-3195.0,-3195.0,20740000.0,53424000.0,100272000.0,idle
174128,34716.0,-5985.0,10017645.0,0.0,-4793.0,-2663.0,20740000.0,53424000.0,100272000.0,idle
174138,34716.0,5985.0,9973351.0,0.0,-3728.0,-2663.0,20740000.0,53424000.0,100272000.0,idle
174148,19154.0,-9577.0,9958985.0,532.0,-4261.0,-2130.0,20740000.0,53424000.0,100272000.0,idle
174158,28731.0,-9577.0,9969759.0,1065.0,-2663.0,-2663.0,20740000.0,53424000.0,100272000.0,idle
174168,19154.0,-2394.0,10014054.0,1065.0,-5326.0,-2663.0,20740000.0,53424000.0,100272000.0,idle
174178,33519.0,7182.0,10008068.0,1065.0,-4261.0,-3195.0,20740000.0,53424000.0,100272000.0,idle
174188,26337.0,-19154.0,10002082.0,-1065.0,-4261.0,-2130.0,20740000.0,53424000.0,100272000.0,idle
174198,15562.0,-8379.0,9987717.0,532.0,-4261.0,-2130.0,20740000.0,53424000.0,100272000.0,idle
174208,31125.0,1197.0,10010462.0,1065.0,-4261.0,-3728.0,20740000.0,53424000.0,100272000.0,idle
174218,32322.0,-5985.0,9999688.0,-532.0,-5326.0,-4261.0,20740000.0,53424000.0,100272000.0,idle
174228,13168.0,-3591.0,10016448.0,-532.0,-3728.0,-3195.0,20740000.0,53424000.0,100272000.0,idle
174238,21548.0,7182.0,10017645.0,-532.0,-3195.0,-4261.0,20740000.0,53424000.0,100272000.0,idle
174248,25139.0,5985.0,9986519.0,-1597.0,-4261.0,-3195.0,20740000.0,53424000.0,100272000.0,idle
174258,23942.0,8379.0,9990111.0,-532.0,-3728.0,-3195.0,20740000.0,53424000.0,100272000.0,idle
174268,27534.0,-3591.0,9998491.0,1065.0,-3728.0,-3195.0,20740000.0,53424000.0,100272000.0,idle
174278,26337.0,-2394.0,10003279.0,532.0,-3195.0,-3195.0,20740000.0,53424000.0,100272000.0,idle
174288,22745.0,10774.0,9990111.0,-1065.0,-3728.0,-3195.0,20740000.0,53417000.0,100272000.0,idle
174298,33519.0,-4788.0,9979337.0,-532.0,-2663.0,-3195.0,20740000.0,53417000.0,100272000.0,idle
174309,33519.0,-7182.0,9975745.0,-532.0,-3195.0,-3195.0,20740000.0,53417000.0,100272000.0,idle
174318,27534.0,4788.0,10005674.0,-532.0,-3728.0,-4261.0,20740000.0,53417000.0,100272000.0,idle
174328,29928.0,2394.0,10006871.0,0.0,-5326.0,-3728.0,20740000.0,53417000.0,100272000.0,idle
174338,34716.0,-8379.0,9992505.0,532.0,-3728.0,-2663.0,20740000.0,53417000.0,100272000.0,idle
174348,32322.0,15562.0,10003279.0,-532.0,-4793.0,-2663.0,20740000.0,53417000.0,100272000.0,idle
174359,32322.0,-1197.0,9987717.0,-1065.0,-6391.0,-3195.0,20740000.0,53417000.0,100272000.0,idle
174368,28731.0,-4788.0,9994899.0,0.0,-4261.0,-2663.0,20740000.0,53417000.0,100272000.0,idle
174378,39505.0,-7182.0,10017645.0,0.0,-2663.0,-3728.0,20740000.0,53417000.0,100272000.0,idle
174388,27534.0,-16759.0,10014054.0,-1065.0,-2663.0,-4261.0,20740000.0,53417000.0,100272000.0,idle
174398,32322.0,-5985.0,10012856.0,0.0,-3195.0,-2130.0,20740000.0,53417000.0,100272000.0,idle
174409,37111.0,-2394.0,10003279.0,-532.0,-2663.0,-2663.0,20740000.0,53417000.0,100272000.0,idle
174418,44294.0,-2394.0,9986519.0,-1065.0,-3195.0,-3195.0,20740000.0,53417000.0,100272000.0,idle
174429,31125.0,-9577.0,10016448.0,-532.0,-3728.0,-3728.0,20740000.0,53417000.0,100272000.0,idle
174439,31125.0,-15562.0,10015251.0,-1065.0,-2663.0,-3195.0,20740000.0,53417000.0,100272000.0,idle
174449,29928.0,-1197.0,10017645.0,0.0,-4793.0,-3195.0,20740000.0,53417000.0,100272000.0,idle
174459,27534.0,-3591.0,10011659.0,0.0,-4261.0,-2663.0,20740000.0,53417000.0,100272000.0,idle
174469,25139.0,-10774.0,9994899.0,532.0,-3728.0,-3195.0,20740000.0,53417000.0,100272000.0,idle
174479,32322.0,2394.0,9982928.0,532.0,-5326.0,-2663.0,20740000.0,53417000.0,100272000.0,idle
174489,32322.0,2394.0,9982928.0,532.0,-5326.0,-2663.0,20740000.0,53417000.0,100272000.0,idle
174499,28731.0,5985.0,10004476.0,-532.0,-4261.0,-3195.0,20740000.0,53417000.0,100272000.0,idle
174509,25139.0,2394.0,9993702.0,0.0,-4261.0,-2663.0,20740000.0,53417000.0,100272000.0,idle
174519,20351.0,-5985.0,9985322.0,0.0,-3728.0,-3195.0,20740000.0,53417000.0,100272000.0,idle
174529,34716.0,2394.0,9986519.0,-532.0,-3728.0,-4793.0,20740000.0,53417000.0,100272000.0,idle
174539,20351.0,-11971.0,10018842.0,1065.0,-6391.0,-2663.0,20740000.0,53417000.0,100272000.0,idle
174549,20351.0,3591.0,10002082.0,532.0,-4261.0,-1597.0,20740000.0,53417000.0,100272000.0,idle
174559,26337.0,-3591.0,9984125.0,-532.0,-4793.0,-3195.0,20740000.0,53417000.0,100272000.0,idle
174569,19154.0,-2394.0,9992505.0,0.0,-3728.0,-3195.0,20740000.0,53417000.0,100272000.0,idle
174579,26337.0,-4788.0,9979337.0,532.0,-2663.0,-2130.0,20740000.0,53417000.0,100272000.0,idle
174589,25139.0,1197.0,9999688.0,532.0,-2130.0,-2663.0,20740000.0,53417000.0,100272000.0,idle
174599,33519.0,-9577.0,9997294.0,1065.0,-3728.0,-2130.0,20740000.0,53417000.0,100272000.0,idle
174609,46688.0,-11971.0,10014054.0,0.0,-3728.0,-2663.0,20740000.0,53417000.0,100272000.0,idle
174619,29928.0,-20351.0,9992505.0,0.0,-3728.0,-2663.0,20740000.0,53417000.0,100272000.0,idle
174629,23942.0,-3591.0,9974548.0,1065.0,-3728.0,-2130.0,20740000.0,53417000.0,100272000.0,idle
174639,23942.0,-9577.0,9996096.0,1065.0,-3195.0,-2663.0,20740000.0,53417000.0,100272000.0,idle
174649,29928.0,10774.0,10000885.0,0.0,-3195.0,-4261.0,20740000.0,53417000.0,100272000.0,idle
174659,32322.0,9577.0,9999688.0,-532.0,-3728.0,-3728.0,20740000.0,53417000.0,100272000.0,idle
174669,26337.0,4788.0,10003279.0,532.0,-3728.0,-3195.0,20740000.0,53417000.0,100272000.0,idle
174679,34716.0,-2394.0,10008068.0,1597.0,-4261.0,-4261.0,20740000.0,53417000.0,100272000.0,idle
174689,33519.0,1197.0,9998491.0,0.0,-3195.0,-4261.0,20740000.0,53417000.0,100272000.0,idle
174699,22745.0,3591.0,10008068.0,532.0,-3195.0,-3728.0,20740000.0,53417000.0,100272000.0,idle
174709,28731.0,-8379.0,10003279.0,1597.0,-3728.0,-2663.0,20740000.0,53417000.0,100272000.0,idle
174719,34716.0,-3591.0,9994899.0,0.0,-3195.0,-2663.0,20740000.0,53417000.0,100272000.0,idle
174729,17957.0,-8379.0,10008068.0,0.0,-3728.0,-2663.0,20740000.0,53417000.0,100272000.0,idle
174739,28731.0,0.0,9981731.0,532.0,-4793.0,-2663.0,20740000.0,53417000.0,100272000.0,idle
174749,45491.0,-3591.0,9990111.0,532.0,-3728.0,-2663.0,20740000.0,53417000.0,100272000.0,idle
174759,22745.0,3591.0,9986519.0,532.0,-5326.0,-3195.0,20740000.0,53417000.0,100272000.0,idle
174769,22745.0,-14365.0,9996096.0,-532.0,-4793.0,-3195.0,20740000.0,53417000.0,100272000.0,idle
174779,28731.0,-7182.0,10004476.0,-532.0,-4261.0,-2663.0,20740000.0,53417000.0,100272000.0,idle
174789,20351.0,11971.0,10004476.0,-532.0,-3728.0,-4793.0,20740000.0,53417000.0,100272000.0,idle
174799,38308.0,9577.0,10002082.0,-532.0,-3728.0,-3728.0,20740000.0,53417000.0,100272000.0,idle
174809,38308.0,-8379.0,10016448.0,-532.0,-3728.0,-2663.0,20740000.0,53417000.0,100272000.0,idle
174819,8379.0,7182.0,9990111.0,-1065.0,-3195.0,-3728.0,20740000.0,53417000.0,100272000.0,idle
174829,28731.0,-15562.0,9999688.0,532.0,-2663.0,-3728.0,20740000.0,53417000.0,100272000.0,idle
174839,13168.0,-13168.0,9987717.0,532.0,-2130.0,-4261.0,20740000.0,53417000.0,100272000.0,idle
174849,11971.0,-14365.0,9985322.0,-532.0,-3195.0,-4261.0,20740000.0,53417000.0,100272000.0,idle
174859,34716.0,0.0,9987717.0,0.0,-3728.0,-3195.0,20740000.0,53417000.0,100272000.0,idle
174869,28731.0,3591.0,9991308.0,0.0,-3728.0,-2663.0,20740000.0,53417000.0,100272000.0,idle
174879,29928.0,3591.0,9996096.0,532.0,-3728.0,-2130.0,20740000.0,53417000.0,100272000.0,idle
174889,19154.0,1197.0,9990111.0,-532.0,-3195.0,-3195.0,20740000.0,53417000.0,100272000.0,idle
174899,26337.0,-11971.0,9981731.0,-532.0,-4261.0,-2663.0,20740000.0,53417000.0,100272000.0,idle
174909,27534.0,-21548.0,9975745.0,1065.0,-3195.0,-3195.0,20740000.0,53417000.0,100272000.0,idle
174919,17957.0,-16759.0,9994899.0,-532.0,-1065.0,-4261.0,20740000.0,53417000.0,100272000.0,idle
174929,20351.0,-1197.0,9982928.0,-532.0,-3195.0,-3195.0,20740000.0,53417000.0,100272000.0,idle
174939,20351.0,1197.0,10002082.0,-532.0,-5326.0,-3195.0,20740000.0,53417000.0,100272000.0,idle
174949,28731.0,-3591.0,10009265.0,-1065.0,-3728.0,-2663.0,20740000.0,53417000.0,100272000.0,idle
174959,7182.0,-8379.0,10008068.0,0.0,-3195.0,-3195.0,20740000.0,53417000.0,100272000.0,idle
174969,14365.0,-16759.0,9996096.0,532.0,-3728.0,-2130.0,20740000.0,53417000.0,100272000.0,idle
174979,28731.0,-5985.0,9988914.0,-532.0,-2663.0,-3728.0,20740000.0,53417000.0,100272000.0,idle
174989,23942.0,5985.0,9997294.0,-1065.0,-4793.0,-4261.0,20740000.0,53417000.0,100272000.0,idle
174999,27534.0,-3591.0,10009265.0,0.0,-3728.0,-2663.0,20740000.0,53417000.0,100272000.0,idle
175010,44294.0,-2394.0,10006871.0,532.0,-3728.0,-2663.0,20740000.0,53417000.0,100272000.0,idle
175019,26337.0,1197.0,10015251.0,0.0,-3195.0,-2663.0,20740000.0,53417000.0,100272000.0,idle
175029,16759.0,-7182.0,9992505.0,532.0,-4793.0,-1597.0,20740000.0,53417000.0,100272000.0,idle
175039,23942.0,0.0,9987717.0,532.0,-3728.0,-3195.0,20740000.0,53417000.0,100272000.0,idle
175050,39505.0,-5985.0,10020039.0,532.0,-3728.0,-3728.0,20740000.0,53417000.0,100272000.0,idle
175060,43096.0,-5985.0,10003279.0,-532.0,-4261.0,-2130.0,20740000.0,53417000.0,100272000.0,idle
175070,28731.0,-10774.0,9992505.0,-1065.0,-2663.0,-1597.0,20740000.0,53417000.0,100272000.0,idle
175080,35914.0,-10774.0,9981731.0,-532.0,-3195.0,-2130.0,20740000.0,53417000.0,100272000.0,idle
175090,17957.0,-7182.0,10014054.0,532.0,-4261.0,-2663.0,20740000.0,53417000.0,100272000.0,idle
175100,2394.0,0.0,10000885.0,1597.0,-5326.0,-3195.0,20740000.0,53417000.0,100272000.0,idle
175110,32322.0,5985.0,9990111.0,-1065.0,-5326.0,-2663.0,20740000.0,53417000.0,100272000.0,idle
175120,19154.0,0.0,9978139.0,-1065.0,-4793.0,-3728.0,20740000.0,53417000.0,100272000.0,idle
175130,11971.0,-4788.0,9988914.0,-1065.0,-4261.0,-2130.0,20740000.0,53417000.0,100272000.0,idle
175140,23942.0,-21548.0,9992505.0,-532.0,-3195.0,-3728.0,20740000.0,53417000.0,100272000.0,idle
175150,37111.0,-7182.0,9993702.0,0.0,-3195.0,-3195.0,20740000.0,53417000.0,100272000.0,idle
175160,19154.0,-7182.0,10018842.0,0.0,-4793.0,-2663.0,20740000.0,53417000.0,100272000.0,idle
175170,9577.0,-3591.0,10006871.0,0.0,-5326.0,-3728.0,20740000.0,53417000.0,100272000.0,idle
175180,22745.0,8379.0,9969759.0,-1597.0,-4261.0,-3728.0,20740000.0,53417000.0,100272000.0,idle
175190,34716.0,-15562.0,9998491.0,532.0,-5326.0,-3195.0,20740000.0,53417000.0,100272000.0,idle
175200,37111.0,-20351.0,10011659.0,532.0,-4793.0,-2663.0,20740000.0,53417000.0,100272000.0,idle
175210,41899.0,-2394.0,9990111.0,1597.0,-3195.0,-3728.0,20740000.0,53417000.0,100272000.0,idle
175220,13168.0,-2394.0,10005674.0,1065.0,-3195.0,-2663.0,20740000.0,53417000.0,100272000.0,idle
175230,33519.0,-2394.0,9986519.0,-532.0,-3195.0,-2663.0,20740000.0,53417000.0,100272000.0,idle
175240,28731.0,-11971.0,9992505.0,-532.0,-4261.0,-2663.0,20740000.0,53417000.0,100272000.0,idle
175250,11971.0,3591.0,10004476.0,1597.0,-4261.0,-2663.0,20740000.0,53417000.0,100272000.0,idle
175260,19154.0,-4788.0,10000885.0,532.0,-5326.0,-2130.0,20740000.0,53417000.0,100272000.0,idle
175270,29928.0,-11971.0,10008068.0,-1065.0,-3728.0,-2663.0,20740000.0,53417000.0,100272000.0,idle
175280,35914.0,-2394.0,10000885.0,-1065.0,-4793.0,-3728.0,20740000.0,53417000.0,100272000.0,idle
175290,29928.0,-1197.0,9991308.0,0.0,-4261.0,-2130.0,20720000.0,53388000.0,100272000.0,idle
175300,28731.0,-8379.0,10004476.0,532.0,-4261.0,-3195.0,20720000.0,53388000.0,100272000.0,idle
175310,40702.0,-2394.0,10005674.0,0.0,-3195.0,-4261.0,20720000.0,53388000.0,100272000.0,idle
175320,25139.0,-14365.0,10003279.0,532.0,-3728.0,-3195.0,20720000.0,53388000.0,100272000.0,idle
175330,3591.0,-5985.0,9991308.0,-1065.0,-3195.0,-3195.0,20720000.0,53388000.0,100272000.0,idle
175340,34716.0,-10774.0,9968562.0,-1065.0,-3728.0,-3195.0,20720000.0,53388000.0,100272000.0,idle
175350,31125.0,-13168.0,9976942.0,1065.0,-3195.0,-3195.0,20720000.0,53388000.0,100272000.0,idle
175360,22745.0,-2394.0,10020039.0,2130.0,-3728.0,-3195.0,20720000.0,53388000.0,100272000.0,idle
175370,26337.0,-9577.0,10017645.0,0.0,-4261.0,-2130.0,20720000.0,53388000.0,100272000.0,idle
175380,37111.0,-9577.0,10004476.0,0.0,-3728.0,-2663.0,20720000.0,53388000.0,100272000.0,idle
175390,33519.0,-20351.0,9979337.0,532.0,-4793.0,-1597.0,20720000.0,53388000.0,100272000.0,idle
175400,28731.0,-8379.0,9996096.0,1065.0,-5326.0,-3195.0,20720000.0,53388000.0,100272000.0,idle
175410,20351.0,1197.0,10006871.0,532.0,-3728.0,-4793.0,20720000.0,53388000.0,100272000.0,idle
175420,16759.0,-3591.0,10017645.0,-1065.0,-3195.0,-3195.0,20720000.0,53388000.0,100272000.0,idle
175430,25139.0,-3591.0,10003279.0,0.0,-5326.0,-2130.0,20720000.0,53388000.0,100272000.0,idle
175440,27534.0,-8379.0,10003279.0,-532.0,-3728.0,-3728.0,20720000.0,53388000.0,100272000.0,idle
175450,37111.0,-10774.0,9994899.0,532.0,-2130.0,-3195.0,20720000.0,53388000.0,100272000.0,idle
175460,34716.0,-15562.0,10009265.0,1597.0,-4793.0,-1597.0,20720000.0,53388000.0,100272000.0,idle
175470,31125.0,-5985.0,9996096.0,-532.0,-5326.0,-2130.0,20720000.0,53388000.0,100272000.0,idle
175480,14365.0,-1197.0,9988914.0,-1065.0,-4793.0,-3195.0,20720000.0,53388000.0,100272000.0,idle
175490,26337.0,-10774.0,9984125.0,1597.0,-3728.0,-3195.0,20720000.0,53388000.0,100272000.0,idle
175500,32322.0,-13168.0,9990111.0,1065.0,-5326.0,-2663.0,20720000.0,53388000.0,100272000.0,idle
175510,23942.0,-5985.0,10000885.0,1597.0,-4261.0,-3728.0,20720000.0,53388000.0,100272000.0,idle
175520,23942.0,-1197.0,10008068.0,1597.0,-5326.0,-3195.0,20720000.0,53388000.0,100272000.0,idle
175530,27534.0,-9577.0,9999688.0,-532.0,-3728.0,-1597.0,20720000.0,53388000.0,100272000.0,idle
175540,32322.0,-5985.0,10003279.0,-532.0,-4793.0,-2663.0,20720000.0,53388000.0,100272000.0,idle
175550,39505.0,-1197.0,10004476.0,-532.0,-3728.0,-3728.0,20720000.0,53388000.0,100272000.0,idle
175560,39505.0,-1197.0,10004476.0,-532.0,-3728.0,-3728.0,20720000.0,53388000.0,100272000.0,idle
175570,46688.0,-4788.0,9992505.0,0.0,-4261.0,-2663.0,20720000.0,53388000.0,100272000.0,idle
175580,-16759.0,-2394.0,9980534.0,1065.0,-4261.0,-1597.0,20720000.0,53388000.0,100272000.0,idle
175590,8379.0,-7182.0,10009265.0,0.0,-4261.0,-3195.0,20720000.0,53388000.0,100272000.0,idle
175600,59856.0,-16759.0,9982928.0,532.0,-2663.0,-4261.0,20720000.0,53388000.0,100272000.0,idle
175610,43096.0,7182.0,9972154.0,0.0,-2663.0,-3195.0,20720000.0,53388000.0,100272000.0,idle
175620,-7182.0,10774.0,9993702.0,0.0,-4261.0,-3728.0,20720000.0,53388000.0,100272000.0,idle
175630,19154.0,-7182.0,9998491.0,0.0,-2663.0,-3195.0,20720000.0,53388000.0,100272000.0,idle
175640,41899.0,-19154.0,9993702.0,0.0,-4793.0,-2130.0,20720000.0,53388000.0,100272000.0,idle
175650,26337.0,-4788.0,10004476.0,1065.0,-4793.0,-2130.0,20720000.0,53388000.0,100272000.0,idle
175660,-9577.0,-2394.0,9980534.0,-1597.0,-4261.0,-3728.0,20720000.0,53388000.0,100272000.0,idle
175670,15562.0,-9577.0,9972154.0,-1065.0,-4261.0,-3195.0,20720000.0,53388000.0,100272000.0,idle
175680,25139.0,-16759.0,9992505.0,0.0,-3728.0,-1065.0,20720000.0,53388000.0,100272000.0,idle
175690,22745.0,-1197.0,10002082.0,532.0,-6391.0,-2130.0,20720000.0,53388000.0,100272000.0,idle
175701,25139.0,-2394.0,9992505.0,532.0,-5326.0,-2130.0,20720000.0,53388000.0,100272000.0,idle
175711,43096.0,-5985.0,9982928.0,0.0,-4261.0,-4261.0,20720000.0,53388000.0,100272000.0,idle
175721,38308.0,-3591.0,9992505.0,-1065.0,-3195.0,-4261.0,20720000.0,53388000.0,100272000.0,idle
175731,37111.0,2394.0,9980534.0,-1065.0,-3728.0,-3728.0,20720000.0,53388000.0,100272000.0,idle
175741,31125.0,4788.0,9994899.0,-532.0,-4793.0,-2663.0,20720000.0,53388000.0,100272000.0,idle
175771,22745.0,-3591.0,9994899.0,0.0,-4793.0,-3195.0,20720000.0,53388000.0,100272000.0,idle
175781,17957.0,-13168.0,9988914.0,1065.0,-4793.0,-3195.0,20720000.0,53388000.0,100272000.0,idle
175791,33519.0,-15562.0,9994899.0,0.0,-4261.0,-3728.0,20720000.0,53388000.0,100272000.0,idle
175801,32322.0,-11971.0,9999688.0,-532.0,-3195.0,-4261.0,20720000.0,53388000.0,100272000.0,idle
175811,17957.0,-8379.0,10008068.0,0.0,-2130.0,-2663.0,20720000.0,53388000.0,100272000.0,idle
175821,38308.0,-9577.0,10011659.0,0.0,-2663.0,-2130.0,20720000.0,53388000.0,100272000.0,idle
175831,32322.0,7182.0,10004476.0,-532.0,-4793.0,-2130.0,20720000.0,53388000.0,100272000.0,idle
175841,19154.0,9577.0,9997294.0,0.0,-5859.0,-2663.0,20720000.0,53388000.0,100272000.0,idle
175851,40702.0,-17957.0,9973351.0,0.0,-5326.0,-3728.0,20720000.0,53388000.0,100272000.0,idle
175861,35914.0,-11971.0,9998491.0,532.0,-5326.0,-2663.0,20720000.0,53388000.0,100272000.0,idle
175871,32322.0,10774.0,10004476.0,0.0,-4793.0,-3728.0,20720000.0,53388000.0,100272000.0,idle
175881,11971.0,5985.0,10008068.0,-1597.0,-4261.0,-4261.0,20720000.0,53388000.0,100272000.0,idle
175891,37111.0,7182.0,10002082.0,0.0,-5326.0,-2130.0,20720000.0,53388000.0,100272000.0,idle
175901,39505.0,-7182.0,10004476.0,1597.0,-5326.0,-1597.0,20720000.0,53388000.0,100272000.0,idle
