device_time_ms,ax,ay,az,gx,gy,gz,temp,hum,pres,label
201682,-5599011.0,-7252258.0,2730670.0,-15446.0,-3728.0,-7457.0,21960000.0,55574000.0,100290000.0,right
201692,-5615771.0,-7235498.0,2759401.0,6924.0,3728.0,4793.0,21960000.0,55574000.0,100290000.0,right
201702,-5615771.0,-7255849.0,2827638.0,34622.0,10652.0,17577.0,21960000.0,55574000.0,100290000.0,right
201712,-5612179.0,-7266623.0,2869538.0,27697.0,14381.0,28763.0,21960000.0,55574000.0,100290000.0,right
201722,-5660065.0,-7365986.0,2931789.0,30893.0,16512.0,39415.0,21960000.0,55574000.0,100290000.0,right
201732,-5668445.0,-7400703.0,2954535.0,53264.0,13848.0,36220.0,21960000.0,55574000.0,100290000.0,right
201742,-5645699.0,-7261835.0,2894678.0,5326.0,9055.0,50068.0,21960000.0,55574000.0,100290000.0,right
201752,-5494860.0,-6658478.0,2840806.0,-95344.0,1597.0,102268.0,21960000.0,55574000.0,100290000.0,right
201762,-5801327.0,-7806532.0,2801301.0,-197079.0,-8522.0,162990.0,21960000.0,55574000.0,100290000.0,right
201772,-5733090.0,-7444997.0,2828835.0,109192.0,13316.0,49003.0,21960000.0,55574000.0,100290000.0,right
201782,-5547534.0,-7197189.0,2683981.0,5859.0,9587.0,107062.0,21960000.0,55574000.0,100290000.0,right
201832,-5791750.0,-7224723.0,2901860.0,35154.0,33024.0,26632.0,21960000.0,55574000.0,100290000.0,right
201842,-5820481.0,-7306129.0,2822849.0,28230.0,24501.0,5859.0,21960000.0,55574000.0,100290000.0,right
201852,-5809707.0,-7302537.0,2680390.0,0.0,18642.0,-17044.0,21960000.0,55574000.0,100290000.0,right
201862,-5826467.0,-7343240.0,2603773.0,29295.0,24501.0,-30360.0,21960000.0,55574000.0,100290000.0,right
201872,-5832453.0,-7363591.0,2669616.0,70309.0,33556.0,-44742.0,21960000.0,55574000.0,100290000.0,right
201882,-5796539.0,-7385140.0,2748627.0,99605.0,38350.0,-62319.0,21960000.0,55574000.0,100290000.0,right
201892,-5812101.0,-7528796.0,2888692.0,125705.0,40481.0,-72440.0,21960000.0,55574000.0,100290000.0,right
201902,-5830058.0,-7758647.0,3009603.0,120378.0,34622.0,-104399.0,21960000.0,55574000.0,100290000.0,right
201912,-5863578.0,-7842446.0,2807287.0,135292.0,26099.0,-242355.0,21960000.0,55574000.0,100290000.0,right
201922,-5752245.0,-7266623.0,2476877.0,132096.0,45275.0,-315327.0,21960000.0,55574000.0,100290000.0,right
201932,-5710345.0,-7270215.0,2367937.0,46340.0,99072.0,-260997.0,21960000.0,55574000.0,100290000.0,right
201942,-5938998.0,-7720338.0,2666024.0,125705.0,170447.0,-266324.0,21960000.0,55574000.0,100290000.0,right
201953,-6104203.0,-7686819.0,3032348.0,190155.0,202406.0,-288695.0,21960000.0,55574000.0,100290000.0,right
201962,-6089837.0,-7932232.0,3293324.0,193884.0,201873.0,-286032.0,21960000.0,55574000.0,100290000.0,right
201972,-5840833.0,-7939414.0,3392687.0,289760.0,227973.0,-289760.0,21960000.0,55574000.0,100290000.0,right
201983,-5739076.0,-8427847.0,3482472.0,359004.0,272715.0,-305740.0,21960000.0,55574000.0,100290000.0,right
201993,-6068289.0,-9405908.0,3872739.0,333970.0,316393.0,-366462.0,21960000.0,55574000.0,100290000.0,right
202003,-6155680.0,-9976942.0,4054704.0,348884.0,360602.0,-471926.0,21960000.0,55574000.0,100290000.0,right
202013,-6203565.0,-10303761.0,4321665.0,373919.0,348352.0,-542768.0,21960000.0,55574000.0,100290000.0,right
202023,-6116174.0,-10795784.0,4769395.0,294554.0,316393.0,-576325.0,21960000.0,55574000.0,100290000.0,right
202033,-5891112.0,-10679662.0,4677215.0,320654.0,205069.0,-639710.0,21960000.0,55574000.0,100290000.0,right
202043,-5467326.0,-10134964.0,4502433.0,392561.0,137423.0,-759556.0,21960000.0,55574000.0,100290000.0,right
202053,-5126142.0,-9609421.0,4435393.0,415998.0,133162.0,-764883.0,21960000.0,55574000.0,100290000.0,right
202063,-4987274.0,-9545973.0,4448562.0,398953.0,126770.0,-710552.0,21960000.0,55574000.0,100290000.0,right
202073,-4880729.0,-9921874.0,4774183.0,360070.0,134760.0,-654092.0,21960000.0,55574000.0,100290000.0,right
202133,-4800520.0,-11326116.0,6556721.0,1099918.0,-37818.0,-289760.0,21960000.0,55574000.0,100290000.0,right
202143,-4513207.0,-10789799.0,6580664.0,1233613.0,-131564.0,-231169.0,21960000.0,55574000.0,100290000.0,right
202153,-4294131.0,-10091867.0,6683617.0,1454130.0,-211994.0,-77234.0,21960000.0,55574000.0,100290000.0,right
202163,-4192375.0,-9205986.0,6763826.0,1708735.0,-280705.0,179502.0,21960000.0,55574000.0,100290000.0,right
202173,-4085829.0,-8394327.0,6799740.0,1934578.0,-348352.0,568868.0,21960000.0,55574000.0,100290000.0,right
202183,-3914639.0,-7777801.0,6644112.0,2260027.0,-402149.0,1082874.0,21960000.0,55574000.0,100290000.0,right
202193,-3871542.0,-7236695.0,6489681.0,2721300.0,-421857.0,1667722.0,21960000.0,55574000.0,100290000.0,right
202203,-3846402.0,-6804528.0,6659675.0,3209739.0,-445294.0,2240319.0,21960000.0,55574000.0,100290000.0,right
202213,-4010410.0,-6532778.0,7046350.0,3663022.0,-474589.0,2745269.0,21960000.0,55574000.0,100290000.0,right
202223,-4423422.0,-6146103.0,7622173.0,4148798.0,-529452.0,3104274.0,21960000.0,55574000.0,100290000.0,right
202233,-4643695.0,-5593025.0,8588263.0,4619659.0,-642373.0,3285375.0,21960000.0,55574000.0,100290000.0,right
202243,-4963331.0,-4851997.0,9621392.0,4988784.0,-790450.0,3335444.0,21960000.0,55574000.0,100290000.0,right
202253,-5493663.0,-3787742.0,10492908.0,5325418.0,-948114.0,3273656.0,21960000.0,55574000.0,100290000.0,right
202263,-6087443.0,-2734261.0,11363227.0,5452188.0,-1160640.0,3258210.0,21960000.0,55574000.0,100290000.0,right
202273,-6608198.0,-1814860.0,12353260.0,5295057.0,-1409387.0,3398829.0,21960000.0,55574000.0,100290000.0,right
202283,-7109798.0,-949329.0,13310970.0,5126740.0,-1618718.0,3486716.0,21960000.0,55574000.0,100290000.0,right
202293,-7680833.0,-330409.0,14136995.0,4960021.0,-1852018.0,3594311.0,21960000.0,55574000.0,100290000.0,right
202303,-8065114.0,272947.0,14557190.0,4810880.0,-2098634.0,3691785.0,21960000.0,55574000.0,100290000.0,right
202313,-8468549.0,779336.0,14589513.0,4507270.0,-2372415.0,3829741.0,21960000.0,55574000.0,100290000.0,right
202323,-8891139.0,1327625.0,14457827.0,4158385.0,-2740475.0,3923487.0,21960000.0,55574000.0,100290000.0,right
202333,-8572700.0,1553884.0,14255511.0,3877680.0,-3145288.0,3953316.0,22000000.0,55682000.0,100290000.0,right
202343,-7805335.0,1641275.0,13876019.0,3675806.0,-3402557.0,3961305.0,22000000.0,55682000.0,100290000.0,right
202353,-7282186.0,2372726.0,13399558.0,3505358.0,-3529328.0,3968762.0,22000000.0,55682000.0,100290000.0,right
202363,-6906285.0,3154456.0,12659727.0,3261938.0,-3652902.0,3877680.0,22000000.0,55682000.0,100290000.0,right
202373,-6450176.0,3555497.0,11923488.0,3039824.0,-3745050.0,3694449.0,22000000.0,55682000.0,100290000.0,right
202383,-5815693.0,4449759.0,11487730.0,2785218.0,-3772215.0,3569276.0,22000000.0,55682000.0,100290000.0,right
202393,-5358386.0,5274587.0,10749096.0,2389460.0,-3828143.0,3634792.0,22000000.0,55682000.0,100290000.0,right
202403,-5001639.0,5703162.0,9604633.0,2122071.0,-3855841.0,3688589.0,22000000.0,55682000.0,100290000.0,right
202413,-4813689.0,5869564.0,8504463.0,1857344.0,-3796717.0,3810033.0,22000000.0,55682000.0,100290000.0,right
202423,-4435393.0,5831256.0,7682030.0,1504731.0,-3655565.0,4007646.0,22000000.0,55682000.0,100290000.0,right
202433,-4069069.0,5524788.0,6765023.0,1148922.0,-3467008.0,4210585.0,22000000.0,55682000.0,100290000.0,right
202443,-3766194.0,4917840.0,5656474.0,884728.0,-3241165.0,4362922.0,22000000.0,55682000.0,100290000.0,right
202453,-3337618.0,4340820.0,4728692.0,762219.0,-2987624.0,4459864.0,22000000.0,55682000.0,100290000.0,right
202463,-2850384.0,3961327.0,3834430.0,622133.0,-2678155.0,4567459.0,22000000.0,55682000.0,100290000.0,right
202473,-2314066.0,3526766.0,2940169.0,369657.0,-2317020.0,4581841.0,22000000.0,55682000.0,100290000.0,right
202483,-1653246.0,3359167.0,2399063.0,96942.0,-1946297.0,4454005.0,22000000.0,55682000.0,100290000.0,right
202493,-1096577.0,3444164.0,2170410.0,-212526.0,-1580900.0,4332029.0,22000000.0,55682000.0,100290000.0,right
202503,-808067.0,3521978.0,2134495.0,-446359.0,-1204317.0,4062509.0,22000000.0,55682000.0,100290000.0,right
202513,-718282.0,3579440.0,2177592.0,-656755.0,-829866.0,3769019.0,22000000.0,55682000.0,100290000.0,right
202523,-679974.0,3338816.0,2237449.0,-907632.0,-472991.0,3610823.0,22000000.0,55682000.0,100290000.0,right
202664,-21548.0,845178.0,6729109.0,-545431.0,882598.0,1303390.0,22000000.0,55682000.0,100290000.0,right
202674,61054.0,857150.0,7053533.0,-507613.0,893783.0,1172891.0,22000000.0,55682000.0,100290000.0,right
202684,114925.0,1139674.0,7429434.0,-524658.0,899643.0,1006705.0,22000000.0,55682000.0,100290000.0,right
202694,74222.0,1456916.0,7726324.0,-577390.0,879935.0,826670.0,22000000.0,55682000.0,100290000.0,right
202704,-9577.0,1652049.0,8039974.0,-625329.0,812288.0,691377.0,22000000.0,55682000.0,100290000.0,right
202714,-169993.0,1655640.0,8169265.0,-599762.0,706824.0,646635.0,22000000.0,55682000.0,100290000.0,right
202724,-335198.0,1419804.0,8226727.0,-456479.0,633318.0,667941.0,22000000.0,55682000.0,100290000.0,right
202734,-410618.0,1131294.0,8334470.0,-287097.0,592837.0,721205.0,22000000.0,55682000.0,100290000.0,right
202744,-515966.0,1003201.0,8520026.0,-147543.0,557682.0,744109.0,22000000.0,55682000.0,100290000.0,right
202754,-537514.0,974469.0,8743891.0,-68711.0,537442.0,693508.0,22000000.0,55682000.0,100290000.0,right
202764,-535120.0,1091789.0,8927053.0,-34089.0,542768.0,589641.0,22000000.0,55682000.0,100290000.0,right
202774,-537514.0,1237840.0,9097046.0,-35687.0,559280.0,446891.0,22000000.0,55682000.0,100290000.0,right
202784,-563851.0,1386285.0,9204789.0,-88952.0,572596.0,311066.0,22000000.0,55682000.0,100290000.0,right
202794,-621314.0,1527547.0,9262251.0,-156065.0,563009.0,204004.0,22000000.0,55682000.0,100290000.0,right
202804,-739830.0,1585009.0,9317320.0,-186426.0,523060.0,141151.0,22000000.0,55682000.0,100290000.0,right
202814,-774547.0,1587404.0,9405908.0,-159794.0,466067.0,119313.0,22000000.0,55682000.0,100290000.0,right
202824,-852361.0,1625712.0,9543579.0,-93746.0,408008.0,130498.0,22000000.0,55682000.0,100290000.0,right
202834,-878698.0,1623318.0,9587873.0,-12250.0,363798.0,134760.0,22000000.0,55682000.0,100290000.0,right
202844,-865530.0,1693949.0,9516044.0,59656.0,338764.0,126237.0,22000000.0,55682000.0,100290000.0,right
202854,-891867.0,1744229.0,9359219.0,98007.0,333437.0,108660.0,22000000.0,55682000.0,100290000.0,right
202864,-987638.0,1794508.0,9208380.0,105997.0,348884.0,82027.0,22000000.0,55682000.0,100290000.0,right
202874,-1092986.0,1836408.0,9257463.0,87354.0,389898.0,56993.0,22000000.0,55682000.0,100290000.0,right
202884,-1151646.0,1907039.0,9547170.0,46340.0,431977.0,40481.0,22000000.0,55682000.0,100290000.0,right
202894,-1270162.0,2060273.0,9865609.0,1065.0,421857.0,41013.0,22000000.0,55682000.0,100290000.0,right
202904,-1388679.0,2032739.0,9954197.0,-21305.0,365929.0,50068.0,22000000.0,55682000.0,100290000.0,right
202914,-1434170.0,1862745.0,9784203.0,9587.0,315860.0,90017.0,22000000.0,55682000.0,100290000.0,right
202924,-1405439.0,1699935.0,9695615.0,85223.0,296685.0,151804.0,22000000.0,55682000.0,100290000.0,right
202934,-1357553.0,1757397.0,9815329.0,169914.0,288162.0,210396.0,22000000.0,55682000.0,100290000.0,right
202944,-1359948.0,1945348.0,9943422.0,221581.0,249812.0,229571.0,22000000.0,55682000.0,100290000.0,right
202954,-1362342.0,2005205.0,9927860.0,219451.0,196547.0,234365.0,22000000.0,55682000.0,100290000.0,right
202964,-1364736.0,2061470.0,9798569.0,209330.0,164055.0,271650.0,22000000.0,55682000.0,100290000.0,right
202974,-1332413.0,2199141.0,9723149.0,216787.0,170447.0,323850.0,22000000.0,55682000.0,100290000.0,right
202984,-1249811.0,2355966.0,9721952.0,229038.0,224244.0,363798.0,22000000.0,55682000.0,100290000.0,right
202994,-1182771.0,2513988.0,9884763.0,208798.0,288162.0,377115.0,22000000.0,55682000.0,100290000.0,right
203004,-1150449.0,2712713.0,10198413.0,173643.0,332372.0,358472.0,22000000.0,55682000.0,100290000.0,right
203014,-1136083.0,2910240.0,10357632.0,128368.0,344090.0,323317.0,22000000.0,55682000.0,100290000.0,right
203024,-1186363.0,2997631.0,10314535.0,83625.0,336101.0,295087.0,22000000.0,55682000.0,100290000.0,right
203034,-1215094.0,3020377.0,10127782.0,40481.0,328111.0,320121.0,22000000.0,55682000.0,100290000.0,right
203044,-1203123.0,2955732.0,9909903.0,12250.0,331307.0,411204.0,22000000.0,55682000.0,100290000.0,right
203054,-1209108.0,2855172.0,9683644.0,34622.0,340894.0,514005.0,22000000.0,55682000.0,100290000.0,right
203064,-1227065.0,2819258.0,9531607.0,81495.0,359537.0,604023.0,22000000.0,55682000.0,100290000.0,right
203074,-1284528.0,2773767.0,9438230.0,120911.0,372853.0,694573.0,22000000.0,55682000.0,100290000.0,right
203084,-1312062.0,2661236.0,9245491.0,133694.0,390963.0,789384.0,22000000.0,55682000.0,100290000.0,right
203134,-1465296.0,2339206.0,9445413.0,63385.0,482579.0,908698.0,22000000.0,55682000.0,100290000.0,right
203144,-1492830.0,2244632.0,9361614.0,38350.0,466599.0,920949.0,22000000.0,55682000.0,100290000.0,right
203155,-1495224.0,2236252.0,9246688.0,-11185.0,466599.0,957169.0,22000000.0,55682000.0,100290000.0,right
203164,-1432973.0,2232661.0,9208380.0,-45275.0,484177.0,988062.0,22000000.0,55682000.0,100290000.0,right
203174,-1431776.0,2214704.0,9251477.0,-22371.0,514005.0,1000313.0,22000000.0,55682000.0,100290000.0,right
203184,-1422199.0,2152452.0,9294574.0,26632.0,540105.0,998715.0,22000000.0,55682000.0,100290000.0,right
203194,-1422199.0,2152452.0,9294574.0,26632.0,540105.0,998715.0,22000000.0,55682000.0,100290000.0,right
203205,-1374313.0,2124918.0,9343657.0,37285.0,544899.0,996052.0,22000000.0,55682000.0,100290000.0,right
203214,-1334808.0,2197944.0,9395134.0,1597.0,523060.0,985932.0,22000000.0,55682000.0,100290000.0,right
203225,-1273754.0,2266181.0,9329291.0,-56460.0,494297.0,975279.0,22000000.0,55682000.0,100290000.0,right
203234,-1240234.0,2335614.0,9160495.0,-86821.0,482046.0,967289.0,22000000.0,55682000.0,100290000.0,right
203245,-1205517.0,2539128.0,9053949.0,-121443.0,488971.0,976344.0,22000000.0,55682000.0,100290000.0,right
203255,-1243825.0,2669616.0,9012050.0,-195481.0,507081.0,1006705.0,22000000.0,55682000.0,100290000.0,right
203265,-1324033.0,2639687.0,9003670.0,-223712.0,531583.0,1042925.0,22000000.0,55682000.0,100290000.0,right
203275,-1448536.0,2689967.0,8947404.0,-199210.0,569933.0,1104712.0,22000000.0,55682000.0,100290000.0,right
203285,-1570644.0,2735458.0,8972544.0,-155533.0,624796.0,1226156.0,22000000.0,55682000.0,100290000.0,right
203765,-4796929.0,8332076.0,8582277.0,618404.0,-601892.0,854900.0,22020000.0,55778000.0,100286000.0,right
203775,-1149251.0,15446663.0,8452986.0,-595500.0,-534778.0,-249812.0,22020000.0,55778000.0,100286000.0,right
203785,870318.0,15650176.0,9366402.0,-1521776.0,-543833.0,-72440.0,22020000.0,55778000.0,100286000.0,right
203795,1908236.0,8698400.0,9816526.0,-1936176.0,-721205.0,1114833.0,22020000.0,55778000.0,100286000.0,right
203806,2666024.0,1449733.0,9112609.0,-1628838.0,-865020.0,1846159.0,22020000.0,55778000.0,100286000.0,right
203816,3554300.0,-1344385.0,7903500.0,-817615.0,-777133.0,1732172.0,22020000.0,55778000.0,100286000.0,right
203826,4412648.0,-228653.0,6908679.0,10652.0,-536909.0,1390212.0,22020000.0,55778000.0,100286000.0,right
203836,4972908.0,1271359.0,6604606.0,531583.0,-291358.0,1096722.0,22020000.0,55778000.0,100286000.0,right
203996,814053.0,6284971.0,7338452.0,-103866.0,893783.0,1723650.0,22020000.0,55778000.0,100286000.0,right
204006,312452.0,7337254.0,7321692.0,127835.0,1069557.0,2114613.0,22020000.0,55778000.0,100286000.0,right
204016,-193936.0,8484112.0,7503656.0,429847.0,1261843.0,2641403.0,22020000.0,55778000.0,100286000.0,right
204026,-818841.0,9499284.0,7600625.0,574194.0,1401930.0,3243295.0,22020000.0,55778000.0,100286000.0,right
204036,-1413819.0,10746702.0,7564711.0,533181.0,1481827.0,3810566.0,22020000.0,55778000.0,100286000.0,right
204046,-1989642.0,12413117.0,7585062.0,401616.0,1538288.0,4330431.0,22020000.0,55778000.0,100286000.0,right
204056,-2543916.0,14250723.0,7522811.0,207200.0,1600075.0,4867873.0,22020000.0,55778000.0,100286000.0,right
204066,-3251425.0,15755524.0,6809317.0,-145413.0,1647481.0,5612515.0,22020000.0,55778000.0,100286000.0,right
204076,-4618555.0,16879636.0,5394300.0,-682322.0,1709268.0,6761438.0,22020000.0,55778000.0,100286000.0,right
204086,-6128146.0,17822981.0,4336031.0,-1017891.0,1953221.0,8468576.0,22020000.0,55778000.0,100286000.0,right
204096,-7439011.0,18848927.0,4441379.0,-868749.0,2337793.0,10584255.0,22020000.0,55778000.0,100286000.0,right
204106,-8869590.0,19088355.0,5006428.0,-706824.0,2567897.0,12634951.0,22020000.0,55778000.0,100286000.0,right
204116,-10531217.0,16404373.0,4368354.0,-849574.0,2593464.0,14075765.0,22020000.0,55778000.0,100286000.0,right
204126,-12018061.0,11363227.0,3196356.0,-985932.0,2493859.0,14841181.0,22020000.0,55778000.0,100286000.0,right
204136,-12677684.0,6723123.0,3197553.0,-584315.0,2464563.0,15060099.0,22020000.0,55778000.0,100286000.0,right
204146,-13020065.0,3908653.0,4394691.0,299881.0,2712245.0,14652623.0,22020000.0,55778000.0,100286000.0,right
204156,-13786233.0,1532335.0,6589044.0,1121757.0,2985494.0,13733272.0,22020000.0,55778000.0,100286000.0,right
204166,-14090306.0,-1520364.0,8675654.0,1412583.0,3039291.0,12765450.0,22020000.0,55778000.0,100286000.0,right
204176,-13763488.0,-4395888.0,9845257.0,1301259.0,2770836.0,12108162.0,22020000.0,55778000.0,100286000.0,right
204186,-13567157.0,-7188809.0,10221158.0,1204317.0,2337261.0,11563263.0,22020000.0,55778000.0,100286000.0,right
204196,-12660924.0,-9810540.0,10228341.0,1332686.0,1883977.0,10811696.0,22020000.0,55778000.0,100286000.0,right
204206,-11611035.0,-11688849.0,10330098.0,1603271.0,1486621.0,9539199.0,22020000.0,55778000.0,100286000.0,right
204216,-11338087.0,-12815355.0,10989720.0,1803547.0,1294868.0,7655222.0,22020000.0,55778000.0,100286000.0,right
204226,-11124997.0,-13094288.0,12385583.0,1804080.0,1220297.0,5477223.0,22020000.0,55778000.0,100286000.0,right
204236,-10561145.0,-12267066.0,13763488.0,1547876.0,1033337.0,3414808.0,22020000.0,55778000.0,100286000.0,right
204246,-9851243.0,-10970566.0,14406351.0,1069557.0,703095.0,1644818.0,22020000.0,55778000.0,100286000.0,right
204256,-8783396.0,-9326897.0,14216006.0,545964.0,314262.0,339829.0,22020000.0,55778000.0,100286000.0,right
204266,-8783396.0,-9326897.0,14216006.0,545964.0,314262.0,339829.0,22020000.0,55778000.0,100286000.0,right
204276,-7678439.0,-7430631.0,13544412.0,300413.0,-68711.0,-495362.0,22020000.0,55778000.0,100286000.0,right
204286,-6440599.0,-5941392.0,12930280.0,375517.0,-440500.0,-993921.0,22020000.0,55778000.0,100286000.0,right
204296,-5215927.0,-4456942.0,12449031.0,637580.0,-784591.0,-1187805.0,22020000.0,55778000.0,100286000.0,right
204306,-4259414.0,-2965309.0,12202421.0,986464.0,-1009368.0,-1265039.0,22020000.0,55778000.0,100286000.0,right
204316,-3446558.0,-1787326.0,12265869.0,1204317.0,-1100451.0,-1349198.0,22020000.0,55778000.0,100286000.0,right
204326,-2703136.0,-781730.0,12437060.0,1173424.0,-1120159.0,-1400332.0,22020000.0,55778000.0,100286000.0,right
204336,-2117735.0,38308.0,12488536.0,997117.0,-1090331.0,-1418975.0,22000000.0,55822000.0,100286000.0,right
204376,-609342.0,1692752.0,12050384.0,457544.0,-725999.0,-1239472.0,22000000.0,55822000.0,100286000.0,right
204386,-410618.0,1777748.0,12009682.0,393094.0,-755828.0,-1153716.0,22000000.0,55822000.0,100286000.0,right
204396,-282524.0,1881899.0,11741523.0,347286.0,-781927.0,-1072221.0,22000000.0,55822000.0,100286000.0,right
204406,-144853.0,1970488.0,11484138.0,312131.0,-722803.0,-999248.0,22000000.0,55822000.0,100286000.0,right
204416,96968.0,2116538.0,11399141.0,242887.0,-602425.0,-918818.0,22000000.0,55822000.0,100286000.0,right
204426,202316.0,2305686.0,11535615.0,127835.0,-482046.0,-830931.0,22000000.0,55822000.0,100286000.0,right
204436,205907.0,2317657.0,11699623.0,5326.0,-401616.0,-729728.0,22000000.0,55822000.0,100286000.0,right
204446,207104.0,2221886.0,11733143.0,-77234.0,-356874.0,-598696.0,22000000.0,55822000.0,100286000.0,right
204456,195133.0,1933376.0,11543995.0,-123041.0,-343558.0,-444228.0,22000000.0,55822000.0,100286000.0,right
204466,253793.0,1570644.0,11158517.0,-131031.0,-355809.0,-279640.0,22000000.0,55822000.0,100286000.0,right
204477,341184.0,1235445.0,10715576.0,-102268.0,-368060.0,-160327.0,22000000.0,55822000.0,100286000.0,right
204486,553077.0,1096577.0,10356435.0,-68178.0,-364864.0,-102801.0,22000000.0,55822000.0,100286000.0,right
204497,760182.0,1251008.0,10041588.0,-62319.0,-351547.0,-94278.0,22000000.0,55822000.0,100286000.0,right
204507,893064.0,1380299.0,9792583.0,-61254.0,-317991.0,-127835.0,22000000.0,55822000.0,100286000.0,right
204517,942147.0,1430579.0,9635758.0,-102268.0,-261530.0,-148076.0,22000000.0,55822000.0,100286000.0,right
204527,848770.0,1434170.0,9553156.0,-157663.0,-193351.0,-125705.0,22000000.0,55822000.0,100286000.0,right
204537,842784.0,1234248.0,9563930.0,-177904.0,-129966.0,-101735.0,22000000.0,55822000.0,100286000.0,right
204547,855953.0,1113337.0,9574704.0,-200275.0,-72972.0,-77234.0,22000000.0,55822000.0,100286000.0,right
204557,909824.0,1122914.0,9607027.0,-221049.0,-35154.0,-75103.0,22000000.0,55822000.0,100286000.0,right
204567,972075.0,1199531.0,9636955.0,-242355.0,-33024.0,-93746.0,22000000.0,55822000.0,100286000.0,right
204577,1035523.0,1234248.0,9512453.0,-255138.0,-59123.0,-109192.0,22000000.0,55822000.0,100286000.0,right
204587,1060663.0,1168406.0,9284997.0,-234365.0,-92148.0,-88419.0,22000000.0,55822000.0,100286000.0,right
204597,1133689.0,1140871.0,9200000.0,-176839.0,-92148.0,-41546.0,22000000.0,55822000.0,100286000.0,right
204607,1222277.0,1198334.0,9239506.0,-125705.0,-68711.0,-18642.0,22000000.0,55822000.0,100286000.0,right
204617,1286922.0,1227065.0,9216760.0,-118780.0,-52199.0,-28230.0,22000000.0,55822000.0,100286000.0,right
204627,1266571.0,1259388.0,9161692.0,-135292.0,-49536.0,-30360.0,22000000.0,55822000.0,100286000.0,right
204637,1278542.0,1280936.0,9132960.0,-119845.0,-31426.0,-23969.0,22000000.0,55822000.0,100286000.0,right
204647,1316851.0,1353962.0,9172466.0,-100137.0,-10120.0,-2130.0,22000000.0,55822000.0,100286000.0,right
204657,1249811.0,1375510.0,9191620.0,-102268.0,-10652.0,28763.0,22000000.0,55822000.0,100286000.0,right
204667,1075029.0,1236642.0,9251477.0,-117182.0,-20773.0,74570.0,22000000.0,55822000.0,100286000.0,right
204677,973272.0,1059466.0,9379571.0,-123041.0,-14381.0,132096.0,22000000.0,55822000.0,100286000.0,right
204687,897853.0,885881.0,9545973.0,-109192.0,-12783.0,142217.0,22000000.0,55822000.0,100286000.0,right
204697,861938.0,798490.0,9573507.0,-94811.0,-34089.0,107594.0,22000000.0,55822000.0,100286000.0,right
204707,851164.0,735042.0,9478933.0,-95344.0,-63385.0,66581.0,22000000.0,55822000.0,100286000.0,right
204717,854756.0,724268.0,9337671.0,-94278.0,-80962.0,50601.0,22000000.0,55822000.0,100286000.0,right
204727,907430.0,650045.0,9238309.0,-70309.0,-78831.0,38883.0,22000000.0,55822000.0,100286000.0,right
204737,1000806.0,748210.0,9298165.0,-44742.0,-71374.0,19707.0,22000000.0,55822000.0,100286000.0,right
204747,1051086.0,961301.0,9528016.0,-27697.0,-77234.0,-10652.0,22000000.0,55822000.0,100286000.0,right
204757,1077423.0,1121717.0,9681249.0,-23969.0,-96942.0,-30893.0,22000000.0,55822000.0,100286000.0,right
204767,1060663.0,1120520.0,9678855.0,-21838.0,-136357.0,-11718.0,22000000.0,55822000.0,100286000.0,right
204777,1113337.0,1089395.0,9526819.0,18642.0,-155533.0,47405.0,22000000.0,55822000.0,100286000.0,right
204787,1145660.0,992426.0,9435836.0,66048.0,-142217.0,85223.0,22000000.0,55822000.0,100286000.0,right
204797,1145660.0,891867.0,9449005.0,70309.0,-123574.0,100670.0,22000000.0,55822000.0,100286000.0,right
204867,1136083.0,1013975.0,9589070.0,-57526.0,35687.0,-41013.0,22000000.0,55822000.0,100286000.0,right
204877,1089395.0,1076226.0,9736318.0,-94811.0,53264.0,-42611.0,22000000.0,55822000.0,100286000.0,right
204887,1045100.0,1154040.0,9873988.0,-116117.0,42611.0,-12783.0,22000000.0,55822000.0,100286000.0,right
204897,1010383.0,1096577.0,9877580.0,-103866.0,532.0,21838.0,22000000.0,55822000.0,100286000.0,right
204907,1012778.0,1051086.0,9756669.0,-67113.0,-36220.0,60721.0,22000000.0,55822000.0,100286000.0,right
204917,1031932.0,1006792.0,9642941.0,-14914.0,-52732.0,84158.0,22000000.0,55822000.0,100286000.0,right
204927,1046298.0,940949.0,9551959.0,28230.0,-53264.0,87886.0,22000000.0,55822000.0,100286000.0,right
204937,1047495.0,893064.0,9544776.0,46873.0,-38350.0,85756.0,22000000.0,55822000.0,100286000.0,right
204947,1022355.0,845178.0,9537593.0,33024.0,-15979.0,81495.0,22000000.0,55822000.0,100286000.0,right
204957,1005595.0,800884.0,9538790.0,-1597.0,2130.0,63385.0,22000000.0,55822000.0,100286000.0,right
204967,1013975.0,803279.0,9577098.0,-41013.0,14914.0,19707.0,22000000.0,55822000.0,100286000.0,right
204977,1005595.0,871516.0,9556747.0,-64983.0,10120.0,-28230.0,22000000.0,55822000.0,100286000.0,right
204987,1011581.0,942147.0,9486116.0,-67646.0,7457.0,-40481.0,22000000.0,55822000.0,100286000.0,right
204997,998412.0,948132.0,9434639.0,-53264.0,12250.0,-23436.0,22000000.0,55822000.0,100286000.0,right
205007,1017566.0,906232.0,9372388.0,-26632.0,17577.0,-1065.0,22000000.0,55822000.0,100286000.0,right
205017,1052283.0,834404.0,9372388.0,6391.0,26099.0,0.0,22000000.0,55822000.0,100286000.0,right
205027,1083409.0,852361.0,9462173.0,22903.0,37818.0,-21305.0,22000000.0,55822000.0,100286000.0,right
205037,1114534.0,952921.0,9545973.0,14381.0,41546.0,-55395.0,22000000.0,55822000.0,100286000.0,right
205047,1133689.0,1102563.0,9622590.0,-2663.0,25567.0,-79897.0,22000000.0,55822000.0,100286000.0,right
205058,1158828.0,1267768.0,9636955.0,-7457.0,11185.0,-81495.0,22000000.0,55822000.0,100286000.0,right
205067,1183968.0,1351568.0,9583084.0,1065.0,-1065.0,-62852.0,22000000.0,55822000.0,100286000.0,right
205077,1182771.0,1328822.0,9525622.0,11718.0,-10120.0,-22903.0,22000000.0,55822000.0,100286000.0,right
205087,1155237.0,1205517.0,9476539.0,14381.0,-10652.0,22371.0,22000000.0,55822000.0,100286000.0,right
205097,1059466.0,1031932.0,9468159.0,12783.0,-19707.0,49003.0,22000000.0,55822000.0,100286000.0,right
205108,1033129.0,896655.0,9443019.0,21838.0,-28763.0,56460.0,22000000.0,55822000.0,100286000.0,right
205118,1054678.0,873910.0,9437033.0,45275.0,-29295.0,45275.0,22000000.0,55822000.0,100286000.0,right
205128,1065452.0,873910.0,9420273.0,62319.0,-23436.0,18642.0,22000000.0,55822000.0,100286000.0,right
205138,1082212.0,909824.0,9419076.0,50068.0,-20773.0,1065.0,22000000.0,55822000.0,100286000.0,right
205148,1130097.0,927781.0,9438230.0,31426.0,-23969.0,-9055.0,22000000.0,55822000.0,100286000.0,right
205158,1181574.0,884684.0,9431048.0,26632.0,-34089.0,-18110.0,22000000.0,55822000.0,100286000.0,right
205168,1242628.0,865530.0,9355628.0,34089.0,-35687.0,-19707.0,22000000.0,55822000.0,100286000.0,right
205178,1306076.0,936161.0,9371191.0,46340.0,-17044.0,-33024.0,22000000.0,55822000.0,100286000.0,right
205198,1262979.0,1176786.0,9621392.0,12783.0,38350.0,-79897.0,22000000.0,55822000.0,100286000.0,right
205208,1221080.0,1264177.0,9754275.0,-10652.0,51134.0,-82027.0,22000000.0,55822000.0,100286000.0,right
205218,1186363.0,1270162.0,9824906.0,-17577.0,55928.0,-63385.0,22000000.0,55822000.0,100286000.0,right
205228,1173194.0,1253402.0,9854834.0,-19175.0,51134.0,-32491.0,22000000.0,55822000.0,100286000.0,right
205238,1127703.0,1193545.0,9775823.0,-15446.0,33024.0,-16512.0,22000000.0,55822000.0,100286000.0,right
205248,1109746.0,1128900.0,9730332.0,9587.0,14914.0,-15979.0,22000000.0,55822000.0,100286000.0,right
205258,1113337.0,1090592.0,9828497.0,29828.0,5859.0,-11185.0,22000000.0,55822000.0,100286000.0,right
205268,1076226.0,1103760.0,9921874.0,24501.0,-26632.0,-5326.0,22000000.0,55822000.0,100286000.0,right
205278,1042706.0,1073832.0,9894340.0,15446.0,-79897.0,5326.0,22000000.0,55822000.0,100286000.0,right
205288,1063057.0,1064255.0,9741106.0,28230.0,-105997.0,19707.0,22000000.0,55822000.0,100286000.0,right
205298,1082212.0,1089395.0,9660898.0,36220.0,-96409.0,26632.0,22000000.0,55822000.0,100286000.0,right
205308,1113337.0,1060663.0,9624984.0,22371.0,-77234.0,23969.0,22000000.0,55822000.0,100286000.0,right
205318,1113337.0,1060663.0,9624984.0,22371.0,-77234.0,23969.0,22000000.0,55822000.0,100286000.0,right
205328,1142069.0,1021158.0,9587873.0,1597.0,-53797.0,20240.0,22000000.0,55822000.0,100286000.0,right
205728,1150449.0,992426.0,9434639.0,11185.0,46340.0,21305.0,22060000.0,55859000.0,100278000.0,right
205739,1132491.0,1005595.0,9496890.0,6391.0,55928.0,14381.0,22060000.0,55859000.0,100278000.0,right
205749,1107352.0,1039115.0,9615407.0,3728.0,61787.0,9055.0,22060000.0,55859000.0,100278000.0,right
205759,1092986.0,1058269.0,9726741.0,0.0,60189.0,7457.0,22060000.0,55859000.0,100278000.0,right
205769,1092986.0,1069043.0,9768640.0,-5326.0,47405.0,11718.0,22060000.0,55859000.0,100278000.0,right
205779,1082212.0,1047495.0,9724346.0,-3195.0,29295.0,17044.0,22060000.0,55859000.0,100278000.0,right
205959,889473.0,472869.0,10107430.0,-58591.0,377115.0,493232.0,22060000.0,55859000.0,100278000.0,right
205969,828419.0,383083.0,10125387.0,-64450.0,368592.0,457012.0,22060000.0,55859000.0,100278000.0,right
205979,772153.0,351958.0,10133767.0,-79897.0,342492.0,390431.0,22060000.0,55859000.0,100278000.0,right
205989,800884.0,432166.0,10173273.0,-101203.0,316393.0,322252.0,22060000.0,55859000.0,100278000.0,right
205999,811659.0,616525.0,10179259.0,-102268.0,288695.0,246083.0,22060000.0,55859000.0,100278000.0,right
206009,822433.0,816447.0,10125387.0,-96409.0,258334.0,175773.0,22060000.0,55859000.0,100278000.0,right
206019,818841.0,1015172.0,10022434.0,-96942.0,243952.0,135825.0,22060000.0,55859000.0,100278000.0,right
206029,822433.0,1127703.0,9947014.0,-107594.0,239159.0,142217.0,22060000.0,55859000.0,100278000.0,right
206039,839193.0,1204320.0,9878777.0,-111856.0,234897.0,178437.0,22060000.0,55859000.0,100278000.0,right
206049,840390.0,1212700.0,9793780.0,-94811.0,242355.0,201341.0,22060000.0,55859000.0,100278000.0,right
206059,836799.0,1262979.0,9699206.0,-82560.0,255671.0,246616.0,22060000.0,55859000.0,100278000.0,right
206069,857150.0,1289316.0,9617801.0,-109725.0,270585.0,327046.0,22060000.0,55859000.0,100278000.0,right
206079,841587.0,1219882.0,9587873.0,-108127.0,293489.0,388833.0,22060000.0,55859000.0,100278000.0,right
206089,779336.0,1229460.0,9595055.0,-69776.0,314795.0,435173.0,22060000.0,55859000.0,100278000.0,right
206099,750605.0,1279739.0,9523227.0,-38350.0,339297.0,475122.0,22060000.0,55859000.0,100278000.0,right
206109,737436.0,1330019.0,9487313.0,-37818.0,375517.0,509211.0,22060000.0,55859000.0,100278000.0,right
206119,709902.0,1376707.0,9481327.0,-52732.0,412269.0,568868.0,22060000.0,55859000.0,100278000.0,right
206129,646454.0,1262979.0,9498087.0,-34622.0,455414.0,645569.0,22060000.0,55859000.0,100278000.0,right
206139,586597.0,1146857.0,9500482.0,4793.0,512407.0,729195.0,22060000.0,55859000.0,100278000.0,right
206149,537514.0,1049889.0,9475342.0,39948.0,583249.0,819745.0,22060000.0,55859000.0,100278000.0,right
206159,581808.0,1036720.0,9450202.0,64983.0,692975.0,936395.0,22060000.0,55859000.0,100278000.0,right
206169,605751.0,1091789.0,9449005.0,36752.0,848508.0,1082874.0,22060000.0,55859000.0,100278000.0,right
206179,482446.0,1061860.0,9501679.0,0.0,1053578.0,1226156.0,22060000.0,55859000.0,100278000.0,right
206189,108939.0,1003201.0,9584281.0,-20240.0,1292204.0,1376896.0,22060000.0,55859000.0,100278000.0,right
206199,-560260.0,1227065.0,9617801.0,-33024.0,1573443.0,1525504.0,22060000.0,55859000.0,100278000.0,right
206209,-1496421.0,1720286.0,9790189.0,-49536.0,1938307.0,1630436.0,22060000.0,55859000.0,100278000.0,right
206219,-2883903.0,2415823.0,10138556.0,-140619.0,2348979.0,1710333.0,22060000.0,55859000.0,100278000.0,right
206229,-5153676.0,3457332.0,10362421.0,-352613.0,2745269.0,1676777.0,22060000.0,55859000.0,100278000.0,right
206239,-8200390.0,4422225.0,10591074.0,-656755.0,3066456.0,1430160.0,22060000.0,55859000.0,100278000.0,right
206259,-15079142.0,2185972.0,11690046.0,-1593151.0,2423017.0,1430160.0,22060000.0,55859000.0,100278000.0,right
206269,-17368068.0,-2293715.0,12330514.0,-1854148.0,1409920.0,2339924.0,22060000.0,55859000.0,100278000.0,right
206279,-19708472.0,-8367990.0,14140586.0,-1708735.0,414933.0,3620943.0,22060000.0,55859000.0,100278000.0,right
206289,-22057255.0,-18099519.0,17388420.0,-1120159.0,-545431.0,4801824.0,22060000.0,55859000.0,100278000.0,right
206299,-23858947.0,-29582461.0,20465063.0,-294554.0,-1842430.0,5339267.0,22060000.0,55859000.0,100278000.0,right
206490,-1043903.0,13006897.0,9279011.0,-1752945.0,-1009368.0,225842.0,22090000.0,55929000.0,100276000.0,right
206500,717085.0,8500872.0,8679245.0,-2100232.0,-1032805.0,625861.0,22090000.0,55929000.0,100276000.0,right
206510,2174001.0,1796903.0,7664073.0,-2086383.0,-1069025.0,1202187.0,22090000.0,55929000.0,100276000.0,right
206520,3361561.0,-2025556.0,6879948.0,-1411518.0,-807494.0,1470109.0,22090000.0,55929000.0,100276000.0,right
206530,4138503.0,-2491242.0,6981705.0,-387768.0,-328111.0,1331088.0,22090000.0,55929000.0,100276000.0,right
206540,4468913.0,-1825634.0,7751464.0,329709.0,30893.0,947048.0,22090000.0,55929000.0,100276000.0,right
206550,4503630.0,-788913.0,8385947.0,692442.0,211994.0,592304.0,22090000.0,55929000.0,100276000.0,right
206560,4474899.0,209499.0,8690020.0,857563.0,315327.0,406943.0,22090000.0,55929000.0,100276000.0,right
206570,4240260.0,990032.0,8889942.0,793113.0,368060.0,298815.0,22090000.0,55929000.0,100276000.0,right
206580,3906259.0,1555081.0,9039584.0,488971.0,348884.0,195481.0,22090000.0,55929000.0,100276000.0,right
206590,3501626.0,1883097.0,9149720.0,160859.0,290826.0,28763.0,22090000.0,55929000.0,100276000.0,right
206600,3057488.0,2390683.0,9174860.0,4261.0,235430.0,-143815.0,22090000.0,55929000.0,100276000.0,right
206610,2584619.0,3261002.0,9039584.0,137955.0,225842.0,-191220.0,22090000.0,55929000.0,100276000.0,right
206620,2206324.0,4149278.0,8740299.0,409073.0,240224.0,-123574.0,22090000.0,55929000.0,100276000.0,right
206630,1940559.0,4732283.0,8522420.0,614676.0,266856.0,28763.0,22090000.0,55929000.0,100276000.0,right
206640,1698737.0,4746649.0,8561926.0,745175.0,319056.0,169382.0,22090000.0,55929000.0,100276000.0,right
206650,1528744.0,4290540.0,8729525.0,723336.0,353145.0,189622.0,22090000.0,55929000.0,100276000.0,right
206660,1409030.0,4125335.0,8895927.0,535311.0,350482.0,168316.0,22090000.0,55929000.0,100276000.0,right
206670,1369525.0,4258217.0,9053949.0,331839.0,340362.0,185361.0,22090000.0,55929000.0,100276000.0,right
206680,1362342.0,4388705.0,9155706.0,192818.0,325980.0,252475.0,22090000.0,55929000.0,100276000.0,right
206690,1387482.0,3982876.0,9220351.0,62319.0,300946.0,333970.0,22090000.0,55929000.0,100276000.0,right
206700,1362342.0,3381913.0,9209577.0,-50601.0,280705.0,349949.0,22090000.0,55929000.0,100276000.0,right
206710,1331216.0,3104177.0,9220351.0,-10120.0,296685.0,318523.0,22090000.0,55929000.0,100276000.0,right
206720,1344385.0,3238256.0,9241900.0,144347.0,323317.0,317458.0,22090000.0,55929000.0,100276000.0,right
206730,1350370.0,3374730.0,9211972.0,235963.0,327578.0,345156.0,22090000.0,55929000.0,100276000.0,right
206780,897853.0,4057098.0,8980924.0,185361.0,332372.0,293489.0,22090000.0,55929000.0,100276000.0,right
206790,760182.0,4423422.0,8832479.0,179502.0,349417.0,328644.0,22090000.0,55929000.0,100276000.0,right
206800,511177.0,4939388.0,8628966.0,186959.0,381376.0,382441.0,22090000.0,55929000.0,100276000.0,right
206810,92179.0,5427820.0,8542772.0,176839.0,434108.0,431977.0,22090000.0,55929000.0,100276000.0,right
206820,-330409.0,6188003.0,8706780.0,79897.0,474589.0,482579.0,22090000.0,55929000.0,100276000.0,right
206830,-714691.0,7753858.0,9033598.0,12783.0,491634.0,589641.0,22090000.0,55929000.0,100276000.0,right
206840,-1104957.0,9483722.0,9256266.0,-27697.0,465534.0,756893.0,22090000.0,55929000.0,100276000.0,right
206850,-1567052.0,10786207.0,9136552.0,-155000.0,385637.0,1081276.0,22090000.0,55929000.0,100276000.0,right
206860,-2051893.0,12100664.0,8646923.0,-300946.0,321719.0,1627240.0,22090000.0,55929000.0,100276000.0,right
206870,-2603773.0,13793416.0,7976526.0,-398953.0,335035.0,2394787.0,22090000.0,55929000.0,100276000.0,right
206880,-3198751.0,15712427.0,7430631.0,-490036.0,422922.0,3497901.0,22090000.0,55929000.0,100276000.0,right
206890,-3888302.0,18002551.0,7194795.0,-529985.0,561411.0,5012221.0,22090000.0,55929000.0,100276000.0,right
206900,-5402680.0,19750372.0,7210358.0,-421857.0,755295.0,6797658.0,22090000.0,55929000.0,100276000.0,right
206910,-7861601.0,20733222.0,7436617.0,-237028.0,981138.0,8694419.0,22090000.0,55929000.0,100276000.0,right
206920,-10495303.0,20803853.0,7783787.0,-267389.0,1108441.0,10687589.0,22090000.0,55929000.0,100276000.0,right
206930,-13314561.0,19871283.0,7702381.0,-383506.0,1105778.0,12567305.0,22090000.0,55929000.0,100276000.0,right
206940,-15768693.0,16752740.0,6638126.0,-525723.0,1054111.0,14079494.0,22090000.0,55929000.0,100276000.0,right
206950,-16005726.0,11940248.0,5681613.0,-350482.0,1069025.0,15184206.0,22090000.0,55929000.0,100276000.0,right
206960,-14977385.0,8941418.0,5233884.0,290293.0,1395538.0,15887302.0,22090000.0,55929000.0,100276000.0,right
206970,-14822954.0,6824880.0,5460143.0,1249593.0,2015541.0,15911271.0,22090000.0,55929000.0,100276000.0,right
207031,-13677294.0,-19919168.0,12399948.0,94811.0,1979321.0,11463658.0,22090000.0,55929000.0,100276000.0,right
207041,-11924685.0,-23129891.0,12627404.0,347819.0,1211775.0,9164215.0,22090000.0,55929000.0,100276000.0,right
207051,-10847261.0,-23080808.0,13162525.0,1349730.0,841051.0,6240508.0,22090000.0,55929000.0,100276000.0,right
207061,-9616604.0,-19865297.0,13459415.0,1769990.0,498558.0,3086697.0,22090000.0,55929000.0,100276000.0,right
207071,-8666077.0,-14892388.0,12717190.0,985932.0,-115584.0,428249.0,22090000.0,55929000.0,100276000.0,right
207081,-7629356.0,-10260664.0,11655329.0,-114519.0,-676996.0,-1232015.0,22090000.0,55929000.0,100276000.0,right
207091,-6549538.0,-6863188.0,11020846.0,-707889.0,-930536.0,-1952156.0,22090000.0,55929000.0,100276000.0,right
207101,-5308107.0,-4747846.0,10855641.0,-715879.0,-925742.0,-2122071.0,22090000.0,55929000.0,100276000.0,right
207111,-4079844.0,-3373533.0,10915498.0,-361135.0,-843182.0,-2011280.0,22090000.0,55929000.0,100276000.0,right
207121,-2973689.0,-2570253.0,10943032.0,224244.0,-749436.0,-1888238.0,22090000.0,55929000.0,100276000.0,right
207171,119713.0,1280936.0,10849655.0,208798.0,-476187.0,-1406191.0,22090000.0,55929000.0,100276000.0,right
207181,483643.0,1412622.0,11002889.0,141151.0,-351015.0,-1234146.0,22090000.0,55929000.0,100276000.0,right
207191,735042.0,1290514.0,11029226.0,16512.0,-282836.0,-1071688.0,22090000.0,55929000.0,100276000.0,right
207201,993624.0,1166011.0,11004086.0,-59123.0,-234365.0,-918285.0,22090000.0,55929000.0,100276000.0,right
207211,1186363.0,1089395.0,11061549.0,-49003.0,-211994.0,-802701.0,22090000.0,55929000.0,100276000.0,right
207221,1312062.0,1031932.0,11074717.0,-12250.0,-240224.0,-730793.0,22090000.0,55929000.0,100276000.0,right
207231,1429382.0,1051086.0,10947821.0,12250.0,-312664.0,-676463.0,22090000.0,55929000.0,100276000.0,right
207241,1485647.0,1227065.0,10662902.0,35154.0,-393627.0,-631720.0,22090000.0,55929000.0,100276000.0,right
207251,1544307.0,1288119.0,10313338.0,69776.0,-453816.0,-583782.0,22090000.0,55929000.0,100276000.0,right
207261,1671203.0,1428184.0,9876383.0,88419.0,-456479.0,-487905.0,22090000.0,55929000.0,100276000.0,right
207271,1820845.0,1732257.0,9469356.0,80962.0,-388833.0,-393094.0,22090000.0,55929000.0,100276000.0,right
207281,1881899.0,1588601.0,9314925.0,15446.0,-301478.0,-346221.0,22090000.0,55929000.0,100276000.0,right
207291,1829225.0,1133689.0,9219154.0,-134760.0,-233832.0,-305207.0,22090000.0,55929000.0,100276000.0,right
207301,1755003.0,583005.0,9125778.0,-219983.0,-157131.0,-266324.0,22090000.0,55929000.0,100276000.0,right
207311,1740637.0,274144.0,9097046.0,-204004.0,-67113.0,-219451.0,22090000.0,55929000.0,100276000.0,right
207321,1795706.0,173584.0,9235914.0,-172045.0,-21305.0,-200808.0,22090000.0,55929000.0,100276000.0,right
207331,1752609.0,113728.0,9377176.0,-153935.0,-38350.0,-203471.0,22090000.0,55929000.0,100276000.0,right
207341,1750214.0,94573.0,9277814.0,-114519.0,-86289.0,-196547.0,22130000.0,55984000.0,100262000.0,right
207351,1863942.0,215484.0,9094652.0,-31958.0,-103866.0,-190155.0,22130000.0,55984000.0,100262000.0,right
207361,1959713.0,434560.0,8982121.0,31426.0,-77234.0,-207732.0,22130000.0,55984000.0,100262000.0,right
207371,1994430.0,545894.0,9071906.0,12250.0,-41013.0,-223179.0,22130000.0,55984000.0,100262000.0,right
207381,2017176.0,621314.0,9180846.0,-64983.0,-4261.0,-213059.0,22130000.0,55984000.0,100262000.0,right
207391,2024359.0,654834.0,9299363.0,-112921.0,25034.0,-194416.0,22130000.0,55984000.0,100262000.0,right
207401,2014782.0,610540.0,9451399.0,-113986.0,27697.0,-159794.0,22130000.0,55984000.0,100262000.0,right
207411,2055484.0,542303.0,9608224.0,-104399.0,5326.0,-108127.0,22130000.0,55984000.0,100262000.0,right
207421,2120130.0,483643.0,9648927.0,-105997.0,-34089.0,-57526.0,22130000.0,55984000.0,100262000.0,right
207431,2196747.0,421392.0,9599844.0,-86289.0,-76701.0,-23436.0,22130000.0,55984000.0,100262000.0,right
207441,2196747.0,421392.0,9599844.0,-86289.0,-76701.0,-23436.0,22130000.0,55984000.0,100262000.0,right
207451,2278152.0,417800.0,9492102.0,-38350.0,-93213.0,-1597.0,22130000.0,55984000.0,100262000.0,right
207461,2335614.0,415406.0,9416682.0,7457.0,-89484.0,5859.0,22130000.0,55984000.0,100262000.0,right
207471,2348783.0,397449.0,9381965.0,14381.0,-80429.0,-1065.0,22130000.0,55984000.0,100262000.0,right
207481,2311672.0,385478.0,9374782.0,6924.0,-65515.0,-12783.0,22130000.0,55984000.0,100262000.0,right
207491,2266181.0,302875.0,9391542.0,3195.0,-36220.0,-29828.0,22130000.0,55984000.0,100262000.0,right
207501,2193155.0,207104.0,9401119.0,9587.0,-1597.0,-61787.0,22130000.0,55984000.0,100262000.0,right
207511,2094990.0,167599.0,9444216.0,-2663.0,15979.0,-85223.0,22130000.0,55984000.0,100262000.0,right
207521,1983656.0,146050.0,9452596.0,-42079.0,22903.0,-93746.0,22130000.0,55984000.0,100262000.0,right
207531,1875914.0,185556.0,9451399.0,-51134.0,29828.0,-84691.0,22130000.0,55984000.0,100262000.0,right
207541,1818451.0,244216.0,9413091.0,-18642.0,39948.0,-78831.0,22130000.0,55984000.0,100262000.0,right
207551,1794508.0,270553.0,9478933.0,-6924.0,48471.0,-78299.0,22130000.0,55984000.0,100262000.0,right
207561,1775354.0,323227.0,9529213.0,-26099.0,39415.0,-86289.0,22130000.0,55984000.0,100262000.0,right
207571,1744229.0,335198.0,9469356.0,-44209.0,5326.0,-96409.0,22130000.0,55984000.0,100262000.0,right
207581,1745426.0,274144.0,9304151.0,-48471.0,-25034.0,-71907.0,22130000.0,55984000.0,100262000.0,right
207591,1760989.0,179570.0,9226337.0,-27697.0,-26632.0,-28763.0,22130000.0,55984000.0,100262000.0,right
207602,1769369.0,117319.0,9263448.0,9587.0,-8522.0,-1065.0,22130000.0,55984000.0,100262000.0,right
207612,1801691.0,128093.0,9329291.0,22903.0,11185.0,2663.0,22130000.0,55984000.0,100262000.0,right
207622,1780143.0,99362.0,9338868.0,10652.0,20773.0,-17577.0,22130000.0,55984000.0,100262000.0,right
207632,1816057.0,-70631.0,9310137.0,-5326.0,31958.0,-73505.0,22130000.0,55984000.0,100262000.0,right
207642,1819648.0,-43096.0,9318517.0,-21838.0,47938.0,-156065.0,22130000.0,55984000.0,100262000.0,right
207652,1814860.0,198724.0,9348445.0,-53797.0,60721.0,-224244.0,22130000.0,55984000.0,100262000.0,right
207662,1806480.0,413012.0,9367599.0,-102801.0,61787.0,-238093.0,22130000.0,55984000.0,100262000.0,right
207672,1746623.0,517163.0,9365205.0,-120378.0,50601.0,-213591.0,22130000.0,55984000.0,100262000.0,right
207682,1673598.0,484840.0,9399922.0,-86821.0,31958.0,-165120.0,22130000.0,55984000.0,100262000.0,right
207692,1636486.0,448926.0,9422668.0,-44742.0,12783.0,-105997.0,22130000.0,55984000.0,100262000.0,right
207702,1561067.0,355549.0,9407105.0,-24501.0,-4261.0,-68711.0,22130000.0,55984000.0,100262000.0,right
207712,1532335.0,219076.0,9425062.0,-26632.0,-17577.0,-37818.0,22130000.0,55984000.0,100262000.0,right
207722,1516773.0,83799.0,9437033.0,-19175.0,-19175.0,-19707.0,22130000.0,55984000.0,100262000.0,right
207732,1541912.0,-37111.0,9545973.0,-20773.0,-11718.0,-38883.0,22130000.0,55984000.0,100262000.0,right
207742,1579024.0,-166402.0,9690826.0,-44742.0,-4261.0,-117182.0,22130000.0,55984000.0,100262000.0,right
207752,1540715.0,-197527.0,9761458.0,-78299.0,-15446.0,-215189.0,22130000.0,55984000.0,100262000.0,right
207762,1570644.0,-15562.0,9768640.0,-106529.0,-41013.0,-269520.0,22130000.0,55984000.0,100262000.0,right
207772,1570644.0,183162.0,9755472.0,-97474.0,-55928.0,-284434.0,22130000.0,55984000.0,100262000.0,right
207782,1575432.0,263370.0,9812934.0,-79897.0,-80429.0,-252475.0,22130000.0,55984000.0,100262000.0,right
207792,1622121.0,228653.0,9820117.0,-54330.0,-115584.0,-193351.0,22130000.0,55984000.0,100262000.0,right
207802,1684372.0,119713.0,9707586.0,-2663.0,-148076.0,-147010.0,22130000.0,55984000.0,100262000.0,right
207812,1770566.0,61054.0,9566324.0,37285.0,-156065.0,-125172.0,22130000.0,55984000.0,100262000.0,right
207822,1880702.0,89785.0,9492102.0,30893.0,-141151.0,-125705.0,22130000.0,55984000.0,100262000.0,right
207832,1941756.0,102953.0,9538790.0,-11185.0,-116649.0,-150206.0,22130000.0,55984000.0,100262000.0,right
207842,1983656.0,50279.0,9629772.0,-53264.0,-93213.0,-175241.0,22130000.0,55984000.0,100262000.0,right
207852,1990839.0,73025.0,9672869.0,-46873.0,-77234.0,-200808.0,22130000.0,55984000.0,100262000.0,right
207862,2045907.0,113728.0,9611815.0,-31426.0,-77234.0,-218385.0,22130000.0,55984000.0,100262000.0,right
207872,2078230.0,222667.0,9476539.0,-30893.0,-76701.0,-206667.0,22130000.0,55984000.0,100262000.0,right
207882,2096187.0,239427.0,9352037.0,-16512.0,-69776.0,-184828.0,22130000.0,55984000.0,100262000.0,right
207892,2074639.0,225061.0,9281405.0,5859.0,-47405.0,-144347.0,22130000.0,55984000.0,100262000.0,right
207902,2066259.0,263370.0,9354431.0,22371.0,-7457.0,-116649.0,22130000.0,55984000.0,100262000.0,right
207912,1990839.0,306467.0,9501679.0,12783.0,32491.0,-109192.0,22130000.0,55984000.0,100262000.0,right
207922,1945348.0,254990.0,9605830.0,-12783.0,62852.0,-102268.0,22130000.0,55984000.0,100262000.0,right
207952,2012387.0,25139.0,9494496.0,17044.0,59656.0,-56993.0,22130000.0,55984000.0,100262000.0,right
207962,2099778.0,69433.0,9365205.0,55395.0,53264.0,-46873.0,22130000.0,55984000.0,100262000.0,right
207972,2118933.0,162810.0,9372388.0,80962.0,68178.0,-47938.0,22130000.0,55984000.0,100262000.0,right
207982,2138087.0,251398.0,9433442.0,74570.0,92148.0,-49536.0,22130000.0,55984000.0,100262000.0,right
207992,2108158.0,282524.0,9495693.0,47405.0,124107.0,-54330.0,22130000.0,55984000.0,100262000.0,right
208002,2032739.0,190344.0,9635758.0,-2663.0,159794.0,-68711.0,22130000.0,55984000.0,100262000.0,right
208012,1965699.0,81405.0,9755472.0,-84158.0,175241.0,-96409.0,22130000.0,55984000.0,100262000.0,right
208022,1959713.0,90982.0,9768640.0,-135292.0,174176.0,-122509.0,22130000.0,55984000.0,100262000.0,right
208032,1940559.0,220273.0,9753078.0,-135292.0,177371.0,-137423.0,22130000.0,55984000.0,100262000.0,right
208042,1905842.0,349564.0,9767443.0,-126770.0,162457.0,-129966.0,22130000.0,55984000.0,100262000.0,right
208052,1885491.0,355549.0,9700404.0,-120911.0,127302.0,-90550.0,22130000.0,55984000.0,100262000.0,right
208062,1823240.0,329212.0,9623787.0,-86289.0,101203.0,-42611.0,22130000.0,55984000.0,100262000.0,right
208072,1804086.0,253793.0,9621392.0,-32491.0,94278.0,-5326.0,22130000.0,55984000.0,100262000.0,right
208082,1794508.0,233441.0,9638152.0,1065.0,95344.0,14914.0,22130000.0,55984000.0,100262000.0,right
208092,1777748.0,253793.0,9624984.0,-4793.0,101203.0,11718.0,22130000.0,55984000.0,100262000.0,right
208102,1727469.0,235836.0,9616604.0,-41546.0,109725.0,-7989.0,22130000.0,55984000.0,100262000.0,right
208112,1674795.0,94573.0,9634561.0,-83093.0,108660.0,-21305.0,22130000.0,55984000.0,100262000.0,right
208122,1629303.0,19154.0,9635758.0,-90550.0,102268.0,-19707.0,22130000.0,55984000.0,100262000.0,right
208132,1574235.0,0.0,9602238.0,-72972.0,91082.0,-25567.0,22130000.0,55984000.0,100262000.0,right
208142,1563461.0,-16759.0,9545973.0,-56460.0,68178.0,-23969.0,22130000.0,55984000.0,100262000.0,right
208162,1590995.0,-67039.0,9408302.0,5859.0,39415.0,2663.0,22130000.0,55984000.0,100262000.0,right
208172,1652049.0,-64645.0,9395134.0,31958.0,39415.0,3195.0,22130000.0,55984000.0,100262000.0,right
208182,1722680.0,-3591.0,9428653.0,28763.0,47938.0,-6924.0,22130000.0,55984000.0,100262000.0,right
208192,1744229.0,87391.0,9506467.0,6924.0,56993.0,-24501.0,22130000.0,55984000.0,100262000.0,right
208212,1812465.0,216681.0,9595055.0,-40481.0,43677.0,-22371.0,22130000.0,55984000.0,100262000.0,right
208222,1792114.0,257384.0,9565127.0,-33556.0,33556.0,-6391.0,22130000.0,55984000.0,100262000.0,right
208263,1808874.0,101756.0,9490905.0,67646.0,17044.0,105997.0,22130000.0,55984000.0,100262000.0,right
208273,1825634.0,67039.0,9523227.0,75636.0,30893.0,117715.0,22130000.0,55984000.0,100262000.0,right
208283,1854365.0,40702.0,9562733.0,52199.0,38883.0,110258.0,22130000.0,55984000.0,100262000.0,right
208293,1861548.0,29928.0,9551959.0,6391.0,43677.0,90017.0,22130000.0,55984000.0,100262000.0,right
208303,1857957.0,63448.0,9532804.0,-26099.0,56993.0,68711.0,22130000.0,55984000.0,100262000.0,right
208313,1832817.0,105348.0,9583084.0,-50068.0,71374.0,50068.0,22130000.0,55984000.0,100262000.0,right
208323,1801691.0,148445.0,9663292.0,-61787.0,63917.0,43677.0,22130000.0,55984000.0,100262000.0,right
208803,1353962.0,427378.0,9197606.0,28230.0,354743.0,552356.0,22140000.0,56035000.0,100278000.0,right
208813,1213897.0,462095.0,9210774.0,41546.0,487905.0,724401.0,22140000.0,56035000.0,100278000.0,right
208823,845178.0,478854.0,9258660.0,62852.0,686583.0,902838.0,22140000.0,56035000.0,100278000.0,right
208833,-33519.0,657228.0,9343657.0,74570.0,987530.0,1063698.0,22140000.0,56035000.0,100278000.0,right
208843,-1792114.0,1205517.0,9514847.0,19707.0,1454130.0,1172359.0,22140000.0,56035000.0,100278000.0,right
208854,-4403071.0,2020767.0,9920677.0,-201873.0,2147105.0,1184077.0,22140000.0,56035000.0,100278000.0,right
208864,-7696396.0,2968900.0,10889161.0,-686583.0,2938088.0,1099386.0,22140000.0,56035000.0,100278000.0,right
208874,-11506884.0,2306883.0,12799792.0,-1342273.0,3484052.0,1059970.0,22140000.0,56035000.0,100278000.0,right
208884,-15433494.0,-993624.0,15499337.0,-2065610.0,3413743.0,1410985.0,22140000.0,56035000.0,100278000.0,right
208894,-20016136.0,-9426259.0,19702486.0,-2652588.0,2493326.0,2473618.0,22140000.0,56035000.0,100278000.0,right
208904,-22938349.0,-28011817.0,24092389.0,-2537536.0,617872.0,3846253.0,22140000.0,56035000.0,100278000.0,right
208914,-23429175.0,-39227797.0,26842213.0,-1020021.0,-2251504.0,3359945.0,22140000.0,56035000.0,100278000.0,right
208924,-25130307.0,-39227797.0,23912818.0,694040.0,-5217290.0,-2690939.0,22140000.0,56035000.0,100278000.0,right
208934,-34283619.0,-38965624.0,15717216.0,-290826.0,-7915687.0,-13850988.0,22140000.0,56035000.0,100278000.0,right
208944,-39227797.0,-31597243.0,6182017.0,-3456887.0,-9625488.0,-17453821.0,22140000.0,56035000.0,100278000.0,right
208954,-39227797.0,-7874769.0,-1268965.0,-6056744.0,-9029455.0,-17453821.0,22140000.0,56035000.0,100278000.0,right
209054,-11293793.0,18877659.0,11541601.0,-454349.0,-988595.0,-2799067.0,22140000.0,56035000.0,100278000.0,right
209064,-8591854.0,13992141.0,9591464.0,-1224025.0,-1225091.0,-1631501.0,22140000.0,56035000.0,100278000.0,right
209074,-6093429.0,14122629.0,8564320.0,-1370504.0,-867151.0,-1138802.0,22140000.0,56035000.0,100278000.0,right
209084,-4167235.0,13061965.0,8925856.0,-1292204.0,-421324.0,-445826.0,22140000.0,56035000.0,100278000.0,right
209234,2300898.0,3251425.0,9392739.0,786721.0,545964.0,103333.0,22140000.0,56035000.0,100278000.0,right
209244,2013585.0,3222693.0,9549564.0,654624.0,486840.0,-1065.0,22140000.0,56035000.0,100278000.0,right
209254,1778946.0,3427404.0,9531607.0,463936.0,391496.0,-136357.0,22140000.0,56035000.0,100278000.0,right
209264,1607755.0,3968510.0,9245491.0,315327.0,313729.0,-191753.0,22140000.0,56035000.0,100278000.0,right
209324,-1903448.0,8108211.0,9214366.0,647700.0,981670.0,692442.0,22140000.0,56035000.0,100278000.0,right
209334,-2614548.0,10612622.0,9951802.0,817082.0,1176620.0,1009901.0,22140000.0,56035000.0,100278000.0,right
209344,-3134105.0,14613455.0,10310944.0,925210.0,1270898.0,1496209.0,22170000.0,56099000.0,100276000.0,right
209354,-4189980.0,18840547.0,10071516.0,911893.0,1319902.0,2545526.0,22170000.0,56099000.0,100276000.0,right
209485,-21731634.0,-10749096.0,10297775.0,1402995.0,3931477.0,13861640.0,22170000.0,56099000.0,100276000.0,right
209494,-20609916.0,-16375641.0,10834093.0,881533.0,3291234.0,13203820.0,22170000.0,56099000.0,100276000.0,right
209505,-19071595.0,-19396019.0,12381991.0,1322033.0,2798534.0,12440002.0,22170000.0,56099000.0,100276000.0,right
209515,-17429122.0,-19667769.0,13823345.0,2531145.0,2490131.0,10920356.0,22170000.0,56099000.0,100276000.0,right
209525,-15550814.0,-18708862.0,14451842.0,3101078.0,2141779.0,8224090.0,22170000.0,56099000.0,100276000.0,right
209535,-13797008.0,-16194874.0,14998934.0,2565234.0,1495676.0,4849763.0,22170000.0,56099000.0,100276000.0,right
209545,-12350866.0,-12501705.0,14998934.0,1063698.0,461806.0,1604336.0,22170000.0,56099000.0,100276000.0,right
209555,-12350866.0,-12501705.0,14998934.0,1063698.0,461806.0,1604336.0,22170000.0,56099000.0,100276000.0,right
209565,-11012466.0,-9105426.0,13897567.0,-574194.0,-616274.0,-686583.0,22170000.0,56099000.0,100276000.0,right
209575,-9237111.0,-6395107.0,12331711.0,-1467978.0,-1343871.0,-1940970.0,22170000.0,56099000.0,100276000.0,right
209585,-7352817.0,-4081041.0,11142954.0,-1522309.0,-1648546.0,-2640337.0,22170000.0,56099000.0,100276000.0,right
209595,-5648094.0,-2187169.0,10435446.0,-1098320.0,-1643752.0,-2953535.0,22170000.0,56099000.0,100276000.0,right
209605,-4278568.0,-725465.0,9943422.0,-564074.0,-1557996.0,-3019050.0,22170000.0,56099000.0,100276000.0,right
209615,-3266987.0,434560.0,9586676.0,-142749.0,-1419507.0,-2982298.0,22170000.0,56099000.0,100276000.0,right
209625,-2407443.0,1353962.0,9493299.0,11185.0,-1190469.0,-2891747.0,22170000.0,56099000.0,100276000.0,right
209635,-1687963.0,2135693.0,9677658.0,-111323.0,-947048.0,-2701059.0,22170000.0,56099000.0,100276000.0,right
209645,-1139674.0,2592999.0,9972154.0,-324382.0,-728130.0,-2428343.0,22170000.0,56099000.0,100276000.0,right
209655,-615328.0,2826441.0,10237918.0,-395757.0,-535311.0,-2119940.0,22170000.0,56099000.0,100276000.0,right
209665,-118516.0,3082628.0,10448614.0,-320121.0,-398420.0,-1824320.0,22170000.0,56099000.0,100276000.0,right
209675,181964.0,2985660.0,10617411.0,-206134.0,-335568.0,-1569714.0,22170000.0,56099000.0,100276000.0,right
209685,383083.0,2590605.0,10729942.0,-153935.0,-346221.0,-1334284.0,22170000.0,56099000.0,100276000.0,right
209785,707508.0,725465.0,9883566.0,-28230.0,-13848.0,-125705.0,22170000.0,56099000.0,100276000.0,right
209795,705113.0,562654.0,10136162.0,-92148.0,-12783.0,-149674.0,22170000.0,56099000.0,100276000.0,right
209805,648848.0,244216.0,10205596.0,-214124.0,-82027.0,-201873.0,22170000.0,56099000.0,100276000.0,right
209815,646454.0,-58659.0,10017645.0,-257269.0,-152337.0,-228506.0,22170000.0,56099000.0,100276000.0,right
209825,723070.0,-118516.0,9869200.0,-162990.0,-174176.0,-226375.0,22170000.0,56099000.0,100276000.0,right
209835,872713.0,-3591.0,9875186.0,-67646.0,-167251.0,-246616.0,22170000.0,56099000.0,100276000.0,right
209845,1022355.0,270553.0,9830892.0,-58058.0,-162990.0,-308936.0,22170000.0,56099000.0,100276000.0,right
209855,1139674.0,557866.0,9639350.0,-102268.0,-160859.0,-368060.0,22170000.0,56099000.0,100276000.0,right
209865,1274951.0,762576.0,9518439.0,-158196.0,-137423.0,-366994.0,22170000.0,56099000.0,100276000.0,right
209875,1326428.0,806870.0,9432245.0,-205069.0,-112388.0,-306272.0,22170000.0,56099000.0,100276000.0,right
209885,1324033.0,590188.0,9319714.0,-205602.0,-101735.0,-231702.0,22170000.0,56099000.0,100276000.0,right
209895,1415016.0,469277.0,9222746.0,-168849.0,-76701.0,-160859.0,22170000.0,56099000.0,100276000.0,right
209905,1521561.0,584203.0,9282603.0,-132629.0,-36752.0,-134227.0,22170000.0,56099000.0,100276000.0,right
209915,1552687.0,835601.0,9543579.0,-144347.0,-16512.0,-139553.0,22170000.0,56099000.0,100276000.0,right
209925,1514378.0,988835.0,9761458.0,-199743.0,-44742.0,-115584.0,22170000.0,56099000.0,100276000.0,right
209935,1386285.0,893064.0,9779415.0,-239159.0,-107594.0,-38883.0,22170000.0,56099000.0,100276000.0,right
209945,1312062.0,623708.0,9700404.0,-194949.0,-143815.0,60721.0,22170000.0,56099000.0,100276000.0,right
209985,1136083.0,-71828.0,9390345.0,60721.0,-220516.0,205602.0,22170000.0,56099000.0,100276000.0,right
209995,1199531.0,-79011.0,9335277.0,84158.0,-195481.0,204004.0,22170000.0,56099000.0,100276000.0,right
210005,1253402.0,40702.0,9431048.0,91082.0,-150206.0,162457.0,22170000.0,56099000.0,100276000.0,right
210015,1242628.0,119713.0,9580690.0,48471.0,-123574.0,91082.0,22170000.0,56099000.0,100276000.0,right
210025,1221080.0,166402.0,9598647.0,-36220.0,-106529.0,41546.0,22170000.0,56099000.0,100276000.0,right
210035,1204320.0,192739.0,9496890.0,-87886.0,-73505.0,18110.0,22170000.0,56099000.0,100276000.0,right
210045,1173194.0,237033.0,9419076.0,-79897.0,-21305.0,5859.0,22170000.0,56099000.0,100276000.0,right
210055,1114534.0,258581.0,9417879.0,-66048.0,30893.0,-1597.0,22170000.0,56099000.0,100276000.0,right
210065,1063057.0,277735.0,9463370.0,-68178.0,66581.0,532.0,22170000.0,56099000.0,100276000.0,right
210075,1045100.0,344775.0,9583084.0,-74038.0,84158.0,4261.0,22170000.0,56099000.0,100276000.0,right
210085,958907.0,387872.0,9694418.0,-74570.0,78299.0,1597.0,22170000.0,56099000.0,100276000.0,right
210095,900247.0,357944.0,9699206.0,-72440.0,59123.0,5326.0,22170000.0,56099000.0,100276000.0,right
210105,849967.0,266961.0,9652518.0,-66048.0,35154.0,27165.0,22170000.0,56099000.0,100276000.0,right
210126,839193.0,171190.0,9613013.0,-15979.0,12250.0,46340.0,22170000.0,56099000.0,100276000.0,right
210136,883487.0,167599.0,9720755.0,-25567.0,-2130.0,2130.0,22170000.0,56099000.0,100276000.0,right
210146,836799.0,116122.0,9742303.0,-102801.0,-40481.0,-85756.0,22170000.0,56099000.0,100276000.0,right
210156,797293.0,124502.0,9586676.0,-163523.0,-71374.0,-133694.0,22170000.0,56099000.0,100276000.0,right
210166,798490.0,205907.0,9530410.0,-138488.0,-61254.0,-129433.0,22170000.0,56099000.0,100276000.0,right
210176,841587.0,274144.0,9493299.0,-82027.0,-38883.0,-107594.0,22170000.0,56099000.0,100276000.0,right
210186,887078.0,233441.0,9471750.0,-46340.0,-26632.0,-78831.0,22170000.0,56099000.0,100276000.0,right
210196,948132.0,185556.0,9481327.0,-29295.0,-14381.0,-54862.0,22170000.0,56099000.0,100276000.0,right
210206,988835.0,174782.0,9556747.0,-10652.0,-7457.0,-50068.0,22170000.0,56099000.0,100276000.0,right
210216,1022355.0,141262.0,9614210.0,13316.0,-19175.0,-47938.0,22170000.0,56099000.0,100276000.0,right
210226,1118126.0,161613.0,9603435.0,47405.0,-31426.0,-44209.0,22170000.0,56099000.0,100276000.0,right
210236,1215094.0,219076.0,9616604.0,69244.0,-32491.0,-52199.0,22170000.0,56099000.0,100276000.0,right
210246,1264177.0,283721.0,9672869.0,54862.0,-23969.0,-61787.0,22170000.0,56099000.0,100276000.0,right
210256,1280936.0,331607.0,9635758.0,27165.0,-23436.0,-60189.0,22170000.0,56099000.0,100276000.0,right
210266,1321639.0,301678.0,9544776.0,14914.0,-18642.0,-47405.0,22170000.0,56099000.0,100276000.0,right
210426,1115732.0,-8379.0,9580690.0,56460.0,-94811.0,107594.0,22200000.0,56176000.0,100288000.0,right
210436,1136083.0,-46688.0,9547170.0,63385.0,-82027.0,88419.0,22200000.0,56176000.0,100288000.0,right
210486,1302485.0,191541.0,9601041.0,23436.0,-100670.0,51134.0,22200000.0,56176000.0,100288000.0,right
210496,1351568.0,186753.0,9592661.0,64983.0,-83093.0,68178.0,22200000.0,56176000.0,100288000.0,right
210506,1394665.0,292101.0,9615407.0,73505.0,-60721.0,51134.0,22200000.0,56176000.0,100288000.0,right
210516,1400650.0,446532.0,9640547.0,43677.0,-34089.0,27165.0,22200000.0,56176000.0,100288000.0,right
210526,1385087.0,566245.0,9664489.0,7989.0,5326.0,20773.0,22200000.0,56176000.0,100288000.0,right
210536,1356356.0,647651.0,9773429.0,-14381.0,44742.0,27165.0,22200000.0,56176000.0,100288000.0,right
210546,1266571.0,656031.0,9845257.0,-35154.0,68178.0,40481.0,22200000.0,56176000.0,100288000.0,right
210556,1182771.0,611737.0,9834483.0,-54862.0,70309.0,56460.0,22200000.0,56176000.0,100288000.0,right
210566,1119323.0,583005.0,9778217.0,-58591.0,58591.0,80962.0,22200000.0,56176000.0,100288000.0,right
210576,1025946.0,481249.0,9707586.0,-39415.0,35687.0,110258.0,22200000.0,56176000.0,100288000.0,right
210586,958907.0,348366.0,9556747.0,-2130.0,5326.0,145945.0,22200000.0,56176000.0,100288000.0,right
210596,987638.0,198724.0,9421471.0,53264.0,-12250.0,170980.0,22200000.0,56176000.0,100288000.0,right
210606,1034326.0,122108.0,9377176.0,91615.0,-4261.0,168316.0,22200000.0,56176000.0,100288000.0,right
210616,1034326.0,122108.0,9377176.0,91615.0,-4261.0,168316.0,22200000.0,56176000.0,100288000.0,right
210626,1081015.0,123305.0,9369994.0,82027.0,14381.0,140619.0,22200000.0,56176000.0,100288000.0,right
210636,1082212.0,197527.0,9417879.0,53264.0,36220.0,117715.0,22200000.0,56176000.0,100288000.0,right
210646,1118126.0,210696.0,9480130.0,38883.0,56460.0,95344.0,22200000.0,56176000.0,100288000.0,right
210657,1148054.0,232244.0,9547170.0,13316.0,74038.0,80962.0,22200000.0,56176000.0,100288000.0,right
210667,1146857.0,260975.0,9595055.0,-7457.0,92680.0,75103.0,22200000.0,56176000.0,100288000.0,right
210676,1169603.0,299284.0,9664489.0,2663.0,115584.0,77234.0,22200000.0,56176000.0,100288000.0,right
210686,1189954.0,365126.0,9686038.0,31958.0,131031.0,87354.0,22200000.0,56176000.0,100288000.0,right
210696,1185165.0,405829.0,9663292.0,52199.0,135292.0,101203.0,22200000.0,56176000.0,100288000.0,right
210706,1163617.0,432166.0,9635758.0,52732.0,144347.0,125705.0,22200000.0,56176000.0,100288000.0,right
210716,1138477.0,436955.0,9601041.0,55928.0,161392.0,152870.0,22200000.0,56176000.0,100288000.0,right
210726,1124111.0,458503.0,9575901.0,61254.0,184296.0,182698.0,22200000.0,56176000.0,100288000.0,right
210736,1138477.0,486037.0,9542381.0,63917.0,210928.0,215189.0,22200000.0,56176000.0,100288000.0,right
211057,-7751464.0,14965414.0,8962967.0,167784.0,-344090.0,1224558.0,22200000.0,56176000.0,100288000.0,right
211067,-5470917.0,12877606.0,8716357.0,-1059437.0,-194949.0,1511656.0,22200000.0,56176000.0,100288000.0,right
211077,-3551906.0,8426649.0,9123383.0,-1643220.0,-131031.0,2030988.0,22200000.0,56176000.0,100288000.0,right
211087,-1637683.0,3743448.0,9397528.0,-1448270.0,-90550.0,2410766.0,22200000.0,56176000.0,100288000.0,right
211097,138867.0,509980.0,9398725.0,-802168.0,-1597.0,2299442.0,22200000.0,56176000.0,100288000.0,right
211107,1339596.0,-494417.0,9378374.0,-142217.0,110790.0,1933513.0,22200000.0,56176000.0,100288000.0,right
211117,2163227.0,-709902.0,9414288.0,129433.0,158196.0,1586226.0,22200000.0,56176000.0,100288000.0,right
211127,2751021.0,-1164814.0,9433442.0,64983.0,101735.0,1257582.0,22200000.0,56176000.0,100288000.0,right
211137,3264593.0,-1728666.0,9377176.0,-68711.0,27697.0,952375.0,22200000.0,56176000.0,100288000.0,right
211147,3681197.0,-1728666.0,9186832.0,-51666.0,12783.0,737185.0,22200000.0,56176000.0,100288000.0,right
211157,3762602.0,-1019961.0,8838465.0,39415.0,50068.0,578456.0,22200000.0,56176000.0,100288000.0,right
211167,3539935.0,-186753.0,8570306.0,107062.0,130498.0,440500.0,22200000.0,56176000.0,100288000.0,right
211177,3105374.0,750605.0,8510449.0,229571.0,250877.0,327046.0,22200000.0,56176000.0,100288000.0,right
211187,2384697.0,1699935.0,8634951.0,468730.0,390963.0,237028.0,22200000.0,56176000.0,100288000.0,right
211197,1630501.0,3007209.0,8967755.0,694040.0,512407.0,149141.0,22200000.0,56176000.0,100288000.0,right
211207,888275.0,4677215.0,9437033.0,732924.0,580054.0,63385.0,22200000.0,56176000.0,100288000.0,right
211217,124502.0,6300533.0,9742303.0,657820.0,591772.0,137955.0,22200000.0,56176000.0,100288000.0,right
211227,-480052.0,8035185.0,9917085.0,579521.0,574194.0,397888.0,22200000.0,56176000.0,100288000.0,right
211237,-858347.0,10046376.0,10041588.0,393627.0,513473.0,769676.0,22200000.0,56176000.0,100288000.0,right
211247,-1095380.0,12325726.0,9907508.0,-6924.0,382441.0,1310847.0,22200000.0,56176000.0,100288000.0,right
211257,-1345582.0,14320157.0,9469356.0,-550225.0,222647.0,2193445.0,22200000.0,56176000.0,100288000.0,right
211267,-1816057.0,16291842.0,8657697.0,-992323.0,154468.0,3642249.0,22200000.0,56176000.0,100288000.0,right
211277,-2851581.0,18343735.0,8192010.0,-1063698.0,291891.0,5771777.0,22200000.0,56176000.0,100288000.0,right
211287,-4611373.0,19920365.0,8775016.0,-667941.0,568868.0,8475500.0,22200000.0,56176000.0,100288000.0,right
211297,-7391126.0,19882057.0,9761458.0,-62852.0,749968.0,11121165.0,22200000.0,56176000.0,100288000.0,right
211308,-10689239.0,19427145.0,10197216.0,188024.0,738250.0,13575076.0,22200000.0,56176000.0,100288000.0,right
211317,-14348888.0,18049240.0,9737515.0,43677.0,642906.0,15838831.0,22200000.0,56176000.0,100288000.0,right
211327,-17401588.0,14180092.0,7911880.0,50068.0,577390.0,17453288.0,22200000.0,56176000.0,100288000.0,right
211338,-17063995.0,9818920.0,6690800.0,638645.0,642906.0,17453288.0,22200000.0,56176000.0,100288000.0,right
211347,-16381627.0,7134938.0,6373559.0,1601673.0,1054643.0,17453288.0,22220000.0,56220000.0,100278000.0,right
211358,-15536448.0,4504827.0,7516825.0,2666970.0,1711399.0,17453288.0,22220000.0,56220000.0,100278000.0,right
211368,-14856474.0,2850384.0,8941418.0,3266199.0,2352707.0,16105688.0,22220000.0,56220000.0,100278000.0,right
211378,-15213221.0,822433.0,10494106.0,2980700.0,2772434.0,14463533.0,22220000.0,56220000.0,100278000.0,right
211388,-15340118.0,-2737853.0,11267456.0,2128995.0,2958861.0,13099421.0,22220000.0,56220000.0,100278000.0,right
211398,-15518491.0,-7167261.0,11478153.0,1418975.0,2878431.0,12150774.0,22220000.0,56220000.0,100278000.0,right
211408,-15141393.0,-11794197.0,11664906.0,1021619.0,2593997.0,11378434.0,22220000.0,56220000.0,100278000.0,right
211418,-14170514.0,-14475785.0,12336500.0,1189936.0,2219545.0,10489444.0,22220000.0,56220000.0,100278000.0,right
211428,-12868029.0,-15510111.0,12960209.0,1714062.0,1873856.0,8947959.0,22220000.0,56220000.0,100278000.0,right
211438,-11269851.0,-14789434.0,13320547.0,1967603.0,1470109.0,6633070.0,22220000.0,56220000.0,100278000.0,right
211448,-9873988.0,-12342486.0,13304984.0,1789165.0,919883.0,4075292.0,22220000.0,56220000.0,100278000.0,right
211458,-8733117.0,-9391542.0,12530436.0,977409.0,196014.0,1791829.0,22220000.0,56220000.0,100278000.0,right
211468,-7868783.0,-6858399.0,11169291.0,-36752.0,-457544.0,136357.0,22220000.0,56220000.0,100278000.0,right
211478,-6888328.0,-4763409.0,10012856.0,-621600.0,-813886.0,-803766.0,22220000.0,56220000.0,100278000.0,right
211488,-5638516.0,-2946155.0,9469356.0,-736652.0,-849041.0,-1289541.0,22220000.0,56220000.0,100278000.0,right
211498,-4404268.0,-1284528.0,9460976.0,-621600.0,-698302.0,-1566518.0,22220000.0,56220000.0,100278000.0,right
211508,-3404658.0,-369915.0,9707586.0,-442630.0,-535844.0,-1753478.0,22220000.0,56220000.0,100278000.0,right
211528,-1958516.0,682368.0,9972154.0,-266856.0,-459675.0,-1732172.0,22220000.0,56220000.0,100278000.0,right
211538,-1434170.0,723070.0,10045179.0,-217853.0,-489503.0,-1618185.0,22220000.0,56220000.0,100278000.0,right
211548,-925387.0,612934.0,10070319.0,-119313.0,-522528.0,-1482893.0,22220000.0,56220000.0,100278000.0,right
211558,-446532.0,766167.0,10043982.0,-7989.0,-556084.0,-1345469.0,22220000.0,56220000.0,100278000.0,right
211568,0.0,997215.0,10090670.0,59123.0,-563009.0,-1268768.0,22220000.0,56220000.0,100278000.0,right
211578,353155.0,1278542.0,10053559.0,90017.0,-528919.0,-1234146.0,22220000.0,56220000.0,100278000.0,right
211588,567443.0,1461704.0,9966168.0,78299.0,-449555.0,-1209111.0,22220000.0,56220000.0,100278000.0,right
211598,685959.0,1523955.0,10048771.0,3728.0,-333437.0,-1163836.0,22220000.0,56220000.0,100278000.0,right
211608,736239.0,1555081.0,10146936.0,-77234.0,-234897.0,-1093527.0,22220000.0,56220000.0,100278000.0,right
211618,760182.0,1477267.0,10151724.0,-132629.0,-156065.0,-1018956.0,22220000.0,56220000.0,100278000.0,right
211628,800884.0,1523955.0,10111022.0,-141151.0,-91615.0,-933732.0,22220000.0,56220000.0,100278000.0,right
211638,802082.0,1606558.0,10145739.0,-133162.0,-54862.0,-860227.0,22220000.0,56220000.0,100278000.0,right
211648,815250.0,1491633.0,10202004.0,-125705.0,-55928.0,-792580.0,22220000.0,56220000.0,100278000.0,right
211658,775745.0,1344385.0,10205596.0,-86821.0,-72972.0,-680724.0,22220000.0,56220000.0,100278000.0,right
211668,757787.0,1243825.0,10228341.0,-36752.0,-81495.0,-551823.0,22220000.0,56220000.0,100278000.0,right
211678,757787.0,1243825.0,10228341.0,-36752.0,-81495.0,-551823.0,22220000.0,56220000.0,100278000.0,right
211688,772153.0,1109746.0,10333689.0,-10652.0,-98539.0,-439967.0,22220000.0,56220000.0,100278000.0,right
211718,925387.0,583005.0,9964971.0,17044.0,-181100.0,-295087.0,22220000.0,56220000.0,100278000.0,right
211728,968484.0,604554.0,9757866.0,-13316.0,-191753.0,-316925.0,22220000.0,56220000.0,100278000.0,right
211738,963695.0,621314.0,9702798.0,-75636.0,-193351.0,-345688.0,22220000.0,56220000.0,100278000.0,right
211748,975666.0,512374.0,9690826.0,-137955.0,-191220.0,-351547.0,22220000.0,56220000.0,100278000.0,right
211758,1040312.0,483643.0,9563930.0,-160859.0,-182165.0,-331307.0,22220000.0,56220000.0,100278000.0,right
211768,1112140.0,545894.0,9422668.0,-165653.0,-170447.0,-329709.0,22220000.0,56220000.0,100278000.0,right
211778,1092986.0,596174.0,9389148.0,-177904.0,-154468.0,-341427.0,22220000.0,56220000.0,100278000.0,right
211788,1055875.0,598568.0,9432245.0,-181100.0,-145413.0,-325980.0,22220000.0,56220000.0,100278000.0,right
211798,1048692.0,488432.0,9480130.0,-141151.0,-147010.0,-278575.0,22220000.0,56220000.0,100278000.0,right
211808,1042706.0,369915.0,9536396.0,-94278.0,-149141.0,-223712.0,22220000.0,56220000.0,100278000.0,right
211818,1047495.0,260975.0,9597450.0,-75103.0,-167784.0,-195481.0,22220000.0,56220000.0,100278000.0,right
211828,1033129.0,239427.0,9595055.0,-73505.0,-210396.0,-195481.0,22220000.0,56220000.0,100278000.0,right
211838,1036720.0,313649.0,9523227.0,-62319.0,-267389.0,-207200.0,22220000.0,56220000.0,100278000.0,right
211848,1082212.0,372309.0,9344854.0,-29295.0,-310533.0,-214124.0,22220000.0,56220000.0,100278000.0,right
211858,1127703.0,328015.0,9190423.0,-4261.0,-320121.0,-207200.0,22220000.0,56220000.0,100278000.0,right
211868,1192348.0,343578.0,9160495.0,19707.0,-291891.0,-183231.0,22220000.0,56220000.0,100278000.0,right
211878,1236642.0,501600.0,9223943.0,20773.0,-245018.0,-167251.0,22220000.0,56220000.0,100278000.0,right
211888,1253402.0,563851.0,9348445.0,-3195.0,-197612.0,-171512.0,22220000.0,56220000.0,100278000.0,right
211898,1229460.0,533923.0,9493299.0,-35687.0,-172045.0,-163523.0,22220000.0,56220000.0,100278000.0,right
211908,1213897.0,450123.0,9551959.0,-40481.0,-160327.0,-142217.0,22220000.0,56220000.0,100278000.0,right
211918,1217488.0,456109.0,9567521.0,-35687.0,-147010.0,-128368.0,22220000.0,56220000.0,100278000.0,right
211928,1222277.0,542303.0,9589070.0,-36752.0,-136357.0,-132096.0,22220000.0,56220000.0,100278000.0,right
211938,1215094.0,653637.0,9529213.0,-49536.0,-131564.0,-139553.0,22220000.0,56220000.0,100278000.0,right
211948,1187560.0,719479.0,9498087.0,-51134.0,-122509.0,-141684.0,22220000.0,56220000.0,100278000.0,right
211958,1191151.0,732648.0,9541184.0,-49003.0,-89484.0,-123574.0,22220000.0,56220000.0,100278000.0,right
212089,1169603.0,508783.0,9682446.0,-110790.0,15979.0,-45807.0,22220000.0,56220000.0,100278000.0,right
212099,1136083.0,444137.0,9707586.0,-127302.0,38350.0,-36752.0,22220000.0,56220000.0,100278000.0,right
212109,1109746.0,366324.0,9745895.0,-111856.0,43144.0,-24501.0,22220000.0,56220000.0,100278000.0,right
212119,1095380.0,330409.0,9809343.0,-83093.0,21838.0,-16512.0,22220000.0,56220000.0,100278000.0,right
212129,1079817.0,312452.0,9811737.0,-51134.0,-19707.0,-13848.0,22220000.0,56220000.0,100278000.0,right
212139,1082212.0,305270.0,9669278.0,-17044.0,-58058.0,-12783.0,22220000.0,56220000.0,100278000.0,right
212149,1150449.0,331607.0,9539987.0,13316.0,-70309.0,-14381.0,22220000.0,56220000.0,100278000.0,right
212159,1213897.0,409420.0,9441822.0,24501.0,-60721.0,-30360.0,22220000.0,56220000.0,100278000.0,right
212169,1252205.0,506389.0,9411893.0,1597.0,-41013.0,-48471.0,22220000.0,56220000.0,100278000.0,right
212179,1253402.0,593780.0,9396331.0,-37285.0,-18642.0,-50601.0,22220000.0,56220000.0,100278000.0,right
212189,1215094.0,538711.0,9393936.0,-56993.0,11185.0,-38883.0,22220000.0,56220000.0,100278000.0,right
212199,1191151.0,429772.0,9428653.0,-58591.0,31426.0,-17577.0,22220000.0,56220000.0,100278000.0,right
212209,1166011.0,348366.0,9475342.0,-47405.0,34622.0,-3728.0,22220000.0,56220000.0,100278000.0,right
212219,1156434.0,337592.0,9541184.0,-28230.0,23969.0,-15446.0,22220000.0,56220000.0,100278000.0,right
212229,1157631.0,398646.0,9611815.0,-12250.0,-2130.0,-24501.0,22220000.0,56220000.0,100278000.0,right
212239,1163617.0,402238.0,9628575.0,6924.0,-38883.0,-9587.0,22220000.0,56220000.0,100278000.0,right
212249,1177983.0,384281.0,9548367.0,31426.0,-56993.0,9055.0,22220000.0,56220000.0,100278000.0,right
212439,1199531.0,266961.0,9635758.0,53264.0,-66581.0,29295.0,22240000.0,56269000.0,100278000.0,right
212449,1216291.0,298087.0,9568718.0,38350.0,-67646.0,6391.0,22240000.0,56269000.0,100278000.0,right
212459,1251008.0,300481.0,9498087.0,20240.0,-51134.0,3728.0,22240000.0,56269000.0,100278000.0,right
212469,1260585.0,310058.0,9559141.0,6924.0,-20240.0,2663.0,22240000.0,56269000.0,100278000.0,right
212479,1240234.0,276538.0,9563930.0,-17044.0,-1597.0,-6924.0,22240000.0,56269000.0,100278000.0,right
212489,1268965.0,280130.0,9517242.0,-35154.0,7989.0,-17577.0,22240000.0,56269000.0,100278000.0,right
212499,1283331.0,317241.0,9557944.0,-28230.0,21838.0,-33024.0,22240000.0,56269000.0,100278000.0,right
212509,1296499.0,372309.0,9638152.0,-20240.0,25567.0,-37285.0,22240000.0,56269000.0,100278000.0,right
212519,1318048.0,435758.0,9669278.0,-20240.0,22371.0,-28763.0,22240000.0,56269000.0,100278000.0,right
212529,1330019.0,466883.0,9688432.0,-11718.0,13848.0,-19175.0,22240000.0,56269000.0,100278000.0,right
212539,1331216.0,486037.0,9698009.0,2130.0,6924.0,-11185.0,22240000.0,56269000.0,100278000.0,right
212549,1315653.0,458503.0,9665687.0,9055.0,8522.0,-4793.0,22240000.0,56269000.0,100278000.0,right
212559,1294105.0,409420.0,9659701.0,2130.0,11185.0,5326.0,22240000.0,56269000.0,100278000.0,right
212569,1282134.0,353155.0,9640547.0,0.0,12250.0,11185.0,22240000.0,56269000.0,100278000.0,right
212579,1268965.0,354352.0,9665687.0,6391.0,6924.0,11718.0,22240000.0,56269000.0,100278000.0,right
212589,1252205.0,373506.0,9690826.0,9055.0,-2663.0,6924.0,22240000.0,56269000.0,100278000.0,right
212599,1291711.0,396252.0,9702798.0,5326.0,-12250.0,9587.0,22240000.0,56269000.0,100278000.0,right
212620,1345582.0,450123.0,9698009.0,17577.0,-24501.0,15979.0,22240000.0,56269000.0,100278000.0,right
212630,1364736.0,446532.0,9674067.0,20240.0,-18642.0,26099.0,22240000.0,56269000.0,100278000.0,right
212640,1339596.0,451320.0,9672869.0,17577.0,-9055.0,28230.0,22240000.0,56269000.0,100278000.0,right
212650,1296499.0,391463.0,9648927.0,9587.0,-4261.0,30893.0,22240000.0,56269000.0,100278000.0,right
212660,1280936.0,334001.0,9645335.0,532.0,-3195.0,43144.0,22240000.0,56269000.0,100278000.0,right
212670,1280936.0,289707.0,9699206.0,3195.0,-9587.0,43144.0,22240000.0,56269000.0,100278000.0,right
212680,1254599.0,349564.0,9749486.0,11185.0,-26632.0,29295.0,22240000.0,56269000.0,100278000.0,right
212690,1237840.0,409420.0,9707586.0,19175.0,-53264.0,24501.0,22240000.0,56269000.0,100278000.0,right
212700,1254599.0,389069.0,9562733.0,31426.0,-67646.0,41546.0,22240000.0,56269000.0,100278000.0,right
212710,1267768.0,334001.0,9502876.0,46340.0,-53797.0,57526.0,22240000.0,56269000.0,100278000.0,right
212720,1279739.0,322029.0,9525622.0,36752.0,-20240.0,46873.0,22240000.0,56269000.0,100278000.0,right
212730,1298894.0,393858.0,9559141.0,-4793.0,6924.0,14914.0,22240000.0,56269000.0,100278000.0,right
212740,1298894.0,393858.0,9559141.0,-4793.0,6924.0,14914.0,22240000.0,56269000.0,100278000.0,right
212750,1304879.0,444137.0,9591464.0,-44742.0,18110.0,-2663.0,22240000.0,56269000.0,100278000.0,right
212760,1306076.0,452517.0,9624984.0,-47938.0,24501.0,4261.0,22240000.0,56269000.0,100278000.0,right
212770,1294105.0,442940.0,9681249.0,-32491.0,23969.0,12250.0,22240000.0,56269000.0,100278000.0,right
212780,1278542.0,484840.0,9687235.0,-14381.0,19707.0,20240.0,22240000.0,56269000.0,100278000.0,right
212790,1255797.0,554274.0,9598647.0,3728.0,19175.0,24501.0,22240000.0,56269000.0,100278000.0,right
212850,1096577.0,276538.0,9804555.0,-17577.0,32491.0,19175.0,22240000.0,56269000.0,100278000.0,right
212860,1132491.0,339987.0,9811737.0,-5326.0,14914.0,9055.0,22240000.0,56269000.0,100278000.0,right
212870,1180377.0,399843.0,9767443.0,-4793.0,-2130.0,532.0,22240000.0,56269000.0,100278000.0,right
212880,1229460.0,448926.0,9672869.0,-6391.0,-19175.0,3195.0,22240000.0,56269000.0,100278000.0,right
212890,1255797.0,464489.0,9563930.0,1065.0,-24501.0,10652.0,22240000.0,56269000.0,100278000.0,right
212900,1261782.0,424983.0,9487313.0,14914.0,-15979.0,25034.0,22240000.0,56269000.0,100278000.0,right
212910,1285725.0,403435.0,9493299.0,26632.0,9587.0,33024.0,22240000.0,56269000.0,100278000.0,right
212920,1301288.0,450123.0,9581887.0,22371.0,38350.0,27697.0,22240000.0,56269000.0,100278000.0,right
212930,1268965.0,476460.0,9686038.0,-2130.0,53797.0,21838.0,22240000.0,56269000.0,100278000.0,right
212940,1199531.0,432166.0,9767443.0,-25567.0,55928.0,25034.0,22240000.0,56269000.0,100278000.0,right
212950,1161223.0,339987.0,9785400.0,-27697.0,58058.0,30360.0,22240000.0,56269000.0,100278000.0,right
212960,1185165.0,337592.0,9787795.0,-10120.0,61254.0,27165.0,22240000.0,56269000.0,100278000.0,right
212970,1161223.0,366324.0,9788992.0,-532.0,54330.0,13848.0,22240000.0,56269000.0,100278000.0,right
212980,1157631.0,373506.0,9737515.0,-4793.0,37818.0,10120.0,22240000.0,56269000.0,100278000.0,right
212990,1187560.0,409420.0,9723149.0,-1597.0,25567.0,14914.0,22240000.0,56269000.0,100278000.0,right
213000,1180377.0,420195.0,9665687.0,4261.0,18110.0,18110.0,22240000.0,56269000.0,100278000.0,right
213010,1180377.0,391463.0,9609421.0,4793.0,18110.0,20240.0,22240000.0,56269000.0,100278000.0,right
213020,1179180.0,379492.0,9602238.0,-532.0,27165.0,26632.0,22240000.0,56269000.0,100278000.0,right
213030,1188757.0,404632.0,9621392.0,-2130.0,43144.0,26632.0,22240000.0,56269000.0,100278000.0,right
213040,1185165.0,413012.0,9599844.0,-7989.0,55395.0,25034.0,22240000.0,56269000.0,100278000.0,right
213050,1174391.0,434560.0,9598647.0,-24501.0,67646.0,25034.0,22240000.0,56269000.0,100278000.0,right
213061,1175588.0,284918.0,9593858.0,-43677.0,72972.0,12250.0,22240000.0,56269000.0,100278000.0,right
213070,1173194.0,275341.0,9603435.0,-15446.0,84691.0,22903.0,22240000.0,56269000.0,100278000.0,right
213080,1175588.0,336395.0,9633364.0,-14381.0,83625.0,36220.0,22240000.0,56269000.0,100278000.0,right
213090,1192348.0,354352.0,9653715.0,-10120.0,74570.0,23969.0,22240000.0,56269000.0,100278000.0,right
213100,1185165.0,379492.0,9627378.0,-3195.0,67113.0,7989.0,22240000.0,56269000.0,100278000.0,right
213110,1174391.0,430969.0,9554353.0,-4793.0,66581.0,4261.0,22240000.0,56269000.0,100278000.0,right
213120,1183968.0,429772.0,9511256.0,-2130.0,81495.0,16512.0,22240000.0,56269000.0,100278000.0,right
213130,1197137.0,438152.0,9531607.0,8522.0,109725.0,38350.0,22240000.0,56269000.0,100278000.0,right
213140,1215094.0,472869.0,9584281.0,10120.0,137955.0,51666.0,22240000.0,56269000.0,100278000.0,right
213150,1246219.0,509980.0,9613013.0,-8522.0,150739.0,48471.0,22240000.0,56269000.0,100278000.0,right
213160,1245022.0,480052.0,9620195.0,-21305.0,156065.0,38883.0,22240000.0,56269000.0,100278000.0,right
213170,1252205.0,577020.0,9565127.0,-13848.0,163523.0,64983.0,22240000.0,56269000.0,100278000.0,right
213180,1245022.0,688353.0,9409499.0,-23436.0,184828.0,114519.0,22240000.0,56269000.0,100278000.0,right
213190,1290514.0,829616.0,9336474.0,-54862.0,231702.0,188557.0,22240000.0,56269000.0,100278000.0,right
213200,1309668.0,919401.0,9342459.0,-118247.0,274313.0,290293.0,22240000.0,56269000.0,100278000.0,right
213210,1279739.0,847573.0,9362811.0,-150206.0,321186.0,385637.0,22240000.0,56269000.0,100278000.0,right
213220,1189954.0,703916.0,9434639.0,-141684.0,379778.0,479916.0,22240000.0,56269000.0,100278000.0,right
213230,1039115.0,560260.0,9598647.0,-98007.0,431977.0,599229.0,22240000.0,56269000.0,100278000.0,right
213241,873910.0,471672.0,9647730.0,-4793.0,496960.0,734522.0,22240000.0,56269000.0,100278000.0,right
213250,533923.0,452517.0,9674067.0,80962.0,617872.0,841051.0,22240000.0,56269000.0,100278000.0,right
213261,-47885.0,586597.0,9839271.0,69244.0,801103.0,932134.0,22240000.0,56269000.0,100278000.0,right
213271,-1055875.0,918204.0,10054756.0,47938.0,1072753.0,977942.0,22240000.0,56269000.0,100278000.0,right
213281,-2585816.0,1523955.0,10497697.0,-5326.0,1445607.0,955571.0,22240000.0,56269000.0,100278000.0,right
213291,-4805309.0,2147664.0,11280625.0,-111323.0,1865334.0,830398.0,22240000.0,56269000.0,100278000.0,right
213301,-7533585.0,2407443.0,12176084.0,-332905.0,2109287.0,674865.0,22240000.0,56269000.0,100278000.0,right
213311,-11470970.0,1313259.0,13366038.0,-636514.0,1801416.0,695106.0,22240000.0,56269000.0,100278000.0,right
213321,-17631439.0,-4283357.0,15337723.0,-874075.0,725999.0,1144661.0,22240000.0,56269000.0,100278000.0,right
213331,-23738036.0,-18315004.0,17637424.0,-923612.0,-970485.0,2126864.0,22240000.0,56269000.0,100278000.0,right
213341,-26040131.0,-38997946.0,20260352.0,-200275.0,-3033965.0,1830712.0,22240000.0,56269000.0,100278000.0,right
213351,-26066468.0,-39227797.0,20612311.0,992323.0,-5338734.0,-2509306.0,22260000.0,56296000.0,100278000.0,right
213361,-32746495.0,-38896190.0,15585531.0,-197079.0,-7606751.0,-11835446.0,22260000.0,56296000.0,100278000.0,right
213371,-39227797.0,-33476749.0,7320494.0,-3898986.0,-8753543.0,-17453821.0,22260000.0,56296000.0,100278000.0,right
213381,-39227797.0,-8330878.0,1607755.0,-7379310.0,-7735119.0,-17453821.0,22260000.0,56296000.0,100278000.0,right
213391,-39093717.0,10482134.0,353155.0,-9465161.0,-4822598.0,-17453821.0,22260000.0,56296000.0,100278000.0,right
213401,-39227797.0,18948290.0,3731477.0,-9717104.0,-960364.0,-17453821.0,22260000.0,56296000.0,100278000.0,right
213411,-39227797.0,26612363.0,12429877.0,-8198523.0,2695200.0,-17453821.0,22260000.0,56296000.0,100278000.0,right
213421,-37985168.0,36498323.0,21485024.0,-6092431.0,4472648.0,-17453821.0,22260000.0,56296000.0,100278000.0,right
213431,-22430762.0,39226600.0,25569656.0,-4458799.0,4106186.0,-17453821.0,22260000.0,56296000.0,100278000.0,right
213441,-8867196.0,39212234.0,25671413.0,-3691785.0,3443039.0,-17453821.0,22260000.0,56296000.0,100278000.0,right
213451,-9960182.0,39148786.0,25873729.0,-1964407.0,2467227.0,-13898393.0,22260000.0,56296000.0,100278000.0,right
213461,-11648146.0,38315578.0,24621524.0,1009901.0,1352926.0,-6746524.0,22260000.0,56296000.0,100278000.0,right
213471,-11962993.0,30485102.0,20365700.0,3208673.0,295619.0,-676996.0,22260000.0,56296000.0,100278000.0,right
213481,-10429460.0,18923150.0,15572362.0,3110666.0,-486307.0,1731639.0,22260000.0,56296000.0,100278000.0,right
213491,-7512036.0,13770671.0,11989330.0,2059751.0,-559813.0,2281332.0,22260000.0,56296000.0,100278000.0,right
213501,-5132127.0,13197242.0,10574314.0,1373700.0,-142749.0,2172140.0,22260000.0,56296000.0,100278000.0,right
213511,-3335224.0,11498504.0,10757476.0,672202.0,122509.0,2330336.0,22260000.0,56296000.0,100278000.0,right
213521,-1702329.0,7655693.0,10964581.0,85223.0,64983.0,2957796.0,22260000.0,56296000.0,100278000.0,right
213531,-325621.0,3439375.0,10551568.0,-402682.0,-185361.0,3388176.0,22260000.0,56296000.0,100278000.0,right
213541,651242.0,-690748.0,9890748.0,-1094059.0,-512940.0,3333846.0,22260000.0,56296000.0,100278000.0,right
213551,1643669.0,-4604190.0,9486116.0,-1302857.0,-653559.0,2689341.0,22260000.0,56296000.0,100278000.0,right
213561,2399063.0,-5599011.0,9298165.0,-502820.0,-458610.0,1790763.0,22260000.0,56296000.0,100278000.0,right
213571,2877918.0,-3936187.0,9061132.0,408008.0,-179502.0,1254386.0,22260000.0,56296000.0,100278000.0,right
213581,3423812.0,-2547508.0,8843253.0,760621.0,-19175.0,1044523.0,22260000.0,56296000.0,100278000.0,right
213591,3577046.0,-1549095.0,8674457.0,886859.0,95344.0,995519.0,22260000.0,56296000.0,100278000.0,right
213601,3492049.0,-879895.0,8557137.0,1031207.0,246083.0,967822.0,22260000.0,56296000.0,100278000.0,right
213611,3257410.0,-7182.0,8437424.0,1247995.0,423455.0,943852.0,22260000.0,56296000.0,100278000.0,right
213621,2882706.0,1223474.0,8415875.0,1404593.0,568335.0,953440.0,22260000.0,56296000.0,100278000.0,right
213631,2342797.0,2509199.0,8655303.0,1444009.0,654092.0,952907.0,22260000.0,56296000.0,100278000.0,right
213641,1875914.0,3496838.0,9061132.0,1350263.0,674332.0,836257.0,22260000.0,56296000.0,100278000.0,right
213651,1407833.0,4472505.0,9201197.0,1106310.0,607751.0,801103.0,22260000.0,56296000.0,100278000.0,right
213661,992426.0,5758230.0,9073104.0,866618.0,541170.0,988062.0,22260000.0,56296000.0,100278000.0,right
213671,679974.0,7569499.0,9179649.0,739848.0,521995.0,1284215.0,22260000.0,56296000.0,100278000.0,right
213681,337592.0,9547170.0,9265843.0,553954.0,500689.0,1791829.0,22260000.0,56296000.0,100278000.0,right
213691,-257384.0,11093871.0,8972544.0,81495.0,425586.0,2709049.0,22260000.0,56296000.0,100278000.0,right
213701,-842784.0,12014470.0,8480521.0,-444761.0,408541.0,4153059.0,22260000.0,56296000.0,100278000.0,right
213711,-1881899.0,12544802.0,8164476.0,-468197.0,593902.0,6123325.0,22260000.0,56296000.0,100278000.0,right
213721,-3476486.0,12617827.0,8261444.0,-10120.0,924677.0,8340740.0,22260000.0,56296000.0,100278000.0,right
213731,-5704359.0,13240339.0,8570306.0,520930.0,1229352.0,10586918.0,22260000.0,56296000.0,100278000.0,right
213741,-8587066.0,12947040.0,8486506.0,647167.0,1331088.0,12505518.0,22260000.0,56296000.0,100278000.0,right
213751,-10134964.0,11154925.0,8315316.0,577923.0,1200056.0,13999596.0,22260000.0,56296000.0,100278000.0,right
213761,-11193234.0,10361223.0,8174053.0,558748.0,1108441.0,15160237.0,22260000.0,56296000.0,100278000.0,right
213771,-11873208.0,8648120.0,8211165.0,909230.0,1154781.0,15667318.0,22260000.0,56296000.0,100278000.0,right
213781,-11880391.0,6106597.0,7852023.0,1795557.0,1472240.0,15404723.0,22260000.0,56296000.0,100278000.0,right
213791,-11708003.0,4476096.0,7735901.0,2631282.0,2018204.0,14590836.0,22260000.0,56296000.0,100278000.0,right
213801,-11708003.0,4476096.0,7735901.0,2631282.0,2018204.0,14590836.0,22260000.0,56296000.0,100278000.0,right
213811,-11553572.0,2282940.0,8406298.0,3029171.0,2599324.0,13445109.0,22260000.0,56296000.0,100278000.0,right
213821,-11584698.0,-469277.0,9846454.0,3019050.0,3137831.0,12323885.0,22260000.0,56296000.0,100278000.0,right
213831,-11742720.0,-3768588.0,11226754.0,2523155.0,3455289.0,11480170.0,22260000.0,56296000.0,100278000.0,right
213841,-11456604.0,-7043956.0,12174886.0,1942035.0,3360478.0,10853775.0,22260000.0,56296000.0,100278000.0,right
213851,-11602655.0,-10002082.0,12956617.0,1603804.0,3026507.0,10117655.0,22260000.0,56296000.0,100278000.0,right
213862,-10816136.0,-12279037.0,13919116.0,1581965.0,2710114.0,9105091.0,22260000.0,56296000.0,100278000.0,right
213872,-9730332.0,-12881198.0,14992948.0,1844561.0,2357501.0,7717009.0,22260000.0,56296000.0,100278000.0,right
213882,-8662485.0,-12413117.0,15492154.0,1798753.0,1808341.0,5759526.0,22260000.0,56296000.0,100278000.0,right
213892,-7841249.0,-10783813.0,15359272.0,1307119.0,1016293.0,3592180.0,22260000.0,56296000.0,100278000.0,right
213902,-6859597.0,-8753468.0,14480573.0,543833.0,96942.0,1545212.0,22260000.0,56296000.0,100278000.0,right
213912,-6012023.0,-6454964.0,13039220.0,-265258.0,-756893.0,-69776.0,22260000.0,56296000.0,100278000.0,right
213922,-5095016.0,-4370748.0,11571529.0,-772340.0,-1371036.0,-1097788.0,22260000.0,56296000.0,100278000.0,right
213932,-4095406.0,-2488848.0,10255875.0,-983268.0,-1678374.0,-1714595.0,22260000.0,56296000.0,100278000.0,right
213942,-3221496.0,-687156.0,9416682.0,-920416.0,-1625110.0,-2084785.0,22260000.0,56296000.0,100278000.0,right
213952,-2377514.0,620117.0,9231126.0,-891120.0,-1412050.0,-2233394.0,22260000.0,56296000.0,100278000.0,right
213962,-1692752.0,1300091.0,9209577.0,-912426.0,-1177685.0,-2154029.0,22260000.0,56296000.0,100278000.0,right
213972,-1168406.0,1503604.0,9238309.0,-851172.0,-949179.0,-1908479.0,22260000.0,56296000.0,100278000.0,right
213982,-648848.0,1569447.0,9369994.0,-663679.0,-744109.0,-1576639.0,22260000.0,56296000.0,100278000.0,right
213992,-146050.0,1517970.0,9544776.0,-419726.0,-588043.0,-1251723.0,22260000.0,56296000.0,100278000.0,right
214002,332804.0,1452127.0,9651321.0,-170447.0,-502820.0,-988595.0,22260000.0,56296000.0,100278000.0,right
214012,774547.0,1497618.0,9693221.0,18110.0,-475654.0,-841584.0,22260000.0,56296000.0,100278000.0,right
214022,1137280.0,1644866.0,9650124.0,110790.0,-463404.0,-780329.0,22260000.0,56296000.0,100278000.0,right
214032,1377905.0,1686766.0,9586676.0,132096.0,-431977.0,-740381.0,22260000.0,56296000.0,100278000.0,right
214042,1543110.0,1692752.0,9482525.0,61254.0,-369125.0,-714281.0,22260000.0,56296000.0,100278000.0,right
214052,1618529.0,1698737.0,9451399.0,-44209.0,-266856.0,-707889.0,22260000.0,56296000.0,100278000.0,right
214062,1644866.0,1887885.0,9500482.0,-134227.0,-165120.0,-703628.0,22260000.0,56296000.0,100278000.0,right
214072,1616135.0,2147664.0,9504073.0,-227440.0,-90017.0,-682855.0,22260000.0,56296000.0,100278000.0,right
214082,1504801.0,2177592.0,9409499.0,-316925.0,-43677.0,-603490.0,22260000.0,56296000.0,100278000.0,right
214092,1411424.0,2062667.0,9390345.0,-319589.0,2130.0,-474057.0,22260000.0,56296000.0,100278000.0,right
214102,1295302.0,1893871.0,9466962.0,-222114.0,48471.0,-345688.0,22260000.0,56296000.0,100278000.0,right
214132,1091789.0,1277345.0,9785400.0,-1065.0,91082.0,-68711.0,22260000.0,56296000.0,100278000.0,right
214142,1067846.0,1195940.0,9786597.0,4261.0,98539.0,-45807.0,22260000.0,56296000.0,100278000.0,right
214152,1023552.0,1049889.0,9759063.0,-28763.0,105997.0,-45807.0,22260000.0,56296000.0,100278000.0,right
214162,954118.0,846376.0,9695615.0,-87354.0,102268.0,-45807.0,22260000.0,56296000.0,100278000.0,right
214172,889473.0,784124.0,9694418.0,-115584.0,94811.0,-44742.0,22260000.0,56296000.0,100278000.0,right
214182,864333.0,724268.0,9870397.0,-120911.0,69244.0,-64450.0,22260000.0,56296000.0,100278000.0,right
214192,788913.0,726662.0,10034405.0,-132629.0,3728.0,-76168.0,22260000.0,56296000.0,100278000.0,right
214202,799687.0,752999.0,9957788.0,-101203.0,-73505.0,-75636.0,22260000.0,56296000.0,100278000.0,right
214212,855953.0,787716.0,9759063.0,-51666.0,-123041.0,-70842.0,22260000.0,56296000.0,100278000.0,right
214222,913415.0,852361.0,9579493.0,-25034.0,-134760.0,-68178.0,22260000.0,56296000.0,100278000.0,right
214232,958907.0,906232.0,9476539.0,-19175.0,-119313.0,-63917.0,22260000.0,56296000.0,100278000.0,right
214242,988835.0,867924.0,9464567.0,-31426.0,-95876.0,-56460.0,22260000.0,56296000.0,100278000.0,right
214252,988835.0,750605.0,9524424.0,-46873.0,-79897.0,-47938.0,22260000.0,56296000.0,100278000.0,right
214363,1126506.0,926584.0,9684841.0,10652.0,-60721.0,-14381.0,22280000.0,56339000.0,100268000.0,right
214372,1112140.0,964892.0,9528016.0,-11185.0,-75103.0,-18110.0,22280000.0,56339000.0,100268000.0,right
214382,1090592.0,927781.0,9457385.0,-27697.0,-64450.0,6924.0,22280000.0,56339000.0,100268000.0,right
214392,1094183.0,879895.0,9462173.0,-9587.0,-30360.0,27697.0,22280000.0,56339000.0,100268000.0,right
214422,975666.0,837996.0,9659701.0,-32491.0,61254.0,1597.0,22280000.0,56339000.0,100268000.0,right
214432,976864.0,837996.0,9657307.0,-42079.0,70309.0,-8522.0,22280000.0,56339000.0,100268000.0,right
214442,957709.0,893064.0,9719558.0,-43677.0,68711.0,-20773.0,22280000.0,56339000.0,100268000.0,right
214452,933767.0,992426.0,9790189.0,-56460.0,49003.0,-19175.0,22280000.0,56339000.0,100268000.0,right
214462,884684.0,997215.0,9781809.0,-61254.0,18642.0,-10652.0,22280000.0,56339000.0,100268000.0,right
214472,832010.0,930175.0,9762655.0,-43144.0,0.0,14381.0,22280000.0,56339000.0,100268000.0,right
214482,754196.0,889473.0,9755472.0,-13316.0,-8522.0,32491.0,22280000.0,56339000.0,100268000.0,right
214492,742225.0,817644.0,9744698.0,3728.0,-21838.0,36752.0,22280000.0,56339000.0,100268000.0,right
214503,714691.0,756590.0,9675264.0,9055.0,-40481.0,37818.0,22280000.0,56339000.0,100268000.0,right
214513,754196.0,696733.0,9583084.0,18110.0,-53797.0,33556.0,22280000.0,56339000.0,100268000.0,right
214523,847573.0,678776.0,9561536.0,17577.0,-47405.0,14914.0,22280000.0,56339000.0,100268000.0,right
214533,897853.0,802082.0,9590267.0,-2663.0,-31958.0,-17577.0,22280000.0,56339000.0,100268000.0,right
214543,940949.0,906232.0,9632167.0,-25567.0,-25034.0,-42079.0,22280000.0,56339000.0,100268000.0,right
214553,939752.0,951724.0,9611815.0,-40481.0,-22371.0,-36752.0,22280000.0,56339000.0,100268000.0,right
214563,925387.0,900247.0,9575901.0,-35154.0,-19175.0,-22903.0,22280000.0,56339000.0,100268000.0,right
214573,924190.0,826024.0,9568718.0,-15979.0,-11185.0,-4261.0,22280000.0,56339000.0,100268000.0,right
214583,926584.0,815250.0,9532804.0,-1597.0,-7457.0,2130.0,22280000.0,56339000.0,100268000.0,right
214593,907430.0,806870.0,9484919.0,5326.0,-5326.0,-3728.0,22280000.0,56339000.0,100268000.0,right
214603,905035.0,827221.0,9529213.0,6391.0,2663.0,1065.0,22280000.0,56339000.0,100268000.0,right
214613,937358.0,839193.0,9663292.0,-2663.0,9587.0,7989.0,22280000.0,56339000.0,100268000.0,right
214623,931372.0,832010.0,9733923.0,-13848.0,10652.0,5859.0,22280000.0,56339000.0,100268000.0,right
214633,902641.0,797293.0,9709981.0,-19175.0,7457.0,-2130.0,22280000.0,56339000.0,100268000.0,right
214643,911021.0,757787.0,9653715.0,-17044.0,6391.0,-3195.0,22280000.0,56339000.0,100268000.0,right
214653,921795.0,731450.0,9603435.0,-5326.0,5859.0,-7457.0,22280000.0,56339000.0,100268000.0,right
214683,969681.0,851164.0,9687235.0,1597.0,8522.0,-19707.0,22280000.0,56339000.0,100268000.0,right
214693,936161.0,853558.0,9686038.0,-1065.0,-4261.0,-14381.0,22280000.0,56339000.0,100268000.0,right
214703,952921.0,815250.0,9629772.0,6924.0,-9055.0,-1597.0,22280000.0,56339000.0,100268000.0,right
214713,949329.0,768562.0,9587873.0,22903.0,1597.0,3195.0,22280000.0,56339000.0,100268000.0,right
214723,919401.0,726662.0,9569916.0,27165.0,20240.0,-2130.0,22280000.0,56339000.0,100268000.0,right
214733,951724.0,714691.0,9601041.0,19175.0,43144.0,-12783.0,22280000.0,56339000.0,100268000.0,right
214743,992426.0,787716.0,9730332.0,-2130.0,65515.0,-35154.0,22280000.0,56339000.0,100268000.0,right
214753,976864.0,907430.0,9899128.0,-40481.0,65515.0,-61787.0,22280000.0,56339000.0,100268000.0,right
214763,961301.0,1010383.0,9893143.0,-70309.0,35154.0,-58058.0,22280000.0,56339000.0,100268000.0,right
214773,952921.0,945738.0,9815329.0,-58058.0,532.0,-29295.0,22280000.0,56339000.0,100268000.0,right
214783,951724.0,891867.0,9750683.0,-19707.0,-26099.0,3728.0,22280000.0,56339000.0,100268000.0,right
214793,961301.0,834404.0,9676461.0,21838.0,-49003.0,18110.0,22280000.0,56339000.0,100268000.0,right
214803,963695.0,824827.0,9567521.0,45807.0,-58591.0,22903.0,22280000.0,56339000.0,100268000.0,right
214813,982849.0,803279.0,9492102.0,46340.0,-46873.0,26632.0,22280000.0,56339000.0,100268000.0,right
214823,982849.0,775745.0,9511256.0,30360.0,-19707.0,19175.0,22280000.0,56339000.0,100268000.0,right
214833,950527.0,741028.0,9602238.0,-9055.0,3728.0,2130.0,22280000.0,56339000.0,100268000.0,right
214843,913415.0,721873.0,9690826.0,-51666.0,17577.0,-9055.0,22280000.0,56339000.0,100268000.0,right
214853,924190.0,738633.0,9699206.0,-62319.0,22371.0,-23436.0,22280000.0,56339000.0,100268000.0,right
214863,924190.0,738633.0,9699206.0,-62319.0,22371.0,-23436.0,22280000.0,56339000.0,100268000.0,right
214943,1010383.0,720676.0,9565127.0,6391.0,-13316.0,1597.0,22280000.0,56339000.0,100268000.0,right
214953,1018763.0,733845.0,9567521.0,-2663.0,7989.0,-21305.0,22280000.0,56339000.0,100268000.0,right
214963,1023552.0,814053.0,9654912.0,-21838.0,27697.0,-35154.0,22280000.0,56339000.0,100268000.0,right
214973,991229.0,895458.0,9707586.0,-42079.0,37818.0,-39948.0,22280000.0,56339000.0,100268000.0,right
214983,955315.0,896655.0,9690826.0,-54862.0,35154.0,-28763.0,22280000.0,56339000.0,100268000.0,right
214993,912218.0,830813.0,9668081.0,-44742.0,25034.0,-5859.0,22280000.0,56339000.0,100268000.0,right
215003,876304.0,732648.0,9670475.0,-19707.0,12783.0,13848.0,22280000.0,56339000.0,100268000.0,right
215013,839193.0,660819.0,9662095.0,3728.0,-532.0,22371.0,22280000.0,56339000.0,100268000.0,right
215023,812856.0,664411.0,9665687.0,15446.0,-12250.0,13316.0,22280000.0,56339000.0,100268000.0,right
215033,802082.0,657228.0,9634561.0,20773.0,-16512.0,0.0,22280000.0,56339000.0,100268000.0,right
215043,835601.0,633285.0,9633364.0,18642.0,-6924.0,-6391.0,22280000.0,56339000.0,100268000.0,right
215053,875107.0,684762.0,9672869.0,6391.0,9587.0,-22371.0,22280000.0,56339000.0,100268000.0,right
215064,882290.0,725465.0,9744698.0,-14914.0,13316.0,-51134.0,22280000.0,56339000.0,100268000.0,right
215073,909824.0,787716.0,9796175.0,-43677.0,6391.0,-58591.0,22280000.0,56339000.0,100268000.0,right
215083,960104.0,849967.0,9816526.0,-45807.0,-14914.0,-51134.0,22280000.0,56339000.0,100268000.0,right
215093,974469.0,890670.0,9804555.0,-22903.0,-39948.0,-43144.0,22280000.0,56339000.0,100268000.0,right
215103,1021158.0,914612.0,9737515.0,-8522.0,-56993.0,-27165.0,22280000.0,56339000.0,100268000.0,right
215114,1030735.0,897853.0,9602238.0,-3195.0,-62852.0,-5859.0,22280000.0,56339000.0,100268000.0,right
215124,1039115.0,817644.0,9520833.0,4261.0,-49536.0,6924.0,22280000.0,56339000.0,100268000.0,right
215134,1015172.0,810461.0,9549564.0,4261.0,-20773.0,21838.0,22280000.0,56339000.0,100268000.0,right
215144,1030735.0,755393.0,9618998.0,4261.0,12783.0,18110.0,22280000.0,56339000.0,100268000.0,right
215154,996018.0,644059.0,9672869.0,-28230.0,28230.0,-6391.0,22280000.0,56339000.0,100268000.0,right
215164,937358.0,621314.0,9727938.0,-55928.0,27697.0,-29828.0,22280000.0,56339000.0,100268000.0,right
215174,893064.0,621314.0,9766246.0,-51666.0,15446.0,-42611.0,22280000.0,56339000.0,100268000.0,right
215184,881093.0,681171.0,9774626.0,-31426.0,-7457.0,-44742.0,22280000.0,56339000.0,100268000.0,right
215194,909824.0,820039.0,9800963.0,-18642.0,-33556.0,-47938.0,22280000.0,56339000.0,100268000.0,right
215204,927781.0,938555.0,9743501.0,-21305.0,-63385.0,-46340.0,22280000.0,56339000.0,100268000.0,right
215214,932570.0,978061.0,9603435.0,-15979.0,-80962.0,-15979.0,22280000.0,56339000.0,100268000.0,right
215224,933767.0,869121.0,9536396.0,1065.0,-74038.0,21838.0,22280000.0,56339000.0,100268000.0,right
215234,955315.0,705113.0,9447808.0,13316.0,-60721.0,46873.0,22280000.0,56339000.0,100268000.0,right
215244,988835.0,584203.0,9413091.0,13848.0,-37285.0,42611.0,22280000.0,56339000.0,100268000.0,right
215254,999609.0,545894.0,9474145.0,5859.0,-7457.0,15446.0,22280000.0,56339000.0,100268000.0,right
215264,1005595.0,560260.0,9592661.0,-9055.0,6391.0,-17577.0,22280000.0,56339000.0,100268000.0,right
215274,1005595.0,645257.0,9656109.0,-26099.0,2663.0,-38350.0,22280000.0,56339000.0,100268000.0,right
215284,1004398.0,725465.0,9610618.0,-32491.0,-6924.0,-51666.0,22280000.0,56339000.0,100268000.0,right
215294,998412.0,794899.0,9584281.0,-26632.0,-17044.0,-42611.0,22280000.0,56339000.0,100268000.0,right
215304,999609.0,816447.0,9583084.0,-8522.0,-21305.0,-16512.0,22280000.0,56339000.0,100268000.0,right
215314,1018763.0,785322.0,9597450.0,23436.0,-17577.0,5326.0,22280000.0,56339000.0,100268000.0,right
215324,1072635.0,755393.0,9644138.0,43144.0,-3728.0,15979.0,22280000.0,56339000.0,100268000.0,right
215334,1104957.0,762576.0,9678855.0,37818.0,9055.0,9587.0,22280000.0,56339000.0,100268000.0,right
215344,1081015.0,726662.0,9675264.0,19175.0,22903.0,-1597.0,22280000.0,56339000.0,100268000.0,right
215354,1047495.0,694339.0,9680052.0,3728.0,38883.0,-10120.0,22290000.0,56375000.0,100278000.0,right
215364,1029538.0,737436.0,9742303.0,-9055.0,52199.0,-18110.0,22290000.0,56375000.0,100278000.0,right
215374,1007989.0,798490.0,9857229.0,-23436.0,51666.0,-30893.0,22290000.0,56375000.0,100278000.0,right
215384,970878.0,890670.0,9901523.0,-33024.0,33556.0,-25034.0,22290000.0,56375000.0,100278000.0,right
215394,960104.0,900247.0,9850046.0,-21305.0,7457.0,532.0,22290000.0,56375000.0,100278000.0,right
215404,963695.0,859544.0,9800963.0,9587.0,-12250.0,30360.0,22290000.0,56375000.0,100278000.0,right
215414,960104.0,804476.0,9711178.0,33024.0,-28763.0,47405.0,22290000.0,56375000.0,100278000.0,right
215424,960104.0,736239.0,9581887.0,39948.0,-35687.0,52199.0,22290000.0,56375000.0,100278000.0,right
215434,978061.0,651242.0,9471750.0,40481.0,-22371.0,53797.0,22290000.0,56375000.0,100278000.0,right
215444,985244.0,584203.0,9446610.0,38350.0,9587.0,43677.0,22290000.0,56375000.0,100278000.0,right
215464,966089.0,615328.0,9608224.0,-14381.0,75103.0,-6391.0,22290000.0,56375000.0,100278000.0,right
215474,961301.0,652439.0,9739909.0,-38350.0,81495.0,-21838.0,22290000.0,56375000.0,100278000.0,right
215484,957709.0,707508.0,9833286.0,-37285.0,64983.0,-21305.0,22290000.0,56375000.0,100278000.0,right
215494,961301.0,727859.0,9859623.0,-18110.0,37285.0,-11718.0,22290000.0,56375000.0,100278000.0,right
215504,945738.0,748210.0,9812934.0,3728.0,5326.0,2663.0,22290000.0,56375000.0,100278000.0,right
215514,968484.0,767365.0,9706389.0,35687.0,-15446.0,18110.0,22290000.0,56375000.0,100278000.0,right
215524,999609.0,761379.0,9583084.0,59123.0,-11185.0,36220.0,22290000.0,56375000.0,100278000.0,right
215534,991229.0,705113.0,9561536.0,51666.0,16512.0,42611.0,22290000.0,56375000.0,100278000.0,right
215544,993624.0,659622.0,9609421.0,18642.0,51134.0,29295.0,22290000.0,56375000.0,100278000.0,right
215554,981652.0,650045.0,9666884.0,-11718.0,77234.0,12250.0,22290000.0,56375000.0,100278000.0,right
215564,986441.0,650045.0,9821314.0,-28763.0,86821.0,532.0,22290000.0,56375000.0,100278000.0,right
215574,1013975.0,714691.0,9923071.0,-37818.0,72972.0,-4793.0,22290000.0,56375000.0,100278000.0,right
215584,974469.0,769759.0,9845257.0,-33556.0,35687.0,-10652.0,22290000.0,56375000.0,100278000.0,right
215594,944541.0,787716.0,9692024.0,-11185.0,1065.0,2663.0,22290000.0,56375000.0,100278000.0,right
215604,926584.0,796096.0,9550761.0,21838.0,-10652.0,19175.0,22290000.0,56375000.0,100278000.0,right
215614,914612.0,824827.0,9487313.0,37818.0,1065.0,20773.0,22290000.0,56375000.0,100278000.0,right
215624,906232.0,802082.0,9466962.0,24501.0,21305.0,29828.0,22290000.0,56375000.0,100278000.0,right
215634,914612.0,768562.0,9500482.0,3728.0,49003.0,39415.0,22290000.0,56375000.0,100278000.0,right
215644,903838.0,694339.0,9621392.0,-6924.0,76701.0,29828.0,22290000.0,56375000.0,100278000.0,right
215654,872713.0,662016.0,9750683.0,-22371.0,82560.0,13316.0,22290000.0,56375000.0,100278000.0,right
215664,872713.0,707508.0,9798569.0,-39948.0,67113.0,-2663.0,22290000.0,56375000.0,100278000.0,right
215674,845178.0,754196.0,9781809.0,-35687.0,38883.0,-11718.0,22290000.0,56375000.0,100278000.0,right
215684,823630.0,736239.0,9701601.0,-17044.0,12783.0,-5859.0,22290000.0,56375000.0,100278000.0,right
215694,839193.0,731450.0,9660898.0,5859.0,-9587.0,6924.0,22290000.0,56375000.0,100278000.0,right
215704,858347.0,779336.0,9598647.0,21305.0,-22903.0,5326.0,22290000.0,56375000.0,100278000.0,right
215714,855953.0,817644.0,9513650.0,16512.0,-19175.0,3728.0,22290000.0,56375000.0,100278000.0,right
215724,855953.0,802082.0,9507664.0,1065.0,-8522.0,17044.0,22290000.0,56375000.0,100278000.0,right
215734,881093.0,702719.0,9523227.0,-532.0,3728.0,27697.0,22290000.0,56375000.0,100278000.0,right
215765,881093.0,653637.0,9587873.0,-4261.0,53797.0,-27165.0,22290000.0,56375000.0,100278000.0,right
215775,883487.0,770956.0,9707586.0,-22371.0,67113.0,-41546.0,22290000.0,56375000.0,100278000.0,right
215785,873910.0,900247.0,9820117.0,-47938.0,67113.0,-44209.0,22290000.0,56375000.0,100278000.0,right
215795,832010.0,962498.0,9857229.0,-64450.0,47938.0,-37818.0,22290000.0,56375000.0,100278000.0,right
215805,794899.0,950527.0,9876383.0,-57526.0,26632.0,-15979.0,22290000.0,56375000.0,100278000.0,right
215815,738633.0,861938.0,9847651.0,-35154.0,3195.0,14914.0,22290000.0,56375000.0,100278000.0,right
215825,689551.0,788913.0,9754275.0,-15979.0,-21305.0,41013.0,22290000.0,56375000.0,100278000.0,right
215835,653637.0,694339.0,9662095.0,4261.0,-35687.0,57526.0,22290000.0,56375000.0,100278000.0,right
215845,644059.0,551880.0,9607027.0,19707.0,-35154.0,63385.0,22290000.0,56375000.0,100278000.0,right
215855,653637.0,418998.0,9530410.0,13848.0,-25567.0,49536.0,22290000.0,56375000.0,100278000.0,right
215865,684762.0,372309.0,9482525.0,-6924.0,-11185.0,14914.0,22290000.0,56375000.0,100278000.0,right
215875,738633.0,441743.0,9524424.0,-28763.0,8522.0,-29295.0,22290000.0,56375000.0,100278000.0,right
215885,770956.0,566245.0,9604633.0,-56460.0,18642.0,-61787.0,22290000.0,56375000.0,100278000.0,right
215935,889473.0,816447.0,9677658.0,-14381.0,-7457.0,-28230.0,22290000.0,56375000.0,100278000.0,right
215945,889473.0,778139.0,9664489.0,9055.0,-14381.0,-2130.0,22290000.0,56375000.0,100278000.0,right
215955,907430.0,787716.0,9687235.0,27697.0,-13848.0,13316.0,22290000.0,56375000.0,100278000.0,right
215965,888275.0,797293.0,9695615.0,33024.0,-25034.0,18642.0,22290000.0,56375000.0,100278000.0,right
215975,882290.0,711099.0,9642941.0,36220.0,-31958.0,37285.0,22290000.0,56375000.0,100278000.0,right
215985,882290.0,645257.0,9613013.0,49536.0,-12783.0,45275.0,22290000.0,56375000.0,100278000.0,right
215995,905035.0,584203.0,9701601.0,39948.0,19175.0,36220.0,22290000.0,56375000.0,100278000.0,right
216005,920598.0,583005.0,9824906.0,-1065.0,39415.0,24501.0,22290000.0,56375000.0,100278000.0,right
216015,950527.0,600962.0,9945817.0,-36752.0,45807.0,5859.0,22290000.0,56375000.0,100278000.0,right
216025,943344.0,664411.0,10057150.0,-59656.0,35687.0,-6924.0,22290000.0,56375000.0,100278000.0,right
216035,951724.0,791307.0,9988914.0,-102268.0,11185.0,8522.0,22290000.0,56375000.0,100278000.0,right
216045,984046.0,925387.0,9905114.0,-158729.0,3195.0,65515.0,22290000.0,56375000.0,100278000.0,right
216055,1042706.0,932570.0,9969759.0,-189622.0,39415.0,119845.0,22290000.0,56375000.0,100278000.0,right
216145,335198.0,1745426.0,10022434.0,-387235.0,524125.0,1065296.0,22290000.0,56375000.0,100278000.0,right
216155,-220273.0,2261392.0,10231933.0,-482046.0,697769.0,1405659.0,22290000.0,56375000.0,100278000.0,right
216165,-1647261.0,2735458.0,10521640.0,-470328.0,881533.0,1609130.0,22290000.0,56375000.0,100278000.0,right
216175,-4421028.0,2919818.0,10735927.0,-378180.0,1005640.0,1686897.0,22290000.0,56375000.0,100278000.0,right
216215,-19060821.0,-11742720.0,16284659.0,280705.0,-12250.0,2958861.0,22290000.0,56375000.0,100278000.0,right
216225,-23510580.0,-29637529.0,21620300.0,290293.0,-879402.0,2668035.0,22290000.0,56375000.0,100278000.0,right
216235,-24512584.0,-39227797.0,25980275.0,272183.0,-2604650.0,-760089.0,22290000.0,56375000.0,100278000.0,right
216245,-27297126.0,-39227797.0,24467093.0,-1141998.0,-5222617.0,-8434486.0,22290000.0,56375000.0,100278000.0,right
216255,-34148343.0,-30886143.0,17018504.0,-4439624.0,-7821941.0,-17057531.0,22290000.0,56375000.0,100278000.0,right
216265,-39227797.0,-5462537.0,11831308.0,-7171044.0,-8601205.0,-17453821.0,22290000.0,56375000.0,100278000.0,right
216275,-39227797.0,9300560.0,8778608.0,-8763130.0,-7566269.0,-17453821.0,22290000.0,56375000.0,100278000.0,right
216285,-39151180.0,15998543.0,4831646.0,-9804991.0,-5824509.0,-17453821.0,22290000.0,56375000.0,100278000.0,right
216295,-38902175.0,21611920.0,2727078.0,-7865085.0,-3235838.0,-17453821.0,22290000.0,56375000.0,100278000.0,right
216305,-29845831.0,32519039.0,4628133.0,-4461462.0,-266856.0,-17453821.0,22290000.0,56375000.0,100278000.0,right
216315,-13773065.0,39226600.0,9184437.0,-2981232.0,2054424.0,-17453821.0,22290000.0,56375000.0,100278000.0,right
216436,2620533.0,2521171.0,7360000.0,-75103.0,22371.0,1000846.0,22320000.0,56428000.0,100276000.0,right
216446,2731867.0,905035.0,7720338.0,393627.0,335568.0,1193664.0,22320000.0,56428000.0,100276000.0,right
216456,2658842.0,-1192348.0,8170462.0,487373.0,471926.0,1058904.0,22320000.0,56428000.0,100276000.0,right
216466,2552296.0,-1836408.0,8239896.0,282303.0,448489.0,624796.0,22320000.0,56428000.0,100276000.0,right
216506,305270.0,12591490.0,8664880.0,-262062.0,740913.0,529452.0,22320000.0,56428000.0,100276000.0,right
216516,-984046.0,17259129.0,8523618.0,-225310.0,805896.0,1807275.0,22320000.0,56428000.0,100276000.0,right
216526,-2784541.0,24219286.0,8320104.0,-654092.0,860227.0,4077423.0,22320000.0,56428000.0,100276000.0,right
216536,-6590241.0,28906078.0,8033988.0,-1466913.0,869814.0,7410736.0,22320000.0,56428000.0,100276000.0,right
216546,-12520859.0,26224491.0,7805335.0,-1577171.0,920949.0,11358726.0,22320000.0,56428000.0,100276000.0,right
216556,-18908784.0,19949097.0,6687209.0,-1293270.0,952375.0,15232145.0,22320000.0,56428000.0,100276000.0,right
216566,-22730047.0,13630606.0,6635732.0,-639178.0,949712.0,17453288.0,22320000.0,56428000.0,100276000.0,right
216576,-23408824.0,10223553.0,8250670.0,678061.0,1275692.0,17453288.0,22320000.0,56428000.0,100276000.0,right
216586,-22897646.0,7294157.0,9718361.0,2317553.0,1767859.0,17453288.0,22320000.0,56428000.0,100276000.0,right
216596,-21737620.0,3300507.0,10975355.0,3468073.0,2066142.0,17453288.0,22320000.0,56428000.0,100276000.0,right
216606,-20872089.0,-1422199.0,12168901.0,3829741.0,2374013.0,17453288.0,22320000.0,56428000.0,100276000.0,right
216616,-18652597.0,-6907482.0,12578322.0,3502695.0,2729290.0,17295092.0,22320000.0,56428000.0,100276000.0,right
216626,-17199272.0,-10194821.0,12471777.0,3264601.0,2795338.0,17118785.0,22320000.0,56428000.0,100276000.0,right
216636,-17126247.0,-14327339.0,12602265.0,3439310.0,2881627.0,16211685.0,22320000.0,56428000.0,100276000.0,right
216646,-15687288.0,-18109096.0,13901159.0,3492575.0,3021181.0,14292020.0,22320000.0,56428000.0,100276000.0,right
216716,-5523591.0,-3118542.0,10227144.0,-1810471.0,-1799818.0,-2805458.0,22320000.0,56428000.0,100276000.0,right
216726,-4284554.0,-835601.0,9536396.0,-1609663.0,-1675711.0,-2858723.0,22320000.0,56428000.0,100276000.0,right
216736,-2996434.0,758985.0,9428653.0,-1284215.0,-1402463.0,-2770836.0,22320000.0,56428000.0,100276000.0,right
216746,-1903448.0,1689160.0,9456188.0,-988062.0,-1119094.0,-2532742.0,22320000.0,56428000.0,100276000.0,right
216796,647651.0,1753806.0,9250280.0,106529.0,-412802.0,-712683.0,22320000.0,56428000.0,100276000.0,right
216806,869121.0,1381496.0,9446610.0,235430.0,-320121.0,-427183.0,22320000.0,56428000.0,100276000.0,right
216816,1059466.0,1160026.0,9640547.0,328644.0,-242355.0,-249812.0,22320000.0,56428000.0,100276000.0,right
216826,1149251.0,969681.0,9888354.0,361135.0,-190155.0,-171512.0,22320000.0,56428000.0,100276000.0,right
216836,1185165.0,875107.0,10067925.0,329709.0,-165653.0,-144347.0,22320000.0,56428000.0,100276000.0,right
216846,1176786.0,875107.0,10017645.0,249812.0,-152337.0,-159261.0,22320000.0,56428000.0,100276000.0,right
216856,1151646.0,818841.0,9949408.0,149141.0,-136890.0,-197079.0,22320000.0,56428000.0,100276000.0,right
216866,1083409.0,779336.0,9938634.0,67646.0,-104931.0,-217320.0,22320000.0,56428000.0,100276000.0,right
216876,1054678.0,879895.0,9970957.0,42611.0,-51134.0,-211994.0,22320000.0,56428000.0,100276000.0,right
216886,1006792.0,1016369.0,10112219.0,32491.0,0.0,-207200.0,22320000.0,56428000.0,100276000.0,right
216896,986441.0,1118126.0,10145739.0,-3195.0,9587.0,-175773.0,22320000.0,56428000.0,100276000.0,right
216906,951724.0,961301.0,10030813.0,-30893.0,-6391.0,-121976.0,22320000.0,56428000.0,100276000.0,right
216916,925387.0,805673.0,9967365.0,-19175.0,-13848.0,-54330.0,22320000.0,56428000.0,100276000.0,right
216926,882290.0,672791.0,9968562.0,27697.0,-19707.0,-5326.0,22320000.0,56428000.0,100276000.0,right
216936,851164.0,517163.0,9948211.0,71374.0,-22903.0,9055.0,22320000.0,56428000.0,100276000.0,right
216946,823630.0,429772.0,9841666.0,83625.0,-19175.0,5326.0,22320000.0,56428000.0,100276000.0,right
216957,779336.0,462095.0,9739909.0,70309.0,-12783.0,-18110.0,22320000.0,56428000.0,100276000.0,right
216966,709902.0,527937.0,9676461.0,44209.0,4261.0,-50068.0,22320000.0,56428000.0,100276000.0,right
216997,689551.0,385478.0,9820117.0,-44209.0,22903.0,-49003.0,22320000.0,56428000.0,100276000.0,right
217007,711099.0,265764.0,9932648.0,-56993.0,6924.0,-26632.0,22320000.0,56428000.0,100276000.0,right
217017,782927.0,208301.0,9981731.0,-64983.0,-21838.0,-22903.0,22320000.0,56428000.0,100276000.0,right
217027,773350.0,207104.0,10014054.0,-58058.0,-60721.0,-44209.0,22320000.0,56428000.0,100276000.0,right
217037,824827.0,162810.0,10040391.0,-36752.0,-115584.0,-59656.0,22320000.0,56428000.0,100276000.0,right
217047,939752.0,160416.0,9888354.0,-12250.0,-181633.0,-54862.0,22320000.0,56428000.0,100276000.0,right
217057,1089395.0,187950.0,9654912.0,14914.0,-223712.0,-61254.0,22320000.0,56428000.0,100276000.0,right
217067,1224671.0,269355.0,9475342.0,31958.0,-223712.0,-78299.0,22320000.0,56428000.0,100276000.0,right
217077,1336005.0,432166.0,9471750.0,25034.0,-193884.0,-105997.0,22320000.0,56428000.0,100276000.0,right
217087,1350370.0,560260.0,9568718.0,-6924.0,-166186.0,-135292.0,22320000.0,56428000.0,100276000.0,right
217097,1332413.0,590188.0,9699206.0,-50068.0,-153935.0,-138488.0,22320000.0,56428000.0,100276000.0,right
217107,1284528.0,561457.0,9768640.0,-71907.0,-158196.0,-105464.0,22320000.0,56428000.0,100276000.0,right
217117,1235445.0,438152.0,9755472.0,-55928.0,-170447.0,-75636.0,22320000.0,56428000.0,100276000.0,right
217127,1223474.0,434560.0,9754275.0,-41013.0,-185894.0,-62852.0,22320000.0,56428000.0,100276000.0,right
217137,1268965.0,575823.0,9677658.0,-34089.0,-213059.0,-74038.0,22320000.0,56428000.0,100276000.0,right
217147,1235445.0,690748.0,9390345.0,-18110.0,-238093.0,-98539.0,22320000.0,56428000.0,100276000.0,right
217157,1223474.0,741028.0,9189226.0,4261.0,-221049.0,-89484.0,22320000.0,56428000.0,100276000.0,right
217167,1236642.0,828419.0,9166480.0,27165.0,-158729.0,-52199.0,22320000.0,56428000.0,100276000.0,right
217177,1241431.0,905035.0,9305348.0,59656.0,-70842.0,-29295.0,22320000.0,56428000.0,100276000.0,right
217187,1158828.0,788913.0,9460976.0,66581.0,-7989.0,-21305.0,22320000.0,56428000.0,100276000.0,right
217197,1095380.0,548288.0,9584281.0,34089.0,20240.0,3728.0,22320000.0,56428000.0,100276000.0,right
217207,1057072.0,371112.0,9729135.0,13848.0,29295.0,28230.0,22320000.0,56428000.0,100276000.0,right
217217,1022355.0,299284.0,9846454.0,29828.0,10652.0,20773.0,22320000.0,56428000.0,100276000.0,right
217227,1017566.0,251398.0,9832089.0,57526.0,-35687.0,-6391.0,22320000.0,56428000.0,100276000.0,right
217237,1052283.0,275341.0,9717163.0,80429.0,-81495.0,-24501.0,22320000.0,56428000.0,100276000.0,right
217247,1106154.0,426180.0,9616604.0,87886.0,-106529.0,-38350.0,22320000.0,56428000.0,100276000.0,right
217257,1094183.0,569837.0,9525622.0,91615.0,-102268.0,-58591.0,22320000.0,56428000.0,100276000.0,right
217267,1103760.0,606948.0,9419076.0,83625.0,-71374.0,-59123.0,22320000.0,56428000.0,100276000.0,right
217277,1092986.0,614131.0,9411893.0,68178.0,-18642.0,-36220.0,22320000.0,56428000.0,100276000.0,right
217287,1121717.0,573428.0,9504073.0,53264.0,37818.0,-20240.0,22320000.0,56428000.0,100276000.0,right
217297,1112140.0,559063.0,9677658.0,28763.0,68178.0,-19175.0,22320000.0,56428000.0,100276000.0,right
217307,1110943.0,495614.0,9838074.0,2130.0,63385.0,-21305.0,22320000.0,56428000.0,100276000.0,right
217317,1110943.0,481249.0,9889551.0,-3195.0,43677.0,-17044.0,22320000.0,56428000.0,100276000.0,right
217327,1140871.0,505191.0,9882368.0,13848.0,26632.0,-31426.0,22320000.0,56428000.0,100276000.0,right
217337,1157631.0,598568.0,9835680.0,13848.0,12250.0,-44742.0,22320000.0,56428000.0,100276000.0,right
217347,1175588.0,654834.0,9681249.0,0.0,5326.0,-50068.0,22320000.0,56428000.0,100276000.0,right
217357,1150449.0,641665.0,9547170.0,-10652.0,15446.0,-37285.0,22330000.0,56428000.0,100276000.0,right
217367,1122914.0,609342.0,9549564.0,-13848.0,35154.0,-17577.0,22330000.0,56428000.0,100276000.0,right
217377,1134886.0,574625.0,9690826.0,-21838.0,49003.0,-11718.0,22330000.0,56428000.0,100276000.0,right
217387,1132491.0,583005.0,9809343.0,-34089.0,35154.0,-18110.0,22330000.0,56428000.0,100276000.0,right
217397,1131294.0,602160.0,9796175.0,-43677.0,10120.0,-26632.0,22330000.0,56428000.0,100276000.0,right
217407,1106154.0,626102.0,9743501.0,-44209.0,-5859.0,-24501.0,22330000.0,56428000.0,100276000.0,right
217417,1114534.0,614131.0,9660898.0,-33024.0,-19707.0,-19175.0,22330000.0,56428000.0,100276000.0,right
217427,1162420.0,561457.0,9561536.0,-26099.0,-30360.0,-9587.0,22330000.0,56428000.0,100276000.0,right
217437,1151646.0,511177.0,9531607.0,-30360.0,-30360.0,-5859.0,22330000.0,56428000.0,100276000.0,right
217447,1113337.0,475263.0,9573507.0,-41546.0,-25034.0,-12783.0,22330000.0,56428000.0,100276000.0,right
217457,1118126.0,486037.0,9601041.0,-55395.0,-31958.0,-22903.0,22330000.0,56428000.0,100276000.0,right
217467,1137280.0,514769.0,9605830.0,-63917.0,-49536.0,-27165.0,22330000.0,56428000.0,100276000.0,right
217477,1137280.0,490826.0,9545973.0,-60189.0,-71374.0,-24501.0,22330000.0,56428000.0,100276000.0,right
217487,1108549.0,428575.0,9433442.0,-44742.0,-85223.0,-5859.0,22330000.0,56428000.0,100276000.0,right
217497,1132491.0,359141.0,9340065.0,-5326.0,-83625.0,-1065.0,22330000.0,56428000.0,100276000.0,right
217508,1199531.0,324424.0,9319714.0,25034.0,-68178.0,-6924.0,22330000.0,56428000.0,100276000.0,right
217517,1251008.0,361535.0,9413091.0,25034.0,-51666.0,-19175.0,22330000.0,56428000.0,100276000.0,right
217638,1042706.0,609342.0,9674067.0,15979.0,-37818.0,51134.0,22330000.0,56428000.0,100276000.0,right
217648,1046298.0,524346.0,9568718.0,30360.0,-51134.0,52732.0,22330000.0,56428000.0,100276000.0,right
217658,1077423.0,433363.0,9488510.0,36752.0,-54330.0,50068.0,22330000.0,56428000.0,100276000.0,right
217668,1081015.0,369915.0,9427456.0,33024.0,-40481.0,38350.0,22330000.0,56428000.0,100276000.0,right
217758,1155237.0,535120.0,9579493.0,26099.0,-50068.0,-12250.0,22330000.0,56428000.0,100276000.0,right
217768,1166011.0,506389.0,9528016.0,10120.0,-41013.0,-10652.0,22330000.0,56428000.0,100276000.0,right
217778,1177983.0,464489.0,9571113.0,-10120.0,-27165.0,-18642.0,22330000.0,56428000.0,100276000.0,right
217788,1175588.0,434560.0,9559141.0,-25034.0,-22371.0,-35154.0,22330000.0,56428000.0,100276000.0,right
217798,1171997.0,392661.0,9519636.0,-26632.0,-18642.0,-45807.0,22330000.0,56428000.0,100276000.0,right
217808,1206714.0,421392.0,9563930.0,-18642.0,-14381.0,-49536.0,22330000.0,56428000.0,100276000.0,right
217818,1211503.0,426180.0,9529213.0,1065.0,-22371.0,-49003.0,22330000.0,56428000.0,100276000.0,right
217828,1262979.0,391463.0,9429851.0,20240.0,-21838.0,-43144.0,22330000.0,56428000.0,100276000.0,right
217838,1309668.0,360338.0,9389148.0,36220.0,-5326.0,-51134.0,22330000.0,56428000.0,100276000.0,right
217848,1381496.0,415406.0,9486116.0,30360.0,20773.0,-72440.0,22330000.0,56428000.0,100276000.0,right
217858,1461704.0,585400.0,9633364.0,6391.0,46340.0,-88419.0,22330000.0,56428000.0,100276000.0,right
217868,1485647.0,700325.0,9751880.0,-18642.0,53797.0,-94278.0,22330000.0,56428000.0,100276000.0,right
217878,1509590.0,683565.0,9827300.0,-27165.0,53264.0,-74038.0,22330000.0,56428000.0,100276000.0,right
217888,1522758.0,666805.0,9882368.0,-10652.0,53264.0,-47938.0,22330000.0,56428000.0,100276000.0,right
217898,1528744.0,787716.0,9935042.0,14381.0,44742.0,-44209.0,22330000.0,56428000.0,100276000.0,right
217908,1467690.0,899050.0,9885960.0,20240.0,27697.0,-37818.0,22330000.0,56428000.0,100276000.0,right
217918,1364736.0,857150.0,9816526.0,11185.0,16512.0,6391.0,22330000.0,56428000.0,100276000.0,right
217928,1295302.0,713493.0,9754275.0,11185.0,11185.0,55928.0,22330000.0,56428000.0,100276000.0,right
218098,1177983.0,330409.0,9511256.0,-2663.0,-29295.0,-532.0,22330000.0,56428000.0,100276000.0,right
218108,1204320.0,381886.0,9508862.0,-10652.0,-10120.0,-17577.0,22330000.0,56428000.0,100276000.0,right
218118,1203123.0,469277.0,9640547.0,-19175.0,4261.0,-38350.0,22330000.0,56428000.0,100276000.0,right
218128,1199531.0,594977.0,9729135.0,-35154.0,-7989.0,-37285.0,22330000.0,56428000.0,100276000.0,right
218138,1185165.0,630891.0,9647730.0,-30360.0,-29828.0,-23969.0,22330000.0,56428000.0,100276000.0,right
218148,1173194.0,583005.0,9620195.0,-6391.0,-45807.0,5326.0,22330000.0,56428000.0,100276000.0,right
218158,1170800.0,469277.0,9569916.0,22371.0,-60721.0,39948.0,22330000.0,56428000.0,100276000.0,right
218168,1203123.0,374703.0,9553156.0,56460.0,-55928.0,53797.0,22330000.0,56428000.0,100276000.0,right
218178,1240234.0,355549.0,9562733.0,72972.0,-26099.0,38350.0,22330000.0,56428000.0,100276000.0,right
218188,1231854.0,359141.0,9571113.0,56993.0,3195.0,13316.0,22330000.0,56428000.0,100276000.0,right
218198,1227065.0,326818.0,9634561.0,19707.0,37818.0,-8522.0,22330000.0,56428000.0,100276000.0,right
218208,1222277.0,368718.0,9766246.0,-11185.0,73505.0,-39415.0,22330000.0,56428000.0,100276000.0,right
218218,1234248.0,529134.0,9933845.0,-42611.0,88419.0,-81495.0,22330000.0,56428000.0,100276000.0,right
218228,1228262.0,782927.0,10088276.0,-74038.0,71907.0,-100670.0,22330000.0,56428000.0,100276000.0,right
218238,1223474.0,979258.0,10070319.0,-77766.0,33556.0,-77234.0,22330000.0,56428000.0,100276000.0,right
218248,1210305.0,1003201.0,9931451.0,-53797.0,-10120.0,-26632.0,22330000.0,56428000.0,100276000.0,right
218258,1166011.0,852361.0,9775823.0,-13848.0,-46340.0,38350.0,22330000.0,56428000.0,100276000.0,right
218269,1144463.0,642862.0,9615407.0,30360.0,-60721.0,84691.0,22330000.0,56428000.0,100276000.0,right
218279,1130097.0,465686.0,9517242.0,62852.0,-54862.0,98539.0,22330000.0,56428000.0,100276000.0,right
218289,1120520.0,326818.0,9470553.0,65515.0,-34622.0,93213.0,22330000.0,56428000.0,100276000.0,right
218299,1121717.0,171190.0,9464567.0,42611.0,-10652.0,68711.0,22330000.0,56428000.0,100276000.0,right
218309,1140871.0,8379.0,9529213.0,11718.0,18642.0,39948.0,22330000.0,56428000.0,100276000.0,right
218319,1161223.0,40702.0,9674067.0,-8522.0,47405.0,-7989.0,22330000.0,56428000.0,100276000.0,right
218329,1201925.0,229850.0,9832089.0,-33556.0,56460.0,-66048.0,22330000.0,56428000.0,100276000.0,right
218339,1228262.0,487234.0,9912297.0,-64983.0,47405.0,-96409.0,22330000.0,56428000.0,100276000.0,right
218349,1260585.0,723070.0,9941028.0,-75636.0,29295.0,-95876.0,22330000.0,56428000.0,100276000.0,right
218359,1277345.0,843981.0,9856031.0,-64450.0,12250.0,-63917.0,22340000.0,56446000.0,100278000.0,right
218369,1290514.0,841587.0,9788992.0,-39948.0,1065.0,-17577.0,22340000.0,56446000.0,100278000.0,right
218379,1264177.0,806870.0,9741106.0,-9587.0,-2130.0,20240.0,22340000.0,56446000.0,100278000.0,right
218389,1219882.0,756590.0,9694418.0,7989.0,1065.0,42079.0,22340000.0,56446000.0,100278000.0,right
218399,1140871.0,651242.0,9657307.0,2663.0,13316.0,60721.0,22340000.0,56446000.0,100278000.0,right
218409,1078620.0,440546.0,9662095.0,-6391.0,20773.0,78299.0,22340000.0,56446000.0,100278000.0,right
218419,1034326.0,243018.0,9660898.0,-13848.0,23969.0,78831.0,22340000.0,56446000.0,100278000.0,right
218429,1033129.0,143656.0,9658504.0,-28763.0,29828.0,52199.0,22340000.0,56446000.0,100278000.0,right
218439,1043903.0,171190.0,9639350.0,-37818.0,28763.0,1597.0,22340000.0,56446000.0,100278000.0,right
218449,1084606.0,324424.0,9614210.0,-39948.0,26099.0,-38350.0,22340000.0,56446000.0,100278000.0,right
218459,1140871.0,459700.0,9531607.0,-48471.0,28763.0,-52732.0,22340000.0,56446000.0,100278000.0,right
218479,1189954.0,669199.0,9557944.0,-48471.0,53264.0,-42611.0,22340000.0,56446000.0,100278000.0,right
218489,1171997.0,701522.0,9644138.0,-38883.0,71374.0,-31426.0,22340000.0,56446000.0,100278000.0,right
218499,1127703.0,701522.0,9763852.0,-39415.0,70842.0,-5859.0,22340000.0,56446000.0,100278000.0,right
218509,1095380.0,600962.0,9802160.0,-29295.0,53797.0,22371.0,22340000.0,56446000.0,100278000.0,right
218519,1075029.0,475263.0,9756669.0,-4793.0,34089.0,44742.0,22340000.0,56446000.0,100278000.0,right
218529,1034326.0,357944.0,9725543.0,15446.0,16512.0,49536.0,22340000.0,56446000.0,100278000.0,right
218539,1004398.0,277735.0,9669278.0,16512.0,7989.0,38883.0,22340000.0,56446000.0,100278000.0,right
218549,1010383.0,262173.0,9613013.0,6391.0,12250.0,12783.0,22340000.0,56446000.0,100278000.0,right
218559,1005595.0,325621.0,9561536.0,-15446.0,19175.0,-18642.0,22340000.0,56446000.0,100278000.0,right
218569,991229.0,347169.0,9525622.0,-43144.0,30360.0,-37285.0,22340000.0,56446000.0,100278000.0,right
218579,1013975.0,379492.0,9551959.0,-55928.0,41546.0,-47405.0,22340000.0,56446000.0,100278000.0,right
218589,1036720.0,509980.0,9650124.0,-55395.0,34622.0,-58058.0,22340000.0,56446000.0,100278000.0,right
218599,1108549.0,487234.0,9653715.0,-83093.0,3728.0,-80429.0,22340000.0,56446000.0,100278000.0,right
218689,1225868.0,459700.0,9707586.0,-20773.0,123574.0,-33556.0,22340000.0,56446000.0,100278000.0,right
218699,1221080.0,474066.0,9767443.0,-17577.0,105464.0,-15446.0,22340000.0,56446000.0,100278000.0,right
218709,1242628.0,543500.0,9726741.0,1065.0,78299.0,14914.0,22340000.0,56446000.0,100278000.0,right
218719,1258191.0,342381.0,9620195.0,22903.0,59656.0,10120.0,22340000.0,56446000.0,100278000.0,right
218729,1209108.0,434560.0,9559141.0,74038.0,65515.0,42611.0,22340000.0,56446000.0,100278000.0,right
218739,1266571.0,452517.0,9477736.0,69244.0,79897.0,74570.0,22340000.0,56446000.0,100278000.0,right
218749,1290514.0,428575.0,9469356.0,68178.0,122509.0,78831.0,22340000.0,56446000.0,100278000.0,right
218760,1312062.0,539908.0,9481327.0,46873.0,176839.0,75103.0,22340000.0,56446000.0,100278000.0,right
218769,1289316.0,574625.0,9458582.0,-21838.0,217853.0,73505.0,22340000.0,56446000.0,100278000.0,right
218779,1265374.0,490826.0,9402316.0,-57526.0,261530.0,99605.0,22340000.0,56446000.0,100278000.0,right
218789,1225868.0,520754.0,9407105.0,-48471.0,317991.0,173110.0,22340000.0,56446000.0,100278000.0,right
219120,-8178842.0,16625843.0,9203592.0,-92680.0,-610415.0,2862452.0,22340000.0,56446000.0,100278000.0,right
219130,-6244268.0,13552792.0,8754665.0,-651428.0,-688714.0,3781803.0,22340000.0,56446000.0,100278000.0,right
219140,-4723904.0,12686064.0,8020820.0,-1085537.0,-776601.0,4964282.0,22340000.0,56446000.0,100278000.0,right
219150,-4271386.0,14642187.0,7982511.0,-860227.0,-582184.0,6404563.0,22340000.0,56446000.0,100278000.0,right
219160,-5512817.0,17322577.0,8802551.0,-182165.0,-211461.0,8450998.0,22340000.0,56446000.0,100278000.0,right
219170,-8661288.0,17618270.0,9377176.0,225310.0,53797.0,11249533.0,22340000.0,56446000.0,100278000.0,right
219180,-13169708.0,14478179.0,8693611.0,366994.0,217320.0,14142879.0,22340000.0,56446000.0,100278000.0,right
219190,-16507327.0,9312531.0,6647703.0,567803.0,385104.0,16403438.0,22340000.0,56446000.0,100278000.0,right
219200,-17182512.0,6213142.0,5542745.0,873543.0,730793.0,17453288.0,22340000.0,56446000.0,100278000.0,right
219210,-17330957.0,4708341.0,5672036.0,1501535.0,1389146.0,17453288.0,22340000.0,56446000.0,100278000.0,right
219220,-17498556.0,3161639.0,6738686.0,2566832.0,2241916.0,17453288.0,22340000.0,56446000.0,100278000.0,right
219230,-18710059.0,-967286.0,9868003.0,3113329.0,3237969.0,16997874.0,22340000.0,56446000.0,100278000.0,right
219240,-17899597.0,-6686012.0,11888771.0,2475216.0,4006580.0,16470552.0,22340000.0,56446000.0,100278000.0,right
219250,-16457047.0,-10454600.0,12554379.0,2219545.0,4020429.0,16552580.0,22340000.0,56446000.0,100278000.0,right
219260,-14782252.0,-14292622.0,12342486.0,2685080.0,3857439.0,15729106.0,22340000.0,56446000.0,100278000.0,right
219270,-12660924.0,-15980586.0,13142173.0,2974841.0,3677936.0,13738599.0,22340000.0,56446000.0,100278000.0,right
219280,-11176474.0,-16860482.0,14872037.0,2775097.0,3158604.0,10972556.0,22340000.0,56446000.0,100278000.0,right
219290,-10351646.0,-16956253.0,16053612.0,2133256.0,2354838.0,7492764.0,22340000.0,56446000.0,100278000.0,right
219300,-9498087.0,-15942278.0,16186494.0,1026946.0,1322565.0,4055051.0,22340000.0,56446000.0,100278000.0,right
219310,-8503266.0,-13628211.0,15441874.0,-7989.0,304142.0,1311380.0,22340000.0,56446000.0,100278000.0,right
219320,-7336057.0,-10564737.0,14164529.0,-685518.0,-472991.0,-565672.0,22340000.0,56446000.0,100278000.0,right
219501,2243435.0,1528744.0,9563930.0,80962.0,-190688.0,-473524.0,22370000.0,56472000.0,100286000.0,right
219510,2182381.0,1607755.0,9676461.0,34622.0,-101735.0,-401084.0,22370000.0,56472000.0,100286000.0,right
219521,2078230.0,1626909.0,9759063.0,5326.0,-40481.0,-333970.0,22370000.0,56472000.0,100286000.0,right
219531,1952531.0,1500013.0,9744698.0,-17577.0,-16512.0,-234897.0,22370000.0,56472000.0,100286000.0,right
219541,1902251.0,1288119.0,9680052.0,-24501.0,-20773.0,-106529.0,22370000.0,56472000.0,100286000.0,right
219551,1917814.0,1200728.0,9724346.0,3195.0,-39948.0,5859.0,22370000.0,56472000.0,100286000.0,right
219561,1822043.0,1132491.0,9759063.0,45807.0,-78299.0,84158.0,22370000.0,56472000.0,100286000.0,right
219571,1760989.0,828419.0,9585478.0,75636.0,-127835.0,168849.0,22370000.0,56472000.0,100286000.0,right
219581,1759791.0,498009.0,9338868.0,109725.0,-149674.0,264726.0,22370000.0,56472000.0,100286000.0,right
219591,1738243.0,235836.0,9217957.0,155000.0,-126770.0,307870.0,22370000.0,56472000.0,100286000.0,right
219601,1687963.0,79011.0,9295771.0,173110.0,-68711.0,291891.0,22370000.0,56472000.0,100286000.0,right
219611,1656838.0,25139.0,9478933.0,160859.0,6924.0,240757.0,22370000.0,56472000.0,100286000.0,right
219621,1625712.0,39505.0,9602238.0,126770.0,54862.0,175241.0,22370000.0,56472000.0,100286000.0,right
219631,1558672.0,45491.0,9618998.0,70309.0,74038.0,100137.0,22370000.0,56472000.0,100286000.0,right
219641,1519167.0,-47885.0,9523227.0,30360.0,99605.0,23436.0,22370000.0,56472000.0,100286000.0,right
219651,1509590.0,128093.0,9592661.0,-532.0,126770.0,-17577.0,22370000.0,56472000.0,100286000.0,right
219661,1521561.0,483643.0,9832089.0,-26632.0,134760.0,-52732.0,22370000.0,56472000.0,100286000.0,right
219671,1501210.0,751802.0,9935042.0,-20240.0,112388.0,-83625.0,22370000.0,56472000.0,100286000.0,right
219681,1498815.0,826024.0,9850046.0,-32491.0,77234.0,-55928.0,22370000.0,56472000.0,100286000.0,right
219691,1454521.0,739830.0,9729135.0,-38350.0,50068.0,21305.0,22370000.0,56472000.0,100286000.0,right
219701,1448536.0,524346.0,9616604.0,1597.0,34089.0,90017.0,22370000.0,56472000.0,100286000.0,right
219711,1447339.0,336395.0,9494496.0,57526.0,27165.0,124639.0,22370000.0,56472000.0,100286000.0,right
219721,1458113.0,210696.0,9344854.0,80962.0,40481.0,129433.0,22370000.0,56472000.0,100286000.0,right
219741,1478464.0,293298.0,9433442.0,31958.0,105997.0,66581.0,22370000.0,56472000.0,100286000.0,right
219751,1470084.0,274144.0,9538790.0,-11185.0,116117.0,38350.0,22370000.0,56472000.0,100286000.0,right
219761,1532335.0,325621.0,9663292.0,-42079.0,126770.0,24501.0,22370000.0,56472000.0,100286000.0,right
219771,1588601.0,483643.0,9803357.0,-69244.0,130498.0,-15446.0,22370000.0,56472000.0,100286000.0,right
219781,1543110.0,639271.0,9767443.0,-94278.0,94811.0,-49536.0,22370000.0,56472000.0,100286000.0,right
219791,1477267.0,623708.0,9634561.0,-76701.0,53797.0,-43144.0,22370000.0,56472000.0,100286000.0,right
219801,1495224.0,648848.0,9523227.0,-22371.0,42611.0,-9055.0,22370000.0,56472000.0,100286000.0,right
219811,1529941.0,721873.0,9538790.0,31426.0,51666.0,12783.0,22370000.0,56472000.0,100286000.0,right
219821,1523955.0,793702.0,9579493.0,46873.0,67113.0,22903.0,22370000.0,56472000.0,100286000.0,right
219831,1482056.0,758985.0,9556747.0,49003.0,83093.0,47938.0,22370000.0,56472000.0,100286000.0,right
219841,1454521.0,629694.0,9629772.0,59123.0,112921.0,76701.0,22370000.0,56472000.0,100286000.0,right
219951,1166011.0,344775.0,9873988.0,-28763.0,33556.0,85756.0,22370000.0,56472000.0,100286000.0,right
219961,1218685.0,296890.0,9759063.0,-14914.0,10652.0,52732.0,22370000.0,56472000.0,100286000.0,right
219972,1267768.0,378295.0,9610618.0,-14914.0,1065.0,8522.0,22370000.0,56472000.0,100286000.0,right
219981,1288119.0,502797.0,9512453.0,-29295.0,6391.0,-22371.0,22370000.0,56472000.0,100286000.0,right
220021,1297696.0,665608.0,9396331.0,-72972.0,35154.0,24501.0,22370000.0,56472000.0,100286000.0,right
220031,1292908.0,517163.0,9401119.0,-46873.0,44209.0,59656.0,22370000.0,56472000.0,100286000.0,right
220041,1272557.0,421392.0,9431048.0,-11718.0,54330.0,72972.0,22370000.0,56472000.0,100286000.0,right
220051,1274951.0,245413.0,9459779.0,-10120.0,60189.0,51666.0,22370000.0,56472000.0,100286000.0,right
220061,1215094.0,189147.0,9506467.0,-2130.0,67113.0,33024.0,22370000.0,56472000.0,100286000.0,right
220071,1169603.0,219076.0,9544776.0,-10652.0,67113.0,20773.0,22370000.0,56472000.0,100286000.0,right
220081,1225868.0,289707.0,9557944.0,-6924.0,72972.0,-14381.0,22370000.0,56472000.0,100286000.0,right
220091,1248614.0,531528.0,9568718.0,-13848.0,84158.0,-53797.0,22370000.0,56472000.0,100286000.0,right
220101,1195940.0,724268.0,9559141.0,-51666.0,83093.0,-63917.0,22370000.0,56472000.0,100286000.0,right
220112,1192348.0,758985.0,9498087.0,-73505.0,77766.0,-28230.0,22370000.0,56472000.0,100286000.0,right
220122,1185165.0,675185.0,9444216.0,-49003.0,83093.0,21305.0,22370000.0,56472000.0,100286000.0,right
220132,1166011.0,535120.0,9472947.0,-9055.0,88419.0,46340.0,22370000.0,56472000.0,100286000.0,right
220142,1142069.0,421392.0,9545973.0,9055.0,81495.0,53797.0,22370000.0,56472000.0,100286000.0,right
220152,1154040.0,390266.0,9624984.0,21305.0,69776.0,44209.0,22370000.0,56472000.0,100286000.0,right
220162,1143266.0,380689.0,9677658.0,34089.0,59123.0,29295.0,22370000.0,56472000.0,100286000.0,right
220172,1143266.0,380689.0,9677658.0,34089.0,59123.0,29295.0,22370000.0,56472000.0,100286000.0,right
220182,1150449.0,367521.0,9682446.0,34622.0,45807.0,18110.0,22370000.0,56472000.0,100286000.0,right
220192,1173194.0,338789.0,9628575.0,29828.0,31426.0,6391.0,22370000.0,56472000.0,100286000.0,right
220202,1183968.0,377098.0,9534001.0,33024.0,34622.0,-10120.0,22370000.0,56472000.0,100286000.0,right
220212,1203123.0,427378.0,9499284.0,40481.0,54330.0,-28230.0,22370000.0,56472000.0,100286000.0,right
220222,1230657.0,533923.0,9592661.0,24501.0,75636.0,-41013.0,22370000.0,56472000.0,100286000.0,right
220232,1222277.0,654834.0,9705192.0,-5859.0,77234.0,-39948.0,22370000.0,56472000.0,100286000.0,right
220242,1205517.0,696733.0,9766246.0,-22371.0,62319.0,-20240.0,22370000.0,56472000.0,100286000.0,right
220252,1185165.0,650045.0,9794977.0,-17044.0,39948.0,14381.0,22370000.0,56472000.0,100286000.0,right
220262,1122914.0,524346.0,9733923.0,8522.0,13316.0,41546.0,22370000.0,56472000.0,100286000.0,right
220272,1120520.0,385478.0,9666884.0,41546.0,-9055.0,55395.0,22370000.0,56472000.0,100286000.0,right
220282,1124111.0,341184.0,9598647.0,71374.0,-17044.0,53797.0,22370000.0,56472000.0,100286000.0,right
220292,1136083.0,334001.0,9561536.0,86289.0,-5326.0,37285.0,22370000.0,56472000.0,100286000.0,right
220302,1157631.0,369915.0,9578296.0,71907.0,14381.0,19707.0,22370000.0,56472000.0,100286000.0,right
220312,1205517.0,433363.0,9696812.0,36752.0,35687.0,1597.0,22370000.0,56472000.0,100286000.0,right
220322,1210305.0,493220.0,9796175.0,-2663.0,41013.0,-17577.0,22370000.0,56472000.0,100286000.0,right
220332,1207911.0,517163.0,9815329.0,-31958.0,34089.0,-26632.0,22370000.0,56472000.0,100286000.0,right
220342,1225868.0,569837.0,9794977.0,-35687.0,18642.0,-20240.0,22370000.0,56472000.0,100286000.0,right
220352,1240234.0,586597.0,9756669.0,-14914.0,2130.0,-9055.0,22370000.0,56472000.0,100286000.0,right
220362,1207911.0,636877.0,9747092.0,3728.0,-11185.0,8522.0,22370000.0,56512000.0,100286000.0,right
220372,1203123.0,602160.0,9723149.0,15979.0,-18642.0,30893.0,22370000.0,56512000.0,100286000.0,right
220382,1205517.0,519557.0,9707586.0,25034.0,-14914.0,54330.0,22370000.0,56512000.0,100286000.0,right
220392,1183968.0,486037.0,9783006.0,25034.0,2130.0,53797.0,22370000.0,56512000.0,100286000.0,right
220402,1150449.0,508783.0,9820117.0,0.0,11718.0,35154.0,22370000.0,56512000.0,100286000.0,right
220412,1140871.0,374703.0,9777020.0,-62319.0,3195.0,-4261.0,22370000.0,56512000.0,100286000.0,right
220422,1160026.0,445335.0,9786597.0,-35687.0,12250.0,-22371.0,22370000.0,56512000.0,100286000.0,right
220432,1188757.0,669199.0,9774626.0,-41546.0,6924.0,-12250.0,22370000.0,56512000.0,100286000.0,right
220442,1206714.0,745816.0,9714769.0,-61254.0,-2130.0,-17044.0,22370000.0,56512000.0,100286000.0,right
220452,1169603.0,761379.0,9700404.0,-63917.0,-10120.0,5326.0,22370000.0,56512000.0,100286000.0,right
220462,1154040.0,663214.0,9694418.0,-44209.0,-19707.0,46340.0,22370000.0,56512000.0,100286000.0,right
220472,1134886.0,501600.0,9675264.0,-17577.0,-24501.0,72440.0,22370000.0,56512000.0,100286000.0,right
220482,1132491.0,401041.0,9641744.0,1065.0,-20240.0,77234.0,22370000.0,56512000.0,100286000.0,right
220492,1118126.0,372309.0,9611815.0,1065.0,-5859.0,61254.0,22370000.0,56512000.0,100286000.0,right
220502,1097774.0,343578.0,9617801.0,-15446.0,9587.0,40481.0,22370000.0,56512000.0,100286000.0,right
220512,1085803.0,300481.0,9604633.0,-34622.0,15979.0,24501.0,22370000.0,56512000.0,100286000.0,right
220522,1094183.0,341184.0,9615407.0,-42079.0,15979.0,6391.0,22370000.0,56512000.0,100286000.0,right
220532,1108549.0,404632.0,9651321.0,-49536.0,9055.0,-13848.0,22370000.0,56512000.0,100286000.0,right
220542,1155237.0,472869.0,9589070.0,-55395.0,-5326.0,-18642.0,22370000.0,56512000.0,100286000.0,right
220552,1179180.0,548288.0,9529213.0,-40481.0,-5326.0,-10120.0,22370000.0,56512000.0,100286000.0,right
220562,1160026.0,538711.0,9550761.0,-19707.0,1597.0,5859.0,22370000.0,56512000.0,100286000.0,right
220572,1143266.0,500403.0,9550761.0,-6391.0,6391.0,30893.0,22370000.0,56512000.0,100286000.0,right
220582,1119323.0,432166.0,9530410.0,6391.0,14381.0,51666.0,22370000.0,56512000.0,100286000.0,right
220592,1103760.0,323227.0,9529213.0,14914.0,26099.0,62319.0,22370000.0,56512000.0,100286000.0,right
220602,1106154.0,228653.0,9534001.0,19175.0,38883.0,61787.0,22370000.0,56512000.0,100286000.0,right
220612,1130097.0,165204.0,9581887.0,13316.0,55928.0,39948.0,22370000.0,56512000.0,100286000.0,right
220622,1182771.0,253793.0,9640547.0,-9587.0,70309.0,3195.0,22370000.0,56512000.0,100286000.0,right
220632,1210305.0,442940.0,9759063.0,-38350.0,76168.0,-42611.0,22370000.0,56512000.0,100286000.0,right
220642,1230657.0,648848.0,9841666.0,-68178.0,66581.0,-71374.0,22370000.0,56512000.0,100286000.0,right
220652,1249811.0,762576.0,9859623.0,-90017.0,49536.0,-69244.0,22370000.0,56512000.0,100286000.0,right
220663,1236642.0,781730.0,9887157.0,-94278.0,30360.0,-41546.0,22370000.0,56512000.0,100286000.0,right
220672,1161223.0,721873.0,9872791.0,-64983.0,15446.0,-2130.0,22370000.0,56512000.0,100286000.0,right
220682,1138477.0,673988.0,9792583.0,-21305.0,5859.0,35154.0,22370000.0,56512000.0,100286000.0,right
220692,1069043.0,569837.0,9737515.0,10120.0,-5326.0,60721.0,22370000.0,56512000.0,100286000.0,right
220702,1025946.0,410618.0,9692024.0,20773.0,-11718.0,80429.0,22370000.0,56512000.0,100286000.0,right
220712,1004398.0,289707.0,9635758.0,17577.0,-12250.0,79897.0,22370000.0,56512000.0,100286000.0,right
220722,1016369.0,232244.0,9596253.0,2130.0,-9587.0,52732.0,22370000.0,56512000.0,100286000.0,right
220732,1023552.0,238230.0,9565127.0,-21838.0,-1597.0,24501.0,22370000.0,56512000.0,100286000.0,right
220742,1051086.0,293298.0,9549564.0,-42611.0,8522.0,0.0,22370000.0,56512000.0,100286000.0,right
220753,1083409.0,395055.0,9607027.0,-53797.0,13316.0,-18110.0,22370000.0,56512000.0,100286000.0,right
220763,1097774.0,466883.0,9657307.0,-53264.0,6924.0,-20773.0,22370000.0,56512000.0,100286000.0,right
220773,1101366.0,478854.0,9590267.0,-39948.0,-7989.0,-532.0,22370000.0,56512000.0,100286000.0,right
220783,1128900.0,447729.0,9555550.0,-10120.0,-13848.0,25034.0,22370000.0,56512000.0,100286000.0,right
220793,1180377.0,411815.0,9596253.0,15446.0,-14914.0,43677.0,22370000.0,56512000.0,100286000.0,right
220803,1200728.0,403435.0,9595055.0,21838.0,-7457.0,46873.0,22370000.0,56512000.0,100286000.0,right
220813,1207911.0,384281.0,9605830.0,13316.0,14914.0,37818.0,22370000.0,56512000.0,100286000.0,right
220823,1205517.0,403435.0,9674067.0,-10652.0,42079.0,27697.0,22370000.0,56512000.0,100286000.0,right
220833,1197137.0,404632.0,9754275.0,-41013.0,60189.0,9587.0,22370000.0,56512000.0,100286000.0,right
220843,1170800.0,426180.0,9830892.0,-59123.0,60721.0,3728.0,22370000.0,56512000.0,100286000.0,right
220853,1121717.0,451320.0,9814132.0,-50601.0,47405.0,11185.0,22370000.0,56512000.0,100286000.0,right
220863,1096577.0,433363.0,9745895.0,-27697.0,26099.0,25034.0,22370000.0,56512000.0,100286000.0,right
220873,1083409.0,402238.0,9668081.0,-5859.0,12783.0,43144.0,22370000.0,56512000.0,100286000.0,right
220903,1010383.0,171190.0,9519636.0,6391.0,7457.0,66048.0,22370000.0,56512000.0,100286000.0,right
220913,1022355.0,102953.0,9517242.0,-532.0,21305.0,58058.0,22370000.0,56512000.0,100286000.0,right
220923,986441.0,126896.0,9568718.0,-13316.0,36220.0,20773.0,22370000.0,56512000.0,100286000.0,right
220933,974469.0,208301.0,9660898.0,-39948.0,41546.0,-9587.0,22370000.0,56512000.0,100286000.0,right
220943,1004398.0,275341.0,9742303.0,-54330.0,35687.0,-20773.0,22370000.0,56512000.0,100286000.0,right
220953,1035523.0,357944.0,9771035.0,-43677.0,23969.0,-26632.0,22370000.0,56512000.0,100286000.0,right
220963,1071437.0,423786.0,9723149.0,-29828.0,1597.0,-26099.0,22370000.0,56512000.0,100286000.0,right
220973,1089395.0,486037.0,9633364.0,-22371.0,-20773.0,-11718.0,22370000.0,56512000.0,100286000.0,right
220983,1083409.0,493220.0,9562733.0,-6391.0,-32491.0,4261.0,22370000.0,56512000.0,100286000.0,right
220993,1091789.0,464489.0,9511256.0,13848.0,-30360.0,28230.0,22370000.0,56512000.0,100286000.0,right
221003,1114534.0,426180.0,9502876.0,25567.0,-14381.0,45275.0,22370000.0,56512000.0,100286000.0,right
221033,1089395.0,219076.0,9656109.0,-9055.0,36220.0,28763.0,22370000.0,56512000.0,100286000.0,right
221043,1052283.0,203513.0,9636955.0,-13316.0,32491.0,18642.0,22370000.0,56512000.0,100286000.0,right
221053,1009186.0,154430.0,9640547.0,-4261.0,21838.0,4793.0,22370000.0,56512000.0,100286000.0,right
221063,1042706.0,221470.0,9690826.0,10120.0,4261.0,-3728.0,22370000.0,56512000.0,100286000.0,right
221073,1067846.0,365126.0,9690826.0,20240.0,-17577.0,-13848.0,22370000.0,56512000.0,100286000.0,right
221083,1119323.0,462095.0,9670475.0,22903.0,-29295.0,-15446.0,22370000.0,56512000.0,100286000.0,right
221093,1154040.0,507586.0,9676461.0,18642.0,-28763.0,-1065.0,22370000.0,56512000.0,100286000.0,right
221103,1176786.0,482446.0,9709981.0,11185.0,-20773.0,11718.0,22370000.0,56512000.0,100286000.0,right
221113,1174391.0,447729.0,9695615.0,10652.0,-13316.0,18642.0,22370000.0,56512000.0,100286000.0,right
221123,1183968.0,398646.0,9664489.0,13848.0,-4793.0,20773.0,22370000.0,56512000.0,100286000.0,right
221133,1162420.0,330409.0,9626181.0,19175.0,0.0,21838.0,22370000.0,56512000.0,100286000.0,right
221143,1133689.0,244216.0,9627378.0,22371.0,1597.0,27165.0,22370000.0,56512000.0,100286000.0,right
221153,1146857.0,173584.0,9672869.0,29828.0,1065.0,24501.0,22370000.0,56512000.0,100286000.0,right
221163,1160026.0,240624.0,9735121.0,30893.0,1065.0,1597.0,22370000.0,56512000.0,100286000.0,right
221173,1161223.0,360338.0,9846454.0,14914.0,-4261.0,-20773.0,22370000.0,56512000.0,100286000.0,right
221183,1167208.0,523149.0,9887157.0,-9587.0,-10652.0,-32491.0,22370000.0,56512000.0,100286000.0,right
221193,1157631.0,628497.0,9808146.0,-29828.0,-19175.0,-28763.0,22370000.0,56512000.0,100286000.0,right
221203,1139674.0,670396.0,9706389.0,-35687.0,-27165.0,-1065.0,22370000.0,56512000.0,100286000.0,right
221213,1103760.0,592582.0,9599844.0,-19707.0,-22371.0,36220.0,22370000.0,56512000.0,100286000.0,right
221223,1103760.0,592582.0,9599844.0,-19707.0,-22371.0,36220.0,22370000.0,56512000.0,100286000.0,right
221233,1058269.0,460897.0,9568718.0,3195.0,-9587.0,65515.0,22370000.0,56512000.0,100286000.0,right
221264,978061.0,299284.0,9766246.0,-15979.0,19175.0,38883.0,22370000.0,56512000.0,100286000.0,right
221273,969681.0,349564.0,9850046.0,-39415.0,8522.0,24501.0,22370000.0,56512000.0,100286000.0,right
221283,928978.0,381886.0,9822512.0,-45275.0,-17577.0,19175.0,22370000.0,56512000.0,100286000.0,right
221293,937358.0,325621.0,9702798.0,-29295.0,-39948.0,30893.0,22370000.0,56512000.0,100286000.0,right
221303,949329.0,262173.0,9611815.0,2130.0,-47938.0,47405.0,22370000.0,56512000.0,100286000.0,right
221313,982849.0,275341.0,9532804.0,28763.0,-44209.0,45275.0,22370000.0,56512000.0,100286000.0,right
221323,1005595.0,293298.0,9482525.0,35154.0,-26632.0,28230.0,22370000.0,56512000.0,100286000.0,right
221333,1055875.0,280130.0,9482525.0,14914.0,-3728.0,19707.0,22370000.0,56512000.0,100286000.0,right
221343,1065452.0,257384.0,9565127.0,-7457.0,21305.0,11185.0,22370000.0,56512000.0,100286000.0,right
221354,1046298.0,215484.0,9651321.0,-18642.0,34089.0,-2663.0,22370000.0,56512000.0,100286000.0,right
221363,1052283.0,208301.0,9719558.0,-23436.0,38350.0,-11185.0,22390000.0,56527000.0,100276000.0,right
221373,1051086.0,246610.0,9769838.0,-13848.0,34622.0,-23969.0,22390000.0,56527000.0,100276000.0,right
221383,1072635.0,341184.0,9802160.0,-2130.0,26099.0,-36220.0,22390000.0,56527000.0,100276000.0,right
221394,1071437.0,432166.0,9765049.0,1065.0,12250.0,-36220.0,22390000.0,56527000.0,100276000.0,right
221404,1138477.0,525543.0,9741106.0,-5326.0,9055.0,-27165.0,22390000.0,56527000.0,100276000.0,right
221414,1138477.0,635679.0,9762655.0,-17577.0,14914.0,-22371.0,22390000.0,56527000.0,100276000.0,right
221424,1106154.0,681171.0,9773429.0,-33556.0,11718.0,-14381.0,22390000.0,56527000.0,100276000.0,right
221434,1049889.0,628497.0,9755472.0,-40481.0,9055.0,16512.0,22390000.0,56527000.0,100276000.0,right
221444,1022355.0,501600.0,9745895.0,-23436.0,2130.0,46873.0,22390000.0,56527000.0,100276000.0,right
221454,970878.0,373506.0,9678855.0,-532.0,-7457.0,61254.0,22390000.0,56527000.0,100276000.0,right
221464,950527.0,235836.0,9587873.0,14381.0,-14914.0,64450.0,22390000.0,56527000.0,100276000.0,right
221474,980455.0,134079.0,9524424.0,21305.0,-11718.0,57526.0,22390000.0,56527000.0,100276000.0,right
221484,988835.0,73025.0,9567521.0,16512.0,-4261.0,38883.0,22390000.0,56527000.0,100276000.0,right
221494,1039115.0,122108.0,9605830.0,2130.0,4261.0,8522.0,22390000.0,56527000.0,100276000.0,right
221504,1090592.0,244216.0,9629772.0,-17577.0,14914.0,-28230.0,22390000.0,56527000.0,100276000.0,right
221514,1090592.0,399843.0,9709981.0,-42079.0,25034.0,-51134.0,22390000.0,56527000.0,100276000.0,right
221524,1106154.0,511177.0,9757866.0,-52732.0,28763.0,-41546.0,22390000.0,56527000.0,100276000.0,right
221534,1096577.0,531528.0,9737515.0,-39415.0,24501.0,-17044.0,22390000.0,56527000.0,100276000.0,right
221544,1082212.0,477657.0,9712375.0,-22903.0,17577.0,9587.0,22390000.0,56527000.0,100276000.0,right
221554,1064255.0,378295.0,9683644.0,-5326.0,7989.0,28230.0,22390000.0,56527000.0,100276000.0,right
221564,1024749.0,329212.0,9636955.0,12783.0,0.0,34089.0,22390000.0,56527000.0,100276000.0,right
221574,1021158.0,274144.0,9599844.0,21305.0,-2130.0,36752.0,22390000.0,56527000.0,100276000.0,right
221584,1023552.0,253793.0,9569916.0,16512.0,0.0,36220.0,22390000.0,56527000.0,100276000.0,right
221594,1023552.0,210696.0,9578296.0,4793.0,5326.0,27697.0,22390000.0,56527000.0,100276000.0,right
221604,1061860.0,184359.0,9585478.0,-9587.0,12783.0,23436.0,22390000.0,56527000.0,100276000.0,right
221614,1087000.0,191541.0,9575901.0,-12250.0,22371.0,12250.0,22390000.0,56527000.0,100276000.0,right
221624,1079817.0,220273.0,9553156.0,-8522.0,32491.0,-3728.0,22390000.0,56527000.0,100276000.0,right
221634,1090592.0,304072.0,9551959.0,-12783.0,43677.0,-9055.0,22390000.0,56527000.0,100276000.0,right
221644,1109746.0,380689.0,9599844.0,-20773.0,50601.0,-7989.0,22390000.0,56527000.0,100276000.0,right
221654,1096577.0,404632.0,9678855.0,-32491.0,54330.0,1065.0,22390000.0,56527000.0,100276000.0,right
221664,1077423.0,383083.0,9775823.0,-41546.0,48471.0,18110.0,22390000.0,56527000.0,100276000.0,right
221674,1058269.0,307664.0,9809343.0,-38350.0,29295.0,31958.0,22390000.0,56527000.0,100276000.0,right
221684,1049889.0,247807.0,9783006.0,-15446.0,11718.0,37818.0,22390000.0,56527000.0,100276000.0,right
221694,1053480.0,245413.0,9750683.0,15446.0,1065.0,35154.0,22390000.0,56527000.0,100276000.0,right
221704,1094183.0,284918.0,9707586.0,26632.0,0.0,27697.0,22390000.0,56527000.0,100276000.0,right
221714,1077423.0,335198.0,9676461.0,12783.0,8522.0,14381.0,22390000.0,56527000.0,100276000.0,right
221724,1049889.0,371112.0,9682446.0,-12783.0,18642.0,5326.0,22390000.0,56527000.0,100276000.0,right
221734,1049889.0,396252.0,9686038.0,-27697.0,26099.0,6391.0,22390000.0,56527000.0,100276000.0,right
221744,1036720.0,402238.0,9670475.0,-29295.0,27165.0,11718.0,22390000.0,56527000.0,100276000.0,right
221754,1002003.0,369915.0,9640547.0,-31426.0,22903.0,28230.0,22390000.0,56527000.0,100276000.0,right
221764,999609.0,332804.0,9652518.0,-20240.0,16512.0,47405.0,22390000.0,56527000.0,100276000.0,right
221774,1019961.0,417800.0,9693221.0,5326.0,9587.0,55928.0,22390000.0,56527000.0,100276000.0,right
221784,1042706.0,541106.0,9646532.0,9587.0,532.0,60721.0,22390000.0,56527000.0,100276000.0,right
221794,1077423.0,586597.0,9506467.0,-34622.0,-1065.0,93746.0,22390000.0,56527000.0,100276000.0,right
221804,1103760.0,581808.0,9404711.0,-98007.0,13316.0,159794.0,22390000.0,56527000.0,100276000.0,right
221814,1155237.0,527937.0,9428653.0,-140086.0,48471.0,226375.0,22390000.0,56527000.0,100276000.0,right
221824,1182771.0,396252.0,9522030.0,-139553.0,99605.0,257801.0,22390000.0,56527000.0,100276000.0,right
221834,1163617.0,341184.0,9620195.0,-127302.0,144880.0,271650.0,22390000.0,56527000.0,100276000.0,right
221844,1151646.0,373506.0,9630970.0,-123041.0,180567.0,291891.0,22390000.0,56527000.0,100276000.0,right
221854,1137280.0,402238.0,9666884.0,-118247.0,214124.0,320121.0,22390000.0,56527000.0,100276000.0,right
221884,1098972.0,936161.0,9660898.0,-31958.0,315860.0,581119.0,22390000.0,56527000.0,100276000.0,right
221894,1107352.0,1136083.0,9717163.0,14381.0,395225.0,767013.0,22390000.0,56527000.0,100276000.0,right
221904,951724.0,1551490.0,9681249.0,68178.0,515070.0,991258.0,22390000.0,56527000.0,100276000.0,right
221914,429772.0,2232661.0,9712375.0,26632.0,697769.0,1285280.0,22390000.0,56527000.0,100276000.0,right
221924,-788913.0,2942563.0,10184047.0,-66048.0,982203.0,1590488.0,22390000.0,56527000.0,100276000.0,right
221934,-3167625.0,4140898.0,11300976.0,-132096.0,1300727.0,1872791.0,22390000.0,56527000.0,100276000.0,right
221944,-6460950.0,4172023.0,12245518.0,-301478.0,1380624.0,2096503.0,22390000.0,56527000.0,100276000.0,right
221954,-10701210.0,2343994.0,13023657.0,-299881.0,1011499.0,2390525.0,22390000.0,56527000.0,100276000.0,right
221965,-15870450.0,-3094600.0,14447053.0,-55928.0,128900.0,2948741.0,22390000.0,56527000.0,100276000.0,right
221974,-21902825.0,-18462252.0,18354510.0,493232.0,-1034403.0,3248089.0,22390000.0,56527000.0,100276000.0,right
221984,-24543710.0,-39227797.0,23449526.0,1039196.0,-2366556.0,1253321.0,22390000.0,56527000.0,100276000.0,right
221994,-23289110.0,-39227797.0,24432376.0,1122290.0,-4345345.0,-4530174.0,22390000.0,56527000.0,100276000.0,right
222005,-30285181.0,-38395786.0,18441901.0,-1652807.0,-6663431.0,-13835541.0,22390000.0,56527000.0,100276000.0,right
222015,-38423320.0,-23138270.0,9850046.0,-5980575.0,-7694638.0,-17453821.0,22390000.0,56527000.0,100276000.0,right
222025,-39227797.0,-1416213.0,3447755.0,-9538666.0,-6730012.0,-17453821.0,22390000.0,56527000.0,100276000.0,right
222035,-39148786.0,7732310.0,827221.0,-12244520.0,-3775411.0,-17453821.0,22390000.0,56527000.0,100276000.0,right
222045,-39196671.0,13026051.0,3924216.0,-12010155.0,646102.0,-17453821.0,22390000.0,56527000.0,100276000.0,right
222055,-39227797.0,20311829.0,13176890.0,-9012410.0,4823663.0,-17453821.0,22390000.0,56527000.0,100276000.0,right
222065,-35258089.0,32736918.0,21147431.0,-5580556.0,6464753.0,-17453821.0,22390000.0,56527000.0,100276000.0,right
222075,-20927158.0,39226600.0,27379728.0,-2627554.0,6048754.0,-17453821.0,22390000.0,56527000.0,100276000.0,right
222085,-12185661.0,39226600.0,31622383.0,-801635.0,5195984.0,-17453821.0,22390000.0,56527000.0,100276000.0,right
222095,-13406741.0,39086534.0,30632350.0,1686897.0,3718418.0,-14351677.0,22390000.0,56527000.0,100276000.0,right
222105,-13470189.0,37722995.0,24340196.0,4251066.0,1479697.0,-6641059.0,22390000.0,56527000.0,100276000.0,right
222115,-12411920.0,27570073.0,17344126.0,4163712.0,-380310.0,-747838.0,22390000.0,56527000.0,100276000.0,right
222125,-9300560.0,15860872.0,12854861.0,2059218.0,-1308717.0,542236.0,22390000.0,56527000.0,100276000.0,right
222135,-5962941.0,13327730.0,10364815.0,633851.0,-1343339.0,740913.0,22390000.0,56527000.0,100276000.0,right
222145,-4245049.0,13379207.0,9486116.0,656222.0,-947048.0,1566518.0,22390000.0,56527000.0,100276000.0,right
222155,-2994040.0,10984932.0,8657697.0,628525.0,-797907.0,2499718.0,22390000.0,56527000.0,100276000.0,right
222165,-1805283.0,7383943.0,7127755.0,120911.0,-918818.0,3528262.0,22390000.0,56527000.0,100276000.0,right
222175,-940949.0,5175224.0,6265816.0,237561.0,-690844.0,4353867.0,22390000.0,56527000.0,100276000.0,right
222185,-912218.0,6312505.0,6669252.0,1106310.0,-94811.0,5229541.0,22390000.0,56527000.0,100276000.0,right
222195,-1515575.0,9041978.0,7326480.0,1875454.0,437304.0,6442914.0,22390000.0,56527000.0,100276000.0,right
222205,-2657644.0,10647339.0,7558725.0,1989974.0,699899.0,8095722.0,22390000.0,56527000.0,100276000.0,right
222215,-3958933.0,9862017.0,7428237.0,1632034.0,843182.0,9971709.0,22390000.0,56527000.0,100276000.0,right
222225,-5335641.0,9010852.0,6800937.0,1404593.0,1062633.0,11647421.0,22390000.0,56527000.0,100276000.0,right
222235,-6854808.0,8065114.0,5613377.0,1208579.0,1341741.0,13078115.0,22390000.0,56527000.0,100276000.0,right
222245,-7710761.0,6510032.0,4793338.0,1122822.0,1710866.0,14219580.0,22390000.0,56527000.0,100276000.0,right
222255,-8321301.0,5472114.0,4737072.0,1335349.0,2281865.0,14850236.0,22390000.0,56527000.0,100276000.0,right
222265,-9046767.0,4813689.0,5196773.0,1805145.0,2938621.0,14733586.0,22390000.0,56527000.0,100276000.0,right
222275,-10107430.0,3879922.0,5954561.0,2244047.0,3460083.0,13996401.0,22390000.0,56527000.0,100276000.0,right
222335,-12374808.0,-7518022.0,12757892.0,758491.0,3502162.0,10916628.0,22390000.0,56527000.0,100276000.0,right
222345,-11552375.0,-10094262.0,13466598.0,797374.0,3216663.0,10504891.0,22390000.0,56527000.0,100276000.0,right
222355,-10442629.0,-11022043.0,14431490.0,1111104.0,2816644.0,9824166.0,22390000.0,56527000.0,100276000.0,right
222365,-9220351.0,-11463787.0,15214418.0,1505264.0,2339924.0,8503731.0,22390000.0,56548000.0,100288000.0,right
222375,-8348835.0,-11273442.0,15690879.0,1702876.0,1722584.0,6654375.0,22390000.0,56548000.0,100288000.0,right
222385,-7626962.0,-10310944.0,15433494.0,1441879.0,939591.0,4561067.0,22390000.0,56548000.0,100288000.0,right
222395,-6935016.0,-8893533.0,14571555.0,818680.0,143815.0,2510371.0,22390000.0,56548000.0,100288000.0,right
222405,-6532778.0,-7316903.0,13622226.0,64450.0,-552356.0,821876.0,22390000.0,56548000.0,100288000.0,right
222415,-5705556.0,-5652882.0,12705218.0,-652494.0,-1099918.0,-318523.0,22390000.0,56548000.0,100288000.0,right
222425,-4741861.0,-3678803.0,11709200.0,-980605.0,-1429095.0,-986464.0,22390000.0,56548000.0,100288000.0,right
222435,-3875133.0,-2065061.0,10817333.0,-959832.0,-1570247.0,-1396604.0,22390000.0,56548000.0,100288000.0,right
222445,-3219102.0,-943344.0,10203201.0,-849041.0,-1544147.0,-1568116.0,22390000.0,56548000.0,100288000.0,right
222455,-2554691.0,-233441.0,9875186.0,-658886.0,-1402463.0,-1559061.0,22390000.0,56548000.0,100288000.0,right
222465,-1867534.0,371112.0,9714769.0,-477252.0,-1272496.0,-1471174.0,22390000.0,56548000.0,100288000.0,right
222595,1261782.0,1690357.0,9633364.0,-26632.0,1597.0,-339829.0,22390000.0,56548000.0,100288000.0,right
222605,1197137.0,1612544.0,9653715.0,-2663.0,-20773.0,-252475.0,22390000.0,56548000.0,100288000.0,right
222615,1144463.0,1491633.0,9675264.0,3728.0,-39948.0,-156598.0,22390000.0,56548000.0,100288000.0,right
222626,1103760.0,1381496.0,9634561.0,-20773.0,-53797.0,-63917.0,22390000.0,56548000.0,100288000.0,right
222636,1055875.0,1139674.0,9505270.0,-17044.0,-54330.0,-1597.0,22390000.0,56548000.0,100288000.0,right
222646,1002003.0,1029538.0,9408302.0,6924.0,-30893.0,62852.0,22390000.0,56548000.0,100288000.0,right
222656,967286.0,887078.0,9452596.0,14914.0,12783.0,91615.0,22390000.0,56548000.0,100288000.0,right
222666,960104.0,852361.0,9674067.0,4793.0,44209.0,88419.0,22390000.0,56548000.0,100288000.0,right
222676,822433.0,805673.0,9790189.0,-24501.0,34089.0,76701.0,22390000.0,56548000.0,100288000.0,right
222686,701522.0,620117.0,9732726.0,-47405.0,12250.0,86289.0,22390000.0,56548000.0,100288000.0,right
222696,628497.0,415406.0,9663292.0,-28230.0,9587.0,108127.0,22390000.0,56548000.0,100288000.0,right
222706,559063.0,290904.0,9630970.0,20773.0,17044.0,97474.0,22390000.0,56548000.0,100288000.0,right
222716,620117.0,365126.0,9682446.0,40481.0,46340.0,60721.0,22390000.0,56548000.0,100288000.0,right
222726,629694.0,738633.0,9792583.0,8522.0,82560.0,1597.0,22390000.0,56548000.0,100288000.0,right
222736,545894.0,887078.0,9933845.0,-54862.0,90550.0,-42079.0,22390000.0,56548000.0,100288000.0,right
222746,513571.0,820039.0,9931451.0,-117182.0,82027.0,4793.0,22390000.0,56548000.0,100288000.0,right
222756,468080.0,702719.0,9835680.0,-123041.0,68711.0,62852.0,22390000.0,56548000.0,100288000.0,right
222766,462095.0,301678.0,9671672.0,-82027.0,51134.0,50601.0,22390000.0,56548000.0,100288000.0,right
222776,380689.0,306467.0,9518439.0,-5859.0,49003.0,52732.0,22390000.0,56548000.0,100288000.0,right
222786,395055.0,289707.0,9396331.0,4261.0,55395.0,39948.0,22390000.0,56548000.0,100288000.0,right
222796,384281.0,389069.0,9443019.0,16512.0,75636.0,14914.0,22390000.0,56548000.0,100288000.0,right
222806,329212.0,414209.0,9561536.0,27165.0,76168.0,-4261.0,22390000.0,56548000.0,100288000.0,right
222816,294495.0,356746.0,9632167.0,22371.0,71907.0,6924.0,22390000.0,56548000.0,100288000.0,right
222826,318438.0,296890.0,9755472.0,19175.0,80962.0,9055.0,22390000.0,56548000.0,100288000.0,right
222836,347169.0,299284.0,9913494.0,1597.0,84158.0,-28763.0,22390000.0,56548000.0,100288000.0,right
222846,336395.0,556668.0,10005674.0,-39948.0,67646.0,-76168.0,22390000.0,56548000.0,100288000.0,right
222856,378295.0,715888.0,9999688.0,-44209.0,31958.0,-115052.0,22390000.0,56548000.0,100288000.0,right
222866,421392.0,747013.0,9885960.0,-66581.0,-16512.0,-113986.0,22390000.0,56548000.0,100288000.0,right
222876,436955.0,788913.0,9714769.0,-61254.0,-47405.0,-82560.0,22390000.0,56548000.0,100288000.0,right
222886,410618.0,821236.0,9577098.0,-2663.0,-51666.0,-64983.0,22390000.0,56548000.0,100288000.0,right
222896,410618.0,834404.0,9569916.0,46340.0,-47938.0,-62319.0,22390000.0,56548000.0,100288000.0,right
222906,391463.0,887078.0,9656109.0,43144.0,-45807.0,-56993.0,22390000.0,56548000.0,100288000.0,right
222916,345972.0,834404.0,9699206.0,20773.0,-51666.0,-45807.0,22390000.0,56548000.0,100288000.0,right
222926,292101.0,683565.0,9715966.0,15979.0,-61787.0,-23969.0,22390000.0,56548000.0,100288000.0,right
222936,284918.0,577020.0,9713572.0,36752.0,-71907.0,-9055.0,22390000.0,56548000.0,100288000.0,right
222946,345972.0,517163.0,9652518.0,44209.0,-80429.0,-28763.0,22390000.0,56548000.0,100288000.0,right
222956,417800.0,402238.0,9593858.0,44742.0,-78299.0,-72440.0,22390000.0,56548000.0,100288000.0,right
222966,494417.0,659622.0,9581887.0,43677.0,-58591.0,-89484.0,22390000.0,56548000.0,100288000.0,right
222976,556668.0,830813.0,9622590.0,5326.0,-41013.0,-129433.0,22390000.0,56548000.0,100288000.0,right
222986,572231.0,954118.0,9641744.0,-39948.0,-25567.0,-147543.0,22390000.0,56548000.0,100288000.0,right
222996,583005.0,913415.0,9657307.0,-56993.0,-15979.0,-123574.0,22390000.0,56548000.0,100288000.0,right
223006,553077.0,797293.0,9711178.0,-38883.0,-9587.0,-78299.0,22390000.0,56548000.0,100288000.0,right
223016,518360.0,677579.0,9768640.0,-4793.0,-6391.0,-50601.0,22390000.0,56548000.0,100288000.0,right
223026,512374.0,642862.0,9806949.0,21838.0,-17044.0,-46873.0,22390000.0,56548000.0,100288000.0,right
223036,525543.0,651242.0,9784203.0,32491.0,-33024.0,-59123.0,22390000.0,56548000.0,100288000.0,right
223046,565048.0,697931.0,9715966.0,33556.0,-41546.0,-66581.0,22390000.0,56548000.0,100288000.0,right
223056,597371.0,810461.0,9678855.0,25034.0,-41013.0,-70842.0,22390000.0,56548000.0,100288000.0,right
223066,633285.0,853558.0,9698009.0,7457.0,-29828.0,-74038.0,22390000.0,56548000.0,100288000.0,right
223076,638074.0,897853.0,9759063.0,-11718.0,-13316.0,-66048.0,22390000.0,56548000.0,100288000.0,right
223086,612934.0,913415.0,9818920.0,-27697.0,-5859.0,-53264.0,22390000.0,56548000.0,100288000.0,right
223096,596174.0,900247.0,9811737.0,-31426.0,-10652.0,-31958.0,22390000.0,56548000.0,100288000.0,right
223106,581808.0,835601.0,9737515.0,-18642.0,-20773.0,-2663.0,22390000.0,56548000.0,100288000.0,right
223116,574625.0,709902.0,9689629.0,2130.0,-22371.0,24501.0,22390000.0,56548000.0,100288000.0,right
223126,565048.0,572231.0,9698009.0,18642.0,-17044.0,33556.0,22390000.0,56548000.0,100288000.0,right
223136,572231.0,526740.0,9701601.0,25567.0,-17044.0,26632.0,22390000.0,56548000.0,100288000.0,right
223146,591385.0,520754.0,9642941.0,28230.0,-14914.0,-532.0,22390000.0,56548000.0,100288000.0,right
223156,600962.0,568640.0,9635758.0,11718.0,-532.0,-22371.0,22390000.0,56548000.0,100288000.0,right
223166,599765.0,599765.0,9695615.0,-11718.0,14381.0,-34622.0,22390000.0,56548000.0,100288000.0,right
223176,614131.0,608145.0,9739909.0,-25034.0,14381.0,-37818.0,22390000.0,56548000.0,100288000.0,right
223186,588991.0,645257.0,9767443.0,-26099.0,3728.0,-44742.0,22390000.0,56548000.0,100288000.0,right
223196,555471.0,715888.0,9703995.0,-20240.0,-12250.0,-49536.0,22390000.0,56548000.0,100288000.0,right
223206,571034.0,727859.0,9639350.0,-14381.0,-24501.0,-38350.0,22390000.0,56548000.0,100288000.0,right
223216,569837.0,772153.0,9602238.0,-2663.0,-26099.0,-19175.0,22390000.0,56548000.0,100288000.0,right
223226,586597.0,806870.0,9622590.0,7457.0,-25034.0,-11718.0,22390000.0,56548000.0,100288000.0,right
223236,618920.0,824827.0,9635758.0,4793.0,-14381.0,-2130.0,22390000.0,56548000.0,100288000.0,right
223246,623708.0,834404.0,9707586.0,-9587.0,10120.0,-3195.0,22390000.0,56548000.0,100288000.0,right
223256,597371.0,820039.0,9793780.0,-37285.0,30360.0,-3195.0,22390000.0,56548000.0,100288000.0,right
223266,585400.0,760182.0,9871594.0,-56993.0,31426.0,-532.0,22390000.0,56548000.0,100288000.0,right
223277,554274.0,712296.0,9857229.0,-54862.0,21305.0,5326.0,22390000.0,56548000.0,100288000.0,right
223287,542303.0,664411.0,9793780.0,-41013.0,13316.0,6924.0,22390000.0,56548000.0,100288000.0,right
223297,508783.0,616525.0,9705192.0,-28763.0,7989.0,2663.0,22390000.0,56548000.0,100288000.0,right
223307,487234.0,615328.0,9659701.0,-18642.0,12783.0,-5859.0,22390000.0,56548000.0,100288000.0,right
223317,509980.0,719479.0,9767443.0,-22903.0,16512.0,-14914.0,22390000.0,56548000.0,100288000.0,right
223327,453715.0,790110.0,9829694.0,-41546.0,-2663.0,-14381.0,22390000.0,56548000.0,100288000.0,right
223337,432166.0,712296.0,9756669.0,-52199.0,-35687.0,12783.0,22390000.0,56548000.0,100288000.0,right
223347,432166.0,712296.0,9756669.0,-52199.0,-35687.0,12783.0,22390000.0,56548000.0,100288000.0,right
223357,440546.0,609342.0,9676461.0,-36752.0,-52732.0,42079.0,22390000.0,56548000.0,100288000.0,right
223367,468080.0,539908.0,9686038.0,-3195.0,-61787.0,52199.0,22400000.0,56563000.0,100288000.0,right
223377,496812.0,515966.0,9616604.0,24501.0,-68178.0,43677.0,22400000.0,56563000.0,100288000.0,right
223387,519557.0,505191.0,9597450.0,28230.0,-55395.0,29828.0,22400000.0,56563000.0,100288000.0,right
223397,512374.0,512374.0,9566324.0,20773.0,-32491.0,17577.0,22400000.0,56563000.0,100288000.0,right
223407,515966.0,480052.0,9518439.0,16512.0,-9587.0,2130.0,22400000.0,56563000.0,100288000.0,right
223417,513571.0,424983.0,9536396.0,8522.0,22903.0,-12250.0,22400000.0,56563000.0,100288000.0,right
223427,521951.0,475263.0,9684841.0,-9055.0,56460.0,-28763.0,22400000.0,56563000.0,100288000.0,right
223437,569837.0,614131.0,9866806.0,-39415.0,68178.0,-51666.0,22400000.0,56563000.0,100288000.0,right
223467,532726.0,696733.0,9749486.0,-27165.0,-19707.0,-17577.0,22400000.0,56563000.0,100288000.0,right
223477,563851.0,645257.0,9681249.0,24501.0,-23969.0,4793.0,22400000.0,56563000.0,100288000.0,right
223487,590188.0,633285.0,9618998.0,43144.0,-22371.0,4793.0,22400000.0,56563000.0,100288000.0,right
223497,586597.0,623708.0,9602238.0,35687.0,-10120.0,-5326.0,22400000.0,56563000.0,100288000.0,right
223507,604554.0,632088.0,9634561.0,14914.0,21305.0,-13848.0,22400000.0,56563000.0,100288000.0,right
223517,597371.0,652439.0,9749486.0,-19175.0,50068.0,-29295.0,22400000.0,56563000.0,100288000.0,right
223527,594977.0,681171.0,9851243.0,-51666.0,55395.0,-51134.0,22400000.0,56563000.0,100288000.0,right
223537,603357.0,742225.0,9878777.0,-68178.0,38350.0,-66581.0,22400000.0,56563000.0,100288000.0,right
223547,556668.0,780533.0,9860820.0,-58058.0,5326.0,-67113.0,22400000.0,56563000.0,100288000.0,right
223557,531528.0,846376.0,9775823.0,-45807.0,-40481.0,-49536.0,22400000.0,56563000.0,100288000.0,right
223567,611737.0,679974.0,9636955.0,12250.0,-76701.0,-42079.0,22400000.0,56563000.0,100288000.0,right
223577,591385.0,871516.0,9444216.0,63917.0,-82560.0,14381.0,22400000.0,56563000.0,100288000.0,right
223587,609342.0,781730.0,9296968.0,54862.0,-73505.0,36752.0,22400000.0,56563000.0,100288000.0,right
223597,620117.0,668002.0,9323305.0,47938.0,-29295.0,53264.0,22400000.0,56563000.0,100288000.0,right
223607,611737.0,609342.0,9494496.0,27165.0,25034.0,50068.0,22400000.0,56563000.0,100288000.0,right
223617,606948.0,566245.0,9653715.0,-14381.0,51666.0,20773.0,22400000.0,56563000.0,100288000.0,right
223627,593780.0,517163.0,9727938.0,-52199.0,46873.0,-5326.0,22400000.0,56563000.0,100288000.0,right
223637,593780.0,531528.0,9727938.0,-54862.0,31426.0,-21838.0,22400000.0,56563000.0,100288000.0,right
223647,585400.0,563851.0,9706389.0,-26632.0,3195.0,-25567.0,22400000.0,56563000.0,100288000.0,right
223657,616525.0,632088.0,9622590.0,11718.0,-29828.0,-22903.0,22400000.0,56563000.0,100288000.0,right
223667,618920.0,691945.0,9489707.0,44742.0,-44209.0,-12250.0,22400000.0,56563000.0,100288000.0,right
223677,642862.0,700325.0,9471750.0,56993.0,-36220.0,7989.0,22400000.0,56563000.0,100288000.0,right
223687,666805.0,694339.0,9529213.0,52199.0,-10652.0,26632.0,22400000.0,56563000.0,100288000.0,right
223697,669199.0,691945.0,9604633.0,35154.0,21305.0,24501.0,22400000.0,56563000.0,100288000.0,right
223707,660819.0,652439.0,9651321.0,7457.0,50601.0,15979.0,22400000.0,56563000.0,100288000.0,right
223777,490826.0,714691.0,9827300.0,25034.0,-22903.0,37818.0,22400000.0,56563000.0,100288000.0,right
223787,507586.0,659622.0,9774626.0,43677.0,-35687.0,56993.0,22400000.0,56563000.0,100288000.0,right
223797,521951.0,640468.0,9732726.0,42611.0,-37285.0,56460.0,22400000.0,56563000.0,100288000.0,right
223807,536317.0,608145.0,9644138.0,36752.0,-27165.0,49536.0,22400000.0,56563000.0,100288000.0,right
223817,545894.0,579414.0,9567521.0,27165.0,-9587.0,45275.0,22400000.0,56563000.0,100288000.0,right
223827,554274.0,600962.0,9534001.0,11185.0,9587.0,37285.0,22400000.0,56563000.0,100288000.0,right
223837,553077.0,507586.0,9555550.0,-49536.0,22903.0,8522.0,22400000.0,56563000.0,100288000.0,right
223847,529134.0,438152.0,9621392.0,-17577.0,45275.0,-20240.0,22400000.0,56563000.0,100288000.0,right
223857,527937.0,608145.0,9717163.0,-22371.0,51666.0,7989.0,22400000.0,56563000.0,100288000.0,right
223867,551880.0,610540.0,9817723.0,-31426.0,41013.0,5326.0,22400000.0,56563000.0,100288000.0,right
223878,547091.0,671594.0,9851243.0,-8522.0,31958.0,-1597.0,22400000.0,56563000.0,100288000.0,right
223887,561457.0,770956.0,9814132.0,5326.0,15446.0,1065.0,22400000.0,56563000.0,100288000.0,right
223898,586597.0,784124.0,9726741.0,5326.0,2663.0,14381.0,22400000.0,56563000.0,100288000.0,right
223908,614131.0,781730.0,9639350.0,11185.0,9587.0,34622.0,22400000.0,56563000.0,100288000.0,right
223918,598568.0,752999.0,9609421.0,22371.0,26099.0,46340.0,22400000.0,56563000.0,100288000.0,right
223928,587794.0,725465.0,9632167.0,19175.0,53264.0,51666.0,22400000.0,56563000.0,100288000.0,right
223938,581808.0,678776.0,9742303.0,-2663.0,84691.0,49536.0,22400000.0,56563000.0,100288000.0,right
223948,521951.0,677579.0,9889551.0,-31426.0,97474.0,40481.0,22400000.0,56563000.0,100288000.0,right
223958,460897.0,596174.0,9991308.0,-52732.0,87354.0,38883.0,22400000.0,56563000.0,100288000.0,right
223968,409420.0,511177.0,9994899.0,-56460.0,57526.0,46340.0,22400000.0,56563000.0,100288000.0,right
223978,404632.0,511177.0,9975745.0,-42611.0,24501.0,37285.0,22400000.0,56563000.0,100288000.0,right
223988,366324.0,572231.0,9852440.0,-26632.0,-5859.0,22371.0,22400000.0,56563000.0,100288000.0,right
223998,403435.0,636877.0,9689629.0,-33556.0,-27165.0,22371.0,22400000.0,56563000.0,100288000.0,right
224008,460897.0,549486.0,9623787.0,-25034.0,-17577.0,20773.0,22400000.0,56563000.0,100288000.0,right
224018,481249.0,666805.0,9629772.0,-10120.0,14914.0,38350.0,22400000.0,56563000.0,100288000.0,right
224028,527937.0,673988.0,9698009.0,-35687.0,38350.0,31426.0,22400000.0,56563000.0,100288000.0,right
224038,506389.0,690748.0,9763852.0,-55928.0,51666.0,22903.0,22400000.0,56563000.0,100288000.0,right
224048,508783.0,715888.0,9809343.0,-61787.0,55395.0,30360.0,22400000.0,56563000.0,100288000.0,right
224058,470474.0,660819.0,9797372.0,-53264.0,47938.0,49003.0,22400000.0,56563000.0,100288000.0,right
224068,466883.0,640468.0,9766246.0,-31958.0,30360.0,67646.0,22400000.0,56563000.0,100288000.0,right
224078,450123.0,717085.0,9720755.0,-22371.0,14381.0,76701.0,22400000.0,56563000.0,100288000.0,right
224088,454912.0,539908.0,9613013.0,-34622.0,-1065.0,69776.0,22400000.0,56563000.0,100288000.0,right
224098,446532.0,543500.0,9573507.0,0.0,8522.0,99605.0,22400000.0,56563000.0,100288000.0,right
224108,502797.0,525543.0,9571113.0,-2663.0,22903.0,116117.0,22400000.0,56563000.0,100288000.0,right
224118,547091.0,567443.0,9620195.0,-8522.0,36752.0,102801.0,22400000.0,56563000.0,100288000.0,right
224128,551880.0,575823.0,9674067.0,-42079.0,27165.0,91082.0,22400000.0,56563000.0,100288000.0,right
224138,557866.0,426180.0,9534001.0,-36220.0,25034.0,91082.0,22400000.0,56563000.0,100288000.0,right
224148,591385.0,500403.0,9450202.0,-5326.0,57526.0,115584.0,22400000.0,56563000.0,100288000.0,right
224158,600962.0,544697.0,9505270.0,-1065.0,95876.0,119313.0,22400000.0,56563000.0,100288000.0,right
224168,609342.0,586597.0,9517242.0,-17577.0,130498.0,120911.0,22400000.0,56563000.0,100288000.0,right
224178,634482.0,664411.0,9571113.0,-41546.0,163523.0,123574.0,22400000.0,56563000.0,100288000.0,right
224188,618920.0,769759.0,9737515.0,-67646.0,177371.0,132629.0,22400000.0,56563000.0,100288000.0,right
224198,596174.0,774547.0,9756669.0,-96409.0,166186.0,156065.0,22400000.0,56563000.0,100288000.0,right
224208,573428.0,747013.0,9681249.0,-76168.0,169382.0,181633.0,22400000.0,56563000.0,100288000.0,right
224218,518360.0,894261.0,9642941.0,-67646.0,181100.0,239691.0,22400000.0,56563000.0,100288000.0,right
224228,509980.0,997215.0,9556747.0,-103333.0,197079.0,299348.0,22400000.0,56563000.0,100288000.0,right
224238,506389.0,1064255.0,9489707.0,-141151.0,231169.0,359537.0,22400000.0,56563000.0,100288000.0,right
224248,481249.0,1174391.0,9484919.0,-155533.0,283368.0,430912.0,22400000.0,56563000.0,100288000.0,right
224258,423786.0,1276148.0,9498087.0,-160859.0,339829.0,529985.0,22400000.0,56563000.0,100288000.0,right
224268,426180.0,1272557.0,9523227.0,-144347.0,406410.0,652494.0,22400000.0,56563000.0,100288000.0,right
224569,-2852778.0,8838465.0,6926636.0,1082341.0,-147543.0,2983896.0,22410000.0,56555000.0,100288000.0,right
224579,-1834014.0,6605803.0,6209551.0,624263.0,-123574.0,3644380.0,22410000.0,56555000.0,100288000.0,right
224589,-963695.0,6328068.0,5673233.0,563009.0,70309.0,4351737.0,22410000.0,56555000.0,100288000.0,right
224599,-900247.0,8035185.0,5924632.0,943852.0,468730.0,5289730.0,22410000.0,56555000.0,100288000.0,right
224609,-1436564.0,10149330.0,6715940.0,1268235.0,800570.0,6482863.0,22410000.0,56555000.0,100288000.0,right
224619,-2317657.0,11390762.0,7655693.0,1338012.0,993389.0,7879467.0,22410000.0,56555000.0,100288000.0,right
224629,-3733871.0,11953416.0,7984906.0,1150520.0,1107908.0,9380470.0,22410000.0,56555000.0,100288000.0,right
224639,-5456552.0,12457411.0,7607807.0,765948.0,1192067.0,10867624.0,22410000.0,56555000.0,100288000.0,right
224649,-7656890.0,12111438.0,6879948.0,176306.0,1393408.0,12311634.0,22410000.0,56555000.0,100288000.0,right
224659,-10346858.0,11451816.0,6305322.0,-365396.0,1799818.0,13746056.0,22410000.0,56555000.0,100288000.0,right
224669,-13161328.0,10691633.0,5493663.0,-784591.0,2224872.0,15016422.0,22410000.0,56555000.0,100288000.0,right
224679,-14159740.0,8727131.0,5491269.0,-774470.0,2443258.0,15764793.0,22410000.0,56555000.0,100288000.0,right
224689,-14393182.0,7249863.0,5722316.0,-197079.0,2748465.0,16133386.0,22410000.0,56555000.0,100288000.0,right
224699,-14646975.0,6525595.0,5698373.0,637047.0,3272058.0,15762662.0,22410000.0,56555000.0,100288000.0,right
224709,-16125440.0,4635315.0,6809317.0,1175022.0,3747181.0,14556747.0,22410000.0,56555000.0,100288000.0,right
224719,-17876852.0,492023.0,9924268.0,876739.0,4048660.0,13294370.0,22410000.0,56555000.0,100288000.0,right
224729,-17825375.0,-4713129.0,12710007.0,256203.0,4017766.0,12759591.0,22410000.0,56555000.0,100288000.0,right
224739,-17603904.0,-9557944.0,13922707.0,162457.0,3512815.0,12713251.0,22410000.0,56555000.0,100288000.0,right
224749,-16305010.0,-14022069.0,14308185.0,606153.0,2888019.0,12423490.0,22410000.0,56555000.0,100288000.0,right
224759,-14881614.0,-16437893.0,14948654.0,1518580.0,2391058.0,11487094.0,22410000.0,56555000.0,100288000.0,right
224769,-13520469.0,-17359688.0,15739962.0,2272810.0,1832843.0,9528013.0,22410000.0,56555000.0,100288000.0,right
224779,-11770254.0,-16476201.0,15710033.0,2512502.0,1126551.0,6774754.0,22410000.0,56555000.0,100288000.0,right
224789,-10281015.0,-13478569.0,14785843.0,1989441.0,275911.0,3702971.0,22410000.0,56555000.0,100288000.0,right
224799,-9149720.0,-10134964.0,13485752.0,858629.0,-625329.0,894316.0,22410000.0,56555000.0,100288000.0,right
224809,-7987300.0,-7162472.0,12075524.0,-371255.0,-1359851.0,-1151585.0,22410000.0,56555000.0,100288000.0,right
224819,-6693195.0,-4600598.0,10556357.0,-1262909.0,-1817928.0,-2368154.0,22410000.0,56555000.0,100288000.0,right
224829,-5494860.0,-2448145.0,9380768.0,-1558529.0,-1923925.0,-2953535.0,22410000.0,56555000.0,100288000.0,right
224839,-4340820.0,-708705.0,8743891.0,-1380624.0,-1730041.0,-3090425.0,22410000.0,56555000.0,100288000.0,right
224849,-3308887.0,420195.0,8697202.0,-1077014.0,-1453597.0,-2947676.0,22410000.0,56555000.0,100288000.0,right
224859,-2270969.0,1070240.0,8786988.0,-806429.0,-1198991.0,-2640870.0,22410000.0,56555000.0,100288000.0,right
224869,-1398256.0,1508393.0,8814522.0,-514538.0,-959832.0,-2322346.0,22410000.0,56555000.0,100288000.0,right
224879,-837996.0,1675992.0,8845647.0,-256203.0,-735054.0,-2066142.0,22410000.0,56555000.0,100288000.0,right
224889,-380689.0,1825634.0,9030007.0,-120911.0,-544899.0,-1791296.0,22410000.0,56555000.0,100288000.0,right
224899,94573.0,2000416.0,9204789.0,-55395.0,-384572.0,-1510590.0,22410000.0,56555000.0,100288000.0,right
224909,426180.0,2055484.0,9452596.0,-41546.0,-256736.0,-1264507.0,22410000.0,56555000.0,100288000.0,right
224919,634482.0,1672400.0,9961380.0,21838.0,-178437.0,-1048251.0,22410000.0,56555000.0,100288000.0,right
224929,778139.0,1575432.0,10371998.0,136890.0,-158196.0,-819745.0,22410000.0,56555000.0,100288000.0,right
224939,930175.0,1476070.0,10458192.0,187492.0,-188024.0,-671669.0,22410000.0,56555000.0,100288000.0,right
224949,1047495.0,1436564.0,10340872.0,170980.0,-233832.0,-591239.0,22410000.0,56555000.0,100288000.0,right
224959,1138477.0,1494027.0,10216370.0,114519.0,-264726.0,-549693.0,22410000.0,56555000.0,100288000.0,right
224969,1164814.0,1607755.0,10158907.0,42079.0,-271118.0,-519864.0,22410000.0,56555000.0,100288000.0,right
225039,561457.0,266961.0,9931451.0,85223.0,-159794.0,132629.0,22410000.0,56555000.0,100288000.0,right
225049,526740.0,-4788.0,9818920.0,117715.0,-175241.0,150739.0,22410000.0,56555000.0,100288000.0,right
225059,537514.0,-111333.0,9779415.0,131564.0,-175241.0,133162.0,22410000.0,56555000.0,100288000.0,right
225069,544697.0,-96968.0,9732726.0,131031.0,-167784.0,68711.0,22410000.0,56555000.0,100288000.0,right
225079,537514.0,-40702.0,9529213.0,103866.0,-162457.0,-9055.0,22410000.0,56555000.0,100288000.0,right
225089,544697.0,154430.0,9372388.0,42079.0,-136890.0,-73505.0,22410000.0,56555000.0,100288000.0,right
225099,459700.0,404632.0,9493299.0,-12783.0,-96409.0,-118247.0,22410000.0,56555000.0,100288000.0,right
225110,351958.0,481249.0,9658504.0,-64983.0,-73505.0,-116117.0,22410000.0,56555000.0,100288000.0,right
225119,314847.0,453715.0,9695615.0,-100670.0,-69244.0,-60721.0,22410000.0,56555000.0,100288000.0,right
225129,313649.0,269355.0,9708784.0,-64450.0,-66048.0,-24501.0,22410000.0,56555000.0,100288000.0,right
225139,326818.0,252595.0,9725543.0,-7989.0,-60721.0,5326.0,22410000.0,56555000.0,100288000.0,right
225150,357944.0,189147.0,9659701.0,4793.0,-64450.0,12783.0,22410000.0,56555000.0,100288000.0,right
225160,373506.0,89785.0,9607027.0,17044.0,-63385.0,15446.0,22410000.0,56555000.0,100288000.0,right
225170,374703.0,4788.0,9660898.0,45807.0,-54330.0,14914.0,22410000.0,56555000.0,100288000.0,right
225180,456109.0,35914.0,9771035.0,75103.0,-44742.0,7989.0,22410000.0,56555000.0,100288000.0,right
225190,545894.0,245413.0,9841666.0,75103.0,-47938.0,-21305.0,22410000.0,56555000.0,100288000.0,right
225200,555471.0,407026.0,9753078.0,34089.0,-58058.0,-68178.0,22410000.0,56555000.0,100288000.0,right
225210,531528.0,466883.0,9668081.0,-28763.0,-59123.0,-84158.0,22410000.0,56555000.0,100288000.0,right
225220,488432.0,501600.0,9656109.0,-60721.0,-53797.0,-58058.0,22410000.0,56555000.0,100288000.0,right
225230,451320.0,489629.0,9617801.0,-43677.0,-49003.0,-19707.0,22410000.0,56555000.0,100288000.0,right
225240,420195.0,440546.0,9581887.0,-15446.0,-43677.0,7989.0,22410000.0,56555000.0,100288000.0,right
225250,399843.0,361535.0,9591464.0,-1065.0,-35154.0,15979.0,22410000.0,56555000.0,100288000.0,right
225260,373506.0,295692.0,9618998.0,4261.0,-20240.0,15446.0,22410000.0,56555000.0,100288000.0,right
225270,386675.0,274144.0,9705192.0,20240.0,2663.0,7457.0,22410000.0,56555000.0,100288000.0,right
225280,447729.0,318438.0,9836877.0,29295.0,23436.0,-9587.0,22410000.0,56555000.0,100288000.0,right
225290,475263.0,490826.0,9987717.0,10120.0,23969.0,-44742.0,22410000.0,56555000.0,100288000.0,right
225300,513571.0,677579.0,10043982.0,-29828.0,3195.0,-67646.0,22410000.0,56555000.0,100288000.0,right
225310,513571.0,755393.0,9953000.0,-61254.0,-20240.0,-56993.0,22410000.0,56555000.0,100288000.0,right
225320,493220.0,770956.0,9799766.0,-56993.0,-32491.0,-15446.0,22410000.0,56555000.0,100288000.0,right
225330,464489.0,711099.0,9680052.0,-20773.0,-41013.0,26099.0,22410000.0,56555000.0,100288000.0,right
225340,418998.0,591385.0,9569916.0,16512.0,-39948.0,61254.0,22410000.0,56555000.0,100288000.0,right
225350,374703.0,480052.0,9555550.0,40481.0,-15979.0,86289.0,22410000.0,56555000.0,100288000.0,right
225360,322029.0,414209.0,9624984.0,41546.0,18642.0,86821.0,22410000.0,56555000.0,100288000.0,right
225370,289707.0,337592.0,9759063.0,19707.0,39415.0,71907.0,22410000.0,56582000.0,100286000.0,right
225380,319635.0,325621.0,9933845.0,-11718.0,44742.0,61787.0,22410000.0,56582000.0,100286000.0,right
225390,356746.0,396252.0,10049968.0,-42079.0,27165.0,43677.0,22410000.0,56582000.0,100286000.0,right
225400,324424.0,508783.0,10032011.0,-70309.0,-15446.0,28230.0,22410000.0,56582000.0,100286000.0,right
225410,336395.0,465686.0,9868003.0,-83625.0,-59123.0,26632.0,22410000.0,56582000.0,100286000.0,right
225420,355549.0,361535.0,9732726.0,-41013.0,-75103.0,46340.0,22410000.0,56582000.0,100286000.0,right
225430,393858.0,454912.0,9700404.0,-1065.0,-69776.0,72440.0,22410000.0,56582000.0,100286000.0,right
225440,459700.0,557866.0,9674067.0,2663.0,-56993.0,64983.0,22410000.0,56582000.0,100286000.0,right
225450,459700.0,622511.0,9585478.0,-22371.0,-37285.0,60721.0,22410000.0,56582000.0,100286000.0,right
225460,438152.0,549486.0,9530410.0,-58058.0,-11185.0,73505.0,22410000.0,56582000.0,100286000.0,right
225470,438152.0,549486.0,9530410.0,-58058.0,-11185.0,73505.0,22410000.0,56582000.0,100286000.0,right
225480,379492.0,363929.0,9529213.0,-67646.0,11718.0,87354.0,22410000.0,56582000.0,100286000.0,right
225490,329212.0,198724.0,9547170.0,-50068.0,31426.0,81495.0,22410000.0,56582000.0,100286000.0,right
225500,298087.0,148445.0,9593858.0,-32491.0,49536.0,60721.0,22410000.0,56582000.0,100286000.0,right
225511,302875.0,210696.0,9652518.0,-33024.0,48471.0,30360.0,22410000.0,56582000.0,100286000.0,right
225520,269355.0,243018.0,9707586.0,-45807.0,31958.0,7989.0,22410000.0,56582000.0,100286000.0,right
225640,359141.0,598568.0,9786597.0,46873.0,-79897.0,-82560.0,22410000.0,56582000.0,100286000.0,right
225650,344775.0,626102.0,9777020.0,48471.0,-82560.0,-79364.0,22410000.0,56582000.0,100286000.0,right
225660,325621.0,566245.0,9753078.0,69776.0,-85756.0,-68178.0,22410000.0,56582000.0,100286000.0,right
225670,338789.0,478854.0,9786597.0,99072.0,-101203.0,-56993.0,22410000.0,56582000.0,100286000.0,right
225680,387872.0,440546.0,9850046.0,120911.0,-120911.0,-54330.0,22410000.0,56582000.0,100286000.0,right
225690,399843.0,469277.0,9866806.0,139021.0,-137955.0,-69776.0,22410000.0,56582000.0,100286000.0,right
225700,421392.0,556668.0,9912297.0,150206.0,-150206.0,-93213.0,22410000.0,56582000.0,100286000.0,right
225711,445335.0,644059.0,9957788.0,136357.0,-160327.0,-102268.0,22410000.0,56582000.0,100286000.0,right
225720,465686.0,688353.0,9935042.0,105997.0,-169914.0,-98007.0,22410000.0,56582000.0,100286000.0,right
225730,484840.0,681171.0,9844060.0,82560.0,-167784.0,-86821.0,22410000.0,56582000.0,100286000.0,right
225740,502797.0,597371.0,9754275.0,73505.0,-155000.0,-75103.0,22410000.0,56582000.0,100286000.0,right
225750,518360.0,495614.0,9696812.0,69776.0,-143282.0,-67646.0,22410000.0,56582000.0,100286000.0,right
225761,526740.0,498009.0,9672869.0,75636.0,-125705.0,-69776.0,22410000.0,56582000.0,100286000.0,right
225771,508783.0,541106.0,9708784.0,96942.0,-113986.0,-77766.0,22410000.0,56582000.0,100286000.0,right
225781,503994.0,527937.0,9787795.0,117182.0,-118780.0,-79897.0,22410000.0,56582000.0,100286000.0,right
225791,527937.0,568640.0,9817723.0,129966.0,-122509.0,-71907.0,22410000.0,56582000.0,100286000.0,right
225801,551880.0,614131.0,9799766.0,145945.0,-116117.0,-71374.0,22410000.0,56582000.0,100286000.0,right
225811,562654.0,664411.0,9803357.0,143282.0,-102801.0,-73505.0,22410000.0,56582000.0,100286000.0,right
225821,600962.0,723070.0,9790189.0,119313.0,-78831.0,-64983.0,22410000.0,56582000.0,100286000.0,right
225831,606948.0,797293.0,9797372.0,86821.0,-47405.0,-60189.0,22410000.0,56582000.0,100286000.0,right
225841,587794.0,828419.0,9784203.0,54330.0,-11185.0,-58591.0,22410000.0,56582000.0,100286000.0,right
225851,568640.0,816447.0,9814132.0,13316.0,25567.0,-51666.0,22410000.0,56582000.0,100286000.0,right
225861,536317.0,804476.0,9847651.0,-22903.0,46873.0,-44209.0,22410000.0,56582000.0,100286000.0,right
225871,495614.0,741028.0,9829694.0,-37818.0,52732.0,-36220.0,22410000.0,56582000.0,100286000.0,right
225881,427378.0,600962.0,9763852.0,-33024.0,49003.0,-25034.0,22410000.0,56582000.0,100286000.0,right
225891,416603.0,456109.0,9737515.0,-19707.0,39948.0,-11185.0,22410000.0,56582000.0,100286000.0,right
225901,456109.0,415406.0,9715966.0,-12783.0,34622.0,-15446.0,22410000.0,56582000.0,100286000.0,right
225911,495614.0,466883.0,9721952.0,-13848.0,30360.0,-43144.0,22410000.0,56582000.0,100286000.0,right
225921,525543.0,539908.0,9763852.0,-20773.0,18642.0,-66581.0,22410000.0,56582000.0,100286000.0,right
225931,572231.0,526740.0,9733923.0,-33024.0,4793.0,-83625.0,22410000.0,56582000.0,100286000.0,right
225941,610540.0,545894.0,9686038.0,-49536.0,-2130.0,-92680.0,22410000.0,56582000.0,100286000.0,right
225951,647651.0,587794.0,9647730.0,-54330.0,-1597.0,-100670.0,22410000.0,56582000.0,100286000.0,right
225961,671594.0,608145.0,9554353.0,-49536.0,4793.0,-102801.0,22410000.0,56582000.0,100286000.0,right
225971,691945.0,614131.0,9514847.0,-43144.0,9587.0,-99605.0,22410000.0,56582000.0,100286000.0,right
225981,694339.0,602160.0,9501679.0,-39948.0,0.0,-88952.0,22410000.0,56582000.0,100286000.0,right
225991,702719.0,562654.0,9470553.0,-28763.0,-22903.0,-75103.0,22410000.0,56582000.0,100286000.0,right
226001,719479.0,590188.0,9466962.0,-14914.0,-47938.0,-62319.0,22410000.0,56582000.0,100286000.0,right
226011,762576.0,639271.0,9439428.0,-6924.0,-71907.0,-53797.0,22410000.0,56582000.0,100286000.0,right
226021,798490.0,618920.0,9396331.0,1597.0,-86289.0,-40481.0,22410000.0,56582000.0,100286000.0,right
226031,815250.0,515966.0,9367599.0,8522.0,-93213.0,-18642.0,22410000.0,56582000.0,100286000.0,right
226041,849967.0,460897.0,9397528.0,8522.0,-93213.0,-5326.0,22410000.0,56582000.0,100286000.0,right
226051,875107.0,435758.0,9374782.0,4793.0,-91615.0,-10120.0,22410000.0,56582000.0,100286000.0,right
226061,890670.0,457306.0,9364008.0,8522.0,-86821.0,-26632.0,22410000.0,56582000.0,100286000.0,right
226071,928978.0,533923.0,9457385.0,-2130.0,-70309.0,-46340.0,22410000.0,56582000.0,100286000.0,right
226081,928978.0,657228.0,9581887.0,-25034.0,-66581.0,-59123.0,22410000.0,56582000.0,100286000.0,right
226091,931372.0,745816.0,9589070.0,-31426.0,-71907.0,-51666.0,22410000.0,56582000.0,100286000.0,right
226101,917007.0,708705.0,9611815.0,-13848.0,-78831.0,-22903.0,22410000.0,56582000.0,100286000.0,right
226111,939752.0,602160.0,9633364.0,15446.0,-84691.0,17577.0,22410000.0,56582000.0,100286000.0,right
226121,927781.0,529134.0,9658504.0,45807.0,-93746.0,45275.0,22410000.0,56582000.0,100286000.0,right
226131,918204.0,435758.0,9624984.0,79364.0,-107594.0,51666.0,22410000.0,56582000.0,100286000.0,right
226141,919401.0,367521.0,9535199.0,112388.0,-109725.0,51134.0,22410000.0,56582000.0,100286000.0,right
226151,966089.0,379492.0,9567521.0,126237.0,-87886.0,38883.0,22410000.0,56582000.0,100286000.0,right
226161,1031932.0,465686.0,9662095.0,105464.0,-56993.0,18642.0,22410000.0,56582000.0,100286000.0,right
226171,1076226.0,590188.0,9762655.0,67113.0,-20773.0,1065.0,22410000.0,56582000.0,100286000.0,right
226181,1070240.0,669199.0,9847651.0,42079.0,14914.0,-7457.0,22410000.0,56582000.0,100286000.0,right
226191,1079817.0,712296.0,9889551.0,33024.0,46873.0,-2663.0,22410000.0,56582000.0,100286000.0,right
226201,1057072.0,769759.0,9992505.0,30360.0,71374.0,12783.0,22410000.0,56582000.0,100286000.0,right
226211,996018.0,796096.0,10099050.0,30360.0,77234.0,28230.0,22410000.0,56582000.0,100286000.0,right
226221,895458.0,782927.0,10107430.0,33024.0,76168.0,43677.0,22410000.0,56582000.0,100286000.0,right
226231,810461.0,732648.0,10133767.0,37285.0,72440.0,61787.0,22410000.0,56582000.0,100286000.0,right
226241,726662.0,642862.0,10115810.0,46340.0,51134.0,75636.0,22410000.0,56582000.0,100286000.0,right
226251,694339.0,550683.0,10000885.0,54862.0,18642.0,76701.0,22410000.0,56582000.0,100286000.0,right
226261,724268.0,506389.0,9816526.0,58591.0,-20240.0,76701.0,22410000.0,56582000.0,100286000.0,right
226271,853558.0,542303.0,9617801.0,60189.0,-51666.0,81495.0,22410000.0,56582000.0,100286000.0,right
226281,961301.0,624905.0,9484919.0,58591.0,-62852.0,79897.0,22410000.0,56582000.0,100286000.0,right
226291,968484.0,687156.0,9392739.0,41013.0,-51666.0,84158.0,22410000.0,56582000.0,100286000.0,right
226301,903838.0,726662.0,9393936.0,10652.0,-4793.0,98539.0,22410000.0,56582000.0,100286000.0,right
226311,768562.0,737436.0,9567521.0,-25567.0,59656.0,95876.0,22410000.0,56582000.0,100286000.0,right
226321,636877.0,747013.0,9799766.0,-71907.0,106529.0,88419.0,22410000.0,56582000.0,100286000.0,right
226331,539908.0,744619.0,9955394.0,-107062.0,123041.0,76168.0,22410000.0,56582000.0,100286000.0,right
226341,420195.0,749407.0,9976942.0,-119845.0,114519.0,62319.0,22410000.0,56582000.0,100286000.0,right
226351,330409.0,757787.0,9890748.0,-104931.0,91082.0,53797.0,22410000.0,56582000.0,100286000.0,right
226362,259778.0,752999.0,9778217.0,-76701.0,57526.0,52732.0,22410000.0,56582000.0,100286000.0,right
226371,186753.0,773350.0,9713572.0,-51666.0,12250.0,59123.0,22420000.0,56582000.0,100288000.0,right
226381,156824.0,784124.0,9610618.0,-29295.0,-33024.0,71374.0,22420000.0,56582000.0,100288000.0,right
226392,129290.0,794899.0,9495693.0,-13316.0,-58591.0,74038.0,22420000.0,56582000.0,100288000.0,right
226402,100559.0,758985.0,9414288.0,-5326.0,-63917.0,69776.0,22420000.0,56582000.0,100288000.0,right
226412,87391.0,668002.0,9398725.0,-4261.0,-53797.0,69244.0,22420000.0,56582000.0,100288000.0,right
226422,123305.0,584203.0,9451399.0,-4261.0,-31426.0,58058.0,22420000.0,56582000.0,100288000.0,right
226432,183162.0,577020.0,9568718.0,-6391.0,-6391.0,24501.0,22420000.0,56582000.0,100288000.0,right
226442,202316.0,608145.0,9647730.0,-15979.0,3195.0,-10120.0,22420000.0,56582000.0,100288000.0,right
226452,233441.0,567443.0,9711178.0,-19707.0,-4261.0,-24501.0,22420000.0,56582000.0,100288000.0,right
226462,314847.0,567443.0,9778217.0,-3195.0,-19707.0,-20240.0,22420000.0,56582000.0,100288000.0,right
226472,397449.0,584203.0,9768640.0,23969.0,-42079.0,-22371.0,22420000.0,56582000.0,100288000.0,right
226482,481249.0,587794.0,9669278.0,46340.0,-58058.0,-29828.0,22420000.0,56582000.0,100288000.0,right
226492,575823.0,598568.0,9562733.0,58591.0,-52199.0,-29295.0,22420000.0,56582000.0,100288000.0,right
226502,666805.0,598568.0,9562733.0,64450.0,-20240.0,-31426.0,22420000.0,56582000.0,100288000.0,right
226512,731450.0,592582.0,9555550.0,49003.0,22903.0,-45807.0,22420000.0,56582000.0,100288000.0,right
226522,731450.0,592582.0,9555550.0,49003.0,22903.0,-45807.0,22420000.0,56582000.0,100288000.0,right
226532,749407.0,586597.0,9634561.0,13848.0,61787.0,-68178.0,22420000.0,56582000.0,100288000.0,right
226542,779336.0,665608.0,9768640.0,-28230.0,85223.0,-90550.0,22420000.0,56582000.0,100288000.0,right
226552,812856.0,772153.0,9827300.0,-56993.0,82560.0,-92680.0,22420000.0,56582000.0,100288000.0,right
226562,780533.0,772153.0,9808146.0,-52732.0,64450.0,-69776.0,22420000.0,56582000.0,100288000.0,right
226572,796096.0,687156.0,9833286.0,-23969.0,39415.0,-18642.0,22420000.0,56582000.0,100288000.0,right
226582,785322.0,569837.0,9829694.0,23436.0,10652.0,22371.0,22420000.0,56582000.0,100288000.0,right
226592,798490.0,499206.0,9780612.0,58058.0,-17044.0,34622.0,22420000.0,56582000.0,100288000.0,right
226602,820039.0,469277.0,9682446.0,62852.0,-29295.0,41013.0,22420000.0,56582000.0,100288000.0,right
226612,864333.0,369915.0,9617801.0,47938.0,-25034.0,38350.0,22420000.0,56582000.0,100288000.0,right
226622,897853.0,266961.0,9613013.0,28763.0,-10652.0,24501.0,22420000.0,56582000.0,100288000.0,right
226632,936161.0,260975.0,9634561.0,9587.0,12783.0,-4793.0,22420000.0,56582000.0,100288000.0,right
226642,928978.0,374703.0,9674067.0,-15979.0,38883.0,-49536.0,22420000.0,56582000.0,100288000.0,right
226652,920598.0,475263.0,9786597.0,-39948.0,55395.0,-79364.0,22420000.0,56582000.0,100288000.0,right
226662,907430.0,638074.0,9996096.0,-54862.0,52732.0,-79364.0,22420000.0,56582000.0,100288000.0,right
226672,885881.0,775745.0,10047573.0,-57526.0,24501.0,-64450.0,22420000.0,56582000.0,100288000.0,right
226682,851164.0,808067.0,9956591.0,-55395.0,-13316.0,-37818.0,22420000.0,56582000.0,100288000.0,right
226692,803279.0,762576.0,9883566.0,-44209.0,-49003.0,532.0,22420000.0,56582000.0,100288000.0,right
226702,761379.0,709902.0,9838074.0,-14381.0,-77766.0,27697.0,22420000.0,56582000.0,100288000.0,right
226712,731450.0,666805.0,9759063.0,9587.0,-98539.0,36752.0,22420000.0,56582000.0,100288000.0,right
226722,703916.0,650045.0,9656109.0,15446.0,-99072.0,32491.0,22420000.0,56582000.0,100288000.0,right
226732,676382.0,656031.0,9626181.0,-1065.0,-75636.0,21838.0,22420000.0,56582000.0,100288000.0,right
226742,687156.0,719479.0,9658504.0,-31958.0,-43677.0,8522.0,22420000.0,56582000.0,100288000.0,right
226752,733845.0,786519.0,9662095.0,-61787.0,-22903.0,-12250.0,22420000.0,56582000.0,100288000.0,right
226762,742225.0,883487.0,9666884.0,-80962.0,-11718.0,-27165.0,22420000.0,56582000.0,100288000.0,right
226772,741028.0,985244.0,9700404.0,-91082.0,-13316.0,-17577.0,22420000.0,56582000.0,100288000.0,right
226782,715888.0,1023552.0,9664489.0,-84691.0,-25567.0,13316.0,22420000.0,56582000.0,100288000.0,right
226792,659622.0,969681.0,9627378.0,-49536.0,-36752.0,47405.0,22420000.0,56582000.0,100288000.0,right
226802,597371.0,864333.0,9627378.0,-10120.0,-46873.0,76701.0,22420000.0,56582000.0,100288000.0,right
226813,551880.0,749407.0,9583084.0,8522.0,-49003.0,96409.0,22420000.0,56582000.0,100288000.0,right
226822,501600.0,624905.0,9549564.0,12250.0,-38350.0,95344.0,22420000.0,56582000.0,100288000.0,right
226832,442940.0,508783.0,9510059.0,8522.0,-18110.0,85223.0,22420000.0,56582000.0,100288000.0,right
226842,440546.0,411815.0,9466962.0,-1065.0,6924.0,61254.0,22420000.0,56582000.0,100288000.0,right
226852,450123.0,397449.0,9470553.0,-10120.0,29295.0,26632.0,22420000.0,56582000.0,100288000.0,right
226862,507586.0,458503.0,9537593.0,-19175.0,44742.0,-1065.0,22420000.0,56582000.0,100288000.0,right
226872,560260.0,608145.0,9636955.0,-21838.0,47405.0,-18642.0,22420000.0,56582000.0,100288000.0,right
226882,622511.0,739830.0,9690826.0,-15446.0,38350.0,-22371.0,22420000.0,56582000.0,100288000.0,right
226892,647651.0,811659.0,9687235.0,-6924.0,21305.0,0.0,22420000.0,56582000.0,100288000.0,right
226902,666805.0,802082.0,9663292.0,-4793.0,9587.0,24501.0,22420000.0,56582000.0,100288000.0,right
226912,653637.0,767365.0,9603435.0,-532.0,6924.0,40481.0,22420000.0,56582000.0,100288000.0,right
226922,624905.0,752999.0,9542381.0,16512.0,22371.0,55928.0,22420000.0,56582000.0,100288000.0,right
226982,550683.0,359141.0,9627378.0,-14914.0,103333.0,58058.0,22420000.0,56582000.0,100288000.0,right
226992,561457.0,357944.0,9635758.0,-17044.0,93213.0,44209.0,22420000.0,56582000.0,100288000.0,right
227002,603357.0,383083.0,9654912.0,-13848.0,78299.0,40481.0,22420000.0,56582000.0,100288000.0,right
227013,623708.0,392661.0,9647730.0,-2130.0,56993.0,47938.0,22420000.0,56582000.0,100288000.0,right
227023,673988.0,348366.0,9653715.0,8522.0,41546.0,61254.0,22420000.0,56582000.0,100288000.0,right
227033,719479.0,312452.0,9699206.0,22903.0,42611.0,64983.0,22420000.0,56582000.0,100288000.0,right
227043,758985.0,306467.0,9784203.0,38883.0,50068.0,51666.0,22420000.0,56582000.0,100288000.0,right
227053,823630.0,345972.0,9860820.0,38883.0,58591.0,25034.0,22420000.0,56582000.0,100288000.0,right
227063,860741.0,444137.0,9949408.0,18642.0,68178.0,0.0,22420000.0,56582000.0,100288000.0,right
227073,869121.0,495614.0,9987717.0,3728.0,76168.0,-25567.0,22420000.0,56582000.0,100288000.0,right
227083,847573.0,594977.0,10029616.0,-6924.0,78299.0,-39948.0,22420000.0,56582000.0,100288000.0,right
227093,808067.0,668002.0,10071516.0,-8522.0,70309.0,-37285.0,22420000.0,56582000.0,100288000.0,right
227103,729056.0,652439.0,10070319.0,-2130.0,47405.0,-20240.0,22420000.0,56582000.0,100288000.0,right
227113,682368.0,604554.0,10045179.0,27165.0,11718.0,2130.0,22420000.0,56582000.0,100288000.0,right
227123,653637.0,583005.0,9998491.0,82027.0,-20240.0,11185.0,22420000.0,56582000.0,100288000.0,right
227133,669199.0,577020.0,9917085.0,110258.0,-46873.0,20773.0,22420000.0,56582000.0,100288000.0,right
227143,696733.0,563851.0,9835680.0,94278.0,-57526.0,29828.0,22420000.0,56582000.0,100288000.0,right
227153,736239.0,539908.0,9784203.0,78299.0,-54862.0,21838.0,22420000.0,56582000.0,100288000.0,right
227163,772153.0,549486.0,9719558.0,63385.0,-35154.0,-532.0,22420000.0,56582000.0,100288000.0,right
227173,802082.0,603357.0,9760260.0,26099.0,-4793.0,-19175.0,22420000.0,56582000.0,100288000.0,right
227183,833207.0,709902.0,9863214.0,-16512.0,22903.0,-37818.0,22420000.0,56582000.0,100288000.0,right
227193,863136.0,875107.0,9958985.0,-47938.0,30360.0,-54862.0,22420000.0,56582000.0,100288000.0,right
227203,829616.0,1016369.0,9933845.0,-67113.0,18642.0,-47938.0,22420000.0,56582000.0,100288000.0,right
227213,797293.0,1071437.0,9811737.0,-67113.0,0.0,-16512.0,22420000.0,56582000.0,100288000.0,right
227223,730253.0,1043903.0,9747092.0,-57526.0,-18110.0,32491.0,22420000.0,56582000.0,100288000.0,right
227293,397449.0,51476.0,9538790.0,-18110.0,12250.0,93213.0,22420000.0,56582000.0,100288000.0,right
227303,441743.0,124502.0,9574704.0,-22903.0,19707.0,38350.0,22420000.0,56582000.0,100288000.0,right
227313,488432.0,290904.0,9587873.0,-33556.0,21838.0,-7989.0,22420000.0,56582000.0,100288000.0,right
227323,561457.0,506389.0,9628575.0,-41013.0,33556.0,-38350.0,22420000.0,56582000.0,100288000.0,right
227333,603357.0,700325.0,9786597.0,-53264.0,41013.0,-58058.0,22420000.0,56582000.0,100288000.0,right
227343,611737.0,866727.0,9832089.0,-68178.0,35687.0,-54330.0,22420000.0,56582000.0,100288000.0,right
227353,628497.0,924190.0,9817723.0,-64983.0,28763.0,-23969.0,22420000.0,56582000.0,100288000.0,right
227363,590188.0,875107.0,9842863.0,-49536.0,23436.0,17577.0,22420000.0,56582000.0,100288000.0,right
227373,574625.0,778139.0,9844060.0,-33556.0,14381.0,50601.0,22420000.0,56582000.0,100286000.0,right
227383,573428.0,672791.0,9760260.0,-15979.0,5859.0,65515.0,22420000.0,56582000.0,100286000.0,right
227393,557866.0,624905.0,9718361.0,-5859.0,5859.0,56993.0,22420000.0,56582000.0,100286000.0,right
227403,515966.0,623708.0,9671672.0,-13316.0,12783.0,40481.0,22420000.0,56582000.0,100286000.0,right
227413,483643.0,641665.0,9615407.0,-29295.0,18110.0,26099.0,22420000.0,56582000.0,100286000.0,right
227423,426180.0,671594.0,9565127.0,-44742.0,22903.0,15979.0,22420000.0,56582000.0,100286000.0,right
227433,383083.0,675185.0,9543579.0,-51666.0,22371.0,19175.0,22420000.0,56582000.0,100286000.0,right
227443,353155.0,657228.0,9505270.0,-44742.0,6924.0,35154.0,22420000.0,56582000.0,100286000.0,right
227453,343578.0,599765.0,9453793.0,-22903.0,-14914.0,48471.0,22420000.0,56582000.0,100286000.0,right
227493,499206.0,476460.0,9385556.0,45807.0,-2130.0,46873.0,22420000.0,56582000.0,100286000.0,right
227503,567443.0,518360.0,9595055.0,25567.0,17577.0,38350.0,22420000.0,56582000.0,100286000.0,right
227513,583005.0,573428.0,9753078.0,14381.0,19707.0,26099.0,22420000.0,56582000.0,100286000.0,right
227523,559063.0,574625.0,9854834.0,18110.0,3195.0,15446.0,22420000.0,56582000.0,100286000.0,right
227533,609342.0,596174.0,9881171.0,31426.0,-22371.0,11718.0,22420000.0,56582000.0,100286000.0,right
227543,664411.0,699128.0,9873988.0,74570.0,-50601.0,16512.0,22420000.0,56582000.0,100286000.0,right
227553,755393.0,829616.0,9881171.0,135292.0,-76168.0,31958.0,22420000.0,56582000.0,100286000.0,right
227564,799687.0,914612.0,9814132.0,176839.0,-103333.0,69776.0,22420000.0,56582000.0,100286000.0,right
227574,842784.0,902641.0,9736318.0,193351.0,-121976.0,125705.0,22420000.0,56582000.0,100286000.0,right
227583,842784.0,902641.0,9736318.0,193351.0,-121976.0,125705.0,22420000.0,56582000.0,100286000.0,right
227593,851164.0,830813.0,9638152.0,206134.0,-121443.0,178437.0,22420000.0,56582000.0,100286000.0,right
227603,835601.0,735042.0,9577098.0,206667.0,-94811.0,221049.0,22420000.0,56582000.0,100286000.0,right
227613,822433.0,727859.0,9587873.0,183231.0,-46340.0,239691.0,22420000.0,56582000.0,100286000.0,right
227623,846376.0,620117.0,9585478.0,92680.0,-2663.0,202939.0,22420000.0,56582000.0,100286000.0,right
227634,815250.0,428575.0,9652518.0,117715.0,60721.0,146478.0,22420000.0,56582000.0,100286000.0,right
227643,752999.0,618920.0,9664489.0,60189.0,103333.0,185361.0,22420000.0,56582000.0,100286000.0,right
227654,803279.0,519557.0,9652518.0,17577.0,133694.0,176306.0,22420000.0,56582000.0,100286000.0,right
227664,755393.0,665608.0,9672869.0,28763.0,164055.0,180567.0,22420000.0,56582000.0,100286000.0,right
227674,744619.0,793702.0,9616604.0,20240.0,173110.0,205069.0,22420000.0,56582000.0,100286000.0,right
227684,754196.0,861938.0,9545973.0,7457.0,181100.0,252475.0,22420000.0,56582000.0,100286000.0,right
227694,723070.0,787716.0,9520833.0,-3728.0,203471.0,288695.0,22420000.0,56582000.0,100286000.0,right
227704,707508.0,796096.0,9555550.0,21838.0,246083.0,336633.0,22420000.0,56582000.0,100286000.0,right
227714,676382.0,814053.0,9569916.0,58058.0,297750.0,379778.0,22420000.0,56582000.0,100286000.0,right
227724,665608.0,811659.0,9585478.0,49536.0,354211.0,414933.0,22420000.0,56582000.0,100286000.0,right
227734,707508.0,784124.0,9686038.0,17044.0,410139.0,444761.0,22420000.0,56582000.0,100286000.0,right
227764,560260.0,1002003.0,10108627.0,-25034.0,496428.0,576325.0,22420000.0,56582000.0,100286000.0,right
227774,475263.0,895458.0,10160104.0,-34089.0,483644.0,654092.0,22420000.0,56582000.0,100286000.0,right
227784,328015.0,739830.0,10184047.0,24501.0,483644.0,711618.0,22420000.0,56582000.0,100286000.0,right
227794,220273.0,611737.0,10187638.0,75636.0,492167.0,748903.0,22420000.0,56582000.0,100286000.0,right
227804,165204.0,681171.0,10154119.0,116649.0,509744.0,770742.0,22420000.0,56582000.0,100286000.0,right
227814,142459.0,837996.0,10142147.0,168849.0,536376.0,773938.0,22420000.0,56582000.0,100286000.0,right
227824,137670.0,991229.0,10101445.0,169382.0,564074.0,806429.0,22420000.0,56582000.0,100286000.0,right
227834,146050.0,1048692.0,10078699.0,122509.0,584847.0,848508.0,22420000.0,56582000.0,100286000.0,right
227844,125699.0,1170800.0,10063136.0,58058.0,606686.0,886326.0,22420000.0,56582000.0,100286000.0,right
227854,94573.0,1464098.0,9994899.0,-24501.0,629590.0,943852.0,22420000.0,56582000.0,100286000.0,right
227864,21548.0,1947742.0,9854834.0,-98007.0,659951.0,1059437.0,22420000.0,56582000.0,100286000.0,right
227874,-28731.0,2480468.0,9757866.0,-127835.0,703628.0,1270898.0,22420000.0,56582000.0,100286000.0,right
227884,-90982.0,2721093.0,9839271.0,-108127.0,741979.0,1564920.0,22420000.0,56582000.0,100286000.0,right
227894,-314847.0,2579831.0,10089473.0,-18642.0,767546.0,1857877.0,22420000.0,56582000.0,100286000.0,right
227904,-725465.0,2427794.0,10357632.0,120911.0,792580.0,2078393.0,22420000.0,56582000.0,100286000.0,right
227914,-1415016.0,2237449.0,10607834.0,210396.0,793113.0,2222741.0,22420000.0,56582000.0,100286000.0,right
227924,-2661236.0,2069850.0,10829304.0,223179.0,753697.0,2317020.0,22420000.0,56582000.0,100286000.0,right
227934,-4409056.0,1559869.0,11207600.0,249279.0,624263.0,2391058.0,22420000.0,56582000.0,100286000.0,right
227944,-6363982.0,858347.0,11539207.0,336101.0,344623.0,2503979.0,22420000.0,56582000.0,100286000.0,right
227954,-8362004.0,-428575.0,11646949.0,389898.0,-79897.0,2523155.0,22420000.0,56582000.0,100286000.0,right
227964,-10976552.0,-3137697.0,12167704.0,637047.0,-548095.0,2371350.0,22420000.0,56582000.0,100286000.0,right
227974,-14832531.0,-10016448.0,14587118.0,598696.0,-1102582.0,1715127.0,22420000.0,56582000.0,100286000.0,right
228154,-2045907.0,12692050.0,9868003.0,-516136.0,-226375.0,-1110571.0,22420000.0,56582000.0,100286000.0,right
228164,-1180377.0,10593468.0,10069122.0,-269520.0,46873.0,-96942.0,22420000.0,56582000.0,100286000.0,right
228174,-751802.0,9542381.0,10175667.0,356341.0,398953.0,790450.0,22420000.0,56582000.0,100286000.0,right
228184,-682368.0,7937020.0,10616214.0,693508.0,570999.0,1537223.0,22420000.0,56582000.0,100286000.0,right
228194,-724268.0,7112193.0,11187248.0,759023.0,596033.0,1885042.0,22420000.0,56582000.0,100286000.0,right
228204,-1075029.0,7964554.0,11669695.0,671136.0,555552.0,2216349.0,22420000.0,56582000.0,100286000.0,right
228214,-1485647.0,10512063.0,11942642.0,452751.0,521462.0,2645664.0,22420000.0,56582000.0,100286000.0,right
228224,-1904645.0,13695251.0,11526038.0,110258.0,444228.0,3520273.0,22420000.0,56582000.0,100286000.0,right
228234,-2694756.0,17183709.0,10301367.0,-398953.0,299348.0,5292394.0,22420000.0,56582000.0,100286000.0,right
228244,-4430605.0,19643827.0,8837268.0,-1249060.0,198677.0,7737250.0,22420000.0,56582000.0,100286000.0,right
228254,-7217541.0,20032896.0,7704776.0,-2098634.0,225842.0,10282243.0,22420000.0,56582000.0,100286000.0,right
228265,-11421887.0,20670970.0,6767417.0,-2502914.0,381376.0,12670106.0,22420000.0,56582000.0,100286000.0,right
228274,-16569578.0,19561224.0,5804919.0,-2591866.0,566737.0,14690441.0,22420000.0,56582000.0,100286000.0,right
228285,-20651816.0,17188498.0,5670839.0,-2219545.0,852237.0,16500380.0,22420000.0,56582000.0,100286000.0,right
228295,-23964295.0,14900768.0,5602602.0,-1316174.0,1333218.0,17453288.0,22420000.0,56582000.0,100286000.0,right
228305,-25885701.0,11498504.0,5185999.0,87354.0,2040575.0,17453288.0,22420000.0,56582000.0,100286000.0,right
228315,-26378921.0,7138530.0,5225504.0,1219232.0,2870974.0,17453288.0,22420000.0,56582000.0,100286000.0,right
228325,-25351777.0,2961717.0,6310111.0,2097036.0,3742920.0,17453288.0,22420000.0,56582000.0,100286000.0,right
228335,-25076436.0,129290.0,7506051.0,2398515.0,4505672.0,17447962.0,22420000.0,56582000.0,100286000.0,right
228345,-26006612.0,-4219909.0,9095849.0,2473618.0,5028200.0,16697460.0,22420000.0,56582000.0,100286000.0,right
228355,-26697360.0,-11930670.0,11515264.0,2706386.0,5327016.0,16002887.0,22420000.0,56582000.0,100286000.0,right
228365,-26848199.0,-19506156.0,14704438.0,3141560.0,5540608.0,15994897.0,22420000.0,56582000.0,100286000.0,right
228375,-26082031.0,-24384490.0,18182122.0,4008178.0,5805867.0,15875584.0,22430000.0,56595000.0,100288000.0,right
228385,-23338192.0,-25066859.0,21141445.0,5354713.0,5760059.0,13913840.0,22430000.0,56595000.0,100288000.0,right
228395,-18749565.0,-21318622.0,22111127.0,5368030.0,4497150.0,9885953.0,22430000.0,56595000.0,100288000.0,right
228405,-16172128.0,-15082733.0,19821003.0,3084034.0,1898891.0,5014351.0,22430000.0,56595000.0,100288000.0,right
228415,-14912740.0,-8163279.0,15852492.0,-27697.0,-885794.0,-10120.0,22430000.0,56595000.0,100288000.0,right
228425,-12642967.0,-3890696.0,12288615.0,-3026507.0,-3045150.0,-3318399.0,22430000.0,56595000.0,100288000.0,right
228435,-10225947.0,-2475680.0,8979727.0,-5070812.0,-4413524.0,-5023406.0,22430000.0,56595000.0,100288000.0,right
228445,-8571503.0,-535120.0,6326870.0,-6029579.0,-4946172.0,-5870317.0,22430000.0,56595000.0,100288000.0,right
228455,-7665270.0,1598178.0,4842420.0,-5610385.0,-4414056.0,-5704131.0,22430000.0,56595000.0,100288000.0,right
228465,-6476513.0,849967.0,4822069.0,-4619659.0,-3375392.0,-4635638.0,22430000.0,56595000.0,100288000.0,right
228475,-5242264.0,111333.0,5624151.0,-3236904.0,-2325542.0,-3436114.0,22430000.0,56595000.0,100288000.0,right
228485,-3840416.0,203513.0,6584255.0,-1699680.0,-1551072.0,-2551385.0,22430000.0,56595000.0,100288000.0,right
228495,-2928197.0,-23942.0,7349226.0,-478850.0,-1045588.0,-2033651.0,22430000.0,56595000.0,100288000.0,right
228505,-2065061.0,301678.0,7713156.0,144347.0,-803766.0,-1886107.0,22430000.0,56595000.0,100288000.0,right
228515,-1139674.0,675185.0,7849629.0,273248.0,-748903.0,-1826451.0,22430000.0,56595000.0,100288000.0,right
228525,-447729.0,776942.0,8049551.0,230104.0,-723869.0,-1777980.0,22430000.0,56595000.0,100288000.0,right
228535,75419.0,889473.0,8281796.0,253007.0,-646102.0,-1677309.0,22430000.0,56595000.0,100288000.0,right
228545,457306.0,973272.0,8514040.0,333437.0,-548627.0,-1531896.0,22430000.0,56595000.0,100288000.0,right
228555,836799.0,975666.0,8733117.0,387235.0,-452218.0,-1382222.0,22430000.0,56595000.0,100288000.0,right
228565,1155237.0,1103760.0,8875576.0,390431.0,-352613.0,-1261311.0,22430000.0,56595000.0,100288000.0,right
228575,1234248.0,1092986.0,8915081.0,359004.0,-258867.0,-1214438.0,22430000.0,56595000.0,100288000.0,right
228585,1146857.0,1019961.0,8984515.0,261530.0,-176839.0,-1189403.0,22430000.0,56595000.0,100288000.0,right
228595,1018763.0,993624.0,9336474.0,120911.0,-107594.0,-1138802.0,22430000.0,56595000.0,100288000.0,right
228605,855953.0,1070240.0,9726741.0,12783.0,-74570.0,-1070090.0,22430000.0,56595000.0,100288000.0,right
228615,656031.0,1003201.0,9942225.0,-18642.0,-94811.0,-990193.0,22430000.0,56595000.0,100288000.0,right
228625,507586.0,873910.0,9999688.0,5859.0,-129433.0,-853835.0,22430000.0,56595000.0,100288000.0,right
228635,424983.0,867924.0,10006871.0,65515.0,-158729.0,-684985.0,22430000.0,56595000.0,100288000.0,right
228645,424983.0,867924.0,10006871.0,65515.0,-158729.0,-684985.0,22430000.0,56595000.0,100288000.0,right
228655,344775.0,811659.0,9997294.0,157131.0,-191753.0,-540105.0,22430000.0,56595000.0,100288000.0,right
228665,342381.0,718282.0,9948211.0,241289.0,-209330.0,-393094.0,22430000.0,56595000.0,100288000.0,right
228675,322029.0,634482.0,9894340.0,291891.0,-200808.0,-246616.0,22430000.0,56595000.0,100288000.0,right
228685,283721.0,539908.0,9870397.0,328111.0,-160859.0,-136890.0,22430000.0,56595000.0,100288000.0,right
228695,228653.0,493220.0,9868003.0,338764.0,-99605.0,-64450.0,22430000.0,56595000.0,100288000.0,right
228705,174782.0,445335.0,9956591.0,310533.0,-31958.0,-24501.0,22430000.0,56595000.0,100288000.0,right
228715,137670.0,509980.0,10127782.0,231169.0,31958.0,-1597.0,22430000.0,56595000.0,100288000.0,right
228725,19154.0,563851.0,10379180.0,140086.0,70842.0,6391.0,22430000.0,56595000.0,100288000.0,right
228735,-140065.0,465686.0,10552765.0,59123.0,66581.0,30893.0,22430000.0,56595000.0,100288000.0,right
228745,-330409.0,259778.0,10550371.0,8522.0,34089.0,91615.0,22430000.0,56595000.0,100288000.0,right
228755,-446532.0,-21548.0,10467769.0,22903.0,0.0,155000.0,22430000.0,56595000.0,100288000.0,right
228765,-538711.0,-199921.0,10368406.0,72440.0,-26632.0,190155.0,22430000.0,56595000.0,100288000.0,right
228775,-583005.0,-256187.0,10267847.0,119313.0,-46340.0,181100.0,22430000.0,56595000.0,100288000.0,right
228785,-629694.0,-221470.0,10163696.0,137423.0,-54862.0,143282.0,22430000.0,56595000.0,100288000.0,right
228865,-477657.0,498009.0,9674067.0,-117182.0,136357.0,-83625.0,22430000.0,56595000.0,100288000.0,right
228875,-527937.0,507586.0,9609421.0,-133694.0,155533.0,-74038.0,22430000.0,56595000.0,100288000.0,right
228886,-620117.0,435758.0,9571113.0,-126770.0,177904.0,-43677.0,22430000.0,56595000.0,100288000.0,right
228895,-707508.0,354352.0,9613013.0,-112388.0,186959.0,-13848.0,22430000.0,56595000.0,100288000.0,right
228936,-846376.0,298087.0,9715966.0,-29828.0,27697.0,-17044.0,22430000.0,56595000.0,100288000.0,right
228946,-797293.0,407026.0,9810540.0,-27165.0,-4261.0,-32491.0,22430000.0,56595000.0,100288000.0,right
228956,-741028.0,493220.0,9875186.0,-30360.0,-35687.0,-38350.0,22430000.0,56595000.0,100288000.0,right
228966,-709902.0,571034.0,9829694.0,-25034.0,-57526.0,-37818.0,22430000.0,56595000.0,100288000.0,right
228976,-713493.0,592582.0,9784203.0,-17577.0,-65515.0,-37285.0,22430000.0,56595000.0,100288000.0,right
228986,-694339.0,572231.0,9736318.0,-22371.0,-64450.0,-27165.0,22430000.0,56595000.0,100288000.0,right
228996,-721873.0,478854.0,9684841.0,-21838.0,-64450.0,-13316.0,22430000.0,56595000.0,100288000.0,right
229006,-754196.0,353155.0,9645335.0,-6391.0,-64983.0,1597.0,22430000.0,56595000.0,100288000.0,right
229016,-770956.0,252595.0,9598647.0,17044.0,-63385.0,15446.0,22430000.0,56595000.0,100288000.0,right
229026,-793702.0,148445.0,9639350.0,35687.0,-61254.0,15979.0,22430000.0,56595000.0,100288000.0,right
229036,-785322.0,101756.0,9675264.0,46340.0,-63917.0,-3728.0,22430000.0,56595000.0,100288000.0,right
229046,-770956.0,116122.0,9698009.0,45807.0,-67646.0,-36752.0,22430000.0,56595000.0,100288000.0,right
229056,-749407.0,143656.0,9699206.0,25567.0,-62852.0,-71907.0,22430000.0,56595000.0,100288000.0,right
229066,-675185.0,210696.0,9700404.0,-532.0,-30893.0,-110790.0,22430000.0,56595000.0,100288000.0,right
229076,-604554.0,426180.0,9755472.0,-34089.0,26632.0,-154468.0,22430000.0,56595000.0,100288000.0,right
229106,-662016.0,731450.0,9726741.0,-152337.0,139553.0,-206134.0,22430000.0,56595000.0,100288000.0,right
229116,-689551.0,717085.0,9759063.0,-127302.0,210396.0,-191220.0,22430000.0,56595000.0,100288000.0,right
229126,-735042.0,804476.0,9891946.0,-118247.0,291891.0,-211994.0,22430000.0,56595000.0,100288000.0,right
229166,-1338399.0,748210.0,9721952.0,-210396.0,341960.0,-259932.0,22430000.0,56595000.0,100288000.0,right
229176,-1508393.0,645257.0,9866806.0,-193351.0,265791.0,-216787.0,22430000.0,56595000.0,100288000.0,right
229186,-1649655.0,548288.0,9788992.0,-154468.0,135825.0,-163523.0,22430000.0,56595000.0,100288000.0,right
229196,-1717892.0,329212.0,9555550.0,-93213.0,-14914.0,-101203.0,22430000.0,56595000.0,100288000.0,right
229206,-1711906.0,40702.0,9195212.0,-5859.0,-139021.0,-25034.0,22430000.0,56595000.0,100288000.0,right
229216,-1618529.0,-251398.0,8832479.0,109725.0,-210928.0,25567.0,22430000.0,56595000.0,100288000.0,right
229226,-1497618.0,-411815.0,8634951.0,199743.0,-233832.0,21305.0,22430000.0,56595000.0,100288000.0,right
229236,-1381496.0,-511177.0,8582277.0,224244.0,-237028.0,-21305.0,22430000.0,56595000.0,100288000.0,right
229246,-1223474.0,-606948.0,8584672.0,191220.0,-217853.0,-73505.0,22430000.0,56595000.0,100288000.0,right
229256,-1110943.0,-678776.0,8652908.0,159794.0,-163523.0,-135825.0,22430000.0,56595000.0,100288000.0,right
229266,-1019961.0,-712296.0,8948601.0,142217.0,-98539.0,-202939.0,22430000.0,56595000.0,100288000.0,right
229276,-921795.0,-685959.0,9210774.0,113454.0,-69244.0,-272183.0,22430000.0,56595000.0,100288000.0,right
229286,-826024.0,-654834.0,9328094.0,91615.0,-71907.0,-340894.0,22430000.0,56595000.0,100288000.0,right
229296,-745816.0,-566245.0,9426259.0,90550.0,-84158.0,-395757.0,22430000.0,56595000.0,100288000.0,right
229306,-666805.0,-420195.0,9539987.0,123041.0,-98539.0,-426118.0,22430000.0,56595000.0,100288000.0,right
229316,-541106.0,-271750.0,9591464.0,172578.0,-104399.0,-435173.0,22430000.0,56595000.0,100288000.0,right
229326,-430969.0,-101756.0,9705192.0,213059.0,-87886.0,-438902.0,22430000.0,56595000.0,100288000.0,right
229336,-375901.0,69433.0,9822512.0,225310.0,-54330.0,-447424.0,22430000.0,56595000.0,100288000.0,right
229346,-323227.0,227456.0,9903917.0,205602.0,-16512.0,-446891.0,22430000.0,56595000.0,100288000.0,right
229356,-284918.0,313649.0,10002082.0,168849.0,25034.0,-439434.0,22430000.0,56595000.0,100288000.0,right
229366,-280130.0,392661.0,10203201.0,124107.0,67113.0,-436239.0,22430000.0,56595000.0,100288000.0,right
229376,-289707.0,561457.0,10439037.0,76701.0,85756.0,-430379.0,22430000.0,56648000.0,100288000.0,right
229386,-322029.0,717085.0,10536005.0,26632.0,65515.0,-411204.0,22430000.0,56648000.0,100288000.0,right
229396,-373506.0,773350.0,10392349.0,-4793.0,33556.0,-359537.0,22430000.0,56648000.0,100288000.0,right
229406,-458503.0,684762.0,10270241.0,-1065.0,14914.0,-286564.0,22430000.0,56648000.0,100288000.0,right
229416,-571034.0,527937.0,10182850.0,31426.0,3195.0,-201873.0,22430000.0,56648000.0,100288000.0,right
229426,-608145.0,403435.0,10100247.0,81495.0,-8522.0,-126237.0,22430000.0,56648000.0,100288000.0,right
229436,-678776.0,308861.0,9939831.0,122509.0,-5859.0,-84691.0,22430000.0,56648000.0,100288000.0,right
229446,-735042.0,226258.0,9798569.0,128900.0,23436.0,-70842.0,22430000.0,56648000.0,100288000.0,right
229456,-824827.0,128093.0,9777020.0,108660.0,69776.0,-68711.0,22430000.0,56648000.0,100288000.0,right
229466,-899050.0,59856.0,9790189.0,82027.0,116117.0,-66581.0,22430000.0,56648000.0,100288000.0,right
229476,-949329.0,-8379.0,9778217.0,66048.0,158196.0,-72440.0,22430000.0,56648000.0,100288000.0,right
229486,-990032.0,-58659.0,9756669.0,57526.0,190688.0,-89484.0,22430000.0,56648000.0,100288000.0,right
229496,-1013975.0,99362.0,9781809.0,29828.0,198677.0,-100670.0,22430000.0,56648000.0,100288000.0,right
229506,-1061860.0,391463.0,9717163.0,-39948.0,163523.0,-75103.0,22430000.0,56648000.0,100288000.0,right
229516,-1024749.0,578217.0,9494496.0,-115584.0,124639.0,1597.0,22430000.0,56648000.0,100288000.0,right
229526,-927781.0,796096.0,9277814.0,-119845.0,128900.0,111856.0,22430000.0,56648000.0,100288000.0,right
229537,-855953.0,1120520.0,9075498.0,-126770.0,159794.0,264726.0,22430000.0,56648000.0,100288000.0,right
229547,-785322.0,1368328.0,8939024.0,-161392.0,198677.0,463404.0,22430000.0,56648000.0,100288000.0,right
229557,-727859.0,1474873.0,9010852.0,-156598.0,260997.0,667941.0,22430000.0,56648000.0,100288000.0,right
229567,-755393.0,1592192.0,9164086.0,-118247.0,336101.0,872478.0,22430000.0,56648000.0,100288000.0,right
229577,-998412.0,1489238.0,9217957.0,-88419.0,398420.0,1059437.0,22430000.0,56648000.0,100288000.0,right
229587,-1334808.0,1187560.0,9283800.0,-85756.0,445294.0,1257050.0,22430000.0,56648000.0,100288000.0,right
229857,-5958152.0,10854444.0,11898348.0,2575354.0,-426118.0,336633.0,22430000.0,56648000.0,100288000.0,right
229927,2159635.0,1405439.0,6215537.0,286564.0,109192.0,2226470.0,22430000.0,56648000.0,100288000.0,right
229937,2191958.0,1557475.0,6622563.0,97474.0,322784.0,2049098.0,22430000.0,56648000.0,100288000.0,right
229947,2019570.0,2090201.0,6996070.0,-265258.0,472459.0,2002225.0,22430000.0,56648000.0,100288000.0,right
229957,1832817.0,3198751.0,7447391.0,-674332.0,559813.0,2162019.0,22430000.0,56648000.0,100288000.0,right
229967,1709512.0,4735875.0,7699987.0,-1117496.0,564607.0,2537536.0,22430000.0,56648000.0,100288000.0,right
229977,1893871.0,7264229.0,8067508.0,-1347067.0,585913.0,3087229.0,22430000.0,56648000.0,100288000.0,right
229987,1816057.0,10210384.0,8588263.0,-1390744.0,626927.0,3913367.0,22430000.0,56648000.0,100288000.0,right
229997,933767.0,12457411.0,8877970.0,-1202720.0,679659.0,5240727.0,22430000.0,56648000.0,100288000.0,right
230007,-864333.0,13824542.0,9288588.0,-754230.0,777133.0,7131628.0,22430000.0,56648000.0,100288000.0,right
230017,-3756617.0,14844503.0,10089473.0,-346221.0,856498.0,9434800.0,22430000.0,56648000.0,100288000.0,right
230027,-8134548.0,14235160.0,10304958.0,-168316.0,855965.0,11653280.0,22430000.0,56648000.0,100288000.0,right
230037,-12550788.0,11394353.0,9686038.0,-119313.0,826670.0,13458426.0,22430000.0,56648000.0,100288000.0,right
230047,-15621445.0,8608614.0,8608614.0,-22903.0,966756.0,14773534.0,22430000.0,56648000.0,100288000.0,right
230087,-16294236.0,-67039.0,10026025.0,425053.0,2374013.0,14765012.0,22430000.0,56648000.0,100288000.0,right
230097,-15882421.0,-2554691.0,11402733.0,-129966.0,2274941.0,14192415.0,22430000.0,56648000.0,100288000.0,right
230107,-14854080.0,-6674040.0,12234743.0,-525191.0,1816863.0,13605437.0,22430000.0,56648000.0,100288000.0,right
230117,-13344490.0,-9331685.0,11946233.0,-472459.0,1304455.0,13075451.0,22430000.0,56648000.0,100288000.0,right
230127,-12439454.0,-11283019.0,11304568.0,68711.0,831996.0,12155568.0,22430000.0,56648000.0,100288000.0,right
230137,-11287808.0,-13139779.0,10903527.0,680191.0,389898.0,10731799.0,22430000.0,56648000.0,100288000.0,right
230148,-10808953.0,-14680495.0,10935849.0,1114833.0,2663.0,9030520.0,22430000.0,56648000.0,100288000.0,right
230158,-10385166.0,-15854887.0,11436253.0,1251723.0,-309468.0,7192883.0,22430000.0,56648000.0,100288000.0,right
230168,-9694418.0,-15754327.0,11764268.0,1086070.0,-647167.0,5326483.0,22430000.0,56648000.0,100288000.0,right
230178,-8715160.0,-14651764.0,11291399.0,837323.0,-1005640.0,3350358.0,22430000.0,56648000.0,100288000.0,right
230188,-7387534.0,-12541211.0,10312141.0,746773.0,-1284215.0,1411518.0,22430000.0,56648000.0,100288000.0,right
230198,-6319688.0,-9302954.0,9280208.0,526789.0,-1493013.0,-279107.0,22430000.0,56648000.0,100288000.0,right
230208,-5472114.0,-6226311.0,8515238.0,146478.0,-1608598.0,-1677309.0,22430000.0,56648000.0,100288000.0,right
230218,-4585036.0,-3719505.0,8130956.0,-242887.0,-1595281.0,-2665905.0,22430000.0,56648000.0,100288000.0,right
230228,-3908653.0,-1903448.0,7944203.0,-631188.0,-1463185.0,-3248622.0,22430000.0,56648000.0,100288000.0,right
230238,-3162836.0,-588991.0,8069902.0,-866618.0,-1226156.0,-3461149.0,22430000.0,56648000.0,100288000.0,right
230248,-2666024.0,322029.0,8294964.0,-834659.0,-939059.0,-3369533.0,22430000.0,56648000.0,100288000.0,right
230258,-2237449.0,687156.0,8472141.0,-597098.0,-652494.0,-3056868.0,22430000.0,56648000.0,100288000.0,right
230268,-1834014.0,887078.0,8675654.0,-257801.0,-394159.0,-2626489.0,22430000.0,56648000.0,100288000.0,right
230278,-1531138.0,1002003.0,9000078.0,55928.0,-167251.0,-2181727.0,22430000.0,56648000.0,100288000.0,right
230288,-1233051.0,1118126.0,9512453.0,231702.0,-20240.0,-1774251.0,22430000.0,56648000.0,100288000.0,right
230298,-885881.0,858347.0,10010462.0,378180.0,36220.0,-1468511.0,22430000.0,56648000.0,100288000.0,right
230308,-749407.0,845178.0,10245101.0,500156.0,25034.0,-1171293.0,22430000.0,56648000.0,100288000.0,right
230318,-559063.0,696733.0,10217567.0,535311.0,-25567.0,-934265.0,22430000.0,56648000.0,100288000.0,right
230328,-401041.0,560260.0,10124190.0,541170.0,-56460.0,-766480.0,22430000.0,56648000.0,100288000.0,right
230338,-306467.0,462095.0,10024828.0,526256.0,-41546.0,-680191.0,22430000.0,56648000.0,100288000.0,right
230348,-219076.0,470474.0,10036799.0,500156.0,11185.0,-647167.0,22430000.0,56648000.0,100288000.0,right
230358,-161613.0,617722.0,10133767.0,442098.0,90017.0,-654624.0,22430000.0,56648000.0,100288000.0,right
230368,-138867.0,852361.0,10266650.0,322252.0,173643.0,-669006.0,22430000.0,56648000.0,100288000.0,right
230378,-203513.0,961301.0,10417489.0,178969.0,234365.0,-646102.0,22440000.0,56640000.0,100286000.0,right
230388,-313649.0,905035.0,10580300.0,76701.0,263660.0,-567270.0,22440000.0,56640000.0,100286000.0,right
230398,-389069.0,757787.0,10665296.0,39415.0,251410.0,-463936.0,22440000.0,56640000.0,100286000.0,right
230408,-464489.0,584203.0,10588679.0,43144.0,202406.0,-366462.0,22440000.0,56640000.0,100286000.0,right
230418,-520754.0,550683.0,10522837.0,85756.0,149141.0,-289228.0,22440000.0,56640000.0,100286000.0,right
230428,-586597.0,481249.0,10532414.0,123041.0,119845.0,-245018.0,22440000.0,56640000.0,100286000.0,right
230438,-647651.0,368718.0,10440234.0,97474.0,75103.0,-191753.0,22440000.0,56640000.0,100286000.0,right
230448,-681171.0,128093.0,10162499.0,82027.0,9055.0,-124639.0,22440000.0,56640000.0,100286000.0,right
230458,-620117.0,-136473.0,9808146.0,100137.0,-36220.0,-62319.0,22440000.0,56640000.0,100286000.0,right
230468,-488432.0,-205907.0,9614210.0,117715.0,-55395.0,-24501.0,22440000.0,56640000.0,100286000.0,right
230478,-448926.0,-134079.0,9573507.0,140086.0,-75103.0,-36220.0,22440000.0,56640000.0,100286000.0,right
230488,-494417.0,-216681.0,9595055.0,152337.0,-109725.0,-56460.0,22440000.0,56640000.0,100286000.0,right
230498,-506389.0,-335198.0,9511256.0,142217.0,-151804.0,-32491.0,22440000.0,56640000.0,100286000.0,right
230508,-454912.0,-396252.0,9384359.0,163523.0,-151804.0,-12250.0,22440000.0,56640000.0,100286000.0,right
230518,-379492.0,-365126.0,9401119.0,192286.0,-102268.0,-22371.0,22440000.0,56640000.0,100286000.0,right
230528,-356746.0,-319635.0,9554353.0,193884.0,-49003.0,-54862.0,22440000.0,56640000.0,100286000.0,right
230538,-381886.0,-326818.0,9760260.0,167784.0,-4261.0,-75636.0,22440000.0,56640000.0,100286000.0,right
230548,-354352.0,-329212.0,9881171.0,128900.0,44209.0,-77234.0,22440000.0,56640000.0,100286000.0,right
230558,-306467.0,-373506.0,9939831.0,96942.0,81495.0,-96942.0,22440000.0,56640000.0,100286000.0,right
230568,-254990.0,-410618.0,10022434.0,56993.0,101203.0,-128900.0,22440000.0,56640000.0,100286000.0,right
230578,-239427.0,-258581.0,9939831.0,10120.0,101735.0,-161925.0,22440000.0,56640000.0,100286000.0,right
230588,-187950.0,-177176.0,9822512.0,-5859.0,104931.0,-192818.0,22440000.0,56640000.0,100286000.0,right
230598,-172387.0,-175979.0,9670475.0,-14914.0,126237.0,-197612.0,22440000.0,56640000.0,100286000.0,right
230608,-135276.0,-159219.0,9538790.0,-29828.0,167251.0,-193351.0,22440000.0,56640000.0,100286000.0,right
230618,-90982.0,-73025.0,9502876.0,-17577.0,222647.0,-192286.0,22440000.0,56640000.0,100286000.0,right
230628,-117319.0,-34716.0,9488510.0,-2130.0,275911.0,-195481.0,22440000.0,56640000.0,100286000.0,right
230688,-195133.0,263370.0,9755472.0,-141684.0,716944.0,-264726.0,22440000.0,56640000.0,100286000.0,right
230698,-366324.0,402238.0,10652128.0,-176306.0,635982.0,-249279.0,22440000.0,56640000.0,100286000.0,right
230708,-508783.0,468080.0,11085491.0,-199210.0,434108.0,-188557.0,22440000.0,56640000.0,100286000.0,right
230718,-642862.0,466883.0,10908315.0,-180035.0,196014.0,-100137.0,22440000.0,56640000.0,100286000.0,right
230728,-641665.0,306467.0,10557554.0,-92148.0,-5326.0,12250.0,22440000.0,56640000.0,100286000.0,right
230738,-515966.0,207104.0,10192427.0,36220.0,-146478.0,145413.0,22440000.0,56640000.0,100286000.0,right
230748,-345972.0,179570.0,9895537.0,160859.0,-234897.0,235430.0,22440000.0,56640000.0,100286000.0,right
230758,-345972.0,179570.0,9895537.0,160859.0,-234897.0,235430.0,22440000.0,56640000.0,100286000.0,right
230768,-221470.0,144853.0,9657307.0,231169.0,-290293.0,268454.0,22440000.0,56640000.0,100286000.0,right
230778,-166402.0,74222.0,9514847.0,230636.0,-304142.0,280705.0,22440000.0,56640000.0,100286000.0,right
230789,-177176.0,-9577.0,9604633.0,193884.0,-292423.0,292956.0,22440000.0,56640000.0,100286000.0,right
230799,-154430.0,-214287.0,9701601.0,147543.0,-273248.0,294554.0,22440000.0,56640000.0,100286000.0,right
230809,-44294.0,-271750.0,9715966.0,84691.0,-262595.0,264193.0,22440000.0,56640000.0,100286000.0,right
230819,83799.0,-207104.0,9630970.0,31958.0,-270052.0,205602.0,22440000.0,56640000.0,100286000.0,right
230879,220273.0,80208.0,9597450.0,36752.0,-156065.0,160327.0,22440000.0,56640000.0,100286000.0,right
230889,222667.0,73025.0,9543579.0,32491.0,-139021.0,168316.0,22440000.0,56640000.0,100286000.0,right
230899,197527.0,51476.0,9444216.0,15979.0,-113986.0,169914.0,22440000.0,56640000.0,100286000.0,right
230909,174782.0,-15562.0,9340065.0,-9587.0,-66581.0,153402.0,22440000.0,56640000.0,100286000.0,right
230919,144853.0,-64645.0,9208380.0,-41546.0,-13316.0,124639.0,22440000.0,56640000.0,100286000.0,right
230929,83799.0,-137670.0,9095849.0,-67113.0,28763.0,87886.0,22440000.0,56640000.0,100286000.0,right
230939,43096.0,-276538.0,8970150.0,-76701.0,46340.0,63917.0,22440000.0,56640000.0,100286000.0,right
230949,-9577.0,-427378.0,8858816.0,-54330.0,34622.0,58058.0,22440000.0,56640000.0,100286000.0,right
230959,106545.0,-480052.0,8820508.0,-12783.0,16512.0,69244.0,22440000.0,56640000.0,100286000.0,right
230969,286115.0,-177176.0,8909096.0,37818.0,5859.0,70309.0,22440000.0,56640000.0,100286000.0,right
230979,391463.0,107742.0,9172466.0,71907.0,-5326.0,27165.0,22440000.0,56640000.0,100286000.0,right
230989,361535.0,356746.0,9517242.0,33556.0,-33024.0,-7989.0,22440000.0,56640000.0,100286000.0,right
230999,214287.0,366324.0,9718361.0,3195.0,-77234.0,11185.0,22440000.0,56640000.0,100286000.0,right
231009,169993.0,245413.0,9760260.0,26632.0,-112388.0,59656.0,22440000.0,56640000.0,100286000.0,right
231019,221470.0,222667.0,9865609.0,98539.0,-107594.0,84691.0,22440000.0,56640000.0,100286000.0,right
231029,288510.0,301678.0,10072713.0,154468.0,-88419.0,58591.0,22440000.0,56640000.0,100286000.0,right
231039,280130.0,486037.0,10258270.0,166718.0,-81495.0,14914.0,22440000.0,56640000.0,100286000.0,right
231049,208301.0,554274.0,10389955.0,150206.0,-88952.0,-4793.0,22440000.0,56640000.0,100286000.0,right
231059,135276.0,549486.0,10497697.0,124107.0,-109192.0,17577.0,22440000.0,56640000.0,100286000.0,right
231069,111333.0,492023.0,10543188.0,104399.0,-138488.0,39415.0,22440000.0,56640000.0,100286000.0,right
231079,55068.0,439349.0,10480937.0,91082.0,-169382.0,35154.0,22440000.0,56640000.0,100286000.0,right
231089,-34716.0,398646.0,10300169.0,79364.0,-197079.0,20240.0,22440000.0,56640000.0,100286000.0,right
231099,-37111.0,392661.0,10143344.0,72972.0,-214657.0,13316.0,22440000.0,56640000.0,100286000.0,right
231109,-41899.0,420195.0,10018842.0,80962.0,-223179.0,10120.0,22440000.0,56640000.0,100286000.0,right
231119,-53871.0,372309.0,9908705.0,86821.0,-219451.0,6924.0,22440000.0,56640000.0,100286000.0,right
231129,-28731.0,347169.0,9797372.0,80962.0,-200275.0,8522.0,22440000.0,56640000.0,100286000.0,right
231139,26337.0,292101.0,9730332.0,75103.0,-175773.0,2130.0,22440000.0,56640000.0,100286000.0,right
231149,19154.0,233441.0,9657307.0,69776.0,-151272.0,-9587.0,22440000.0,56640000.0,100286000.0,right
231159,-20351.0,164007.0,9627378.0,56993.0,-126237.0,-21838.0,22440000.0,56640000.0,100286000.0,right
231169,-2394.0,156824.0,9709981.0,43677.0,-102801.0,-33556.0,22440000.0,56640000.0,100286000.0,right
231179,19154.0,210696.0,9858426.0,36752.0,-104931.0,-54862.0,22440000.0,56640000.0,100286000.0,right
231189,1197.0,259778.0,9869200.0,21838.0,-131564.0,-83093.0,22440000.0,56640000.0,100286000.0,right
231199,8379.0,254990.0,9787795.0,15446.0,-161392.0,-86289.0,22440000.0,56640000.0,100286000.0,right
231209,17957.0,311255.0,9720755.0,42611.0,-182165.0,-67113.0,22440000.0,56640000.0,100286000.0,right
231219,86193.0,404632.0,9686038.0,107062.0,-194416.0,-54862.0,22440000.0,56640000.0,100286000.0,right
231229,112530.0,521951.0,9622590.0,161925.0,-196014.0,-44209.0,22440000.0,56640000.0,100286000.0,right
231239,117319.0,512374.0,9577098.0,182165.0,-188557.0,-20240.0,22440000.0,56640000.0,100286000.0,right
231249,126896.0,489629.0,9571113.0,197612.0,-172578.0,9587.0,22440000.0,56640000.0,100286000.0,right
231259,152036.0,524346.0,9633364.0,221049.0,-141151.0,8522.0,22440000.0,56640000.0,100286000.0,right
231269,228653.0,670396.0,9666884.0,219451.0,-100670.0,-18110.0,22440000.0,56640000.0,100286000.0,right
231279,265764.0,860741.0,9712375.0,185894.0,-54862.0,-46873.0,22440000.0,56640000.0,100286000.0,right
231289,226258.0,973272.0,9797372.0,142217.0,-19175.0,-45807.0,22440000.0,56640000.0,100286000.0,right
231299,213090.0,1101366.0,9841666.0,107594.0,9055.0,-10652.0,22440000.0,56640000.0,100286000.0,right
231309,179570.0,1233051.0,9872791.0,79897.0,37285.0,31426.0,22440000.0,56640000.0,100286000.0,right
231319,84996.0,1321639.0,9834483.0,49003.0,60189.0,90550.0,22440000.0,56640000.0,100286000.0,right
231329,-21548.0,1183968.0,9731529.0,15446.0,80962.0,174708.0,22440000.0,56640000.0,100286000.0,right
231339,-166402.0,908627.0,9730332.0,-2130.0,99605.0,263660.0,22440000.0,56640000.0,100286000.0,right
231349,-247807.0,614131.0,9790189.0,22903.0,118247.0,310001.0,22440000.0,56640000.0,100286000.0,right
231359,-312452.0,411815.0,9846454.0,54330.0,128368.0,297750.0,22440000.0,56640000.0,100286000.0,right
231369,-338789.0,344775.0,9864411.0,67113.0,131031.0,248746.0,22440000.0,56640000.0,100286000.0,right
231379,-284918.0,411815.0,9894340.0,56460.0,134227.0,188557.0,22450000.0,56644000.0,100288000.0,right
231389,-265764.0,523149.0,9929057.0,36752.0,134227.0,132096.0,22450000.0,56644000.0,100288000.0,right
231399,-271750.0,616525.0,9903917.0,4261.0,126237.0,101203.0,22450000.0,56644000.0,100288000.0,right
231410,-250201.0,663214.0,9909903.0,-29295.0,114519.0,99072.0,22450000.0,56644000.0,100288000.0,right
231420,-311255.0,657228.0,9862017.0,-50068.0,96409.0,108127.0,22450000.0,56644000.0,100288000.0,right
231430,-390266.0,566245.0,9781809.0,-50068.0,75636.0,125705.0,22450000.0,56644000.0,100288000.0,right
231440,-386675.0,464489.0,9730332.0,-9587.0,66048.0,150739.0,22450000.0,56644000.0,100288000.0,right
231450,-372309.0,413012.0,9689629.0,46340.0,59656.0,162990.0,22450000.0,56644000.0,100288000.0,right
231460,-330409.0,384281.0,9620195.0,72972.0,61787.0,158729.0,22450000.0,56644000.0,100288000.0,right
231480,-185556.0,496812.0,9690826.0,50601.0,111323.0,108660.0,22450000.0,56644000.0,100288000.0,right
231490,-124502.0,636877.0,9841666.0,15979.0,132629.0,82027.0,22450000.0,56644000.0,100288000.0,right
231500,-88588.0,828419.0,9960182.0,-34622.0,133162.0,65515.0,22450000.0,56644000.0,100288000.0,right
231510,-111333.0,973272.0,9943422.0,-82560.0,113986.0,62852.0,22450000.0,56644000.0,100288000.0,right
231520,-99362.0,1025946.0,9845257.0,-111323.0,97474.0,98539.0,22450000.0,56644000.0,100288000.0,right
231530,-70631.0,1040312.0,9751880.0,-109725.0,92680.0,167784.0,22450000.0,56644000.0,100288000.0,right
231540,-112530.0,982849.0,9623787.0,-74570.0,86821.0,241822.0,22450000.0,56644000.0,100288000.0,right
231550,-143656.0,928978.0,9475342.0,-21838.0,94811.0,314262.0,22450000.0,56644000.0,100288000.0,right
231560,-136473.0,948132.0,9361614.0,15979.0,132629.0,388833.0,22450000.0,56644000.0,100288000.0,right
231580,-52674.0,1285725.0,9247886.0,-25034.0,273781.0,483644.0,22450000.0,56644000.0,100288000.0,right
231590,29928.0,1158828.0,9228731.0,-45807.0,377647.0,477785.0,22450000.0,56644000.0,100288000.0,right
231600,-43096.0,1672400.0,9288588.0,-112921.0,494297.0,580586.0,22450000.0,56644000.0,100288000.0,right
231610,45491.0,2115341.0,9453793.0,-248214.0,606153.0,680724.0,22450000.0,56644000.0,100288000.0,right
231620,76616.0,3052700.0,9604633.0,-428781.0,716944.0,906567.0,22450000.0,56644000.0,100288000.0,right
231630,191541.0,4382719.0,9858426.0,-728130.0,809092.0,1257582.0,22450000.0,56644000.0,100288000.0,right
231640,-179570.0,5663656.0,10063136.0,-1087667.0,876739.0,1711931.0,22450000.0,56644000.0,100288000.0,right
231650,-1502407.0,6470527.0,10277424.0,-1253321.0,957169.0,2203566.0,22450000.0,56644000.0,100288000.0,right
231660,-4379128.0,7061913.0,10799376.0,-1127083.0,1064764.0,2627021.0,22450000.0,56644000.0,100288000.0,right
231670,-8314118.0,5953364.0,11249499.0,-884728.0,1080210.0,2876301.0,22450000.0,56644000.0,100288000.0,right
231680,-12816552.0,3951750.0,11557164.0,-482046.0,796841.0,3115992.0,22450000.0,56644000.0,100288000.0,right
231690,-17879246.0,-217879.0,13133794.0,-176306.0,73505.0,3587919.0,22450000.0,56644000.0,100288000.0,right
231700,-23796696.0,-11235134.0,16914353.0,-224777.0,-1001378.0,4392218.0,22450000.0,56644000.0,100288000.0,right
231710,-28420041.0,-34293196.0,21789097.0,30893.0,-2513567.0,4778921.0,22450000.0,56644000.0,100288000.0,right
231720,-27492259.0,-39227797.0,25581628.0,2157758.0,-4461995.0,2846472.0,22450000.0,56644000.0,100288000.0,right
231730,-30202578.0,-39053015.0,24890880.0,3517609.0,-6669822.0,-5075073.0,22450000.0,56644000.0,100288000.0,right
231740,-38423320.0,-37331531.0,15774679.0,1065.0,-9469955.0,-17042084.0,22450000.0,56644000.0,100288000.0,right
231750,-39227797.0,-15149773.0,4224697.0,-5613048.0,-10983209.0,-17453821.0,22450000.0,56644000.0,100288000.0,right
231760,-39127237.0,5280572.0,-543500.0,-9780489.0,-9115211.0,-17453821.0,22450000.0,56644000.0,100288000.0,right
231770,-39193080.0,9780612.0,507586.0,-10301419.0,-5508649.0,-17453821.0,22450000.0,56644000.0,100288000.0,right
231780,-39227797.0,13417515.0,4982485.0,-7856563.0,-1799818.0,-17453821.0,22450000.0,56644000.0,100288000.0,right
231790,-39226600.0,23915213.0,10540794.0,-4227630.0,1359851.0,-17453821.0,22450000.0,56644000.0,100288000.0,right
231880,-9560338.0,16934705.0,12091087.0,966756.0,-262062.0,403747.0,22450000.0,56644000.0,100288000.0,right
231890,-7885543.0,14041224.0,10265452.0,777133.0,-372321.0,1417377.0,22450000.0,56644000.0,100288000.0,right
231900,-6039558.0,12234743.0,8867196.0,354211.0,-385637.0,2191848.0,22450000.0,56644000.0,100288000.0,right
231910,-4325257.0,8801353.0,7948992.0,-346754.0,-429314.0,2786816.0,22450000.0,56644000.0,100288000.0,right
231920,-2619336.0,4321665.0,7247469.0,-860759.0,-480981.0,2951937.0,22450000.0,56644000.0,100288000.0,right
231930,-913415.0,1011581.0,6820091.0,-1018956.0,-439967.0,2758053.0,22450000.0,56644000.0,100288000.0,right
231940,407026.0,-319635.0,6827274.0,-831464.0,-290826.0,2502382.0,22450000.0,56644000.0,100288000.0,right
231950,1356356.0,-266961.0,7015224.0,-438902.0,-101203.0,2273875.0,22450000.0,56644000.0,100288000.0,right
231960,2109356.0,-11971.0,7185218.0,-30360.0,48471.0,2230731.0,22450000.0,56644000.0,100288000.0,right
231970,2456525.0,-231047.0,7550345.0,227973.0,149674.0,2224872.0,22450000.0,56644000.0,100288000.0,right
231980,2470891.0,-917007.0,8066311.0,190688.0,207200.0,2028324.0,22450000.0,56644000.0,100288000.0,right
231990,2450540.0,-933767.0,8339258.0,-38350.0,190688.0,1581432.0,22450000.0,56644000.0,100288000.0,right
232000,2293715.0,142459.0,8353624.0,-246616.0,168849.0,1182479.0,22450000.0,56644000.0,100288000.0,right
232011,2183578.0,1497618.0,8409889.0,-349949.0,181633.0,978475.0,22450000.0,56644000.0,100288000.0,right
232021,2068653.0,3093402.0,8504463.0,-300946.0,219451.0,862357.0,22450000.0,56644000.0,100288000.0,right
232091,245413.0,11801380.0,8640937.0,484177.0,994987.0,5691880.0,22450000.0,56644000.0,100288000.0,right
232101,-829616.0,11803774.0,8673260.0,496428.0,1199524.0,6999532.0,22450000.0,56644000.0,100288000.0,right
232111,-2370331.0,12571139.0,8564320.0,415465.0,1372102.0,8113832.0,22450000.0,56644000.0,100288000.0,right
232121,-4601796.0,12487339.0,8433832.0,80429.0,1504731.0,9004420.0,22450000.0,56644000.0,100288000.0,right
232131,-6844034.0,11638569.0,8810930.0,-211461.0,1635763.0,9816176.0,22450000.0,56644000.0,100288000.0,right
232141,-9286194.0,10637762.0,8609811.0,-340894.0,1788633.0,10633791.0,22450000.0,56644000.0,100288000.0,right
232151,-10575511.0,7953780.0,7519219.0,-303609.0,1918599.0,11323038.0,22450000.0,56644000.0,100288000.0,right
232161,-10403123.0,6085049.0,6759037.0,-237561.0,2165215.0,11994175.0,22450000.0,56644000.0,100288000.0,right
232171,-10552765.0,4672427.0,6499258.0,-54862.0,2565234.0,12370758.0,22450000.0,56644000.0,100288000.0,right
232181,-10934652.0,2788132.0,7322889.0,272715.0,2959394.0,12352115.0,22450000.0,56644000.0,100288000.0,right
232191,-10993312.0,537514.0,8672063.0,310001.0,3287505.0,12116684.0,22450000.0,56644000.0,100288000.0,right
232201,-10715576.0,-2276955.0,9997294.0,28230.0,3452094.0,11749690.0,22450000.0,56644000.0,100288000.0,right
232211,-9763852.0,-4971711.0,10834093.0,-237028.0,3313072.0,11387489.0,22450000.0,56644000.0,100288000.0,right
232221,-8675654.0,-6780586.0,11105843.0,-127302.0,2942349.0,10891061.0,22450000.0,56644000.0,100288000.0,right
232231,-8206376.0,-8205179.0,11165700.0,285499.0,2641403.0,9953067.0,22450000.0,56644000.0,100288000.0,right
232241,-7495277.0,-9192817.0,11312948.0,604555.0,2418756.0,8684831.0,22450000.0,56644000.0,100288000.0,right
232251,-7066701.0,-9299363.0,11561952.0,825072.0,2163084.0,7189154.0,22450000.0,56644000.0,100288000.0,right
232261,-6902694.0,-9144932.0,11964190.0,896979.0,1885042.0,5469233.0,22450000.0,56644000.0,100288000.0,right
232271,-6829668.0,-8777411.0,12438257.0,660483.0,1544147.0,3788195.0,22450000.0,56644000.0,100288000.0,right
232281,-6772206.0,-8345244.0,12738738.0,226908.0,1118561.0,2315955.0,22450000.0,56644000.0,100288000.0,right
232291,-6480104.0,-7763435.0,12598673.0,-237028.0,646635.0,1192599.0,22450000.0,56644000.0,100288000.0,right
232301,-5842030.0,-6861991.0,12176084.0,-502820.0,184296.0,419726.0,22450000.0,56644000.0,100288000.0,right
232311,-5007625.0,-5609785.0,11557164.0,-486307.0,-232767.0,-212526.0,22450000.0,56644000.0,100288000.0,right
232321,-4292934.0,-4156460.0,10867612.0,-354211.0,-593902.0,-778199.0,22450000.0,56644000.0,100288000.0,right
232331,-3796122.0,-2794118.0,10126584.0,-307338.0,-853835.0,-1246929.0,22450000.0,56644000.0,100288000.0,right
232341,-3408250.0,-1438959.0,9420273.0,-388833.0,-975811.0,-1595281.0,22450000.0,56644000.0,100288000.0,right
232351,-2978477.0,-369915.0,9192817.0,-455414.0,-920416.0,-1804612.0,22450000.0,56644000.0,100288000.0,right
232361,-2563071.0,432166.0,9411893.0,-559813.0,-785123.0,-1861606.0,22450000.0,56644000.0,100288000.0,right
232371,-2217098.0,939752.0,9741106.0,-639178.0,-649831.0,-1765196.0,22450000.0,56644000.0,100288000.0,right
232381,-1850774.0,1183968.0,9933845.0,-628525.0,-564607.0,-1548408.0,22440000.0,56667000.0,100288000.0,right
232391,-1447339.0,1290514.0,9948211.0,-502287.0,-526256.0,-1255984.0,22440000.0,56667000.0,100288000.0,right
232401,-1017566.0,1212700.0,9927860.0,-323850.0,-520397.0,-969952.0,22440000.0,56667000.0,100288000.0,right
232411,-724268.0,1082212.0,9966168.0,-130498.0,-528919.0,-749436.0,22440000.0,56667000.0,100288000.0,right
232421,-492023.0,1023552.0,10046376.0,17044.0,-541703.0,-614676.0,22440000.0,56667000.0,100288000.0,right
232431,-239427.0,1128900.0,9996096.0,80429.0,-549693.0,-552356.0,22440000.0,56667000.0,100288000.0,right
232441,-65842.0,1272557.0,9833286.0,70309.0,-535844.0,-543833.0,22440000.0,56667000.0,100288000.0,right
232451,71828.0,1294105.0,9779415.0,38883.0,-494297.0,-519864.0,22440000.0,56667000.0,100288000.0,right
232461,134079.0,1277345.0,9797372.0,1065.0,-439434.0,-447957.0,22440000.0,56667000.0,100288000.0,right
232471,132882.0,1151646.0,9781809.0,-26632.0,-382441.0,-361135.0,22440000.0,56667000.0,100288000.0,right
232481,142459.0,957709.0,9701601.0,-48471.0,-337166.0,-280705.0,22440000.0,56667000.0,100288000.0,right
232491,164007.0,802082.0,9591464.0,-67113.0,-289228.0,-214657.0,22440000.0,56667000.0,100288000.0,right
232501,152036.0,668002.0,9480130.0,-66581.0,-230636.0,-179502.0,22440000.0,56667000.0,100288000.0,right
232512,150839.0,503994.0,9464567.0,-74038.0,-177904.0,-171512.0,22440000.0,56667000.0,100288000.0,right
232521,166402.0,398646.0,9480130.0,-104399.0,-135825.0,-167251.0,22440000.0,56667000.0,100288000.0,right
232531,204710.0,436955.0,9672869.0,-137423.0,-107594.0,-173110.0,22440000.0,56667000.0,100288000.0,right
232541,221470.0,600962.0,9895537.0,-145945.0,-109192.0,-183231.0,22440000.0,56667000.0,100288000.0,right
232551,222667.0,620117.0,9960182.0,-125172.0,-142749.0,-173110.0,22440000.0,56667000.0,100288000.0,right
232562,225061.0,531528.0,9896734.0,-98539.0,-192286.0,-132629.0,22440000.0,56667000.0,100288000.0,right
232571,249004.0,474066.0,9732726.0,-56460.0,-227440.0,-83625.0,22440000.0,56667000.0,100288000.0,right
232581,244216.0,487234.0,9615407.0,-11185.0,-226375.0,-59123.0,22440000.0,56667000.0,100288000.0,right
232591,271750.0,481249.0,9577098.0,10120.0,-198677.0,-49003.0,22440000.0,56667000.0,100288000.0,right
232601,256187.0,407026.0,9602238.0,-14381.0,-169382.0,-29295.0,22440000.0,56667000.0,100288000.0,right
232612,265764.0,264567.0,9563930.0,-47405.0,-151804.0,0.0,22440000.0,56667000.0,100288000.0,right
232621,319635.0,90982.0,9529213.0,-56460.0,-139553.0,17577.0,22440000.0,56667000.0,100288000.0,right
232631,318438.0,-53871.0,9512453.0,-50068.0,-130498.0,4793.0,22440000.0,56667000.0,100288000.0,right
232642,360338.0,-128093.0,9449005.0,-51134.0,-124107.0,-31958.0,22440000.0,56667000.0,100288000.0,right
232652,390266.0,-138867.0,9323305.0,-61254.0,-109192.0,-71374.0,22440000.0,56667000.0,100288000.0,right
232662,380689.0,-96968.0,9257463.0,-79364.0,-86821.0,-105997.0,22440000.0,56667000.0,100288000.0,right
232672,377098.0,31125.0,9328094.0,-100137.0,-62852.0,-130498.0,22440000.0,56667000.0,100288000.0,right
232682,396252.0,156824.0,9391542.0,-116117.0,-48471.0,-135292.0,22440000.0,56667000.0,100288000.0,right
232692,391463.0,193936.0,9350839.0,-155533.0,-52732.0,-122509.0,22440000.0,56667000.0,100288000.0,right
232702,354352.0,148445.0,9295771.0,-198145.0,-66048.0,-89484.0,22440000.0,56667000.0,100288000.0,right
232712,331607.0,31125.0,9324502.0,-172045.0,-72972.0,-50601.0,22440000.0,56667000.0,100288000.0,right
232722,367521.0,-64645.0,9366402.0,-64983.0,-58058.0,-34622.0,22440000.0,56667000.0,100288000.0,right
232732,404632.0,-44294.0,9477736.0,15979.0,-33556.0,-56460.0,22440000.0,56667000.0,100288000.0,right
232742,418998.0,64645.0,9648927.0,13316.0,-20240.0,-93213.0,22440000.0,56667000.0,100288000.0,right
232752,434560.0,247807.0,9715966.0,-16512.0,-19175.0,-117715.0,22440000.0,56667000.0,100288000.0,right
232762,438152.0,357944.0,9693221.0,-28763.0,-9055.0,-122509.0,22440000.0,56667000.0,100288000.0,right
232772,422589.0,366324.0,9636955.0,-21305.0,12250.0,-101735.0,22440000.0,56667000.0,100288000.0,right
232782,407026.0,323227.0,9644138.0,-9587.0,32491.0,-71907.0,22440000.0,56667000.0,100288000.0,right
232792,403435.0,298087.0,9714769.0,-532.0,48471.0,-50601.0,22440000.0,56667000.0,100288000.0,right
232802,383083.0,338789.0,9818920.0,-3728.0,49003.0,-44209.0,22440000.0,56667000.0,100288000.0,right
232812,304072.0,356746.0,9931451.0,-15979.0,33024.0,-31958.0,22440000.0,56667000.0,100288000.0,right
232822,214287.0,289707.0,9958985.0,-13848.0,9055.0,-1065.0,22440000.0,56667000.0,100288000.0,right
232832,169993.0,156824.0,9949408.0,6391.0,-16512.0,34622.0,22440000.0,56667000.0,100288000.0,right
232842,152036.0,100559.0,9993702.0,18642.0,-37818.0,46873.0,22440000.0,56667000.0,100288000.0,right
232852,137670.0,118516.0,9991308.0,6924.0,-66048.0,41546.0,22440000.0,56667000.0,100288000.0,right
232862,142459.0,77813.0,9856031.0,-532.0,-99605.0,41546.0,22440000.0,56667000.0,100288000.0,right
232872,152036.0,3591.0,9682446.0,5326.0,-118780.0,55395.0,22440000.0,56667000.0,100288000.0,right
232882,152036.0,3591.0,9682446.0,5326.0,-118780.0,55395.0,22440000.0,56667000.0,100288000.0,right
232892,204710.0,-63448.0,9593858.0,24501.0,-119845.0,64450.0,22440000.0,56667000.0,100288000.0,right
232902,251398.0,-44294.0,9604633.0,38350.0,-109725.0,54862.0,22440000.0,56667000.0,100288000.0,right
232912,312452.0,181964.0,9703995.0,24501.0,-93213.0,21305.0,22440000.0,56667000.0,100288000.0,right
232922,290904.0,319635.0,9786597.0,-11185.0,-88419.0,-12783.0,22440000.0,56667000.0,100288000.0,right
232932,318438.0,290904.0,9744698.0,-42079.0,-83625.0,4793.0,22440000.0,56667000.0,100288000.0,right
232942,344775.0,175979.0,9689629.0,-36752.0,-58591.0,46340.0,22440000.0,56667000.0,100288000.0,right
232952,369915.0,45491.0,9712375.0,-14381.0,-29295.0,61787.0,22440000.0,56667000.0,100288000.0,right
232962,404632.0,8379.0,9723149.0,-11185.0,-9055.0,47405.0,22440000.0,56667000.0,100288000.0,right
232972,407026.0,33519.0,9708784.0,-21305.0,6391.0,24501.0,22440000.0,56667000.0,100288000.0,right
232982,397449.0,98165.0,9703995.0,-36220.0,18642.0,11718.0,22440000.0,56667000.0,100288000.0,right
232992,399843.0,128093.0,9708784.0,-43144.0,22371.0,11185.0,22440000.0,56667000.0,100288000.0,right
233002,401041.0,107742.0,9750683.0,-45807.0,18642.0,17577.0,22440000.0,56667000.0,100288000.0,right
233012,410618.0,140065.0,9760260.0,-45275.0,12783.0,20240.0,22440000.0,56667000.0,100288000.0,right
233022,369915.0,168796.0,9774626.0,-44742.0,2130.0,23969.0,22440000.0,56667000.0,100288000.0,right
233032,299284.0,114925.0,9718361.0,-30893.0,-14381.0,45275.0,22440000.0,56667000.0,100288000.0,right
233042,286115.0,13168.0,9645335.0,-2663.0,-20773.0,74570.0,22440000.0,56667000.0,100288000.0,right
233052,262173.0,-90982.0,9613013.0,17044.0,-19175.0,85756.0,22440000.0,56667000.0,100288000.0,right
233062,283721.0,-149642.0,9641744.0,17044.0,-10120.0,76701.0,22440000.0,56667000.0,100288000.0,right
233082,287312.0,-125699.0,9636955.0,-22903.0,6924.0,17577.0,22440000.0,56667000.0,100288000.0,right
233092,332804.0,-56265.0,9723149.0,-51134.0,18110.0,-3195.0,22440000.0,56667000.0,100288000.0,right
233102,334001.0,90982.0,9817723.0,-70309.0,20773.0,-22903.0,22440000.0,56667000.0,100288000.0,right
233113,312452.0,219076.0,9914691.0,-71907.0,5859.0,-22371.0,22440000.0,56667000.0,100288000.0,right
233122,310058.0,270553.0,9919480.0,-50601.0,-12250.0,-4261.0,22440000.0,56667000.0,100288000.0,right
233132,331607.0,286115.0,9902720.0,-23436.0,-33556.0,18642.0,22440000.0,56667000.0,100288000.0,right
233172,283721.0,120910.0,9566324.0,20773.0,-47938.0,72972.0,22440000.0,56667000.0,100288000.0,right
233182,290904.0,76616.0,9598647.0,6391.0,-23436.0,67113.0,22440000.0,56667000.0,100288000.0,right
233192,235836.0,10774.0,9602238.0,-19707.0,-6391.0,50601.0,22440000.0,56667000.0,100288000.0,right
233202,199921.0,-52674.0,9541184.0,-34622.0,3728.0,42079.0,22440000.0,56667000.0,100288000.0,right
233212,214287.0,-83799.0,9598647.0,-27697.0,16512.0,31426.0,22440000.0,56667000.0,100288000.0,right
233222,241821.0,3591.0,9754275.0,-24501.0,11718.0,13848.0,22440000.0,56667000.0,100288000.0,right
233232,243018.0,131685.0,9715966.0,-28763.0,-21838.0,2130.0,22440000.0,56667000.0,100288000.0,right
233242,221470.0,61054.0,9586676.0,-15446.0,-54862.0,20240.0,22440000.0,56667000.0,100288000.0,right
233252,289707.0,-23942.0,9538790.0,27697.0,-62852.0,60189.0,22440000.0,56667000.0,100288000.0,right
233262,329212.0,-39505.0,9585478.0,67113.0,-47405.0,59123.0,22440000.0,56667000.0,100288000.0,right
233273,328015.0,74222.0,9651321.0,53264.0,-30360.0,30360.0,22440000.0,56667000.0,100288000.0,right
233282,310058.0,181964.0,9690826.0,18110.0,-19707.0,22371.0,22440000.0,56667000.0,100288000.0,right
233293,325621.0,146050.0,9720755.0,-6391.0,-7989.0,28230.0,22440000.0,56667000.0,100288000.0,right
233303,288510.0,92179.0,9696812.0,-13848.0,6924.0,29295.0,22440000.0,56667000.0,100288000.0,right
233313,282524.0,27534.0,9682446.0,-11185.0,17577.0,25034.0,22440000.0,56667000.0,100288000.0,right
233323,306467.0,62251.0,9709981.0,-14381.0,17044.0,16512.0,22440000.0,56667000.0,100288000.0,right
233333,284918.0,155627.0,9724346.0,-12250.0,13316.0,6924.0,22440000.0,56667000.0,100288000.0,right
233343,244216.0,240624.0,9755472.0,-9587.0,14914.0,10120.0,22440000.0,56667000.0,100288000.0,right
233353,201119.0,241821.0,9796175.0,-13316.0,18110.0,29295.0,22440000.0,56667000.0,100288000.0,right
233363,159219.0,122108.0,9891946.0,-17577.0,12250.0,54330.0,22440000.0,56667000.0,100288000.0,right
233373,165204.0,-40702.0,9920677.0,-12250.0,-11718.0,75103.0,22440000.0,56667000.0,100288000.0,right
233383,167599.0,-147247.0,9826103.0,13848.0,-41013.0,70842.0,22450000.0,56729000.0,100288000.0,right
233393,214287.0,-207104.0,9687235.0,45807.0,-63917.0,51666.0,22450000.0,56729000.0,100288000.0,right
233403,258581.0,-214287.0,9531607.0,67646.0,-74570.0,36220.0,22450000.0,56729000.0,100288000.0,right
233413,344775.0,-192739.0,9434639.0,82027.0,-70309.0,23436.0,22450000.0,56729000.0,100288000.0,right
233423,407026.0,-141262.0,9446610.0,84158.0,-44209.0,5326.0,22450000.0,56729000.0,100288000.0,right
233433,423786.0,-55068.0,9574704.0,58058.0,-10652.0,-20240.0,22450000.0,56729000.0,100288000.0,right
233443,440546.0,33519.0,9684841.0,11185.0,26632.0,-38883.0,22450000.0,56729000.0,100288000.0,right
233453,414209.0,172387.0,9803357.0,-35687.0,63385.0,-47405.0,22450000.0,56729000.0,100288000.0,right
233463,348366.0,177176.0,9935042.0,-59123.0,79364.0,-44209.0,22450000.0,56729000.0,100288000.0,right
233473,331607.0,125699.0,10017645.0,-57526.0,76168.0,-22903.0,22450000.0,56729000.0,100288000.0,right
233483,322029.0,134079.0,10088276.0,-35154.0,58058.0,-8522.0,22450000.0,56729000.0,100288000.0,right
233493,317241.0,181964.0,10082290.0,-6924.0,26632.0,-4261.0,22450000.0,56729000.0,100288000.0,right
233503,324424.0,234638.0,10004476.0,15446.0,-7989.0,9055.0,22450000.0,56729000.0,100288000.0,right
233513,360338.0,227456.0,9939831.0,33024.0,-35154.0,30893.0,22450000.0,56729000.0,100288000.0,right
233523,372309.0,202316.0,9841666.0,41013.0,-50068.0,43677.0,22450000.0,56729000.0,100288000.0,right
233533,356746.0,166402.0,9714769.0,31426.0,-50068.0,43144.0,22450000.0,56729000.0,100288000.0,right
233543,348366.0,126896.0,9626181.0,7989.0,-33024.0,43144.0,22450000.0,56729000.0,100288000.0,right
233553,331607.0,47885.0,9568718.0,-9587.0,-12250.0,49536.0,22450000.0,56729000.0,100288000.0,right
233563,318438.0,-41899.0,9556747.0,-14914.0,3728.0,50068.0,22450000.0,56729000.0,100288000.0,right
233573,331607.0,-89785.0,9569916.0,-15979.0,13848.0,39948.0,22450000.0,56729000.0,100288000.0,right
233583,337592.0,-43096.0,9605830.0,-19707.0,15446.0,24501.0,22450000.0,56729000.0,100288000.0,right
233593,334001.0,-7182.0,9628575.0,-15979.0,14914.0,14381.0,22450000.0,56729000.0,100288000.0,right
233603,342381.0,40702.0,9743501.0,-6924.0,15446.0,13848.0,22450000.0,56729000.0,100288000.0,right
233613,362732.0,147247.0,9828497.0,-3195.0,6924.0,17044.0,22450000.0,56729000.0,100288000.0,right
233623,329212.0,187950.0,9785400.0,-6924.0,1065.0,21838.0,22450000.0,56729000.0,100288000.0,right
233633,272947.0,143656.0,9711178.0,-12783.0,9055.0,40481.0,22450000.0,56729000.0,100288000.0,right
233643,249004.0,32322.0,9757866.0,-13316.0,19175.0,54862.0,22450000.0,56729000.0,100288000.0,right
233653,240624.0,-50279.0,9794977.0,-11185.0,19175.0,53797.0,22450000.0,56729000.0,100288000.0,right
233663,201119.0,-88588.0,9792583.0,-5859.0,16512.0,39948.0,22450000.0,56729000.0,100288000.0,right
233673,183162.0,-77813.0,9816526.0,-3728.0,20773.0,18110.0,22450000.0,56729000.0,100288000.0,right
233683,181964.0,-25139.0,9859623.0,-17577.0,19175.0,-1597.0,22450000.0,56729000.0,100288000.0,right
233693,177176.0,38308.0,9870397.0,-33024.0,6391.0,-7989.0,22450000.0,56729000.0,100288000.0,right
233703,177176.0,27534.0,9811737.0,-31958.0,-10652.0,-8522.0,22450000.0,56729000.0,100288000.0,right
233713,210696.0,34716.0,9749486.0,-13316.0,-20773.0,-5326.0,22450000.0,56729000.0,100288000.0,right
233723,243018.0,152036.0,9783006.0,-1597.0,-23969.0,-11718.0,22450000.0,56729000.0,100288000.0,right
233733,257384.0,252595.0,9788992.0,-7989.0,-29295.0,-14914.0,22450000.0,56729000.0,100288000.0,right
233743,253793.0,266961.0,9719558.0,-16512.0,-30893.0,4261.0,22450000.0,56729000.0,100288000.0,right
233753,259778.0,181964.0,9756669.0,-12783.0,-27165.0,31426.0,22450000.0,56729000.0,100288000.0,right
233763,237033.0,50279.0,9777020.0,-3728.0,-31426.0,47938.0,22450000.0,56729000.0,100288000.0,right
233773,235836.0,-15562.0,9703995.0,4793.0,-37818.0,52199.0,22450000.0,56729000.0,100288000.0,right
233783,239427.0,-80208.0,9677658.0,14914.0,-29295.0,47405.0,22450000.0,56729000.0,100288000.0,right
233793,263370.0,-108939.0,9723149.0,18642.0,-13848.0,32491.0,22450000.0,56729000.0,100288000.0,right
233803,257384.0,-110136.0,9759063.0,1065.0,-3195.0,11185.0,22450000.0,56729000.0,100288000.0,right
233814,235836.0,-105348.0,9718361.0,-22371.0,-2130.0,-4793.0,22450000.0,56729000.0,100288000.0,right
233823,271750.0,-129290.0,9689629.0,-28763.0,3195.0,-10652.0,22450000.0,56729000.0,100288000.0,right
233833,311255.0,-89785.0,9743501.0,-24501.0,9587.0,-12250.0,22450000.0,56729000.0,100288000.0,right
233843,334001.0,51476.0,9797372.0,-24501.0,6391.0,-24501.0,22450000.0,56729000.0,100288000.0,right
233853,359141.0,171190.0,9772232.0,-33556.0,2663.0,-29828.0,22450000.0,56729000.0,100288000.0,right
233863,365126.0,202316.0,9790189.0,-40481.0,6924.0,-11185.0,22450000.0,56729000.0,100288000.0,right
233873,350761.0,148445.0,9841666.0,-38883.0,9587.0,20240.0,22450000.0,56729000.0,100288000.0,right
233883,349564.0,61054.0,9853637.0,-29828.0,4793.0,35154.0,22450000.0,56729000.0,100288000.0,right
233894,361535.0,-27534.0,9811737.0,-15979.0,-1065.0,30360.0,22450000.0,56729000.0,100288000.0,right
233903,377098.0,-63448.0,9760260.0,-9587.0,-11185.0,24501.0,22450000.0,56729000.0,100288000.0,right
233914,383083.0,-41899.0,9725543.0,-4793.0,-23969.0,16512.0,22450000.0,56729000.0,100288000.0,right
233924,383083.0,1197.0,9672869.0,-2130.0,-35687.0,7989.0,22450000.0,56729000.0,100288000.0,right
233934,433363.0,63448.0,9663292.0,-12783.0,-37285.0,8522.0,22450000.0,56729000.0,100288000.0,right
233944,433363.0,63448.0,9663292.0,-12783.0,-37285.0,8522.0,22450000.0,56729000.0,100288000.0,right
233954,430969.0,152036.0,9663292.0,-23969.0,-41013.0,12783.0,22450000.0,56729000.0,100288000.0,right
233964,432166.0,191541.0,9633364.0,-32491.0,-34622.0,21838.0,22450000.0,56729000.0,100288000.0,right
233974,423786.0,185556.0,9603435.0,-35687.0,-14381.0,33024.0,22450000.0,56729000.0,100288000.0,right
233984,408223.0,135276.0,9626181.0,-35687.0,6391.0,45807.0,22450000.0,56729000.0,100288000.0,right
233994,399843.0,98165.0,9624984.0,-34089.0,21305.0,50601.0,22450000.0,56729000.0,100288000.0,right
234004,353155.0,50279.0,9613013.0,-32491.0,32491.0,48471.0,22450000.0,56729000.0,100288000.0,right
234014,317241.0,23942.0,9662095.0,-31426.0,39948.0,51134.0,22450000.0,56729000.0,100288000.0,right
234024,276538.0,-11971.0,9707586.0,-36752.0,35154.0,50068.0,22450000.0,56729000.0,100288000.0,right
234034,251398.0,-31125.0,9731529.0,-43677.0,24501.0,51134.0,22450000.0,56729000.0,100288000.0,right
234044,223864.0,-56265.0,9729135.0,-37818.0,6391.0,52732.0,22450000.0,56729000.0,100288000.0,right
234054,191541.0,-100559.0,9684841.0,-13848.0,-16512.0,59123.0,22450000.0,56729000.0,100288000.0,right
234064,189147.0,-159219.0,9602238.0,19707.0,-25567.0,68711.0,22450000.0,56729000.0,100288000.0,right
234074,216681.0,-168796.0,9557944.0,38350.0,-21305.0,67646.0,22450000.0,56729000.0,100288000.0,right
234084,246610.0,-122108.0,9566324.0,36220.0,-6391.0,55395.0,22450000.0,56729000.0,100288000.0,right
234094,290904.0,-23942.0,9617801.0,18642.0,18642.0,36752.0,22450000.0,56729000.0,100288000.0,right
234104,320832.0,79011.0,9696812.0,-13316.0,44209.0,18642.0,22450000.0,56729000.0,100288000.0,right
234114,353155.0,198724.0,9809343.0,-44742.0,57526.0,14914.0,22450000.0,56729000.0,100288000.0,right
234124,372309.0,284918.0,9832089.0,-63385.0,57526.0,25567.0,22450000.0,56729000.0,100288000.0,right
234134,326818.0,282524.0,9768640.0,-67113.0,55395.0,54862.0,22450000.0,56729000.0,100288000.0,right
234144,287312.0,256187.0,9698009.0,-66048.0,52732.0,104931.0,22450000.0,56729000.0,100288000.0,right
234154,262173.0,256187.0,9622590.0,-57526.0,51134.0,170447.0,22450000.0,56729000.0,100288000.0,right
234164,260975.0,290904.0,9579493.0,-58058.0,56993.0,230636.0,22450000.0,56729000.0,100288000.0,right
234174,289707.0,322029.0,9549564.0,-87886.0,62852.0,288162.0,22450000.0,56729000.0,100288000.0,right
234184,323227.0,444137.0,9496890.0,-137423.0,68178.0,369125.0,22450000.0,56729000.0,100288000.0,right
234194,441743.0,486037.0,9443019.0,-202406.0,86821.0,480448.0,22450000.0,56729000.0,100288000.0,right
234204,513571.0,415406.0,9383162.0,-188024.0,143815.0,561411.0,22450000.0,56729000.0,100288000.0,right
234214,482446.0,506389.0,9317320.0,-68711.0,236495.0,612545.0,22450000.0,56729000.0,100288000.0,right
234224,476460.0,881093.0,9300560.0,-9587.0,335568.0,729728.0,22450000.0,56729000.0,100288000.0,right
234234,493220.0,1179180.0,9332882.0,-13316.0,427716.0,899643.0,22450000.0,56729000.0,100288000.0,right
234244,476460.0,1386285.0,9344854.0,28230.0,527321.0,1108441.0,22450000.0,56729000.0,100288000.0,right
234254,405829.0,1273754.0,9256266.0,116649.0,636514.0,1381157.0,22450000.0,56729000.0,100288000.0,right
234264,158022.0,1808874.0,9350839.0,345156.0,768078.0,1806210.0,22450000.0,56729000.0,100288000.0,right
234274,32322.0,2060273.0,9426259.0,216255.0,821876.0,2278669.0,22450000.0,56729000.0,100288000.0,right
234284,-93376.0,1636486.0,9483722.0,213059.0,886859.0,2609444.0,22450000.0,56729000.0,100288000.0,right
234294,-371112.0,1294105.0,9688432.0,398953.0,989660.0,2807056.0,22450000.0,56729000.0,100288000.0,right
234304,-818841.0,636877.0,9962577.0,514538.0,1036001.0,2833689.0,22450000.0,56729000.0,100288000.0,right
234314,-1327625.0,-215484.0,10207990.0,543301.0,1046654.0,2776695.0,22450000.0,56729000.0,100288000.0,right
234324,-1743032.0,-1041509.0,10448614.0,652494.0,1080743.0,2551918.0,22450000.0,56729000.0,100288000.0,right
234334,-2241041.0,-925387.0,10662902.0,731858.0,1105778.0,2206762.0,22450000.0,56729000.0,100288000.0,right
234344,-2687573.0,-508783.0,10909512.0,452751.0,1030674.0,1987311.0,22450000.0,56729000.0,100288000.0,right
234354,-3075445.0,-669199.0,11066337.0,209330.0,935330.0,1864801.0,22450000.0,56729000.0,100288000.0,right
234365,-3430995.0,-997215.0,11230345.0,96942.0,836790.0,1749217.0,22450000.0,56729000.0,100288000.0,right
234374,-3774574.0,-1174391.0,11480547.0,62319.0,724401.0,1614989.0,22450000.0,56729000.0,100288000.0,right
234384,-4265400.0,-1191151.0,11705609.0,49003.0,577390.0,1421638.0,22450000.0,56760000.0,100288000.0,right
234394,-5106987.0,-1063057.0,11851659.0,22903.0,401084.0,1159042.0,22450000.0,56760000.0,100288000.0,right
234404,-6597424.0,-908627.0,12244320.0,-11718.0,215189.0,830931.0,22450000.0,56760000.0,100288000.0,right
234415,-9616604.0,-1836408.0,13952635.0,-186959.0,-24501.0,376049.0,22450000.0,56760000.0,100288000.0,right
234474,-38927315.0,-12574730.0,11105843.0,-6487657.0,-10079837.0,-17453821.0,22450000.0,56760000.0,100288000.0,right
234484,-39227797.0,-1775354.0,4247443.0,-7275443.0,-9467824.0,-17453821.0,22450000.0,56760000.0,100288000.0,right
234494,-39141603.0,2814469.0,-1868731.0,-7148141.0,-7668005.0,-17453821.0,22450000.0,56760000.0,100288000.0,right
234504,-39208642.0,8636148.0,-3454938.0,-4608473.0,-4721395.0,-17453821.0,22450000.0,56760000.0,100288000.0,right
234514,-36920913.0,18762733.0,349564.0,-1222427.0,-1540419.0,-17453821.0,22450000.0,56760000.0,100288000.0,right
234524,-26293925.0,30620379.0,2651659.0,-168849.0,284966.0,-17453821.0,22450000.0,56760000.0,100288000.0,right
234535,-12143761.0,39087732.0,2927000.0,-658353.0,1474903.0,-17453821.0,22450000.0,56760000.0,100288000.0,right
234545,-2863552.0,39226600.0,7454574.0,-1242668.0,2731420.0,-16728354.0,22450000.0,56760000.0,100288000.0,right
234555,-2527156.0,38885415.0,12996123.0,-1368906.0,3249155.0,-14399615.0,22450000.0,56760000.0,100288000.0,right
234565,-4856786.0,35582513.0,15627431.0,-500156.0,2702657.0,-10720613.0,22450000.0,56760000.0,100288000.0,right
234575,-6486090.0,29510633.0,15039636.0,865020.0,1532961.0,-6755579.0,22450000.0,56760000.0,100288000.0,right
234585,-5844424.0,23868524.0,12718387.0,1538288.0,306272.0,-3532523.0,22450000.0,56760000.0,100288000.0,right
234595,-4450956.0,19449890.0,10253481.0,1062633.0,-418128.0,-1328425.0,22450000.0,56760000.0,100288000.0,right
234605,-3360364.0,15895589.0,8140534.0,108660.0,-626927.0,47938.0,22450000.0,56760000.0,100288000.0,right
234615,-2308080.0,12137775.0,6651295.0,-469263.0,-500689.0,1090331.0,22450000.0,56760000.0,100288000.0,right
234625,-1576629.0,7444997.0,6292153.0,-726532.0,-222647.0,1850420.0,22450000.0,56760000.0,100288000.0,right
234635,-644059.0,2826441.0,6736291.0,-1136671.0,-22903.0,1785437.0,22450000.0,56760000.0,100288000.0,right
234645,684762.0,530331.0,7482108.0,-1100984.0,182698.0,1334816.0,22450000.0,56760000.0,100288000.0,right
234655,1837605.0,1118126.0,8238699.0,-407475.0,483112.0,1087667.0,22450000.0,56760000.0,100288000.0,right
234665,2525959.0,2023162.0,8815719.0,36752.0,673267.0,1077014.0,22450000.0,56760000.0,100288000.0,right
234675,2844398.0,2157241.0,8967755.0,56460.0,710552.0,1209644.0,22450000.0,56760000.0,100288000.0,right
234685,2863552.0,2513988.0,8888744.0,90550.0,735587.0,1467978.0,22450000.0,56760000.0,100288000.0,right
234695,2747430.0,3848796.0,8660091.0,167251.0,797374.0,1824320.0,22450000.0,56760000.0,100288000.0,right
234705,2473285.0,6696786.0,8309330.0,299348.0,912426.0,2371350.0,22450000.0,56760000.0,100288000.0,right
234715,2026753.0,10866415.0,7968146.0,311066.0,1053045.0,3234773.0,22450000.0,56760000.0,100288000.0,right
234725,1295302.0,14972597.0,7613793.0,114519.0,1167032.0,4381032.0,22450000.0,56760000.0,100288000.0,right
234735,-189147.0,17357294.0,7131347.0,-145945.0,1238940.0,5757928.0,22450000.0,56760000.0,100288000.0,right
234745,-1954925.0,18115082.0,6724320.0,-381376.0,1306586.0,7268519.0,22450000.0,56760000.0,100288000.0,right
234755,-3841613.0,19193703.0,6267014.0,-612545.0,1456260.0,8849419.0,22450000.0,56760000.0,100288000.0,right
234765,-6062303.0,20467457.0,6028783.0,-1092461.0,1671450.0,10625802.0,22450000.0,56760000.0,100288000.0,right
234775,-9326897.0,20162187.0,6219128.0,-1689560.0,1867997.0,12540140.0,22450000.0,56760000.0,100288000.0,right
234785,-13542017.0,18979415.0,6310111.0,-2193445.0,1982517.0,14570063.0,22450000.0,56760000.0,100288000.0,right
234795,-17693690.0,15627431.0,5158464.0,-2553516.0,2022998.0,16485999.0,22450000.0,56760000.0,100288000.0,right
234805,-18525700.0,11376396.0,5081848.0,-2355371.0,1976125.0,17453288.0,22450000.0,56760000.0,100288000.0,right
234815,-18283878.0,8288979.0,5122550.0,-1230950.0,2198772.0,17453288.0,22450000.0,56760000.0,100288000.0,right
234825,-18338947.0,5595420.0,5680416.0,762219.0,2831558.0,17453288.0,22450000.0,56760000.0,100288000.0,right
234835,-18777099.0,2402654.0,7770618.0,2474151.0,3653967.0,16229262.0,22450000.0,56760000.0,100288000.0,right
234845,-18482603.0,-2376317.0,9981731.0,3066456.0,4206856.0,14589771.0,22450000.0,56760000.0,100288000.0,right
234855,-17625453.0,-6958959.0,12032427.0,3185237.0,4270241.0,13563890.0,22450000.0,56760000.0,100288000.0,right
234865,-17131035.0,-10761067.0,13265479.0,3128776.0,4058247.0,12858664.0,22450000.0,56760000.0,100288000.0,right
234875,-16709643.0,-14254314.0,14311777.0,3055803.0,3714157.0,11864209.0,22450000.0,56760000.0,100288000.0,right
234885,-14849291.0,-16290645.0,15722004.0,3237436.0,3262471.0,10111796.0,22450000.0,56760000.0,100288000.0,right
234895,-13233156.0,-16293039.0,16830554.0,3142625.0,2612640.0,7675462.0,22450000.0,56760000.0,100288000.0,right
234905,-11675680.0,-14577541.0,16927522.0,2343652.0,1726845.0,4965348.0,22450000.0,56760000.0,100288000.0,right
234915,-10006871.0,-11925882.0,15935095.0,1276225.0,676463.0,2269614.0,22450000.0,56760000.0,100288000.0,right
234925,-8645726.0,-8448198.0,14216006.0,143282.0,-378712.0,113454.0,22450000.0,56760000.0,100288000.0,right
234935,-7324086.0,-5531971.0,12226363.0,-907100.0,-1232548.0,-1324163.0,22450000.0,56760000.0,100288000.0,right
234945,-5974912.0,-3101782.0,10327704.0,-1478631.0,-1715127.0,-2181727.0,22450000.0,56760000.0,100288000.0,right
234955,-4913051.0,-1018763.0,9176057.0,-1500470.0,-1784372.0,-2686145.0,22450000.0,56760000.0,100288000.0,right
234965,-4089421.0,359141.0,8863605.0,-1315641.0,-1570780.0,-2907194.0,22450000.0,56760000.0,100288000.0,right
234975,-3338816.0,1382693.0,9093455.0,-1149987.0,-1304988.0,-2835819.0,22450000.0,56760000.0,100288000.0,right
234985,-2558282.0,1788523.0,9267040.0,-981138.0,-1091396.0,-2595062.0,22450000.0,56760000.0,100288000.0,right
234995,-2558282.0,1788523.0,9267040.0,-981138.0,-1091396.0,-2595062.0,22450000.0,56760000.0,100288000.0,right
235005,-1911828.0,1953728.0,9392739.0,-787786.0,-943320.0,-2258429.0,22450000.0,56760000.0,100288000.0,right
235015,-1333611.0,1962108.0,9613013.0,-563541.0,-866086.0,-1914338.0,22450000.0,56760000.0,100288000.0,right
235025,-871516.0,2050696.0,9787795.0,-311599.0,-883663.0,-1618718.0,22450000.0,56760000.0,100288000.0,right
235035,-529134.0,2168015.0,9684841.0,-46873.0,-948114.0,-1415779.0,22450000.0,56760000.0,100288000.0,right
235045,-195133.0,2323643.0,9464567.0,103333.0,-960897.0,-1285813.0,22450000.0,56760000.0,100288000.0,right
235055,28731.0,2464905.0,9437033.0,131564.0,-885794.0,-1183012.0,22450000.0,56760000.0,100288000.0,right
235066,178373.0,2595393.0,9495693.0,92680.0,-752632.0,-1068492.0,22450000.0,56760000.0,100288000.0,right
235075,268158.0,2571451.0,9505270.0,29295.0,-577923.0,-945983.0,22450000.0,56760000.0,100288000.0,right
235085,282524.0,2190761.0,9541184.0,-95344.0,-413867.0,-829866.0,22450000.0,56760000.0,100288000.0,right
235095,185556.0,1849577.0,9648927.0,-155000.0,-277509.0,-707889.0,22450000.0,56760000.0,100288000.0,right
235105,38308.0,1655640.0,9885960.0,-150206.0,-194949.0,-591772.0,22450000.0,56760000.0,100288000.0,right
235115,-69433.0,1332413.0,10127782.0,-117182.0,-165120.0,-518799.0,22450000.0,56760000.0,100288000.0,right
235125,-222667.0,1134886.0,10269044.0,-64450.0,-180567.0,-452751.0,22450000.0,56760000.0,100288000.0,right
235135,-275341.0,964892.0,10331295.0,-3195.0,-233299.0,-401084.0,22450000.0,56760000.0,100288000.0,right
235145,-249004.0,864333.0,10203201.0,65515.0,-294554.0,-359537.0,22450000.0,56760000.0,100288000.0,right
235155,-187950.0,829616.0,9967365.0,120911.0,-341427.0,-334503.0,22450000.0,56760000.0,100288000.0,right
235166,-71828.0,900247.0,9897931.0,123041.0,-365929.0,-319589.0,22450000.0,56760000.0,100288000.0,right
235176,-4788.0,1060663.0,9923071.0,64983.0,-385637.0,-308936.0,22450000.0,56760000.0,100288000.0,right
235186,33519.0,1070240.0,9762655.0,7989.0,-399486.0,-310533.0,22450000.0,56760000.0,100288000.0,right
235286,478854.0,636877.0,9622590.0,60189.0,-186426.0,-302544.0,22450000.0,56760000.0,100288000.0,right
235296,578217.0,806870.0,9642941.0,60721.0,-150206.0,-323850.0,22450000.0,56760000.0,100288000.0,right
235306,662016.0,911021.0,9629772.0,532.0,-112388.0,-322252.0,22450000.0,56760000.0,100288000.0,right
235316,755393.0,908627.0,9665687.0,-54330.0,-74038.0,-312131.0,22450000.0,56760000.0,100288000.0,right
235326,763773.0,931372.0,9757866.0,-97474.0,-52199.0,-304142.0,22450000.0,56760000.0,100288000.0,right
235336,761379.0,926584.0,9755472.0,-114519.0,-55395.0,-293489.0,22450000.0,56760000.0,100288000.0,right
235346,766167.0,872713.0,9689629.0,-110258.0,-62319.0,-270585.0,22450000.0,56760000.0,100288000.0,right
235356,770956.0,830813.0,9654912.0,-99605.0,-63917.0,-242355.0,22450000.0,56760000.0,100288000.0,right
235366,836799.0,841587.0,9686038.0,-72440.0,-68178.0,-223712.0,22450000.0,56760000.0,100288000.0,right
235376,877501.0,883487.0,9696812.0,-35687.0,-76168.0,-215722.0,22450000.0,56760000.0,100288000.0,right
235386,885881.0,979258.0,9686038.0,-5859.0,-83093.0,-208798.0,22450000.0,56773000.0,100290000.0,right
235396,919401.0,1066649.0,9765049.0,0.0,-83625.0,-194949.0,22450000.0,56773000.0,100290000.0,right
235406,921795.0,1192348.0,9841666.0,-29295.0,-77234.0,-177371.0,22450000.0,56773000.0,100290000.0,right
235416,897853.0,1219882.0,9765049.0,-70842.0,-75103.0,-154468.0,22450000.0,56773000.0,100290000.0,right
235426,865530.0,1138477.0,9640547.0,-95344.0,-74038.0,-118780.0,22450000.0,56773000.0,100290000.0,right
235436,867924.0,1054678.0,9587873.0,-91082.0,-59656.0,-80429.0,22450000.0,56773000.0,100290000.0,right
235446,815250.0,1049889.0,9627378.0,-76701.0,-50601.0,-47938.0,22450000.0,56773000.0,100290000.0,right
235456,779336.0,1021158.0,9605830.0,-58591.0,-54862.0,-20773.0,22450000.0,56773000.0,100290000.0,right
235466,747013.0,926584.0,9474145.0,-34089.0,-58591.0,14914.0,22450000.0,56773000.0,100290000.0,right
235476,717085.0,822433.0,9447808.0,-11718.0,-50601.0,50601.0,22450000.0,56773000.0,100290000.0,right
235486,669199.0,766167.0,9534001.0,7989.0,-35154.0,67113.0,22450000.0,56773000.0,100290000.0,right
235496,599765.0,713493.0,9622590.0,14914.0,-20240.0,61787.0,22450000.0,56773000.0,100290000.0,right
235506,559063.0,590188.0,9623787.0,4793.0,-11185.0,61254.0,22450000.0,56773000.0,100290000.0,right
235516,543500.0,484840.0,9602238.0,-3195.0,532.0,62319.0,22450000.0,56773000.0,100290000.0,right
235526,543500.0,468080.0,9623787.0,3195.0,15446.0,36220.0,22450000.0,56773000.0,100290000.0,right
235536,572231.0,569837.0,9696812.0,-1065.0,22903.0,-11185.0,22450000.0,56773000.0,100290000.0,right
235546,563851.0,773350.0,9775823.0,-38350.0,12783.0,-42611.0,22450000.0,56773000.0,100290000.0,right
235556,549486.0,922992.0,9731529.0,-66581.0,-2663.0,-38883.0,22450000.0,56773000.0,100290000.0,right
235566,572231.0,902641.0,9641744.0,-47938.0,-9587.0,-9587.0,22450000.0,56773000.0,100290000.0,right
235576,547091.0,829616.0,9618998.0,-13316.0,-4793.0,19707.0,22450000.0,56773000.0,100290000.0,right
235586,548288.0,796096.0,9626181.0,2130.0,0.0,34622.0,22450000.0,56773000.0,100290000.0,right
235596,517163.0,767365.0,9584281.0,1065.0,1065.0,38883.0,22450000.0,56773000.0,100290000.0,right
235606,483643.0,755393.0,9529213.0,3728.0,9587.0,47405.0,22450000.0,56773000.0,100290000.0,right
235616,458503.0,665608.0,9535199.0,4793.0,21838.0,63385.0,22450000.0,56773000.0,100290000.0,right
235626,413012.0,527937.0,9571113.0,-9055.0,27697.0,71907.0,22450000.0,56773000.0,100290000.0,right
235636,371112.0,448926.0,9581887.0,-15446.0,36752.0,51666.0,22450000.0,56773000.0,100290000.0,right
235646,345972.0,475263.0,9623787.0,-15446.0,46340.0,9055.0,22450000.0,56773000.0,100290000.0,right
235656,324424.0,565048.0,9721952.0,-33024.0,39948.0,-15446.0,22450000.0,56773000.0,100290000.0,right
235666,326818.0,622511.0,9777020.0,-43677.0,9587.0,-13316.0,22450000.0,56773000.0,100290000.0,right
235676,354352.0,653637.0,9736318.0,-33024.0,-26632.0,-4793.0,22450000.0,56773000.0,100290000.0,right
235686,378295.0,600962.0,9689629.0,-27697.0,-49003.0,-532.0,22450000.0,56773000.0,100290000.0,right
235696,428575.0,629694.0,9663292.0,-21305.0,-57526.0,5859.0,22450000.0,56773000.0,100290000.0,right
235706,480052.0,666805.0,9653715.0,-1065.0,-61254.0,5326.0,22450000.0,56773000.0,100290000.0,right
235716,500403.0,665608.0,9658504.0,5326.0,-63917.0,5326.0,22450000.0,56773000.0,100290000.0,right
235726,488432.0,675185.0,9621392.0,-5859.0,-62319.0,13848.0,22450000.0,56773000.0,100290000.0,right
235736,511177.0,610540.0,9587873.0,-5859.0,-53797.0,14914.0,22450000.0,56773000.0,100290000.0,right
235746,554274.0,532726.0,9596253.0,-4261.0,-44742.0,6391.0,22450000.0,56773000.0,100290000.0,right
235756,622511.0,583005.0,9610618.0,-6391.0,-32491.0,-4793.0,22450000.0,56773000.0,100290000.0,right
235766,632088.0,699128.0,9662095.0,-532.0,-14914.0,-20773.0,22450000.0,56773000.0,100290000.0,right
235777,641665.0,781730.0,9676461.0,1597.0,532.0,-39415.0,22450000.0,56773000.0,100290000.0,right
235786,598568.0,812856.0,9725543.0,-15979.0,18110.0,-37285.0,22450000.0,56773000.0,100290000.0,right
235797,584203.0,774547.0,9862017.0,-28230.0,36220.0,-19175.0,22450000.0,56773000.0,100290000.0,right
235807,600962.0,751802.0,9967365.0,-20773.0,44209.0,-1597.0,22450000.0,56773000.0,100290000.0,right
235817,574625.0,766167.0,9999688.0,-10652.0,39948.0,2663.0,22450000.0,56773000.0,100290000.0,right
235827,542303.0,779336.0,10055953.0,-17044.0,25034.0,3195.0,22450000.0,56773000.0,100290000.0,right
235837,511177.0,715888.0,10053559.0,-19707.0,532.0,14381.0,22450000.0,56773000.0,100290000.0,right
235847,514769.0,638074.0,10003279.0,1065.0,-25567.0,27165.0,22450000.0,56773000.0,100290000.0,right
235857,515966.0,683565.0,9951802.0,24501.0,-40481.0,23436.0,22450000.0,56773000.0,100290000.0,right
235867,508783.0,745816.0,9936240.0,28230.0,-46873.0,6924.0,22450000.0,56773000.0,100290000.0,right
235877,502797.0,797293.0,9917085.0,4261.0,-49003.0,4261.0,22450000.0,56773000.0,100290000.0,right
235887,484840.0,782927.0,9858426.0,-23436.0,-55928.0,17577.0,22450000.0,56773000.0,100290000.0,right
235897,477657.0,742225.0,9836877.0,-38350.0,-63385.0,29828.0,22450000.0,56773000.0,100290000.0,right
235907,456109.0,696733.0,9743501.0,-39948.0,-71907.0,39948.0,22450000.0,56773000.0,100290000.0,right
235917,474066.0,605751.0,9597450.0,-28230.0,-78299.0,45275.0,22450000.0,56773000.0,100290000.0,right
235927,496812.0,572231.0,9569916.0,-14914.0,-79364.0,47405.0,22450000.0,56773000.0,100290000.0,right
235937,515966.0,591385.0,9616604.0,-532.0,-84691.0,41546.0,22450000.0,56773000.0,100290000.0,right
235947,561457.0,638074.0,9591464.0,4793.0,-89484.0,35687.0,22450000.0,56773000.0,100290000.0,right
235957,543500.0,630891.0,9534001.0,-3195.0,-86821.0,40481.0,22450000.0,56773000.0,100290000.0,right
235967,588991.0,565048.0,9543579.0,-9587.0,-64450.0,47938.0,22450000.0,56773000.0,100290000.0,right
235977,577020.0,551880.0,9614210.0,-11185.0,-35154.0,39948.0,22450000.0,56773000.0,100290000.0,right
235987,535120.0,556668.0,9724346.0,-28230.0,-11185.0,18642.0,22450000.0,56773000.0,100290000.0,right
235997,525543.0,616525.0,9785400.0,-50068.0,7989.0,-2663.0,22450000.0,56773000.0,100290000.0,right
236007,509980.0,635679.0,9814132.0,-66048.0,14381.0,-21305.0,22450000.0,56773000.0,100290000.0,right
236017,496812.0,636877.0,9808146.0,-69776.0,4261.0,-18642.0,22450000.0,56773000.0,100290000.0,right
236027,518360.0,610540.0,9714769.0,-55928.0,-16512.0,-12250.0,22450000.0,56773000.0,100290000.0,right
236037,533923.0,603357.0,9617801.0,-27165.0,-39415.0,-7989.0,22450000.0,56773000.0,100290000.0,right
236047,580611.0,609342.0,9537593.0,-4261.0,-55395.0,-3728.0,22450000.0,56773000.0,100290000.0,right
236057,580611.0,609342.0,9537593.0,-4261.0,-55395.0,-3728.0,22450000.0,56773000.0,100290000.0,right
236067,644059.0,647651.0,9501679.0,9587.0,-54330.0,-3728.0,22450000.0,56773000.0,100290000.0,right
236077,660819.0,712296.0,9526819.0,15979.0,-39415.0,-5859.0,22450000.0,56773000.0,100290000.0,right
236087,684762.0,784124.0,9583084.0,4793.0,-14381.0,-11718.0,22450000.0,56773000.0,100290000.0,right
236097,635679.0,794899.0,9605830.0,-26099.0,7457.0,-3195.0,22450000.0,56773000.0,100290000.0,right
236107,606948.0,689551.0,9545973.0,-46340.0,19175.0,20240.0,22450000.0,56773000.0,100290000.0,right
236117,627299.0,541106.0,9507664.0,-43677.0,31426.0,38883.0,22450000.0,56773000.0,100290000.0,right
236127,587794.0,436955.0,9547170.0,-32491.0,42079.0,33556.0,22450000.0,56773000.0,100290000.0,right
236137,578217.0,403435.0,9611815.0,-19175.0,38883.0,20773.0,22450000.0,56773000.0,100290000.0,right
236147,579414.0,433363.0,9660898.0,-6391.0,24501.0,12783.0,22450000.0,56773000.0,100290000.0,right
236157,611737.0,514769.0,9701601.0,8522.0,11718.0,532.0,22450000.0,56773000.0,100290000.0,right
236307,628497.0,606948.0,9687235.0,25034.0,-37818.0,41546.0,22450000.0,56773000.0,100290000.0,right
236318,624905.0,650045.0,9646532.0,13848.0,-43677.0,22371.0,22450000.0,56773000.0,100290000.0,right
236368,571034.0,430969.0,9568718.0,-3728.0,4793.0,3195.0,22450000.0,56773000.0,100290000.0,right
236378,583005.0,538711.0,9628575.0,-5859.0,12783.0,-11185.0,22450000.0,56773000.0,100290000.0,right
236387,615328.0,572231.0,9708784.0,-13316.0,12783.0,-8522.0,22420000.0,56748000.0,100288000.0,right
236398,671594.0,569837.0,9768640.0,-14914.0,1597.0,-2130.0,22420000.0,56748000.0,100288000.0,right
236407,713493.0,639271.0,9798569.0,-5859.0,-10120.0,-14381.0,22420000.0,56748000.0,100288000.0,right
236418,725465.0,764970.0,9779415.0,-3195.0,-18110.0,-28230.0,22420000.0,56748000.0,100288000.0,right
236428,697931.0,841587.0,9725543.0,-4793.0,-20240.0,-11185.0,22420000.0,56748000.0,100288000.0,right
236438,688353.0,797293.0,9750683.0,7989.0,-13316.0,27165.0,22420000.0,56748000.0,100288000.0,right
236448,660819.0,688353.0,9762655.0,23969.0,-10652.0,52732.0,22420000.0,56748000.0,100288000.0,right
236458,622511.0,571034.0,9745895.0,23969.0,-9587.0,59656.0,22420000.0,56748000.0,100288000.0,right
236468,606948.0,501600.0,9720755.0,15446.0,-10652.0,61254.0,22420000.0,56748000.0,100288000.0,right
236478,567443.0,433363.0,9744698.0,13848.0,-12250.0,51666.0,22420000.0,56748000.0,100288000.0,right
236488,586597.0,399843.0,9790189.0,10120.0,-13848.0,42079.0,22420000.0,56748000.0,100288000.0,right
236498,572231.0,415406.0,9830892.0,1065.0,-22371.0,27697.0,22420000.0,56748000.0,100288000.0,right
236508,580611.0,456109.0,9817723.0,-9587.0,-29828.0,7457.0,22420000.0,56748000.0,100288000.0,right
236518,597371.0,498009.0,9750683.0,-12783.0,-35687.0,-3728.0,22420000.0,56748000.0,100288000.0,right
236528,627299.0,524346.0,9708784.0,-4261.0,-37285.0,-7989.0,22420000.0,56748000.0,100288000.0,right
236538,671594.0,626102.0,9725543.0,1597.0,-27697.0,-13848.0,22420000.0,56748000.0,100288000.0,right
236548,703916.0,745816.0,9767443.0,-10120.0,-17577.0,-21305.0,22420000.0,56748000.0,100288000.0,right
236558,691945.0,822433.0,9766246.0,-28230.0,-7457.0,-19175.0,22420000.0,56748000.0,100288000.0,right
236568,668002.0,830813.0,9757866.0,-41546.0,-2663.0,1597.0,22420000.0,56748000.0,100288000.0,right
236578,610540.0,767365.0,9777020.0,-35687.0,-4261.0,26632.0,22420000.0,56748000.0,100288000.0,right
236588,571034.0,630891.0,9750683.0,-21305.0,-12783.0,50601.0,22420000.0,56748000.0,100288000.0,right
236598,551880.0,502797.0,9666884.0,-3195.0,-21838.0,64983.0,22420000.0,56748000.0,100288000.0,right
236608,573428.0,432166.0,9672869.0,12250.0,-18110.0,60189.0,22420000.0,56748000.0,100288000.0,right
236618,550683.0,458503.0,9745895.0,4261.0,-12783.0,35687.0,22420000.0,56748000.0,100288000.0,right
236628,538711.0,434560.0,9708784.0,-14381.0,-19175.0,18642.0,22420000.0,56748000.0,100288000.0,right
236638,565048.0,384281.0,9616604.0,-20240.0,-15979.0,13316.0,22420000.0,56748000.0,100288000.0,right
236648,585400.0,402238.0,9596253.0,-15979.0,1065.0,-5326.0,22420000.0,56748000.0,100288000.0,right
236658,598568.0,508783.0,9642941.0,-18110.0,11718.0,-27697.0,22420000.0,56748000.0,100288000.0,right
236668,615328.0,633285.0,9688432.0,-22903.0,12783.0,-37285.0,22420000.0,56748000.0,100288000.0,right
236678,612934.0,652439.0,9684841.0,-15446.0,11185.0,-25034.0,22420000.0,56748000.0,100288000.0,right
236688,584203.0,615328.0,9674067.0,-4261.0,11185.0,3195.0,22420000.0,56748000.0,100288000.0,right
236698,584203.0,562654.0,9714769.0,1065.0,11185.0,15979.0,22420000.0,56748000.0,100288000.0,right
236708,596174.0,525543.0,9718361.0,-1597.0,10652.0,15446.0,22420000.0,56748000.0,100288000.0,right
236718,609342.0,500403.0,9680052.0,532.0,12783.0,10120.0,22420000.0,56748000.0,100288000.0,right
236728,614131.0,468080.0,9640547.0,9587.0,20773.0,3195.0,22420000.0,56748000.0,100288000.0,right
236738,610540.0,452517.0,9632167.0,7989.0,26632.0,-9587.0,22420000.0,56748000.0,100288000.0,right
236748,627299.0,496812.0,9676461.0,-1597.0,31958.0,-28763.0,22420000.0,56748000.0,100288000.0,right
236758,627299.0,569837.0,9756669.0,-4261.0,31426.0,-41013.0,22420000.0,56748000.0,100288000.0,right
236768,621314.0,614131.0,9803357.0,-12250.0,22371.0,-38350.0,22420000.0,56748000.0,100288000.0,right
236808,671594.0,513571.0,9587873.0,9587.0,-26632.0,22371.0,22420000.0,56748000.0,100288000.0,right
236818,678776.0,501600.0,9590267.0,22371.0,-24501.0,19707.0,22420000.0,56748000.0,100288000.0,right
236828,654834.0,532726.0,9572310.0,19707.0,-13848.0,-2130.0,22420000.0,56748000.0,100288000.0,right
236838,672791.0,535120.0,9629772.0,9587.0,5326.0,-14381.0,22420000.0,56748000.0,100288000.0,right
236848,696733.0,550683.0,9702798.0,-9587.0,20240.0,-11718.0,22420000.0,56748000.0,100288000.0,right
236858,660819.0,541106.0,9787795.0,-28230.0,21305.0,-17577.0,22420000.0,56748000.0,100288000.0,right
236938,632088.0,560260.0,9700404.0,-20773.0,1065.0,6924.0,22420000.0,56748000.0,100288000.0,right
236948,623708.0,525543.0,9786597.0,-30360.0,17044.0,3195.0,22420000.0,56748000.0,100288000.0,right
236958,591385.0,581808.0,9840469.0,-34089.0,20773.0,-18110.0,22420000.0,56748000.0,100288000.0,right
236968,523149.0,659622.0,9851243.0,-38883.0,13316.0,-26099.0,22420000.0,56748000.0,100288000.0,right
236978,505191.0,636877.0,9815329.0,-43144.0,2663.0,-19175.0,22420000.0,56748000.0,100288000.0,right
236988,484840.0,544697.0,9773429.0,-38883.0,-16512.0,-6391.0,22420000.0,56748000.0,100288000.0,right
236998,490826.0,466883.0,9705192.0,-25567.0,-37285.0,-6924.0,22420000.0,56748000.0,100288000.0,right
237008,515966.0,511177.0,9654912.0,-10652.0,-59656.0,-18110.0,22420000.0,56748000.0,100288000.0,right
237018,530331.0,542303.0,9584281.0,3195.0,-79897.0,-24501.0,22420000.0,56748000.0,100288000.0,right
237029,553077.0,535120.0,9493299.0,16512.0,-87886.0,-14914.0,22420000.0,56748000.0,100288000.0,right
237038,593780.0,508783.0,9457385.0,22903.0,-80429.0,-11185.0,22420000.0,56748000.0,100288000.0,right
237049,626102.0,515966.0,9435836.0,13848.0,-69776.0,-22903.0,22420000.0,56748000.0,100288000.0,right
237059,621314.0,519557.0,9426259.0,3728.0,-60721.0,-28763.0,22420000.0,56748000.0,100288000.0,right
237069,622511.0,459700.0,9381965.0,5859.0,-44742.0,-25034.0,22420000.0,56748000.0,100288000.0,right
237079,668002.0,452517.0,9410696.0,9587.0,-17044.0,-34089.0,22420000.0,56748000.0,100288000.0,right
237089,715888.0,535120.0,9518439.0,2130.0,1065.0,-55395.0,22420000.0,56748000.0,100288000.0,right
237099,726662.0,671594.0,9646532.0,-17577.0,9587.0,-63385.0,22420000.0,56748000.0,100288000.0,right
237109,733845.0,696733.0,9706389.0,-26099.0,10652.0,-47938.0,22420000.0,56748000.0,100288000.0,right
237119,733845.0,696733.0,9706389.0,-26099.0,10652.0,-47938.0,22420000.0,56748000.0,100288000.0,right
237129,736239.0,668002.0,9714769.0,-22371.0,11185.0,-27697.0,22420000.0,56748000.0,100288000.0,right
237139,713493.0,597371.0,9796175.0,-11185.0,9587.0,-15446.0,22420000.0,56748000.0,100288000.0,right
237149,730253.0,606948.0,9857229.0,532.0,3728.0,-19175.0,22420000.0,56748000.0,100288000.0,right
237159,736239.0,691945.0,9883566.0,10652.0,-5859.0,-31426.0,22420000.0,56748000.0,100288000.0,right
237169,735042.0,766167.0,9865609.0,13848.0,-15979.0,-35687.0,22420000.0,56748000.0,100288000.0,right
237179,748210.0,811659.0,9806949.0,5859.0,-20240.0,-25034.0,22420000.0,56748000.0,100288000.0,right
237189,729056.0,752999.0,9676461.0,-4793.0,-23969.0,-4793.0,22420000.0,56748000.0,100288000.0,right
237199,687156.0,663214.0,9602238.0,-1597.0,-25034.0,16512.0,22420000.0,56748000.0,100288000.0,right
237209,659622.0,544697.0,9560338.0,13848.0,-26632.0,36220.0,22420000.0,56748000.0,100288000.0,right
237219,657228.0,433363.0,9499284.0,34622.0,-26099.0,41546.0,22420000.0,56748000.0,100288000.0,right
237229,639271.0,357944.0,9469356.0,45275.0,-25034.0,39415.0,22420000.0,56748000.0,100288000.0,right
237239,639271.0,331607.0,9465765.0,47405.0,-16512.0,29295.0,22420000.0,56748000.0,100288000.0,right
237249,651242.0,293298.0,9498087.0,41013.0,532.0,12250.0,22420000.0,56748000.0,100288000.0,right
237259,696733.0,323227.0,9601041.0,22371.0,28230.0,-9055.0,22420000.0,56748000.0,100288000.0,right
237269,718282.0,408223.0,9711178.0,-3195.0,55395.0,-39415.0,22420000.0,56748000.0,100288000.0,right
237279,733845.0,530331.0,9835680.0,-29295.0,69776.0,-63385.0,22420000.0,56748000.0,100288000.0,right
237289,717085.0,638074.0,9948211.0,-44742.0,67113.0,-63385.0,22420000.0,56748000.0,100288000.0,right
237299,750605.0,696733.0,10002082.0,-39948.0,47938.0,-51134.0,22420000.0,56748000.0,100288000.0,right
237309,739830.0,706311.0,9964971.0,-20773.0,17577.0,-30360.0,22420000.0,56748000.0,100288000.0,right
237319,736239.0,733845.0,9933845.0,6391.0,-8522.0,-11185.0,22420000.0,56748000.0,100288000.0,right
237329,717085.0,725465.0,9918283.0,29828.0,-22903.0,7989.0,22420000.0,56748000.0,100288000.0,right
237339,709902.0,693142.0,9866806.0,35687.0,-21305.0,23436.0,22420000.0,56748000.0,100288000.0,right
237349,729056.0,648848.0,9845257.0,25567.0,-10652.0,26099.0,22420000.0,56748000.0,100288000.0,right
237359,725465.0,647651.0,9853637.0,2130.0,10120.0,7989.0,22420000.0,56748000.0,100288000.0,right
237369,694339.0,681171.0,9806949.0,-30360.0,28763.0,-7989.0,22420000.0,56748000.0,100288000.0,right
237379,720676.0,723070.0,9788992.0,-55928.0,37285.0,-3195.0,22420000.0,56748000.0,100288000.0,right
237389,748210.0,774547.0,9754275.0,-58591.0,39948.0,9587.0,22410000.0,56723000.0,100288000.0,right
237399,729056.0,780533.0,9658504.0,-43677.0,38883.0,30360.0,22410000.0,56723000.0,100288000.0,right
237409,756590.0,761379.0,9591464.0,-30360.0,39948.0,70309.0,22410000.0,56723000.0,100288000.0,right
237419,814053.0,785322.0,9496890.0,-12783.0,49536.0,111856.0,22410000.0,56723000.0,100288000.0,right
237429,877501.0,796096.0,9356825.0,-4261.0,77766.0,132096.0,22410000.0,56723000.0,100288000.0,right
237439,858347.0,842784.0,9210774.0,-26632.0,131031.0,156065.0,22410000.0,56723000.0,100288000.0,right
237449,881093.0,902641.0,9170072.0,-91082.0,214657.0,197612.0,22410000.0,56723000.0,100288000.0,right
237459,922992.0,1072635.0,9103032.0,-154468.0,318523.0,245018.0,22410000.0,56723000.0,100288000.0,right
237469,976864.0,1052283.0,9093455.0,-173643.0,434641.0,289760.0,22410000.0,56723000.0,100288000.0,right
237479,998412.0,1580221.0,9124580.0,-240757.0,555552.0,385637.0,22410000.0,56723000.0,100288000.0,right
237489,1039115.0,1322836.0,9107821.0,-265258.0,692442.0,410671.0,22410000.0,56723000.0,100288000.0,right
237499,814053.0,1850774.0,9274223.0,-152870.0,880467.0,588576.0,22410000.0,56723000.0,100288000.0,right
237509,476460.0,2054287.0,9390345.0,-289760.0,1039729.0,802168.0,22410000.0,56723000.0,100288000.0,right
237639,-39227797.0,-5783370.0,6016812.0,-6470612.0,-11492421.0,-17453821.0,22410000.0,56723000.0,100288000.0,right
237650,-39053015.0,5363175.0,-2821652.0,-7532713.0,-9847070.0,-17453821.0,22410000.0,56723000.0,100288000.0,right
237660,-39213431.0,9936240.0,-6331659.0,-5275349.0,-6624547.0,-17453821.0,22410000.0,56723000.0,100288000.0,right
237670,-39227797.0,15984178.0,-3037137.0,-2427811.0,-3036628.0,-17453821.0,22410000.0,56723000.0,100288000.0,right
237680,-37037035.0,26547718.0,1508393.0,-373919.0,-353145.0,-17453821.0,22410000.0,56723000.0,100288000.0,right
237690,-26413638.0,35010282.0,1834014.0,793113.0,851704.0,-17269525.0,22410000.0,56723000.0,100288000.0,right
237700,-14970202.0,39226600.0,2330826.0,1329490.0,2064545.0,-15930447.0,22410000.0,56723000.0,100288000.0,right
237710,-4711932.0,39226600.0,5722316.0,728130.0,3095219.0,-13489319.0,22410000.0,56723000.0,100288000.0,right
237720,1988445.0,39153574.0,10292987.0,-44209.0,3188965.0,-10414873.0,22410000.0,56723000.0,100288000.0,right
237730,241821.0,39005129.0,12699233.0,14914.0,2457106.0,-7019772.0,22410000.0,56723000.0,100288000.0,right
237740,-4654470.0,31822305.0,11711594.0,606153.0,1372634.0,-3224653.0,22410000.0,56723000.0,100288000.0,right
237750,-6860794.0,19519324.0,10389955.0,962495.0,603490.0,-108660.0,22410000.0,56723000.0,100288000.0,right
237760,-6791360.0,12727964.0,9759063.0,1203252.0,347286.0,1416311.0,22410000.0,56723000.0,100288000.0,right
237770,-5868367.0,10134964.0,8676851.0,843715.0,199210.0,1804612.0,22410000.0,56723000.0,100288000.0,right
237780,-4557501.0,8212362.0,7376760.0,-454881.0,6924.0,1750815.0,22410000.0,56723000.0,100288000.0,right
237790,-3140091.0,5986883.0,6465738.0,-1661862.0,-105464.0,1695419.0,22410000.0,56723000.0,100288000.0,right
237800,-1733454.0,3345998.0,6051529.0,-2058685.0,-87354.0,1617120.0,22410000.0,56723000.0,100288000.0,right
237810,-660819.0,1952531.0,6149694.0,-1866399.0,36752.0,1715660.0,22410000.0,56723000.0,100288000.0,right
237820,0.0,2768978.0,6767417.0,-1303390.0,257801.0,1881314.0,22410000.0,56723000.0,100288000.0,right
237830,484840.0,5322472.0,7629356.0,-746773.0,439434.0,1995300.0,22410000.0,56723000.0,100288000.0,right
237840,714691.0,9137749.0,8101028.0,-534778.0,427716.0,2291453.0,22410000.0,56723000.0,100288000.0,right
237850,770956.0,13638985.0,7796955.0,-661016.0,284966.0,3006800.0,22410000.0,56723000.0,100288000.0,right
237860,395055.0,19337359.0,6808120.0,-1117496.0,113454.0,4398610.0,22410000.0,56723000.0,100288000.0,right
237870,-1255797.0,23766768.0,5636122.0,-1881314.0,4793.0,6638396.0,22410000.0,56723000.0,100288000.0,right
237880,-5012414.0,25708524.0,5086636.0,-2412897.0,87354.0,9860919.0,22410000.0,56723000.0,100288000.0,right
237890,-11437450.0,24576032.0,5041145.0,-2391058.0,346754.0,13546845.0,22410000.0,56723000.0,100288000.0,right
237900,-19192506.0,20443514.0,5355992.0,-1772121.0,678594.0,16886551.0,22410000.0,56723000.0,100288000.0,right
237910,-25552897.0,15584334.0,5540351.0,-834659.0,1125485.0,17453288.0,22410000.0,56723000.0,100288000.0,right
237920,-26965519.0,11224359.0,6569889.0,511875.0,1607000.0,17453288.0,22410000.0,56723000.0,100288000.0,right
237930,-25375720.0,10023631.0,8063917.0,2072002.0,2322346.0,17453288.0,22410000.0,56723000.0,100288000.0,right
237940,-25791127.0,8718751.0,10266650.0,3276852.0,3256079.0,17453288.0,22410000.0,56723000.0,100288000.0,right
237950,-27285154.0,1189954.0,14527261.0,3167127.0,4119502.0,17363803.0,22410000.0,56723000.0,100288000.0,right
237960,-24354562.0,-8014834.0,16265505.0,2026727.0,4372510.0,16691601.0,22410000.0,56723000.0,100288000.0,right
237970,-22537308.0,-14158543.0,16022486.0,1467446.0,3673675.0,16953132.0,22410000.0,56723000.0,100288000.0,right
237980,-19679741.0,-20451894.0,15395186.0,1871193.0,2945012.0,16516893.0,22410000.0,56723000.0,100288000.0,right
237990,-17763124.0,-22726455.0,16634223.0,3002538.0,2420886.0,14582314.0,22410000.0,56723000.0,100288000.0,right
238000,-15555602.0,-23892467.0,17879246.0,3492042.0,1852018.0,10748843.0,22410000.0,56723000.0,100288000.0,right
238010,-13448641.0,-21137854.0,17963046.0,2852864.0,958767.0,5957139.0,22410000.0,56723000.0,100288000.0,right
238020,-11548784.0,-16144594.0,16888016.0,1393408.0,-322784.0,1570247.0,22410000.0,56723000.0,100288000.0,right
238030,-9380768.0,-10908315.0,14861263.0,-305740.0,-1595814.0,-1589422.0,22410000.0,56723000.0,100288000.0,right
238040,-7229512.0,-6314899.0,12308966.0,-1667189.0,-2551385.0,-3286440.0,22410000.0,56723000.0,100288000.0,right
238050,-5018399.0,-2378711.0,10030813.0,-2159356.0,-3011061.0,-3904312.0,22410000.0,56723000.0,100288000.0,right
238060,-3045517.0,636877.0,8381158.0,-2010747.0,-2960992.0,-3934140.0,22410000.0,56723000.0,100288000.0,right
238070,-1401847.0,2480468.0,7544359.0,-1792361.0,-2598258.0,-3674208.0,22410000.0,56723000.0,100288000.0,right
238080,-31125.0,3387898.0,7276200.0,-1612859.0,-2135387.0,-3246491.0,22410000.0,56723000.0,100288000.0,right
238090,843981.0,3445361.0,7356409.0,-1320435.0,-1630436.0,-2792142.0,22410000.0,56723000.0,100288000.0,right
238100,1175588.0,2946155.0,7483305.0,-937993.0,-1124420.0,-2314889.0,22410000.0,56723000.0,100288000.0,right
238110,1370722.0,2609759.0,7677241.0,-611480.0,-684453.0,-1778512.0,22410000.0,56723000.0,100288000.0,right
238120,1494027.0,2421808.0,8163279.0,-304674.0,-307870.0,-1299662.0,22410000.0,56723000.0,100288000.0,right
238130,1641275.0,1860351.0,8922264.0,-73505.0,-34089.0,-954505.0,22410000.0,56723000.0,100288000.0,right
238140,1624515.0,1680780.0,9824906.0,140619.0,103866.0,-697236.0,22410000.0,56723000.0,100288000.0,right
238150,1543110.0,1355159.0,10483331.0,230636.0,125705.0,-534778.0,22410000.0,56723000.0,100288000.0,right
238160,1587404.0,1104957.0,10735927.0,194416.0,61254.0,-424520.0,22410000.0,56723000.0,100288000.0,right
238171,1595784.0,1089395.0,10680859.0,121443.0,-38883.0,-394692.0,22410000.0,56723000.0,100288000.0,right
238180,1595784.0,1089395.0,10680859.0,121443.0,-38883.0,-394692.0,22410000.0,56723000.0,100288000.0,right
238190,1471281.0,1003201.0,10474951.0,43144.0,-121976.0,-448489.0,22410000.0,56723000.0,100288000.0,right
238200,1313259.0,894261.0,10249890.0,-16512.0,-167784.0,-480981.0,22410000.0,56723000.0,100288000.0,right
238210,1183968.0,832010.0,10014054.0,-54862.0,-169382.0,-459142.0,22410000.0,56723000.0,100288000.0,right
238220,1096577.0,792504.0,9751880.0,-72440.0,-131564.0,-425053.0,22410000.0,56723000.0,100288000.0,right
238230,981652.0,748210.0,9640547.0,-74038.0,-64450.0,-397355.0,22410000.0,56723000.0,100288000.0,right
238240,940949.0,690748.0,9681249.0,-69776.0,-2663.0,-355809.0,22410000.0,56723000.0,100288000.0,right
238250,969681.0,647651.0,9804555.0,-71907.0,26099.0,-301478.0,22410000.0,56723000.0,100288000.0,right
238260,968484.0,609342.0,9932648.0,-84158.0,4261.0,-252475.0,22410000.0,56723000.0,100288000.0,right
238271,952921.0,447729.0,9835680.0,-76701.0,-63917.0,-199210.0,22410000.0,56723000.0,100288000.0,right
238281,1000806.0,227456.0,9580690.0,-28230.0,-129433.0,-151272.0,22410000.0,56723000.0,100288000.0,right
238290,1077423.0,108939.0,9441822.0,39948.0,-156065.0,-128900.0,22410000.0,56723000.0,100288000.0,right
238301,1131294.0,225061.0,9460976.0,71907.0,-161392.0,-143815.0,22410000.0,56723000.0,100288000.0,right
238311,1113337.0,319635.0,9508862.0,71907.0,-156598.0,-179502.0,22410000.0,56723000.0,100288000.0,right
238321,1103760.0,386675.0,9446610.0,63385.0,-152337.0,-189622.0,22410000.0,56723000.0,100288000.0,right
238331,1113337.0,199921.0,9249083.0,38350.0,-144880.0,-203471.0,22410000.0,56723000.0,100288000.0,right
238341,1090592.0,131685.0,9162889.0,79364.0,-116117.0,-209330.0,22410000.0,56723000.0,100288000.0,right
238351,1189954.0,164007.0,9184437.0,84158.0,-81495.0,-211461.0,22410000.0,56723000.0,100288000.0,right
238361,1280936.0,362732.0,9284997.0,60189.0,-48471.0,-240224.0,22410000.0,56723000.0,100288000.0,right
238371,1303682.0,506389.0,9396331.0,50601.0,-18110.0,-289228.0,22410000.0,56723000.0,100288000.0,right
238381,1367130.0,587794.0,9404711.0,21838.0,1597.0,-291891.0,22410000.0,56723000.0,100288000.0,right
238391,1417410.0,572231.0,9316122.0,-6924.0,20773.0,-263660.0,22400000.0,56719000.0,100286000.0,right
238401,1419804.0,482446.0,9229929.0,-2130.0,46340.0,-235430.0,22400000.0,56719000.0,100286000.0,right
238411,1486844.0,457306.0,9279011.0,21305.0,74038.0,-211461.0,22400000.0,56719000.0,100286000.0,right
238421,1641275.0,603357.0,9506467.0,26632.0,109192.0,-205602.0,22400000.0,56719000.0,100286000.0,right
238431,1642472.0,800884.0,9763852.0,1597.0,118247.0,-223179.0,22400000.0,56719000.0,100286000.0,right
238441,1614938.0,778139.0,9844060.0,-38883.0,84691.0,-210396.0,22400000.0,56719000.0,100286000.0,right
238451,1634092.0,632088.0,9777020.0,-66581.0,47938.0,-156065.0,22400000.0,56719000.0,100286000.0,right
238461,1632895.0,519557.0,9796175.0,-45807.0,35687.0,-105997.0,22400000.0,56719000.0,100286000.0,right
238471,1650852.0,488432.0,9850046.0,-12250.0,31958.0,-90550.0,22400000.0,56719000.0,100286000.0,right
238481,1599375.0,536317.0,9827300.0,13848.0,21305.0,-88952.0,22400000.0,56719000.0,100286000.0,right
238491,1561067.0,458503.0,9729135.0,43144.0,2130.0,-88419.0,22400000.0,56719000.0,100286000.0,right
238501,1595784.0,397449.0,9664489.0,58058.0,0.0,-75636.0,22400000.0,56719000.0,100286000.0,right
238511,1596981.0,456109.0,9844060.0,60721.0,18110.0,-71374.0,22400000.0,56719000.0,100286000.0,right
238521,1565855.0,571034.0,9979337.0,38350.0,13316.0,-79897.0,22400000.0,56719000.0,100286000.0,right
238531,1528744.0,568640.0,9833286.0,-1065.0,-6924.0,-76168.0,22400000.0,56719000.0,100286000.0,right
238541,1454521.0,452517.0,9690826.0,-25567.0,-15979.0,-51134.0,22400000.0,56719000.0,100286000.0,right
238551,1441353.0,357944.0,9671672.0,-15446.0,-3728.0,-26632.0,22400000.0,56719000.0,100286000.0,right
238561,1467690.0,470474.0,9779415.0,6924.0,9587.0,-30893.0,22400000.0,56719000.0,100286000.0,right
238571,1424593.0,561457.0,9862017.0,14914.0,4793.0,-56460.0,22400000.0,56719000.0,100286000.0,right
238581,1404242.0,590188.0,9797372.0,-15979.0,-15979.0,-50068.0,22400000.0,56719000.0,100286000.0,right
238591,1375510.0,551880.0,9682446.0,-31958.0,-30360.0,-26099.0,22400000.0,56719000.0,100286000.0,right
238601,1341990.0,511177.0,9645335.0,-11185.0,-18110.0,-5859.0,22400000.0,56719000.0,100286000.0,right
238611,1333611.0,525543.0,9731529.0,6924.0,12250.0,1597.0,22400000.0,56719000.0,100286000.0,right
238621,1303682.0,562654.0,9827300.0,-18110.0,19175.0,-6391.0,22400000.0,56719000.0,100286000.0,right
238631,1255797.0,535120.0,9806949.0,-50068.0,0.0,-4793.0,22400000.0,56719000.0,100286000.0,right
238641,1235445.0,488432.0,9785400.0,-60721.0,-18110.0,10120.0,22400000.0,56719000.0,100286000.0,right
238651,1195940.0,457306.0,9873988.0,-62319.0,-46340.0,20240.0,22400000.0,56719000.0,100286000.0,right
238661,1181574.0,403435.0,9761458.0,-43677.0,-90550.0,21305.0,22400000.0,56719000.0,100286000.0,right
238671,1216291.0,392661.0,9573507.0,-11718.0,-116117.0,19175.0,22400000.0,56719000.0,100286000.0,right
238681,1254599.0,424983.0,9470553.0,7989.0,-110790.0,8522.0,22400000.0,56719000.0,100286000.0,right
238691,1313259.0,465686.0,9451399.0,5859.0,-91615.0,-2130.0,22400000.0,56719000.0,100286000.0,right
238701,1340793.0,548288.0,9516044.0,-11718.0,-63917.0,-11185.0,22400000.0,56719000.0,100286000.0,right
238711,1306076.0,592582.0,9586676.0,-36752.0,-51134.0,-22371.0,22400000.0,56719000.0,100286000.0,right
238721,1303682.0,539908.0,9555550.0,-62319.0,-47405.0,-15979.0,22400000.0,56719000.0,100286000.0,right
238731,1325231.0,464489.0,9512453.0,-66581.0,-47405.0,-7457.0,22400000.0,56719000.0,100286000.0,right
238741,1349173.0,432166.0,9517242.0,-39948.0,-43144.0,-11718.0,22400000.0,56719000.0,100286000.0,right
238751,1404242.0,542303.0,9595055.0,-23436.0,-31958.0,-26632.0,22400000.0,56719000.0,100286000.0,right
238761,1339596.0,699128.0,9671672.0,-44209.0,-35154.0,-41546.0,22400000.0,56719000.0,100286000.0,right
238771,1319245.0,670396.0,9665687.0,-62852.0,-57526.0,-30360.0,22400000.0,56719000.0,100286000.0,right
238781,1314456.0,603357.0,9590267.0,-48471.0,-61254.0,7989.0,22400000.0,56719000.0,100286000.0,right
238791,1291711.0,494417.0,9531607.0,532.0,-45807.0,29828.0,22400000.0,56719000.0,100286000.0,right
238801,1301288.0,448926.0,9498087.0,33024.0,-24501.0,31958.0,22400000.0,56719000.0,100286000.0,right
238811,1312062.0,445335.0,9489707.0,26099.0,-2663.0,22903.0,22400000.0,56719000.0,100286000.0,right
238821,1301288.0,444137.0,9499284.0,-3195.0,15979.0,5326.0,22400000.0,56719000.0,100286000.0,right
238831,1286922.0,432166.0,9488510.0,-18110.0,37285.0,-9587.0,22400000.0,56719000.0,100286000.0,right
238841,1247417.0,439349.0,9575901.0,-19175.0,63385.0,-16512.0,22400000.0,56719000.0,100286000.0,right
238851,1260585.0,477657.0,9817723.0,-29828.0,76701.0,-18642.0,22400000.0,56719000.0,100286000.0,right
238881,1265374.0,452517.0,9760260.0,-16512.0,-15446.0,-12250.0,22400000.0,56719000.0,100286000.0,right
238891,1302485.0,495614.0,9696812.0,5326.0,-29295.0,-13848.0,22400000.0,56719000.0,100286000.0,right
238902,1334808.0,519557.0,9630970.0,19175.0,-38350.0,-14914.0,22400000.0,56719000.0,100286000.0,right
238912,1337202.0,524346.0,9572310.0,17577.0,-32491.0,-10652.0,22400000.0,56719000.0,100286000.0,right
238922,1308471.0,498009.0,9543579.0,11718.0,-17577.0,-6924.0,22400000.0,56719000.0,100286000.0,right
238932,1336005.0,416603.0,9520833.0,4793.0,0.0,2130.0,22400000.0,56719000.0,100286000.0,right
238942,1325231.0,362732.0,9557944.0,-8522.0,14381.0,7989.0,22400000.0,56719000.0,100286000.0,right
238952,1324033.0,307664.0,9611815.0,-15446.0,17044.0,-4261.0,22400000.0,56719000.0,100286000.0,right
238962,1358750.0,290904.0,9681249.0,-21305.0,10120.0,-18110.0,22400000.0,56719000.0,100286000.0,right
238972,1391073.0,353155.0,9713572.0,-29828.0,-8522.0,-32491.0,22400000.0,56719000.0,100286000.0,right
238982,1397059.0,367521.0,9676461.0,-27165.0,-37818.0,-43677.0,22400000.0,56719000.0,100286000.0,right
238992,1429382.0,403435.0,9630970.0,-12250.0,-59123.0,-38883.0,22400000.0,56719000.0,100286000.0,right
239002,1490436.0,438152.0,9586676.0,3195.0,-69244.0,-33024.0,22400000.0,56719000.0,100286000.0,right
239012,1533532.0,505191.0,9551959.0,9055.0,-69244.0,-31958.0,22400000.0,56719000.0,100286000.0,right
239022,1558672.0,548288.0,9522030.0,14381.0,-61787.0,-33024.0,22400000.0,56719000.0,100286000.0,right
239032,1586207.0,554274.0,9508862.0,8522.0,-48471.0,-25567.0,22400000.0,56719000.0,100286000.0,right
239042,1581418.0,545894.0,9571113.0,-7989.0,-26099.0,-14381.0,22400000.0,56719000.0,100286000.0,right
239052,1538321.0,526740.0,9624984.0,-28763.0,-4793.0,-5859.0,22400000.0,56719000.0,100286000.0,right
239062,1468887.0,488432.0,9678855.0,-47938.0,14381.0,-4793.0,22400000.0,56719000.0,100286000.0,right
239072,1415016.0,436955.0,9743501.0,-72972.0,24501.0,-6391.0,22400000.0,56719000.0,100286000.0,right
239082,1364736.0,359141.0,9854834.0,-98007.0,17044.0,-6391.0,22400000.0,56719000.0,100286000.0,right
239092,1334808.0,262173.0,9851243.0,-95876.0,-4261.0,-5859.0,22400000.0,56719000.0,100286000.0,right
239102,1336005.0,269355.0,9785400.0,-74038.0,-24501.0,-6391.0,22400000.0,56719000.0,100286000.0,right
239112,1367130.0,363929.0,9765049.0,-48471.0,-37285.0,-24501.0,22400000.0,56719000.0,100286000.0,right
239122,1397059.0,424983.0,9726741.0,-36752.0,-52732.0,-42611.0,22400000.0,56719000.0,100286000.0,right
239132,1415016.0,432166.0,9630970.0,-41546.0,-64450.0,-38883.0,22400000.0,56719000.0,100286000.0,right
239142,1435367.0,399843.0,9505270.0,-30360.0,-56993.0,-25034.0,22400000.0,56719000.0,100286000.0,right
239152,1438959.0,367521.0,9470553.0,-11185.0,-34089.0,-13848.0,22400000.0,56719000.0,100286000.0,right
239162,1419804.0,337592.0,9493299.0,-14381.0,-14914.0,-11718.0,22400000.0,56719000.0,100286000.0,right
239172,1426987.0,322029.0,9587873.0,-36220.0,-7457.0,-22903.0,22400000.0,56719000.0,100286000.0,right
239182,1388679.0,349564.0,9628575.0,-51134.0,-13316.0,-32491.0,22400000.0,56719000.0,100286000.0,right
239192,1383890.0,332804.0,9589070.0,-40481.0,-23436.0,-31958.0,22400000.0,56719000.0,100286000.0,right
239202,1404242.0,334001.0,9617801.0,-24501.0,-31958.0,-25034.0,22400000.0,56719000.0,100286000.0,right
239212,1406636.0,392661.0,9605830.0,-16512.0,-41546.0,-29828.0,22400000.0,56719000.0,100286000.0,right
239222,1426987.0,463292.0,9579493.0,-11718.0,-51134.0,-34089.0,22400000.0,56719000.0,100286000.0,right
239232,1444944.0,506389.0,9599844.0,-7457.0,-56993.0,-26632.0,22400000.0,56719000.0,100286000.0,right
239242,1444944.0,506389.0,9599844.0,-7457.0,-56993.0,-26632.0,22400000.0,56719000.0,100286000.0,right
239252,1448536.0,444137.0,9598647.0,-2130.0,-60189.0,-7457.0,22400000.0,56719000.0,100286000.0,right
239262,1455719.0,407026.0,9575901.0,3728.0,-57526.0,4261.0,22400000.0,56719000.0,100286000.0,right
239272,1462901.0,413012.0,9532804.0,10120.0,-51666.0,-2663.0,22400000.0,56719000.0,100286000.0,right
239282,1480858.0,460897.0,9519636.0,6391.0,-39415.0,-12783.0,22400000.0,56719000.0,100286000.0,right
239292,1483253.0,457306.0,9555550.0,-7989.0,-22903.0,-14381.0,22400000.0,56719000.0,100286000.0,right
239302,1491633.0,471672.0,9610618.0,-26632.0,-10120.0,-7457.0,22400000.0,56719000.0,100286000.0,right
239312,1496421.0,465686.0,9636955.0,-39415.0,-5859.0,-3195.0,22400000.0,56719000.0,100286000.0,right
239322,1494027.0,451320.0,9650124.0,-54330.0,-9587.0,3728.0,22400000.0,56719000.0,100286000.0,right
239332,1437761.0,373506.0,9598647.0,-50601.0,-22903.0,11718.0,22400000.0,56719000.0,100286000.0,right
239342,1436564.0,290904.0,9578296.0,-24501.0,-36752.0,20240.0,22400000.0,56719000.0,100286000.0,right
239352,1429382.0,290904.0,9578296.0,7989.0,-45275.0,16512.0,22400000.0,56719000.0,100286000.0,right
239362,1426987.0,299284.0,9510059.0,22903.0,-46873.0,0.0,22400000.0,56719000.0,100286000.0,right
239372,1458113.0,305270.0,9431048.0,15446.0,-38883.0,-1597.0,22400000.0,56719000.0,100286000.0,right
239382,1456916.0,256187.0,9435836.0,11718.0,-19707.0,532.0,22400000.0,56719000.0,100286000.0,right
239392,1502407.0,278933.0,9553156.0,-2663.0,3195.0,-17044.0,22380000.0,56683000.0,100278000.0,right
239402,1532335.0,375901.0,9682446.0,-31426.0,4793.0,-42611.0,22380000.0,56683000.0,100278000.0,right
239412,1519167.0,408223.0,9623787.0,-49003.0,-10120.0,-44742.0,22380000.0,56683000.0,100278000.0,right
239422,1571841.0,377098.0,9579493.0,-31426.0,-23969.0,-11718.0,22380000.0,56683000.0,100278000.0,right
239432,1608952.0,372309.0,9597450.0,12250.0,-34622.0,5326.0,22380000.0,56683000.0,100278000.0,right
239442,1643669.0,445335.0,9551959.0,38350.0,-37818.0,-4261.0,22380000.0,56683000.0,100278000.0,right
239452,1648458.0,565048.0,9530410.0,34622.0,-19707.0,-11718.0,22380000.0,56683000.0,100278000.0,right
239463,1610149.0,624905.0,9593858.0,12250.0,12783.0,-1597.0,22380000.0,56683000.0,100278000.0,right
239482,1495224.0,447729.0,9706389.0,-38350.0,39948.0,39415.0,22380000.0,56683000.0,100278000.0,right
239492,1418607.0,287312.0,9648927.0,-30893.0,30360.0,45807.0,22380000.0,56683000.0,100278000.0,right
239502,1403044.0,187950.0,9636955.0,-6391.0,19175.0,53264.0,22380000.0,56683000.0,100278000.0,right
239513,1403044.0,185556.0,9666884.0,21305.0,3195.0,41013.0,22380000.0,56683000.0,100278000.0,right
239522,1447339.0,234638.0,9630970.0,31958.0,-15979.0,28230.0,22380000.0,56683000.0,100278000.0,right
239532,1494027.0,306467.0,9567521.0,28763.0,-23436.0,25567.0,22380000.0,56683000.0,100278000.0,right
239542,1561067.0,324424.0,9539987.0,24501.0,-19707.0,16512.0,22380000.0,56683000.0,100278000.0,right
239553,1608952.0,387872.0,9580690.0,9587.0,-12250.0,7989.0,22380000.0,56683000.0,100278000.0,right
239563,1665218.0,496812.0,9597450.0,-6924.0,-1597.0,1065.0,22380000.0,56683000.0,100278000.0,right
239573,1647261.0,592582.0,9560338.0,-8522.0,16512.0,-532.0,22380000.0,56683000.0,100278000.0,right
239583,1628106.0,593780.0,9544776.0,4793.0,35154.0,19175.0,22380000.0,56683000.0,100278000.0,right
239593,1642472.0,572231.0,9571113.0,21838.0,55395.0,49536.0,22380000.0,56683000.0,100278000.0,right
239603,1612544.0,523149.0,9604633.0,25034.0,74038.0,66581.0,22380000.0,56683000.0,100278000.0,right
239613,1581418.0,481249.0,9599844.0,23969.0,90550.0,84691.0,22380000.0,56683000.0,100278000.0,right
239623,1562264.0,444137.0,9595055.0,24501.0,114519.0,100670.0,22380000.0,56683000.0,100278000.0,right
239633,1552687.0,433363.0,9668081.0,13848.0,132096.0,102268.0,22380000.0,56683000.0,100278000.0,right
239643,1505998.0,426180.0,9714769.0,-16512.0,142749.0,102801.0,22380000.0,56683000.0,100278000.0,right
239653,1434170.0,422589.0,9718361.0,-34622.0,150739.0,108660.0,22380000.0,56683000.0,100278000.0,right
239663,1442550.0,427378.0,9693221.0,-23969.0,169382.0,124639.0,22380000.0,56683000.0,100278000.0,right
239673,1428184.0,470474.0,9709981.0,-19707.0,192818.0,148608.0,22380000.0,56683000.0,100278000.0,right
239683,1432973.0,550683.0,9707586.0,-44742.0,205602.0,183763.0,22380000.0,56683000.0,100278000.0,right
239693,1450930.0,608145.0,9766246.0,-89484.0,208798.0,237028.0,22380000.0,56683000.0,100278000.0,right
239703,1424593.0,572231.0,9796175.0,-121976.0,207200.0,300946.0,22380000.0,56683000.0,100278000.0,right
239713,1418607.0,515966.0,9748289.0,-116649.0,212526.0,354211.0,22380000.0,56683000.0,100278000.0,right
239723,1351568.0,502797.0,9712375.0,-92680.0,238093.0,392561.0,22380000.0,56683000.0,100278000.0,right
239733,1292908.0,463292.0,9702798.0,-81495.0,272183.0,426651.0,22380000.0,56683000.0,100278000.0,right
239743,1286922.0,395055.0,9711178.0,-52732.0,308936.0,454349.0,22380000.0,56683000.0,100278000.0,right
239753,1258191.0,322029.0,9793780.0,-34089.0,341960.0,482046.0,22380000.0,56683000.0,100278000.0,right
239763,1171997.0,235836.0,9822512.0,-30360.0,349949.0,496960.0,22380000.0,56683000.0,100278000.0,right
239773,1120520.0,159219.0,9856031.0,-11185.0,345688.0,491634.0,22380000.0,56683000.0,100278000.0,right
239783,1108549.0,150839.0,9853637.0,-8522.0,329176.0,481514.0,22380000.0,56683000.0,100278000.0,right
239793,1058269.0,136473.0,9778217.0,-19707.0,304142.0,467665.0,22380000.0,56683000.0,100278000.0,right
239803,1022355.0,135276.0,9715966.0,-37818.0,268454.0,468197.0,22380000.0,56683000.0,100278000.0,right
239813,1021158.0,75419.0,9642941.0,-37285.0,240757.0,483112.0,22380000.0,56683000.0,100278000.0,right
239823,1002003.0,23942.0,9583084.0,-10652.0,226908.0,474589.0,22380000.0,56683000.0,100278000.0,right
239833,961301.0,-16759.0,9508862.0,12250.0,222647.0,439434.0,22380000.0,56683000.0,100278000.0,right
239843,954118.0,-38308.0,9487313.0,12783.0,229038.0,401616.0,22380000.0,56683000.0,100278000.0,right
239853,903838.0,-51476.0,9498087.0,-2130.0,239691.0,366994.0,22380000.0,56683000.0,100278000.0,right
239863,833207.0,-73025.0,9543579.0,-6391.0,245018.0,326513.0,22380000.0,56683000.0,100278000.0,right
239873,799687.0,-68236.0,9611815.0,-14381.0,240757.0,286564.0,22380000.0,56683000.0,100278000.0,right
239883,764970.0,-32322.0,9653715.0,-28230.0,227973.0,239691.0,22380000.0,56683000.0,100278000.0,right
239893,724268.0,9577.0,9706389.0,-41546.0,204004.0,198677.0,22380000.0,56683000.0,100278000.0,right
239903,683565.0,34716.0,9763852.0,-47405.0,162457.0,176839.0,22380000.0,56683000.0,100278000.0,right
239913,640468.0,-20351.0,9749486.0,-34089.0,112921.0,164588.0,22380000.0,56683000.0,100278000.0,right
239923,605751.0,-101756.0,9701601.0,-9587.0,63385.0,155000.0,22380000.0,56683000.0,100278000.0,right
239933,569837.0,-161613.0,9639350.0,16512.0,12783.0,129966.0,22380000.0,56683000.0,100278000.0,right
239943,551880.0,-161613.0,9537593.0,43144.0,-19707.0,89484.0,22380000.0,56683000.0,100278000.0,right
240093,664411.0,52674.0,9786597.0,-14914.0,-26099.0,-15446.0,22380000.0,56683000.0,100278000.0,right
240103,635679.0,69433.0,9791386.0,-14381.0,-52199.0,-32491.0,22380000.0,56683000.0,100278000.0,right
240114,628497.0,94573.0,9681249.0,-3195.0,-93213.0,-42611.0,22380000.0,56683000.0,100278000.0,right
240123,624905.0,75419.0,9560338.0,18642.0,-121443.0,-42079.0,22380000.0,56683000.0,100278000.0,right
240133,665608.0,58659.0,9470553.0,43144.0,-128900.0,-40481.0,22380000.0,56683000.0,100278000.0,right
240143,727859.0,82602.0,9397528.0,63917.0,-121443.0,-50601.0,22380000.0,56683000.0,100278000.0,right
240154,787716.0,105348.0,9352037.0,74570.0,-101735.0,-63385.0,22380000.0,56683000.0,100278000.0,right
240164,872713.0,137670.0,9360417.0,70842.0,-63917.0,-73505.0,22380000.0,56683000.0,100278000.0,right
240174,924190.0,160416.0,9458582.0,52199.0,-25567.0,-87354.0,22380000.0,56683000.0,100278000.0,right
240184,1007989.0,214287.0,9610618.0,27165.0,4793.0,-98539.0,22380000.0,56683000.0,100278000.0,right
240194,1041509.0,276538.0,9760260.0,1597.0,23436.0,-110258.0,22380000.0,56683000.0,100278000.0,right
240204,1034326.0,311255.0,9923071.0,-14381.0,20240.0,-116649.0,22380000.0,56683000.0,100278000.0,right
240214,1015172.0,335198.0,9992505.0,-10120.0,-3195.0,-112921.0,22380000.0,56683000.0,100278000.0,right
240224,1010383.0,384281.0,10011659.0,9055.0,-35687.0,-104399.0,22380000.0,56683000.0,100278000.0,right
240234,981652.0,469277.0,9920677.0,33024.0,-69776.0,-91082.0,22380000.0,56683000.0,100278000.0,right
240244,961301.0,456109.0,9788992.0,54330.0,-92148.0,-66048.0,22380000.0,56683000.0,100278000.0,right
240254,932570.0,361535.0,9635758.0,68711.0,-102268.0,-33024.0,22380000.0,56683000.0,100278000.0,right
240264,920598.0,275341.0,9542381.0,77766.0,-94278.0,-5326.0,22380000.0,56683000.0,100278000.0,right
240284,960104.0,249004.0,9664489.0,65515.0,-35154.0,-13848.0,22380000.0,56683000.0,100278000.0,right
240294,945738.0,272947.0,9753078.0,25567.0,-13848.0,-23436.0,22380000.0,56683000.0,100278000.0,right
240304,945738.0,272947.0,9753078.0,25567.0,-13848.0,-23436.0,22380000.0,56683000.0,100278000.0,right
240314,927781.0,228653.0,9779415.0,-10120.0,-4793.0,-21838.0,22380000.0,56683000.0,100278000.0,right
240324,913415.0,171190.0,9791386.0,-15979.0,-4793.0,-13316.0,22380000.0,56683000.0,100278000.0,right
240334,911021.0,124502.0,9802160.0,1597.0,-12783.0,-12250.0,22380000.0,56683000.0,100278000.0,right
240344,933767.0,110136.0,9762655.0,18642.0,-27697.0,-15446.0,22380000.0,56683000.0,100278000.0,right
240354,944541.0,187950.0,9700404.0,32491.0,-42079.0,-19707.0,22380000.0,56683000.0,100278000.0,right
240364,963695.0,216681.0,9633364.0,38883.0,-47405.0,-17577.0,22380000.0,56683000.0,100278000.0,right
240374,1016369.0,231047.0,9604633.0,37818.0,-34622.0,-11718.0,22380000.0,56683000.0,100278000.0,right
240384,1023552.0,260975.0,9628575.0,31958.0,-8522.0,-17577.0,22380000.0,56683000.0,100278000.0,right
240394,1016369.0,284918.0,9645335.0,16512.0,19707.0,-22903.0,22360000.0,56672000.0,100278000.0,right
240404,1002003.0,307664.0,9675264.0,2130.0,41013.0,-20773.0,22360000.0,56672000.0,100278000.0,right
240414,981652.0,277735.0,9753078.0,-3195.0,56460.0,-17044.0,22360000.0,56672000.0,100278000.0,right
240424,964892.0,246610.0,9860820.0,-3728.0,56993.0,-8522.0,22360000.0,56672000.0,100278000.0,right
240434,921795.0,275341.0,9896734.0,-2130.0,39948.0,-4261.0,22360000.0,56672000.0,100278000.0,right
240444,901444.0,271750.0,9858426.0,2130.0,15979.0,2663.0,22360000.0,56672000.0,100278000.0,right
240454,928978.0,251398.0,9811737.0,7457.0,0.0,13848.0,22360000.0,56672000.0,100278000.0,right
240464,960104.0,249004.0,9793780.0,17044.0,-15979.0,18110.0,22360000.0,56672000.0,100278000.0,right
240474,994821.0,229850.0,9705192.0,31426.0,-22371.0,21838.0,22360000.0,56672000.0,100278000.0,right
240484,1027143.0,246610.0,9674067.0,41013.0,-1597.0,18110.0,22360000.0,56672000.0,100278000.0,right
240494,1021158.0,316044.0,9707586.0,33556.0,31958.0,6924.0,22360000.0,56672000.0,100278000.0,right
240504,1019961.0,409420.0,9774626.0,-532.0,67113.0,2130.0,22360000.0,56672000.0,100278000.0,right
240514,991229.0,490826.0,9884763.0,-43144.0,92148.0,6924.0,22360000.0,56672000.0,100278000.0,right
240524,937358.0,531528.0,9964971.0,-71907.0,95344.0,26099.0,22360000.0,56672000.0,100278000.0,right
240534,859544.0,499206.0,9987717.0,-87354.0,79897.0,65515.0,22360000.0,56672000.0,100278000.0,right
240544,822433.0,416603.0,9935042.0,-85756.0,50601.0,113454.0,22360000.0,56672000.0,100278000.0,right
240554,790110.0,299284.0,9887157.0,-56460.0,23969.0,147010.0,22360000.0,56672000.0,100278000.0,right
240564,754196.0,244216.0,9870397.0,-24501.0,10120.0,159794.0,22360000.0,56672000.0,100278000.0,right
240574,752999.0,268158.0,9824906.0,-18642.0,6391.0,166718.0,22360000.0,56672000.0,100278000.0,right
240584,781730.0,363929.0,9816526.0,-58591.0,10652.0,178969.0,22360000.0,56672000.0,100278000.0,right
240594,836799.0,366324.0,9817723.0,-119313.0,17577.0,197079.0,22360000.0,56672000.0,100278000.0,right
240604,854756.0,233441.0,9780612.0,-138488.0,25567.0,206667.0,22360000.0,56672000.0,100278000.0,right
240614,861938.0,197527.0,9748289.0,-111323.0,37285.0,206667.0,22360000.0,56672000.0,100278000.0,right
240624,859544.0,257384.0,9742303.0,-84158.0,49003.0,200275.0,22360000.0,56672000.0,100278000.0,right
240634,893064.0,360338.0,9791386.0,-66048.0,54330.0,214124.0,22360000.0,56672000.0,100278000.0,right
240644,903838.0,536317.0,9803357.0,-71374.0,39948.0,247148.0,22360000.0,56672000.0,100278000.0,right
240654,930175.0,700325.0,9608224.0,-132096.0,22371.0,311066.0,22360000.0,56672000.0,100278000.0,right
240665,942147.0,1006792.0,9295771.0,-233299.0,20773.0,436771.0,22360000.0,56672000.0,100278000.0,right
240674,988835.0,1021158.0,9024021.0,-234897.0,59123.0,666343.0,22360000.0,56672000.0,100278000.0,right
240684,1004398.0,1807677.0,9009655.0,-162457.0,141151.0,1057306.0,22360000.0,56672000.0,100278000.0,right
240694,1188757.0,1521561.0,9000078.0,-123574.0,230104.0,1286878.0,22360000.0,56672000.0,100278000.0,right
240704,1066649.0,1361145.0,9137749.0,65515.0,353678.0,1416311.0,22360000.0,56672000.0,100278000.0,right
240715,812856.0,1456916.0,9411893.0,219451.0,486307.0,1452532.0,22360000.0,56672000.0,100278000.0,right
240734,-808067.0,2087807.0,10470163.0,170980.0,700965.0,1440281.0,22360000.0,56672000.0,100278000.0,right
240744,-2492439.0,2059076.0,11266259.0,157663.0,762219.0,1480762.0,22360000.0,56672000.0,100278000.0,right
240754,-4440182.0,1679583.0,11985739.0,150739.0,682855.0,1612859.0,22360000.0,56672000.0,100278000.0,right
240765,-6371165.0,1273754.0,12500508.0,239691.0,472991.0,1786502.0,22360000.0,56672000.0,100278000.0,right
240774,-8339258.0,-180767.0,12903943.0,368592.0,99072.0,1879183.0,22360000.0,56672000.0,100278000.0,right
240784,-11807365.0,-4081041.0,14831334.0,535311.0,-364331.0,1865867.0,22360000.0,56672000.0,100278000.0,right
240794,-17211243.0,-16112271.0,19094340.0,467665.0,-861825.0,1399267.0,22360000.0,56672000.0,100278000.0,right
240805,-20724842.0,-37037035.0,24493430.0,609349.0,-1589422.0,-1245331.0,22360000.0,56672000.0,100278000.0,right
240815,-21511361.0,-39227797.0,26991856.0,-320121.0,-3573005.0,-6742795.0,22360000.0,56672000.0,100278000.0,right
240825,-28698974.0,-37214212.0,22150632.0,-3635857.0,-6310285.0,-13787602.0,22360000.0,56672000.0,100278000.0,right
240835,-36493535.0,-18899207.0,15700456.0,-7071439.0,-7536441.0,-17453821.0,22360000.0,56672000.0,100278000.0,right
240845,-39227797.0,3080234.0,11781028.0,-9256363.0,-6926559.0,-17453821.0,22360000.0,56672000.0,100278000.0,right
240855,-39227797.0,11312948.0,5824073.0,-10294494.0,-5104901.0,-17453821.0,22360000.0,56672000.0,100278000.0,right
240885,-31544569.0,31926456.0,8994093.0,-2543395.0,2132191.0,-17453821.0,22360000.0,56672000.0,100278000.0,right
240895,-16603098.0,38787250.0,9222746.0,-1430693.0,2892280.0,-17453821.0,22360000.0,56672000.0,100278000.0,right
240905,-1588601.0,39226600.0,11603852.0,-1192599.0,3936271.0,-16649522.0,22360000.0,56672000.0,100278000.0,right
240915,6057515.0,39151180.0,17966637.0,-1247995.0,3978350.0,-14480578.0,22360000.0,56672000.0,100278000.0,right
240925,430969.0,39205051.0,19747977.0,-620535.0,2658447.0,-11030614.0,22360000.0,56672000.0,100278000.0,right
240935,-6578269.0,35266469.0,15112662.0,797907.0,996585.0,-5399456.0,22360000.0,56672000.0,100278000.0,right
240945,-7348029.0,24735252.0,10591074.0,2192913.0,-64450.0,170980.0,22360000.0,56672000.0,100278000.0,right
240955,-6142511.0,17406377.0,8619389.0,3051009.0,-213059.0,2964188.0,22360000.0,56672000.0,100278000.0,right
240965,-5086636.0,15268289.0,7573090.0,2966851.0,90550.0,3634259.0,22360000.0,56672000.0,100278000.0,right
240975,-4310891.0,13597086.0,7106207.0,1829114.0,287097.0,3658228.0,22360000.0,56672000.0,100278000.0,right
240985,-3407052.0,11566741.0,7024802.0,174176.0,250344.0,3979948.0,22360000.0,56672000.0,100278000.0,right
240995,-2803695.0,10615017.0,6832062.0,-524658.0,207200.0,5241259.0,22360000.0,56672000.0,100278000.0,right
241005,-3124528.0,11988133.0,6182017.0,-160859.0,467665.0,7226972.0,22360000.0,56672000.0,100278000.0,right
241035,-11696032.0,10998100.0,6118569.0,-439967.0,1608598.0,13217136.0,22360000.0,56672000.0,100278000.0,right
241045,-13722785.0,7871178.0,5654079.0,-182165.0,1880248.0,14845975.0,22360000.0,56672000.0,100278000.0,right
241055,-14036435.0,6267014.0,5701965.0,428249.0,2259494.0,16091839.0,22360000.0,56672000.0,100278000.0,right
241065,-14013689.0,5389512.0,6012023.0,1177685.0,2854995.0,16548851.0,22360000.0,56672000.0,100278000.0,right
241075,-14054392.0,4364762.0,6525595.0,2030455.0,3512815.0,16075327.0,22360000.0,56672000.0,100278000.0,right
241085,-14484164.0,3022771.0,7726324.0,2641935.0,4127492.0,14986594.0,22360000.0,56672000.0,100278000.0,right
241095,-14746338.0,1284528.0,9289785.0,2670166.0,4606343.0,13765231.0,22360000.0,56672000.0,100278000.0,right
241105,-15000131.0,-1808874.0,10965778.0,2136985.0,4817804.0,12758526.0,22360000.0,56672000.0,100278000.0,right
241115,-14996539.0,-5845621.0,13030840.0,1701811.0,4822065.0,12043712.0,22360000.0,56672000.0,100278000.0,right
241125,-15020482.0,-9936240.0,15094705.0,1341741.0,4582906.0,11752353.0,22360000.0,56672000.0,100278000.0,right
241135,-14285440.0,-13428289.0,16544438.0,1292204.0,4108316.0,11587765.0,22360000.0,56672000.0,100278000.0,right
241145,-12957814.0,-14555993.0,17718830.0,1740694.0,3454757.0,10975219.0,22360000.0,56672000.0,100278000.0,right
241155,-11219571.0,-14983371.0,18139025.0,2115679.0,2645664.0,9261157.0,22360000.0,56672000.0,100278000.0,right
241165,-9844060.0,-14081926.0,17903189.0,2287192.0,1706605.0,6619221.0,22360000.0,56672000.0,100278000.0,right
241175,-8834873.0,-11980950.0,17206455.0,1835506.0,647167.0,3632129.0,22360000.0,56672000.0,100278000.0,right
241185,-7847235.0,-9129369.0,15960235.0,743044.0,-494830.0,858629.0,22360000.0,56672000.0,100278000.0,right
241195,-6757840.0,-6470527.0,14073546.0,-637580.0,-1548408.0,-1195795.0,22360000.0,56672000.0,100278000.0,right
241205,-5646896.0,-4224697.0,11747508.0,-1796090.0,-2277604.0,-2472553.0,22360000.0,56672000.0,100278000.0,right
241215,-4409056.0,-2033936.0,9797372.0,-2322879.0,-2505577.0,-3212934.0,22360000.0,56672000.0,100278000.0,right
241225,-3274170.0,-93376.0,8582277.0,-2307965.0,-2291453.0,-3425994.0,22360000.0,56672000.0,100278000.0,right
241235,-2296109.0,1055875.0,8263839.0,-2015541.0,-1880248.0,-3257677.0,22360000.0,56672000.0,100278000.0,right
241245,-1546701.0,1685569.0,8496083.0,-1607000.0,-1453597.0,-2869909.0,22360000.0,56672000.0,100278000.0,right
241255,-690748.0,2073441.0,8746285.0,-1248527.0,-1121757.0,-2313824.0,22360000.0,56672000.0,100278000.0,right
241265,32322.0,2584619.0,8724737.0,-869814.0,-889522.0,-1810471.0,22360000.0,56672000.0,100278000.0,right
241275,489629.0,2917423.0,8631360.0,-545431.0,-721205.0,-1491948.0,22360000.0,56672000.0,100278000.0,right
241285,878698.0,3031151.0,8674457.0,-356341.0,-585913.0,-1249593.0,22360000.0,56672000.0,100278000.0,right
241295,1233051.0,3137697.0,8925856.0,-248746.0,-474589.0,-990193.0,22360000.0,56672000.0,100278000.0,right
241305,1483253.0,3056291.0,9176057.0,-130498.0,-385104.0,-723336.0,22360000.0,56672000.0,100278000.0,right
241316,1632895.0,2792921.0,9273026.0,1065.0,-299348.0,-463936.0,22360000.0,56672000.0,100278000.0,right
241325,1692752.0,2396669.0,9292180.0,107062.0,-210396.0,-243952.0,22360000.0,56672000.0,100278000.0,right
241335,1648458.0,1977670.0,9283800.0,164588.0,-123574.0,-91082.0,22360000.0,56672000.0,100278000.0,right
241345,1533532.0,1600572.0,9305348.0,156598.0,-38883.0,-11185.0,22360000.0,56672000.0,100278000.0,right
241355,1369525.0,1288119.0,9453793.0,108127.0,34089.0,2130.0,22360000.0,56672000.0,100278000.0,right
241366,1140871.0,1082212.0,9563930.0,52732.0,72440.0,-27165.0,22360000.0,56672000.0,100278000.0,right
241375,1140871.0,1082212.0,9563930.0,52732.0,72440.0,-27165.0,22360000.0,56672000.0,100278000.0,right
241386,958907.0,911021.0,9550761.0,16512.0,84158.0,-59656.0,22360000.0,56672000.0,100278000.0,right
241395,782927.0,843981.0,9506467.0,-5326.0,86821.0,-62319.0,22360000.0,56665000.0,100278000.0,right
241406,627299.0,733845.0,9494496.0,-4261.0,84158.0,-34622.0,22360000.0,56665000.0,100278000.0,right
241416,543500.0,557866.0,9524424.0,5326.0,75103.0,13848.0,22360000.0,56665000.0,100278000.0,right
241426,519557.0,345972.0,9560338.0,19175.0,67646.0,64450.0,22360000.0,56665000.0,100278000.0,right
241436,543500.0,167599.0,9624984.0,51666.0,67646.0,82027.0,22360000.0,56665000.0,100278000.0,right
241446,557866.0,74222.0,9732726.0,61254.0,68178.0,62319.0,22360000.0,56665000.0,100278000.0,right
241456,590188.0,9577.0,9838074.0,30893.0,51666.0,23969.0,22360000.0,56665000.0,100278000.0,right
241466,611737.0,-57462.0,9835680.0,-6924.0,17044.0,-19175.0,22360000.0,56665000.0,100278000.0,right
241476,671594.0,-52674.0,9824906.0,-19707.0,-18642.0,-70842.0,22360000.0,56665000.0,100278000.0,right
241486,737436.0,167599.0,9842863.0,-30360.0,-51666.0,-133162.0,22360000.0,56665000.0,100278000.0,right
241496,748210.0,429772.0,9762655.0,-54330.0,-85223.0,-188557.0,22360000.0,56665000.0,100278000.0,right
241506,736239.0,518360.0,9635758.0,-79364.0,-103333.0,-200808.0,22360000.0,56665000.0,100278000.0,right
241516,741028.0,499206.0,9607027.0,-80429.0,-101203.0,-163523.0,22360000.0,56665000.0,100278000.0,right
241526,786519.0,377098.0,9640547.0,-44742.0,-86289.0,-123041.0,22360000.0,56665000.0,100278000.0,right
241536,869121.0,375901.0,9761458.0,-26099.0,-75636.0,-98007.0,22360000.0,56665000.0,100278000.0,right
241546,945738.0,405829.0,9840469.0,-34622.0,-74038.0,-95344.0,22360000.0,56665000.0,100278000.0,right
241556,949329.0,389069.0,9806949.0,-46340.0,-76168.0,-99072.0,22360000.0,56665000.0,100278000.0,right
241566,992426.0,280130.0,9802160.0,-39948.0,-70842.0,-95344.0,22360000.0,56665000.0,100278000.0,right
241576,996018.0,208301.0,9818920.0,-14914.0,-69244.0,-95344.0,22360000.0,56665000.0,100278000.0,right
241586,997215.0,258581.0,9751880.0,10120.0,-70309.0,-113454.0,22360000.0,56665000.0,100278000.0,right
241596,1007989.0,369915.0,9658504.0,10120.0,-66048.0,-134227.0,22360000.0,56665000.0,100278000.0,right
241606,987638.0,462095.0,9555550.0,-16512.0,-52732.0,-136357.0,22360000.0,56665000.0,100278000.0,right
241616,945738.0,474066.0,9530410.0,-29295.0,-32491.0,-120378.0,22360000.0,56665000.0,100278000.0,right
241626,885881.0,447729.0,9628575.0,-17044.0,-17044.0,-100670.0,22360000.0,56665000.0,100278000.0,right
241636,864333.0,515966.0,9706389.0,-13848.0,-4261.0,-83093.0,22360000.0,56665000.0,100278000.0,right
241646,822433.0,624905.0,9765049.0,-40481.0,3195.0,-71907.0,22360000.0,56665000.0,100278000.0,right
241656,766167.0,622511.0,9779415.0,-76701.0,7989.0,-56460.0,22360000.0,56665000.0,100278000.0,right
241666,758985.0,551880.0,9808146.0,-93746.0,19707.0,-35154.0,22360000.0,56665000.0,100278000.0,right
241676,775745.0,621314.0,9862017.0,-99072.0,38883.0,-27697.0,22360000.0,56665000.0,100278000.0,right
241686,739830.0,766167.0,9889551.0,-100670.0,49536.0,-36220.0,22360000.0,56665000.0,100278000.0,right
241696,729056.0,731450.0,9848849.0,-86821.0,49536.0,-29828.0,22360000.0,56665000.0,100278000.0,right
241706,757787.0,670396.0,9848849.0,-74038.0,46873.0,-9587.0,22360000.0,56665000.0,100278000.0,right
241716,721873.0,718282.0,9912297.0,-55928.0,33024.0,3195.0,22360000.0,56665000.0,100278000.0,right
241726,671594.0,769759.0,9859623.0,-38883.0,-6924.0,21838.0,22360000.0,56665000.0,100278000.0,right
241736,614131.0,678776.0,9623787.0,-25567.0,-50601.0,58591.0,22360000.0,56665000.0,100278000.0,right
241746,579414.0,500403.0,9458582.0,10120.0,-65515.0,99072.0,22360000.0,56665000.0,100278000.0,right
241756,550683.0,363929.0,9383162.0,58591.0,-50068.0,120911.0,22360000.0,56665000.0,100278000.0,right
241766,555471.0,294495.0,9371191.0,83093.0,-18110.0,107062.0,22360000.0,56665000.0,100278000.0,right
241776,606948.0,377098.0,9456188.0,53797.0,21838.0,72440.0,22360000.0,56665000.0,100278000.0,right
241786,590188.0,454912.0,9589070.0,-5326.0,47938.0,46873.0,22360000.0,56665000.0,100278000.0,right
241796,567443.0,381886.0,9628575.0,-46340.0,55928.0,50601.0,22360000.0,56665000.0,100278000.0,right
241806,560260.0,191541.0,9653715.0,-39415.0,63917.0,62852.0,22360000.0,56665000.0,100278000.0,right
241816,593780.0,81405.0,9701601.0,-5326.0,59656.0,54330.0,22360000.0,56665000.0,100278000.0,right
241826,605751.0,123305.0,9705192.0,34089.0,42611.0,19175.0,22360000.0,56665000.0,100278000.0,right
241836,603357.0,256187.0,9584281.0,52732.0,26099.0,-15446.0,22360000.0,56665000.0,100278000.0,right
241846,597371.0,433363.0,9548367.0,39415.0,20773.0,-17044.0,22360000.0,56665000.0,100278000.0,right
241856,580611.0,432166.0,9663292.0,9055.0,27697.0,3195.0,22360000.0,56665000.0,100278000.0,right
241866,618920.0,339987.0,9761458.0,-3728.0,34622.0,33024.0,22360000.0,56665000.0,100278000.0,right
242107,569837.0,462095.0,9717163.0,-51134.0,7457.0,-15979.0,22360000.0,56665000.0,100278000.0,right
242117,581808.0,354352.0,9653715.0,-27697.0,-20773.0,7989.0,22360000.0,56665000.0,100278000.0,right
242127,609342.0,281327.0,9613013.0,24501.0,-26099.0,19707.0,22360000.0,56665000.0,100278000.0,right
242137,611737.0,331607.0,9598647.0,50068.0,-15446.0,2130.0,22360000.0,56665000.0,100278000.0,right
242147,624905.0,409420.0,9592661.0,27697.0,-3195.0,-23969.0,22360000.0,56665000.0,100278000.0,right
242157,645257.0,483643.0,9623787.0,-6924.0,8522.0,-22903.0,22360000.0,56665000.0,100278000.0,right
242167,656031.0,501600.0,9654912.0,-25034.0,7989.0,-7989.0,22360000.0,56665000.0,100278000.0,right
242177,647651.0,349564.0,9615407.0,-18642.0,-2130.0,8522.0,22360000.0,56665000.0,100278000.0,right
242187,638074.0,203513.0,9609421.0,2663.0,-6924.0,22371.0,22360000.0,56665000.0,100278000.0,right
242197,653637.0,185556.0,9668081.0,29295.0,-2663.0,3728.0,22360000.0,56665000.0,100278000.0,right
242207,683565.0,304072.0,9731529.0,37285.0,-1597.0,-31426.0,22360000.0,56665000.0,100278000.0,right
242217,682368.0,418998.0,9696812.0,26099.0,-7457.0,-43144.0,22360000.0,56665000.0,100278000.0,right
242227,687156.0,396252.0,9628575.0,19175.0,-3195.0,-33556.0,22360000.0,56665000.0,100278000.0,right
242237,693142.0,292101.0,9614210.0,19707.0,2663.0,-19707.0,22360000.0,56665000.0,100278000.0,right
242247,678776.0,208301.0,9562733.0,28230.0,4793.0,-19175.0,22360000.0,56665000.0,100278000.0,right
242257,668002.0,233441.0,9550761.0,42079.0,10652.0,-31426.0,22360000.0,56665000.0,100278000.0,right
242267,697931.0,377098.0,9676461.0,48471.0,28763.0,-42611.0,22360000.0,56665000.0,100278000.0,right
242277,672791.0,508783.0,9816526.0,20773.0,30893.0,-40481.0,22360000.0,56665000.0,100278000.0,right
242287,650045.0,459700.0,9815329.0,-6924.0,17577.0,-15979.0,22360000.0,56665000.0,100278000.0,right
242297,647651.0,331607.0,9842863.0,0.0,19175.0,3195.0,22360000.0,56665000.0,100278000.0,right
242307,641665.0,286115.0,10011659.0,14381.0,17044.0,2130.0,22360000.0,56665000.0,100278000.0,right
242317,670396.0,337592.0,10063136.0,14381.0,-3728.0,-9587.0,22360000.0,56665000.0,100278000.0,right
242327,721873.0,409420.0,10027222.0,13316.0,-24501.0,-23969.0,22360000.0,56665000.0,100278000.0,right
242337,743422.0,469277.0,9970957.0,14914.0,-33556.0,-30360.0,22360000.0,56665000.0,100278000.0,right
242347,764970.0,527937.0,9960182.0,5326.0,-37818.0,-26099.0,22360000.0,56665000.0,100278000.0,right
242357,741028.0,634482.0,9899128.0,-15979.0,-46873.0,-26099.0,22360000.0,56665000.0,100278000.0,right
242367,723070.0,647651.0,9791386.0,-35154.0,-52732.0,-11718.0,22360000.0,56665000.0,100278000.0,right
242377,699128.0,544697.0,9672869.0,-30360.0,-50068.0,29295.0,22360000.0,56665000.0,100278000.0,right
242387,677579.0,409420.0,9603435.0,532.0,-39948.0,54862.0,22360000.0,56665000.0,100278000.0,right
242397,641665.0,338789.0,9581887.0,20240.0,-28230.0,51666.0,22350000.0,56654000.0,100286000.0,right
242407,639271.0,347169.0,9587873.0,13848.0,-16512.0,39415.0,22350000.0,56654000.0,100286000.0,right
242417,639271.0,347169.0,9587873.0,13848.0,-16512.0,39415.0,22350000.0,56654000.0,100286000.0,right
242427,624905.0,357944.0,9622590.0,-6391.0,-11185.0,31958.0,22350000.0,56654000.0,100286000.0,right
242437,593780.0,287312.0,9568718.0,-18110.0,-17044.0,37818.0,22350000.0,56654000.0,100286000.0,right
242447,594977.0,134079.0,9468159.0,-4793.0,-22371.0,46873.0,22350000.0,56654000.0,100286000.0,right
242457,590188.0,65842.0,9447808.0,20773.0,-13316.0,32491.0,22350000.0,56654000.0,100286000.0,right
242467,627299.0,134079.0,9466962.0,33024.0,6924.0,-5326.0,22350000.0,56654000.0,100286000.0,right
242477,651242.0,282524.0,9555550.0,24501.0,25034.0,-35687.0,22350000.0,56654000.0,100286000.0,right
242487,685959.0,433363.0,9715966.0,1065.0,33024.0,-41546.0,22350000.0,56654000.0,100286000.0,right
242497,699128.0,480052.0,9756669.0,-15446.0,29295.0,-37818.0,22350000.0,56654000.0,100286000.0,right
242507,699128.0,424983.0,9730332.0,-14914.0,23969.0,-22371.0,22350000.0,56654000.0,100286000.0,right
242518,695536.0,420195.0,9755472.0,3728.0,22371.0,-11185.0,22350000.0,56654000.0,100286000.0,right
242527,715888.0,503994.0,9800963.0,21305.0,18642.0,-16512.0,22350000.0,56654000.0,100286000.0,right
242537,700325.0,579414.0,9856031.0,15446.0,9587.0,-14914.0,22350000.0,56654000.0,100286000.0,right
242547,650045.0,547091.0,9836877.0,7989.0,-7457.0,0.0,22350000.0,56654000.0,100286000.0,right
242557,627299.0,452517.0,9796175.0,14381.0,-14914.0,13316.0,22350000.0,56654000.0,100286000.0,right
242568,606948.0,377098.0,9783006.0,18110.0,-14914.0,14381.0,22350000.0,56654000.0,100286000.0,right
242577,620117.0,379492.0,9749486.0,9055.0,-12783.0,4261.0,22350000.0,56654000.0,100286000.0,right
242637,621314.0,350761.0,9642941.0,14381.0,-43144.0,1597.0,22350000.0,56654000.0,100286000.0,right
242647,653637.0,320832.0,9634561.0,23969.0,-35687.0,3728.0,22350000.0,56654000.0,100286000.0,right
242658,662016.0,342381.0,9702798.0,23969.0,-20240.0,-8522.0,22350000.0,56654000.0,100286000.0,right
242667,670396.0,381886.0,9738712.0,0.0,-14381.0,-21838.0,22350000.0,56654000.0,100286000.0,right
242678,691945.0,422589.0,9690826.0,-15979.0,-5859.0,-25034.0,22350000.0,56654000.0,100286000.0,right
242688,705113.0,402238.0,9683644.0,-7989.0,4793.0,-24501.0,22350000.0,56654000.0,100286000.0,right
242698,724268.0,391463.0,9757866.0,-3195.0,7989.0,-24501.0,22350000.0,56654000.0,100286000.0,right
242708,745816.0,462095.0,9791386.0,-3728.0,4793.0,-28230.0,22350000.0,56654000.0,100286000.0,right
242718,733845.0,539908.0,9757866.0,-4261.0,-3195.0,-30893.0,22350000.0,56654000.0,100286000.0,right
242728,730253.0,557866.0,9717163.0,-3728.0,-6924.0,-17044.0,22350000.0,56654000.0,100286000.0,right
242738,715888.0,478854.0,9687235.0,-532.0,-9055.0,10120.0,22350000.0,56654000.0,100286000.0,right
242748,707508.0,401041.0,9719558.0,9587.0,-12250.0,22371.0,22350000.0,56654000.0,100286000.0,right
242758,694339.0,384281.0,9709981.0,14914.0,-10120.0,20773.0,22350000.0,56654000.0,100286000.0,right
242768,721873.0,374703.0,9695615.0,12783.0,3195.0,12250.0,22350000.0,56654000.0,100286000.0,right
242778,723070.0,399843.0,9761458.0,-2130.0,16512.0,3195.0,22350000.0,56654000.0,100286000.0,right
242788,706311.0,381886.0,9810540.0,-21838.0,21838.0,-2663.0,22350000.0,56654000.0,100286000.0,right
242798,679974.0,372309.0,9818920.0,-29828.0,20773.0,-5859.0,22350000.0,56654000.0,100286000.0,right
242808,639271.0,375901.0,9811737.0,-25034.0,17577.0,-13848.0,22350000.0,56654000.0,100286000.0,right
242818,604554.0,391463.0,9850046.0,-21838.0,13848.0,-20773.0,22350000.0,56654000.0,100286000.0,right
242828,587794.0,462095.0,9915888.0,-29295.0,1065.0,-27165.0,22350000.0,56654000.0,100286000.0,right
242838,533923.0,484840.0,9875186.0,-35154.0,-28763.0,-26099.0,22350000.0,56654000.0,100286000.0,right
242848,523149.0,404632.0,9713572.0,-28763.0,-60721.0,-3195.0,22350000.0,56654000.0,100286000.0,right
242858,572231.0,282524.0,9562733.0,0.0,-75636.0,19707.0,22350000.0,56654000.0,100286000.0,right
242868,623708.0,202316.0,9524424.0,28763.0,-77766.0,13848.0,22350000.0,56654000.0,100286000.0,right
242878,696733.0,251398.0,9475342.0,31426.0,-69244.0,-12783.0,22350000.0,56654000.0,100286000.0,right
242888,769759.0,349564.0,9453793.0,12250.0,-44209.0,-35687.0,22350000.0,56654000.0,100286000.0,right
242898,798490.0,417800.0,9481327.0,-11185.0,-12250.0,-46873.0,22350000.0,56654000.0,100286000.0,right
242908,816447.0,446532.0,9542381.0,-28763.0,14914.0,-49003.0,22350000.0,56654000.0,100286000.0,right
242918,822433.0,488432.0,9586676.0,-36220.0,34622.0,-49003.0,22350000.0,56654000.0,100286000.0,right
242928,799687.0,527937.0,9614210.0,-34089.0,47938.0,-46340.0,22350000.0,56654000.0,100286000.0,right
242938,745816.0,524346.0,9682446.0,-28763.0,51134.0,-27165.0,22350000.0,56654000.0,100286000.0,right
242948,715888.0,478854.0,9731529.0,-13316.0,43677.0,-3195.0,22350000.0,56654000.0,100286000.0,right
242958,707508.0,438152.0,9800963.0,5859.0,28230.0,15979.0,22350000.0,56654000.0,100286000.0,right
242968,688353.0,387872.0,9787795.0,17044.0,6391.0,26632.0,22350000.0,56654000.0,100286000.0,right
242978,675185.0,334001.0,9741106.0,21838.0,-5859.0,29828.0,22350000.0,56654000.0,100286000.0,right
242988,675185.0,304072.0,9687235.0,23436.0,-4793.0,29828.0,22350000.0,56654000.0,100286000.0,right
242998,677579.0,305270.0,9624984.0,19175.0,7457.0,17044.0,22350000.0,56654000.0,100286000.0,right
243008,670396.0,269355.0,9602238.0,11185.0,26099.0,4261.0,22350000.0,56654000.0,100286000.0,right
243018,677579.0,264567.0,9665687.0,-2130.0,47405.0,-3728.0,22350000.0,56654000.0,100286000.0,right
243028,677579.0,302875.0,9786597.0,-15979.0,60189.0,-17577.0,22350000.0,56654000.0,100286000.0,right
243038,671594.0,398646.0,9894340.0,-30360.0,59123.0,-29828.0,22350000.0,56654000.0,100286000.0,right
243048,697931.0,460897.0,9924268.0,-45807.0,41546.0,-22903.0,22350000.0,56654000.0,100286000.0,right
243058,709902.0,506389.0,9905114.0,-46873.0,16512.0,-4261.0,22350000.0,56654000.0,100286000.0,right
243068,717085.0,472869.0,9838074.0,-23969.0,-10120.0,19175.0,22350000.0,56654000.0,100286000.0,right
243078,730253.0,441743.0,9730332.0,3195.0,-28230.0,41546.0,22350000.0,56654000.0,100286000.0,right
243088,709902.0,440546.0,9666884.0,19175.0,-33556.0,59123.0,22350000.0,56654000.0,100286000.0,right
243098,701522.0,379492.0,9613013.0,23436.0,-23969.0,61787.0,22350000.0,56654000.0,100286000.0,right
243108,700325.0,343578.0,9585478.0,16512.0,0.0,58591.0,22350000.0,56654000.0,100286000.0,right
243118,679974.0,274144.0,9568718.0,3728.0,29828.0,56993.0,22350000.0,56654000.0,100286000.0,right
243128,657228.0,208301.0,9617801.0,-6924.0,60189.0,45807.0,22350000.0,56654000.0,100286000.0,right
243138,648848.0,208301.0,9663292.0,-11185.0,82560.0,27165.0,22350000.0,56654000.0,100286000.0,right
243148,642862.0,264567.0,9724346.0,-12250.0,89484.0,3195.0,22350000.0,56654000.0,100286000.0,right
243158,678776.0,353155.0,9841666.0,-20773.0,79364.0,-11718.0,22350000.0,56654000.0,100286000.0,right
243188,685959.0,543500.0,9700404.0,-21305.0,-26099.0,10652.0,22350000.0,56654000.0,100286000.0,right
243198,663214.0,515966.0,9626181.0,1065.0,-33556.0,38350.0,22350000.0,56654000.0,100286000.0,right
243208,659622.0,480052.0,9596253.0,23436.0,-25034.0,53797.0,22350000.0,56654000.0,100286000.0,right
243219,657228.0,448926.0,9590267.0,28230.0,-6924.0,63385.0,22350000.0,56654000.0,100286000.0,right
243228,645257.0,381886.0,9563930.0,18110.0,17577.0,64450.0,22350000.0,56654000.0,100286000.0,right
243238,628497.0,312452.0,9602238.0,6391.0,41546.0,60189.0,22350000.0,56654000.0,100286000.0,right
243248,644059.0,252595.0,9719558.0,-9055.0,56993.0,51666.0,22350000.0,56654000.0,100286000.0,right
243258,630891.0,270553.0,9808146.0,-20773.0,51666.0,35687.0,22350000.0,56654000.0,100286000.0,right
243268,621314.0,294495.0,9823709.0,-27697.0,32491.0,19175.0,22350000.0,56654000.0,100286000.0,right
243278,588991.0,313649.0,9828497.0,-30893.0,10652.0,21305.0,22350000.0,56654000.0,100286000.0,right
243288,587794.0,332804.0,9790189.0,-24501.0,-10120.0,27165.0,22350000.0,56654000.0,100286000.0,right
243298,592582.0,360338.0,9724346.0,-2663.0,-23969.0,29828.0,22350000.0,56654000.0,100286000.0,right
243309,597371.0,367521.0,9647730.0,7989.0,-26099.0,31426.0,22350000.0,56654000.0,100286000.0,right
243319,599765.0,367521.0,9561536.0,2663.0,-17044.0,38350.0,22350000.0,56654000.0,100286000.0,right
243329,599765.0,302875.0,9565127.0,0.0,-2663.0,41013.0,22350000.0,56654000.0,100286000.0,right
243339,579414.0,232244.0,9565127.0,2130.0,14914.0,35154.0,22350000.0,56654000.0,100286000.0,right
243349,583005.0,231047.0,9613013.0,1597.0,29295.0,19707.0,22350000.0,56654000.0,100286000.0,right
243359,580611.0,293298.0,9780612.0,-9055.0,36220.0,2130.0,22350000.0,56654000.0,100286000.0,right
243369,579414.0,389069.0,9851243.0,-22371.0,26632.0,-7457.0,22350000.0,56654000.0,100286000.0,right
243379,600962.0,442940.0,9835680.0,-18110.0,10120.0,-7457.0,22350000.0,56654000.0,100286000.0,right
243389,615328.0,474066.0,9794977.0,-5859.0,3195.0,3728.0,22350000.0,56654000.0,100286000.0,right
243399,608145.0,530331.0,9760260.0,4261.0,0.0,9055.0,22340000.0,56612000.0,100286000.0,right
243409,592582.0,571034.0,9717163.0,2130.0,1597.0,18642.0,22340000.0,56612000.0,100286000.0,right
243419,573428.0,554274.0,9678855.0,-3195.0,12250.0,41546.0,22340000.0,56612000.0,100286000.0,right
243429,518360.0,480052.0,9635758.0,-2663.0,26632.0,61787.0,22340000.0,56612000.0,100286000.0,right
243439,465686.0,401041.0,9599844.0,0.0,48471.0,74570.0,22340000.0,56612000.0,100286000.0,right
243449,421392.0,356746.0,9566324.0,-2663.0,77766.0,78299.0,22340000.0,56612000.0,100286000.0,right
243459,335198.0,314847.0,9598647.0,2663.0,105997.0,77766.0,22340000.0,56612000.0,100286000.0,right
243469,254990.0,368718.0,9640547.0,1065.0,133694.0,91615.0,22340000.0,56612000.0,100286000.0,right
243479,254990.0,368718.0,9640547.0,1065.0,133694.0,91615.0,22340000.0,56612000.0,100286000.0,right
243489,37111.0,488432.0,9731529.0,-15979.0,161925.0,104399.0,22340000.0,56612000.0,100286000.0,right
243499,-575823.0,657228.0,9848849.0,-19175.0,217853.0,83625.0,22340000.0,56612000.0,100286000.0,right
243509,-1561067.0,846376.0,10118204.0,-3195.0,330241.0,1065.0,22340000.0,56612000.0,100286000.0,right
243529,-4975302.0,1306076.0,11769057.0,-36220.0,512407.0,-330774.0,22340000.0,56612000.0,100286000.0,right
243539,-8014834.0,-1768171.0,14248328.0,-71907.0,390431.0,-639178.0,22340000.0,56612000.0,100286000.0,right
243549,-11135771.0,-12789018.0,19233208.0,352613.0,27165.0,-1855746.0,22340000.0,56612000.0,100286000.0,right
243559,-13542017.0,-33859833.0,25850984.0,280173.0,-1142530.0,-4742168.0,22340000.0,56612000.0,100286000.0,right
243569,-15101887.0,-39227797.0,28228499.0,-696171.0,-3771150.0,-8361513.0,22340000.0,56612000.0,100286000.0,right
243579,-20597945.0,-36630009.0,22534913.0,-3097882.0,-6959050.0,-12678628.0,22340000.0,56612000.0,100286000.0,right
243589,-27971114.0,-24403645.0,13357658.0,-6374202.0,-8577769.0,-17453821.0,22340000.0,56612000.0,100286000.0,right
243599,-36641980.0,-8118985.0,5329655.0,-9040108.0,-8187337.0,-17453821.0,22340000.0,56612000.0,100286000.0,right
243609,-39227797.0,1832817.0,-1969290.0,-8783371.0,-5648735.0,-17453821.0,22340000.0,56612000.0,100286000.0,right
243619,-36194251.0,4720312.0,-2179987.0,-6078050.0,-2733018.0,-17453821.0,22340000.0,56612000.0,100286000.0,right
243629,-31240496.0,9786597.0,1564658.0,-3413210.0,59656.0,-17453821.0,22340000.0,56612000.0,100286000.0,right
243639,-25083619.0,17806221.0,5545140.0,-1406191.0,2177999.0,-15405788.0,22340000.0,56612000.0,100286000.0,right
243749,-3146076.0,5323669.0,8870787.0,-1636828.0,-313729.0,1051980.0,22340000.0,56612000.0,100286000.0,right
243759,-1905842.0,5347612.0,8256656.0,-1408854.0,-278575.0,1234678.0,22340000.0,56612000.0,100286000.0,right
243770,-1058269.0,6978113.0,7886740.0,-819213.0,-100137.0,1529233.0,22340000.0,56612000.0,100286000.0,right
243779,-820039.0,8767834.0,8111802.0,-499624.0,95876.0,1953754.0,22340000.0,56612000.0,100286000.0,right
243930,-18155785.0,-18410775.0,17012519.0,1660264.0,3696046.0,14452348.0,22340000.0,56612000.0,100286000.0,right
243940,-16571972.0,-20384855.0,18693299.0,2106624.0,2875768.0,13792929.0,22340000.0,56612000.0,100286000.0,right
243950,-14152557.0,-21151022.0,19338556.0,2804926.0,2065077.0,11238880.0,22340000.0,56612000.0,100286000.0,right
244180,597371.0,861938.0,9538790.0,-157663.0,-9055.0,-68178.0,22340000.0,56612000.0,100286000.0,right
244190,465686.0,762576.0,9464567.0,-143282.0,-23969.0,-27165.0,22340000.0,56612000.0,100286000.0,right
244200,363929.0,578217.0,9371191.0,-99605.0,-33556.0,50601.0,22340000.0,56612000.0,100286000.0,right
244290,167599.0,-53871.0,9502876.0,-33556.0,-118780.0,9055.0,22340000.0,56612000.0,100286000.0,right
244300,280130.0,-83799.0,9516044.0,24501.0,-109725.0,2130.0,22340000.0,56612000.0,100286000.0,right
244310,418998.0,-29928.0,9484919.0,41546.0,-103866.0,-24501.0,22340000.0,56612000.0,100286000.0,right
244320,549486.0,-2394.0,9433442.0,34622.0,-101203.0,-53797.0,22340000.0,56612000.0,100286000.0,right
244330,633285.0,-34716.0,9390345.0,25567.0,-94278.0,-65515.0,22340000.0,56612000.0,100286000.0,right
244340,681171.0,-65842.0,9352037.0,32491.0,-85223.0,-71907.0,22340000.0,56612000.0,100286000.0,right
244350,741028.0,-34716.0,9384359.0,60721.0,-68711.0,-88952.0,22340000.0,56612000.0,100286000.0,right
244360,790110.0,124502.0,9410696.0,64983.0,-39948.0,-109725.0,22340000.0,56612000.0,100286000.0,right
244370,843981.0,304072.0,9403513.0,25034.0,-5859.0,-113454.0,22340000.0,56612000.0,100286000.0,right
244380,851164.0,257384.0,9421471.0,-19175.0,20240.0,-96942.0,22340000.0,56612000.0,100286000.0,right
244390,840390.0,124502.0,9415485.0,-34622.0,41013.0,-72972.0,22340000.0,56612000.0,100286000.0,right
244400,879895.0,73025.0,9445413.0,-23436.0,71374.0,-67646.0,22340000.0,56586000.0,100286000.0,right
244410,922992.0,201119.0,9629772.0,-15979.0,101203.0,-93746.0,22340000.0,56586000.0,100286000.0,right
244420,939752.0,420195.0,9906311.0,-43677.0,109725.0,-125172.0,22340000.0,56586000.0,100286000.0,right
244430,915810.0,682368.0,10048771.0,-96942.0,93746.0,-131031.0,22340000.0,56586000.0,100286000.0,right
244440,865530.0,750605.0,10060742.0,-112921.0,82560.0,-102801.0,22340000.0,56586000.0,100286000.0,right
244450,805673.0,675185.0,10148133.0,-98539.0,77234.0,-39415.0,22340000.0,56586000.0,100286000.0,right
244460,755393.0,527937.0,10193624.0,-55395.0,62852.0,33556.0,22340000.0,56586000.0,100286000.0,right
244471,670396.0,373506.0,10161301.0,-6924.0,31426.0,84158.0,22340000.0,56586000.0,100286000.0,right
244480,644059.0,216681.0,9986519.0,25567.0,-3195.0,107062.0,22340000.0,56586000.0,100286000.0,right
244490,609342.0,64645.0,9851243.0,46873.0,-21305.0,107594.0,22340000.0,56586000.0,100286000.0,right
244500,578217.0,-3591.0,9792583.0,57526.0,-22903.0,91082.0,22340000.0,56586000.0,100286000.0,right
244510,609342.0,64645.0,9839271.0,36220.0,-16512.0,62852.0,22340000.0,56586000.0,100286000.0,right
244520,609342.0,220273.0,9907508.0,-14381.0,-18110.0,29828.0,22340000.0,56586000.0,100286000.0,right
244530,600962.0,258581.0,9882368.0,-66048.0,-28763.0,1065.0,22340000.0,56586000.0,100286000.0,right
244540,600962.0,258581.0,9882368.0,-66048.0,-28763.0,1065.0,22340000.0,56586000.0,100286000.0,right
244550,575823.0,266961.0,9784203.0,-85756.0,-33024.0,-4261.0,22340000.0,56586000.0,100286000.0,right
244561,562654.0,317241.0,9753078.0,-69776.0,-35687.0,532.0,22340000.0,56586000.0,100286000.0,right
244571,542303.0,387872.0,9743501.0,-52199.0,-44742.0,3728.0,22340000.0,56586000.0,100286000.0,right
244581,536317.0,398646.0,9714769.0,-31426.0,-61787.0,15979.0,22340000.0,56586000.0,100286000.0,right
244591,505191.0,341184.0,9586676.0,-2663.0,-77766.0,42079.0,22340000.0,56586000.0,100286000.0,right
244601,480052.0,233441.0,9517242.0,22371.0,-75103.0,63917.0,22340000.0,56586000.0,100286000.0,right
244611,486037.0,142459.0,9523227.0,20773.0,-63917.0,63385.0,22340000.0,56586000.0,100286000.0,right
244621,524346.0,113728.0,9535199.0,532.0,-56993.0,47405.0,22340000.0,56586000.0,100286000.0,right
244631,544697.0,100559.0,9495693.0,-15446.0,-48471.0,21838.0,22340000.0,56586000.0,100286000.0,right
244641,531528.0,108939.0,9471750.0,-17044.0,-30893.0,3195.0,22340000.0,56586000.0,100286000.0,right
244651,554274.0,223864.0,9550761.0,-20773.0,-11185.0,-14381.0,22340000.0,56586000.0,100286000.0,right
244661,533923.0,320832.0,9632167.0,-21305.0,-532.0,-26632.0,22340000.0,56586000.0,100286000.0,right
244671,533923.0,345972.0,9635758.0,-13848.0,4261.0,-15446.0,22340000.0,56586000.0,100286000.0,right
244681,537514.0,319635.0,9668081.0,8522.0,7457.0,4261.0,22340000.0,56586000.0,100286000.0,right
244691,532726.0,304072.0,9713572.0,35687.0,9587.0,18110.0,22340000.0,56586000.0,100286000.0,right
244701,554274.0,299284.0,9709981.0,45275.0,11718.0,20240.0,22340000.0,56586000.0,100286000.0,right
244711,591385.0,305270.0,9751880.0,35687.0,22903.0,15979.0,22340000.0,56586000.0,100286000.0,right
244721,586597.0,366324.0,9784203.0,23969.0,41546.0,7457.0,22340000.0,56586000.0,100286000.0,right
244731,554274.0,355549.0,9817723.0,6924.0,55395.0,8522.0,22340000.0,56586000.0,100286000.0,right
244741,542303.0,313649.0,9881171.0,-12250.0,64450.0,20240.0,22340000.0,56586000.0,100286000.0,right
244751,521951.0,282524.0,9963774.0,-22371.0,60189.0,26099.0,22340000.0,56586000.0,100286000.0,right
244761,487234.0,192739.0,9990111.0,-22371.0,31958.0,26632.0,22340000.0,56586000.0,100286000.0,right
244771,495614.0,100559.0,9919480.0,-7457.0,-4261.0,33556.0,22340000.0,56586000.0,100286000.0,right
244781,503994.0,47885.0,9820117.0,20773.0,-28230.0,30360.0,22340000.0,56586000.0,100286000.0,right
244791,543500.0,34716.0,9725543.0,40481.0,-45807.0,15979.0,22340000.0,56586000.0,100286000.0,right
244801,567443.0,88588.0,9656109.0,43677.0,-51666.0,2663.0,22340000.0,56586000.0,100286000.0,right
244811,532726.0,137670.0,9658504.0,36220.0,-53797.0,-7989.0,22340000.0,56586000.0,100286000.0,right
244821,554274.0,100559.0,9645335.0,23436.0,-41013.0,-12783.0,22340000.0,56586000.0,100286000.0,right
244831,590188.0,131685.0,9682446.0,532.0,-22903.0,-23436.0,22340000.0,56586000.0,100286000.0,right
244841,626102.0,225061.0,9785400.0,-19707.0,-9587.0,-38883.0,22340000.0,56586000.0,100286000.0,right
244851,652439.0,308861.0,9815329.0,-29828.0,-4793.0,-45275.0,22340000.0,56586000.0,100286000.0,right
244861,679974.0,378295.0,9842863.0,-43144.0,-11185.0,-45275.0,22340000.0,56586000.0,100286000.0,right
244871,723070.0,407026.0,9875186.0,-48471.0,-22371.0,-36220.0,22340000.0,56586000.0,100286000.0,right
244881,723070.0,415406.0,9902720.0,-36220.0,-39415.0,-17044.0,22340000.0,56586000.0,100286000.0,right
244891,707508.0,446532.0,9951802.0,-16512.0,-60189.0,3728.0,22340000.0,56586000.0,100286000.0,right
244901,715888.0,462095.0,10036799.0,1597.0,-84691.0,25034.0,22340000.0,56586000.0,100286000.0,right
244911,703916.0,460897.0,10084685.0,11185.0,-108660.0,44209.0,22340000.0,56586000.0,100286000.0,right
244921,703916.0,408223.0,10035602.0,14381.0,-126770.0,61787.0,22340000.0,56586000.0,100286000.0,right
244931,709902.0,398646.0,9981731.0,8522.0,-125705.0,69244.0,22340000.0,56586000.0,100286000.0,right
244941,679974.0,381886.0,9930254.0,-3195.0,-121443.0,74038.0,22340000.0,56586000.0,100286000.0,right
244951,664411.0,323227.0,9794977.0,-17044.0,-120911.0,83625.0,22340000.0,56586000.0,100286000.0,right
244961,626102.0,180767.0,9711178.0,-20773.0,-117715.0,94278.0,22340000.0,56586000.0,100286000.0,right
244971,622511.0,80208.0,9622590.0,-6391.0,-107062.0,101735.0,22340000.0,56586000.0,100286000.0,right
244991,612934.0,17957.0,9563930.0,20240.0,-80429.0,76701.0,22340000.0,56586000.0,100286000.0,right
245001,653637.0,5985.0,9538790.0,12250.0,-78299.0,72440.0,22340000.0,56586000.0,100286000.0,right
245011,687156.0,8379.0,9596253.0,15446.0,-68178.0,58058.0,22340000.0,56586000.0,100286000.0,right
245022,690748.0,20351.0,9627378.0,10120.0,-58591.0,39415.0,22340000.0,56586000.0,100286000.0,right
245031,713493.0,37111.0,9579493.0,-6924.0,-55395.0,28763.0,22340000.0,56586000.0,100286000.0,right
245041,720676.0,49082.0,9493299.0,-14381.0,-45807.0,15446.0,22340000.0,56586000.0,100286000.0,right
245051,735042.0,70631.0,9453793.0,-9587.0,-24501.0,532.0,22340000.0,56586000.0,100286000.0,right
245061,770956.0,144853.0,9446610.0,-7989.0,5859.0,-12250.0,22340000.0,56586000.0,100286000.0,right
245071,815250.0,235836.0,9481327.0,-21838.0,42079.0,-25567.0,22340000.0,56586000.0,100286000.0,right
245081,829616.0,371112.0,9634561.0,-49003.0,74038.0,-31426.0,22340000.0,56586000.0,100286000.0,right
245091,803279.0,457306.0,9818920.0,-73505.0,84691.0,-25034.0,22340000.0,56586000.0,100286000.0,right
245101,775745.0,441743.0,9854834.0,-88419.0,72440.0,-1597.0,22340000.0,56586000.0,100286000.0,right
245111,748210.0,369915.0,9826103.0,-76701.0,56993.0,26099.0,22340000.0,56586000.0,100286000.0,right
245121,756590.0,335198.0,9791386.0,-37818.0,50601.0,47405.0,22340000.0,56586000.0,100286000.0,right
245131,743422.0,320832.0,9751880.0,-5859.0,53264.0,61787.0,22340000.0,56586000.0,100286000.0,right
245141,737436.0,293298.0,9696812.0,532.0,60721.0,74570.0,22340000.0,56586000.0,100286000.0,right
245151,694339.0,271750.0,9636955.0,-7989.0,81495.0,79897.0,22340000.0,56586000.0,100286000.0,right
245161,665608.0,254990.0,9675264.0,-20240.0,115584.0,74570.0,22340000.0,56586000.0,100286000.0,right
245171,653637.0,286115.0,9802160.0,-47938.0,150206.0,64983.0,22340000.0,56586000.0,100286000.0,right
245182,616525.0,322029.0,9818920.0,-81495.0,166718.0,60189.0,22340000.0,56586000.0,100286000.0,right
245192,563851.0,264567.0,9779415.0,-99072.0,173643.0,64450.0,22340000.0,56586000.0,100286000.0,right
245202,506389.0,193936.0,9773429.0,-96409.0,180035.0,80429.0,22340000.0,56586000.0,100286000.0,right
245212,439349.0,148445.0,9792583.0,-75636.0,184296.0,96942.0,22340000.0,56586000.0,100286000.0,right
245302,-2045907.0,-840390.0,11159714.0,-243952.0,528387.0,143282.0,22340000.0,56586000.0,100286000.0,right
245312,-1528744.0,-1343188.0,11322525.0,-129966.0,380310.0,229571.0,22340000.0,56586000.0,100286000.0,right
245322,-1234248.0,-1647261.0,11376396.0,59123.0,156598.0,234897.0,22340000.0,56586000.0,100286000.0,right
245332,-1599375.0,-1970488.0,11458998.0,237028.0,-91615.0,165653.0,22340000.0,56586000.0,100286000.0,right
245342,-2790527.0,-3136499.0,12256292.0,260997.0,-257801.0,25567.0,22340000.0,56586000.0,100286000.0,right
245352,-4336031.0,-5941392.0,13331321.0,9055.0,-361135.0,-156065.0,22340000.0,56586000.0,100286000.0,right
245362,-5442186.0,-10968172.0,14093898.0,-402149.0,-562476.0,-884196.0,22340000.0,56586000.0,100286000.0,right
245372,-6053923.0,-17275889.0,14679298.0,-801635.0,-969952.0,-2923174.0,22340000.0,56586000.0,100286000.0,right
245382,-7160078.0,-21437138.0,14321354.0,-1353992.0,-1566518.0,-6000816.0,22340000.0,56586000.0,100286000.0,right
245392,-9293377.0,-20617099.0,13696448.0,-1571312.0,-1954819.0,-9137582.0,22340000.0,56586000.0,100286000.0,right
245402,-12215589.0,-17617073.0,14077138.0,-1263974.0,-2129528.0,-12246118.0,22330000.0,56582000.0,100278000.0,right
245412,-16017697.0,-14166923.0,14279454.0,-1544680.0,-2541265.0,-14912023.0,22330000.0,56582000.0,100278000.0,right
245422,-19862903.0,-10149330.0,12829721.0,-2472553.0,-3166594.0,-16585072.0,22330000.0,56582000.0,100278000.0,right
245432,-22542096.0,-4828054.0,10064333.0,-2810785.0,-3661424.0,-17453821.0,22330000.0,56582000.0,100278000.0,right
245442,-23690151.0,270553.0,6627352.0,-2387862.0,-3677936.0,-17453821.0,22330000.0,56582000.0,100278000.0,right
245452,-22428368.0,5093819.0,3180793.0,-1344404.0,-3276852.0,-17453821.0,22330000.0,56582000.0,100278000.0,right
245462,-19000964.0,8625374.0,914612.0,494830.0,-2462433.0,-15859072.0,22330000.0,56582000.0,100278000.0,right
245472,-15366455.0,11590683.0,669199.0,2557244.0,-1531364.0,-13657636.0,22330000.0,56582000.0,100278000.0,right
245542,-1292908.0,26559689.0,7892726.0,-28230.0,-126237.0,-5214627.0,22330000.0,56582000.0,100278000.0,right
245552,-3265790.0,23241224.0,7106207.0,-143815.0,-288695.0,-3240099.0,22330000.0,56582000.0,100278000.0,right
245562,-4703552.0,21119897.0,6903891.0,-161392.0,-274313.0,-1628306.0,22330000.0,56582000.0,100278000.0,right
245572,-5644502.0,21663397.0,7376760.0,-207200.0,-290293.0,-585913.0,22330000.0,56582000.0,100278000.0,right
245582,-6002446.0,23794302.0,7755055.0,-539040.0,-457012.0,366462.0,22330000.0,56582000.0,100278000.0,right
245592,-6311308.0,26838622.0,7158881.0,-1281551.0,-786188.0,1645883.0,22330000.0,56582000.0,100278000.0,right
245602,-6311308.0,26838622.0,7158881.0,-1281551.0,-786188.0,1645883.0,22330000.0,56582000.0,100278000.0,right
245612,-7301340.0,28355395.0,5752245.0,-2546591.0,-1172359.0,3252350.0,22330000.0,56582000.0,100278000.0,right
245622,-8910293.0,29578869.0,4189980.0,-3960773.0,-1548408.0,5635952.0,22330000.0,56582000.0,100278000.0,right
245632,-10893950.0,31752871.0,2478074.0,-4986121.0,-1908479.0,9531209.0,22330000.0,56582000.0,100278000.0,right
245642,-16126637.0,32371791.0,1128900.0,-4891309.0,-2134854.0,14873140.0,22330000.0,56582000.0,100278000.0,right
245652,-25193755.0,28342227.0,529134.0,-3716287.0,-2065610.0,17453288.0,22330000.0,56582000.0,100278000.0,right
245692,-36365441.0,10223553.0,7873572.0,5970988.0,3577266.0,17453288.0,22330000.0,56582000.0,100278000.0,right
245702,-38668733.0,2820455.0,12791412.0,5927843.0,5812791.0,17453288.0,22330000.0,56582000.0,100278000.0,right
245712,-37300405.0,-7947794.0,15866858.0,4369314.0,6900992.0,17453288.0,22330000.0,56582000.0,100278000.0,right
245722,-33550971.0,-18889630.0,15140196.0,3083501.0,6391247.0,17453288.0,22330000.0,56582000.0,100278000.0,right
245732,-28823476.0,-24613144.0,15295824.0,3054205.0,5567240.0,17453288.0,22330000.0,56582000.0,100278000.0,right
245742,-25057282.0,-24191751.0,17478205.0,3691253.0,5186929.0,16496119.0,22330000.0,56582000.0,100278000.0,right
245752,-22460691.0,-25087210.0,20400417.0,4357063.0,4476376.0,11794965.0,22330000.0,56582000.0,100278000.0,right
245762,-19794666.0,-22129084.0,22704907.0,3983677.0,2913053.0,6271401.0,22330000.0,56582000.0,100278000.0,right
245772,-16909565.0,-16576761.0,22141055.0,2060283.0,582184.0,1463717.0,22330000.0,56582000.0,100278000.0,right
245782,-13779051.0,-11526038.0,17712844.0,-516136.0,-1799818.0,-2085850.0,22330000.0,56582000.0,100278000.0,right
245792,-11728354.0,-7795758.0,13157736.0,-2316487.0,-3381784.0,-4433764.0,22330000.0,56582000.0,100278000.0,right
245803,-10601848.0,-4832843.0,10722759.0,-2929565.0,-3919759.0,-5795746.0,22330000.0,56582000.0,100278000.0,right
245813,-9146129.0,-2165621.0,9422668.0,-2643001.0,-3586854.0,-6085507.0,22330000.0,56582000.0,100278000.0,right
245823,-6955368.0,205907.0,9190423.0,-1903685.0,-2914119.0,-5590144.0,22330000.0,56582000.0,100278000.0,right
245833,-4711932.0,1720286.0,9389148.0,-1155846.0,-2334065.0,-4814075.0,22330000.0,56582000.0,100278000.0,right
245843,-2762993.0,2294912.0,9504073.0,-632786.0,-1980919.0,-4055584.0,22330000.0,56582000.0,100278000.0,right
245853,-1480858.0,2299700.0,9636955.0,-333437.0,-1790763.0,-3390306.0,22330000.0,56582000.0,100278000.0,right
245863,-554274.0,1616135.0,9690826.0,-108660.0,-1623512.0,-2872572.0,22330000.0,56582000.0,100278000.0,right
245873,375901.0,1168406.0,9641744.0,74038.0,-1439215.0,-2481076.0,22330000.0,56582000.0,100278000.0,right
245883,1098972.0,1295302.0,9556747.0,344090.0,-1243201.0,-2310628.0,22330000.0,56582000.0,100278000.0,right
245893,1583812.0,1531138.0,9383162.0,679126.0,-1092461.0,-2439529.0,22330000.0,56582000.0,100278000.0,right
245903,1885491.0,1938165.0,9154509.0,906567.0,-991791.0,-2712778.0,22330000.0,56582000.0,100278000.0,right
245913,2098581.0,2795315.0,8843253.0,966756.0,-880467.0,-2937555.0,22330000.0,56582000.0,100278000.0,right
245923,2258998.0,3796122.0,8569109.0,897512.0,-740913.0,-3042487.0,22330000.0,56582000.0,100278000.0,right
245933,2381106.0,4430605.0,8857619.0,704161.0,-609882.0,-2982298.0,22330000.0,56582000.0,100278000.0,right
245943,2494834.0,5056708.0,9484919.0,414933.0,-507081.0,-2678688.0,22330000.0,56582000.0,100278000.0,right
245953,2377514.0,5557111.0,9741106.0,201873.0,-429314.0,-2206229.0,22330000.0,56582000.0,100278000.0,right
245963,2227872.0,5164450.0,9536396.0,229038.0,-355809.0,-1695952.0,22330000.0,56582000.0,100278000.0,right
246103,-50279.0,-489629.0,5527183.0,2779891.0,-6202157.0,-6782211.0,22330000.0,56582000.0,100278000.0,right
246113,538711.0,1431776.0,3563877.0,3214000.0,-5619440.0,-6634668.0,22330000.0,56582000.0,100278000.0,right
246123,1935771.0,5166844.0,2458920.0,3237969.0,-4951499.0,-6302828.0,22330000.0,56582000.0,100278000.0,right
246133,3126922.0,9150918.0,1851971.0,2618499.0,-4243609.0,-5953943.0,22330000.0,56582000.0,100278000.0,right
246143,3888302.0,11765466.0,1687963.0,1650144.0,-3551699.0,-5554457.0,22330000.0,56582000.0,100278000.0,right
246153,4501236.0,13425895.0,1794508.0,767546.0,-2902400.0,-4857220.0,22330000.0,56582000.0,100278000.0,right
246163,5171633.0,14947457.0,1818451.0,124107.0,-2323944.0,-3744517.0,22330000.0,56582000.0,100278000.0,right
246173,5324866.0,15348498.0,1058269.0,-180035.0,-1799286.0,-2532742.0,22330000.0,56582000.0,100278000.0,right
246183,5038751.0,13999324.0,69433.0,-436239.0,-1329490.0,-1300194.0,22330000.0,56582000.0,100278000.0,right
246193,4806506.0,12435862.0,-527937.0,-921481.0,-819745.0,-94811.0,22330000.0,56582000.0,100278000.0,right
246203,4579050.0,10701210.0,-933767.0,-1262376.0,-320121.0,804299.0,22330000.0,56582000.0,100278000.0,right
246213,4381522.0,9634561.0,-1407833.0,-1276758.0,133694.0,1474370.0,22330000.0,56582000.0,100278000.0,right
246223,4195966.0,9077892.0,-1699935.0,-1209111.0,638112.0,2103961.0,22330000.0,56582000.0,100278000.0,right
246233,4087026.0,8558335.0,-1531138.0,-1170761.0,1169695.0,2745269.0,22330000.0,56582000.0,100278000.0,right
246243,3923019.0,8171659.0,-1125309.0,-1167565.0,1643752.0,3440375.0,22330000.0,56582000.0,100278000.0,right
246253,3651268.0,7638933.0,-562654.0,-1161173.0,2072534.0,4151461.0,22330000.0,56582000.0,100278000.0,right
246263,3312479.0,6573481.0,-37111.0,-1057306.0,2486402.0,4759745.0,22330000.0,56582000.0,100278000.0,right
246273,2723487.0,5026779.0,-371112.0,-687649.0,2850201.0,5011688.0,22330000.0,56582000.0,100278000.0,right
246283,2724684.0,2324840.0,-144853.0,-30360.0,3133037.0,4543490.0,22330000.0,56582000.0,100278000.0,right
246293,3481275.0,1631698.0,970878.0,495895.0,3652902.0,3719483.0,22330000.0,56582000.0,100278000.0,right
246303,3045517.0,2062667.0,1806480.0,62319.0,4054519.0,2863517.0,22330000.0,56582000.0,100278000.0,right
246313,2525959.0,2372726.0,2546311.0,-1130279.0,4130688.0,2184390.0,22330000.0,56582000.0,100278000.0,right
246323,2352374.0,2613350.0,3344801.0,-2357501.0,4092870.0,1905283.0,22330000.0,56582000.0,100278000.0,right
246454,-1963305.0,-656031.0,7751464.0,-3032367.0,3019050.0,2153497.0,22330000.0,56563000.0,100276000.0,right
246464,-2260195.0,-361535.0,7419857.0,-2762847.0,2827830.0,2142311.0,22330000.0,56563000.0,100276000.0,right
246474,-2413428.0,17957.0,7184021.0,-2532742.0,2779891.0,2213153.0,22330000.0,56563000.0,100276000.0,right
246484,-2451737.0,-335198.0,7002056.0,-2436866.0,2725561.0,2255765.0,22330000.0,56563000.0,100276000.0,right
246494,-3190371.0,-913415.0,6980507.0,-2178531.0,2679753.0,2204098.0,22330000.0,56563000.0,100276000.0,right
246504,-3835628.0,-1432973.0,7901106.0,-1706605.0,2709049.0,2141779.0,22330000.0,56563000.0,100276000.0,right
246514,-4467716.0,-1768171.0,8751074.0,-1529766.0,2686678.0,2114081.0,22330000.0,56563000.0,100276000.0,right
246524,-5084242.0,-1878308.0,9422668.0,-1617120.0,2587605.0,2117277.0,22330000.0,56563000.0,100276000.0,right
246534,-5253038.0,-2276955.0,9647730.0,-1634697.0,2514100.0,2147638.0,22330000.0,56563000.0,100276000.0,right
246544,-5151282.0,-1734652.0,9830892.0,-1266105.0,2440062.0,2160954.0,22330000.0,56563000.0,100276000.0,right
246554,-5127339.0,-1019961.0,9493299.0,-1151053.0,2297312.0,2201435.0,22330000.0,56563000.0,100276000.0,right
246574,-4863969.0,5836044.0,15233572.0,-1616587.0,2299975.0,2488533.0,22330000.0,56563000.0,100276000.0,right
246584,-4822069.0,-3595003.0,6696786.0,-4299004.0,2600921.0,2679221.0,22330000.0,56563000.0,100276000.0,right
246594,-6123357.0,-4783760.0,10688042.0,-947048.0,2259494.0,2480543.0,22330000.0,56563000.0,100276000.0,right
246604,-7508445.0,-1424593.0,13550397.0,-184296.0,2043771.0,2661643.0,22330000.0,56563000.0,100276000.0,right
246614,-7983709.0,-4941783.0,11363227.0,-1161706.0,1743890.0,2560973.0,22330000.0,56563000.0,100276000.0,right
246624,-9296968.0,-6008432.0,11803774.0,-218918.0,1449868.0,2468292.0,22330000.0,56563000.0,100276000.0,right
246634,-9232323.0,-2688770.0,12652544.0,429847.0,1049317.0,1931915.0,22330000.0,56563000.0,100276000.0,right
246644,-8353624.0,-3316070.0,12506494.0,-28230.0,514005.0,1553735.0,22330000.0,56563000.0,100276000.0,right
246654,-8235107.0,-4450956.0,10872401.0,-151804.0,222114.0,1357720.0,22330000.0,56563000.0,100276000.0,right
246664,-8199193.0,-3272973.0,10389955.0,562476.0,38350.0,1064231.0,22330000.0,56563000.0,100276000.0,right
246674,-8199193.0,-3272973.0,10389955.0,562476.0,38350.0,1064231.0,22330000.0,56563000.0,100276000.0,right
246684,-8037580.0,-2258998.0,10236721.0,964626.0,-44209.0,792580.0,22330000.0,56563000.0,100276000.0,right
246694,-8373975.0,-1890279.0,9634561.0,1070090.0,13848.0,602425.0,22330000.0,56563000.0,100276000.0,right
246704,-8541575.0,-1059466.0,9608224.0,1270898.0,104399.0,459675.0,22330000.0,56563000.0,100276000.0,right
246714,-9006064.0,-1048692.0,9687235.0,1355590.0,157663.0,504417.0,22330000.0,56563000.0,100276000.0,right
246724,-9348445.0,-1188757.0,9714769.0,1581965.0,115052.0,380843.0,22330000.0,56563000.0,100276000.0,right
246734,-8731919.0,-525543.0,9986519.0,1806210.0,46340.0,233299.0,22330000.0,56563000.0,100276000.0,right
246744,-8375172.0,-393858.0,9998491.0,1799286.0,26099.0,356341.0,22330000.0,56563000.0,100276000.0,right
246754,-8655303.0,-433363.0,9820117.0,1832843.0,-17044.0,398420.0,22330000.0,56563000.0,100276000.0,right
246764,-8382355.0,249004.0,9895537.0,1945764.0,-50601.0,230636.0,22330000.0,56563000.0,100276000.0,right
246774,-8256656.0,594977.0,9563930.0,1718323.0,1597.0,192286.0,22330000.0,56563000.0,100276000.0,right
246784,-8104619.0,1057072.0,9466962.0,1192599.0,122509.0,246083.0,22330000.0,56563000.0,100276000.0,right
246794,-8870787.0,262173.0,8083071.0,616274.0,190688.0,414933.0,22330000.0,56563000.0,100276000.0,right
246804,-9341262.0,323227.0,7841249.0,787254.0,160327.0,318523.0,22330000.0,56563000.0,100276000.0,right
246814,-9441822.0,454912.0,7702381.0,907632.0,45275.0,239691.0,22330000.0,56563000.0,100276000.0,right
246824,-9030007.0,488432.0,7928640.0,1008835.0,34089.0,228506.0,22330000.0,56563000.0,100276000.0,right
246834,-9116201.0,545894.0,7837658.0,954505.0,27697.0,268454.0,22330000.0,56563000.0,100276000.0,right
246844,-8581080.0,908627.0,8262642.0,971550.0,-18642.0,136357.0,22330000.0,56563000.0,100276000.0,right
246854,-8752271.0,555471.0,7424645.0,738250.0,-144880.0,140086.0,22330000.0,56563000.0,100276000.0,right
246864,-9132960.0,488432.0,6772206.0,922546.0,-205602.0,-23969.0,22330000.0,56563000.0,100276000.0,right
246874,-7982511.0,1465296.0,7549148.0,1119094.0,-225842.0,-272715.0,22330000.0,56563000.0,100276000.0,right
246884,-7085856.0,1932179.0,8199193.0,744109.0,-175773.0,-151272.0,22330000.0,56563000.0,100276000.0,right
246894,-8924659.0,500403.0,6097020.0,416531.0,-213591.0,43144.0,22330000.0,56563000.0,100276000.0,right
246904,-8042368.0,1690357.0,7558725.0,1196860.0,-286032.0,-374984.0,22330000.0,56563000.0,100276000.0,right
246915,-6687209.0,2371529.0,8213559.0,966224.0,-292423.0,-417063.0,22330000.0,56563000.0,100276000.0,right
246924,-7219935.0,1928588.0,7365986.0,501222.0,-310001.0,-134760.0,22330000.0,56563000.0,100276000.0,right
246934,-7010436.0,1884294.0,7239089.0,407475.0,-390963.0,-113454.0,22330000.0,56563000.0,100276000.0,right
246944,-6536370.0,2106961.0,7148107.0,417596.0,-436771.0,-239691.0,22330000.0,56563000.0,100276000.0,right
246954,-6267014.0,1857957.0,6787768.0,336633.0,-480981.0,-251410.0,22330000.0,56563000.0,100276000.0,right
246965,-6476513.0,1585009.0,6250254.0,517734.0,-502820.0,-272715.0,22330000.0,56563000.0,100276000.0,right
246974,-6385530.0,1630501.0,6603409.0,776601.0,-548627.0,-269520.0,22330000.0,56563000.0,100276000.0,right
246984,-6762628.0,1301288.0,6401093.0,838388.0,-603490.0,-205069.0,22330000.0,56563000.0,100276000.0,right
246994,-7142121.0,1186363.0,6338842.0,1066894.0,-658886.0,-270052.0,22330000.0,56563000.0,100276000.0,right
247004,-6699180.0,1658035.0,7091841.0,1183544.0,-692975.0,-398953.0,22330000.0,56563000.0,100276000.0,right
247015,-6929031.0,1456916.0,6639323.0,963560.0,-682322.0,-389365.0,22330000.0,56563000.0,100276000.0,right
247024,-6949382.0,1330019.0,6616578.0,997117.0,-691377.0,-431977.0,22330000.0,56563000.0,100276000.0,right
247034,-6861991.0,1265374.0,6694392.0,1039196.0,-702030.0,-501222.0,22330000.0,56563000.0,100276000.0,right
247045,-6715940.0,1364736.0,6937411.0,927340.0,-681257.0,-512940.0,22330000.0,56563000.0,100276000.0,right
247055,-7017619.0,1446141.0,6518412.0,589109.0,-592837.0,-458077.0,22330000.0,56563000.0,100276000.0,right
247065,-7108601.0,1533532.0,6137723.0,568335.0,-519332.0,-604023.0,22330000.0,56563000.0,100276000.0,right
247075,-6658478.0,1823240.0,6222720.0,743044.0,-495362.0,-790450.0,22330000.0,56563000.0,100276000.0,right
247085,-6536370.0,1962108.0,6217931.0,772340.0,-470861.0,-763285.0,22330000.0,56563000.0,100276000.0,right
247095,-6812908.0,2036330.0,5906675.0,705226.0,-439434.0,-666875.0,22330000.0,56563000.0,100276000.0,right
247105,-6589044.0,2127313.0,6164060.0,784591.0,-386702.0,-749968.0,22330000.0,56563000.0,100276000.0,right
247115,-6237085.0,2120130.0,6249057.0,791515.0,-333970.0,-876739.0,22330000.0,56563000.0,100276000.0,right
247125,-6256239.0,2181184.0,6390319.0,791515.0,-287097.0,-920949.0,22330000.0,56563000.0,100276000.0,right
247135,-6302928.0,2238646.0,6471724.0,707357.0,-225310.0,-922014.0,22330000.0,56563000.0,100276000.0,right
247145,-6421444.0,2136890.0,6404684.0,707889.0,-190155.0,-981138.0,22330000.0,56563000.0,100276000.0,right
247155,-6526792.0,2261392.0,6654886.0,808027.0,-213591.0,-1078080.0,22330000.0,56563000.0,100276000.0,right
247165,-6592635.0,2408640.0,6668055.0,769676.0,-196014.0,-1135073.0,22330000.0,56563000.0,100276000.0,right
247175,-6199974.0,2509199.0,6756643.0,681789.0,-133694.0,-1164369.0,22330000.0,56563000.0,100276000.0,right
247185,-5982095.0,2692361.0,6666857.0,464469.0,-53264.0,-1037599.0,22330000.0,56563000.0,100276000.0,right
247195,-5664854.0,3032348.0,6188003.0,302544.0,37285.0,-922014.0,22330000.0,56563000.0,100276000.0,right
247205,-5154873.0,3307690.0,5869564.0,320121.0,104931.0,-813886.0,22330000.0,56563000.0,100276000.0,right
247215,-5460143.0,3165231.0,5685205.0,532648.0,136890.0,-708422.0,22330000.0,56563000.0,100276000.0,right
247225,-5091425.0,2988054.0,6027586.0,665810.0,179502.0,-663679.0,22330000.0,56563000.0,100276000.0,right
247235,-5917449.0,2660039.0,5697176.0,676463.0,262062.0,-610415.0,22330000.0,56563000.0,100276000.0,right
247245,-5636122.0,2788132.0,6342433.0,834127.0,362733.0,-739315.0,22330000.0,56563000.0,100276000.0,right
247255,-5595420.0,2846792.0,6738686.0,865553.0,460740.0,-797374.0,22330000.0,56563000.0,100276000.0,right
247265,-5326064.0,3038334.0,7541965.0,927873.0,433575.0,-786721.0,22330000.0,56563000.0,100276000.0,right
247275,-5487677.0,3166428.0,7672453.0,844780.0,435706.0,-703628.0,22330000.0,56563000.0,100276000.0,right
247285,-5406272.0,3041926.0,7697593.0,874608.0,435706.0,-739315.0,22330000.0,56563000.0,100276000.0,right
247295,-5539154.0,2768978.0,7921457.0,986997.0,357407.0,-768611.0,22330000.0,56563000.0,100276000.0,right
247305,-5418243.0,2779752.0,8253064.0,976344.0,272715.0,-735054.0,22330000.0,56563000.0,100276000.0,right
247315,-5503240.0,2606168.0,7861601.0,745707.0,297750.0,-624796.0,22330000.0,56563000.0,100276000.0,right
247325,-5423032.0,2553493.0,7773012.0,670604.0,372321.0,-611480.0,22330000.0,56563000.0,100276000.0,right
247335,-5279375.0,2575042.0,7752661.0,671136.0,361668.0,-651428.0,22330000.0,56563000.0,100276000.0,right
247345,-5212336.0,2598985.0,7773012.0,814951.0,216787.0,-655690.0,22330000.0,56563000.0,100276000.0,right
247355,-5189590.0,2391880.0,8023214.0,979007.0,62319.0,-559280.0,22330000.0,56563000.0,100276000.0,right
247365,-5524788.0,2382303.0,7922655.0,994454.0,-64450.0,-470328.0,22330000.0,56563000.0,100276000.0,right
247375,-5543943.0,2413428.0,8092648.0,1136671.0,-197079.0,-531050.0,22330000.0,56563000.0,100276000.0,right
247385,-5116565.0,2598985.0,8492492.0,1300194.0,-389898.0,-615208.0,22330000.0,56563000.0,100276000.0,right
247395,-5226701.0,2631307.0,8266233.0,1263974.0,-472459.0,-543833.0,22330000.0,56563000.0,100276000.0,right
247405,-5288952.0,2642082.0,8411087.0,1285280.0,-474589.0,-547029.0,22310000.0,56539000.0,100286000.0,right
247415,-5367963.0,2487651.0,8367990.0,1202187.0,-492699.0,-578456.0,22310000.0,56539000.0,100286000.0,right
247425,-5399089.0,2358360.0,8165673.0,1127083.0,-469263.0,-614676.0,22310000.0,56539000.0,100286000.0,right
247435,-5083045.0,2451737.0,8092648.0,992856.0,-375517.0,-624796.0,22310000.0,56539000.0,100286000.0,right
247445,-4928614.0,2579831.0,7944203.0,840519.0,-271118.0,-547562.0,22310000.0,56539000.0,100286000.0,right
247455,-4798126.0,2722290.0,8018426.0,816017.0,-205069.0,-477785.0,22310000.0,56539000.0,100286000.0,right
247465,-4622147.0,2809681.0,8219545.0,821876.0,-171512.0,-413335.0,22310000.0,56539000.0,100286000.0,right
247475,-4600598.0,3037137.0,8338061.0,780329.0,-164588.0,-319589.0,22310000.0,56539000.0,100286000.0,right
247485,-4212726.0,3434587.0,8367990.0,665277.0,-144347.0,-222114.0,22310000.0,56539000.0,100286000.0,right
247495,-4143292.0,3548315.0,8257853.0,528387.0,-100670.0,-108660.0,22310000.0,56539000.0,100286000.0,right
247505,-4364762.0,3264593.0,8081874.0,615741.0,-152337.0,-44742.0,22310000.0,56539000.0,100286000.0,right
247585,-5300924.0,2218295.0,9657307.0,1009901.0,-670604.0,619470.0,22310000.0,56539000.0,100286000.0,right
247595,-4411451.0,3001223.0,9416682.0,593902.0,-576858.0,531583.0,22310000.0,56539000.0,100286000.0,right
247605,-4416239.0,3098191.0,8915081.0,264726.0,-443696.0,562476.0,22310000.0,56539000.0,100286000.0,right
247615,-4101392.0,3265790.0,8798959.0,236495.0,-396823.0,554486.0,22310000.0,56539000.0,100286000.0,right
247625,-3906259.0,3269382.0,8876773.0,275379.0,-334503.0,566737.0,22310000.0,56539000.0,100286000.0,right
247635,-3699154.0,3198751.0,8961770.0,156065.0,-290826.0,608817.0,22310000.0,56539000.0,100286000.0,right
247645,-3644086.0,3092205.0,8961770.0,15446.0,-239159.0,704693.0,22310000.0,56539000.0,100286000.0,right
247655,-4137306.0,3047911.0,8907899.0,-44742.0,-151804.0,766480.0,22310000.0,56539000.0,100286000.0,right
247666,-3882316.0,2831229.0,9013247.0,-90017.0,-18642.0,817082.0,22310000.0,56539000.0,100286000.0,right
247675,-4482082.0,2444554.0,9171269.0,-105997.0,28230.0,874075.0,22310000.0,56539000.0,100286000.0,right
247686,-4334834.0,2421808.0,9354431.0,-146478.0,91615.0,851704.0,22310000.0,56539000.0,100286000.0,right
247696,-4389902.0,2548705.0,9348445.0,-303609.0,138488.0,791515.0,22310000.0,56539000.0,100286000.0,right
247706,-4227092.0,2402654.0,9238309.0,-500156.0,241289.0,749436.0,22310000.0,56539000.0,100286000.0,right
247716,-4227092.0,2402654.0,9238309.0,-500156.0,241289.0,749436.0,22310000.0,56539000.0,100286000.0,right
247726,-4143292.0,2470891.0,9255068.0,-563009.0,290293.0,776068.0,22310000.0,56539000.0,100286000.0,right
247736,-3833233.0,2645673.0,9387951.0,-580586.0,264726.0,790982.0,22310000.0,56539000.0,100286000.0,right
247746,-3743448.0,2492439.0,9379571.0,-618937.0,287097.0,825072.0,22310000.0,56539000.0,100286000.0,right
247756,-3651268.0,2628913.0,9308940.0,-592837.0,339829.0,887924.0,22310000.0,56539000.0,100286000.0,right
247766,-3557892.0,3045517.0,9403513.0,-531583.0,360602.0,915089.0,22310000.0,56539000.0,100286000.0,right
247776,-3470501.0,3329239.0,9816526.0,-553421.0,401616.0,991258.0,22310000.0,56539000.0,100286000.0,right
247786,-3731477.0,3068263.0,10209187.0,-744642.0,495362.0,1149455.0,22310000.0,56539000.0,100286000.0,right
247796,-3561483.0,2859961.0,10592271.0,-1000846.0,567803.0,1301259.0,22310000.0,56539000.0,100286000.0,right
247806,-3803305.0,2634899.0,10751490.0,-1247995.0,592304.0,1399267.0,22310000.0,56539000.0,100286000.0,right
247816,-3665634.0,2305686.0,10881978.0,-1439215.0,636514.0,1379026.0,22310000.0,56539000.0,100286000.0,right
247826,-3784151.0,2162030.0,10956201.0,-1483425.0,679126.0,1387016.0,22310000.0,56539000.0,100286000.0,right
247836,-3931399.0,2020767.0,10992115.0,-1423769.0,733456.0,1415779.0,22310000.0,56539000.0,100286000.0,right
247846,-4221106.0,1642472.0,11014860.0,-1398734.0,715879.0,1404061.0,22310000.0,56539000.0,100286000.0,right
247946,-4461730.0,1502407.0,9526819.0,-1747619.0,303076.0,1106310.0,22310000.0,56539000.0,100286000.0,right
247956,-4435393.0,1555081.0,9335277.0,-1569714.0,264726.0,989660.0,22310000.0,56539000.0,100286000.0,right
247966,-4350397.0,1559869.0,9207183.0,-1393408.0,223712.0,888990.0,22310000.0,56539000.0,100286000.0,right
247976,-4346805.0,1470084.0,9112609.0,-1240005.0,207732.0,787786.0,22310000.0,56539000.0,100286000.0,right
247986,-4267794.0,1546701.0,9146129.0,-1141465.0,169382.0,672734.0,22310000.0,56539000.0,100286000.0,right
247996,-4186389.0,1617332.0,9124580.0,-1114300.0,130498.0,585380.0,22310000.0,56539000.0,100286000.0,right
248006,-4310891.0,1501210.0,9020430.0,-1095657.0,177371.0,498558.0,22310000.0,56539000.0,100286000.0,right
248017,-4176812.0,1834014.0,8997684.0,-1081276.0,278575.0,351547.0,22310000.0,56539000.0,100286000.0,right
248026,-4016395.0,2405048.0,9089864.0,-1111104.0,322252.0,302011.0,22310000.0,56539000.0,100286000.0,right
248036,-3715914.0,2250618.0,9204789.0,-1258648.0,359004.0,396823.0,22310000.0,56539000.0,100286000.0,right
248046,-3697957.0,2159635.0,9116201.0,-1402995.0,372321.0,428781.0,22310000.0,56539000.0,100286000.0,right
248056,-3720702.0,2287729.0,8994093.0,-1438150.0,345688.0,407475.0,22310000.0,56539000.0,100286000.0,right
248066,-3681197.0,2317657.0,8816916.0,-1385951.0,333437.0,378712.0,22310000.0,56539000.0,100286000.0,right
248076,-3660846.0,2223084.0,8630163.0,-1300194.0,313197.0,344623.0,22310000.0,56539000.0,100286000.0,right
248086,-3634509.0,2135693.0,8490098.0,-1190469.0,289760.0,294554.0,22310000.0,56539000.0,100286000.0,right
248096,-3541132.0,2175198.0,8418269.0,-1069557.0,273248.0,240224.0,22310000.0,56539000.0,100286000.0,right
248106,-3322056.0,2249421.0,8418269.0,-989128.0,288162.0,186426.0,22310000.0,56539000.0,100286000.0,right
248116,-3274170.0,2290123.0,8570306.0,-957169.0,296152.0,170447.0,22310000.0,56539000.0,100286000.0,right
248126,-3159245.0,1994430.0,8722342.0,-1050915.0,364864.0,212526.0,22310000.0,56539000.0,100286000.0,right
248136,-3062277.0,2051893.0,8840859.0,-1160640.0,447957.0,241822.0,22310000.0,56539000.0,100286000.0,right
248146,-2864749.0,2302095.0,8862407.0,-1206981.0,449022.0,272715.0,22310000.0,56539000.0,100286000.0,right
248156,-2846792.0,2463708.0,8856422.0,-1203252.0,418128.0,356874.0,22310000.0,56539000.0,100286000.0,right
248166,-2873129.0,2302095.0,8973741.0,-1233613.0,425053.0,457012.0,22310000.0,56539000.0,100286000.0,right
248176,-2937775.0,2153650.0,9140143.0,-1235744.0,444228.0,512407.0,22310000.0,56539000.0,100286000.0,right
248186,-3027560.0,2232661.0,9280208.0,-1159042.0,451685.0,596033.0,22310000.0,56539000.0,100286000.0,right
248196,-3120937.0,2140481.0,9462173.0,-1113767.0,433043.0,724934.0,22310000.0,56539000.0,100286000.0,right
248206,-3308887.0,1948939.0,9537593.0,-1105778.0,424520.0,853302.0,22310000.0,56539000.0,100286000.0,right
248216,-3598594.0,1732257.0,9549564.0,-1106843.0,435706.0,937461.0,22310000.0,56539000.0,100286000.0,right
248226,-3818868.0,1599375.0,9555550.0,-1090863.0,455414.0,1004042.0,22310000.0,56539000.0,100286000.0,right
248236,-3992453.0,1442550.0,9551959.0,-1057839.0,435706.0,1053045.0,22310000.0,56539000.0,100286000.0,right
248246,-4119349.0,1361145.0,9547170.0,-1033337.0,390963.0,1081808.0,22310000.0,56539000.0,100286000.0,right
248256,-4277371.0,1444944.0,9474145.0,-1015760.0,319589.0,1103114.0,22310000.0,56539000.0,100286000.0,right
248266,-4461730.0,1365933.0,9353234.0,-1041327.0,225310.0,1119094.0,22310000.0,56539000.0,100286000.0,right
248276,-4708341.0,1134886.0,9179649.0,-1071688.0,175773.0,1137204.0,22310000.0,56539000.0,100286000.0,right
248286,-4789746.0,1107352.0,9086272.0,-1041327.0,158196.0,1111104.0,22310000.0,56539000.0,100286000.0,right
248296,-4834040.0,1102563.0,8978530.0,-965691.0,120378.0,1070090.0,22310000.0,56539000.0,100286000.0,right
248307,-4920234.0,1136083.0,8838465.0,-916155.0,86821.0,1073819.0,22310000.0,56539000.0,100286000.0,right
248317,-4892700.0,1122914.0,8735511.0,-949712.0,68178.0,1098853.0,22310000.0,56539000.0,100286000.0,right
248507,-4682004.0,451320.0,8266233.0,-507613.0,113986.0,591772.0,22250000.0,56458000.0,100292000.0,right
248517,-4713129.0,387872.0,8271022.0,-495362.0,135825.0,617339.0,22250000.0,56458000.0,100292000.0,right
248527,-4719115.0,421392.0,8278204.0,-460740.0,148608.0,612545.0,22250000.0,56458000.0,100292000.0,right
248537,-4701158.0,457306.0,8314118.0,-406410.0,160859.0,592304.0,22250000.0,56458000.0,100292000.0,right
248547,-4704749.0,526740.0,8359610.0,-375517.0,181633.0,581652.0,22250000.0,56458000.0,100292000.0,right
248557,-4726298.0,614131.0,8415875.0,-350482.0,195481.0,577390.0,22250000.0,56458000.0,100292000.0,right
248567,-4776578.0,659622.0,8454184.0,-352613.0,208265.0,575792.0,22250000.0,56458000.0,100292000.0,right
248577,-4790943.0,662016.0,8488901.0,-405345.0,221049.0,580054.0,22250000.0,56458000.0,100292000.0,right
248587,-4840026.0,681171.0,8490098.0,-432510.0,219451.0,563541.0,22250000.0,56458000.0,100292000.0,right
248597,-4933403.0,736239.0,8476929.0,-412269.0,205069.0,528387.0,22250000.0,56458000.0,100292000.0,right
248607,-5016005.0,784124.0,8447001.0,-392029.0,178437.0,496960.0,22250000.0,56458000.0,100292000.0,right
248617,-5071073.0,881093.0,8429044.0,-381376.0,151804.0,474057.0,22250000.0,56458000.0,100292000.0,right
248627,-5090228.0,938555.0,8402707.0,-371788.0,141684.0,450087.0,22250000.0,56458000.0,100292000.0,right
248637,-5073468.0,993624.0,8379961.0,-368592.0,141151.0,425586.0,22250000.0,56458000.0,100292000.0,right
248647,-5075862.0,1070240.0,8348835.0,-368060.0,145945.0,404280.0,22250000.0,56458000.0,100292000.0,right
248657,-5057905.0,1094183.0,8318907.0,-347819.0,141151.0,386702.0,22250000.0,56458000.0,100292000.0,right
248667,-5103396.0,1116929.0,8303344.0,-315860.0,114519.0,379245.0,22250000.0,56458000.0,100292000.0,right
248677,-5172830.0,1084606.0,8271022.0,-294554.0,80429.0,380843.0,22250000.0,56458000.0,100292000.0,right
248687,-5290150.0,1004398.0,8112999.0,-283368.0,50068.0,371255.0,22250000.0,56458000.0,100292000.0,right
248697,-5448172.0,975666.0,7998074.0,-304142.0,23436.0,348352.0,22250000.0,56458000.0,100292000.0,right
248707,-5520000.0,1029538.0,7896318.0,-403214.0,54862.0,324382.0,22250000.0,56458000.0,100292000.0,right
248717,-5510423.0,1145660.0,7759844.0,-505483.0,142217.0,309468.0,22250000.0,56458000.0,100292000.0,right
248727,-5461340.0,1211503.0,7629356.0,-612012.0,177904.0,305740.0,22250000.0,56458000.0,100292000.0,right
248737,-5389512.0,1122914.0,7498868.0,-690312.0,124639.0,316925.0,22250000.0,56458000.0,100292000.0,right
248747,-5402680.0,1041509.0,7492882.0,-637047.0,89484.0,314262.0,22250000.0,56458000.0,100292000.0,right
248757,-5388315.0,1023552.0,7551542.0,-490036.0,107594.0,283368.0,22250000.0,56458000.0,100292000.0,right
248767,-5369161.0,1045100.0,7604216.0,-401084.0,101203.0,250877.0,22250000.0,56458000.0,100292000.0,right
248777,-5389512.0,979258.0,7565908.0,-427183.0,74038.0,218385.0,22250000.0,56458000.0,100292000.0,right
248787,-5389512.0,979258.0,7565908.0,-427183.0,74038.0,218385.0,22250000.0,56458000.0,100292000.0,right
248797,-5418243.0,998412.0,7354014.0,-487373.0,52732.0,214124.0,22250000.0,56458000.0,100292000.0,right
248807,-5523591.0,1004398.0,7095433.0,-463404.0,29295.0,198677.0,22250000.0,56458000.0,100292000.0,right
248818,-5305712.0,1081015.0,7395914.0,-249812.0,122509.0,123574.0,22250000.0,56458000.0,100292000.0,right
248827,-5297332.0,853558.0,6955368.0,-311066.0,16512.0,136890.0,22250000.0,56458000.0,100292000.0,right
248837,-5196773.0,711099.0,7087053.0,-85223.0,-134760.0,105464.0,22250000.0,56458000.0,100292000.0,right
248847,-5066285.0,736239.0,7369577.0,204536.0,-141151.0,38350.0,22250000.0,56458000.0,100292000.0,right
248857,-4922628.0,636877.0,7552739.0,279640.0,-147543.0,31426.0,22250000.0,56458000.0,100292000.0,right
248868,-4855589.0,518360.0,7806532.0,274313.0,-147543.0,59656.0,22250000.0,56458000.0,100292000.0,right
248877,-4910657.0,334001.0,8042368.0,312664.0,-120911.0,98539.0,22250000.0,56458000.0,100292000.0,right
248887,-4983682.0,113728.0,8265036.0,336101.0,-101735.0,149141.0,22250000.0,56458000.0,100292000.0,right
248897,-5151282.0,-80208.0,8413481.0,303609.0,-68711.0,201873.0,22250000.0,56458000.0,100292000.0,right
248907,-5324866.0,-219076.0,8484112.0,249279.0,-23969.0,253540.0,22250000.0,56458000.0,100292000.0,right
248918,-5535563.0,-371112.0,8504463.0,224244.0,-9055.0,298283.0,22250000.0,56458000.0,100292000.0,right
248928,-5643305.0,-537514.0,8496083.0,228506.0,-28763.0,325448.0,22250000.0,56458000.0,100292000.0,right
248938,-5697176.0,-768562.0,8464958.0,248214.0,-68178.0,313197.0,22250000.0,56458000.0,100292000.0,right
248948,-5688796.0,-864333.0,8473338.0,291358.0,-99072.0,274846.0,22250000.0,56458000.0,100292000.0,right
248958,-5599011.0,-858347.0,8549955.0,319589.0,-114519.0,223712.0,22250000.0,56458000.0,100292000.0,right
248968,-5540351.0,-887078.0,8484112.0,306272.0,-177371.0,156065.0,22250000.0,56458000.0,100292000.0,right
248978,-5460143.0,-879895.0,8488901.0,378712.0,-266324.0,73505.0,22250000.0,56458000.0,100292000.0,right
248988,-5320078.0,-855953.0,8646923.0,533181.0,-369125.0,-9055.0,22250000.0,56458000.0,100292000.0,right
248998,-5211138.0,-867924.0,8795368.0,728662.0,-499091.0,-116649.0,22250000.0,56458000.0,100292000.0,right
249008,-5189590.0,-843981.0,8844450.0,885794.0,-583782.0,-227440.0,22250000.0,56458000.0,100292000.0,right
249018,-5273390.0,-810461.0,8813325.0,969420.0,-610947.0,-312131.0,22250000.0,56458000.0,100292000.0,right
249028,-5327261.0,-670396.0,8900716.0,1028543.0,-634916.0,-379778.0,22250000.0,56458000.0,100292000.0,right
249038,-5462537.0,-579414.0,9031204.0,1079145.0,-681257.0,-463936.0,22250000.0,56458000.0,100292000.0,right
249048,-5723513.0,-548288.0,9300560.0,1110571.0,-799505.0,-516136.0,22250000.0,56458000.0,100292000.0,right
249058,-6220325.0,-1007989.0,9397528.0,1115898.0,-997650.0,-506015.0,22250000.0,56458000.0,100292000.0,right
249068,-5247053.0,-780533.0,9738712.0,1258648.0,-1192067.0,-563541.0,22250000.0,56458000.0,100292000.0,right
249078,-6630943.0,-416603.0,9332882.0,1264507.0,-1195795.0,-613078.0,22250000.0,56458000.0,100292000.0,right
249088,-5215927.0,594977.0,10346858.0,1085537.0,-1788100.0,90017.0,22250000.0,56458000.0,100292000.0,right
249098,-3851190.0,1401847.0,10401926.0,1633099.0,-2421952.0,713216.0,22250000.0,56458000.0,100292000.0,right
249108,-4362368.0,602160.0,10170879.0,1404061.0,-2034184.0,793113.0,22250000.0,56458000.0,100292000.0,right
249118,-4419831.0,94573.0,9979337.0,623731.0,-1489817.0,310533.0,22250000.0,56458000.0,100292000.0,right
249128,-4634118.0,184359.0,9889551.0,507613.0,-1186740.0,-312664.0,22250000.0,56458000.0,100292000.0,right
249138,-4705946.0,645257.0,10060742.0,751034.0,-890055.0,-876739.0,22250000.0,56458000.0,100292000.0,right
249148,-4314483.0,1048692.0,10336083.0,839453.0,-746773.0,-1225091.0,22250000.0,56458000.0,100292000.0,right
249158,-4155263.0,1336005.0,10383969.0,718009.0,-682322.0,-1309782.0,22250000.0,56458000.0,100292000.0,right
249168,-4205543.0,1434170.0,10276227.0,609882.0,-639178.0,-1314576.0,22250000.0,56458000.0,100292000.0,right
249178,-4137306.0,1509590.0,10061939.0,567270.0,-616274.0,-1352926.0,22250000.0,56458000.0,100292000.0,right
249188,-4078646.0,1745426.0,9802160.0,555019.0,-594968.0,-1444542.0,22250000.0,56458000.0,100292000.0,right
249198,-4082238.0,2048302.0,9504073.0,561944.0,-573129.0,-1553735.0,22250000.0,56458000.0,100292000.0,right
249208,-4033155.0,2299700.0,9210774.0,570466.0,-557682.0,-1627240.0,22250000.0,56458000.0,100292000.0,right
249218,-3854782.0,2452934.0,9028809.0,578988.0,-548095.0,-1657069.0,22250000.0,56458000.0,100292000.0,right
249228,-3636903.0,2461314.0,8934236.0,591239.0,-543301.0,-1662928.0,22250000.0,56458000.0,100292000.0,right
249238,-3379518.0,2375120.0,8843253.0,604555.0,-546497.0,-1675179.0,22250000.0,56458000.0,100292000.0,right
249248,-3140091.0,2305686.0,8711568.0,590707.0,-542236.0,-1682636.0,22250000.0,56458000.0,100292000.0,right
249258,-2935380.0,2288926.0,8622980.0,554486.0,-519864.0,-1681570.0,22250000.0,56458000.0,100292000.0,right
249268,-2737853.0,2363149.0,8455381.0,502820.0,-499091.0,-1654938.0,22250000.0,56458000.0,100292000.0,right
249278,-2620533.0,2542719.0,8263839.0,446891.0,-486840.0,-1598477.0,22250000.0,56458000.0,100292000.0,right
249288,-2601379.0,2680390.0,8069902.0,386702.0,-478850.0,-1506329.0,22250000.0,56458000.0,100292000.0,right
249298,-2554691.0,2779752.0,7806532.0,335035.0,-487373.0,-1386483.0,22250000.0,56458000.0,100292000.0,right
249308,-2547508.0,2909043.0,7552739.0,326513.0,-496960.0,-1293802.0,22250000.0,56458000.0,100292000.0,right
249318,-2650462.0,3007209.0,7310917.0,333970.0,-480448.0,-1224558.0,22250000.0,56458000.0,100292000.0,right
249328,-2800104.0,3068263.0,7200781.0,345156.0,-461806.0,-1150520.0,22250000.0,56458000.0,100292000.0,right
249338,-2995237.0,3101782.0,7113390.0,369125.0,-446359.0,-1097788.0,22250000.0,56458000.0,100292000.0,right
249348,-3243045.0,3086220.0,7144515.0,395757.0,-402149.0,-1067959.0,22250000.0,56458000.0,100292000.0,right
249358,-3536343.0,3011997.0,7267820.0,402682.0,-333970.0,-1029076.0,22250000.0,56458000.0,100292000.0,right
249368,-3815276.0,2952140.0,7385140.0,406943.0,-261530.0,-1004042.0,22250000.0,56458000.0,100292000.0,right
249378,-4060689.0,2989251.0,7411477.0,446891.0,-215722.0,-1012564.0,22250000.0,56458000.0,100292000.0,right
249388,-4227092.0,2997631.0,7449785.0,507613.0,-171512.0,-1037066.0,22250000.0,56458000.0,100292000.0,right
249398,-4319271.0,2946155.0,7609005.0,566737.0,-145413.0,-1066894.0,22250000.0,56458000.0,100292000.0,right
249408,-4308497.0,2853975.0,7770618.0,634916.0,-142217.0,-1139334.0,22210000.0,56208000.0,100292000.0,right
249418,-4206740.0,2746233.0,8020820.0,703095.0,-108127.0,-1254919.0,22210000.0,56208000.0,100292000.0,right
249428,-4166038.0,2626519.0,8437424.0,777133.0,-90550.0,-1359318.0,22210000.0,56208000.0,100292000.0,right
249438,-4078646.0,2516382.0,8807339.0,851172.0,-112388.0,-1418442.0,22210000.0,56208000.0,100292000.0,right
249448,-3893090.0,2365543.0,9013247.0,912426.0,-147543.0,-1440813.0,22210000.0,56208000.0,100292000.0,right
249458,-3749434.0,2183578.0,9202394.0,963028.0,-152870.0,-1491415.0,22210000.0,56208000.0,100292000.0,right
249468,-3774574.0,1893871.0,9489707.0,1004042.0,-164055.0,-1514319.0,22210000.0,56208000.0,100292000.0,right
249478,-3772179.0,1580221.0,9632167.0,996052.0,-167251.0,-1466913.0,22210000.0,56208000.0,100292000.0,right
249548,-4179206.0,90982.0,8332076.0,588576.0,-454881.0,-1094059.0,22210000.0,56208000.0,100292000.0,right
249559,-4371945.0,-100559.0,8282993.0,625861.0,-493765.0,-1112702.0,22210000.0,56208000.0,100292000.0,right
249569,-4720312.0,-208301.0,8309330.0,671669.0,-485775.0,-1130812.0,22210000.0,56208000.0,100292000.0,right
249579,-5014808.0,-403435.0,8431438.0,677528.0,-422922.0,-1120159.0,22210000.0,56208000.0,100292000.0,right
249589,-5180013.0,-689551.0,8526012.0,658353.0,-364331.0,-1085004.0,22210000.0,56208000.0,100292000.0,right
249599,-5203956.0,-821236.0,8460169.0,619470.0,-278042.0,-1062100.0,22210000.0,56208000.0,100292000.0,right
249609,-5083045.0,-779336.0,8445804.0,559813.0,-189090.0,-1070623.0,22210000.0,56208000.0,100292000.0,right
249619,-4984879.0,-758985.0,8488901.0,531583.0,-217853.0,-1088200.0,22210000.0,56208000.0,100292000.0,right
249629,-4960937.0,-781730.0,8420664.0,502287.0,-212526.0,-1142530.0,22210000.0,56208000.0,100292000.0,right
249639,-4543136.0,-870318.0,8504463.0,514005.0,-239691.0,-1221895.0,22210000.0,56208000.0,100292000.0,right
249649,-4441379.0,-901444.0,8655303.0,548095.0,-270585.0,-1347600.0,22210000.0,56208000.0,100292000.0,right
249659,-4392296.0,-889473.0,8894730.0,528387.0,-255138.0,-1502068.0,22210000.0,56208000.0,100292000.0,right
249669,-4474899.0,-608145.0,9185634.0,514538.0,-306272.0,-1619251.0,22210000.0,56208000.0,100292000.0,right
249679,-4682004.0,-354352.0,9478933.0,499624.0,-352613.0,-1657069.0,22210000.0,56208000.0,100292000.0,right
249689,-4589824.0,-374703.0,9657307.0,485775.0,-433575.0,-1612859.0,22210000.0,56208000.0,100292000.0,right
249699,-4236669.0,-402238.0,9556747.0,434108.0,-535311.0,-1523906.0,22210000.0,56208000.0,100292000.0,right
249709,-3780559.0,-348366.0,9325700.0,373919.0,-577923.0,-1472772.0,22210000.0,56208000.0,100292000.0,right
249739,-2737853.0,-26337.0,9117398.0,227440.0,-535844.0,-1495143.0,22210000.0,56208000.0,100292000.0,right
249749,-2376317.0,-5985.0,9125778.0,265258.0,-576858.0,-1487154.0,22210000.0,56208000.0,100292000.0,right
249759,-1977670.0,93376.0,9000078.0,299348.0,-629057.0,-1472772.0,22210000.0,56208000.0,100292000.0,right
249769,-1672400.0,253793.0,8923461.0,309468.0,-608284.0,-1428562.0,22210000.0,56208000.0,100292000.0,right
249779,-1364736.0,259778.0,9092258.0,310001.0,-508679.0,-1334284.0,22210000.0,56208000.0,100292000.0,right
249789,-1005595.0,326818.0,9398725.0,260465.0,-364331.0,-1224025.0,22210000.0,56208000.0,100292000.0,right
249799,-796096.0,620117.0,9602238.0,173110.0,-210928.0,-1074884.0,22210000.0,56208000.0,100292000.0,right
249809,-525543.0,967286.0,9840469.0,149141.0,-116117.0,-888457.0,22210000.0,56208000.0,100292000.0,right
249819,-486037.0,1395862.0,10152921.0,200275.0,-87354.0,-724934.0,22210000.0,56208000.0,100292000.0,right
249829,-393858.0,1610149.0,10234327.0,220516.0,-147543.0,-523593.0,22210000.0,56208000.0,100292000.0,right
249839,-393858.0,1610149.0,10234327.0,220516.0,-147543.0,-523593.0,22210000.0,56208000.0,100292000.0,right
249849,-228653.0,1822043.0,10158907.0,222114.0,-262595.0,-310533.0,22210000.0,56208000.0,100292000.0,right
249859,-125699.0,2057879.0,10045179.0,192286.0,-311599.0,-178969.0,22210000.0,56208000.0,100292000.0,right
249869,-119713.0,2411034.0,10005674.0,156598.0,-357407.0,-95344.0,22210000.0,56208000.0,100292000.0,right
249879,-150839.0,2861158.0,9988914.0,187492.0,-425586.0,-46873.0,22210000.0,56208000.0,100292000.0,right
249889,-93376.0,3234665.0,10011659.0,272183.0,-501222.0,27697.0,22210000.0,56208000.0,100292000.0,right
249899,-70631.0,3378321.0,9954197.0,356341.0,-599762.0,148076.0,22210000.0,56208000.0,100292000.0,right
249909,-74222.0,3615354.0,9905114.0,409073.0,-687649.0,255138.0,22210000.0,56208000.0,100292000.0,right
249919,-221470.0,3949356.0,10008068.0,420259.0,-721205.0,354743.0,22210000.0,56208000.0,100292000.0,right
249929,-374703.0,4027170.0,10083488.0,421324.0,-716412.0,491634.0,22210000.0,56208000.0,100292000.0,right
249939,-538711.0,4215120.0,10128979.0,429847.0,-713216.0,581119.0,22210000.0,56208000.0,100292000.0,right
249949,-799687.0,4442576.0,10037996.0,459142.0,-698834.0,618937.0,22210000.0,56208000.0,100292000.0,right
249959,-950527.0,4454548.0,9961380.0,502820.0,-639710.0,708954.0,22210000.0,56208000.0,100292000.0,right
249969,-957709.0,4381522.0,10005674.0,551823.0,-574194.0,747838.0,22210000.0,56208000.0,100292000.0,right
249979,-919401.0,4221106.0,9999688.0,609882.0,-548627.0,777133.0,22210000.0,56208000.0,100292000.0,right
249989,-869121.0,4126532.0,9938634.0,635449.0,-534778.0,769676.0,22210000.0,56208000.0,100292000.0,right
249999,-895458.0,4060689.0,9953000.0,640775.0,-510809.0,756360.0,22210000.0,56208000.0,100292000.0,right
250009,-934964.0,3960130.0,10109825.0,608817.0,-486307.0,751566.0,22210000.0,56208000.0,100292000.0,right
250019,-1029538.0,3882316.0,10137359.0,549693.0,-476187.0,720140.0,22210000.0,56208000.0,100292000.0,right
250029,-1261782.0,4134912.0,10073910.0,536376.0,-475122.0,678594.0,22210000.0,56208000.0,100292000.0,right
250149,-1300091.0,3732674.0,9389148.0,-41013.0,-210396.0,780862.0,22210000.0,56208000.0,100292000.0,right
250159,-1511984.0,3829642.0,9453793.0,-100670.0,-182165.0,870347.0,22210000.0,56208000.0,100292000.0,right
250170,-1601769.0,3419024.0,9264646.0,75103.0,-503885.0,875141.0,22210000.0,56208000.0,100292000.0,right
250180,-1723877.0,2970097.0,8594249.0,-158196.0,-388833.0,947581.0,22210000.0,56208000.0,100292000.0,right
250190,-1458113.0,3700351.0,9296968.0,-498026.0,99072.0,838921.0,22210000.0,56208000.0,100292000.0,right
250200,-1216291.0,3120937.0,9354431.0,-200808.0,-165120.0,698834.0,22210000.0,56208000.0,100292000.0,right
250210,-1059466.0,3561483.0,9523227.0,-265258.0,-22371.0,634916.0,22210000.0,56208000.0,100292000.0,right
250220,-1106154.0,3454938.0,10122993.0,12783.0,-286564.0,517201.0,22210000.0,56208000.0,100292000.0,right
250230,-140065.0,3821262.0,15032453.0,-84158.0,-425053.0,619470.0,22210000.0,56208000.0,100292000.0,right
250240,-1152843.0,84996.0,18215642.0,-1200056.0,839986.0,1143596.0,22210000.0,56208000.0,100292000.0,right
250250,-2038724.0,-106545.0,8983318.0,644504.0,-1397136.0,919883.0,22210000.0,56208000.0,100292000.0,right
250260,-1723877.0,1373116.0,9736318.0,259399.0,-1210709.0,521462.0,22210000.0,56208000.0,100292000.0,right
250270,-452517.0,1950136.0,10808953.0,-264726.0,-206667.0,413335.0,22210000.0,56208000.0,100292000.0,right
250280,-272947.0,2472088.0,9088666.0,227973.0,-712683.0,156598.0,22210000.0,56208000.0,100292000.0,right
250290,-251398.0,3013194.0,9112609.0,254073.0,-677528.0,63385.0,22210000.0,56208000.0,100292000.0,right
250300,-541106.0,3039531.0,9141340.0,323317.0,-605621.0,46340.0,22210000.0,56208000.0,100292000.0,right
252804,-3788939.0,8223136.0,9766246.0,1041860.0,960897.0,-569401.0,22170000.0,55126000.0,100288000.0,right
252814,-4163643.0,7750267.0,10163696.0,978475.0,955571.0,-490569.0,22170000.0,55126000.0,100288000.0,right
252824,-4790943.0,7088250.0,10404320.0,1004042.0,1074351.0,-453283.0,22170000.0,55126000.0,100288000.0,right
252834,-4907066.0,6512427.0,10085882.0,1107375.0,1205915.0,-312664.0,22170000.0,55126000.0,100288000.0,right
252844,-5425426.0,6162863.0,10391152.0,1054643.0,1184609.0,-211994.0,22170000.0,55126000.0,100288000.0,right
252854,-5741470.0,5548731.0,10015251.0,1031739.0,1397669.0,-144347.0,22170000.0,55126000.0,100288000.0,right
252864,-5967729.0,5508029.0,9401119.0,822941.0,1466913.0,-35154.0,22170000.0,55126000.0,100288000.0,right
252874,-6791360.0,5525986.0,9076695.0,359004.0,1391810.0,-121976.0,22170000.0,55126000.0,100288000.0,right
252884,-7175641.0,5505634.0,8371581.0,-110258.0,1397136.0,-77766.0,22170000.0,55126000.0,100288000.0,right
252894,-7526402.0,5479297.0,8042368.0,-708422.0,1301259.0,17044.0,22170000.0,55126000.0,100288000.0,right
252904,-8018426.0,5933012.0,7585062.0,-1077014.0,1212840.0,31958.0,22170000.0,55126000.0,100288000.0,right
252914,-7794561.0,5923435.0,7223526.0,-1382222.0,1100984.0,34622.0,22170000.0,55126000.0,100288000.0,right
252924,-7644919.0,5922238.0,7005647.0,-1534559.0,981138.0,-110790.0,22170000.0,55126000.0,100288000.0,right
252934,-7605413.0,5873155.0,6820091.0,-1483958.0,926808.0,-369125.0,22170000.0,55126000.0,100288000.0,right
252944,-7178035.0,5788159.0,6563904.0,-1272496.0,884728.0,-619470.0,22170000.0,55126000.0,100288000.0,right
252954,-6711152.0,5614574.0,6657280.0,-1093527.0,759023.0,-902306.0,22170000.0,55126000.0,100288000.0,right
252964,-6290956.0,5330852.0,6885934.0,-931069.0,641308.0,-1189936.0,22170000.0,55126000.0,100288000.0,right
252974,-5676825.0,5160859.0,7020013.0,-790982.0,543833.0,-1448803.0,22170000.0,55126000.0,100288000.0,right
252984,-5180013.0,5168041.0,7114587.0,-681257.0,438369.0,-1637361.0,22170000.0,55126000.0,100288000.0,right
252994,-4824463.0,5180013.0,7138530.0,-584847.0,345156.0,-1796090.0,22170000.0,55126000.0,100288000.0,right
253004,-4392296.0,5259024.0,7046350.0,-429314.0,242355.0,-1943101.0,22170000.0,55126000.0,100288000.0,right
253014,-4015198.0,5360781.0,6994873.0,-296152.0,125705.0,-2043239.0,22170000.0,55126000.0,100288000.0,right
253024,-4015198.0,5360781.0,6994873.0,-296152.0,125705.0,-2043239.0,22170000.0,55126000.0,100288000.0,right
253034,-3852388.0,5563097.0,6906285.0,-210928.0,49003.0,-2105026.0,22170000.0,55126000.0,100288000.0,right
253044,-3749434.0,5709148.0,6733897.0,-215189.0,26632.0,-2206229.0,22170000.0,55126000.0,100288000.0,right
253054,-3597397.0,5929421.0,6526792.0,-302011.0,47938.0,-2258429.0,22170000.0,55126000.0,100288000.0,right
253064,-3515992.0,6156877.0,6470527.0,-461806.0,62319.0,-2269082.0,22170000.0,55126000.0,100288000.0,right
253074,-3354378.0,6263422.0,6369967.0,-543301.0,114519.0,-2181195.0,22170000.0,55126000.0,100288000.0,right
253084,-3130514.0,6193988.0,6202368.0,-494830.0,159261.0,-2103961.0,22170000.0,55126000.0,100288000.0,right
253094,-3016786.0,6125751.0,6056317.0,-410671.0,168316.0,-2038445.0,22170000.0,55126000.0,100288000.0,right
253104,-2867143.0,6136526.0,5983292.0,-353145.0,157131.0,-1982517.0,22170000.0,55126000.0,100288000.0,right
253114,-2761795.0,6173637.0,5921041.0,-292423.0,147543.0,-1935644.0,22170000.0,55126000.0,100288000.0,right
253124,-2703136.0,6120963.0,5919844.0,-243952.0,114519.0,-1910609.0,22170000.0,55126000.0,100288000.0,right
253134,-2662433.0,6007235.0,5947378.0,-197079.0,63385.0,-1892499.0,22170000.0,55126000.0,100288000.0,right
253144,-2676799.0,5955758.0,5967729.0,-103333.0,15446.0,-1858410.0,22170000.0,55126000.0,100288000.0,right
253154,-2631307.0,6009629.0,5848016.0,4261.0,-15979.0,-1837104.0,22170000.0,55126000.0,100288000.0,right
253164,-2639687.0,5930618.0,5753442.0,98539.0,-49003.0,-1814200.0,22170000.0,55126000.0,100288000.0,right
253174,-2630110.0,5837241.0,5619362.0,183763.0,-89484.0,-1776914.0,22170000.0,55126000.0,100288000.0,right
253184,-2584619.0,5822876.0,5529577.0,242887.0,-177904.0,-1764131.0,22170000.0,55126000.0,100288000.0,right
253194,-2626519.0,5864775.0,5401483.0,320121.0,-212526.0,-1726313.0,22170000.0,55126000.0,100288000.0,right
253204,-2699544.0,5924632.0,5213533.0,403747.0,-219983.0,-1646948.0,22170000.0,55126000.0,100288000.0,right
253214,-2833624.0,5982095.0,5124945.0,458077.0,-232767.0,-1527635.0,22170000.0,55126000.0,100288000.0,right
253224,-2828835.0,6259831.0,4911854.0,496960.0,-197612.0,-1331088.0,22170000.0,55126000.0,100288000.0,right
253234,-2791724.0,6296942.0,4859180.0,401084.0,-153402.0,-1139867.0,22170000.0,55126000.0,100288000.0,right
253244,-2935380.0,6355602.0,4947768.0,298283.0,-85756.0,-1018956.0,22170000.0,55126000.0,100288000.0,right
253254,-3243045.0,6374756.0,5092622.0,236495.0,6924.0,-954505.0,22170000.0,55126000.0,100288000.0,right
253264,-3517189.0,6222720.0,5231490.0,257801.0,74038.0,-880467.0,22170000.0,55126000.0,100288000.0,right
253274,-3676408.0,6338842.0,5346415.0,393094.0,60189.0,-810690.0,22170000.0,55126000.0,100288000.0,right
253284,-3876330.0,6440599.0,5419440.0,516668.0,51134.0,-785123.0,22170000.0,55126000.0,100288000.0,right
253294,-4005621.0,6451373.0,5502043.0,633851.0,59123.0,-739315.0,22170000.0,55126000.0,100288000.0,right
253304,-3996044.0,6462147.0,5496057.0,796841.0,42079.0,-679659.0,22170000.0,55126000.0,100288000.0,right
253315,-3951750.0,6514821.0,5493663.0,949179.0,13316.0,-642906.0,22170000.0,55126000.0,100288000.0,right
253325,-3982876.0,6773403.0,5497254.0,989660.0,4793.0,-598696.0,22170000.0,55126000.0,100288000.0,right
253335,-4102589.0,7166064.0,5739076.0,961430.0,-68711.0,-549693.0,22170000.0,55126000.0,100288000.0,right
253345,-4478490.0,7696396.0,6061106.0,977409.0,-107594.0,-513473.0,22170000.0,55126000.0,100288000.0,right
253355,-4904671.0,8415875.0,6322082.0,1032805.0,-83625.0,-451153.0,22170000.0,55126000.0,100288000.0,right
253365,-5211138.0,9123383.0,6535172.0,1124953.0,-57526.0,-391496.0,22170000.0,55126000.0,100288000.0,right
253375,-5291347.0,9457385.0,6581861.0,1278356.0,-27697.0,-320654.0,22170000.0,55126000.0,100288000.0,right
253385,-5090228.0,9322108.0,6622563.0,1532961.0,-28230.0,-207200.0,22170000.0,55126000.0,100288000.0,right
253395,-4716721.0,9015641.0,6866779.0,1827516.0,-48471.0,-34089.0,22170000.0,55126000.0,100288000.0,right
253405,-4516799.0,8700794.0,7453377.0,1954819.0,-53264.0,146478.0,22170000.0,55126000.0,100288000.0,right
253415,-4525179.0,8518829.0,7856812.0,1945764.0,9587.0,329709.0,22170000.0,54745000.0,100288000.0,right
253425,-4495250.0,8505660.0,8019623.0,1874389.0,101735.0,577390.0,22170000.0,54745000.0,100288000.0,right
253435,-4450956.0,8548757.0,8124971.0,1770523.0,181100.0,896979.0,22170000.0,54745000.0,100288000.0,right
253445,-4510813.0,8423058.0,8200390.0,1684234.0,233299.0,1249060.0,22170000.0,54745000.0,100288000.0,right
253455,-4763409.0,8152505.0,8175251.0,1588357.0,271118.0,1616055.0,22170000.0,54745000.0,100288000.0,right
253465,-5369161.0,7781392.0,8190813.0,1440281.0,308936.0,1956950.0,22170000.0,54745000.0,100288000.0,right
253475,-6178425.0,7381548.0,8183631.0,1217634.0,348352.0,2264288.0,22170000.0,54745000.0,100288000.0,right
253485,-6966142.0,7107404.0,8071100.0,943852.0,414400.0,2545526.0,22170000.0,54745000.0,100288000.0,right
253495,-7841249.0,6883539.0,7782590.0,631188.0,504950.0,2806524.0,22170000.0,54745000.0,100288000.0,right
253505,-8266233.0,6463344.0,7544359.0,174708.0,541703.0,3045683.0,22170000.0,54745000.0,100288000.0,right
253515,-8706780.0,6233494.0,7300143.0,-190155.0,552356.0,3118123.0,22170000.0,54745000.0,100288000.0,right
253525,-9061132.0,6034769.0,6923045.0,-358472.0,550758.0,3073381.0,22170000.0,54745000.0,100288000.0,right
253535,-9258660.0,5754639.0,6480104.0,-381376.0,501754.0,2956198.0,22170000.0,54745000.0,100288000.0,right
253545,-9459779.0,5528380.0,5976109.0,-303076.0,407475.0,2766042.0,22170000.0,54745000.0,100288000.0,right
253555,-9646532.0,5247053.0,5457749.0,-197612.0,260465.0,2487467.0,22170000.0,54745000.0,100288000.0,right
253565,-9833286.0,4861574.0,5068679.0,-71374.0,38350.0,2170542.0,22170000.0,54745000.0,100288000.0,right
253575,-10005674.0,4478490.0,4738269.0,70309.0,-124107.0,1863736.0,22170000.0,54745000.0,100288000.0,right
253585,-9816526.0,4282160.0,4320468.0,270585.0,-301478.0,1572377.0,22170000.0,54745000.0,100288000.0,right
253595,-9605830.0,3987664.0,4211529.0,437304.0,-558748.0,1176620.0,22170000.0,54745000.0,100288000.0,right
253605,-9419076.0,3780559.0,4204346.0,629590.0,-747305.0,785656.0,22170000.0,54745000.0,100288000.0,right
253615,-8885153.0,3884710.0,4149278.0,881533.0,-874608.0,466067.0,22170000.0,54745000.0,100288000.0,right
253625,-8346441.0,4036747.0,4241457.0,1088200.0,-1016293.0,108660.0,22170000.0,54745000.0,100288000.0,right
253635,-7796955.0,4210332.0,4330045.0,1220297.0,-1108973.0,-217320.0,22170000.0,54745000.0,100288000.0,right
253645,-7304932.0,4361171.0,4512010.0,1221895.0,-1172359.0,-490569.0,22170000.0,54745000.0,100288000.0,right
253655,-6857202.0,4659258.0,4492856.0,1216568.0,-1228819.0,-688181.0,22170000.0,54745000.0,100288000.0,right
253665,-6469330.0,4923825.0,4412648.0,1202187.0,-1293802.0,-842117.0,22170000.0,54745000.0,100288000.0,right
253675,-6216734.0,5172830.0,4297723.0,1126551.0,-1338012.0,-960364.0,22170000.0,54745000.0,100288000.0,right
253685,-5950969.0,5372752.0,4167235.0,1038664.0,-1367840.0,-1025348.0,22170000.0,54745000.0,100288000.0,right
253695,-5661262.0,5522394.0,4018790.0,1004574.0,-1383287.0,-1058372.0,22170000.0,54745000.0,100288000.0,right
253705,-5493663.0,5628939.0,3775771.0,990725.0,-1380624.0,-1083939.0,22170000.0,54745000.0,100288000.0,right
253715,-5348809.0,5707950.0,3523175.0,983268.0,-1358785.0,-1077014.0,22170000.0,54745000.0,100288000.0,right
253725,-5219518.0,5757033.0,3335224.0,974746.0,-1314576.0,-1049849.0,22170000.0,54745000.0,100288000.0,right
253735,-5152479.0,5848016.0,3177202.0,944385.0,-1237874.0,-1014162.0,22170000.0,54745000.0,100288000.0,right
253745,-5075862.0,5953364.0,3085022.0,901241.0,-1135606.0,-962495.0,22170000.0,54745000.0,100288000.0,right
253755,-5011217.0,6099414.0,3045517.0,852237.0,-1015760.0,-899110.0,22170000.0,54745000.0,100288000.0,right
253765,-4964528.0,6237085.0,3095797.0,753697.0,-883130.0,-815484.0,22170000.0,54745000.0,100288000.0,right
253775,-4820872.0,6234691.0,3150865.0,636514.0,-739315.0,-719075.0,22170000.0,54745000.0,100288000.0,right
253785,-4772986.0,6294548.0,3132908.0,535311.0,-611480.0,-627992.0,22170000.0,54745000.0,100288000.0,right
253795,-4741861.0,6292153.0,3180793.0,394692.0,-516668.0,-548095.0,22170000.0,54745000.0,100288000.0,right
253805,-4793338.0,6261028.0,3238256.0,295619.0,-442098.0,-489503.0,22170000.0,54745000.0,100288000.0,right
253815,-4842420.0,6295745.0,3213116.0,240224.0,-380843.0,-449555.0,22170000.0,54745000.0,100288000.0,right
253825,-4891503.0,6365179.0,3209525.0,190155.0,-343025.0,-431445.0,22170000.0,54745000.0,100288000.0,right
253835,-4987274.0,6425036.0,3208328.0,158196.0,-294021.0,-429314.0,22170000.0,54745000.0,100288000.0,right
253845,-4980091.0,6493273.0,3226285.0,165653.0,-266856.0,-433043.0,22170000.0,54745000.0,100288000.0,right
253855,-5056708.0,6583058.0,3158048.0,207732.0,-278042.0,-465534.0,22170000.0,54745000.0,100288000.0,right
253865,-5068679.0,6617775.0,3214313.0,152337.0,-274846.0,-479383.0,22170000.0,54745000.0,100288000.0,right
253875,-5065088.0,6647703.0,3318464.0,126237.0,-266856.0,-499091.0,22170000.0,54745000.0,100288000.0,right
253885,-5063891.0,6739883.0,3411841.0,137955.0,-255138.0,-534778.0,22170000.0,54745000.0,100288000.0,right
253895,-5025582.0,6776994.0,3508809.0,112388.0,-245018.0,-568335.0,22170000.0,54745000.0,100288000.0,right
253905,-4952557.0,6852414.0,3584229.0,73505.0,-236495.0,-596566.0,22170000.0,54745000.0,100288000.0,right
253915,-4811295.0,6924242.0,3665634.0,44209.0,-221581.0,-618404.0,22170000.0,54745000.0,100288000.0,right
253926,-4705946.0,6984099.0,3718308.0,29828.0,-225310.0,-648765.0,22170000.0,54745000.0,100288000.0,right
253935,-4583838.0,7078673.0,3784151.0,30360.0,-253540.0,-673267.0,22170000.0,54745000.0,100288000.0,right
253946,-4521587.0,7182824.0,3851190.0,11718.0,-271650.0,-689779.0,22170000.0,54745000.0,100288000.0,right
253956,-4484476.0,7241483.0,4018790.0,-27697.0,-280705.0,-694040.0,22170000.0,54745000.0,100288000.0,right
253966,-4458139.0,7330072.0,4108575.0,-51134.0,-283368.0,-695106.0,22170000.0,54745000.0,100288000.0,right
253976,-4393494.0,7417463.0,4120546.0,-53264.0,-303609.0,-688181.0,22170000.0,54745000.0,100288000.0,right
253986,-4310891.0,7479714.0,4119349.0,-63917.0,-333970.0,-679126.0,22170000.0,54745000.0,100288000.0,right
253996,-4265400.0,7490488.0,4091815.0,-80962.0,-369125.0,-664212.0,22170000.0,54745000.0,100288000.0,right
254006,-4227092.0,7535979.0,4052309.0,-108127.0,-402682.0,-634916.0,22170000.0,54745000.0,100288000.0,right
254016,-4235471.0,7580273.0,4036747.0,-149141.0,-431977.0,-601360.0,22170000.0,54745000.0,100288000.0,right
254026,-4228289.0,7565908.0,4040338.0,-190155.0,-456479.0,-551823.0,22170000.0,54745000.0,100288000.0,right
254036,-4302511.0,7579076.0,4021184.0,-204004.0,-479916.0,-515070.0,22170000.0,54745000.0,100288000.0,right
254046,-4376734.0,7550345.0,3952947.0,-203471.0,-485242.0,-487373.0,22170000.0,54745000.0,100288000.0,right
254056,-4502433.0,7431828.0,3901470.0,-194416.0,-469263.0,-467665.0,22170000.0,54745000.0,100288000.0,right
254066,-4570670.0,7282186.0,3780559.0,-177904.0,-446891.0,-450620.0,22170000.0,54745000.0,100288000.0,right
254076,-4616161.0,7223526.0,3683591.0,-202406.0,-438369.0,-437836.0,22170000.0,54745000.0,100288000.0,right
254086,-4616161.0,7223526.0,3683591.0,-202406.0,-438369.0,-437836.0,22170000.0,54745000.0,100288000.0,right
254096,-4648484.0,7255849.0,3718308.0,-208798.0,-435173.0,-427716.0,22170000.0,54745000.0,100288000.0,right
254106,-4613767.0,7283383.0,3769785.0,-167251.0,-431977.0,-413867.0,22170000.0,54745000.0,100288000.0,right
254116,-4608978.0,7280989.0,3836825.0,-120378.0,-449555.0,-401084.0,22170000.0,54745000.0,100288000.0,right
254126,-4521587.0,7254652.0,3950553.0,-85223.0,-468730.0,-373919.0,22170000.0,54745000.0,100288000.0,right
254136,-4438985.0,7178035.0,4022381.0,-19707.0,-475654.0,-328111.0,22170000.0,54745000.0,100288000.0,right
254146,-4412648.0,7055927.0,4131321.0,36752.0,-479916.0,-267389.0,22170000.0,54745000.0,100288000.0,right
254156,-4419831.0,6869174.0,4179206.0,58591.0,-468197.0,-194416.0,22170000.0,54745000.0,100288000.0,right
254166,-4553910.0,6633338.0,4266597.0,18110.0,-431977.0,-111856.0,22170000.0,54745000.0,100288000.0,right
254176,-4726298.0,6379545.0,4367157.0,-15979.0,-374984.0,-37285.0,22170000.0,54745000.0,100288000.0,right
254186,-4872349.0,6232297.0,4412648.0,-50068.0,-287630.0,29828.0,22170000.0,54745000.0,100288000.0,right
254196,-5084242.0,6097020.0,4434196.0,-143815.0,-199743.0,80429.0,22170000.0,54745000.0,100288000.0,right
254206,-5294938.0,5962941.0,4447365.0,-232234.0,-130498.0,116117.0,22170000.0,54745000.0,100288000.0,right
254216,-5461340.0,5839636.0,4486870.0,-267922.0,-71374.0,124639.0,22170000.0,54745000.0,100288000.0,right
254226,-5651685.0,5704359.0,4513207.0,-268987.0,-22903.0,110258.0,22170000.0,54745000.0,100288000.0,right
254236,-5861184.0,5661262.0,4538347.0,-278042.0,12250.0,94278.0,22170000.0,54745000.0,100288000.0,right
254246,-6068289.0,5530774.0,4630527.0,-356341.0,26099.0,68178.0,22170000.0,54745000.0,100288000.0,right
254256,-6166454.0,5387118.0,4668835.0,-475122.0,51666.0,29295.0,22170000.0,54745000.0,100288000.0,right
254266,-6170045.0,5340429.0,4713129.0,-650363.0,59656.0,-12783.0,22170000.0,54745000.0,100288000.0,right
254276,-6122160.0,5452960.0,4786155.0,-779797.0,4793.0,-72440.0,22170000.0,54745000.0,100288000.0,right
254286,-6172440.0,5815693.0,4747846.0,-927340.0,-80962.0,-97474.0,22170000.0,54745000.0,100288000.0,right
254296,-5868367.0,6028783.0,4948965.0,-1321500.0,-199743.0,-5326.0,22170000.0,54745000.0,100288000.0,right
254306,-5724710.0,6170045.0,5166844.0,-1899956.0,-289760.0,57526.0,22170000.0,54745000.0,100288000.0,right
254316,-5621757.0,6134131.0,5330852.0,-2707451.0,-248214.0,180035.0,22170000.0,54745000.0,100288000.0,right
254326,-4944177.0,5604997.0,5761822.0,-3404688.0,15979.0,389365.0,22170000.0,54745000.0,100288000.0,right
254336,-5626545.0,4563487.0,5321275.0,-3677936.0,424520.0,351547.0,22170000.0,54745000.0,100288000.0,right
254346,-5057905.0,4109772.0,7037970.0,-2307965.0,-372321.0,54330.0,22170000.0,54745000.0,100288000.0,right
254356,-5316487.0,4209134.0,7107404.0,-782460.0,-776068.0,-828268.0,22170000.0,54745000.0,100288000.0,right
254366,-6875159.0,3799713.0,6877554.0,-649831.0,-994454.0,-975811.0,22170000.0,54745000.0,100288000.0,right
254376,-6057515.0,4462928.0,7744281.0,-908165.0,-1340143.0,-570466.0,22170000.0,54745000.0,100288000.0,right
254386,-7462954.0,5335641.0,7599427.0,-1154249.0,-932667.0,-476720.0,22170000.0,54745000.0,100288000.0,right
254397,-7995680.0,5578660.0,8579883.0,-620002.0,-893783.0,550225.0,22170000.0,54745000.0,100288000.0,right
254406,-6287365.0,4102589.0,7535979.0,76168.0,-753164.0,1235744.0,22170000.0,54745000.0,100288000.0,right
254416,-5907872.0,4351594.0,7211555.0,-377115.0,-1327892.0,663147.0,22190000.0,54367000.0,100294000.0,right
254426,-5185999.0,3415432.0,7082264.0,-1161173.0,-1530298.0,193884.0,22190000.0,54367000.0,100294000.0,right
254436,-6823682.0,3368744.0,7958569.0,-2298910.0,-1781176.0,-492167.0,22190000.0,54367000.0,100294000.0,right
254446,-6470527.0,1807677.0,8778608.0,-3326921.0,-1830179.0,-567803.0,22190000.0,54367000.0,100294000.0,right
254456,-8336864.0,1623318.0,8626571.0,-3986872.0,-1702344.0,-1736433.0,22190000.0,54367000.0,100294000.0,right
254466,-8589460.0,1450930.0,9472947.0,-4249468.0,-2115146.0,-1522841.0,22190000.0,54367000.0,100294000.0,right
254476,-7057124.0,-816447.0,10298972.0,-3713091.0,-2542863.0,-1318304.0,22190000.0,54367000.0,100294000.0,right
254486,-6742277.0,-430969.0,10893950.0,-2462433.0,-3058999.0,-1712997.0,22190000.0,54367000.0,100294000.0,right
254497,-5411060.0,-324424.0,10849655.0,-1611793.0,-3414276.0,-1840832.0,22190000.0,54367000.0,100294000.0,right
254506,-3638100.0,-857150.0,11333299.0,-1749217.0,-3707232.0,-1719388.0,22190000.0,54367000.0,100294000.0,right
254516,-2882706.0,-634482.0,12453819.0,-2284528.0,-3639586.0,-1662928.0,22190000.0,54367000.0,100294000.0,right
254526,-2092596.0,-1500013.0,11855251.0,-3381784.0,-3146353.0,-2012345.0,22190000.0,54367000.0,100294000.0,right
254536,-2073441.0,-2177592.0,11315342.0,-3206010.0,-2762847.0,-1898358.0,22190000.0,54367000.0,100294000.0,right
254546,-2365543.0,-1757397.0,11225557.0,-2876833.0,-2650990.0,-1223493.0,22190000.0,54367000.0,100294000.0,right
254557,-2352374.0,-1998022.0,11510475.0,-3094686.0,-2384134.0,-682855.0,22190000.0,54367000.0,100294000.0,right
254567,-2658842.0,-2977280.0,10819727.0,-3585256.0,-1796090.0,-259399.0,22190000.0,54367000.0,100294000.0,right
254577,-2306883.0,-3760208.0,10953806.0,-3693383.0,-1369971.0,44742.0,22190000.0,54367000.0,100294000.0,right
254587,-1638881.0,-3351984.0,11080703.0,-3692851.0,-1103647.0,324382.0,22190000.0,54367000.0,100294000.0,right
254597,-960104.0,-3058685.0,11384776.0,-3670479.0,-1086070.0,621600.0,22190000.0,54367000.0,100294000.0,right
254607,-311255.0,-3486064.0,11045986.0,-3657163.0,-1235744.0,949712.0,22190000.0,54367000.0,100294000.0,right
254617,-344775.0,-3854782.0,11150137.0,-3672610.0,-1320967.0,1044523.0,22190000.0,54367000.0,100294000.0,right
254627,-739830.0,-4193572.0,11734340.0,-3797782.0,-1305521.0,1004574.0,22190000.0,54367000.0,100294000.0,right
254637,-421392.0,-4100195.0,11450618.0,-3954381.0,-1381157.0,968887.0,22190000.0,54367000.0,100294000.0,right
254647,51476.0,-3981678.0,10975355.0,-3920291.0,-1608598.0,957169.0,22190000.0,54367000.0,100294000.0,right
254657,391463.0,-3598594.0,10482134.0,-3813229.0,-1746553.0,937993.0,22190000.0,54367000.0,100294000.0,right
254667,675185.0,-3043123.0,9838074.0,-3716287.0,-1727378.0,974213.0,22190000.0,54367000.0,100294000.0,right
254677,820039.0,-2800104.0,9082681.0,-3546372.0,-1616587.0,1057839.0,22190000.0,54367000.0,100294000.0,right
254687,628497.0,-2747430.0,8567912.0,-3213467.0,-1355590.0,1018956.0,22190000.0,54367000.0,100294000.0,right
254697,503994.0,-2254209.0,9059935.0,-2800665.0,-1051980.0,912959.0,22190000.0,54367000.0,100294000.0,right
254707,513571.0,-1909434.0,9495693.0,-2505045.0,-885261.0,752099.0,22190000.0,54367000.0,100294000.0,right
254717,322029.0,-1428184.0,9672869.0,-2185988.0,-829333.0,484710.0,22190000.0,54367000.0,100294000.0,right
254727,195133.0,-711099.0,10388758.0,-1891434.0,-949179.0,209863.0,22190000.0,54367000.0,100294000.0,right
254737,544697.0,-143656.0,10916695.0,-1854681.0,-1282617.0,-21305.0,22190000.0,54367000.0,100294000.0,right
254747,1160026.0,96968.0,10660508.0,-2035782.0,-1659732.0,-180567.0,22190000.0,54367000.0,100294000.0,right
254757,2288926.0,633285.0,9708784.0,-2016074.0,-2058685.0,-141151.0,22190000.0,54367000.0,100294000.0,right
254767,3536343.0,347169.0,8667274.0,-1657069.0,-2367089.0,43144.0,22190000.0,54367000.0,100294000.0,right
254777,4130123.0,1195940.0,7614990.0,-1322565.0,-2387862.0,245018.0,22190000.0,54367000.0,100294000.0,right
254787,3484866.0,3515992.0,6664463.0,-1194197.0,-2384666.0,507613.0,22190000.0,54367000.0,100294000.0,right
254797,5233884.0,2397866.0,1139674.0,-279640.0,-1937242.0,665810.0,22190000.0,54367000.0,100294000.0,right
254807,4565881.0,2575042.0,5026779.0,1474370.0,-1705007.0,1155846.0,22190000.0,54367000.0,100294000.0,right
254817,3107768.0,234638.0,11998907.0,210396.0,-1569714.0,2210490.0,22190000.0,54367000.0,100294000.0,right
254827,2797710.0,-9025218.0,7873572.0,-56993.0,-1628306.0,2079991.0,22190000.0,54367000.0,100294000.0,right
254837,2592999.0,-4569473.0,9512453.0,920416.0,-1559061.0,753697.0,22190000.0,54367000.0,100294000.0,right
254847,3456135.0,-3691971.0,9185634.0,870347.0,-1461054.0,494297.0,22190000.0,54367000.0,100294000.0,right
254857,4761015.0,-4412648.0,8059128.0,969952.0,-1519113.0,414933.0,22190000.0,54367000.0,100294000.0,right
254867,4804112.0,-3848796.0,8194405.0,1351328.0,-1523374.0,471393.0,22190000.0,54367000.0,100294000.0,right
254877,4998048.0,-5049525.0,8316513.0,1482360.0,-1449868.0,839453.0,22190000.0,54367000.0,100294000.0,right
254887,5713936.0,-6079063.0,8105817.0,1515384.0,-1377428.0,1023217.0,22190000.0,54367000.0,100294000.0,right
254898,5116565.0,-4909460.0,9514847.0,1506329.0,-1235744.0,1368373.0,22190000.0,54367000.0,100294000.0,right
254907,3962524.0,-5792947.0,10610228.0,957701.0,-1226156.0,2149236.0,22190000.0,54367000.0,100294000.0,right
254917,2412231.0,-6592635.0,9499284.0,747838.0,-1269833.0,2292518.0,22190000.0,54367000.0,100294000.0,right
254927,1577827.0,-3135302.0,13131399.0,164055.0,-1116430.0,3040356.0,22190000.0,54367000.0,100294000.0,right
254937,821236.0,-7820898.0,10162499.0,-833062.0,-1206448.0,4249468.0,22190000.0,54367000.0,100294000.0,right
254947,-1197.0,-6414261.0,9554353.0,-1013629.0,-1209644.0,4367183.0,22190000.0,54367000.0,100294000.0,right
254957,-108939.0,-5797736.0,8691217.0,-1185142.0,-1307119.0,4230293.0,22190000.0,54367000.0,100294000.0,right
254967,-854756.0,-5681613.0,7386337.0,-950777.0,-1110571.0,3927749.0,22190000.0,54367000.0,100294000.0,right
254977,-1613741.0,-5226701.0,7040364.0,-523593.0,-685518.0,3519207.0,22190000.0,54367000.0,100294000.0,right
254987,-1216291.0,-5334444.0,6441796.0,-88419.0,-104399.0,3045150.0,22190000.0,54367000.0,100294000.0,right
254997,-1162420.0,-5026779.0,6403487.0,534778.0,500689.0,2495457.0,22190000.0,54367000.0,100294000.0,right
255007,556668.0,-4739466.0,8843253.0,821343.0,972083.0,2010747.0,22190000.0,54367000.0,100294000.0,right
255017,1092986.0,-7128953.0,6730306.0,1101516.0,1111104.0,1522841.0,22190000.0,54367000.0,100294000.0,right
255027,594977.0,683565.0,11538009.0,1787567.0,1151585.0,309468.0,22190000.0,54367000.0,100294000.0,right
255037,-102953.0,-1371919.0,13181679.0,230104.0,376582.0,2462433.0,22190000.0,54367000.0,100294000.0,right
255047,-8379.0,-4711932.0,10726350.0,-156065.0,-1065.0,2809720.0,22190000.0,54367000.0,100294000.0,right
255057,-444137.0,-2994040.0,8777411.0,-868216.0,-350482.0,2702657.0,22190000.0,54367000.0,100294000.0,right
255067,-518360.0,-3883513.0,8139336.0,-687649.0,-30360.0,2484804.0,22190000.0,54367000.0,100294000.0,right
255077,-137670.0,-3286142.0,9580690.0,-593902.0,559280.0,1991039.0,22190000.0,54367000.0,100294000.0,right
255087,-403435.0,-2304489.0,10451009.0,-805364.0,404280.0,1652807.0,22190000.0,54367000.0,100294000.0,right
255098,-259778.0,-2508002.0,9682446.0,-686583.0,-109192.0,1563855.0,22190000.0,54367000.0,100294000.0,right
255108,-375901.0,-3134105.0,8828888.0,-536376.0,-331839.0,1450934.0,22190000.0,54367000.0,100294000.0,right
255117,-105348.0,-3519583.0,8667274.0,-387235.0,-237028.0,1255984.0,22190000.0,54367000.0,100294000.0,right
255127,-143656.0,-3689577.0,9058738.0,-366994.0,-73505.0,1198458.0,22190000.0,54367000.0,100294000.0,right
255137,-143656.0,-3689577.0,9058738.0,-366994.0,-73505.0,1198458.0,22190000.0,54367000.0,100294000.0,right
255148,-1356356.0,-3263396.0,9210774.0,-488438.0,-108660.0,1136138.0,22190000.0,54367000.0,100294000.0,right
255157,-1510787.0,-3289733.0,9301757.0,-517201.0,-223179.0,1189936.0,22190000.0,54367000.0,100294000.0,right
255167,-920598.0,-3408250.0,9040781.0,-548627.0,-420792.0,1625642.0,22190000.0,54367000.0,100294000.0,right
255178,-1063057.0,-3680000.0,8048354.0,-550758.0,-505483.0,1758272.0,22190000.0,54367000.0,100294000.0,right
255187,-1078620.0,-3978087.0,7796955.0,-460208.0,-138488.0,1650144.0,22190000.0,54367000.0,100294000.0,right
255198,-1157631.0,-3903864.0,7866389.0,-374984.0,325980.0,1569714.0,22190000.0,54367000.0,100294000.0,right
255228,-679974.0,-4268991.0,8575094.0,-628525.0,463404.0,1510058.0,22190000.0,54367000.0,100294000.0,right
255238,-752999.0,-4806506.0,8403904.0,-620535.0,478850.0,1506329.0,22190000.0,54367000.0,100294000.0,right
255248,-587794.0,-4746649.0,8473338.0,-805896.0,620002.0,1285813.0,22190000.0,54367000.0,100294000.0,right
255258,-586597.0,-4798126.0,8612206.0,-973681.0,651961.0,1248527.0,22190000.0,54367000.0,100294000.0,right
255268,-615328.0,-4759818.0,8121379.0,-1064764.0,743577.0,1312445.0,22190000.0,54367000.0,100294000.0,right
255278,-1037918.0,-4747846.0,7820898.0,-1286345.0,795244.0,1638426.0,22190000.0,54367000.0,100294000.0,right
255288,-1407833.0,-5012414.0,7899909.0,-1183012.0,1040262.0,1790231.0,22190000.0,54367000.0,100294000.0,right
255298,-1472478.0,-5099805.0,7794561.0,-1281551.0,1184077.0,1896760.0,22190000.0,54367000.0,100294000.0,right
255308,-1703526.0,-5456552.0,7755055.0,-1479164.0,998183.0,2022465.0,22190000.0,54367000.0,100294000.0,right
255318,-1412622.0,-6107794.0,7229512.0,-1463185.0,831996.0,1994235.0,22190000.0,54367000.0,100294000.0,right
255328,-1474873.0,-6016812.0,7492882.0,-1445607.0,684985.0,1707670.0,22190000.0,54367000.0,100294000.0,right
255348,-1472478.0,-6095823.0,7060716.0,-1083939.0,-175773.0,1256517.0,22190000.0,54367000.0,100294000.0,right
255368,-1108549.0,-5937801.0,6680026.0,-662614.0,-664212.0,664212.0,22190000.0,54367000.0,100294000.0,right
255378,-979258.0,-6135328.0,6636929.0,-531583.0,-712683.0,565672.0,22190000.0,54367000.0,100294000.0,right
255388,-1082212.0,-6155680.0,6568692.0,-441032.0,-656222.0,565672.0,22190000.0,54367000.0,100294000.0,right
255398,-996018.0,-6393910.0,6786571.0,-565672.0,-685518.0,624263.0,22190000.0,54367000.0,100294000.0,right
255408,-1253402.0,-6920651.0,6423839.0,-842117.0,-1079145.0,782460.0,22190000.0,54367000.0,100294000.0,right
255418,-1407833.0,-7296552.0,6387924.0,-633851.0,-1029076.0,688714.0,22180000.0,54049000.0,100290000.0,right
255428,-1193545.0,-7300143.0,6785374.0,-524125.0,-817615.0,503352.0,22180000.0,54049000.0,100290000.0,right
255628,-1537124.0,-8565517.0,8928250.0,-117715.0,-1446140.0,839986.0,22180000.0,54049000.0,100290000.0,right
255638,-1429382.0,-8352427.0,9007261.0,-94278.0,-1308184.0,788852.0,22180000.0,54049000.0,100290000.0,right
255668,-1149251.0,-7626962.0,9282603.0,250877.0,-1309782.0,641308.0,22180000.0,54049000.0,100290000.0,right
255678,-1127703.0,-7508445.0,9609421.0,224777.0,-1352926.0,708422.0,22180000.0,54049000.0,100290000.0,right
255688,-1183968.0,-7423448.0,9534001.0,45807.0,-1360916.0,825072.0,22180000.0,54049000.0,100290000.0,right
255699,-1358750.0,-7479714.0,9553156.0,-70842.0,-1376896.0,944918.0,22180000.0,54049000.0,100290000.0,right
255708,-1300091.0,-7400703.0,9605830.0,-208798.0,-1455727.0,1071688.0,22180000.0,54049000.0,100290000.0,right
255718,-1339596.0,-7035576.0,9707586.0,-310533.0,-1611261.0,1200589.0,22180000.0,54049000.0,100290000.0,right
255728,-1567052.0,-6744671.0,9836877.0,-380843.0,-1813667.0,1303923.0,22180000.0,54049000.0,100290000.0,right
255738,-1763383.0,-6591438.0,9816526.0,-503352.0,-1979321.0,1436552.0,22180000.0,54049000.0,100290000.0,right
255749,-1999219.0,-6373559.0,9621392.0,-655157.0,-2076263.0,1634697.0,22180000.0,54049000.0,100290000.0,right
255869,-2108158.0,-3317267.0,8500872.0,-462338.0,-1437085.0,2250971.0,22180000.0,54049000.0,100290000.0,right
255879,-2009993.0,-3114951.0,8441015.0,-384039.0,-1367308.0,2217415.0,22180000.0,54049000.0,100290000.0,right
255889,-1829225.0,-2998829.0,8401510.0,-352080.0,-1276758.0,2196109.0,22180000.0,54049000.0,100290000.0,right
255899,-1471281.0,-3006011.0,8596643.0,-348352.0,-1225623.0,2132724.0,22180000.0,54049000.0,100290000.0,right
255909,-1021158.0,-3130514.0,8752271.0,-490569.0,-1313510.0,2140713.0,22180000.0,54049000.0,100290000.0,right
255919,-1568249.0,-3070657.0,7966949.0,-435173.0,-1396071.0,2053359.0,22180000.0,54049000.0,100290000.0,right
255929,-1484450.0,-2899466.0,8043565.0,-99605.0,-1351328.0,1758804.0,22180000.0,54049000.0,100290000.0,right
255939,-1267768.0,-2484060.0,8271022.0,-34622.0,-1338545.0,1564388.0,22180000.0,54049000.0,100290000.0,right
255949,-1067846.0,-2587013.0,7798152.0,133694.0,-1240005.0,1597945.0,22180000.0,54049000.0,100290000.0,right
255959,-1021158.0,-2816864.0,7810124.0,215189.0,-1150520.0,1563855.0,22180000.0,54049000.0,100290000.0,right
255969,-854756.0,-3022771.0,7947794.0,211994.0,-1073819.0,1456260.0,22180000.0,54049000.0,100290000.0,right
255979,-1138477.0,-3350787.0,7795758.0,275379.0,-1051980.0,1388614.0,22180000.0,54049000.0,100290000.0,right
256039,-803279.0,-6074274.0,8296161.0,45807.0,-688181.0,1011499.0,22180000.0,54049000.0,100290000.0,right
256049,-854756.0,-6330462.0,8345244.0,-98539.0,-675930.0,932134.0,22180000.0,54049000.0,100290000.0,right
256059,-1016369.0,-6560312.0,8358413.0,-253007.0,-666875.0,839453.0,22180000.0,54049000.0,100290000.0,right
256069,-1222277.0,-6510032.0,8199193.0,-377115.0,-602957.0,759023.0,22180000.0,54049000.0,100290000.0,right
256079,-1262979.0,-6753051.0,8396721.0,-500156.0,-565672.0,692975.0,22180000.0,54049000.0,100290000.0,right
256089,-1569447.0,-6553129.0,8272219.0,-658353.0,-485775.0,703628.0,22180000.0,54049000.0,100290000.0,right
256099,-1567052.0,-6732700.0,8364398.0,-763817.0,-472991.0,730793.0,22180000.0,54049000.0,100290000.0,right
256109,-1590995.0,-6611789.0,8333273.0,-953440.0,-433043.0,740913.0,22180000.0,54049000.0,100290000.0,right
256119,-1563461.0,-6438204.0,8081874.0,-1013097.0,-397355.0,705759.0,22180000.0,54049000.0,100290000.0,right
256129,-1409030.0,-6431021.0,8238699.0,-1012031.0,-412802.0,656222.0,22180000.0,54049000.0,100290000.0,right
256139,-1607755.0,-6336448.0,8333273.0,-1104180.0,-406943.0,595500.0,22180000.0,54049000.0,100290000.0,right
256149,-1917814.0,-6193988.0,8429044.0,-1212307.0,-443696.0,498026.0,22180000.0,54049000.0,100290000.0,right
256159,-2014782.0,-6034769.0,8263839.0,-1340143.0,-530517.0,407475.0,22180000.0,54049000.0,100290000.0,right
256289,-651242.0,-6524398.0,7667664.0,-415465.0,-259399.0,-446891.0,22180000.0,54049000.0,100290000.0,right
256299,-666805.0,-6535172.0,7869981.0,-387235.0,-212526.0,-423988.0,22180000.0,54049000.0,100290000.0,right
256309,-735042.0,-6607001.0,8315316.0,-390431.0,-116649.0,-415465.0,22180000.0,54049000.0,100290000.0,right
256369,319635.0,-6252648.0,7944203.0,-644504.0,-102268.0,-1206981.0,22180000.0,54049000.0,100290000.0,right
256379,557866.0,-5758230.0,7398308.0,-395225.0,-19175.0,-1310847.0,22180000.0,54049000.0,100290000.0,right
256389,597371.0,-6332856.0,7711958.0,-696704.0,-75103.0,-1134008.0,22180000.0,54049000.0,100290000.0,right
256399,338789.0,-6389122.0,8045960.0,-775003.0,20773.0,-1004042.0,22180000.0,54049000.0,100290000.0,right
256410,818841.0,-7160078.0,7519219.0,-695638.0,-159794.0,-1099386.0,22180000.0,54049000.0,100290000.0,right
256419,135276.0,-6516018.0,7571893.0,-684453.0,-190155.0,-981138.0,22180000.0,53809000.0,100290000.0,right
256430,338789.0,-6657280.0,7037970.0,-1051447.0,-95344.0,-937461.0,22180000.0,53809000.0,100290000.0,right
256450,632088.0,-5717528.0,5885127.0,-624796.0,-560346.0,-1622446.0,22180000.0,53809000.0,100290000.0,right
256460,842784.0,-5765413.0,5937801.0,-649298.0,-370190.0,-1479697.0,22180000.0,53809000.0,100290000.0,right
256470,1007989.0,-5865973.0,5354795.0,-869282.0,-2663.0,-1358785.0,22180000.0,53809000.0,100290000.0,right
256480,1168406.0,-5832453.0,5391906.0,-531583.0,-192286.0,-1446140.0,22180000.0,53809000.0,100290000.0,right
256490,1285725.0,-5958152.0,5230293.0,-555019.0,-22903.0,-1272496.0,22180000.0,53809000.0,100290000.0,right
256500,1261782.0,-6348419.0,5013611.0,-495362.0,289760.0,-1107908.0,22180000.0,53809000.0,100290000.0,right
256510,1528744.0,-6607001.0,5488874.0,-330241.0,528919.0,-1077547.0,22180000.0,53809000.0,100290000.0,right
256520,1067846.0,-6697983.0,5911464.0,-266856.0,557682.0,-1051980.0,22180000.0,53809000.0,100290000.0,right
256530,1216291.0,-6537567.0,5917449.0,-296685.0,634916.0,-1049849.0,22180000.0,53809000.0,100290000.0,right
256540,714691.0,-6713546.0,5604997.0,-286564.0,682322.0,-1024815.0,22180000.0,53809000.0,100290000.0,right
256550,1146857.0,-6409473.0,5639714.0,-174176.0,569933.0,-1209111.0,22180000.0,53809000.0,100290000.0,right
256560,799687.0,-6416656.0,5485283.0,-204536.0,602425.0,-1177152.0,22180000.0,53809000.0,100290000.0,right
256570,1195940.0,-6413064.0,5261418.0,-240224.0,648765.0,-1345469.0,22180000.0,53809000.0,100290000.0,right
256580,1288119.0,-6319688.0,4905868.0,-247148.0,763817.0,-1367840.0,22180000.0,53809000.0,100290000.0,right
256590,1492830.0,-6317293.0,4350397.0,-174708.0,838388.0,-1544147.0,22180000.0,53809000.0,100290000.0,right
256600,1970488.0,-6408276.0,4274977.0,21305.0,857563.0,-1718856.0,22180000.0,53809000.0,100290000.0,right
256610,2657644.0,-6881145.0,4516799.0,191220.0,895381.0,-1858410.0,22180000.0,53809000.0,100290000.0,right
256620,3284944.0,-7405491.0,4929811.0,250877.0,883130.0,-1918066.0,22180000.0,53809000.0,100290000.0,right
256630,3493246.0,-7875966.0,5074665.0,314262.0,780862.0,-1870128.0,22180000.0,53809000.0,100290000.0,right
256640,3598594.0,-8367990.0,5435003.0,431977.0,643439.0,-1767327.0,22180000.0,53809000.0,100290000.0,right
256650,3398672.0,-8778608.0,5590631.0,422390.0,506015.0,-1604336.0,22180000.0,53809000.0,100290000.0,right
256660,3331633.0,-9026415.0,5686402.0,410139.0,341960.0,-1440813.0,22180000.0,53809000.0,100290000.0,right
256670,3155654.0,-9117398.0,5668445.0,401084.0,183763.0,-1260246.0,22180000.0,53809000.0,100290000.0,right
256680,3106571.0,-9104229.0,5572674.0,310001.0,174176.0,-1112702.0,22180000.0,53809000.0,100290000.0,right
256770,2443357.0,-11182460.0,6198777.0,318523.0,-288695.0,-156065.0,22180000.0,53809000.0,100290000.0,right
256780,1998022.0,-11445830.0,6223917.0,228506.0,-288162.0,-86289.0,22180000.0,53809000.0,100290000.0,right
256790,1860351.0,-11401536.0,5930618.0,135292.0,-241822.0,-89484.0,22180000.0,53809000.0,100290000.0,right
256820,2096187.0,-9972154.0,6058712.0,19175.0,-192286.0,-225310.0,22180000.0,53809000.0,100290000.0,right
256830,1867534.0,-9765049.0,6123357.0,-25567.0,-264726.0,-189622.0,22180000.0,53809000.0,100290000.0,right
256840,1668809.0,-9526819.0,6104203.0,-45807.0,-363266.0,-81495.0,22180000.0,53809000.0,100290000.0,right
256850,1500013.0,-9312531.0,5953364.0,-83093.0,-416531.0,29828.0,22180000.0,53809000.0,100290000.0,right
256860,1158828.0,-9195212.0,5412258.0,-64983.0,-426118.0,87886.0,22180000.0,53809000.0,100290000.0,right
256870,1272557.0,-8911490.0,5490071.0,87354.0,-474057.0,80962.0,22180000.0,53809000.0,100290000.0,right
256880,1532335.0,-8707977.0,5676825.0,175241.0,-434108.0,74038.0,22180000.0,53809000.0,100290000.0,right
256890,1547898.0,-8937827.0,5570280.0,104931.0,-271118.0,40481.0,22180000.0,53809000.0,100290000.0,right
256900,1987248.0,-8785791.0,5679219.0,64983.0,-173643.0,-31426.0,22180000.0,53809000.0,100290000.0,right
256910,2388289.0,-8575094.0,5695979.0,56460.0,-117715.0,-99605.0,22180000.0,53809000.0,100290000.0,right
256920,2772570.0,-8475732.0,5857593.0,65515.0,-173110.0,-143282.0,22180000.0,53809000.0,100290000.0,right
256930,3104177.0,-8443409.0,5930618.0,31958.0,-304674.0,-194416.0,22180000.0,53809000.0,100290000.0,right
256940,3259805.0,-8518829.0,5873155.0,-27165.0,-486840.0,-233832.0,22180000.0,53809000.0,100290000.0,right
256950,3363955.0,-8370384.0,5661262.0,-62319.0,-705759.0,-264193.0,22180000.0,53809000.0,100290000.0,right
256960,3286142.0,-8225530.0,5435003.0,-64450.0,-923079.0,-284966.0,22180000.0,53809000.0,100290000.0,right
256970,3131711.0,-8251867.0,5148887.0,-25567.0,-1090863.0,-315860.0,22180000.0,53809000.0,100290000.0,right
256980,3219102.0,-8251867.0,5146493.0,52199.0,-1171293.0,-364331.0,22180000.0,53809000.0,100290000.0,right
256990,3442967.0,-8314118.0,4998048.0,28230.0,-1077547.0,-456479.0,22180000.0,53809000.0,100290000.0,right
257001,3708731.0,-8257853.0,4802915.0,-38350.0,-939591.0,-572596.0,22180000.0,53809000.0,100290000.0,right
257010,4030761.0,-7977723.0,4907066.0,-53797.0,-884728.0,-693508.0,22180000.0,53809000.0,100290000.0,right
257020,4265400.0,-7868783.0,4829252.0,-72440.0,-831996.0,-822941.0,22180000.0,53809000.0,100290000.0,right
257030,4623344.0,-7868783.0,4926220.0,-20773.0,-881533.0,-937461.0,22180000.0,53809000.0,100290000.0,right
257040,4978894.0,-7974131.0,5059102.0,13316.0,-958234.0,-1066894.0,22180000.0,53809000.0,100290000.0,right
257050,5146493.0,-8182433.0,5193181.0,16512.0,-1032805.0,-1205915.0,22180000.0,53809000.0,100290000.0,right
257060,5180013.0,-8162082.0,5305712.0,27165.0,-1129747.0,-1307119.0,22180000.0,53809000.0,100290000.0,right
257071,5111776.0,-8011243.0,5269798.0,10120.0,-1186207.0,-1354524.0,22180000.0,53809000.0,100290000.0,right
257081,5124945.0,-7722733.0,5372752.0,-47938.0,-1158510.0,-1361449.0,22180000.0,53809000.0,100290000.0,right
257091,5196773.0,-7512036.0,5170436.0,-165120.0,-1092461.0,-1348665.0,22180000.0,53809000.0,100290000.0,right
257101,5352401.0,-7127755.0,5121353.0,-217853.0,-1125485.0,-1308717.0,22180000.0,53809000.0,100290000.0,right
257111,5478100.0,-6713546.0,5178816.0,-270052.0,-1139867.0,-1298596.0,22180000.0,53809000.0,100290000.0,right
257121,5814496.0,-6476513.0,5262615.0,-320654.0,-1082874.0,-1336947.0,22180000.0,53809000.0,100290000.0,right
257131,6408276.0,-6457358.0,5376343.0,-331839.0,-1021086.0,-1385951.0,22180000.0,53809000.0,100290000.0,right
257141,7415068.0,-6753051.0,5686402.0,-256736.0,-948646.0,-1412050.0,22180000.0,53809000.0,100290000.0,right
257151,8548757.0,-6932622.0,6094626.0,-198677.0,-890588.0,-1393408.0,22180000.0,53809000.0,100290000.0,right
257161,9320911.0,-6889525.0,6337645.0,-212526.0,-932667.0,-1341208.0,22180000.0,53809000.0,100290000.0,right
257171,9714769.0,-6596226.0,6474118.0,-215722.0,-1083406.0,-1270366.0,22180000.0,53809000.0,100290000.0,right
257181,9905114.0,-6466936.0,6531581.0,-210396.0,-1287411.0,-1198991.0,22180000.0,53809000.0,100290000.0,right
257191,10075108.0,-6221522.0,6548341.0,-242887.0,-1443477.0,-1137204.0,22180000.0,53809000.0,100290000.0,right
257201,10115810.0,-5748653.0,6621366.0,-227440.0,-1618718.0,-1040794.0,22180000.0,53809000.0,100290000.0,right
257211,9760260.0,-5436200.0,6702772.0,-180035.0,-1727378.0,-902838.0,22180000.0,53809000.0,100290000.0,right
257221,9141340.0,-5305712.0,6847625.0,-142217.0,-1777980.0,-721738.0,22180000.0,53809000.0,100290000.0,right
257231,8557137.0,-5212336.0,7003253.0,-136890.0,-1814200.0,-529452.0,22180000.0,53809000.0,100290000.0,right
257241,8104619.0,-5268601.0,7134938.0,-183763.0,-1777980.0,-384039.0,22180000.0,53809000.0,100290000.0,right
257351,5361978.0,-384281.0,6972128.0,-1418975.0,-1054643.0,-792048.0,22180000.0,53809000.0,100290000.0,right
257361,11995316.0,1653246.0,3563877.0,-836790.0,-2314889.0,-1073286.0,22180000.0,53809000.0,100290000.0,right
257702,7011633.0,-6589044.0,1740637.0,648765.0,-1167565.0,1360916.0,22200000.0,53575000.0,100292000.0,right
257752,3362758.0,-8145322.0,2006402.0,1133475.0,-529985.0,1835506.0,22200000.0,53575000.0,100292000.0,right
257762,2783344.0,-8128562.0,2051893.0,963560.0,-305740.0,1493013.0,22200000.0,53575000.0,100292000.0,right
257772,2917423.0,-7938217.0,2275758.0,829333.0,-204536.0,1053045.0,22200000.0,53575000.0,100292000.0,right
257782,3408250.0,-8293767.0,2209915.0,645569.0,-72440.0,771807.0,22200000.0,53575000.0,100292000.0,right
257792,3563877.0,-8212362.0,1883097.0,461806.0,49536.0,672734.0,22200000.0,53575000.0,100292000.0,right
257802,3472895.0,-7907092.0,1608952.0,363798.0,104399.0,691910.0,22200000.0,53575000.0,100292000.0,right
257812,3574652.0,-8081874.0,1339596.0,364864.0,210928.0,710020.0,22200000.0,53575000.0,100292000.0,right
257822,3141288.0,-8291373.0,1492830.0,407475.0,349417.0,821343.0,22200000.0,53575000.0,100292000.0,right
257832,2644476.0,-8286584.0,1558672.0,399486.0,568868.0,907632.0,22200000.0,53575000.0,100292000.0,right
257842,2405048.0,-8261444.0,1503604.0,435706.0,797374.0,900708.0,22200000.0,53575000.0,100292000.0,right
257852,2578633.0,-8443409.0,1648458.0,460208.0,924677.0,866086.0,22200000.0,53575000.0,100292000.0,right
257862,3311281.0,-8545166.0,1631698.0,371788.0,1004042.0,812821.0,22200000.0,53575000.0,100292000.0,right
257872,3963721.0,-8296161.0,1356356.0,275379.0,959299.0,781395.0,22200000.0,53575000.0,100292000.0,right
257902,3933793.0,-8334470.0,1007989.0,282836.0,795244.0,576325.0,22200000.0,53575000.0,100292000.0,right
258302,-354352.0,-10027222.0,3483669.0,-521995.0,33556.0,934265.0,22200000.0,53575000.0,100292000.0,right
258313,-1059466.0,-8995290.0,3256213.0,-491101.0,44742.0,625329.0,22200000.0,53575000.0,100292000.0,right
258353,-1539518.0,-4863969.0,2531945.0,-222114.0,826670.0,109192.0,22200000.0,53575000.0,100292000.0,right
258363,-398646.0,-5109382.0,2262589.0,-102801.0,1112702.0,86821.0,22200000.0,53575000.0,100292000.0,right
258373,778139.0,-7479714.0,2900663.0,-32491.0,1330555.0,113454.0,22200000.0,53575000.0,100292000.0,right
258393,1635289.0,-8943813.0,3374730.0,-180035.0,1440813.0,183763.0,22200000.0,53575000.0,100292000.0,right
258403,1892674.0,-8652908.0,3395081.0,-124107.0,1225091.0,-31958.0,22200000.0,53575000.0,100292000.0,right
258413,1687963.0,-8338061.0,2816864.0,-141684.0,1071155.0,-178437.0,22200000.0,53575000.0,100292000.0,right
258533,354352.0,-8765439.0,-1182771.0,102268.0,1203785.0,-929471.0,22210000.0,53373000.0,100290000.0,right
258543,1197.0,-9105426.0,-1087000.0,53264.0,1255984.0,-937993.0,22210000.0,53373000.0,100290000.0,right
258553,356746.0,-9308940.0,-1140871.0,-21305.0,1286345.0,-1030674.0,22210000.0,53373000.0,100290000.0,right
258563,1586207.0,-9185634.0,-1315653.0,-45807.0,1323098.0,-1177685.0,22210000.0,53373000.0,100290000.0,right
258573,3107768.0,-8752271.0,-1276148.0,18642.0,1339077.0,-1279421.0,22210000.0,53373000.0,100290000.0,right
258583,4419831.0,-8910293.0,-1470084.0,120911.0,1279421.0,-1252256.0,22210000.0,53373000.0,100290000.0,right
258593,4762212.0,-9638152.0,-1290514.0,167251.0,1139334.0,-1013629.0,22210000.0,53373000.0,100290000.0,right
258603,4504827.0,-10361223.0,-866727.0,157131.0,1038664.0,-684453.0,22210000.0,53373000.0,100290000.0,right
258613,4139701.0,-10966975.0,-488432.0,164588.0,882065.0,-421324.0,22210000.0,53373000.0,100290000.0,right
258623,3417827.0,-11054366.0,-487234.0,132629.0,640775.0,-306272.0,22210000.0,53373000.0,100290000.0,right
258633,3017983.0,-11652935.0,-911021.0,131031.0,385637.0,-340894.0,22210000.0,53373000.0,100290000.0,right
258643,2917423.0,-11453013.0,-1364736.0,88419.0,190155.0,-347819.0,22210000.0,53373000.0,100290000.0,right
258653,2949746.0,-11042395.0,-1662823.0,79364.0,45275.0,-378712.0,22210000.0,53373000.0,100290000.0,right
258663,2942563.0,-11287808.0,-1467690.0,93746.0,-23969.0,-329709.0,22210000.0,53373000.0,100290000.0,right
258673,2376317.0,-11184854.0,-1120520.0,41013.0,-76701.0,-155000.0,22210000.0,53373000.0,100290000.0,right
258683,1740637.0,-11078309.0,-973272.0,-8522.0,-175773.0,-28230.0,22210000.0,53373000.0,100290000.0,right
258693,1505998.0,-11042395.0,-741028.0,-36752.0,-262595.0,18110.0,22210000.0,53373000.0,100290000.0,right
258703,1346779.0,-10647339.0,-441743.0,-107594.0,-309468.0,41013.0,22210000.0,53373000.0,100290000.0,right
258713,1249811.0,-10264255.0,-446532.0,-133162.0,-343025.0,75636.0,22210000.0,53373000.0,100290000.0,right
258723,1130097.0,-10580300.0,-498009.0,-159794.0,-378712.0,94811.0,22210000.0,53373000.0,100290000.0,right
258743,1649655.0,-10522837.0,-638074.0,-263660.0,-358472.0,88952.0,22210000.0,53373000.0,100290000.0,right
258753,1952531.0,-10283409.0,-549486.0,-229571.0,-357407.0,35154.0,22210000.0,53373000.0,100290000.0,right
258954,366324.0,-9329291.0,-1849577.0,127302.0,-807494.0,-430379.0,22210000.0,53373000.0,100290000.0,right
258964,770956.0,-9086272.0,-1928588.0,74570.0,-700432.0,-517734.0,22210000.0,53373000.0,100290000.0,right
259064,126896.0,-7203175.0,-1344385.0,403214.0,-741979.0,-168316.0,22210000.0,53373000.0,100290000.0,right
259074,560260.0,-6955368.0,-1547898.0,417063.0,-554486.0,-329176.0,22210000.0,53373000.0,100290000.0,right
259084,725465.0,-6926636.0,-1535927.0,545964.0,-423455.0,-410139.0,22210000.0,53373000.0,100290000.0,right
259094,852361.0,-6903891.0,-1154040.0,735054.0,-359537.0,-422922.0,22210000.0,53373000.0,100290000.0,right
259104,809264.0,-6816500.0,-659622.0,969420.0,-208798.0,-406410.0,22210000.0,53373000.0,100290000.0,right
259114,1388679.0,-6686012.0,107742.0,1113767.0,-124639.0,-409073.0,22210000.0,53373000.0,100290000.0,right
259124,1502407.0,-6541158.0,635679.0,1164369.0,-144880.0,-353678.0,22210000.0,53373000.0,100290000.0,right
259134,1230657.0,-6816500.0,781730.0,1106843.0,-183231.0,-307338.0,22210000.0,53373000.0,100290000.0,right
259144,974469.0,-6871568.0,493220.0,999248.0,-234365.0,-289228.0,22210000.0,53373000.0,100290000.0,right
259154,846376.0,-6477710.0,169993.0,998183.0,-294021.0,-371255.0,22210000.0,53373000.0,100290000.0,right
259164,818841.0,-6334053.0,80208.0,1122822.0,-242355.0,-580054.0,22210000.0,53373000.0,100290000.0,right
259174,579414.0,-6529187.0,470474.0,1348665.0,-53264.0,-772340.0,22210000.0,53373000.0,100290000.0,right
259184,351958.0,-6583058.0,1197137.0,1596347.0,222647.0,-817615.0,22210000.0,53373000.0,100290000.0,right
259194,234638.0,-6884736.0,1729863.0,1814200.0,505483.0,-704693.0,22210000.0,53373000.0,100290000.0,right
259505,2836018.0,-5425426.0,9872791.0,1654938.0,1174489.0,125705.0,22240000.0,53193000.0,100288000.0,right
259515,2842004.0,-4931008.0,10037996.0,1772653.0,1309782.0,75636.0,22240000.0,53193000.0,100288000.0,right
259525,3265790.0,-4768198.0,10404320.0,1835506.0,1340675.0,-75636.0,22240000.0,53193000.0,100288000.0,right
259534,3568666.0,-4388705.0,10913104.0,1872258.0,1315641.0,-133694.0,22240000.0,53193000.0,100288000.0,right
259544,3659648.0,-3955341.0,11278231.0,1842430.0,1235211.0,-173110.0,22240000.0,53193000.0,100288000.0,right
259625,3682394.0,-1873519.0,10527625.0,2131126.0,1343871.0,-202406.0,22240000.0,53193000.0,100288000.0,right
259635,3623734.0,-2097384.0,10479740.0,2250971.0,1379559.0,-284966.0,22240000.0,53193000.0,100288000.0,right
259645,3779362.0,-2196747.0,10515654.0,2336728.0,1413648.0,-344090.0,22240000.0,53193000.0,100288000.0,right
259655,3918230.0,-2033936.0,10528823.0,2413962.0,1455727.0,-445826.0,22240000.0,53193000.0,100288000.0,right
259665,3762602.0,-1659232.0,10595862.0,2487467.0,1537755.0,-506548.0,22240000.0,53193000.0,100288000.0,right
259735,1569447.0,-359141.0,13422304.0,2913586.0,2156693.0,1090331.0,22240000.0,53193000.0,100288000.0,right
259745,1255797.0,-2096187.0,14248328.0,2798001.0,2253635.0,1495143.0,22240000.0,53193000.0,100288000.0,right
259755,1453324.0,-2184775.0,14488953.0,2646197.0,2503447.0,1965472.0,22240000.0,53193000.0,100288000.0,right
259765,-41899.0,-301678.0,14790632.0,2449117.0,2686678.0,2197707.0,22240000.0,53193000.0,100288000.0,right
259795,445335.0,-11852857.0,22311049.0,1142530.0,2435268.0,3022779.0,22240000.0,53193000.0,100288000.0,right
259805,4641301.0,-5142902.0,12942252.0,110790.0,4124828.0,3406818.0,22240000.0,53193000.0,100288000.0,right
259815,-447729.0,-3778165.0,13891581.0,94278.0,2051228.0,2939153.0,22240000.0,53193000.0,100288000.0,right
259825,-1679583.0,-6507638.0,19291868.0,-708954.0,722803.0,3096817.0,22240000.0,53193000.0,100288000.0,right
259835,-1138477.0,-6271802.0,16737177.0,-496428.0,1406724.0,3376457.0,22240000.0,53193000.0,100288000.0,right
259845,-2012387.0,-5564294.0,16507327.0,-1083406.0,947048.0,3125580.0,22240000.0,53193000.0,100288000.0,right
259855,-2691164.0,-6136526.0,16892805.0,-1603804.0,637047.0,2559908.0,22240000.0,53193000.0,100288000.0,right
259865,-3205933.0,-5712739.0,17166949.0,-1922860.0,493232.0,2059751.0,22240000.0,53193000.0,100288000.0,right
259875,-4035550.0,-5135719.0,17068784.0,-2396384.0,71907.0,1467978.0,22240000.0,53193000.0,100288000.0,right
259885,-4579050.0,-4492856.0,16726403.0,-2798534.0,-558748.0,792580.0,22240000.0,53193000.0,100288000.0,right
259895,-4495250.0,-3782954.0,16275082.0,-3033432.0,-1088733.0,177371.0,22240000.0,53193000.0,100288000.0,right
259905,-4321665.0,-3180793.0,15763904.0,-3053140.0,-1460521.0,-359004.0,22240000.0,53193000.0,100288000.0,right
259915,-4069069.0,-2911438.0,15158153.0,-2949806.0,-1723650.0,-849041.0,22240000.0,53193000.0,100288000.0,right
259925,-3853585.0,-2873129.0,14809786.0,-2807589.0,-1859475.0,-1221895.0,22240000.0,53193000.0,100288000.0,right
259935,-3770982.0,-2874326.0,14505713.0,-2738345.0,-1826983.0,-1462652.0,22240000.0,53193000.0,100288000.0,right
259945,-3651268.0,-2936577.0,13908341.0,-2738877.0,-1691158.0,-1599543.0,22240000.0,53193000.0,100288000.0,right
260075,-474066.0,-1869928.0,8134548.0,-2058153.0,1262376.0,1022684.0,22240000.0,53193000.0,100288000.0,right
260085,64645.0,-1653246.0,7659284.0,-2064012.0,1256517.0,980605.0,22240000.0,53193000.0,100288000.0,right
260095,379492.0,-1659232.0,7391126.0,-1914870.0,1141998.0,917220.0,22240000.0,53193000.0,100288000.0,right
260105,342381.0,-2063864.0,7108601.0,-1710866.0,1017358.0,754230.0,22240000.0,53193000.0,100288000.0,right
260115,445335.0,-2473285.0,6780586.0,-1493013.0,916687.0,615741.0,22240000.0,53193000.0,100288000.0,right
260125,581808.0,-2704333.0,6763826.0,-1320967.0,825604.0,607219.0,22240000.0,53193000.0,100288000.0,right
260135,515966.0,-2888692.0,6672843.0,-1250658.0,745175.0,564607.0,22240000.0,53193000.0,100288000.0,right
260145,243018.0,-2949746.0,6392713.0,-1220830.0,691910.0,430379.0,22240000.0,53193000.0,100288000.0,right
260155,62251.0,-2862355.0,6134131.0,-1202720.0,687116.0,260997.0,22240000.0,53193000.0,100288000.0,right
260165,-9577.0,-2733064.0,6170045.0,-1201654.0,637047.0,101203.0,22240000.0,53193000.0,100288000.0,right
260175,-128093.0,-2461314.0,5801327.0,-1204317.0,578456.0,-41546.0,22240000.0,53193000.0,100288000.0,right
260186,-345972.0,-1740637.0,5268601.0,-1135073.0,502287.0,-105464.0,22240000.0,53193000.0,100288000.0,right
260195,-438152.0,-1437761.0,5406272.0,-923079.0,332905.0,-134760.0,22240000.0,53193000.0,100288000.0,right
260206,-450123.0,-1758594.0,5481691.0,-629057.0,144880.0,-228506.0,22240000.0,53193000.0,100288000.0,right
260276,-968484.0,-7381548.0,6159271.0,-22371.0,476720.0,-1123888.0,22240000.0,53193000.0,100288000.0,right
260286,-476460.0,-6766220.0,6598621.0,-120378.0,752632.0,-1021086.0,22240000.0,53193000.0,100288000.0,right
260296,-517163.0,-4761015.0,8087860.0,-174176.0,819745.0,-867684.0,22240000.0,53193000.0,100288000.0,right
260306,-95770.0,-5948575.0,7411477.0,-337166.0,592304.0,-1103114.0,22240000.0,53193000.0,100288000.0,right
260316,-427378.0,-6107794.0,7503656.0,-450087.0,256203.0,-1267703.0,22240000.0,53193000.0,100288000.0,right
260326,-762576.0,-5638516.0,6949382.0,-446359.0,-55395.0,-1502068.0,22240000.0,53193000.0,100288000.0,right
260336,-888275.0,-6076669.0,6522004.0,-307338.0,-214657.0,-1752413.0,22240000.0,53193000.0,100288000.0,right
260346,-884684.0,-6414261.0,6833260.0,-214124.0,-218918.0,-1977723.0,22240000.0,53193000.0,100288000.0,right
260356,-1021158.0,-6832062.0,7890332.0,-454349.0,-125705.0,-2136452.0,22240000.0,53193000.0,100288000.0,right
260366,-374703.0,-7145712.0,6834457.0,-1004042.0,67113.0,-2020335.0,22240000.0,53193000.0,100288000.0,right
260376,-438152.0,-6464541.0,6912271.0,-894316.0,286032.0,-1784372.0,22240000.0,53193000.0,100288000.0,right
260386,-3591.0,-5826467.0,7003253.0,-746773.0,307870.0,-1734303.0,22240000.0,53193000.0,100288000.0,right
260396,584203.0,-6120963.0,6834457.0,-828268.0,303609.0,-1712464.0,22240000.0,53193000.0,100288000.0,right
260406,1092986.0,-6830865.0,6500455.0,-864488.0,283901.0,-1639491.0,22240000.0,53193000.0,100288000.0,right
260416,605751.0,-7046350.0,6000052.0,-740381.0,322252.0,-1510590.0,22240000.0,53193000.0,100288000.0,right
260426,350761.0,-6543552.0,6373559.0,-623731.0,394692.0,-1391810.0,22250000.0,53077000.0,100290000.0,right
260436,776942.0,-6438204.0,7331269.0,-645569.0,412802.0,-1303390.0,22250000.0,53077000.0,100290000.0,right
260446,776942.0,-6438204.0,7331269.0,-645569.0,412802.0,-1303390.0,22250000.0,53077000.0,100290000.0,right
260456,-264567.0,-6925439.0,6650098.0,-613078.0,372853.0,-1374232.0,22250000.0,53077000.0,100290000.0,right
260466,-386675.0,-7387534.0,7101418.0,-555552.0,275911.0,-1701278.0,22250000.0,53077000.0,100290000.0,right
260476,792504.0,-8280599.0,6854808.0,-848508.0,450620.0,-1670917.0,22250000.0,53077000.0,100290000.0,right
260486,1241431.0,-7093038.0,6890722.0,-594968.0,513473.0,-1550006.0,22250000.0,53077000.0,100290000.0,right
260496,1857957.0,-6317293.0,6703969.0,-487905.0,294554.0,-1579835.0,22250000.0,53077000.0,100290000.0,right
260506,2020767.0,-6702772.0,6190397.0,-468730.0,141151.0,-1510590.0,22250000.0,53077000.0,100290000.0,right
260516,1738243.0,-6955368.0,6251451.0,-346754.0,96942.0,-1285280.0,22250000.0,53077000.0,100290000.0,right
260526,1534730.0,-7294157.0,6312505.0,-357407.0,177371.0,-941722.0,22250000.0,53077000.0,100290000.0,right
260536,1216291.0,-7666467.0,6063500.0,-431445.0,403747.0,-586978.0,22250000.0,53077000.0,100290000.0,right
260546,640468.0,-7483305.0,6216734.0,-383506.0,644504.0,-335568.0,22250000.0,53077000.0,100290000.0,right
260556,167599.0,-7500065.0,6331659.0,-252475.0,828800.0,-135825.0,22250000.0,53077000.0,100290000.0,right
260566,-323227.0,-7620976.0,6647703.0,-144347.0,980605.0,-42079.0,22250000.0,53077000.0,100290000.0,right
260576,-452517.0,-7886740.0,6555524.0,-184296.0,1138269.0,33556.0,22250000.0,53077000.0,100290000.0,right
260586,-344775.0,-7672453.0,6555524.0,-174176.0,1264507.0,17044.0,22250000.0,53077000.0,100290000.0,right
260596,-301678.0,-7585062.0,6799740.0,-94811.0,1323098.0,-66048.0,22250000.0,53077000.0,100290000.0,right
260606,-225061.0,-7237892.0,7042759.0,21305.0,1284747.0,-124639.0,22250000.0,53077000.0,100290000.0,right
260616,-642862.0,-7176838.0,6769811.0,139553.0,1191534.0,-267389.0,22250000.0,53077000.0,100290000.0,right
260626,-1655640.0,-7199584.0,6331659.0,270052.0,1183544.0,-426118.0,22250000.0,53077000.0,100290000.0,right
260636,-3223890.0,-7714353.0,5900690.0,298283.0,1330555.0,-648765.0,22250000.0,53077000.0,100290000.0,right
260646,-3844008.0,-8549955.0,5607391.0,397355.0,1653340.0,-947581.0,22250000.0,53077000.0,100290000.0,right
260656,-3274170.0,-7106207.0,8085465.0,694040.0,2066675.0,-1211242.0,22250000.0,53077000.0,100290000.0,right
260666,3324450.0,-7582668.0,9821314.0,-31958.0,2183325.0,-1110039.0,22250000.0,53077000.0,100290000.0,right
260676,5567885.0,-8279402.0,7877163.0,-371255.0,1768925.0,-422390.0,22250000.0,53077000.0,100290000.0,right
260686,4550319.0,-8396721.0,7278595.0,-529452.0,994454.0,-119845.0,22250000.0,53077000.0,100290000.0,right
260696,1321639.0,-8861210.0,5370358.0,-284966.0,581119.0,-356341.0,22250000.0,53077000.0,100290000.0,right
260706,848770.0,-7371971.0,5765413.0,-194416.0,450620.0,-577390.0,22250000.0,53077000.0,100290000.0,right
260716,902641.0,-7051139.0,5327261.0,-457012.0,635982.0,-486840.0,22250000.0,53077000.0,100290000.0,right
260726,622511.0,-6566298.0,5559505.0,-253540.0,827202.0,-365396.0,22250000.0,53077000.0,100290000.0,right
260736,149642.0,-6809317.0,6079063.0,-17577.0,965691.0,-181633.0,22250000.0,53077000.0,100290000.0,right
260746,-930175.0,-7266623.0,6219128.0,148608.0,1160108.0,2130.0,22250000.0,53077000.0,100290000.0,right
260756,-926584.0,-7705973.0,6350813.0,257269.0,1250125.0,-145945.0,22250000.0,53077000.0,100290000.0,right
260766,-1818451.0,-7326480.0,6972128.0,248746.0,1204850.0,-201873.0,22250000.0,53077000.0,100290000.0,right
260776,-1594586.0,-7054730.0,6799740.0,67113.0,995519.0,-389365.0,22250000.0,53077000.0,100290000.0,right
260786,-1484450.0,-5831256.0,6439401.0,-135292.0,796309.0,-476187.0,22250000.0,53077000.0,100290000.0,right
260796,-731450.0,-4917840.0,5892310.0,-401084.0,610415.0,-411204.0,22250000.0,53077000.0,100290000.0,right
260806,-757787.0,-5044736.0,4261809.0,-515070.0,620002.0,-153402.0,22250000.0,53077000.0,100290000.0,right
260816,207104.0,-6182017.0,2774964.0,-460208.0,1108973.0,54862.0,22250000.0,53077000.0,100290000.0,right
260827,1909434.0,-7686819.0,2543916.0,66048.0,1424834.0,80962.0,22250000.0,53077000.0,100290000.0,right
260837,1573038.0,-9119792.0,3863162.0,333437.0,1656536.0,-62852.0,22250000.0,53077000.0,100290000.0,right
260847,961301.0,-9506467.0,5298529.0,358472.0,1615522.0,-415998.0,22250000.0,53077000.0,100290000.0,right
260857,550683.0,-9535199.0,6079063.0,190688.0,1398201.0,-819745.0,22250000.0,53077000.0,100290000.0,right
260867,673988.0,-9398725.0,6143708.0,66048.0,1132410.0,-1145193.0,22250000.0,53077000.0,100290000.0,right
260877,525543.0,-8826493.0,5613377.0,42611.0,976344.0,-1330022.0,22250000.0,53077000.0,100290000.0,right
260887,238230.0,-9099441.0,5642108.0,-98539.0,961430.0,-1372102.0,22250000.0,53077000.0,100290000.0,right
260897,95770.0,-8752271.0,5326064.0,157663.0,838921.0,-1294335.0,22250000.0,53077000.0,100290000.0,right
260907,-319635.0,-8607417.0,4695172.0,290826.0,888457.0,-1232548.0,22250000.0,53077000.0,100290000.0,right
260917,16759.0,-9280208.0,4405465.0,401616.0,925210.0,-1274094.0,22250000.0,53077000.0,100290000.0,right
260927,560260.0,-9240703.0,4562290.0,422390.0,979540.0,-1418975.0,22250000.0,53077000.0,100290000.0,right
260937,1031932.0,-9617801.0,4495250.0,415465.0,896447.0,-1637361.0,22250000.0,53077000.0,100290000.0,right
260947,1326428.0,-10167287.0,4552713.0,546497.0,820278.0,-1686897.0,22250000.0,53077000.0,100290000.0,right
260957,-1280936.0,-9449005.0,5262615.0,942787.0,776068.0,-1556398.0,22250000.0,53077000.0,100290000.0,right
260967,-2031542.0,-9125778.0,5649291.0,956636.0,568335.0,-1854681.0,22250000.0,53077000.0,100290000.0,right
260977,-2423006.0,-9158100.0,5214730.0,795244.0,516668.0,-1878650.0,22250000.0,53077000.0,100290000.0,right
260987,-3009603.0,-8505660.0,5479297.0,821343.0,559280.0,-1805677.0,22250000.0,53077000.0,100290000.0,right
260997,-2426597.0,-7336057.0,5578660.0,582184.0,712683.0,-1685832.0,22250000.0,53077000.0,100290000.0,right
261007,-1121717.0,-6159271.0,5971321.0,373919.0,826670.0,-1572910.0,22250000.0,53077000.0,100290000.0,right
261017,59856.0,-7015224.0,5676825.0,179502.0,884728.0,-1455727.0,22250000.0,53077000.0,100290000.0,right
261027,1289316.0,-8286584.0,5091425.0,117715.0,1047719.0,-1345469.0,22250000.0,53077000.0,100290000.0,right
261037,2506805.0,-7569499.0,5634925.0,10652.0,1246397.0,-1200056.0,22250000.0,53077000.0,100290000.0,right
261047,3340013.0,-7975329.0,5285361.0,-206134.0,1290606.0,-1072221.0,22250000.0,53077000.0,100290000.0,right
261057,3225088.0,-7614990.0,5108185.0,-282836.0,1161173.0,-904436.0,22250000.0,53077000.0,100290000.0,right
261067,2608562.0,-6350813.0,4787352.0,-217853.0,869282.0,-838388.0,22250000.0,53077000.0,100290000.0,right
261077,1905842.0,-6805725.0,4616161.0,-218918.0,557150.0,-863955.0,22250000.0,53077000.0,100290000.0,right
261087,2057879.0,-7877163.0,4206740.0,-398953.0,344090.0,-966756.0,22250000.0,53077000.0,100290000.0,right
261097,1756200.0,-7867586.0,4018790.0,-313197.0,239691.0,-1107375.0,22250000.0,53077000.0,100290000.0,right
261107,1618529.0,-7557528.0,3912244.0,-215189.0,124107.0,-1286345.0,22250000.0,53077000.0,100290000.0,right
261117,1782537.0,-7478517.0,4346805.0,-173643.0,-21305.0,-1463185.0,22250000.0,53077000.0,100290000.0,right
261458,2663630.0,-6367573.0,7113390.0,1044523.0,1653340.0,-1630969.0,22260000.0,52937000.0,100288000.0,right
261468,3047911.0,-6179623.0,8347638.0,1046121.0,1831777.0,-1591553.0,22260000.0,52937000.0,100288000.0,right
261478,3508809.0,-5743865.0,8542772.0,898045.0,2071469.0,-1445075.0,22260000.0,52937000.0,100288000.0,right
261488,3668028.0,-6354405.0,8203982.0,667941.0,1952688.0,-1346002.0,22260000.0,52937000.0,100288000.0,right
261498,3360364.0,-6174834.0,8684034.0,984334.0,1329490.0,-1385951.0,22260000.0,52937000.0,100288000.0,right
261518,3144879.0,-6444190.0,8069902.0,667941.0,1415246.0,-1444542.0,22260000.0,52937000.0,100288000.0,right
261528,3014391.0,-6371165.0,8244685.0,802168.0,1175554.0,-1646416.0,22260000.0,52937000.0,100288000.0,right
261538,2718698.0,-6434613.0,8640937.0,702563.0,1042925.0,-1755609.0,22260000.0,52937000.0,100288000.0,right
261548,2484060.0,-6272999.0,8429044.0,387235.0,1012031.0,-1911674.0,22260000.0,52937000.0,100288000.0,right
261558,1223474.0,-3986467.0,9639350.0,77234.0,924677.0,-1987311.0,22260000.0,52937000.0,100288000.0,right
261618,1461704.0,-4298920.0,8476929.0,230636.0,1916468.0,-2861919.0,22260000.0,52937000.0,100288000.0,right
261628,1928588.0,-2971294.0,8447001.0,88952.0,1504198.0,-2824101.0,22260000.0,52937000.0,100288000.0,right
261638,3027560.0,-4367157.0,7690410.0,22903.0,1505264.0,-2391058.0,22260000.0,52937000.0,100288000.0,right
261648,4187586.0,-5353598.0,8367990.0,598696.0,1825385.0,-2997744.0,22260000.0,52937000.0,100288000.0,right
261658,3579440.0,-1760989.0,9132960.0,679659.0,2154029.0,-3131972.0,22260000.0,52937000.0,100288000.0,right
261668,2087807.0,-2573845.0,8904307.0,6924.0,1889836.0,-2304769.0,22260000.0,52937000.0,100288000.0,right
261678,3453741.0,-5140507.0,9328094.0,431445.0,1494611.0,-2367089.0,22260000.0,52937000.0,100288000.0,right
261688,4854392.0,-4539544.0,9809343.0,969952.0,1594216.0,-2721300.0,22260000.0,52937000.0,100288000.0,right
261698,5431412.0,-3409447.0,10793390.0,688714.0,1344937.0,-2735681.0,22260000.0,52937000.0,100288000.0,right
261708,4580247.0,-2680390.0,11255485.0,97474.0,904436.0,-2594530.0,22260000.0,52937000.0,100288000.0,right
261718,3835628.0,-2596590.0,9854834.0,-439967.0,580586.0,-2563636.0,22260000.0,52937000.0,100288000.0,right
261728,3571060.0,-2648067.0,8781002.0,-669538.0,535311.0,-2524753.0,22260000.0,52937000.0,100288000.0,right
261738,3071854.0,-2735458.0,8710371.0,-577923.0,720140.0,-2454443.0,22260000.0,52937000.0,100288000.0,right
261748,2936577.0,-2845595.0,8855225.0,-493232.0,1040262.0,-2523687.0,22260000.0,52937000.0,100288000.0,right
261758,3316070.0,-2779752.0,8752271.0,-484177.0,1446140.0,-2573224.0,22260000.0,52937000.0,100288000.0,right
261769,4022381.0,-2585816.0,8888744.0,-547029.0,1747086.0,-2680819.0,22260000.0,52937000.0,100288000.0,right
261778,4497645.0,-2997631.0,9390345.0,-775003.0,1811004.0,-2744737.0,22260000.0,52937000.0,100288000.0,right
261788,4243851.0,-2828835.0,9632167.0,-864488.0,1750282.0,-2804926.0,22260000.0,52937000.0,100288000.0,right
261798,4643695.0,-2348783.0,9038387.0,-919351.0,1589422.0,-2774032.0,22260000.0,52937000.0,100288000.0,right
261808,4869954.0,-2237449.0,8868393.0,-861292.0,1506329.0,-2576952.0,22260000.0,52937000.0,100288000.0,right
261818,4948965.0,-2269772.0,8749876.0,-725467.0,1564920.0,-2458172.0,22260000.0,52937000.0,100288000.0,right
261828,4526376.0,-2138087.0,8431438.0,-573662.0,1590488.0,-2315422.0,22260000.0,52937000.0,100288000.0,right
261838,4444971.0,-2559479.0,8126168.0,-480981.0,1598477.0,-2185988.0,22260000.0,52937000.0,100288000.0,right
261848,4316877.0,-3756617.0,8272219.0,-442630.0,1679440.0,-1945231.0,22260000.0,52937000.0,100288000.0,right
261858,3609369.0,-3029954.0,7938217.0,-295619.0,1851485.0,-1842430.0,22260000.0,52937000.0,100288000.0,right
261868,2946155.0,-2710318.0,7698790.0,-102268.0,1915403.0,-1784372.0,22260000.0,52937000.0,100288000.0,right
261878,2882706.0,-2917423.0,8193208.0,129966.0,1895162.0,-1665058.0,22260000.0,52937000.0,100288000.0,right
261888,3549512.0,-3414235.0,8448198.0,576858.0,1792361.0,-1663993.0,22260000.0,52937000.0,100288000.0,right
261898,3229876.0,-3703943.0,9165283.0,749968.0,1521776.0,-1588890.0,22260000.0,52937000.0,100288000.0,right
261908,1860351.0,-3794925.0,9967365.0,482579.0,1218166.0,-1603804.0,22260000.0,52937000.0,100288000.0,right
261918,1289316.0,-3914639.0,8982121.0,76701.0,1058372.0,-1717258.0,22260000.0,52937000.0,100288000.0,right
261928,867924.0,-3753025.0,8912687.0,278575.0,522528.0,-1682103.0,22260000.0,52937000.0,100288000.0,right
261938,1442550.0,-3123331.0,8900716.0,256203.0,182165.0,-1695419.0,22260000.0,52937000.0,100288000.0,right
261948,1811268.0,-3257410.0,8332076.0,150206.0,443163.0,-1719921.0,22260000.0,52937000.0,100288000.0,right
261958,2156044.0,-2856369.0,8579883.0,139553.0,496428.0,-1779578.0,22260000.0,52937000.0,100288000.0,right
261968,2596590.0,-2415823.0,8903110.0,136890.0,404280.0,-1787035.0,22260000.0,52937000.0,100288000.0,right
261978,3039531.0,-2211112.0,9016838.0,134760.0,384572.0,-1625110.0,22260000.0,52937000.0,100288000.0,right
261988,2911438.0,-2867143.0,8879167.0,66581.0,454881.0,-1415779.0,22260000.0,52937000.0,100288000.0,right
261998,2862355.0,-3124528.0,8838465.0,51134.0,471393.0,-1334816.0,22260000.0,52937000.0,100288000.0,right
262008,2311672.0,-3351984.0,9035992.0,150206.0,490036.0,-1263974.0,22260000.0,52937000.0,100288000.0,right
262018,1917814.0,-2900663.0,9064724.0,107062.0,392561.0,-1272496.0,22260000.0,52937000.0,100288000.0,right
262028,2189564.0,-3010800.0,8636148.0,-22371.0,230104.0,-1347600.0,22260000.0,52937000.0,100288000.0,right
262038,2292518.0,-2650462.0,8418269.0,23969.0,112388.0,-1326827.0,22260000.0,52937000.0,100288000.0,right
262048,2242238.0,-2187169.0,8038777.0,126237.0,82027.0,-1204317.0,22260000.0,52937000.0,100288000.0,right
262058,2375120.0,-1956122.0,8379961.0,286564.0,158729.0,-1085537.0,22260000.0,52937000.0,100288000.0,right
262069,2590605.0,-1816057.0,8661288.0,319056.0,232234.0,-941722.0,22260000.0,52937000.0,100288000.0,right
262078,2666024.0,-2157241.0,9134158.0,371255.0,191753.0,-839453.0,22260000.0,52937000.0,100288000.0,right
262089,2571451.0,-2737853.0,10003279.0,294554.0,218918.0,-777666.0,22260000.0,52937000.0,100288000.0,right
262099,2284138.0,-2707924.0,8964164.0,88419.0,271118.0,-687649.0,22260000.0,52937000.0,100288000.0,right
262109,2880312.0,-2934183.0,9868003.0,608817.0,-192818.0,-633851.0,22260000.0,52937000.0,100288000.0,right
262119,2411034.0,-3694365.0,10696422.0,557682.0,-526256.0,-634384.0,22260000.0,52937000.0,100288000.0,right
262129,2322446.0,-3177202.0,10093065.0,278575.0,-696704.0,-693508.0,22260000.0,52937000.0,100288000.0,right
262139,2777358.0,-2855172.0,9854834.0,345156.0,-697236.0,-490036.0,22260000.0,52937000.0,100288000.0,right
262149,2996434.0,-2721093.0,10071516.0,368592.0,-657820.0,-270052.0,22260000.0,52937000.0,100288000.0,right
262159,3172414.0,-2564268.0,9963774.0,194416.0,-569933.0,-93213.0,22260000.0,52937000.0,100288000.0,right
262479,4127729.0,-2251815.0,7866389.0,-174176.0,326513.0,946516.0,22270000.0,52853000.0,100290000.0,right
262489,4077449.0,-1668809.0,8002863.0,-231702.0,520930.0,1103647.0,22270000.0,52853000.0,100290000.0,right
262500,3750631.0,-1562264.0,8268627.0,-333437.0,675930.0,1247995.0,22270000.0,52853000.0,100290000.0,right
262509,3630917.0,-1842394.0,8478126.0,-474589.0,813354.0,1399799.0,22270000.0,52853000.0,100290000.0,right
262519,3531555.0,-2099778.0,8976135.0,-625861.0,871945.0,1476501.0,22270000.0,52853000.0,100290000.0,right
262529,3086220.0,-2335614.0,9247886.0,-829333.0,866086.0,1328425.0,22270000.0,52853000.0,100290000.0,right
262539,2770175.0,-2247026.0,8667274.0,-736120.0,766480.0,990193.0,22270000.0,52853000.0,100290000.0,right
262549,3177202.0,-1613741.0,9104229.0,-351547.0,491101.0,820278.0,22270000.0,52853000.0,100290000.0,right
262559,2456525.0,-1737046.0,9583084.0,-353145.0,474057.0,828268.0,22270000.0,52853000.0,100290000.0,right
262569,2456525.0,-1737046.0,9583084.0,-353145.0,474057.0,828268.0,22270000.0,52853000.0,100290000.0,right
262579,1950136.0,-2037527.0,9574704.0,-495895.0,547029.0,606153.0,22270000.0,52853000.0,100290000.0,right
262589,1637683.0,-2033936.0,9675264.0,-467665.0,632253.0,436771.0,22270000.0,52853000.0,100290000.0,right
262599,1834014.0,-2506805.0,9791386.0,-256203.0,795244.0,378712.0,22270000.0,52853000.0,100290000.0,right
262609,2248223.0,-3081431.0,10051165.0,-55928.0,1015760.0,304674.0,22270000.0,52853000.0,100290000.0,right
262619,2345192.0,-3496838.0,10567131.0,12250.0,1180348.0,117715.0,22270000.0,52853000.0,100290000.0,right
262629,2369134.0,-3572257.0,10771841.0,28763.0,1307119.0,-86821.0,22270000.0,52853000.0,100290000.0,right
262639,2139284.0,-3456135.0,10692830.0,185894.0,1402995.0,-190688.0,22270000.0,52853000.0,100290000.0,right
262650,1551490.0,-3591412.0,10656916.0,458610.0,1449868.0,-192818.0,22270000.0,52853000.0,100290000.0,right
262659,671594.0,-3808093.0,10509668.0,760621.0,1507927.0,-190155.0,22270000.0,52853000.0,100290000.0,right
262669,-390266.0,-3171216.0,10182850.0,986997.0,1814200.0,-222114.0,22270000.0,52853000.0,100290000.0,right
262679,-1256994.0,-3110162.0,10439037.0,1087135.0,2276006.0,-332905.0,22270000.0,52853000.0,100290000.0,right
262700,-848770.0,-3990058.0,11294991.0,-180035.0,1987843.0,-1161706.0,22270000.0,52853000.0,100290000.0,right
262710,308861.0,-4820872.0,12313754.0,224777.0,2315955.0,-810690.0,22270000.0,52853000.0,100290000.0,right
262720,803279.0,-4000833.0,13895173.0,907632.0,2153497.0,-629057.0,22270000.0,52853000.0,100290000.0,right
262730,92179.0,-4218712.0,12285023.0,-272183.0,2133789.0,-801635.0,22270000.0,52853000.0,100290000.0,right
262740,737436.0,-4093012.0,12195238.0,-431445.0,1983049.0,-941722.0,22270000.0,52853000.0,100290000.0,right
262800,-1437761.0,-5114170.0,8591854.0,-2295181.0,2497055.0,-547562.0,22270000.0,52853000.0,100290000.0,right
262810,-1620923.0,-5564294.0,8650514.0,-1331088.0,2222208.0,-515603.0,22270000.0,52853000.0,100290000.0,right
262850,-2625322.0,-4739466.0,10089473.0,484177.0,1144661.0,-1455195.0,22270000.0,52853000.0,100290000.0,right
262900,-1241431.0,-3209525.0,7802941.0,2656850.0,-515603.0,-1010433.0,22270000.0,52853000.0,100290000.0,right
262950,-447729.0,-2075836.0,9785400.0,-52199.0,716944.0,-621067.0,22270000.0,52853000.0,100290000.0,right
262960,-724268.0,-1854365.0,9093455.0,-892186.0,652494.0,-592304.0,22270000.0,52853000.0,100290000.0,right
262970,-671594.0,-2215901.0,8138139.0,-1521243.0,221581.0,-510277.0,22270000.0,52853000.0,100290000.0,right
262980,-523149.0,-2929395.0,7133741.0,-1465315.0,239691.0,-152870.0,22270000.0,52853000.0,100290000.0,right
262990,-574625.0,-3258607.0,6581861.0,-937993.0,339297.0,58058.0,22270000.0,52853000.0,100290000.0,right
263000,-970878.0,-4071464.0,2069850.0,552356.0,-439434.0,297750.0,22270000.0,52853000.0,100290000.0,right
263070,-1397059.0,-3335224.0,8275810.0,-241822.0,909230.0,1382755.0,22270000.0,52853000.0,100290000.0,right
263080,-2235055.0,-3439375.0,8302147.0,-58591.0,1219232.0,1540419.0,22270000.0,52853000.0,100290000.0,right
263090,-2148861.0,-3047911.0,8000469.0,-167784.0,1614989.0,1453064.0,22270000.0,52853000.0,100290000.0,right
263100,-1185165.0,-3331633.0,8679245.0,-458610.0,1999029.0,1385951.0,22270000.0,52853000.0,100290000.0,right
263110,-3107768.0,-3648874.0,7941809.0,-725999.0,2721833.0,2040575.0,22270000.0,52853000.0,100290000.0,right
263120,-7350423.0,1315653.0,6483695.0,-882598.0,1943101.0,1767327.0,22270000.0,52853000.0,100290000.0,right
263130,86193.0,-2463708.0,7513234.0,-2956731.0,-238093.0,539040.0,22270000.0,52853000.0,100290000.0,right
263140,761379.0,-5887521.0,8077085.0,-3690187.0,125705.0,780862.0,22270000.0,52853000.0,100290000.0,right
263150,-1221080.0,-4266597.0,7599427.0,-1611261.0,1095125.0,1339610.0,22270000.0,52853000.0,100290000.0,right
263160,-2111750.0,-2707924.0,7324086.0,-547562.0,926808.0,1891434.0,22270000.0,52853000.0,100290000.0,right
263170,-1883097.0,-2692361.0,7831672.0,-671136.0,506015.0,1768925.0,22270000.0,52853000.0,100290000.0,right
263180,-1391073.0,-3374730.0,7804138.0,-919883.0,361135.0,1635230.0,22270000.0,52853000.0,100290000.0,right
263200,-2189564.0,-3399870.0,8229122.0,-697236.0,116117.0,1952688.0,22270000.0,52853000.0,100290000.0,right
263210,-2012387.0,-3168822.0,8873182.0,-641841.0,86821.0,1928719.0,22270000.0,52853000.0,100290000.0,right
263220,-1801691.0,-4046324.0,9184437.0,-921481.0,162457.0,1783839.0,22270000.0,52853000.0,100290000.0,right
263230,-2964112.0,-4427013.0,9155706.0,-958767.0,245550.0,1828049.0,22270000.0,52853000.0,100290000.0,right
263240,-3377124.0,-4707144.0,9830892.0,-618404.0,385637.0,1672515.0,22270000.0,52853000.0,100290000.0,right
263250,-3009603.0,-5055511.0,9688432.0,-592304.0,461806.0,1478631.0,22270000.0,52853000.0,100290000.0,right
263330,-2828835.0,-2463708.0,10447417.0,741979.0,-1493013.0,-555019.0,22270000.0,52853000.0,100290000.0,right
263341,-3091008.0,-2401457.0,10174470.0,297750.0,-1357188.0,-455946.0,22270000.0,52853000.0,100290000.0,right
263351,-2928197.0,-2083019.0,9639350.0,-47405.0,-1168097.0,-110258.0,22270000.0,52853000.0,100290000.0,right
263361,-2535536.0,-1341990.0,9245491.0,-234897.0,-911361.0,477252.0,22270000.0,52853000.0,100290000.0,right
263921,-6640520.0,-2762993.0,6644112.0,15446.0,-306805.0,-1639491.0,22280000.0,52727000.0,100288000.0,right
263931,-7078673.0,-2870735.0,5273390.0,-217853.0,67646.0,-1451466.0,22280000.0,52727000.0,100288000.0,right
263941,-7867586.0,-3283747.0,5728302.0,149674.0,-411204.0,-1479697.0,22280000.0,52727000.0,100288000.0,right
263972,-6712349.0,-2917423.0,7261835.0,532115.0,-2202500.0,-2306367.0,22280000.0,52727000.0,100288000.0,right
263982,-2099778.0,-871516.0,9226337.0,-39948.0,-2440062.0,-2358034.0,22280000.0,52727000.0,100288000.0,right
263992,-4857983.0,-3245439.0,5845621.0,-713216.0,-2188652.0,-1943101.0,22280000.0,52727000.0,100288000.0,right
264002,-5444580.0,-3915836.0,6726714.0,-60721.0,-2673362.0,-1638959.0,22280000.0,52727000.0,100288000.0,right
264302,-23606351.0,-1734652.0,8405101.0,-756893.0,-5906537.0,-839453.0,22280000.0,52727000.0,100288000.0,right
264312,9859623.0,-10544385.0,-4550319.0,-2638739.0,-15024945.0,-2472553.0,22280000.0,52727000.0,100288000.0,right
264322,18088745.0,8426649.0,14099883.0,5403717.0,-14848105.0,18110.0,22280000.0,52727000.0,100288000.0,right
264332,18329370.0,10474951.0,19803046.0,-6111074.0,-14769273.0,7000597.0,22280000.0,52727000.0,100288000.0,right
264342,10172076.0,-5766610.0,9968562.0,-7259464.0,2979634.0,3841992.0,22280000.0,52727000.0,100288000.0,right
264352,450123.0,-731450.0,6471724.0,-746773.0,6654375.0,1478099.0,22280000.0,52727000.0,100288000.0,right
264362,6415459.0,-1256994.0,10818530.0,-2045369.0,2832623.0,2727159.0,22280000.0,52727000.0,100288000.0,right
264372,5758230.0,-2227872.0,10792193.0,-2256831.0,4981327.0,2794273.0,22280000.0,52727000.0,100288000.0,right
264382,4622147.0,-2109356.0,10358829.0,-2664307.0,6130250.0,3006800.0,22280000.0,52727000.0,100288000.0,right
264392,3572257.0,-2126115.0,10008068.0,-3206010.0,5945953.0,2824634.0,22280000.0,52727000.0,100288000.0,right
264402,2346389.0,-2188367.0,9743501.0,-3745583.0,5666845.0,1873856.0,22280000.0,52727000.0,100288000.0,right
264412,1762186.0,-2519974.0,9061132.0,-4480105.0,5771245.0,1100451.0,22280000.0,52727000.0,100288000.0,right
264422,1386285.0,-2335614.0,8158491.0,-5133132.0,5467635.0,129433.0,22280000.0,52727000.0,100288000.0,right
264432,-951724.0,-2991646.0,7520416.0,-4859351.0,4264915.0,-413867.0,22300000.0,52639000.0,100290000.0,right
264442,-361535.0,-4671229.0,7948992.0,-2742606.0,2609976.0,-117182.0,22300000.0,52639000.0,100290000.0,right
264452,351958.0,-4288146.0,8529603.0,153402.0,1350263.0,88952.0,22300000.0,52639000.0,100290000.0,right
264462,635679.0,-2305686.0,8505660.0,1393408.0,1067959.0,60721.0,22300000.0,52639000.0,100290000.0,right
264472,211893.0,-1177983.0,8175251.0,302544.0,2122603.0,348352.0,22300000.0,52639000.0,100290000.0,right
264482,-732648.0,-2244632.0,8425452.0,-335035.0,2195576.0,785123.0,22300000.0,52639000.0,100290000.0,right
264492,-2146467.0,-4270188.0,9143735.0,-49003.0,1705540.0,948114.0,22300000.0,52639000.0,100290000.0,right
264503,-3356773.0,-4913051.0,9146129.0,350482.0,1001911.0,684453.0,22300000.0,52639000.0,100290000.0,right
264512,-3301704.0,-4401874.0,8769031.0,819745.0,71374.0,387768.0,22300000.0,52639000.0,100290000.0,right
264522,-3099388.0,-3453741.0,7810124.0,1097255.0,-204536.0,181100.0,22300000.0,52639000.0,100290000.0,right
264532,-3135302.0,-2907846.0,7173247.0,1086070.0,15979.0,208798.0,22300000.0,52639000.0,100290000.0,right
264542,-3454938.0,-2905452.0,6665660.0,839986.0,425586.0,250877.0,22300000.0,52639000.0,100290000.0,right
264553,-4037944.0,-2560676.0,6628549.0,464469.0,967822.0,127835.0,22300000.0,52639000.0,100290000.0,right
264562,-4096604.0,-2484060.0,7067898.0,-63917.0,1462652.0,-159794.0,22300000.0,52639000.0,100290000.0,right
264573,-3975693.0,-2072244.0,6650098.0,-475654.0,1735368.0,-232234.0,22300000.0,52639000.0,100290000.0,right
264583,-3598594.0,-3396278.0,5099805.0,-476720.0,1880248.0,26099.0,22300000.0,52639000.0,100290000.0,right
264593,-5724710.0,-3632114.0,4951360.0,38883.0,2233927.0,62852.0,22300000.0,52639000.0,100290000.0,right
264603,-5703162.0,-3490852.0,7544359.0,326513.0,1006705.0,-504950.0,22300000.0,52639000.0,100290000.0,right
264613,706311.0,-3368744.0,6796148.0,2873637.0,-3769552.0,15979.0,22300000.0,52639000.0,100290000.0,right
264623,-1552687.0,-2158438.0,6361587.0,2388395.0,-5556055.0,1972929.0,22300000.0,52639000.0,100290000.0,right
264633,-3954144.0,-3027560.0,4696369.0,2437398.0,-8171891.0,3163398.0,22300000.0,52639000.0,100290000.0,right
264643,-1783734.0,-486037.0,6483695.0,4141873.0,-8237939.0,2712245.0,22300000.0,52639000.0,100290000.0,right
264653,-1933376.0,-500403.0,7643722.0,3360478.0,-6605904.0,1396071.0,22300000.0,52639000.0,100290000.0,right
264663,-2462511.0,-2120130.0,8567912.0,2640337.0,-7326578.0,645569.0,22300000.0,52639000.0,100290000.0,right
264673,3422615.0,-3153259.0,11132180.0,5160297.0,-7357471.0,45807.0,22300000.0,52639000.0,100290000.0,right
264683,2741444.0,-229850.0,14022069.0,6798191.0,-4164244.0,241822.0,22300000.0,52639000.0,100290000.0,right
264693,2741444.0,-229850.0,14022069.0,6798191.0,-4164244.0,241822.0,22300000.0,52639000.0,100290000.0,right
264703,-222667.0,897853.0,12402343.0,4805020.0,-418128.0,-251410.0,22300000.0,52639000.0,100290000.0,right
264713,453715.0,93376.0,11992922.0,2730888.0,617339.0,-715879.0,22300000.0,52639000.0,100290000.0,right
264723,1834014.0,225061.0,12477762.0,1511123.0,1010966.0,-676463.0,22300000.0,52639000.0,100290000.0,right
264733,2922212.0,360338.0,11484138.0,649298.0,1475968.0,-612545.0,22300000.0,52639000.0,100290000.0,right
264743,2363149.0,209499.0,11640963.0,314262.0,1382755.0,-475654.0,22300000.0,52639000.0,100290000.0,right
264753,1922602.0,2164424.0,11888771.0,-111856.0,1751347.0,-837323.0,22300000.0,52639000.0,100290000.0,right
264763,2517579.0,1424593.0,11190840.0,-637047.0,2579616.0,-2110352.0,22300000.0,52639000.0,100290000.0,right
264773,4767000.0,-65842.0,12737541.0,-1123888.0,3138364.0,-2298910.0,22300000.0,52639000.0,100290000.0,right
264783,2258998.0,190344.0,11765466.0,-1765729.0,3929879.0,-1279954.0,22300000.0,52639000.0,100290000.0,right
264793,1726272.0,685959.0,10996903.0,-2468825.0,4493421.0,-909230.0,22300000.0,52639000.0,100290000.0,right
264803,1114534.0,-11971.0,9996096.0,-2925837.0,5212496.0,-605621.0,22300000.0,52639000.0,100290000.0,right
264813,-189147.0,-402238.0,8656500.0,-3195357.0,5216225.0,-198145.0,22300000.0,52639000.0,100290000.0,right
264923,-4082238.0,-5146493.0,8447001.0,-2584409.0,-812821.0,720673.0,22300000.0,52639000.0,100290000.0,right
264933,-4053507.0,-4115758.0,7614990.0,-2293051.0,-1350796.0,-690844.0,22300000.0,52639000.0,100290000.0,right
264943,-3365153.0,-4018790.0,9598647.0,-991791.0,-867684.0,-1024282.0,22300000.0,52639000.0,100290000.0,right
264973,-2506805.0,-4315680.0,8681640.0,372321.0,-1351861.0,-190688.0,22300000.0,52639000.0,100290000.0,right
264983,-2266181.0,-4209134.0,8713962.0,360070.0,-1426432.0,-75103.0,22300000.0,52639000.0,100290000.0,right
264993,-3573455.0,-4752635.0,7465348.0,501754.0,-1257050.0,82560.0,22300000.0,52639000.0,100290000.0,right
265003,-3498035.0,-4138503.0,7683227.0,1152118.0,-1028543.0,-178437.0,22300000.0,52639000.0,100290000.0,right
265013,-3006011.0,-4198360.0,8581080.0,1661862.0,-725999.0,-600827.0,22300000.0,52639000.0,100290000.0,right
265023,-2473285.0,-4175615.0,9341262.0,2045369.0,-610415.0,-801635.0,22300000.0,52639000.0,100290000.0,right
265033,-1825634.0,-3923019.0,10260664.0,2344185.0,-624796.0,-743577.0,22300000.0,52639000.0,100290000.0,right
265043,-1388679.0,-3840416.0,10829304.0,2175335.0,-731326.0,-539040.0,22300000.0,52639000.0,100290000.0,right
265053,-943344.0,-3460924.0,10709590.0,1565986.0,-758491.0,-314795.0,22300000.0,52639000.0,100290000.0,right
265063,-13168.0,-3307690.0,10113416.0,860227.0,-589109.0,-96409.0,22300000.0,52639000.0,100290000.0,right
265073,-1347976.0,-3349590.0,10246298.0,227973.0,-563541.0,385637.0,22300000.0,52639000.0,100290000.0,right
265083,-1628106.0,-3852388.0,9427456.0,-184296.0,-941189.0,645037.0,22300000.0,52639000.0,100290000.0,right
265093,-1690357.0,-3062277.0,8480521.0,-67113.0,-303076.0,662614.0,22300000.0,52639000.0,100290000.0,right
265103,-2940169.0,-2294912.0,8530800.0,-111856.0,150739.0,351015.0,22300000.0,52639000.0,100290000.0,right
265113,-3126922.0,-3144879.0,8251867.0,-471926.0,-239159.0,-296685.0,22300000.0,52639000.0,100290000.0,right
265123,-887078.0,-5541548.0,6226311.0,-1196860.0,-752099.0,-1237342.0,22300000.0,52639000.0,100290000.0,right
265133,-962498.0,405829.0,7142121.0,-506548.0,-112921.0,-2746334.0,22300000.0,52639000.0,100290000.0,right
265143,-4714326.0,-288510.0,9110215.0,593370.0,-765415.0,-973681.0,22300000.0,52639000.0,100290000.0,right
265163,-259778.0,-4418634.0,10422277.0,1277290.0,-882065.0,-443163.0,22300000.0,52639000.0,100290000.0,right
265173,1253402.0,-3946961.0,11086689.0,914557.0,-929471.0,-651961.0,22300000.0,52639000.0,100290000.0,right
265183,2000416.0,-2794118.0,10622199.0,638112.0,-583782.0,-690844.0,22300000.0,52639000.0,100290000.0,right
265193,2746233.0,-1265374.0,9876383.0,551291.0,-560346.0,-429314.0,22300000.0,52639000.0,100290000.0,right
265204,2607365.0,-846376.0,9158100.0,451685.0,-470861.0,71374.0,22300000.0,52639000.0,100290000.0,right
265214,1687963.0,-1169603.0,8906701.0,175241.0,-70309.0,532115.0,22300000.0,52639000.0,100290000.0,right
265224,812856.0,-1047495.0,8484112.0,-41546.0,282303.0,815484.0,22300000.0,52639000.0,100290000.0,right
265234,-914612.0,-1325231.0,8078282.0,-129433.0,622133.0,1020021.0,22300000.0,52639000.0,100290000.0,right
265244,-2084216.0,-2844398.0,8826493.0,-363266.0,1189936.0,1120159.0,22300000.0,52639000.0,100290000.0,right
265254,-2108158.0,-3548315.0,9853637.0,-669538.0,1811004.0,1128681.0,22300000.0,52639000.0,100290000.0,right
265264,-1741834.0,-3573455.0,10508471.0,-1024815.0,2093840.0,1047719.0,22300000.0,52639000.0,100290000.0,right
265274,-1294105.0,-4045127.0,11101054.0,-1114833.0,2152964.0,1004574.0,22300000.0,52639000.0,100290000.0,right
265284,-1727469.0,-5640911.0,13452232.0,1544147.0,1494611.0,746773.0,22300000.0,52639000.0,100290000.0,right
265294,-1647261.0,-1386285.0,8570306.0,4883320.0,-1474370.0,297217.0,22300000.0,52639000.0,100290000.0,right
265304,-1932179.0,-714691.0,7260638.0,3839329.0,-1114833.0,363798.0,22300000.0,52639000.0,100290000.0,right
265314,-2251815.0,-2474482.0,9573507.0,3259275.0,-741446.0,-11718.0,22300000.0,52639000.0,100290000.0,right
265324,-920598.0,-677579.0,8910293.0,3104274.0,-1137736.0,-167251.0,22300000.0,52639000.0,100290000.0,right
265334,144853.0,423786.0,8937827.0,2386797.0,-993921.0,231169.0,22300000.0,52639000.0,100290000.0,right
265344,-1076226.0,-702719.0,9571113.0,2182260.0,-1757206.0,588043.0,22300000.0,52639000.0,100290000.0,right
265354,-847573.0,-1334808.0,10161301.0,2533808.0,-2185456.0,744109.0,22300000.0,52639000.0,100290000.0,right
265364,-668002.0,-1661626.0,10891555.0,2677090.0,-2422484.0,648765.0,22300000.0,52639000.0,100290000.0,right
265374,-384281.0,-1296499.0,10287001.0,1808341.0,-1931382.0,-206134.0,22300000.0,52639000.0,100290000.0,right
265384,-369915.0,-611737.0,10144542.0,-45807.0,-237561.0,-1409387.0,22300000.0,52639000.0,100290000.0,right
265394,-879895.0,-606948.0,10228341.0,-680191.0,-34089.0,-1295400.0,22300000.0,52639000.0,100290000.0,right
265584,-858347.0,-147247.0,11644555.0,746773.0,-496428.0,36220.0,22300000.0,52596000.0,100286000.0,right
265594,-800884.0,-262173.0,11279428.0,361668.0,-488971.0,-17577.0,22300000.0,52596000.0,100286000.0,right
265604,-22745.0,-590188.0,10215173.0,-200808.0,-602425.0,-260997.0,22300000.0,52596000.0,100286000.0,right
265614,630891.0,-590188.0,9610618.0,-334503.0,-700432.0,-215722.0,22300000.0,52596000.0,100286000.0,right
265624,-438152.0,778139.0,9980534.0,-206134.0,-892186.0,204004.0,22300000.0,52596000.0,100286000.0,right
265634,-1823240.0,1794508.0,8942616.0,-194416.0,-820811.0,-85756.0,22300000.0,52596000.0,100286000.0,right
265644,-542303.0,630891.0,9238309.0,402149.0,-470328.0,-1087667.0,22300000.0,52596000.0,100286000.0,right
265654,937358.0,1188757.0,11241119.0,838921.0,-237028.0,-1327359.0,22300000.0,52596000.0,100286000.0,right
265664,1065452.0,606948.0,10886767.0,-144880.0,-68711.0,-851172.0,22300000.0,52596000.0,100286000.0,right
265674,23942.0,100559.0,9903917.0,-795244.0,143815.0,-525191.0,22300000.0,52596000.0,100286000.0,right
265684,-40702.0,372309.0,9947014.0,-495362.0,55395.0,-480981.0,22300000.0,52596000.0,100286000.0,right
265694,144853.0,323227.0,9960182.0,-368060.0,-19707.0,-495362.0,22300000.0,52596000.0,100286000.0,right
265704,147247.0,378295.0,9958985.0,-281238.0,-35154.0,-526256.0,22300000.0,52596000.0,100286000.0,right
265714,214287.0,269355.0,9957788.0,-173643.0,-46340.0,-564074.0,22300000.0,52596000.0,100286000.0,right
265724,311255.0,343578.0,9975745.0,-100137.0,-51134.0,-565139.0,22300000.0,52596000.0,100286000.0,right
265734,442940.0,559063.0,9997294.0,-104931.0,-53264.0,-520397.0,22300000.0,52596000.0,100286000.0,right
265744,442940.0,559063.0,9997294.0,-104931.0,-53264.0,-520397.0,22300000.0,52596000.0,100286000.0,right
265755,903838.0,153233.0,10011659.0,-146478.0,-33024.0,-437836.0,22300000.0,52596000.0,100286000.0,right
265764,562654.0,26337.0,9967365.0,-223179.0,-10652.0,-336633.0,22300000.0,52596000.0,100286000.0,right
265774,-52674.0,374703.0,9943422.0,-233299.0,-25567.0,-218385.0,22300000.0,52596000.0,100286000.0,right
265784,233441.0,217879.0,9924268.0,-265791.0,-50601.0,-304674.0,22300000.0,52596000.0,100286000.0,right
265794,355549.0,-304072.0,10060742.0,-209863.0,-74038.0,-197612.0,22300000.0,52596000.0,100286000.0,right
265805,414209.0,191541.0,10022434.0,-100137.0,-65515.0,114519.0,22300000.0,52596000.0,100286000.0,right
265814,299284.0,1856760.0,9713572.0,-1207513.0,77234.0,395757.0,22300000.0,52596000.0,100286000.0,right
265825,403435.0,954118.0,11479350.0,-4696893.0,784591.0,316393.0,22300000.0,52596000.0,100286000.0,right
265835,227456.0,-1733454.0,8819310.0,-3521338.0,1900489.0,-311066.0,22300000.0,52596000.0,100286000.0,right
265845,-117319.0,-976864.0,9676461.0,-999248.0,849041.0,-23969.0,22300000.0,52596000.0,100286000.0,right
265855,-142459.0,-881093.0,10016448.0,-1028543.0,636514.0,35687.0,22300000.0,52596000.0,100286000.0,right
265865,-555471.0,-1551490.0,9153312.0,-643971.0,460208.0,-61254.0,22300000.0,52596000.0,100286000.0,right
265875,-221470.0,-860741.0,9912297.0,267922.0,-192286.0,-161925.0,22300000.0,52596000.0,100286000.0,right
265885,76616.0,-845178.0,10288198.0,294554.0,-242887.0,-169382.0,22300000.0,52596000.0,100286000.0,right
265895,38308.0,-1004398.0,9949408.0,-37285.0,16512.0,-14381.0,22300000.0,52596000.0,100286000.0,right
265905,-47885.0,-846376.0,10011659.0,-6391.0,4793.0,11718.0,22300000.0,52596000.0,100286000.0,right
265915,-260975.0,-1009186.0,9907508.0,-28763.0,19707.0,-3195.0,22300000.0,52596000.0,100286000.0,right
265925,-71828.0,-881093.0,10008068.0,25567.0,-26632.0,-3195.0,22300000.0,52596000.0,100286000.0,right
265935,74222.0,-922992.0,9985322.0,4261.0,-10652.0,-1065.0,22300000.0,52596000.0,100286000.0,right
265945,-9577.0,-891867.0,9981731.0,-532.0,1597.0,-532.0,22300000.0,52596000.0,100286000.0,right
265955,-243018.0,-944541.0,9921874.0,-12783.0,11718.0,-1597.0,22300000.0,52596000.0,100286000.0,right
265965,-276538.0,-911021.0,9944620.0,2130.0,-5859.0,-3728.0,22300000.0,52596000.0,100286000.0,right
265975,-52674.0,-873910.0,9987717.0,5859.0,-18642.0,-5326.0,22300000.0,52596000.0,100286000.0,right
265985,8379.0,-952921.0,9990111.0,-4793.0,-11185.0,-3195.0,22300000.0,52596000.0,100286000.0,right
265995,-34716.0,-907430.0,9958985.0,-2663.0,-3728.0,-1597.0,22300000.0,52596000.0,100286000.0,right
266005,-154430.0,-930175.0,9950605.0,-5326.0,-532.0,-3195.0,22300000.0,52596000.0,100286000.0,right
266015,-131685.0,-939752.0,9979337.0,1597.0,-11185.0,-3728.0,22300000.0,52596000.0,100286000.0,right
266025,-38308.0,-927781.0,10000885.0,3195.0,-13316.0,-4261.0,22300000.0,52596000.0,100286000.0,right
266035,-67039.0,-938555.0,9956591.0,-532.0,-7989.0,-4261.0,22300000.0,52596000.0,100286000.0,right
266045,-104150.0,-891867.0,9969759.0,2663.0,-10120.0,-3728.0,22300000.0,52596000.0,100286000.0,right
266055,-137670.0,-911021.0,9938634.0,532.0,-10652.0,-3195.0,22300000.0,52596000.0,100286000.0,right
266065,-110136.0,-864333.0,9978139.0,1597.0,-17577.0,-4261.0,22300000.0,52596000.0,100286000.0,right
266075,23942.0,-921795.0,9984125.0,-1065.0,-16512.0,-4261.0,22300000.0,52596000.0,100286000.0,right
266085,79011.0,-915810.0,10000885.0,532.0,-13316.0,-2130.0,22300000.0,52596000.0,100286000.0,right
266095,-17957.0,-948132.0,9985322.0,-3195.0,-1597.0,-1597.0,22300000.0,52596000.0,100286000.0,right
266105,-108939.0,-867924.0,9984125.0,1597.0,-1597.0,-1065.0,22300000.0,52596000.0,100286000.0,right
266115,-174782.0,-961301.0,9911100.0,-9587.0,2663.0,-2130.0,22300000.0,52596000.0,100286000.0,right
266125,-82602.0,-873910.0,9997294.0,6391.0,-13848.0,-3195.0,22300000.0,52596000.0,100286000.0,right
266135,-5985.0,-978061.0,9961380.0,-2663.0,-6391.0,-2663.0,22300000.0,52596000.0,100286000.0,right
266145,15562.0,-859544.0,9998491.0,5326.0,-7457.0,-1597.0,22300000.0,52596000.0,100286000.0,right
266155,-90982.0,-945738.0,9944620.0,-7457.0,2663.0,-1065.0,22300000.0,52596000.0,100286000.0,right
266165,-161613.0,-903838.0,9974548.0,532.0,-4793.0,-1597.0,22300000.0,52596000.0,100286000.0,right
266175,-124502.0,-933767.0,9974548.0,532.0,-6924.0,-2663.0,22300000.0,52596000.0,100286000.0,right
266185,10774.0,-906232.0,9996096.0,2663.0,-13316.0,-2130.0,22300000.0,52596000.0,100286000.0,right
266195,17957.0,-925387.0,9979337.0,-1597.0,-4261.0,-2130.0,22300000.0,52596000.0,100286000.0,right
266205,-79011.0,-930175.0,9982928.0,-1597.0,3728.0,-1597.0,22300000.0,52596000.0,100286000.0,right
266215,-131685.0,-912218.0,9969759.0,1065.0,0.0,-1065.0,22300000.0,52596000.0,100286000.0,right
266225,-125699.0,-908627.0,9962577.0,1597.0,-3195.0,-2130.0,22300000.0,52596000.0,100286000.0,right
266235,-57462.0,-897853.0,9972154.0,2663.0,-7457.0,-3195.0,22300000.0,52596000.0,100286000.0,right
266245,-20351.0,-952921.0,9984125.0,-2130.0,-2663.0,-3195.0,22300000.0,52596000.0,100286000.0,right
266255,-74222.0,-919401.0,9967365.0,1597.0,-1597.0,-2130.0,22300000.0,52596000.0,100286000.0,right
266265,-215484.0,-907430.0,9923071.0,-532.0,-1065.0,-1065.0,22300000.0,52596000.0,100286000.0,right
266275,-214287.0,-945738.0,9973351.0,2663.0,-12783.0,-3195.0,22300000.0,52596000.0,100286000.0,right
266285,-179570.0,-1193545.0,9981731.0,-5859.0,-11185.0,-4793.0,22300000.0,52596000.0,100286000.0,right
266295,-381886.0,-1108549.0,9923071.0,9055.0,-18110.0,-4261.0,22300000.0,52596000.0,100286000.0,right
266305,-525543.0,-912218.0,9938634.0,38883.0,-53264.0,-4793.0,22300000.0,52596000.0,100286000.0,right
266315,-438152.0,-1079817.0,9925465.0,20240.0,-65515.0,-7457.0,22300000.0,52596000.0,100286000.0,right
266325,-57462.0,-1061860.0,9950605.0,49003.0,-98539.0,-10120.0,22300000.0,52596000.0,100286000.0,right
266335,116122.0,-848770.0,10002082.0,64983.0,-105464.0,-8522.0,22300000.0,52596000.0,100286000.0,right
266345,197527.0,-938555.0,10017645.0,42079.0,-82560.0,-4793.0,22300000.0,52596000.0,100286000.0,right
266355,860741.0,-932570.0,10087079.0,54862.0,-70309.0,532.0,22300000.0,52596000.0,100286000.0,right
266365,669199.0,-355549.0,10027222.0,50601.0,-17044.0,11718.0,22300000.0,52596000.0,100286000.0,right
266375,39505.0,-58659.0,9954197.0,10120.0,26099.0,5326.0,22300000.0,52596000.0,100286000.0,right
266385,-105348.0,-492023.0,9937437.0,-42079.0,34622.0,-532.0,22300000.0,52596000.0,100286000.0,right
266395,57462.0,-1167208.0,9994899.0,-62319.0,31958.0,1597.0,22300000.0,52596000.0,100286000.0,right
266405,-138867.0,-1345582.0,9981731.0,-53797.0,42611.0,3195.0,22300000.0,52596000.0,100286000.0,right
266415,-512374.0,-1049889.0,9897931.0,-41546.0,44742.0,2663.0,22300000.0,52596000.0,100286000.0,right
266426,-301678.0,-909824.0,9853637.0,15979.0,-19175.0,-3195.0,22300000.0,52596000.0,100286000.0,right
266435,155627.0,-833207.0,10094262.0,51134.0,-59123.0,-4793.0,22270000.0,52519000.0,100290000.0,right
266445,140065.0,-920598.0,9951802.0,-18642.0,1597.0,-3195.0,22270000.0,52519000.0,100290000.0,right
266456,22745.0,-815250.0,9962577.0,-532.0,-2663.0,-532.0,22270000.0,52519000.0,100290000.0,right
266466,-45491.0,-769759.0,10005674.0,-2130.0,0.0,-1065.0,22270000.0,52519000.0,100290000.0,right
266476,49082.0,-817644.0,9978139.0,-15446.0,5859.0,-1597.0,22270000.0,52519000.0,100290000.0,right
266486,268158.0,-835601.0,9994899.0,-15979.0,6924.0,-532.0,22270000.0,52519000.0,100290000.0,right
266496,395055.0,-708705.0,10020039.0,-17044.0,23969.0,2663.0,22270000.0,52519000.0,100290000.0,right
266506,173584.0,-559063.0,9984125.0,-34622.0,52199.0,4793.0,22270000.0,52519000.0,100290000.0,right
266516,120910.0,-732648.0,9993702.0,-55928.0,69776.0,4261.0,22270000.0,52519000.0,100290000.0,right
266526,284918.0,-1188757.0,10175667.0,-66581.0,82560.0,3728.0,22270000.0,52519000.0,100290000.0,right
266536,-610540.0,-1289316.0,10024828.0,-193351.0,224777.0,-70842.0,22270000.0,52519000.0,100290000.0,right
266546,-1719089.0,-234638.0,9888354.0,-427716.0,380843.0,-318523.0,22270000.0,52519000.0,100290000.0,right
266556,-1070240.0,-1316851.0,9579493.0,-562476.0,377115.0,-526256.0,22270000.0,52519000.0,100290000.0,right
266566,-187950.0,-1352765.0,9331685.0,-48471.0,-41546.0,-778731.0,22270000.0,52519000.0,100290000.0,right
266576,797293.0,-990032.0,10400729.0,675398.0,-553421.0,-548095.0,22270000.0,52519000.0,100290000.0,right
266586,1168406.0,-592582.0,10820924.0,161392.0,-72440.0,-246083.0,22270000.0,52519000.0,100290000.0,right
266596,-13168.0,-1041509.0,9780612.0,-642906.0,493232.0,-21305.0,22270000.0,52519000.0,100290000.0,right
266606,-790110.0,-1371919.0,9216760.0,-265258.0,231702.0,-199743.0,22270000.0,52519000.0,100290000.0,right
266616,-513571.0,-377098.0,10416292.0,345156.0,-262595.0,-405878.0,22270000.0,52519000.0,100290000.0,right
266626,-424983.0,-1017566.0,9871594.0,-193884.0,109192.0,-394159.0,22270000.0,52519000.0,100290000.0,right
266636,174782.0,-1180377.0,10184047.0,-59656.0,38883.0,-389365.0,22270000.0,52519000.0,100290000.0,right
266646,231047.0,-1149251.0,9990111.0,32491.0,-8522.0,-27697.0,22270000.0,52519000.0,100290000.0,right
266656,-16759.0,-1489238.0,10023631.0,-11718.0,39415.0,83625.0,22270000.0,52519000.0,100290000.0,right
266666,-428575.0,-1737046.0,9945817.0,29828.0,9055.0,26099.0,22270000.0,52519000.0,100290000.0,right
266676,-344775.0,-806870.0,9929057.0,10120.0,-12250.0,-31958.0,22270000.0,52519000.0,100290000.0,right
266686,-31125.0,-1183968.0,9973351.0,-7457.0,-19175.0,-2130.0,22270000.0,52519000.0,100290000.0,right
266696,113728.0,-887078.0,9997294.0,3728.0,-14381.0,-2663.0,22270000.0,52519000.0,100290000.0,right
266706,29928.0,-1142069.0,9960182.0,-2663.0,-532.0,-1597.0,22270000.0,52519000.0,100290000.0,right
266716,-256187.0,-925387.0,9948211.0,1597.0,7989.0,532.0,22270000.0,52519000.0,100290000.0,right
266726,-348366.0,-1170800.0,9931451.0,-2663.0,1065.0,-1597.0,22270000.0,52519000.0,100290000.0,right
266736,-213090.0,-944541.0,9954197.0,2663.0,-10652.0,-3728.0,22270000.0,52519000.0,100290000.0,right
266746,0.0,-1114534.0,9956591.0,-1065.0,-13316.0,-5326.0,22270000.0,52519000.0,100290000.0,right
266756,33519.0,-966089.0,9972154.0,532.0,-6391.0,-3728.0,22270000.0,52519000.0,100290000.0,right
266766,-120910.0,-1082212.0,9975745.0,-2130.0,2663.0,-1597.0,22270000.0,52519000.0,100290000.0,right
266776,-266961.0,-998412.0,9950605.0,1065.0,532.0,-532.0,22270000.0,52519000.0,100290000.0,right
266786,-227456.0,-1079817.0,9951802.0,-532.0,-6391.0,-2130.0,22270000.0,52519000.0,100290000.0,right
266796,-106545.0,-1000806.0,9964971.0,1065.0,-11185.0,-4261.0,22270000.0,52519000.0,100290000.0,right
266806,-106545.0,-1000806.0,9964971.0,1065.0,-11185.0,-4261.0,22270000.0,52519000.0,100290000.0,right
266816,-10774.0,-1072635.0,9966168.0,-532.0,-7457.0,-2130.0,22270000.0,52519000.0,100290000.0,right
266826,-93376.0,-1007989.0,9966168.0,0.0,-532.0,-1065.0,22270000.0,52519000.0,100290000.0,right
266836,-208301.0,-1064255.0,9958985.0,-2130.0,-532.0,-532.0,22270000.0,52519000.0,100290000.0,right
266846,-207104.0,-1036720.0,9944620.0,0.0,-5326.0,-2663.0,22270000.0,52519000.0,100290000.0,right
266856,-93376.0,-1061860.0,9951802.0,0.0,-8522.0,-3728.0,22270000.0,52519000.0,100290000.0,right
266866,-51476.0,-1004398.0,9966168.0,532.0,-6391.0,-2663.0,22270000.0,52519000.0,100290000.0,right
266876,-100559.0,-1060663.0,9963774.0,-1597.0,-1065.0,-1597.0,22270000.0,52519000.0,100290000.0,right
266886,-184359.0,-1037918.0,9960182.0,-532.0,-1065.0,-1065.0,22270000.0,52519000.0,100290000.0,right
266896,-199921.0,-1048692.0,9956591.0,0.0,-5326.0,-2130.0,22270000.0,52519000.0,100290000.0,right
266906,-96968.0,-1029538.0,9990111.0,0.0,-9055.0,-2663.0,22270000.0,52519000.0,100290000.0,right
266916,-58659.0,-1043903.0,9973351.0,0.0,-7457.0,-1597.0,22270000.0,52519000.0,100290000.0,right
266926,-118516.0,-1017566.0,9972154.0,-532.0,-3195.0,-1065.0,22270000.0,52519000.0,100290000.0,right
266936,-199921.0,-1072635.0,9962577.0,-1065.0,-1065.0,-1597.0,22270000.0,52519000.0,100290000.0,right
266946,-196330.0,-1012778.0,9979337.0,532.0,-4261.0,-2663.0,22270000.0,52519000.0,100290000.0,right
266956,-116122.0,-1036720.0,9978139.0,0.0,-7989.0,-2130.0,22270000.0,52519000.0,100290000.0,right
266966,-53871.0,-1046298.0,9969759.0,0.0,-5326.0,-2130.0,22270000.0,52519000.0,100290000.0,right
266976,-90982.0,-1039115.0,9956591.0,0.0,-1065.0,-2663.0,22270000.0,52519000.0,100290000.0,right
266986,-183162.0,-1028340.0,9954197.0,532.0,-1597.0,-2130.0,22270000.0,52519000.0,100290000.0,right
266996,-192739.0,-1052283.0,9950605.0,0.0,-3728.0,-2130.0,22270000.0,52519000.0,100290000.0,right
267006,-126896.0,-1048692.0,9974548.0,0.0,-7457.0,-2130.0,22270000.0,52519000.0,100290000.0,right
267016,-43096.0,-1043903.0,9986519.0,532.0,-6924.0,-2130.0,22270000.0,52519000.0,100290000.0,right
267026,-61054.0,-1046298.0,9972154.0,0.0,-3728.0,-3195.0,22270000.0,52519000.0,100290000.0,right
267036,-179570.0,-1028340.0,9933845.0,0.0,-1065.0,-3195.0,22270000.0,52519000.0,100290000.0,right
267046,-237033.0,-1024749.0,9953000.0,532.0,-2130.0,-3195.0,22270000.0,52519000.0,100290000.0,right
267056,-159219.0,-1061860.0,9962577.0,-532.0,-6924.0,-2663.0,22270000.0,52519000.0,100290000.0,right
267066,-71828.0,-1048692.0,9967365.0,0.0,-6924.0,-2663.0,22270000.0,52519000.0,100290000.0,right
267077,-80208.0,-1040312.0,9990111.0,0.0,-4261.0,-2663.0,22270000.0,52519000.0,100290000.0,right
267086,-146050.0,-1047495.0,9970957.0,0.0,-1597.0,-1597.0,22270000.0,52519000.0,100290000.0,right
267097,-205907.0,-1030735.0,9939831.0,0.0,-1065.0,-1065.0,22270000.0,52519000.0,100290000.0,right
267107,-191541.0,-1043903.0,9935042.0,0.0,-5859.0,-2130.0,22270000.0,52519000.0,100290000.0,right
267117,-111333.0,-1035523.0,9956591.0,-1065.0,-7989.0,-2663.0,22270000.0,52519000.0,100290000.0,right
267127,-56265.0,-1042706.0,9973351.0,-1597.0,-5859.0,-3195.0,22270000.0,52519000.0,100290000.0,right
267137,-96968.0,-1042706.0,9945817.0,-1065.0,-2663.0,-2130.0,22270000.0,52519000.0,100290000.0,right
267147,-177176.0,-1040312.0,9951802.0,-532.0,-2130.0,-2663.0,22270000.0,52519000.0,100290000.0,right
267157,-201119.0,-1039115.0,9961380.0,-1065.0,-2663.0,-1597.0,22270000.0,52519000.0,100290000.0,right
267167,-117319.0,-1047495.0,9957788.0,-532.0,-7457.0,-2663.0,22270000.0,52519000.0,100290000.0,right
267177,-73025.0,-1027143.0,9970957.0,532.0,-9587.0,-3195.0,22270000.0,52519000.0,100290000.0,right
267187,-108939.0,-1036720.0,9956591.0,532.0,-4261.0,-2663.0,22270000.0,52519000.0,100290000.0,right
267197,-172387.0,-1043903.0,9937437.0,-1065.0,-1065.0,-2130.0,22270000.0,52519000.0,100290000.0,right
267207,-168796.0,-1043903.0,9964971.0,0.0,-3728.0,-2130.0,22270000.0,52519000.0,100290000.0,right
267217,-138867.0,-1040312.0,9957788.0,-532.0,-6924.0,-1065.0,22270000.0,52519000.0,100290000.0,right
267227,-93376.0,-1039115.0,9958985.0,0.0,-6924.0,-2130.0,22270000.0,52519000.0,100290000.0,right
267237,-95770.0,-1036720.0,9972154.0,0.0,-5859.0,-2130.0,22270000.0,52519000.0,100290000.0,right
267247,-147247.0,-1043903.0,9948211.0,0.0,-3195.0,-2130.0,22270000.0,52519000.0,100290000.0,right
267257,-174782.0,-1045100.0,9941028.0,-532.0,-3728.0,-1597.0,22270000.0,52519000.0,100290000.0,right
267267,-144853.0,-1042706.0,9958985.0,532.0,-7457.0,-532.0,22270000.0,52519000.0,100290000.0,right
267277,-99362.0,-1045100.0,9960182.0,532.0,-6391.0,-3728.0,22270000.0,52519000.0,100290000.0,right
267287,-107742.0,-1029538.0,9945817.0,-532.0,-4793.0,-2663.0,22270000.0,52519000.0,100290000.0,right
267297,-164007.0,-1040312.0,9960182.0,-532.0,-2130.0,-1597.0,22270000.0,52519000.0,100290000.0,right
267307,-159219.0,-1053480.0,9975745.0,-532.0,-5326.0,-2130.0,22270000.0,52519000.0,100290000.0,right
267317,-124502.0,-1058269.0,9969759.0,-1597.0,-6391.0,-3195.0,22270000.0,52519000.0,100290000.0,right
267327,-101756.0,-1045100.0,9975745.0,-1065.0,-4261.0,-3195.0,22270000.0,52519000.0,100290000.0,right
267337,-125699.0,-1027143.0,9949408.0,-1065.0,-1065.0,-2663.0,22270000.0,52519000.0,100290000.0,right
267347,-172387.0,-1035523.0,9956591.0,-1065.0,-2663.0,-2130.0,22270000.0,52519000.0,100290000.0,right
267357,-153233.0,-1049889.0,9962577.0,0.0,-6391.0,-1597.0,22270000.0,52519000.0,100290000.0,right
267367,-119713.0,-1039115.0,9967365.0,0.0,-6924.0,-2130.0,22270000.0,52519000.0,100290000.0,right
267377,-89785.0,-1023552.0,9964971.0,-532.0,-5859.0,-1597.0,22270000.0,52519000.0,100290000.0,right
267387,-111333.0,-1040312.0,9963774.0,0.0,-2663.0,-1597.0,22270000.0,52519000.0,100290000.0,right
267397,-164007.0,-1047495.0,9951802.0,532.0,-2130.0,-2663.0,22270000.0,52519000.0,100290000.0,right
267407,-165204.0,-1045100.0,9933845.0,1597.0,-3728.0,-1597.0,22270000.0,52519000.0,100290000.0,right
267417,-129290.0,-1029538.0,9949408.0,0.0,-5326.0,-2663.0,22270000.0,52519000.0,100290000.0,right
267427,-108939.0,-1042706.0,9982928.0,-532.0,-5859.0,-2663.0,22270000.0,52519000.0,100290000.0,right
267437,-113728.0,-1046298.0,9978139.0,532.0,-4261.0,-2130.0,22250000.0,52566000.0,100288000.0,right
267447,-141262.0,-1047495.0,9953000.0,532.0,-3728.0,-3728.0,22250000.0,52566000.0,100288000.0,right
267457,-142459.0,-1045100.0,9947014.0,532.0,-4793.0,-2130.0,22250000.0,52566000.0,100288000.0,right
267467,-136473.0,-1048692.0,9958985.0,0.0,-5326.0,-2130.0,22250000.0,52566000.0,100288000.0,right
267477,-104150.0,-1019961.0,9961380.0,532.0,-5859.0,-1597.0,22250000.0,52566000.0,100288000.0,right
267487,-111333.0,-1042706.0,9948211.0,0.0,-4261.0,-2130.0,22250000.0,52566000.0,100288000.0,right
267497,-149642.0,-1031932.0,9961380.0,-1065.0,-3195.0,-2130.0,22250000.0,52566000.0,100288000.0,right
267507,-168796.0,-1049889.0,9956591.0,-1065.0,-3195.0,-2663.0,22250000.0,52566000.0,100288000.0,right
267517,-158022.0,-1031932.0,9944620.0,-2130.0,-4261.0,-2130.0,22250000.0,52566000.0,100288000.0,right
267527,-123305.0,-1047495.0,9962577.0,-1065.0,-4793.0,-1597.0,22250000.0,52566000.0,100288000.0,right
267537,-111333.0,-1041509.0,9966168.0,1065.0,-4793.0,-2130.0,22250000.0,52566000.0,100288000.0,right
267547,-112530.0,-1047495.0,9964971.0,532.0,-3728.0,-2130.0,22250000.0,52566000.0,100288000.0,right
267557,-130487.0,-1039115.0,9976942.0,-1065.0,-3195.0,-1597.0,22250000.0,52566000.0,100288000.0,right
267567,-150839.0,-1019961.0,9962577.0,-1065.0,-3195.0,-2130.0,22250000.0,52566000.0,100288000.0,right
267577,-164007.0,-1043903.0,9961380.0,-532.0,-4261.0,-2130.0,22250000.0,52566000.0,100288000.0,right
267587,-130487.0,-1052283.0,9963774.0,0.0,-4793.0,-2663.0,22250000.0,52566000.0,100288000.0,right
267597,-99362.0,-1036720.0,9975745.0,-1597.0,-5859.0,-4261.0,22250000.0,52566000.0,100288000.0,right
267607,-87391.0,-1041509.0,9973351.0,-1597.0,-2663.0,-2130.0,22250000.0,52566000.0,100288000.0,right
267617,-136473.0,-1049889.0,9953000.0,-532.0,-1597.0,0.0,22250000.0,52566000.0,100288000.0,right
267627,-179570.0,-1017566.0,9953000.0,-1065.0,-2663.0,-1065.0,22250000.0,52566000.0,100288000.0,right
267637,-185556.0,-1049889.0,9958985.0,-1065.0,-4793.0,-2130.0,22250000.0,52566000.0,100288000.0,right
267647,-114925.0,-1058269.0,9966168.0,-532.0,-6924.0,-2130.0,22250000.0,52566000.0,100288000.0,right
267657,-71828.0,-1048692.0,9979337.0,-1597.0,-5859.0,-2663.0,22250000.0,52566000.0,100288000.0,right
267667,-87391.0,-1042706.0,9963774.0,-532.0,-2663.0,-3195.0,22250000.0,52566000.0,100288000.0,right
267677,-161613.0,-1027143.0,9962577.0,0.0,-2663.0,-1065.0,22250000.0,52566000.0,100288000.0,right
267687,-203513.0,-1031932.0,9969759.0,532.0,-3195.0,-2130.0,22250000.0,52566000.0,100288000.0,right
267698,-171190.0,-1036720.0,9968562.0,-2130.0,-5326.0,-2663.0,22250000.0,52566000.0,100288000.0,right
267708,-95770.0,-1048692.0,9972154.0,-1065.0,-6391.0,-3195.0,22250000.0,52566000.0,100288000.0,right
267778,-119713.0,-1027143.0,9960182.0,-1065.0,-3195.0,-2130.0,22250000.0,52566000.0,100288000.0,right
267788,-132882.0,-1034326.0,9974548.0,-532.0,-3728.0,-2663.0,22250000.0,52566000.0,100288000.0,right
267798,-132882.0,-1048692.0,9957788.0,-532.0,-4793.0,-2663.0,22250000.0,52566000.0,100288000.0,right
267808,-160416.0,-1036720.0,9947014.0,0.0,-3195.0,-1597.0,22250000.0,52566000.0,100288000.0,right
267818,-175979.0,-1033129.0,9951802.0,0.0,-2130.0,-532.0,22250000.0,52566000.0,100288000.0,right
267828,-136473.0,-1052283.0,9960182.0,-532.0,-5326.0,-2130.0,22250000.0,52566000.0,100288000.0,right
267838,-79011.0,-1041509.0,9972154.0,0.0,-6924.0,-2663.0,22250000.0,52566000.0,100288000.0,right
267848,-69433.0,-1021158.0,9969759.0,532.0,-3195.0,-2130.0,22250000.0,52566000.0,100288000.0,right
267858,-146050.0,-1047495.0,9957788.0,-532.0,-1597.0,-2130.0,22250000.0,52566000.0,100288000.0,right
267868,-146050.0,-1047495.0,9957788.0,-532.0,-1597.0,-2130.0,22250000.0,52566000.0,100288000.0,right
267878,-214287.0,-1037918.0,9962577.0,-532.0,-3195.0,-2130.0,22250000.0,52566000.0,100288000.0,right
267888,-181964.0,-1033129.0,9969759.0,532.0,-6391.0,-2130.0,22250000.0,52566000.0,100288000.0,right
267898,-131685.0,-1039115.0,9960182.0,-532.0,-7989.0,-3195.0,22250000.0,52566000.0,100288000.0,right
267908,-82602.0,-1049889.0,9950605.0,0.0,-7457.0,-2130.0,22250000.0,52566000.0,100288000.0,right
267918,-102953.0,-1035523.0,9985322.0,2130.0,-3195.0,-2130.0,22250000.0,52566000.0,100288000.0,right
267928,-129290.0,-1053480.0,9972154.0,1597.0,-4793.0,-1065.0,22250000.0,52566000.0,100288000.0,right
267938,-171190.0,-1039115.0,9958985.0,0.0,-2130.0,-2130.0,22250000.0,52566000.0,100288000.0,right
267948,-169993.0,-1030735.0,9956591.0,0.0,-2130.0,-2663.0,22250000.0,52566000.0,100288000.0,right
267958,-143656.0,-1030735.0,9966168.0,-1065.0,-6924.0,-3728.0,22250000.0,52566000.0,100288000.0,right
267968,-112530.0,-1060663.0,9969759.0,-2130.0,-6391.0,-3195.0,22250000.0,52566000.0,100288000.0,right
267978,-101756.0,-1036720.0,9970957.0,-532.0,-5326.0,-1597.0,22250000.0,52566000.0,100288000.0,right
267988,-99362.0,-1041509.0,9960182.0,0.0,-3195.0,-3195.0,22250000.0,52566000.0,100288000.0,right
267998,-156824.0,-1045100.0,9962577.0,532.0,-2663.0,-2663.0,22250000.0,52566000.0,100288000.0,right
268008,-184359.0,-1048692.0,9949408.0,532.0,-3728.0,-2130.0,22250000.0,52566000.0,100288000.0,right
268018,-134079.0,-1045100.0,9950605.0,-532.0,-5859.0,-2663.0,22250000.0,52566000.0,100288000.0,right
268028,-84996.0,-1040312.0,9970957.0,0.0,-6391.0,-3728.0,22250000.0,52566000.0,100288000.0,right
268038,-80208.0,-1041509.0,9972154.0,0.0,-3728.0,-3728.0,22250000.0,52566000.0,100288000.0,right
268048,-150839.0,-1042706.0,9961380.0,532.0,-532.0,-1597.0,22250000.0,52566000.0,100288000.0,right
268058,-198724.0,-1035523.0,9955394.0,-532.0,-2663.0,-3195.0,22250000.0,52566000.0,100288000.0,right
268068,-167599.0,-1035523.0,9955394.0,-1065.0,-6391.0,-2663.0,22250000.0,52566000.0,100288000.0,right
268078,-94573.0,-1041509.0,9972154.0,0.0,-7457.0,-2663.0,22250000.0,52566000.0,100288000.0,right
268088,-64645.0,-1053480.0,9970957.0,1597.0,-5326.0,-2663.0,22250000.0,52566000.0,100288000.0,right
268098,-130487.0,-1037918.0,9953000.0,532.0,-2663.0,-1065.0,22250000.0,52566000.0,100288000.0,right
268108,-185556.0,-1029538.0,9935042.0,-532.0,-3195.0,-3195.0,22250000.0,52566000.0,100288000.0,right
268118,-181964.0,-1058269.0,9955394.0,-1065.0,-5326.0,-1065.0,22250000.0,52566000.0,100288000.0,right
268128,-131685.0,-1042706.0,9961380.0,-1065.0,-6391.0,-1597.0,22250000.0,52566000.0,100288000.0,right
268138,-106545.0,-1042706.0,9978139.0,-2130.0,-6924.0,-3195.0,22250000.0,52566000.0,100288000.0,right
268148,-94573.0,-1051086.0,9970957.0,532.0,-4793.0,-2663.0,22250000.0,52566000.0,100288000.0,right
268158,-141262.0,-1023552.0,9968562.0,1065.0,-1597.0,-1597.0,22250000.0,52566000.0,100288000.0,right
268168,-165204.0,-1022355.0,9969759.0,-1597.0,-3728.0,-2130.0,22250000.0,52566000.0,100288000.0,right
268178,-143656.0,-1035523.0,9966168.0,-532.0,-4793.0,-3195.0,22250000.0,52566000.0,100288000.0,right
268188,-132882.0,-1051086.0,9953000.0,-532.0,-5326.0,-2663.0,22250000.0,52566000.0,100288000.0,right
268198,-123305.0,-1033129.0,9969759.0,0.0,-5326.0,-1065.0,22250000.0,52566000.0,100288000.0,right
268208,-130487.0,-1055875.0,9961380.0,0.0,-4793.0,-2130.0,22250000.0,52566000.0,100288000.0,right
268218,-135276.0,-1036720.0,9953000.0,1065.0,-3195.0,-2663.0,22250000.0,52566000.0,100288000.0,right
268228,-155627.0,-1046298.0,9958985.0,-1065.0,-4793.0,-2130.0,22250000.0,52566000.0,100288000.0,right
268238,-152036.0,-1045100.0,9966168.0,0.0,-4261.0,-1597.0,22250000.0,52566000.0,100288000.0,right
268248,-125699.0,-1037918.0,9961380.0,0.0,-4261.0,-2663.0,22250000.0,52566000.0,100288000.0,right
268258,-135276.0,-1037918.0,9960182.0,0.0,-5326.0,-1597.0,22250000.0,52566000.0,100288000.0,right
268268,-113728.0,-1043903.0,9962577.0,0.0,-5326.0,-1065.0,22250000.0,52566000.0,100288000.0,right
268278,-117319.0,-1048692.0,9962577.0,0.0,-3728.0,-2130.0,22250000.0,52566000.0,100288000.0,right
268288,-137670.0,-1055875.0,9972154.0,0.0,-3728.0,-2130.0,22250000.0,52566000.0,100288000.0,right
268298,-156824.0,-1048692.0,9973351.0,-1065.0,-4261.0,-1597.0,22250000.0,52566000.0,100288000.0,right
268308,-152036.0,-1040312.0,9975745.0,-532.0,-5326.0,-2130.0,22250000.0,52566000.0,100288000.0,right
268318,-130487.0,-1039115.0,9964971.0,0.0,-6391.0,-2130.0,22250000.0,52566000.0,100288000.0,right
268328,-117319.0,-1028340.0,9960182.0,0.0,-5859.0,-2130.0,22250000.0,52566000.0,100288000.0,right
268338,-124502.0,-1030735.0,9957788.0,-532.0,-4261.0,-2130.0,22250000.0,52566000.0,100288000.0,right
268349,-140065.0,-1045100.0,9961380.0,-532.0,-4793.0,-3728.0,22250000.0,52566000.0,100288000.0,right
268359,-131685.0,-1043903.0,9957788.0,-532.0,-4793.0,-1597.0,22250000.0,52566000.0,100288000.0,right
268369,-125699.0,-1031932.0,9972154.0,-1597.0,-3195.0,-2663.0,22250000.0,52566000.0,100288000.0,right
268379,-134079.0,-1037918.0,9962577.0,-1065.0,-5326.0,-1597.0,22250000.0,52566000.0,100288000.0,right
268389,-154430.0,-1039115.0,9968562.0,0.0,-4793.0,-1597.0,22250000.0,52566000.0,100288000.0,right
268399,-128093.0,-1059466.0,9978139.0,532.0,-5859.0,-1597.0,22250000.0,52566000.0,100288000.0,right
268409,-111333.0,-1047495.0,9961380.0,0.0,-5859.0,-1065.0,22250000.0,52566000.0,100288000.0,right
268419,-107742.0,-1049889.0,9973351.0,-532.0,-3728.0,-2663.0,22250000.0,52566000.0,100288000.0,right
268429,-159219.0,-1035523.0,9984125.0,532.0,-3195.0,-1597.0,22250000.0,52566000.0,100288000.0,right
268439,-175979.0,-1033129.0,9956591.0,532.0,-3728.0,-2130.0,22210000.0,52546000.0,100288000.0,right
268449,-155627.0,-1039115.0,9951802.0,-532.0,-6924.0,-2663.0,22210000.0,52546000.0,100288000.0,right
268459,-93376.0,-1022355.0,9964971.0,-532.0,-6924.0,-3195.0,22210000.0,52546000.0,100288000.0,right
268469,-100559.0,-1055875.0,9970957.0,532.0,-3728.0,-2663.0,22210000.0,52546000.0,100288000.0,right
268479,-141262.0,-1053480.0,9956591.0,532.0,-2663.0,-3195.0,22210000.0,52546000.0,100288000.0,right
268489,-175979.0,-1025946.0,9933845.0,1065.0,-2663.0,-1597.0,22210000.0,52546000.0,100288000.0,right
268499,-159219.0,-1019961.0,9949408.0,-532.0,-6391.0,-532.0,22210000.0,52546000.0,100288000.0,right
268509,-102953.0,-1047495.0,9967365.0,-532.0,-6391.0,-2130.0,22210000.0,52546000.0,100288000.0,right
268519,-86193.0,-1033129.0,9963774.0,532.0,-3728.0,-3728.0,22210000.0,52546000.0,100288000.0,right
268529,-114925.0,-1029538.0,9955394.0,0.0,-1597.0,-2130.0,22210000.0,52546000.0,100288000.0,right
268539,-168796.0,-1042706.0,9951802.0,-1065.0,-2663.0,-2663.0,22210000.0,52546000.0,100288000.0,right
268549,-162810.0,-1052283.0,9966168.0,-1065.0,-3728.0,-3728.0,22210000.0,52546000.0,100288000.0,right
268559,-138867.0,-1027143.0,9982928.0,0.0,-7457.0,-2663.0,22210000.0,52546000.0,100288000.0,right
268569,-84996.0,-1054678.0,9986519.0,0.0,-6924.0,-1597.0,22210000.0,52546000.0,100288000.0,right
268579,-98165.0,-1051086.0,9968562.0,532.0,-3728.0,-2663.0,22210000.0,52546000.0,100288000.0,right
268589,-164007.0,-1019961.0,9974548.0,0.0,-1597.0,-2663.0,22210000.0,52546000.0,100288000.0,right
268599,-202316.0,-1028340.0,9958985.0,-1065.0,-3728.0,-2663.0,22210000.0,52546000.0,100288000.0,right
268609,-166402.0,-1040312.0,9960182.0,-1065.0,-7457.0,-3728.0,22210000.0,52546000.0,100288000.0,right
268619,-105348.0,-1030735.0,9962577.0,0.0,-7989.0,-2663.0,22210000.0,52546000.0,100288000.0,right
268629,-82602.0,-1028340.0,9974548.0,-532.0,-4793.0,-2130.0,22210000.0,52546000.0,100288000.0,right
268639,-128093.0,-1037918.0,9979337.0,-1065.0,-3728.0,-2130.0,22210000.0,52546000.0,100288000.0,right
268649,-180767.0,-1042706.0,9944620.0,532.0,-2130.0,-1597.0,22210000.0,52546000.0,100288000.0,right
268659,-189147.0,-1022355.0,9955394.0,-532.0,-3195.0,-1065.0,22210000.0,52546000.0,100288000.0,right
268669,-140065.0,-1053480.0,9976942.0,-532.0,-5859.0,-2130.0,22210000.0,52546000.0,100288000.0,right
268679,-87391.0,-1049889.0,9969759.0,-532.0,-5859.0,-2130.0,22210000.0,52546000.0,100288000.0,right
268689,-105348.0,-1041509.0,9982928.0,-1065.0,-4261.0,-2130.0,22210000.0,52546000.0,100288000.0,right
268699,-153233.0,-1027143.0,9949408.0,0.0,-4261.0,-532.0,22210000.0,52546000.0,100288000.0,right
268709,-171190.0,-1037918.0,9955394.0,-532.0,-2663.0,-2130.0,22210000.0,52546000.0,100288000.0,right
268719,-166402.0,-1036720.0,9970957.0,-532.0,-4793.0,-3728.0,22210000.0,52546000.0,100288000.0,right
268729,-124502.0,-1045100.0,9974548.0,0.0,-6391.0,-1065.0,22210000.0,52546000.0,100288000.0,right
268739,-106545.0,-1042706.0,9954197.0,-532.0,-4793.0,-2130.0,22210000.0,52546000.0,100288000.0,right
268749,-120910.0,-1036720.0,9944620.0,0.0,-4261.0,-2130.0,22210000.0,52546000.0,100288000.0,right
268759,-135276.0,-1048692.0,9954197.0,0.0,-4261.0,-2130.0,22210000.0,52546000.0,100288000.0,right
268769,-136473.0,-1039115.0,9950605.0,-532.0,-3728.0,-1597.0,22210000.0,52546000.0,100288000.0,right
268779,-142459.0,-1031932.0,9955394.0,-532.0,-4261.0,-1597.0,22210000.0,52546000.0,100288000.0,right
268789,-131685.0,-1040312.0,9955394.0,-532.0,-3195.0,-2130.0,22210000.0,52546000.0,100288000.0,right
268799,-136473.0,-1054678.0,9955394.0,-1065.0,-3195.0,-3195.0,22210000.0,52546000.0,100288000.0,right
268809,-132882.0,-1051086.0,9969759.0,532.0,-3728.0,-3195.0,22210000.0,52546000.0,100288000.0,right
268819,-124502.0,-1036720.0,9958985.0,1597.0,-4793.0,-1065.0,22210000.0,52546000.0,100288000.0,right
268829,-134079.0,-1037918.0,9961380.0,-1065.0,-3728.0,-1065.0,22210000.0,52546000.0,100288000.0,right
268839,-140065.0,-1043903.0,9962577.0,-532.0,-4793.0,-3195.0,22210000.0,52546000.0,100288000.0,right
268849,-134079.0,-1028340.0,9956591.0,0.0,-6391.0,-2130.0,22210000.0,52546000.0,100288000.0,right
268859,-128093.0,-1037918.0,9979337.0,532.0,-5859.0,-2130.0,22210000.0,52546000.0,100288000.0,right
268869,-114925.0,-1049889.0,9969759.0,0.0,-5326.0,-2663.0,22210000.0,52546000.0,100288000.0,right
268879,-131685.0,-1031932.0,9972154.0,-532.0,-3195.0,-2130.0,22210000.0,52546000.0,100288000.0,right
268889,-156824.0,-1028340.0,9957788.0,-532.0,-3195.0,-1597.0,22210000.0,52546000.0,100288000.0,right
268899,-149642.0,-1045100.0,9962577.0,-1065.0,-4793.0,-3728.0,22210000.0,52546000.0,100288000.0,right
268909,-135276.0,-1047495.0,9966168.0,0.0,-5859.0,-3195.0,22210000.0,52546000.0,100288000.0,right
268919,-122108.0,-1040312.0,9976942.0,-532.0,-5326.0,-1065.0,22210000.0,52546000.0,100288000.0,right
268929,-122108.0,-1040312.0,9976942.0,-532.0,-5326.0,-1065.0,22210000.0,52546000.0,100288000.0,right
268939,-122108.0,-1043903.0,9950605.0,-1065.0,-4793.0,-2130.0,22210000.0,52546000.0,100288000.0,right
268949,-149642.0,-1028340.0,9947014.0,0.0,-3728.0,-1597.0,22210000.0,52546000.0,100288000.0,right
268960,-165204.0,-1029538.0,9967365.0,-532.0,-4261.0,-2130.0,22210000.0,52546000.0,100288000.0,right
268970,-124502.0,-1039115.0,9966168.0,-1597.0,-5859.0,-2130.0,22210000.0,52546000.0,100288000.0,right
268980,-84996.0,-1036720.0,9970957.0,-1065.0,-5326.0,-1597.0,22210000.0,52546000.0,100288000.0,right
268990,-126896.0,-1030735.0,9966168.0,-532.0,-5326.0,-1597.0,22210000.0,52546000.0,100288000.0,right
269000,-166402.0,-1036720.0,9958985.0,0.0,-5326.0,-2663.0,22210000.0,52546000.0,100288000.0,right
269010,-153233.0,-1035523.0,9960182.0,0.0,-4261.0,-2663.0,22210000.0,52546000.0,100288000.0,right
269020,-150839.0,-1040312.0,9951802.0,0.0,-5859.0,-1597.0,22210000.0,52546000.0,100288000.0,right
269030,-130487.0,-1052283.0,9961380.0,-1597.0,-7457.0,-1065.0,22210000.0,52546000.0,100288000.0,right
269040,-101756.0,-1042706.0,9962577.0,-1597.0,-4261.0,-2130.0,22210000.0,52546000.0,100288000.0,right
269050,-136473.0,-1040312.0,9953000.0,0.0,-2663.0,-1597.0,22210000.0,52546000.0,100288000.0,right
269060,-165204.0,-1054678.0,9954197.0,-1065.0,-3195.0,-1597.0,22210000.0,52546000.0,100288000.0,right
269070,-158022.0,-1028340.0,9953000.0,-1065.0,-4793.0,-1597.0,22210000.0,52546000.0,100288000.0,right
269080,-122108.0,-1043903.0,9963774.0,532.0,-5859.0,-2663.0,22210000.0,52546000.0,100288000.0,right
269090,-107742.0,-1036720.0,9962577.0,0.0,-4793.0,-2663.0,22210000.0,52546000.0,100288000.0,right
269100,-126896.0,-1041509.0,9964971.0,-532.0,-3728.0,-1597.0,22210000.0,52546000.0,100288000.0,right
269110,-153233.0,-1027143.0,9949408.0,-1065.0,-4261.0,-2130.0,22210000.0,52546000.0,100288000.0,right
269120,-162810.0,-1043903.0,9960182.0,0.0,-4793.0,-1597.0,22210000.0,52546000.0,100288000.0,right
269130,-137670.0,-1031932.0,9972154.0,-532.0,-4793.0,-1597.0,22210000.0,52546000.0,100288000.0,right
269140,-135276.0,-1041509.0,9969759.0,-1065.0,-4261.0,-2663.0,22210000.0,52546000.0,100288000.0,right
269150,-113728.0,-1051086.0,9975745.0,0.0,-5326.0,-1597.0,22210000.0,52546000.0,100288000.0,right
269160,-126896.0,-1045100.0,9951802.0,-532.0,-3728.0,-2663.0,22210000.0,52546000.0,100288000.0,right
269170,-155627.0,-1046298.0,9945817.0,-2130.0,-3195.0,-2663.0,22210000.0,52546000.0,100288000.0,right
269180,-154430.0,-1045100.0,9935042.0,0.0,-4261.0,-2130.0,22210000.0,52546000.0,100288000.0,right
269190,-147247.0,-1034326.0,9962577.0,532.0,-4793.0,-1597.0,22210000.0,52546000.0,100288000.0,right
269200,-125699.0,-1040312.0,9968562.0,532.0,-4793.0,-2130.0,22210000.0,52546000.0,100288000.0,right
269210,-110136.0,-1051086.0,9968562.0,-1597.0,-3728.0,-4261.0,22210000.0,52546000.0,100288000.0,right
269220,-142459.0,-1034326.0,9963774.0,-532.0,-3195.0,-2130.0,22210000.0,52546000.0,100288000.0,right
269230,-150839.0,-1034326.0,9947014.0,-532.0,-3728.0,-1065.0,22210000.0,52546000.0,100288000.0,right
269240,-146050.0,-1030735.0,9949408.0,-1597.0,-4261.0,-1597.0,22210000.0,52546000.0,100288000.0,right
269250,-129290.0,-1034326.0,9978139.0,-532.0,-5326.0,-1597.0,22210000.0,52546000.0,100288000.0,right
269260,-138867.0,-1040312.0,9984125.0,-532.0,-5326.0,-2663.0,22210000.0,52546000.0,100288000.0,right
269270,-130487.0,-1045100.0,9963774.0,-1065.0,-4261.0,-2130.0,22210000.0,52546000.0,100288000.0,right
269280,-128093.0,-1046298.0,9949408.0,532.0,-3728.0,-2130.0,22210000.0,52546000.0,100288000.0,right
269290,-141262.0,-1048692.0,9954197.0,-1065.0,-4261.0,-2663.0,22210000.0,52546000.0,100288000.0,right
269300,-136473.0,-1048692.0,9963774.0,-2130.0,-5326.0,-3195.0,22210000.0,52546000.0,100288000.0,right
269310,-126896.0,-1035523.0,9962577.0,-1065.0,-5326.0,-3728.0,22210000.0,52546000.0,100288000.0,right
269320,-106545.0,-1065452.0,9957788.0,0.0,-5326.0,-2663.0,22210000.0,52546000.0,100288000.0,right
269330,-134079.0,-1049889.0,9961380.0,0.0,-3728.0,-3195.0,22210000.0,52546000.0,100288000.0,right
269340,-144853.0,-1034326.0,9972154.0,-532.0,-3195.0,-1597.0,22210000.0,52546000.0,100288000.0,right
269350,-138867.0,-1043903.0,9973351.0,-532.0,-4261.0,-1597.0,22210000.0,52546000.0,100288000.0,right
269360,-124502.0,-1049889.0,9963774.0,-1065.0,-5326.0,-1065.0,22210000.0,52546000.0,100288000.0,right
269370,-137670.0,-1035523.0,9960182.0,-532.0,-5326.0,-2130.0,22210000.0,52546000.0,100288000.0,right
269380,-126896.0,-1041509.0,9982928.0,0.0,-4261.0,-2663.0,22210000.0,52546000.0,100288000.0,right
269390,-132882.0,-1054678.0,9966168.0,-1065.0,-4261.0,-2130.0,22210000.0,52546000.0,100288000.0,right
269400,-152036.0,-1024749.0,9960182.0,-1065.0,-3195.0,-2663.0,22210000.0,52546000.0,100288000.0,right
269410,-149642.0,-1039115.0,9953000.0,-1065.0,-4261.0,-3728.0,22210000.0,52546000.0,100288000.0,right
269420,-125699.0,-1058269.0,9957788.0,-1065.0,-5859.0,-1597.0,22210000.0,52546000.0,100288000.0,right
269430,-119713.0,-1047495.0,9976942.0,-532.0,-4261.0,-1597.0,22210000.0,52546000.0,100288000.0,right
269440,-134079.0,-1027143.0,9972154.0,-532.0,-2663.0,-2130.0,22190000.0,52489000.0,100292000.0,right
269451,-149642.0,-1031932.0,9957788.0,-532.0,-4793.0,-1597.0,22190000.0,52489000.0,100292000.0,right
269460,-132882.0,-1035523.0,9975745.0,0.0,-4793.0,-2663.0,22190000.0,52489000.0,100292000.0,right
269470,-124502.0,-1039115.0,9984125.0,0.0,-4793.0,-2130.0,22190000.0,52489000.0,100292000.0,right
269480,-136473.0,-1031932.0,9969759.0,-1065.0,-4261.0,-2663.0,22190000.0,52489000.0,100292000.0,right
269490,-165204.0,-1051086.0,9949408.0,-1065.0,-4261.0,-3728.0,22190000.0,52489000.0,100292000.0,right
269501,-141262.0,-1057072.0,9961380.0,-532.0,-4261.0,-2130.0,22190000.0,52489000.0,100292000.0,right
269510,-99362.0,-1046298.0,9961380.0,-1065.0,-3195.0,-1065.0,22190000.0,52489000.0,100292000.0,right
269520,-100559.0,-1042706.0,9988914.0,-2130.0,-3728.0,-2130.0,22190000.0,52489000.0,100292000.0,right
269530,-137670.0,-1035523.0,9980534.0,532.0,-3728.0,-2130.0,22190000.0,52489000.0,100292000.0,right
269540,-174782.0,-1043903.0,9939831.0,0.0,-3195.0,-2130.0,22190000.0,52489000.0,100292000.0,right
269551,-161613.0,-1030735.0,9949408.0,-532.0,-4261.0,-2130.0,22190000.0,52489000.0,100292000.0,right
269560,-123305.0,-1043903.0,9968562.0,-532.0,-7457.0,-1597.0,22190000.0,52489000.0,100292000.0,right
269570,-90982.0,-1051086.0,9985322.0,-1597.0,-5326.0,-1065.0,22190000.0,52489000.0,100292000.0,right
269581,-126896.0,-1046298.0,9986519.0,-532.0,-2663.0,-2663.0,22190000.0,52489000.0,100292000.0,right
269591,-169993.0,-1051086.0,9960182.0,0.0,-2663.0,-2663.0,22190000.0,52489000.0,100292000.0,right
269601,-175979.0,-1031932.0,9964971.0,0.0,-3728.0,-2663.0,22190000.0,52489000.0,100292000.0,right
269611,-138867.0,-1048692.0,9973351.0,532.0,-5326.0,-3195.0,22190000.0,52489000.0,100292000.0,right
269621,-104150.0,-1041509.0,9973351.0,532.0,-6391.0,-3195.0,22190000.0,52489000.0,100292000.0,right
269631,-113728.0,-1045100.0,9982928.0,1065.0,-3728.0,-3195.0,22190000.0,52489000.0,100292000.0,right
269641,-110136.0,-1052283.0,9972154.0,532.0,-3195.0,-1065.0,22190000.0,52489000.0,100292000.0,right
269651,-132882.0,-1039115.0,9951802.0,-1065.0,-2130.0,-2130.0,22190000.0,52489000.0,100292000.0,right
269661,-158022.0,-1027143.0,9963774.0,-1065.0,-3195.0,-2663.0,22190000.0,52489000.0,100292000.0,right
269671,-141262.0,-1045100.0,9963774.0,-1065.0,-5326.0,-1065.0,22190000.0,52489000.0,100292000.0,right
269681,-120910.0,-1045100.0,9975745.0,-532.0,-4261.0,-2130.0,22190000.0,52489000.0,100292000.0,right
269691,-123305.0,-1035523.0,9976942.0,-1065.0,-3195.0,-1065.0,22190000.0,52489000.0,100292000.0,right
269701,-142459.0,-1024749.0,9943422.0,0.0,-3728.0,-1597.0,22190000.0,52489000.0,100292000.0,right
269711,-159219.0,-1046298.0,9948211.0,532.0,-3195.0,-3728.0,22190000.0,52489000.0,100292000.0,right
269721,-167599.0,-1034326.0,9984125.0,-1065.0,-5859.0,-3195.0,22190000.0,52489000.0,100292000.0,right
269731,-119713.0,-1035523.0,9980534.0,-1065.0,-6391.0,-2130.0,22190000.0,52489000.0,100292000.0,right
269741,-105348.0,-1053480.0,9978139.0,0.0,-3728.0,-2663.0,22190000.0,52489000.0,100292000.0,right
269751,-123305.0,-1037918.0,9957788.0,0.0,-3728.0,-3728.0,22190000.0,52489000.0,100292000.0,right
269761,-153233.0,-1035523.0,9962577.0,-532.0,-3195.0,-3195.0,22190000.0,52489000.0,100292000.0,right
269771,-150839.0,-1040312.0,9958985.0,1065.0,-3195.0,-2663.0,22190000.0,52489000.0,100292000.0,right
269781,-150839.0,-1031932.0,9964971.0,532.0,-5326.0,-3728.0,22190000.0,52489000.0,100292000.0,right
269791,-124502.0,-1051086.0,9969759.0,532.0,-6391.0,-2663.0,22190000.0,52489000.0,100292000.0,right
269801,-116122.0,-1041509.0,9961380.0,532.0,-5326.0,-532.0,22190000.0,52489000.0,100292000.0,right
269811,-150839.0,-1045100.0,9953000.0,0.0,-4261.0,-2663.0,22190000.0,52489000.0,100292000.0,right
269821,-156824.0,-1031932.0,9964971.0,-1065.0,-2663.0,-2130.0,22190000.0,52489000.0,100292000.0,right
269831,-156824.0,-1030735.0,9949408.0,-2130.0,-4793.0,-2130.0,22190000.0,52489000.0,100292000.0,right
269841,-134079.0,-1034326.0,9956591.0,-1065.0,-6391.0,-1065.0,22190000.0,52489000.0,100292000.0,right
269851,-107742.0,-1034326.0,9978139.0,0.0,-5326.0,-2663.0,22190000.0,52489000.0,100292000.0,right
269861,-120910.0,-1034326.0,9964971.0,-1065.0,-4261.0,-2663.0,22190000.0,52489000.0,100292000.0,right
269871,-153233.0,-1049889.0,9945817.0,-1065.0,-2663.0,-2663.0,22190000.0,52489000.0,100292000.0,right
269881,-178373.0,-1035523.0,9949408.0,-1065.0,-4261.0,-1597.0,22190000.0,52489000.0,100292000.0,right
269891,-144853.0,-1048692.0,9962577.0,532.0,-7457.0,-1597.0,22190000.0,52489000.0,100292000.0,right
269902,-94573.0,-1037918.0,9968562.0,0.0,-5859.0,-2130.0,22190000.0,52489000.0,100292000.0,right
269911,-116122.0,-1057072.0,9972154.0,-1597.0,-4793.0,-1597.0,22190000.0,52489000.0,100292000.0,right
269921,-166402.0,-1060663.0,9954197.0,-532.0,-3195.0,-2130.0,22190000.0,52489000.0,100292000.0,right
269931,-174782.0,-1045100.0,9947014.0,532.0,-4793.0,-3728.0,22190000.0,52489000.0,100292000.0,right
269941,-132882.0,-1006792.0,9953000.0,1597.0,-6391.0,-2663.0,22190000.0,52489000.0,100292000.0,right
269952,-114925.0,-1065452.0,9961380.0,-2130.0,-6391.0,-2663.0,22190000.0,52489000.0,100292000.0,right
269961,-111333.0,-1046298.0,9979337.0,-1597.0,-4793.0,-2130.0,22190000.0,52489000.0,100292000.0,right
269971,-135276.0,-1054678.0,9956591.0,0.0,-4261.0,-2130.0,22190000.0,52489000.0,100292000.0,right
269981,-135276.0,-1046298.0,9955394.0,532.0,-3728.0,-2663.0,22190000.0,52489000.0,100292000.0,right
269991,-135276.0,-1046298.0,9955394.0,532.0,-3728.0,-2663.0,22190000.0,52489000.0,100292000.0,right
270001,-136473.0,-1030735.0,9950605.0,0.0,-3728.0,-2130.0,22190000.0,52489000.0,100292000.0,right
270011,-158022.0,-1040312.0,9953000.0,-1065.0,-3728.0,-2663.0,22190000.0,52489000.0,100292000.0,right
270021,-45491.0,-1051086.0,9964971.0,-1065.0,-3728.0,-1597.0,22190000.0,52489000.0,100292000.0,right
270031,1197.0,-1027143.0,9997294.0,532.0,0.0,0.0,22190000.0,52489000.0,100292000.0,right
270041,-153233.0,-1051086.0,9957788.0,-532.0,7457.0,-532.0,22190000.0,52489000.0,100292000.0,right
270052,-146050.0,-1017566.0,9938634.0,-2130.0,6924.0,-2130.0,22190000.0,52489000.0,100292000.0,right
270061,-147247.0,-1028340.0,9958985.0,-3195.0,5326.0,-1065.0,22190000.0,52489000.0,100292000.0,right
270071,-144853.0,-1031932.0,9954197.0,-1597.0,5326.0,-2130.0,22190000.0,52489000.0,100292000.0,right
270081,-124502.0,-1076226.0,9967365.0,-1597.0,5326.0,-2663.0,22190000.0,52489000.0,100292000.0,right
270091,-191541.0,-1036720.0,9967365.0,-1065.0,4793.0,-3195.0,22190000.0,52489000.0,100292000.0,right
270102,-308861.0,-1049889.0,9938634.0,-1065.0,2663.0,-5326.0,22190000.0,52489000.0,100292000.0,right
270111,-353155.0,-1069043.0,9908705.0,-532.0,-7989.0,-4261.0,22190000.0,52489000.0,100292000.0,right
270121,-213090.0,-1025946.0,9949408.0,0.0,-20240.0,-4793.0,22190000.0,52489000.0,100292000.0,right
270131,-14365.0,-1048692.0,10004476.0,1065.0,-23436.0,-5859.0,22190000.0,52489000.0,100292000.0,right
270141,114925.0,-1013975.0,10023631.0,532.0,-13848.0,-4793.0,22190000.0,52489000.0,100292000.0,right
270151,55068.0,-1076226.0,9991308.0,-532.0,532.0,-1065.0,22190000.0,52489000.0,100292000.0,right
270161,-233441.0,-1035523.0,9944620.0,-532.0,10652.0,532.0,22190000.0,52489000.0,100292000.0,right
270171,-378295.0,-1055875.0,9931451.0,532.0,3195.0,-1597.0,22190000.0,52489000.0,100292000.0,right
270181,-316044.0,-1057072.0,9943422.0,1065.0,-11185.0,-3195.0,22190000.0,52489000.0,100292000.0,right
270191,-131685.0,-1041509.0,9950605.0,1065.0,-20240.0,-4793.0,22190000.0,52489000.0,100292000.0,right
270202,-47885.0,-1023552.0,9964971.0,1597.0,-19175.0,-3728.0,22190000.0,52489000.0,100292000.0,right
270212,-73025.0,-1033129.0,9963774.0,-532.0,-11718.0,-2663.0,22190000.0,52489000.0,100292000.0,right
270222,-128093.0,-1049889.0,9949408.0,0.0,-9587.0,-2663.0,22190000.0,52489000.0,100292000.0,right
270232,-51476.0,-1023552.0,9968562.0,-1065.0,-10120.0,-1597.0,22190000.0,52489000.0,100292000.0,right
270242,-68236.0,-1037918.0,9993702.0,1065.0,-4261.0,-1597.0,22190000.0,52489000.0,100292000.0,right
270252,-174782.0,-1046298.0,9973351.0,-532.0,0.0,-1597.0,22190000.0,52489000.0,100292000.0,right
270262,-231047.0,-1028340.0,9935042.0,-532.0,-532.0,-2663.0,22190000.0,52489000.0,100292000.0,right
270272,-169993.0,-1051086.0,9954197.0,-1065.0,-7457.0,-2130.0,22190000.0,52489000.0,100292000.0,right
270282,-79011.0,-1043903.0,9973351.0,0.0,-10120.0,-1065.0,22190000.0,52489000.0,100292000.0,right
270292,-45491.0,-1042706.0,9982928.0,-1065.0,-5326.0,-2130.0,22190000.0,52489000.0,100292000.0,right
270302,130487.0,-1017566.0,9999688.0,-1065.0,-1065.0,-2663.0,22190000.0,52489000.0,100292000.0,right
270312,64645.0,-1084606.0,9982928.0,-2130.0,14381.0,-532.0,22190000.0,52489000.0,100292000.0,right
270322,-355549.0,-1019961.0,9924268.0,532.0,22903.0,532.0,22190000.0,52489000.0,100292000.0,right
270332,-563851.0,-1087000.0,9901523.0,532.0,6924.0,0.0,22190000.0,52489000.0,100292000.0,right
270342,-424983.0,-1043903.0,9948211.0,2130.0,-16512.0,-3728.0,22190000.0,52489000.0,100292000.0,right
270352,-68236.0,-1100169.0,9962577.0,2130.0,-31426.0,-7457.0,22190000.0,52489000.0,100292000.0,right
270362,4788.0,-1204320.0,9962577.0,4793.0,-28230.0,-9055.0,22190000.0,52489000.0,100292000.0,right
270372,102953.0,-1970488.0,9942225.0,-6924.0,-13316.0,-56460.0,22190000.0,52489000.0,100292000.0,right
270382,-277735.0,-1822043.0,9914691.0,13848.0,11718.0,-107594.0,22190000.0,52489000.0,100292000.0,right
270392,-664411.0,-1255797.0,9889551.0,17577.0,-9055.0,19707.0,22190000.0,52489000.0,100292000.0,right
270402,-642862.0,-1125309.0,9932648.0,19175.0,-58591.0,176306.0,22190000.0,52489000.0,100292000.0,right
270412,-360338.0,-729056.0,9972154.0,55928.0,-97474.0,162457.0,22190000.0,52489000.0,100292000.0,right
270422,415406.0,-317241.0,10045179.0,68711.0,-100137.0,52199.0,22190000.0,52489000.0,100292000.0,right
270432,920598.0,-95770.0,10096656.0,40481.0,-58591.0,-6924.0,22190000.0,52489000.0,100292000.0,right
270442,816447.0,-56265.0,10084685.0,-5326.0,2130.0,1065.0,22160000.0,52454000.0,100290000.0,right
270452,329212.0,-233441.0,10022434.0,-49003.0,54862.0,8522.0,22160000.0,52454000.0,100290000.0,right
270462,0.0,-748210.0,9974548.0,-83625.0,80429.0,5859.0,22160000.0,52454000.0,100290000.0,right
270472,-118516.0,-2105764.0,10076305.0,-96942.0,90017.0,3195.0,22160000.0,52454000.0,100290000.0,right
270482,-1162420.0,-2413428.0,9717163.0,-8522.0,66581.0,-36220.0,22160000.0,52454000.0,100290000.0,right
270492,-1552687.0,-483643.0,9804555.0,18110.0,-19707.0,131031.0,22160000.0,52454000.0,100290000.0,right
270502,-192739.0,-1183968.0,10018842.0,-13848.0,-94278.0,203471.0,22160000.0,52454000.0,100290000.0,right
270512,465686.0,-495614.0,10100247.0,16512.0,-59656.0,30893.0,22160000.0,52454000.0,100290000.0,right
270522,515966.0,-1064255.0,10034405.0,-5859.0,-11718.0,-24501.0,22160000.0,52454000.0,100290000.0,right
270532,95770.0,-1113337.0,10011659.0,-7989.0,21305.0,5326.0,22160000.0,52454000.0,100290000.0,right
270542,-612934.0,-1107352.0,9918283.0,-4793.0,28230.0,11718.0,22160000.0,52454000.0,100290000.0,right
270552,-778139.0,-1144463.0,9882368.0,-2663.0,-1065.0,19707.0,22160000.0,52454000.0,100290000.0,right
270562,-202316.0,-1164814.0,9955394.0,-2130.0,-36220.0,47405.0,22160000.0,52454000.0,100290000.0,right
270572,299284.0,-1079817.0,10029616.0,-3195.0,-36752.0,104931.0,22160000.0,52454000.0,100290000.0,right
270582,264567.0,-966089.0,9999688.0,-4261.0,-12783.0,131031.0,22160000.0,52454000.0,100290000.0,right
270592,-37111.0,-1066649.0,9963774.0,-5859.0,3728.0,97474.0,22160000.0,52454000.0,100290000.0,right
270602,-165204.0,-1189954.0,9962577.0,-4793.0,-3195.0,85223.0,22160000.0,52454000.0,100290000.0,right
270612,-162810.0,-1458113.0,9896734.0,-7989.0,-15446.0,124107.0,22160000.0,52454000.0,100290000.0,right
270622,-16759.0,-1322836.0,9974548.0,-6924.0,-30893.0,198145.0,22160000.0,52454000.0,100290000.0,right
270632,-153233.0,-1107352.0,9963774.0,-7989.0,-26099.0,227440.0,22160000.0,52454000.0,100290000.0,right
270642,-253793.0,-1209108.0,9936240.0,-10120.0,-31958.0,249279.0,22160000.0,52454000.0,100290000.0,right
270652,-154430.0,-877501.0,9982928.0,-6924.0,-43144.0,300946.0,22160000.0,52454000.0,100290000.0,right
270662,-460897.0,-508783.0,9966168.0,-7457.0,-38350.0,293489.0,22160000.0,52454000.0,100290000.0,right
270672,-421392.0,-308861.0,9996096.0,-532.0,-34622.0,98539.0,22160000.0,52454000.0,100290000.0,right
270682,-46688.0,-1089395.0,9978139.0,-6391.0,-31958.0,-11718.0,22160000.0,52454000.0,100290000.0,right
270692,156824.0,-1144463.0,10011659.0,1597.0,-22371.0,-8522.0,22160000.0,52454000.0,100290000.0,right
270702,55068.0,-1010383.0,10003279.0,4793.0,-6391.0,0.0,22160000.0,52454000.0,100290000.0,right
270712,-204710.0,-982849.0,9945817.0,3195.0,1597.0,-2130.0,22160000.0,52454000.0,100290000.0,right
270722,-250201.0,-1205517.0,9941028.0,-532.0,-3728.0,-5326.0,22160000.0,52454000.0,100290000.0,right
270732,-226258.0,-1252205.0,9902720.0,8522.0,-11185.0,-25034.0,22160000.0,52454000.0,100290000.0,right
270742,324424.0,-1581418.0,9998491.0,7989.0,-12250.0,-149141.0,22160000.0,52454000.0,100290000.0,right
270753,440546.0,-1415016.0,9997294.0,26632.0,14914.0,-277509.0,22160000.0,52454000.0,100290000.0,right
270762,348366.0,-651242.0,9955394.0,34622.0,29828.0,-334503.0,22160000.0,52454000.0,100290000.0,right
270772,448926.0,-944541.0,10024828.0,532.0,49536.0,-371255.0,22160000.0,52454000.0,100290000.0,right
270782,238230.0,-788913.0,10054756.0,-7457.0,69244.0,-324915.0,22160000.0,52454000.0,100290000.0,right
270792,62251.0,-1759791.0,9956591.0,-17577.0,81495.0,-300413.0,22160000.0,52454000.0,100290000.0,right
270803,-672791.0,-889473.0,9878777.0,19707.0,67646.0,-280173.0,22160000.0,52454000.0,100290000.0,right
270812,-474066.0,-707508.0,9994899.0,5859.0,18642.0,-185361.0,22160000.0,52454000.0,100290000.0,right
270822,-424983.0,-682368.0,10009265.0,-1065.0,11718.0,-71907.0,22160000.0,52454000.0,100290000.0,right
270832,-832010.0,-768562.0,9939831.0,-3728.0,14914.0,-7457.0,22160000.0,52454000.0,100290000.0,right
270843,-817644.0,-920598.0,9950605.0,-3195.0,-6391.0,18110.0,22160000.0,52454000.0,100290000.0,right
270853,-542303.0,-926584.0,9949408.0,532.0,-24501.0,13316.0,22160000.0,52454000.0,100290000.0,right
270863,-82602.0,-1138477.0,9958985.0,532.0,-34622.0,-3728.0,22160000.0,52454000.0,100290000.0,right
270873,372309.0,-936161.0,10058348.0,4261.0,-31426.0,-3195.0,22160000.0,52454000.0,100290000.0,right
270883,318438.0,-1027143.0,10028419.0,-2663.0,0.0,-1597.0,22160000.0,52454000.0,100290000.0,right
270893,-149642.0,-1018763.0,9948211.0,-2663.0,23969.0,1065.0,22160000.0,52454000.0,100290000.0,right
270903,-543500.0,-1160026.0,9860820.0,-3728.0,12783.0,8522.0,22160000.0,52454000.0,100290000.0,right
270913,-186753.0,-1089395.0,9964971.0,532.0,-28230.0,34089.0,22160000.0,52454000.0,100290000.0,right
270923,-81405.0,-945738.0,9968562.0,2130.0,-26632.0,22903.0,22160000.0,52454000.0,100290000.0,right
270933,-160416.0,-1119323.0,9958985.0,-1065.0,-18642.0,21305.0,22160000.0,52454000.0,100290000.0,right
270943,-258581.0,-863136.0,9956591.0,1065.0,-9587.0,8522.0,22160000.0,52454000.0,100290000.0,right
270953,-264567.0,-1169603.0,9944620.0,-4261.0,-11718.0,-1597.0,22160000.0,52454000.0,100290000.0,right
270963,-143656.0,-949329.0,9979337.0,3728.0,-19707.0,532.0,22160000.0,52454000.0,100290000.0,right
270973,-69433.0,-1103760.0,9970957.0,0.0,-18642.0,-532.0,22160000.0,52454000.0,100290000.0,right
270983,-77813.0,-952921.0,9964971.0,1597.0,-15979.0,-2663.0,22160000.0,52454000.0,100290000.0,right
270993,1197.0,-1064255.0,9937437.0,-1065.0,-12250.0,-1597.0,22160000.0,52454000.0,100290000.0,right
271003,-221470.0,-1031932.0,9960182.0,532.0,-8522.0,-1065.0,22160000.0,52454000.0,100290000.0,right
271013,-207104.0,-1055875.0,9954197.0,0.0,-12783.0,-2130.0,22160000.0,52454000.0,100290000.0,right
271023,31125.0,-1042706.0,9997294.0,1065.0,-17577.0,-1597.0,22160000.0,52454000.0,100290000.0,right
271033,190344.0,-1004398.0,10003279.0,0.0,-7989.0,532.0,22160000.0,52454000.0,100290000.0,right
271043,-61054.0,-1029538.0,9967365.0,-2663.0,7989.0,4261.0,22160000.0,52454000.0,100290000.0,right
271053,-61054.0,-1029538.0,9967365.0,-2663.0,7989.0,4261.0,22160000.0,52454000.0,100290000.0,right
271063,-451320.0,-1072635.0,9933845.0,-3195.0,8522.0,1597.0,22160000.0,52454000.0,100290000.0,right
271073,-475263.0,-1043903.0,9923071.0,-1065.0,-10120.0,-532.0,22160000.0,52454000.0,100290000.0,right
271083,-132882.0,-1081015.0,9964971.0,0.0,-27697.0,0.0,22160000.0,52454000.0,100290000.0,right
271093,250201.0,-1381496.0,10036799.0,-4261.0,-24501.0,61254.0,22160000.0,52454000.0,100290000.0,right
271103,-185556.0,-1401847.0,9955394.0,-13316.0,-532.0,250877.0,22160000.0,52454000.0,100290000.0,right
271113,-891867.0,-1262979.0,9844060.0,-20240.0,-11718.0,402682.0,22160000.0,52454000.0,100290000.0,right
271123,-578217.0,-1319245.0,9923071.0,-18642.0,-60189.0,481514.0,22160000.0,52454000.0,100290000.0,right
271133,-124502.0,-1327625.0,9984125.0,-22903.0,-77234.0,605621.0,22160000.0,52454000.0,100290000.0,right
271143,-198724.0,-1343188.0,9954197.0,-33556.0,-68178.0,768078.0,22160000.0,52454000.0,100290000.0,right
271153,-458503.0,-1006792.0,9897931.0,-36752.0,-70309.0,870880.0,22160000.0,52454000.0,100290000.0,right
271163,-365126.0,-587794.0,9955394.0,-30893.0,-92680.0,797907.0,22160000.0,52454000.0,100290000.0,right
271173,219076.0,-578217.0,10029616.0,-9587.0,-104931.0,509211.0,22160000.0,52454000.0,100290000.0,right
271183,993624.0,-1168406.0,10108627.0,33556.0,-91082.0,107594.0,22160000.0,52454000.0,100290000.0,right
271193,863136.0,-505191.0,10089473.0,59656.0,-32491.0,-41546.0,22160000.0,52454000.0,100290000.0,right
271203,125699.0,246610.0,9975745.0,18110.0,20240.0,3728.0,22160000.0,52454000.0,100290000.0,right
271213,247807.0,-251398.0,9993702.0,-54330.0,34089.0,1597.0,22160000.0,52454000.0,100290000.0,right
271223,675185.0,-2151255.0,10235524.0,-92680.0,61254.0,-6924.0,22160000.0,52454000.0,100290000.0,right
271233,-832010.0,-2286532.0,9745895.0,-4793.0,100137.0,-62852.0,22160000.0,52454000.0,100290000.0,right
271243,-2048302.0,258581.0,9842863.0,26099.0,43677.0,7989.0,22160000.0,52454000.0,100290000.0,right
271254,-1031932.0,-2218295.0,9749486.0,-25034.0,-53797.0,-21305.0,22160000.0,52454000.0,100290000.0,right
271263,354352.0,-450123.0,10117007.0,31958.0,-102268.0,-17577.0,22160000.0,52454000.0,100290000.0,right
271273,1362342.0,-1410227.0,10162499.0,532.0,-67646.0,-6924.0,22160000.0,52454000.0,100290000.0,right
271283,683565.0,-842784.0,10064333.0,17044.0,15446.0,2663.0,22160000.0,52454000.0,100290000.0,right
271293,-344775.0,277735.0,10069122.0,0.0,54330.0,7457.0,22160000.0,52454000.0,100290000.0,right
271304,-430969.0,-2654053.0,9818920.0,-59123.0,44742.0,-11185.0,22160000.0,52454000.0,100290000.0,right
271313,-757787.0,-545894.0,9921874.0,29828.0,22371.0,-1065.0,22160000.0,52454000.0,100290000.0,right
271323,-426180.0,-986441.0,9941028.0,-7457.0,-10652.0,2130.0,22160000.0,52454000.0,100290000.0,right
271333,149642.0,-1373116.0,9966168.0,-532.0,-24501.0,-5859.0,22160000.0,52454000.0,100290000.0,right
271343,246610.0,-560260.0,10067925.0,5859.0,-7989.0,1597.0,22160000.0,52454000.0,100290000.0,right
271353,124502.0,-1511984.0,9943422.0,-12250.0,17044.0,-1065.0,22160000.0,52454000.0,100290000.0,right
271363,-332804.0,-603357.0,9973351.0,4261.0,25567.0,3728.0,22160000.0,52454000.0,100290000.0,right
271373,-563851.0,-1553884.0,9815329.0,-10652.0,5326.0,19175.0,22160000.0,52454000.0,100290000.0,right
271383,-266961.0,-843981.0,9996096.0,4793.0,-40481.0,90550.0,22160000.0,52454000.0,100290000.0,right
271393,-324424.0,-973272.0,9954197.0,-4261.0,-34089.0,63385.0,22160000.0,52454000.0,100290000.0,right
271404,-648848.0,-1075029.0,9888354.0,0.0,-27697.0,-3195.0,22160000.0,52454000.0,100290000.0,right
271413,-251398.0,-1205517.0,9960182.0,2130.0,-53797.0,3728.0,22160000.0,52454000.0,100290000.0,right
271423,379492.0,-1041509.0,10117007.0,2663.0,-54862.0,124107.0,22160000.0,52454000.0,100290000.0,right
271434,-142459.0,-894261.0,9978139.0,-20240.0,-19707.0,442098.0,22160000.0,52454000.0,100290000.0,right
271443,-580611.0,-853558.0,9852440.0,-30893.0,-38350.0,661016.0,22140000.0,52396000.0,100292000.0,right
271453,-55068.0,-903838.0,9964971.0,-28230.0,-94278.0,706291.0,22140000.0,52396000.0,100292000.0,right
271464,882290.0,-808067.0,10127782.0,-22371.0,-98539.0,614143.0,22140000.0,52396000.0,100292000.0,right
271474,627299.0,-1217488.0,10030813.0,-28763.0,-28230.0,458610.0,22140000.0,52396000.0,100292000.0,right
271484,-258581.0,-1344385.0,9912297.0,-18642.0,16512.0,266856.0,22140000.0,52396000.0,100292000.0,right
271494,-1095380.0,-1399453.0,9803357.0,-4793.0,17577.0,72440.0,22140000.0,52396000.0,100292000.0,right
271504,-878698.0,-823630.0,9884763.0,11185.0,-21838.0,-11718.0,22140000.0,52396000.0,100292000.0,right
271514,-43096.0,-1139674.0,9990111.0,1065.0,-60189.0,-6924.0,22140000.0,52396000.0,100292000.0,right
271524,166402.0,-1319245.0,10017645.0,4793.0,-54862.0,5326.0,22140000.0,52396000.0,100292000.0,right
271534,-96968.0,-1211503.0,9984125.0,19175.0,-40481.0,1065.0,22140000.0,52396000.0,100292000.0,right
271544,-227456.0,-879895.0,9945817.0,28230.0,-41546.0,-5859.0,22140000.0,52396000.0,100292000.0,right
271554,172387.0,-875107.0,9991308.0,20240.0,-45807.0,-10120.0,22140000.0,52396000.0,100292000.0,right
271564,203513.0,-903838.0,10005674.0,11718.0,-28763.0,-7457.0,22140000.0,52396000.0,100292000.0,right
271574,-83799.0,-776942.0,9980534.0,532.0,-11718.0,-5326.0,22140000.0,52396000.0,100292000.0,right
271584,8379.0,-937358.0,9992505.0,-13316.0,-10120.0,-6391.0,22140000.0,52396000.0,100292000.0,right
271594,59856.0,-1143266.0,9996096.0,-17577.0,-2663.0,-5859.0,22140000.0,52396000.0,100292000.0,right
271604,-65842.0,-1152843.0,9982928.0,-12250.0,5859.0,-3728.0,22140000.0,52396000.0,100292000.0,right
271614,-41899.0,-1049889.0,9974548.0,-5859.0,6391.0,-2130.0,22140000.0,52396000.0,100292000.0,right
271624,120910.0,-928978.0,9998491.0,-5859.0,12250.0,0.0,22140000.0,52396000.0,100292000.0,right
271634,52674.0,-847573.0,9987717.0,-13848.0,25034.0,1597.0,22140000.0,52396000.0,100292000.0,right
271644,-124502.0,-1110943.0,9981731.0,-24501.0,34622.0,1597.0,22140000.0,52396000.0,100292000.0,right
271654,-344775.0,-1604164.0,9915888.0,-16512.0,34089.0,1065.0,22140000.0,52396000.0,100292000.0,right
271664,-215484.0,-724268.0,9963774.0,7989.0,21838.0,1065.0,22140000.0,52396000.0,100292000.0,right
271674,-49082.0,-1176786.0,9948211.0,-6391.0,17044.0,-2663.0,22140000.0,52396000.0,100292000.0,right
271684,-298087.0,-1010383.0,9950605.0,-1597.0,20240.0,-2130.0,22140000.0,52396000.0,100292000.0,right
271694,-326818.0,-1139674.0,9933845.0,-3728.0,9587.0,-2663.0,22140000.0,52396000.0,100292000.0,right
271704,-289707.0,-1060663.0,9938634.0,0.0,-1065.0,-3728.0,22140000.0,52396000.0,100292000.0,right
271714,-326818.0,-986441.0,9923071.0,1597.0,-12250.0,-6391.0,22140000.0,52396000.0,100292000.0,right
271724,-270553.0,-1097774.0,9920677.0,-1597.0,-23436.0,-8522.0,22140000.0,52396000.0,100292000.0,right
271734,-241821.0,-1095380.0,9956591.0,-532.0,-29828.0,-10652.0,22140000.0,52396000.0,100292000.0,right
271744,-190344.0,-973272.0,9966168.0,1597.0,-36752.0,-16512.0,22140000.0,52396000.0,100292000.0,right
271754,37111.0,-1082212.0,9994899.0,-2130.0,-40481.0,-16512.0,22140000.0,52396000.0,100292000.0,right
271764,-34716.0,-1122914.0,9962577.0,0.0,-33556.0,-8522.0,22140000.0,52396000.0,100292000.0,right
271774,19154.0,-1011581.0,9987717.0,2663.0,-31426.0,-5859.0,22140000.0,52396000.0,100292000.0,right
271784,-68236.0,-1168406.0,9949408.0,2663.0,-21838.0,-5326.0,22140000.0,52396000.0,100292000.0,right
271794,53871.0,-1035523.0,9979337.0,9055.0,-18642.0,-3728.0,22140000.0,52396000.0,100292000.0,right
271804,20351.0,-1119323.0,10028419.0,8522.0,-10652.0,-2130.0,22140000.0,52396000.0,100292000.0,right
271814,-37111.0,-1154040.0,9979337.0,12250.0,-2130.0,532.0,22140000.0,52396000.0,100292000.0,right
271824,-86193.0,-996018.0,9963774.0,17044.0,2130.0,3195.0,22140000.0,52396000.0,100292000.0,right
271834,-128093.0,-776942.0,9950605.0,13316.0,2663.0,4261.0,22140000.0,52396000.0,100292000.0,right
271844,-152036.0,-744619.0,9933845.0,-4261.0,2663.0,1597.0,22140000.0,52396000.0,100292000.0,right
271854,-90982.0,-1126506.0,10017645.0,-20773.0,0.0,-4261.0,22140000.0,52396000.0,100292000.0,right
271864,-165204.0,-1296499.0,9949408.0,-13848.0,0.0,-3728.0,22140000.0,52396000.0,100292000.0,right
271874,-68236.0,-909824.0,9996096.0,-2663.0,-1065.0,-2130.0,22140000.0,52396000.0,100292000.0,right
271884,-83799.0,-1113337.0,9982928.0,-9055.0,-532.0,-3195.0,22140000.0,52396000.0,100292000.0,right
271894,-154430.0,-1082212.0,9968562.0,-5326.0,1597.0,-3728.0,22140000.0,52396000.0,100292000.0,right
271904,-99362.0,-984046.0,9964971.0,-5326.0,1597.0,-5326.0,22140000.0,52396000.0,100292000.0,right
271914,-300481.0,-1160026.0,9923071.0,-8522.0,0.0,-6391.0,22140000.0,52396000.0,100292000.0,right
271924,-254990.0,-1024749.0,9955394.0,-1597.0,-12783.0,-6391.0,22140000.0,52396000.0,100292000.0,right
271934,-235836.0,-1051086.0,9948211.0,-3728.0,-19707.0,-6391.0,22140000.0,52396000.0,100292000.0,right
271944,-108939.0,-1046298.0,9980534.0,-5859.0,-26099.0,-6391.0,22140000.0,52396000.0,100292000.0,right
271955,-193936.0,-1115732.0,9944620.0,-5859.0,-28230.0,-5859.0,22140000.0,52396000.0,100292000.0,right
271964,-87391.0,-1052283.0,9967365.0,-2663.0,-32491.0,-3728.0,22140000.0,52396000.0,100292000.0,right
271974,-108939.0,-1021158.0,9957788.0,-5859.0,-31958.0,-6924.0,22140000.0,52396000.0,100292000.0,right
271984,-95770.0,-1081015.0,9958985.0,-4261.0,-31426.0,-5326.0,22140000.0,52396000.0,100292000.0,right
271994,-104150.0,-997215.0,9958985.0,-3728.0,-30893.0,-6924.0,22140000.0,52396000.0,100292000.0,right
272004,-213090.0,-1087000.0,9937437.0,-6924.0,-32491.0,-8522.0,22140000.0,52396000.0,100292000.0,right
272014,-98165.0,-1031932.0,9980534.0,-2663.0,-41013.0,-7989.0,22140000.0,52396000.0,100292000.0,right
272024,-100559.0,-1097774.0,9969759.0,-5326.0,-43144.0,-10120.0,22140000.0,52396000.0,100292000.0,right
272034,-104150.0,-1097774.0,9953000.0,-4261.0,-43677.0,-9055.0,22140000.0,52396000.0,100292000.0,right
272044,-1197.0,-1078620.0,9966168.0,-1065.0,-42079.0,-7989.0,22140000.0,52396000.0,100292000.0,right
272055,0.0,-1064255.0,9969759.0,532.0,-39415.0,-6391.0,22140000.0,52396000.0,100292000.0,right
272064,-23942.0,-1076226.0,9979337.0,-532.0,-34622.0,-6924.0,22140000.0,52396000.0,100292000.0,right
272074,-50279.0,-1055875.0,9975745.0,532.0,-31958.0,-4793.0,22140000.0,52396000.0,100292000.0,right
272085,-73025.0,-1039115.0,9953000.0,-532.0,-33024.0,-3728.0,22140000.0,52396000.0,100292000.0,right
272094,49082.0,-1103760.0,9960182.0,0.0,-32491.0,-6391.0,22140000.0,52396000.0,100292000.0,right
272105,4788.0,-1089395.0,9962577.0,1065.0,-25034.0,-5326.0,22140000.0,52396000.0,100292000.0,right
272115,4788.0,-1089395.0,9962577.0,1065.0,-25034.0,-5326.0,22140000.0,52396000.0,100292000.0,right
272125,33519.0,-1088197.0,9969759.0,3195.0,-22371.0,-3195.0,22140000.0,52396000.0,100292000.0,right
272135,40702.0,-1063057.0,9972154.0,4793.0,-16512.0,-3728.0,22140000.0,52396000.0,100292000.0,right
272145,57462.0,-1059466.0,9979337.0,4261.0,-10652.0,-3728.0,22140000.0,52396000.0,100292000.0,right
272155,-9577.0,-1079817.0,9982928.0,4793.0,-3195.0,-1065.0,22140000.0,52396000.0,100292000.0,right
272165,16759.0,-1048692.0,9960182.0,6391.0,1597.0,-1065.0,22140000.0,52396000.0,100292000.0,right
272175,2394.0,-1019961.0,9962577.0,4793.0,4793.0,0.0,22140000.0,52396000.0,100292000.0,right
272185,-111333.0,-1073832.0,9968562.0,3195.0,7457.0,0.0,22140000.0,52396000.0,100292000.0,right
272195,-50279.0,-1031932.0,9966168.0,3728.0,5859.0,0.0,22140000.0,52396000.0,100292000.0,right
272205,-22745.0,-1057072.0,9953000.0,3195.0,5859.0,-532.0,22140000.0,52396000.0,100292000.0,right
272215,-38308.0,-1027143.0,9949408.0,3728.0,7989.0,0.0,22140000.0,52396000.0,100292000.0,right
272225,-82602.0,-1058269.0,9964971.0,2130.0,10120.0,-2130.0,22140000.0,52396000.0,100292000.0,right
272235,-38308.0,-1066649.0,9974548.0,4261.0,8522.0,-3195.0,22140000.0,52396000.0,100292000.0,right
272245,-56265.0,-1083409.0,9958985.0,4261.0,9055.0,-1597.0,22140000.0,52396000.0,100292000.0,right
272255,-128093.0,-1071437.0,9942225.0,7989.0,7989.0,-532.0,22140000.0,52396000.0,100292000.0,right
272265,-96968.0,-1035523.0,9958985.0,9055.0,3728.0,-1597.0,22140000.0,52396000.0,100292000.0,right
272275,-128093.0,-1017566.0,9951802.0,5326.0,1597.0,0.0,22140000.0,52396000.0,100292000.0,right
272285,-131685.0,-1034326.0,9957788.0,4261.0,-1065.0,-2663.0,22140000.0,52396000.0,100292000.0,right
272295,-122108.0,-975666.0,9968562.0,2663.0,-2663.0,-3195.0,22140000.0,52396000.0,100292000.0,right
272305,-125699.0,-1065452.0,9944620.0,-1065.0,-7989.0,-3728.0,22140000.0,52396000.0,100292000.0,right
272315,-111333.0,-1051086.0,9937437.0,532.0,-10652.0,-2663.0,22140000.0,52396000.0,100292000.0,right
272325,-130487.0,-1084606.0,9945817.0,1597.0,-13848.0,-3195.0,22140000.0,52396000.0,100292000.0,right
272335,-134079.0,-1201925.0,9954197.0,3195.0,-18110.0,-4261.0,22140000.0,52396000.0,100292000.0,right
272345,-119713.0,-1037918.0,9961380.0,10652.0,-20773.0,-3195.0,22140000.0,52396000.0,100292000.0,right
272355,-43096.0,-1037918.0,9955394.0,9587.0,-23436.0,532.0,22140000.0,52396000.0,100292000.0,right
272365,80208.0,-1052283.0,9985322.0,6391.0,-22371.0,27165.0,22140000.0,52396000.0,100292000.0,right
272375,-143656.0,-1116929.0,9966168.0,-3195.0,-13848.0,87354.0,22140000.0,52396000.0,100292000.0,right
272385,-198724.0,-1027143.0,9942225.0,3195.0,-19707.0,62319.0,22140000.0,52396000.0,100292000.0,right
272395,-19154.0,-924190.0,9962577.0,7457.0,-28230.0,30893.0,22140000.0,52396000.0,100292000.0,right
272405,17957.0,-1065452.0,9967365.0,2663.0,-26099.0,15446.0,22140000.0,52396000.0,100292000.0,right
272415,-233441.0,-1216291.0,9932648.0,5859.0,-25034.0,3195.0,22140000.0,52396000.0,100292000.0,right
272425,7182.0,-1252205.0,9966168.0,15446.0,-31958.0,-1065.0,22140000.0,52396000.0,100292000.0,right
272435,-41899.0,-1053480.0,9969759.0,25567.0,-29828.0,2130.0,22140000.0,52396000.0,100292000.0,right
272445,-123305.0,-1182771.0,9957788.0,26632.0,-29828.0,5859.0,22130000.0,52397000.0,100288000.0,right
272455,-71828.0,-1154040.0,9960182.0,33556.0,-31958.0,13316.0,22130000.0,52397000.0,100288000.0,right
272465,29928.0,-1024749.0,9975745.0,37818.0,-33556.0,24501.0,22130000.0,52397000.0,100288000.0,right
272475,-23942.0,-1042706.0,9982928.0,36220.0,-32491.0,33556.0,22130000.0,52397000.0,100288000.0,right
272485,25139.0,-897853.0,9954197.0,31426.0,-31958.0,49536.0,22130000.0,52397000.0,100288000.0,right
272495,4788.0,-875107.0,9954197.0,17577.0,-28230.0,55395.0,22130000.0,52397000.0,100288000.0,right
272505,-5985.0,-877501.0,9955394.0,11185.0,-26099.0,35687.0,22130000.0,52397000.0,100288000.0,right
272515,-51476.0,-1000806.0,9956591.0,10120.0,-26632.0,11718.0,22130000.0,52397000.0,100288000.0,right
272525,8379.0,-1106154.0,9951802.0,7989.0,-27697.0,2130.0,22130000.0,52397000.0,100288000.0,right
272535,13168.0,-1052283.0,9956591.0,-1597.0,-22903.0,4793.0,22130000.0,52397000.0,100288000.0,right
272545,64645.0,-1193545.0,9994899.0,-14914.0,-20240.0,12250.0,22130000.0,52397000.0,100288000.0,right
272556,5985.0,-1219882.0,9986519.0,-19175.0,-14914.0,25034.0,22130000.0,52397000.0,100288000.0,right
272565,-57462.0,-1041509.0,10039193.0,-5326.0,-13848.0,28230.0,22130000.0,52397000.0,100288000.0,right
272575,49082.0,-1092986.0,9890748.0,24501.0,-14914.0,1065.0,22130000.0,52397000.0,100288000.0,right
272585,-19154.0,-816447.0,9920677.0,5326.0,-14381.0,7989.0,22130000.0,52397000.0,100288000.0,right
272595,208301.0,-915810.0,10058348.0,-18642.0,-10652.0,17044.0,22130000.0,52397000.0,100288000.0,right
272605,-210696.0,-1055875.0,9927860.0,-9587.0,-2130.0,3728.0,22130000.0,52397000.0,100288000.0,right
272615,75419.0,-749407.0,10017645.0,-20240.0,-7989.0,9055.0,22130000.0,52397000.0,100288000.0,right
272625,162810.0,-998412.0,9981731.0,-28763.0,3728.0,-10652.0,22130000.0,52397000.0,100288000.0,right
272635,-104150.0,-931372.0,9979337.0,-35687.0,10120.0,4793.0,22130000.0,52397000.0,100288000.0,right
272645,37111.0,-889473.0,9978139.0,-34622.0,3195.0,18642.0,22130000.0,52397000.0,100288000.0,right
272656,65842.0,-890670.0,9976942.0,-43144.0,2130.0,27165.0,22130000.0,52397000.0,100288000.0,right
272665,-135276.0,-878698.0,9980534.0,-42611.0,5326.0,22371.0,22130000.0,52397000.0,100288000.0,right
272675,-17957.0,-1087000.0,9960182.0,-35687.0,0.0,7989.0,22130000.0,52397000.0,100288000.0,right
272685,-76616.0,-1049889.0,9951802.0,-30360.0,2130.0,7989.0,22130000.0,52397000.0,100288000.0,right
272695,-3591.0,-1101366.0,9957788.0,-32491.0,-1597.0,9055.0,22130000.0,52397000.0,100288000.0,right
272706,-190344.0,-1213897.0,9988914.0,-28763.0,-2130.0,13316.0,22130000.0,52397000.0,100288000.0,right
272715,-141262.0,-943344.0,9966168.0,-9055.0,-7457.0,11185.0,22130000.0,52397000.0,100288000.0,right
272726,-124502.0,-1051086.0,9932648.0,-6924.0,-12250.0,6391.0,22130000.0,52397000.0,100288000.0,right
272736,-117319.0,-1084606.0,9929057.0,-6391.0,-19175.0,5326.0,22130000.0,52397000.0,100288000.0,right
272746,-41899.0,-1018763.0,9962577.0,-5859.0,-24501.0,7989.0,22130000.0,52397000.0,100288000.0,right
272756,-101756.0,-1048692.0,9962577.0,-7989.0,-26632.0,7989.0,22130000.0,52397000.0,100288000.0,right
272766,-55068.0,-1112140.0,9963774.0,-9055.0,-31958.0,5859.0,22130000.0,52397000.0,100288000.0,right
272776,11971.0,-1059466.0,9973351.0,-6391.0,-32491.0,7457.0,22130000.0,52397000.0,100288000.0,right
272786,-96968.0,-1144463.0,9935042.0,-7989.0,-34089.0,18642.0,22130000.0,52397000.0,100288000.0,right
272796,130487.0,-1319245.0,9926663.0,-11185.0,-44209.0,63917.0,22130000.0,52397000.0,100288000.0,right
272806,-39505.0,-1064255.0,9958985.0,-8522.0,-49003.0,133694.0,22130000.0,52397000.0,100288000.0,right
272816,-40702.0,-1210305.0,9933845.0,-7989.0,-54330.0,157663.0,22130000.0,52397000.0,100288000.0,right
272826,23942.0,-1127703.0,9963774.0,-6924.0,-62319.0,202939.0,22130000.0,52397000.0,100288000.0,right
272836,-209499.0,-1009186.0,9950605.0,-1065.0,-61254.0,209863.0,22130000.0,52397000.0,100288000.0,right
272846,-5985.0,-1094183.0,9950605.0,0.0,-63385.0,185361.0,22130000.0,52397000.0,100288000.0,right
272856,189147.0,-1125309.0,9992505.0,-1597.0,-59656.0,213059.0,22130000.0,52397000.0,100288000.0,right
272866,178373.0,-1347976.0,9972154.0,-4793.0,-49003.0,262062.0,22130000.0,52397000.0,100288000.0,right
272876,289707.0,-1182771.0,10034405.0,-2663.0,-42079.0,338231.0,22130000.0,52397000.0,100288000.0,right
272886,130487.0,-1161223.0,9991308.0,-5326.0,-26099.0,377647.0,22130000.0,52397000.0,100288000.0,right
272896,67039.0,-992426.0,9985322.0,-5859.0,-17577.0,402149.0,22130000.0,52397000.0,100288000.0,right
272906,-53871.0,-938555.0,9991308.0,-5326.0,-4261.0,401084.0,22130000.0,52397000.0,100288000.0,right
272916,-164007.0,-1163617.0,9944620.0,-6924.0,9587.0,401616.0,22130000.0,52397000.0,100288000.0,right
272926,45491.0,-1152843.0,10008068.0,-5859.0,6924.0,449022.0,22130000.0,52397000.0,100288000.0,right
272936,8379.0,-1407833.0,10006871.0,-8522.0,6391.0,514538.0,22130000.0,52397000.0,100288000.0,right
272946,59856.0,-1316851.0,9979337.0,-10120.0,12250.0,670604.0,22130000.0,52397000.0,100288000.0,right
272956,-154430.0,-1118126.0,9944620.0,-13316.0,15979.0,753164.0,22130000.0,52397000.0,100288000.0,right
272966,-401041.0,-972075.0,9866806.0,-15446.0,4793.0,731326.0,22130000.0,52397000.0,100288000.0,right
272976,-1041509.0,-1189954.0,9809343.0,-20240.0,-39948.0,644504.0,22130000.0,52397000.0,100288000.0,right
272986,533923.0,-963695.0,10040391.0,-23969.0,-100137.0,640775.0,22130000.0,52397000.0,100288000.0,right
272996,401041.0,-1194743.0,9987717.0,-22371.0,-64983.0,556084.0,22130000.0,52397000.0,100288000.0,right
273006,154430.0,-1259388.0,9972154.0,-19707.0,-49536.0,500689.0,22130000.0,52397000.0,100288000.0,right
273016,150839.0,-711099.0,10012856.0,-10652.0,-39948.0,445826.0,22130000.0,52397000.0,100288000.0,right
273026,-71828.0,-960104.0,9943422.0,-9055.0,-25034.0,339297.0,22130000.0,52397000.0,100288000.0,right
273036,41899.0,-907430.0,9927860.0,-8522.0,-25034.0,266856.0,22130000.0,52397000.0,100288000.0,right
273046,-143656.0,-871516.0,9984125.0,-8522.0,-22903.0,198677.0,22130000.0,52397000.0,100288000.0,right
273056,-96968.0,-571034.0,10000885.0,-3728.0,-25034.0,140086.0,22130000.0,52397000.0,100288000.0,right
273066,8379.0,-563851.0,10011659.0,-4261.0,-20240.0,53264.0,22130000.0,52397000.0,100288000.0,right
273076,114925.0,-828419.0,10033208.0,-4793.0,-13848.0,-4261.0,22130000.0,52397000.0,100288000.0,right
273086,-17957.0,-554274.0,10067925.0,-9587.0,-7989.0,-12783.0,22130000.0,52397000.0,100288000.0,right
273096,622511.0,-1587404.0,9915888.0,-13316.0,11185.0,-119845.0,22130000.0,52397000.0,100288000.0,right
273106,-650045.0,-883487.0,9941028.0,-10120.0,33024.0,-91615.0,22130000.0,52397000.0,100288000.0,right
273116,68236.0,-1040312.0,9988914.0,-3195.0,7989.0,-155533.0,22130000.0,52397000.0,100288000.0,right
273126,-110136.0,-1200728.0,9947014.0,-3728.0,29295.0,-288695.0,22130000.0,52397000.0,100288000.0,right
273136,-1197.0,-1197137.0,9941028.0,0.0,26099.0,-246083.0,22130000.0,52397000.0,100288000.0,right
273146,-135276.0,-1176786.0,9943422.0,532.0,32491.0,-226375.0,22130000.0,52397000.0,100288000.0,right
273156,-82602.0,-1163617.0,9953000.0,2663.0,30893.0,-223712.0,22130000.0,52397000.0,100288000.0,right
273166,-45491.0,-1114534.0,9955394.0,4793.0,26099.0,-204004.0,22130000.0,52397000.0,100288000.0,right
273176,-45491.0,-1114534.0,9955394.0,4793.0,26099.0,-204004.0,22130000.0,52397000.0,100288000.0,right
273186,17957.0,-1145660.0,9970957.0,5326.0,18110.0,-178969.0,22130000.0,52397000.0,100288000.0,right
273196,11971.0,-1112140.0,10002082.0,6391.0,13848.0,-134760.0,22130000.0,52397000.0,100288000.0,right
273206,22745.0,-676382.0,9996096.0,5326.0,3195.0,-44209.0,22130000.0,52397000.0,100288000.0,right
273216,-323227.0,-1334808.0,9881171.0,-1065.0,2130.0,-12250.0,22130000.0,52397000.0,100288000.0,right
273226,-29928.0,-973272.0,9960182.0,9587.0,-10120.0,-9055.0,22130000.0,52397000.0,100288000.0,right
273236,-186753.0,-1006792.0,9939831.0,2663.0,-9055.0,-6391.0,22130000.0,52397000.0,100288000.0,right
273246,-216681.0,-1112140.0,9930254.0,1065.0,-17577.0,-10652.0,22130000.0,52397000.0,100288000.0,right
273256,-148445.0,-1088197.0,9948211.0,2130.0,-27697.0,-11185.0,22130000.0,52397000.0,100288000.0,right
273266,-149642.0,-1108549.0,9961380.0,2130.0,-33024.0,-12783.0,22130000.0,52397000.0,100288000.0,right
273276,-178373.0,-1071437.0,9963774.0,2130.0,-39948.0,-13316.0,22130000.0,52397000.0,100288000.0,right
273286,-137670.0,-1100169.0,9926663.0,2130.0,-47405.0,-17577.0,22130000.0,52397000.0,100288000.0,right
273296,-136473.0,-1128900.0,9962577.0,1065.0,-50068.0,-33024.0,22130000.0,52397000.0,100288000.0,right
273307,-179570.0,-1047495.0,9957788.0,1597.0,-37285.0,-117182.0,22130000.0,52397000.0,100288000.0,right
273316,-87391.0,-1106154.0,9961380.0,-3195.0,-26632.0,-197612.0,22130000.0,52397000.0,100288000.0,right
273326,225061.0,-1077423.0,10003279.0,-3728.0,-26632.0,-205069.0,22130000.0,52397000.0,100288000.0,right
273336,317241.0,-1019961.0,10012856.0,-2663.0,-25034.0,-144347.0,22130000.0,52397000.0,100288000.0,right
273347,228653.0,-900247.0,9981731.0,-1597.0,-23969.0,-83093.0,22130000.0,52397000.0,100288000.0,right
273357,125699.0,-1007989.0,9932648.0,-4793.0,-28763.0,-26099.0,22130000.0,52397000.0,100288000.0,right
273367,47885.0,-1073832.0,9998491.0,-7457.0,-21838.0,-9055.0,22130000.0,52397000.0,100288000.0,right
273377,69433.0,-1079817.0,9976942.0,-5859.0,-16512.0,-8522.0,22130000.0,52397000.0,100288000.0,right
273387,254990.0,-1115732.0,9982928.0,-4261.0,-11185.0,-7989.0,22130000.0,52397000.0,100288000.0,right
273397,124502.0,-1142069.0,9970957.0,-1065.0,2130.0,-3728.0,22130000.0,52397000.0,100288000.0,right
273407,59856.0,-1115732.0,9973351.0,3195.0,10120.0,-1065.0,22130000.0,52397000.0,100288000.0,right
273417,5985.0,-1076226.0,9963774.0,5326.0,13316.0,-1065.0,22130000.0,52397000.0,100288000.0,right
273427,17957.0,-1040312.0,9944620.0,6391.0,12783.0,-1065.0,22130000.0,52397000.0,100288000.0,right
273437,55068.0,-1028340.0,9961380.0,1065.0,14914.0,-1065.0,22130000.0,52397000.0,100288000.0,right
273447,-2394.0,-1037918.0,9954197.0,-2130.0,17577.0,2130.0,22120000.0,52348000.0,100292000.0,right
273457,19154.0,-1005595.0,9955394.0,-3195.0,15979.0,2130.0,22120000.0,52348000.0,100292000.0,right
273467,-51476.0,-1069043.0,9955394.0,-7989.0,18110.0,3728.0,22120000.0,52348000.0,100292000.0,right
273477,-35914.0,-1115732.0,9958985.0,-6391.0,15979.0,4261.0,22120000.0,52348000.0,100292000.0,right
273487,-132882.0,-1073832.0,9950605.0,-4261.0,13848.0,4793.0,22120000.0,52348000.0,100292000.0,right
273497,-105348.0,-1137280.0,9956591.0,-3728.0,10120.0,2130.0,22120000.0,52348000.0,100292000.0,right
273507,-171190.0,-1119323.0,9953000.0,-532.0,5326.0,-1597.0,22120000.0,52348000.0,100292000.0,right
273517,-128093.0,-1021158.0,9960182.0,1065.0,-4261.0,-4261.0,22120000.0,52348000.0,100292000.0,right
273527,-32322.0,-1079817.0,9947014.0,-532.0,-7457.0,-5326.0,22120000.0,52348000.0,100292000.0,right
273537,-83799.0,-1071437.0,9939831.0,-1065.0,-8522.0,-5859.0,22120000.0,52348000.0,100292000.0,right
273547,-57462.0,-1098972.0,9961380.0,-1065.0,-13848.0,-5326.0,22120000.0,52348000.0,100292000.0,right
273557,-55068.0,-1082212.0,9970957.0,-532.0,-17577.0,-2663.0,22120000.0,52348000.0,100292000.0,right
273567,-82602.0,-1079817.0,9957788.0,-532.0,-20773.0,-2663.0,22120000.0,52348000.0,100292000.0,right
273577,-51476.0,-1083409.0,9956591.0,-1597.0,-21305.0,-2663.0,22120000.0,52348000.0,100292000.0,right
273587,-49082.0,-1082212.0,9953000.0,-2130.0,-24501.0,-2663.0,22120000.0,52348000.0,100292000.0,right
273597,-38308.0,-1054678.0,9970957.0,0.0,-24501.0,-3195.0,22120000.0,52348000.0,100292000.0,right
273607,-22745.0,-1035523.0,9970957.0,0.0,-26632.0,-4261.0,22120000.0,52348000.0,100292000.0,right
273617,-53871.0,-1035523.0,9943422.0,-3195.0,-29295.0,-4793.0,22120000.0,52348000.0,100292000.0,right
273627,-49082.0,-1033129.0,9967365.0,-5326.0,-31958.0,-4793.0,22120000.0,52348000.0,100292000.0,right
273637,56265.0,-1060663.0,9976942.0,-7989.0,-33556.0,-2663.0,22120000.0,52348000.0,100292000.0,right
273647,33519.0,-1095380.0,9970957.0,-9587.0,-30893.0,-1597.0,22120000.0,52348000.0,100292000.0,right
273657,32322.0,-1131294.0,9961380.0,-10120.0,-29828.0,0.0,22120000.0,52348000.0,100292000.0,right
273667,-108939.0,-1133689.0,9933845.0,-6391.0,-28763.0,2130.0,22120000.0,52348000.0,100292000.0,right
273737,-16759.0,-1240234.0,9938634.0,-2130.0,-60721.0,330241.0,22120000.0,52348000.0,100292000.0,right
273747,-16759.0,-1757397.0,9901523.0,-532.0,-63917.0,379778.0,22120000.0,52348000.0,100292000.0,right
273757,35914.0,-1386285.0,9924268.0,17044.0,-70309.0,465002.0,22120000.0,52348000.0,100292000.0,right
273767,-190344.0,-1164814.0,9930254.0,14914.0,-82027.0,516136.0,22120000.0,52348000.0,100292000.0,right
273777,-122108.0,-1084606.0,9938634.0,14914.0,-94811.0,511342.0,22120000.0,52348000.0,100292000.0,right
273787,-252595.0,-1016369.0,9947014.0,18642.0,-94278.0,487373.0,22120000.0,52348000.0,100292000.0,right
273797,-270553.0,-1239037.0,9931451.0,26632.0,-104399.0,445294.0,22120000.0,52348000.0,100292000.0,right
273807,-166402.0,-1073832.0,9973351.0,34622.0,-118780.0,420259.0,22120000.0,52348000.0,100292000.0,right
273817,-124502.0,-976864.0,10022434.0,40481.0,-128368.0,392029.0,22120000.0,52348000.0,100292000.0,right
273827,-11971.0,-1087000.0,9967365.0,45807.0,-131031.0,352080.0,22120000.0,52348000.0,100292000.0,right
273837,168796.0,-1098972.0,9972154.0,38883.0,-133694.0,349949.0,22120000.0,52348000.0,100292000.0,right
273847,211893.0,-748210.0,10060742.0,39948.0,-125705.0,333970.0,22120000.0,52348000.0,100292000.0,right
273857,254990.0,-567443.0,10032011.0,32491.0,-112388.0,303076.0,22120000.0,52348000.0,100292000.0,right
273867,371112.0,-799687.0,10008068.0,22371.0,-94278.0,286032.0,22120000.0,52348000.0,100292000.0,right
273877,422589.0,-875107.0,9997294.0,15979.0,-72440.0,257269.0,22120000.0,52348000.0,100292000.0,right
273887,451320.0,-1090592.0,10051165.0,8522.0,-50068.0,270585.0,22120000.0,52348000.0,100292000.0,right
273897,234638.0,-1064255.0,9986519.0,11718.0,-27697.0,300946.0,22120000.0,52348000.0,100292000.0,right
273907,331607.0,-1122914.0,9957788.0,14381.0,-14381.0,302011.0,22120000.0,52348000.0,100292000.0,right
273917,209499.0,-733845.0,10023631.0,17044.0,-1597.0,286032.0,22120000.0,52348000.0,100292000.0,right
273927,556668.0,-306467.0,10046376.0,3728.0,19175.0,204536.0,22120000.0,52348000.0,100292000.0,right
273937,622511.0,-373506.0,10029616.0,-48471.0,98539.0,68711.0,22120000.0,52348000.0,100292000.0,right
273947,138867.0,-814053.0,9955394.0,-83093.0,174708.0,-64983.0,22120000.0,52348000.0,100292000.0,right
273958,214287.0,-1067846.0,10071516.0,-74570.0,176839.0,-192818.0,22120000.0,52348000.0,100292000.0,right
273967,40702.0,-1934573.0,9702798.0,-45275.0,168316.0,-312664.0,22120000.0,52348000.0,100292000.0,right
273978,288510.0,-611737.0,10106233.0,-532.0,143282.0,-263128.0,22120000.0,52348000.0,100292000.0,right
273988,-158022.0,-931372.0,9953000.0,-7457.0,145413.0,-253007.0,22120000.0,52348000.0,100292000.0,right
273998,-213090.0,-830813.0,9944620.0,1065.0,138488.0,-292423.0,22120000.0,52348000.0,100292000.0,right
274008,-191541.0,-1109746.0,9913494.0,-4793.0,134760.0,-336633.0,22120000.0,52348000.0,100292000.0,right
274018,-105348.0,-1163617.0,9968562.0,-7989.0,117182.0,-312664.0,22120000.0,52348000.0,100292000.0,right
274028,-140065.0,-1330019.0,9931451.0,-6924.0,96942.0,-251942.0,22120000.0,52348000.0,100292000.0,right
274038,-148445.0,-1428184.0,9858426.0,4793.0,82027.0,-204536.0,22120000.0,52348000.0,100292000.0,right
274048,158022.0,-1381496.0,9933845.0,13848.0,60721.0,-128900.0,22120000.0,52348000.0,100292000.0,right
274058,117319.0,-1058269.0,9992505.0,10652.0,46873.0,-22903.0,22120000.0,52348000.0,100292000.0,right
274068,81405.0,-1207911.0,9941028.0,6391.0,46873.0,12250.0,22120000.0,52348000.0,100292000.0,right
274078,-37111.0,-1144463.0,9975745.0,18110.0,55395.0,6924.0,22120000.0,52348000.0,100292000.0,right
274088,-41899.0,-1072635.0,9932648.0,14381.0,52199.0,25034.0,22120000.0,52348000.0,100292000.0,right
274098,-266961.0,-1760989.0,9889551.0,-11718.0,44209.0,86821.0,22120000.0,52348000.0,100292000.0,right
274108,-138867.0,-1704723.0,9897931.0,-2130.0,29295.0,164055.0,22120000.0,52348000.0,100292000.0,right
274118,-39505.0,-940949.0,9975745.0,2130.0,18110.0,205602.0,22120000.0,52348000.0,100292000.0,right
274128,-59856.0,-815250.0,9993702.0,-11718.0,13848.0,218918.0,22120000.0,52348000.0,100292000.0,right
274138,-367521.0,-1278542.0,9902720.0,-9587.0,11718.0,204004.0,22120000.0,52348000.0,100292000.0,right
274148,-395055.0,-796096.0,9960182.0,7989.0,6391.0,168849.0,22120000.0,52348000.0,100292000.0,right
274158,-268158.0,-201119.0,10020039.0,-532.0,-7989.0,170447.0,22120000.0,52348000.0,100292000.0,right
274168,-454912.0,-1072635.0,9901523.0,-1597.0,-18642.0,133694.0,22120000.0,52348000.0,100292000.0,right
274178,-391463.0,-936161.0,9903917.0,-4793.0,-38350.0,111856.0,22120000.0,52348000.0,100292000.0,right
274188,-264567.0,-1134886.0,9918283.0,-14914.0,-59123.0,129966.0,22120000.0,52348000.0,100292000.0,right
274198,-256187.0,-1255797.0,9929057.0,11185.0,-70309.0,82560.0,22120000.0,52348000.0,100292000.0,right
274208,-102953.0,-644059.0,10011659.0,3195.0,-75636.0,118780.0,22120000.0,52348000.0,100292000.0,right
274218,-150839.0,-1282134.0,9918283.0,-10120.0,-86289.0,122509.0,22120000.0,52348000.0,100292000.0,right
274228,38308.0,-974469.0,9953000.0,12250.0,-80429.0,55928.0,22120000.0,52348000.0,100292000.0,right
274238,38308.0,-974469.0,9953000.0,12250.0,-80429.0,55928.0,22120000.0,52348000.0,100292000.0,right
274248,22745.0,-750605.0,10028419.0,-10652.0,-75636.0,75103.0,22120000.0,52348000.0,100292000.0,right
274258,-232244.0,-1194743.0,9933845.0,2130.0,-69776.0,-532.0,22120000.0,52348000.0,100292000.0,right
274268,-147247.0,-220273.0,10064333.0,-532.0,-86289.0,-28230.0,22120000.0,52348000.0,100292000.0,right
274278,466883.0,-2408640.0,9956591.0,-23436.0,-85756.0,-30360.0,22120000.0,52348000.0,100292000.0,right
274288,415406.0,-810461.0,10059545.0,51666.0,-54862.0,-13848.0,22120000.0,52348000.0,100292000.0,right
274298,459700.0,290904.0,9998491.0,13848.0,-29828.0,63917.0,22120000.0,52348000.0,100292000.0,right
274308,324424.0,-2086610.0,9974548.0,-42079.0,4261.0,54862.0,22120000.0,52348000.0,100292000.0,right
274318,14365.0,43096.0,10052362.0,4793.0,18110.0,51666.0,22120000.0,52348000.0,100292000.0,right
274328,53871.0,-2717501.0,9917085.0,-40481.0,25567.0,10120.0,22120000.0,52348000.0,100292000.0,right
274338,-220273.0,786519.0,10090670.0,41546.0,17577.0,-19175.0,22120000.0,52348000.0,100292000.0,right
274348,-7182.0,-2291320.0,9844060.0,-54330.0,14381.0,-29295.0,22120000.0,52348000.0,100292000.0,right
274358,-196330.0,-306467.0,10117007.0,36752.0,7457.0,-236495.0,22120000.0,52348000.0,100292000.0,right
274368,-301678.0,-1411424.0,9721952.0,-40481.0,-2130.0,51666.0,22120000.0,52348000.0,100292000.0,right
274378,13168.0,-852361.0,10087079.0,36220.0,-11718.0,-320121.0,22120000.0,52348000.0,100292000.0,right
274388,43096.0,-1558672.0,10021236.0,-32491.0,-16512.0,25567.0,22120000.0,52348000.0,100292000.0,right
274398,174782.0,-1356356.0,10040391.0,27697.0,0.0,-107594.0,22120000.0,52348000.0,100292000.0,right
274408,-177176.0,164007.0,10058348.0,-8522.0,-13316.0,188557.0,22120000.0,52348000.0,100292000.0,right
274418,246610.0,-2182381.0,9793780.0,-12250.0,11718.0,-205602.0,22120000.0,52348000.0,100292000.0,right
274428,-231047.0,-25139.0,10040391.0,5859.0,-6924.0,68178.0,22120000.0,52348000.0,100292000.0,right
274438,40702.0,-1928588.0,9810540.0,532.0,8522.0,-196014.0,22120000.0,52348000.0,100292000.0,right
274448,-134079.0,-456109.0,9956591.0,-532.0,-11718.0,11185.0,22120000.0,52367000.0,100290000.0,right
274458,64645.0,-1709512.0,9966168.0,7457.0,-4793.0,-60189.0,22120000.0,52367000.0,100290000.0,right
274468,-221470.0,158022.0,9924268.0,-5859.0,-13848.0,108660.0,22120000.0,52367000.0,100290000.0,right
274478,178373.0,-1924996.0,9943422.0,22903.0,-2130.0,-333437.0,22120000.0,52367000.0,100290000.0,right
274488,-237033.0,-577020.0,10016448.0,5326.0,-3195.0,-85756.0,22120000.0,52367000.0,100290000.0,right
274498,235836.0,-1593389.0,9932648.0,26099.0,-1597.0,-297750.0,22120000.0,52367000.0,100290000.0,right
274509,-439349.0,-186753.0,10014054.0,-23969.0,-10652.0,51666.0,22120000.0,52367000.0,100290000.0,right
274518,95770.0,-1435367.0,10067925.0,44742.0,-15446.0,-541703.0,22120000.0,52367000.0,100290000.0,right
274528,307664.0,-1113337.0,9847651.0,-18642.0,-5859.0,-322784.0,22120000.0,52367000.0,100290000.0,right
274538,185556.0,-1021158.0,10328901.0,41546.0,532.0,-379778.0,22120000.0,52367000.0,100290000.0,right
274548,-590188.0,-907430.0,9541184.0,-30360.0,-11185.0,-165653.0,22120000.0,52367000.0,100290000.0,right
274558,161613.0,-913415.0,10005674.0,63385.0,-7457.0,-744642.0,22120000.0,52367000.0,100290000.0,right
274568,529134.0,-502797.0,9900325.0,-532.0,-7989.0,-533181.0,22120000.0,52367000.0,100290000.0,right
274578,-421392.0,-889473.0,10252284.0,0.0,-6924.0,-69776.0,22120000.0,52367000.0,100290000.0,right
274589,-827221.0,-2458920.0,9953000.0,13848.0,-16512.0,-420259.0,22120000.0,52367000.0,100290000.0,right
274598,994821.0,310058.0,10055953.0,140619.0,-75636.0,-1156379.0,22120000.0,52367000.0,100290000.0,right
274609,-405829.0,-2214704.0,10139753.0,-9055.0,13848.0,-84158.0,22120000.0,52367000.0,100290000.0,right
274619,700325.0,-8379.0,9703995.0,-35154.0,10652.0,-449555.0,22120000.0,52367000.0,100290000.0,right
274629,-761379.0,-2068653.0,9650124.0,72972.0,-30360.0,-299348.0,22120000.0,52367000.0,100290000.0,right
274639,588991.0,313649.0,10351646.0,183231.0,-145945.0,-632786.0,22120000.0,52367000.0,100290000.0,right
274649,-184359.0,-1516773.0,9960182.0,-158729.0,133162.0,-268454.0,22120000.0,52367000.0,100290000.0,right
274659,39505.0,-1387482.0,9561536.0,0.0,-13316.0,-340894.0,22120000.0,52367000.0,100290000.0,right
274669,427378.0,22745.0,10352843.0,153402.0,-86821.0,-643439.0,22120000.0,52367000.0,100290000.0,right
274679,-519557.0,-2334417.0,9613013.0,-87354.0,34622.0,-304674.0,22120000.0,52367000.0,100290000.0,right
274689,656031.0,156824.0,10249890.0,453816.0,-271650.0,-780329.0,22120000.0,52367000.0,100290000.0,right
274699,13168.0,-1476070.0,10133767.0,-157663.0,88419.0,-323850.0,22120000.0,52367000.0,100290000.0,right
274709,-41899.0,-996018.0,9851243.0,-278575.0,144880.0,-287630.0,22120000.0,52367000.0,100290000.0,right
274719,318438.0,-1739440.0,9920677.0,264726.0,-150739.0,-500156.0,22120000.0,52367000.0,100290000.0,right
274729,96968.0,174782.0,10103839.0,530517.0,-331307.0,-11718.0,22120000.0,52367000.0,100290000.0,right
274739,113728.0,-944541.0,10084685.0,-178437.0,112921.0,-332905.0,22120000.0,52367000.0,100290000.0,right
274749,295692.0,-2560676.0,9677658.0,2130.0,-28763.0,-133694.0,22120000.0,52367000.0,100290000.0,right
274779,-168796.0,120910.0,10283409.0,368592.0,-232234.0,150206.0,22120000.0,52367000.0,100290000.0,right
274789,457306.0,-482446.0,10290592.0,-128900.0,83093.0,-151804.0,22120000.0,52367000.0,100290000.0,right
274799,-59856.0,-2385894.0,9593858.0,-273248.0,151272.0,-19707.0,22120000.0,52367000.0,100290000.0,right
274809,-32322.0,459700.0,10534808.0,294554.0,-170980.0,-119313.0,22120000.0,52367000.0,100290000.0,right
274819,146050.0,-1896265.0,9346051.0,35687.0,-37285.0,-201873.0,22120000.0,52367000.0,100290000.0,right
274829,38308.0,-45491.0,10040391.0,374984.0,-250344.0,-317458.0,22120000.0,52367000.0,100290000.0,right
274839,276538.0,-1181574.0,9847651.0,44742.0,-38350.0,-414400.0,22120000.0,52367000.0,100290000.0,right
274849,32322.0,-1637683.0,9911100.0,79364.0,-75636.0,-208265.0,22120000.0,52367000.0,100290000.0,right
274859,513571.0,314847.0,10391152.0,453816.0,-283901.0,-412269.0,22120000.0,52367000.0,100290000.0,right
274869,23942.0,-1511984.0,9340065.0,34089.0,-42611.0,-243952.0,22120000.0,52367000.0,100290000.0,right
274879,120910.0,-484840.0,10570722.0,222114.0,-158729.0,-472459.0,22120000.0,52367000.0,100290000.0,right
274889,373506.0,-836799.0,9656109.0,102801.0,-98539.0,-667941.0,22120000.0,52367000.0,100290000.0,right
274899,14365.0,-1140871.0,10381575.0,58058.0,-81495.0,-319056.0,22120000.0,52367000.0,100290000.0,right
274909,726662.0,-475263.0,10338478.0,-60189.0,19175.0,-347819.0,22120000.0,52367000.0,100290000.0,right
274919,657228.0,-1807677.0,9712375.0,-31958.0,-22371.0,-205602.0,22120000.0,52367000.0,100290000.0,right
274929,-164007.0,-709902.0,9733923.0,19707.0,18110.0,235963.0,22120000.0,52367000.0,100290000.0,right
274939,330409.0,-416603.0,10302564.0,35154.0,6391.0,-65515.0,22120000.0,52367000.0,100290000.0,right
274949,-81405.0,-1242628.0,9997294.0,-33556.0,1065.0,157131.0,22120000.0,52367000.0,100290000.0,right
274959,533923.0,-172387.0,10101445.0,12783.0,-22903.0,-132096.0,22120000.0,52367000.0,100290000.0,right
274969,616525.0,-1308471.0,9883566.0,-4261.0,-9055.0,-78299.0,22120000.0,52367000.0,100290000.0,right
274979,-175979.0,-865530.0,9970957.0,-8522.0,13848.0,194949.0,22120000.0,52367000.0,100290000.0,right
274989,689551.0,-104150.0,9996096.0,18642.0,-6391.0,-180035.0,22120000.0,52367000.0,100290000.0,right
274999,-148445.0,-1473676.0,10091867.0,-19707.0,9055.0,120378.0,22120000.0,52367000.0,100290000.0,right
275009,77813.0,-355549.0,10087079.0,1597.0,-10120.0,-90550.0,22120000.0,52367000.0,100290000.0,right
275019,636877.0,-784124.0,10179259.0,7989.0,-20773.0,-92148.0,22120000.0,52367000.0,100290000.0,right
275029,142459.0,-1182771.0,9726741.0,-15446.0,3728.0,113454.0,22120000.0,52367000.0,100290000.0,right
275039,495614.0,-174782.0,10022434.0,15979.0,-6391.0,-90017.0,22120000.0,52367000.0,100290000.0,right
275049,167599.0,-1434170.0,9779415.0,-6391.0,6391.0,47405.0,22120000.0,52367000.0,100290000.0,right
275059,-56265.0,-454912.0,9877580.0,-3195.0,0.0,82027.0,22120000.0,52367000.0,100290000.0,right
275069,532726.0,-442940.0,10375589.0,20240.0,-10652.0,-125172.0,22120000.0,52367000.0,100290000.0,right
275079,43096.0,-1332413.0,10112219.0,-10120.0,-10120.0,94278.0,22120000.0,52367000.0,100290000.0,right
275089,392661.0,-193936.0,10255875.0,-13848.0,-1065.0,-65515.0,22120000.0,52367000.0,100290000.0,right
275099,650045.0,-1126506.0,10027222.0,3728.0,-9587.0,-107062.0,22120000.0,52367000.0,100290000.0,right
275109,-110136.0,-975666.0,9763852.0,-11185.0,17577.0,202406.0,22120000.0,52367000.0,100290000.0,right
275119,290904.0,-289707.0,10084685.0,27165.0,-10652.0,-166186.0,22120000.0,52367000.0,100290000.0,right
275129,143656.0,-1373116.0,9641744.0,-4261.0,-6924.0,100137.0,22120000.0,52367000.0,100290000.0,right
275139,129290.0,-349564.0,10157710.0,-532.0,-9587.0,15979.0,22120000.0,52367000.0,100290000.0,right
275149,784124.0,-409420.0,10343266.0,3195.0,-9055.0,-146478.0,22120000.0,52367000.0,100290000.0,right
275159,156824.0,-1570644.0,10009265.0,-12250.0,532.0,54330.0,22120000.0,52367000.0,100290000.0,right
275169,204710.0,-268158.0,10113416.0,-11718.0,14381.0,0.0,22120000.0,52367000.0,100290000.0,right
275179,535120.0,-968484.0,9931451.0,13316.0,-4261.0,-83625.0,22120000.0,52367000.0,100290000.0,right
275189,-220273.0,-1076226.0,9724346.0,-3728.0,0.0,162457.0,22120000.0,52367000.0,100290000.0,right
275199,872713.0,-784124.0,9822512.0,28230.0,-20240.0,-190155.0,22120000.0,52367000.0,100290000.0,right
275210,2706727.0,-944541.0,10059545.0,487373.0,-90550.0,340362.0,22120000.0,52367000.0,100290000.0,right
275220,2949746.0,1266571.0,10462980.0,739315.0,-159794.0,-192286.0,22120000.0,52367000.0,100290000.0,right
275230,1367130.0,1089395.0,10088276.0,739315.0,-25034.0,-738783.0,22120000.0,52367000.0,100290000.0,right
275240,-158022.0,-1534730.0,9474145.0,523060.0,245018.0,-339297.0,22120000.0,52367000.0,100290000.0,right
275250,-2492439.0,-5001639.0,10595862.0,1257582.0,731858.0,463404.0,22120000.0,52367000.0,100290000.0,right
275260,-724268.0,-1869928.0,10148133.0,762219.0,495895.0,198145.0,22120000.0,52367000.0,100290000.0,right
275270,733845.0,161613.0,10727547.0,491634.0,674865.0,-359004.0,22120000.0,52367000.0,100290000.0,right
275280,174782.0,250201.0,9141340.0,598164.0,1263974.0,-152870.0,22120000.0,52367000.0,100290000.0,right
275290,-246610.0,519557.0,9505270.0,1111104.0,1245331.0,-62319.0,22120000.0,52367000.0,100290000.0,right
275300,-246610.0,519557.0,9505270.0,1111104.0,1245331.0,-62319.0,22120000.0,52367000.0,100290000.0,right
275310,-3591.0,403435.0,9923071.0,1519113.0,438902.0,120911.0,22120000.0,52367000.0,100290000.0,right
275320,28731.0,1683175.0,10124190.0,1875454.0,543833.0,385104.0,22120000.0,52367000.0,100290000.0,right
275330,-1185165.0,889473.0,10157710.0,2491196.0,1296466.0,880467.0,22120000.0,52367000.0,100290000.0,right
275340,-955315.0,520754.0,10228341.0,1817928.0,1147324.0,666875.0,22120000.0,52367000.0,100290000.0,right
275350,-226258.0,773350.0,9949408.0,546497.0,379778.0,355276.0,22120000.0,52367000.0,100290000.0,right
275360,-897853.0,-721873.0,9876383.0,106529.0,317458.0,385104.0,22120000.0,52367000.0,100290000.0,right
275370,-656031.0,2079427.0,9176057.0,-238626.0,272715.0,289760.0,22120000.0,52367000.0,100290000.0,right
275380,-1608952.0,926584.0,9202394.0,-386170.0,-379245.0,332372.0,22120000.0,52367000.0,100290000.0,right
275390,-890670.0,-737436.0,10941835.0,2663.0,-909230.0,253007.0,22120000.0,52367000.0,100290000.0,right
275400,-1106154.0,1140871.0,9636955.0,294554.0,35154.0,261530.0,22120000.0,52367000.0,100290000.0,right
275410,-996018.0,1079817.0,10052362.0,352613.0,5859.0,268987.0,22120000.0,52367000.0,100290000.0,right
275420,-487234.0,-41899.0,9761458.0,510809.0,-102268.0,230636.0,22120000.0,52367000.0,100290000.0,right
275430,-990032.0,1868731.0,9765049.0,255138.0,-74038.0,81495.0,22120000.0,52367000.0,100290000.0,right
275440,-609342.0,494417.0,10083488.0,312131.0,-132096.0,-22903.0,22120000.0,52367000.0,100290000.0,right
275450,-646454.0,-138867.0,9967365.0,520397.0,-148076.0,5859.0,22120000.0,52354000.0,100290000.0,right
275460,-872713.0,2048302.0,9723149.0,792048.0,-164588.0,7457.0,22120000.0,52354000.0,100290000.0,right
275470,-507586.0,657228.0,9930254.0,840519.0,-206134.0,-259932.0,22120000.0,52354000.0,100290000.0,right
275480,-81405.0,302875.0,10265452.0,639178.0,-205602.0,-356874.0,22120000.0,52354000.0,100290000.0,right
275490,526740.0,289707.0,10301367.0,700432.0,-129966.0,184828.0,22120000.0,52354000.0,100290000.0,right
275500,-256187.0,1045100.0,10055953.0,1138802.0,-16512.0,932134.0,22120000.0,52354000.0,100290000.0,right
275510,114925.0,2348783.0,9476539.0,1368373.0,109192.0,1315641.0,22120000.0,52354000.0,100290000.0,right
275520,347169.0,1980065.0,9574704.0,1142530.0,118780.0,1447205.0,22120000.0,52354000.0,100290000.0,right
275530,-165204.0,1957319.0,9617801.0,659418.0,225310.0,1386483.0,22120000.0,52354000.0,100290000.0,right
275540,-685959.0,2944957.0,9296968.0,-47405.0,178969.0,999248.0,22120000.0,52354000.0,100290000.0,right
275550,-603357.0,1993233.0,9687235.0,-459675.0,87886.0,642906.0,22120000.0,52354000.0,100290000.0,right
275560,-1224671.0,1201925.0,9423865.0,-635982.0,13848.0,483644.0,22120000.0,52354000.0,100290000.0,right
275570,-353155.0,2402654.0,9207183.0,-585380.0,-283368.0,373386.0,22120000.0,52354000.0,100290000.0,right
275580,368718.0,64645.0,11001692.0,-421324.0,-592837.0,229571.0,22120000.0,52354000.0,100290000.0,right
275590,409420.0,125699.0,10088276.0,69776.0,49536.0,335035.0,22120000.0,52354000.0,100290000.0,right
275600,-69433.0,3415432.0,9250280.0,227440.0,68711.0,279107.0,22120000.0,52354000.0,100290000.0,right
275610,675185.0,703916.0,10090670.0,-125172.0,-44209.0,-12783.0,22120000.0,52354000.0,100290000.0,right
275620,778139.0,1456916.0,9613013.0,-462871.0,112388.0,335035.0,22120000.0,52354000.0,100290000.0,right
275630,-235836.0,2258998.0,9850046.0,-727065.0,208798.0,618404.0,22120000.0,52354000.0,100290000.0,right
275640,-657228.0,909824.0,9666884.0,-1067959.0,196014.0,482579.0,22120000.0,52354000.0,100290000.0,right
275650,-508783.0,1049889.0,9753078.0,-1326294.0,206134.0,151804.0,22120000.0,52354000.0,100290000.0,right
275660,-156824.0,1679583.0,9821314.0,-1470109.0,150206.0,-6924.0,22120000.0,52354000.0,100290000.0,right
275670,-272947.0,184359.0,10079896.0,-1414714.0,82560.0,60189.0,22120000.0,52354000.0,100290000.0,right
275680,-88588.0,154430.0,9981731.0,-1192067.0,67113.0,151272.0,22120000.0,52354000.0,100290000.0,right
275690,440546.0,1347976.0,10313338.0,-1177685.0,145945.0,319589.0,22120000.0,52354000.0,100290000.0,right
275700,19154.0,-907430.0,9945817.0,-1142530.0,368592.0,699899.0,22120000.0,52354000.0,100290000.0,right
275710,239427.0,731450.0,9881171.0,-1105778.0,373386.0,1044523.0,22120000.0,52354000.0,100290000.0,right
275720,694339.0,1035523.0,10011659.0,-1471707.0,-305207.0,1247462.0,22120000.0,52354000.0,100290000.0,right
275730,-778139.0,-628497.0,10017645.0,-1662395.0,-624796.0,1245864.0,22120000.0,52354000.0,100290000.0,right
275740,189147.0,454912.0,10065530.0,-1747086.0,-520930.0,985399.0,22120000.0,52354000.0,100290000.0,right
275750,-141262.0,-336395.0,10465374.0,-1702344.0,-458077.0,989128.0,22120000.0,52354000.0,100290000.0,right
275760,-1715497.0,-2442160.0,9906311.0,-1151053.0,-609882.0,1127616.0,22120000.0,52354000.0,100290000.0,right
275770,-140065.0,386675.0,10326506.0,-2404374.0,-2132724.0,878337.0,22120000.0,52354000.0,100290000.0,right
275780,-339987.0,-855953.0,9659701.0,-1223493.0,-713216.0,820278.0,22120000.0,52354000.0,100290000.0,right
275790,-93376.0,-1051086.0,9972154.0,-67646.0,256736.0,1131877.0,22120000.0,52354000.0,100290000.0,right
275800,336395.0,-550683.0,10465374.0,-263660.0,100137.0,1022684.0,22120000.0,52354000.0,100290000.0,right
275810,-142459.0,-1495224.0,10160104.0,-62319.0,591239.0,895381.0,22120000.0,52354000.0,100290000.0,right
275820,332804.0,-662016.0,9938634.0,-213591.0,632253.0,743577.0,22120000.0,52354000.0,100290000.0,right
275830,10774.0,-488432.0,10021236.0,-207732.0,655690.0,760089.0,22120000.0,52354000.0,100290000.0,right
275840,-38308.0,-577020.0,9785400.0,-368592.0,570999.0,722271.0,22120000.0,52354000.0,100290000.0,right
275850,-256187.0,-505191.0,9780612.0,-269520.0,766480.0,620002.0,22120000.0,52354000.0,100290000.0,right
275861,-338789.0,10774.0,9703995.0,153935.0,868216.0,516668.0,22120000.0,52354000.0,100290000.0,right
275871,-849967.0,-694339.0,10321718.0,307870.0,762752.0,455414.0,22120000.0,52354000.0,100290000.0,right
275881,-705113.0,-1234248.0,9690826.0,177371.0,355809.0,275379.0,22120000.0,52354000.0,100290000.0,right
275891,-560260.0,-1331216.0,9899128.0,324915.0,394159.0,235963.0,22120000.0,52354000.0,100290000.0,right
275901,-259778.0,-742225.0,9856031.0,148076.0,108660.0,198145.0,22120000.0,52354000.0,100290000.0,right
275911,-424983.0,-605751.0,9888354.0,113454.0,87886.0,207732.0,22120000.0,52354000.0,100290000.0,right
275921,-323227.0,-671594.0,9817723.0,47405.0,10652.0,216255.0,22120000.0,52354000.0,100290000.0,right
275931,-262173.0,-530331.0,9814132.0,-114519.0,-116649.0,180567.0,22120000.0,52354000.0,100290000.0,right
275941,-287312.0,-365126.0,9829694.0,-115052.0,-124639.0,118247.0,22120000.0,52354000.0,100290000.0,right
275951,-390266.0,-407026.0,9921874.0,-278042.0,-183763.0,-41546.0,22120000.0,52354000.0,100290000.0,right
275961,-268158.0,-524346.0,9669278.0,-457012.0,-366462.0,-151804.0,22120000.0,52354000.0,100290000.0,right
275971,-463292.0,-539908.0,9539987.0,-475122.0,-537974.0,-136890.0,22120000.0,52354000.0,100290000.0,right
275981,-729056.0,-571034.0,9045569.0,-650363.0,-797907.0,-86289.0,22120000.0,52354000.0,100290000.0,right
275991,-148445.0,-2159635.0,10619805.0,-1765729.0,-1351861.0,15979.0,22120000.0,52354000.0,100290000.0,right
276001,-489629.0,-622511.0,11004086.0,-91082.0,-596033.0,27697.0,22120000.0,52354000.0,100290000.0,right
276011,-265764.0,-1067846.0,9842863.0,302011.0,10652.0,-208798.0,22120000.0,52354000.0,100290000.0,right
276021,-26337.0,-839193.0,9811737.0,174708.0,-202406.0,-189622.0,22120000.0,52354000.0,100290000.0,right
276031,-167599.0,-1553884.0,11006480.0,363266.0,-384039.0,-25034.0,22120000.0,52354000.0,100290000.0,right
276041,587794.0,-664411.0,10028419.0,-249812.0,210928.0,-710020.0,22120000.0,52354000.0,100290000.0,right
276051,-161613.0,-1482056.0,9839271.0,-290293.0,250344.0,-319056.0,22120000.0,52354000.0,100290000.0,right
276061,-703916.0,-1771763.0,9616604.0,-91615.0,104399.0,-638645.0,22120000.0,52354000.0,100290000.0,right
276071,725465.0,-14365.0,10490514.0,347286.0,-277509.0,-646635.0,22120000.0,52354000.0,100290000.0,right
276081,-790110.0,-1361145.0,9554353.0,-368592.0,272183.0,-233832.0,22120000.0,52354000.0,100290000.0,right
276091,-359141.0,-2079427.0,9990111.0,-19707.0,10120.0,-733456.0,22120000.0,52354000.0,100290000.0,right
276101,913415.0,-373506.0,10586285.0,283901.0,-215722.0,-782993.0,22120000.0,52354000.0,100290000.0,right
276111,-86193.0,-1213897.0,9112609.0,-185894.0,139021.0,-291891.0,22120000.0,52354000.0,100290000.0,right
276121,-208301.0,-1527547.0,10508471.0,83625.0,-41013.0,-361135.0,22120000.0,52354000.0,100290000.0,right
276131,559063.0,-480052.0,9954197.0,-51134.0,13848.0,-593902.0,22120000.0,52354000.0,100290000.0,right
276141,-339987.0,-1069043.0,9929057.0,-10652.0,19707.0,-163523.0,22120000.0,52354000.0,100290000.0,right
276151,-500403.0,-1909434.0,9699206.0,532.0,1065.0,-431977.0,22120000.0,52354000.0,100290000.0,right
276181,940949.0,-336395.0,10284607.0,232234.0,-171512.0,-826137.0,22120000.0,52354000.0,100290000.0,right
276191,-566245.0,-1514378.0,9810540.0,-239691.0,157131.0,-21305.0,22120000.0,52354000.0,100290000.0,right
276201,-7182.0,-1501210.0,10150527.0,-3195.0,5859.0,-487373.0,22120000.0,52354000.0,100290000.0,right
276211,561457.0,-458503.0,9907508.0,47405.0,-34089.0,-552889.0,22120000.0,52354000.0,100290000.0,right
276221,-738633.0,-1644866.0,10014054.0,-36220.0,33556.0,2130.0,22120000.0,52354000.0,100290000.0,right
276231,-123305.0,-1353962.0,10048771.0,-44209.0,34622.0,-879402.0,22120000.0,52354000.0,100290000.0,right
276241,544697.0,-353155.0,10057150.0,-5326.0,-4793.0,-796841.0,22120000.0,52354000.0,100290000.0,right
276251,-372309.0,-1276148.0,9919480.0,-28230.0,-7457.0,-14381.0,22120000.0,52354000.0,100290000.0,right
276261,-207104.0,-1877111.0,10173273.0,44209.0,-24501.0,-818680.0,22120000.0,52354000.0,100290000.0,right
276271,1064255.0,-222667.0,10101445.0,85223.0,-54330.0,-852237.0,22120000.0,52354000.0,100290000.0,right
276281,-498009.0,-1266571.0,10212778.0,-59123.0,37285.0,118247.0,22120000.0,52354000.0,100290000.0,right
276291,-22745.0,-1683175.0,9996096.0,19707.0,-1065.0,-709487.0,22120000.0,52354000.0,100290000.0,right
276301,288510.0,-1018763.0,9561536.0,59656.0,-54862.0,-576325.0,22120000.0,52354000.0,100290000.0,right
276311,209499.0,-420195.0,9809343.0,202406.0,-148076.0,-596566.0,22120000.0,52354000.0,100290000.0,right
276321,-2394.0,-815250.0,10109825.0,-46340.0,46873.0,-330774.0,22120000.0,52354000.0,100290000.0,right
276331,-282524.0,-1799297.0,9969759.0,-3195.0,-18110.0,-312664.0,22120000.0,52354000.0,100290000.0,right
276341,581808.0,-620117.0,9385556.0,231702.0,-144347.0,-817082.0,22120000.0,52354000.0,100290000.0,right
276351,307664.0,-805673.0,10934652.0,579521.0,-352080.0,-301478.0,22120000.0,52354000.0,100290000.0,right
276361,307664.0,-805673.0,10934652.0,579521.0,-352080.0,-301478.0,22120000.0,52354000.0,100290000.0,right
276371,-390266.0,-1175588.0,8684034.0,-929471.0,562476.0,-706824.0,22120000.0,52354000.0,100290000.0,right
276381,254990.0,-944541.0,9994899.0,69776.0,-51134.0,-714281.0,22120000.0,52354000.0,100290000.0,right
276391,5985.0,-2080624.0,9687235.0,70842.0,-71907.0,-469795.0,22120000.0,52354000.0,100290000.0,right
276401,328015.0,45491.0,10363618.0,217320.0,-155000.0,-806962.0,22120000.0,52354000.0,100290000.0,right
276411,-140065.0,-1230657.0,9885960.0,-131031.0,88952.0,-541703.0,22120000.0,52354000.0,100290000.0,right
276421,-161613.0,-1734652.0,9438230.0,-17044.0,-21838.0,-699367.0,22120000.0,52354000.0,100290000.0,right
276431,648848.0,-926584.0,10290592.0,704693.0,-460208.0,-691910.0,22120000.0,52354000.0,100290000.0,right
276442,854756.0,-244216.0,10592271.0,-40481.0,-1065.0,-746240.0,22120000.0,52354000.0,100290000.0,right
276451,-147247.0,-1830423.0,9909903.0,-508679.0,301478.0,-387235.0,22080000.0,52361000.0,100288000.0,right
276462,-204710.0,-873910.0,10006871.0,62319.0,-42079.0,-420792.0,22080000.0,52361000.0,100288000.0,right
276471,251398.0,-542303.0,9698009.0,139021.0,-91615.0,-800037.0,22080000.0,52361000.0,100288000.0,right
276482,-31125.0,-1823240.0,10010462.0,170980.0,-160327.0,-604555.0,22080000.0,52361000.0,100288000.0,right
276492,606948.0,-551880.0,10503683.0,231169.0,-184296.0,-808027.0,22080000.0,52361000.0,100288000.0,right
276502,429772.0,-1005595.0,10059545.0,55928.0,-60721.0,-570466.0,22080000.0,52361000.0,100288000.0,right
276512,95770.0,-1604164.0,9743501.0,83625.0,-85223.0,-396823.0,22080000.0,52361000.0,100288000.0,right
276522,454912.0,-263370.0,10569525.0,244485.0,-169914.0,-591239.0,22080000.0,52361000.0,100288000.0,right
276532,481249.0,-1516773.0,10004476.0,-110258.0,56993.0,-411204.0,22080000.0,52361000.0,100288000.0,right
276542,129290.0,-1907039.0,9927860.0,-38883.0,-11718.0,7989.0,22080000.0,52361000.0,100288000.0,right
276552,446532.0,-335198.0,9908705.0,1597.0,-16512.0,33556.0,22080000.0,52361000.0,100288000.0,right
276562,153233.0,-839193.0,9778217.0,10652.0,29295.0,152337.0,22080000.0,52361000.0,100288000.0,right
276572,67039.0,-1132491.0,9943422.0,2130.0,-26099.0,-42079.0,22080000.0,52361000.0,100288000.0,right
276582,712296.0,-735042.0,9851243.0,7989.0,-24501.0,-183231.0,22080000.0,52361000.0,100288000.0,right
276592,498009.0,-1268965.0,9918283.0,20240.0,21305.0,50068.0,22080000.0,52361000.0,100288000.0,right
276602,-135276.0,-1124111.0,9703995.0,-43677.0,13316.0,153935.0,22080000.0,52361000.0,100288000.0,right
276612,360338.0,-427378.0,10052362.0,38883.0,-16512.0,-139553.0,22080000.0,52361000.0,100288000.0,right
276622,314847.0,-1720286.0,9737515.0,-11185.0,2130.0,-31958.0,22080000.0,52361000.0,100288000.0,right
276632,-49082.0,-835601.0,10029616.0,-23969.0,-1597.0,150206.0,22080000.0,52361000.0,100288000.0,right
276642,556668.0,-502797.0,10161301.0,38350.0,-24501.0,-154468.0,22080000.0,52361000.0,100288000.0,right
276652,356746.0,-1526350.0,9715966.0,-21305.0,2130.0,17577.0,22080000.0,52361000.0,100288000.0,right
276662,101756.0,-823630.0,10041588.0,-8522.0,-4261.0,60721.0,22080000.0,52361000.0,100288000.0,right
276672,630891.0,-591385.0,10248692.0,37818.0,-9587.0,-135292.0,22080000.0,52361000.0,100288000.0,right
276682,1182771.0,-1075029.0,9816526.0,-39415.0,7457.0,136890.0,22080000.0,52361000.0,100288000.0,right
276692,1174391.0,-235836.0,10197216.0,106529.0,-56993.0,-300946.0,22080000.0,52361000.0,100288000.0,right
276702,238230.0,-2223084.0,10023631.0,43144.0,14914.0,-493765.0,22080000.0,52361000.0,100288000.0,right
276712,214287.0,-2499622.0,9964971.0,232234.0,-101735.0,-287097.0,22080000.0,52361000.0,100288000.0,right
276722,-519557.0,-2443357.0,10192427.0,372853.0,-224244.0,-288162.0,22080000.0,52361000.0,100288000.0,right
276732,-805673.0,-2233858.0,10434249.0,227973.0,8522.0,-795244.0,22080000.0,52361000.0,100288000.0,right
276742,2035133.0,1000806.0,8770228.0,178437.0,21305.0,-898045.0,22080000.0,52361000.0,100288000.0,right
276752,184359.0,-35914.0,10337281.0,1172359.0,-443696.0,423455.0,22080000.0,52361000.0,100288000.0,right
276762,-610540.0,-1352765.0,10733533.0,1322565.0,-274846.0,418661.0,22080000.0,52361000.0,100288000.0,right
276772,-201119.0,-2015979.0,10169681.0,643971.0,-777133.0,-196014.0,22080000.0,52361000.0,100288000.0,right
276782,1831620.0,-1772960.0,9314925.0,-1009368.0,-1195262.0,-1134008.0,22080000.0,52361000.0,100288000.0,right
276792,1277345.0,-31125.0,10787404.0,-837323.0,-374451.0,-1307119.0,22080000.0,52361000.0,100288000.0,right
276802,523149.0,344775.0,9657307.0,-148608.0,101203.0,-391496.0,22080000.0,52361000.0,100288000.0,right
276812,569837.0,-650045.0,9487313.0,78299.0,187492.0,-125705.0,22080000.0,52361000.0,100288000.0,right
276822,679974.0,-432166.0,9924268.0,237028.0,308403.0,-204004.0,22080000.0,52361000.0,100288000.0,right
276832,275341.0,-804476.0,10073910.0,336101.0,325448.0,-191753.0,22080000.0,52361000.0,100288000.0,right
276842,51476.0,-840390.0,10115810.0,305740.0,343558.0,-270052.0,22080000.0,52361000.0,100288000.0,right
276852,214287.0,-74222.0,10051165.0,326513.0,486307.0,-219451.0,22080000.0,52361000.0,100288000.0,right
276862,184359.0,482446.0,9876383.0,293489.0,517201.0,-98539.0,22080000.0,52361000.0,100288000.0,right
276872,1197.0,506389.0,9835680.0,319056.0,480448.0,-33024.0,22080000.0,52361000.0,100288000.0,right
276882,190344.0,395055.0,9713572.0,282836.0,248746.0,-4793.0,22080000.0,52361000.0,100288000.0,right
276892,235836.0,417800.0,9773429.0,82027.0,-161392.0,-64450.0,22080000.0,52361000.0,100288000.0,right
276902,278933.0,-62251.0,9784203.0,-165120.0,-614143.0,-132629.0,22080000.0,52361000.0,100288000.0,right
276912,399843.0,-879895.0,9877580.0,-322784.0,-945450.0,-118247.0,22080000.0,52361000.0,100288000.0,right
276922,671594.0,-883487.0,11145348.0,-433043.0,-827735.0,-156065.0,22080000.0,52361000.0,100288000.0,right
276932,663214.0,-489629.0,10166090.0,-364331.0,-38350.0,-111856.0,22080000.0,52361000.0,100288000.0,right
276942,719479.0,-1415016.0,10054756.0,-544899.0,-57526.0,60189.0,22080000.0,52361000.0,100288000.0,right
276953,770956.0,15562.0,9674067.0,-625329.0,-147543.0,196547.0,22080000.0,52361000.0,100288000.0,right
276962,557866.0,-252595.0,9714769.0,-383506.0,-85756.0,398953.0,22080000.0,52361000.0,100288000.0,right
276972,574625.0,-793702.0,9603435.0,-70842.0,-26632.0,384039.0,22080000.0,52361000.0,100288000.0,right
276982,802082.0,-604554.0,10126584.0,69776.0,-19707.0,105997.0,22080000.0,52361000.0,100288000.0,right
276992,557866.0,-943344.0,10002082.0,-53264.0,9587.0,-234365.0,22080000.0,52361000.0,100288000.0,right
277003,974469.0,-2012387.0,10037996.0,-73505.0,9587.0,-236495.0,22080000.0,52361000.0,100288000.0,right
277012,52674.0,808067.0,10629382.0,-118780.0,10120.0,-151804.0,22080000.0,52361000.0,100288000.0,right
277022,488432.0,-1094183.0,10120599.0,-808560.0,-78299.0,-543833.0,22080000.0,52361000.0,100288000.0,right
277032,129290.0,-1143266.0,10190033.0,-890055.0,22371.0,-658353.0,22080000.0,52361000.0,100288000.0,right
277042,166402.0,-2039922.0,6432219.0,-696171.0,75103.0,-906034.0,22080000.0,52361000.0,100288000.0,right
277053,608145.0,-2660039.0,6674040.0,2076263.0,-71374.0,-832529.0,22080000.0,52361000.0,100288000.0,right
277062,2226675.0,-690748.0,9917085.0,4998904.0,754762.0,-1043990.0,22080000.0,52361000.0,100288000.0,right
277072,1405439.0,362732.0,10134964.0,3003071.0,1645350.0,-545431.0,22080000.0,52361000.0,100288000.0,right
277082,1376707.0,-544697.0,9437033.0,2902400.0,2279202.0,-132096.0,22080000.0,52361000.0,100288000.0,right
277093,-94573.0,1090592.0,11311750.0,4961086.0,3845721.0,-110790.0,22080000.0,52361000.0,100288000.0,right
277103,-1320442.0,2355966.0,8886350.0,2731953.0,1793959.0,-73505.0,22080000.0,52361000.0,100288000.0,right
277113,-917007.0,605751.0,9957788.0,-2452845.0,-1500470.0,-178437.0,22080000.0,52361000.0,100288000.0,right
277123,-281327.0,2284138.0,10541991.0,-1557996.0,-1306053.0,-103333.0,22080000.0,52361000.0,100288000.0,right
277133,-193936.0,1030735.0,9713572.0,-110258.0,-165120.0,633318.0,22080000.0,52361000.0,100288000.0,right
277143,129290.0,202316.0,10107430.0,476720.0,418128.0,489503.0,22080000.0,52361000.0,100288000.0,right
277153,105348.0,1540715.0,10047573.0,634916.0,571531.0,485242.0,22080000.0,52361000.0,100288000.0,right
277163,-470474.0,282524.0,9927860.0,1127083.0,966224.0,696171.0,22080000.0,52361000.0,100288000.0,right
277173,-506389.0,330409.0,10287001.0,-88952.0,-50068.0,426118.0,22080000.0,52361000.0,100288000.0,right
277183,-172387.0,2314066.0,9939831.0,-174708.0,-158729.0,254605.0,22080000.0,52361000.0,100288000.0,right
277193,-268158.0,401041.0,9854834.0,163523.0,104399.0,1039729.0,22080000.0,52361000.0,100288000.0,right
277203,-229850.0,306467.0,10000885.0,59123.0,60189.0,484177.0,22080000.0,52361000.0,100288000.0,right
277213,76616.0,1236642.0,10181653.0,-74570.0,-48471.0,-86289.0,22080000.0,52361000.0,100288000.0,right
277223,-274144.0,1356356.0,9567521.0,-38350.0,-26099.0,176306.0,22080000.0,52361000.0,100288000.0,right
277233,-301678.0,917007.0,10167287.0,108660.0,83625.0,680724.0,22080000.0,52361000.0,100288000.0,right
277243,-137670.0,395055.0,9669278.0,-50068.0,-48471.0,816549.0,22080000.0,52361000.0,100288000.0,right
277253,-180767.0,199921.0,9788992.0,9587.0,-9587.0,291891.0,22080000.0,52361000.0,100288000.0,right
277263,-229850.0,1689160.0,9968562.0,68711.0,51134.0,197079.0,22080000.0,52361000.0,100288000.0,right
277273,21548.0,505191.0,9614210.0,-96942.0,-77766.0,705226.0,22080000.0,52361000.0,100288000.0,right
277283,-70631.0,1034326.0,9769838.0,62852.0,58058.0,412802.0,22080000.0,52361000.0,100288000.0,right
277293,-385478.0,1294105.0,10030813.0,13848.0,23969.0,621600.0,22080000.0,52361000.0,100288000.0,right
277303,-136473.0,922992.0,9690826.0,-12783.0,-7989.0,603490.0,22080000.0,52361000.0,100288000.0,right
277313,-178373.0,411815.0,9785400.0,72440.0,49003.0,634916.0,22080000.0,52361000.0,100288000.0,right
277323,-96968.0,208301.0,9948211.0,-28230.0,-21305.0,526789.0,22080000.0,52361000.0,100288000.0,right
277333,-88588.0,1778946.0,9961380.0,15979.0,-12250.0,303609.0,22080000.0,52361000.0,100288000.0,right
277343,-679974.0,525543.0,9750683.0,-42079.0,-18110.0,1102582.0,22080000.0,52361000.0,100288000.0,right
277353,-256187.0,423786.0,10131373.0,-32491.0,-15979.0,572596.0,22080000.0,52361000.0,100288000.0,right
277363,-201119.0,1866337.0,9939831.0,34089.0,21305.0,50601.0,22080000.0,52361000.0,100288000.0,right
277373,135276.0,1009186.0,9908705.0,-31958.0,-31426.0,253007.0,22080000.0,52361000.0,100288000.0,right
277383,-87391.0,511177.0,10156513.0,22371.0,33556.0,200808.0,22080000.0,52361000.0,100288000.0,right
277393,238230.0,750605.0,10006871.0,33556.0,20773.0,-84158.0,22080000.0,52361000.0,100288000.0,right
277403,-284918.0,1292908.0,10122993.0,-131564.0,-97474.0,893783.0,22080000.0,52361000.0,100288000.0,right
277413,-663214.0,484840.0,9929057.0,17577.0,22371.0,1060502.0,22080000.0,52361000.0,100288000.0,right
277423,-663214.0,484840.0,9929057.0,17577.0,22371.0,1060502.0,22080000.0,52361000.0,100288000.0,right
277433,114925.0,214287.0,10091867.0,53797.0,19175.0,169914.0,22080000.0,52361000.0,100288000.0,right
277443,438152.0,903838.0,10005674.0,-37285.0,4793.0,31958.0,22080000.0,52361000.0,100288000.0,right
277454,-107742.0,2391880.0,9845257.0,36752.0,30360.0,472459.0,22060000.0,52402000.0,100290000.0,right
277463,-336395.0,-320832.0,10003279.0,12783.0,15446.0,825072.0,22060000.0,52402000.0,100290000.0,right
277473,-107742.0,932570.0,9938634.0,-39415.0,-7457.0,447424.0,22060000.0,52402000.0,100290000.0,right
277483,-216681.0,1793311.0,9841666.0,11718.0,-7989.0,418128.0,22060000.0,52402000.0,100290000.0,right
277493,-245413.0,223864.0,10047573.0,-58591.0,-56993.0,674332.0,22060000.0,52402000.0,100290000.0,right
277504,-16759.0,9577.0,9848849.0,25567.0,25034.0,319056.0,22060000.0,52402000.0,100290000.0,right
277513,998412.0,5610982.0,9894340.0,38350.0,0.0,-124107.0,22060000.0,52402000.0,100290000.0,right
277523,247807.0,1083409.0,9994899.0,134227.0,71374.0,-664745.0,22060000.0,52402000.0,100290000.0,right
277533,-328015.0,-1589798.0,9757866.0,469795.0,243420.0,-933732.0,22060000.0,52402000.0,100290000.0,right
277543,549486.0,2014782.0,9868003.0,265791.0,112388.0,-555552.0,22060000.0,52402000.0,100290000.0,right
277554,695536.0,2834821.0,9844060.0,157663.0,106529.0,-493765.0,22060000.0,52402000.0,100290000.0,right
277563,645257.0,2300898.0,10207990.0,206667.0,144880.0,-869282.0,22060000.0,52402000.0,100290000.0,right
277573,-635679.0,82602.0,9666884.0,52732.0,-796841.0,-1361981.0,22060000.0,52402000.0,100290000.0,right
277583,-3029954.0,-1150449.0,9796175.0,156598.0,82027.0,-565672.0,22060000.0,52402000.0,100290000.0,right
277593,272947.0,284918.0,10122993.0,-352613.0,96942.0,42079.0,22060000.0,52402000.0,100290000.0,right
277604,687156.0,2565465.0,10004476.0,-609882.0,-218385.0,35687.0,22060000.0,52402000.0,100290000.0,right
277613,-150839.0,-465686.0,10065530.0,-433575.0,-14381.0,68711.0,22060000.0,52402000.0,100290000.0,right
277623,-683565.0,344775.0,10114613.0,-775003.0,140086.0,-594968.0,22060000.0,52402000.0,100290000.0,right
277633,806870.0,1357553.0,10052362.0,-1227221.0,51134.0,-746240.0,22060000.0,52402000.0,100290000.0,right
277643,-118516.0,198724.0,10073910.0,-1103647.0,118247.0,-843182.0,22060000.0,52402000.0,100290000.0,right
277654,-1471281.0,-20351.0,10130176.0,-597631.0,26099.0,-744109.0,22060000.0,52402000.0,100290000.0,right
277663,-214287.0,-232244.0,10004476.0,-692975.0,-274313.0,-79897.0,22060000.0,52402000.0,100290000.0,right
277673,1525153.0,1140871.0,9974548.0,-637580.0,-262595.0,-36752.0,22060000.0,52402000.0,100290000.0,right
277683,541106.0,1755003.0,10083488.0,-520930.0,173643.0,-722803.0,22060000.0,52402000.0,100290000.0,right
277693,141262.0,111333.0,9836877.0,-782993.0,186959.0,-1255984.0,22060000.0,52402000.0,100290000.0,right
277704,-1100169.0,-599765.0,9820117.0,-623731.0,335568.0,-1291672.0,22060000.0,52402000.0,100290000.0,right
277713,-912218.0,391463.0,9862017.0,-715346.0,196547.0,-1076482.0,22060000.0,52402000.0,100290000.0,right
277723,379492.0,179570.0,9939831.0,-846378.0,-2130.0,-804299.0,22060000.0,52402000.0,100290000.0,right
277734,-465686.0,138867.0,9851243.0,-753697.0,204004.0,-1054111.0,22060000.0,52402000.0,100290000.0,right
277744,-590188.0,-161613.0,9686038.0,-899110.0,167251.0,-1287411.0,22060000.0,52402000.0,100290000.0,right
277754,-684762.0,-754196.0,10216370.0,-910828.0,73505.0,-1028011.0,22060000.0,52402000.0,100290000.0,right
277764,-1479661.0,-1278542.0,9944620.0,-664212.0,-141151.0,-529985.0,22060000.0,52402000.0,100290000.0,right
277774,-172387.0,-701522.0,10192427.0,-676996.0,-379778.0,-139021.0,22060000.0,52402000.0,100290000.0,right
277784,-349564.0,-1058269.0,9676461.0,-423455.0,262595.0,-270052.0,22060000.0,52402000.0,100290000.0,right
277794,-141262.0,-633285.0,9519636.0,-295087.0,157663.0,-332372.0,22060000.0,52402000.0,100290000.0,right
277804,-88588.0,-265764.0,9689629.0,-296152.0,-479383.0,-253007.0,22060000.0,52402000.0,100290000.0,right
277814,-407026.0,-464489.0,10199610.0,-295087.0,-745175.0,-242355.0,22060000.0,52402000.0,100290000.0,right
277824,-154430.0,-911021.0,10095459.0,43144.0,17577.0,-284434.0,22060000.0,52402000.0,100290000.0,right
277834,-219076.0,-142459.0,10005674.0,-26099.0,75636.0,-342492.0,22060000.0,52402000.0,100290000.0,right
277844,-227456.0,-876304.0,9814132.0,-61254.0,-6391.0,-263660.0,22060000.0,52402000.0,100290000.0,right
277854,44294.0,-1210305.0,10112219.0,25034.0,-15446.0,-87354.0,22060000.0,52402000.0,100290000.0,right
277864,-436955.0,227456.0,10075108.0,-12783.0,-5326.0,46873.0,22060000.0,52402000.0,100290000.0,right
277874,75419.0,-1248614.0,10083488.0,-141151.0,4793.0,-35154.0,22060000.0,52402000.0,100290000.0,right
277884,-9577.0,-689551.0,10243904.0,-255138.0,35154.0,-241289.0,22060000.0,52402000.0,100290000.0,right
277894,-560260.0,-520754.0,9882368.0,-370723.0,38883.0,-343025.0,22060000.0,52402000.0,100290000.0,right
277904,76616.0,-633285.0,9859623.0,-283368.0,-11718.0,-353145.0,22060000.0,52402000.0,100290000.0,right
277914,-92179.0,-446532.0,9935042.0,-128368.0,1065.0,-273781.0,22060000.0,52402000.0,100290000.0,right
277924,-687156.0,-220273.0,9885960.0,-27165.0,-5859.0,-144880.0,22060000.0,52402000.0,100290000.0,right
277934,142459.0,-1112140.0,9845257.0,46873.0,-53264.0,-129433.0,22060000.0,52402000.0,100290000.0,right
277944,-323227.0,220273.0,9981731.0,195481.0,-49003.0,-127835.0,22060000.0,52402000.0,100290000.0,right
277954,-306467.0,-480052.0,9854834.0,152337.0,-38883.0,-241289.0,22060000.0,52402000.0,100290000.0,right
277964,-392661.0,-1023552.0,9985322.0,225310.0,-49003.0,-290293.0,22060000.0,52402000.0,100290000.0,right
277974,306467.0,-440546.0,9891946.0,317458.0,-90017.0,-278575.0,22060000.0,52402000.0,100290000.0,right
277984,-403435.0,-762576.0,10003279.0,344623.0,-65515.0,-187492.0,22060000.0,52402000.0,100290000.0,right
277994,173584.0,-1094183.0,10416292.0,213059.0,-98539.0,-260997.0,22060000.0,52402000.0,100290000.0,right
278004,-531528.0,-903838.0,10012856.0,-13316.0,-111323.0,-305207.0,22060000.0,52402000.0,100290000.0,right
278014,1043903.0,-2013585.0,10564737.0,-101203.0,-286032.0,-201873.0,22060000.0,52402000.0,100290000.0,right
278024,2950943.0,-2251815.0,9435836.0,-224777.0,-375517.0,392561.0,22060000.0,52402000.0,100290000.0,right
278034,1349173.0,-837996.0,9745895.0,192286.0,-106529.0,1286345.0,22060000.0,52402000.0,100290000.0,right
278044,-344775.0,-1374313.0,9450202.0,566205.0,43144.0,1702344.0,22060000.0,52402000.0,100290000.0,right
278054,-836799.0,-565048.0,8219545.0,1170228.0,271118.0,1793427.0,22060000.0,52402000.0,100290000.0,right
278064,-1671203.0,2050696.0,10865218.0,1859475.0,461806.0,1686897.0,22060000.0,52402000.0,100290000.0,right
278074,-2534339.0,1579024.0,10817333.0,1359318.0,358472.0,941189.0,22060000.0,52402000.0,100290000.0,right
278084,-986441.0,381886.0,10358829.0,1494611.0,536376.0,213059.0,22060000.0,52402000.0,100290000.0,right
278094,-687156.0,1065452.0,10530020.0,1785969.0,616274.0,156598.0,22060000.0,52402000.0,100290000.0,right
278104,-538711.0,2104567.0,9875186.0,1757739.0,283901.0,286032.0,22060000.0,52402000.0,100290000.0,right
278114,-361535.0,2445751.0,9700404.0,1509525.0,-45275.0,441565.0,22060000.0,52402000.0,100290000.0,right
278124,-131685.0,1296499.0,10052362.0,1285813.0,-95876.0,578988.0,22060000.0,52402000.0,100290000.0,right
278134,37111.0,752999.0,10235524.0,1193664.0,274313.0,393094.0,22060000.0,52402000.0,100290000.0,right
278144,-300481.0,1290514.0,9580690.0,873543.0,436771.0,94811.0,22060000.0,52402000.0,100290000.0,right
278154,-244216.0,1177983.0,10042785.0,425586.0,-85223.0,0.0,22060000.0,52402000.0,100290000.0,right
278164,136473.0,-590188.0,10085882.0,129966.0,-312131.0,-81495.0,22060000.0,52402000.0,100290000.0,right
278174,253793.0,-101756.0,9744698.0,-202939.0,-505483.0,-387235.0,22060000.0,52402000.0,100290000.0,right
278184,132882.0,701522.0,9793780.0,-148608.0,-34089.0,-430379.0,22060000.0,52402000.0,100290000.0,right
278194,-334001.0,645257.0,10119402.0,34622.0,224244.0,-228506.0,22060000.0,52402000.0,100290000.0,right
278204,-462095.0,1357553.0,9744698.0,114519.0,203471.0,-30360.0,22060000.0,52402000.0,100290000.0,right
278214,-32322.0,1435367.0,9939831.0,-58591.0,61254.0,84158.0,22060000.0,52402000.0,100290000.0,right
278224,-8379.0,252595.0,9883566.0,-103333.0,43677.0,159261.0,22060000.0,52402000.0,100290000.0,right
278234,-575823.0,1559869.0,9790189.0,-122509.0,51134.0,124639.0,22060000.0,52402000.0,100290000.0,right
278244,-421392.0,846376.0,10009265.0,-53797.0,55395.0,146478.0,22060000.0,52402000.0,100290000.0,right
278255,-403435.0,517163.0,9935042.0,84158.0,-34089.0,243952.0,22060000.0,52402000.0,100290000.0,right
278264,-339987.0,2015979.0,9931451.0,11185.0,-215189.0,173110.0,22060000.0,52402000.0,100290000.0,right
278274,-198724.0,1108549.0,9978139.0,3195.0,-368592.0,33556.0,22060000.0,52402000.0,100290000.0,right
278284,-311255.0,970878.0,10197216.0,47938.0,-366462.0,24501.0,22060000.0,52402000.0,100290000.0,right
278294,-167599.0,1478464.0,10867612.0,-116649.0,-630655.0,-20240.0,22060000.0,52402000.0,100290000.0,right
278305,-240624.0,1505998.0,10099050.0,-155000.0,-277509.0,170447.0,22060000.0,52402000.0,100290000.0,right
278314,-690748.0,1601769.0,10125387.0,-80429.0,53264.0,409073.0,22060000.0,52402000.0,100290000.0,right
278324,-796096.0,1215094.0,10273832.0,15446.0,547562.0,460208.0,22060000.0,52402000.0,100290000.0,right
278334,-611737.0,861938.0,10266650.0,-54330.0,454881.0,297217.0,22060000.0,52402000.0,100290000.0,right
278344,-463292.0,1017566.0,9846454.0,-182165.0,178969.0,129966.0,22060000.0,52402000.0,100290000.0,right
278355,-524346.0,1368328.0,9516044.0,-142217.0,181633.0,41546.0,22060000.0,52402000.0,100290000.0,right
278365,-542303.0,1679583.0,9628575.0,12250.0,151272.0,28230.0,22060000.0,52402000.0,100290000.0,right
278375,-385478.0,1543110.0,9598647.0,3728.0,118780.0,9587.0,22060000.0,52402000.0,100290000.0,right
278385,-25139.0,1035523.0,9269434.0,-229038.0,12783.0,-153935.0,22060000.0,52402000.0,100290000.0,right
278395,225061.0,699128.0,9093455.0,-479916.0,-111323.0,-346754.0,22060000.0,52402000.0,100290000.0,right
278405,166402.0,579414.0,8976135.0,-644504.0,-223712.0,-441032.0,22060000.0,52402000.0,100290000.0,right
278415,295692.0,397449.0,8782199.0,-730260.0,-305740.0,-508146.0,22060000.0,52402000.0,100290000.0,right
278425,334001.0,82602.0,8909096.0,-720673.0,-376582.0,-548095.0,22060000.0,52402000.0,100290000.0,right
278435,142459.0,-71828.0,9195212.0,-549160.0,-421324.0,-443696.0,22060000.0,52402000.0,100290000.0,right
278445,339987.0,-241821.0,9323305.0,-359004.0,-466067.0,-365396.0,22060000.0,52402000.0,100290000.0,right
278535,238230.0,-89785.0,10091867.0,-733989.0,-114519.0,-322252.0,22030000.0,52438000.0,100290000.0,right
278545,770956.0,-457306.0,9950605.0,-629590.0,-103866.0,-463936.0,22030000.0,52438000.0,100290000.0,right
278555,513571.0,-433363.0,9851243.0,-580586.0,19707.0,-694040.0,22030000.0,52438000.0,100290000.0,right
278565,527937.0,-112530.0,9399922.0,-566737.0,259932.0,-949712.0,22030000.0,52438000.0,100290000.0,right
278575,-788913.0,610540.0,10688042.0,-402149.0,139021.0,-964093.0,22030000.0,52438000.0,100290000.0,right
278585,64645.0,-1197.0,9937437.0,-97474.0,-74038.0,-644504.0,22030000.0,52438000.0,100290000.0,right
278595,438152.0,80208.0,9998491.0,-21838.0,23969.0,-465002.0,22030000.0,52438000.0,100290000.0,right
278605,-57462.0,-304072.0,9906311.0,57526.0,52199.0,-377647.0,22030000.0,52438000.0,100290000.0,right
278615,435758.0,-272947.0,10094262.0,202939.0,74570.0,-301478.0,22030000.0,52438000.0,100290000.0,right
278625,1037918.0,424983.0,9996096.0,18642.0,88952.0,-205602.0,22030000.0,52438000.0,100290000.0,right
278635,-175979.0,-350761.0,9871594.0,-107062.0,100137.0,-104931.0,22030000.0,52438000.0,100290000.0,right
278645,-152036.0,253793.0,10122993.0,-115584.0,15979.0,-153402.0,22030000.0,52438000.0,100290000.0,right
278655,-39505.0,25139.0,10040391.0,-28763.0,128368.0,-100137.0,22030000.0,52438000.0,100290000.0,right
278665,71828.0,-714691.0,10212778.0,217853.0,259932.0,-12250.0,22030000.0,52438000.0,100290000.0,right
278675,254990.0,748210.0,10227144.0,-182165.0,-104931.0,32491.0,22030000.0,52438000.0,100290000.0,right
278685,348366.0,-423786.0,9862017.0,-512407.0,-250877.0,116117.0,22030000.0,52438000.0,100290000.0,right
278695,342381.0,-612934.0,9963774.0,55928.0,188557.0,216787.0,22030000.0,52438000.0,100290000.0,right
278705,369915.0,-272947.0,9870397.0,411204.0,433575.0,213591.0,22030000.0,52438000.0,100290000.0,right
278715,-198724.0,-241821.0,10575511.0,188024.0,248214.0,82027.0,22030000.0,52438000.0,100290000.0,right
278725,665608.0,-70631.0,9700404.0,-359004.0,-100137.0,-155533.0,22030000.0,52438000.0,100290000.0,right
278735,-75419.0,-235836.0,10271438.0,190155.0,379245.0,47938.0,22030000.0,52438000.0,100290000.0,right
278745,-104150.0,-555471.0,10040391.0,-272715.0,-20240.0,157131.0,22030000.0,52438000.0,100290000.0,right
278755,390266.0,-544697.0,10133767.0,-35687.0,125172.0,-49536.0,22030000.0,52438000.0,100290000.0,right
278765,190344.0,-480052.0,9462173.0,316925.0,409073.0,-369125.0,22030000.0,52438000.0,100290000.0,right
278775,316044.0,-549486.0,9958985.0,409073.0,475122.0,-559280.0,22030000.0,52438000.0,100290000.0,right
278785,606948.0,-751802.0,9942225.0,1087667.0,965691.0,-709487.0,22030000.0,52438000.0,100290000.0,right
278795,288510.0,-2394.0,9726741.0,966224.0,1051447.0,-1041327.0,22030000.0,52438000.0,100290000.0,right
278805,-320832.0,222667.0,10181653.0,1063698.0,1282084.0,-796309.0,22030000.0,52438000.0,100290000.0,right
278815,-815250.0,1170800.0,10170879.0,-295087.0,96942.0,-506015.0,22030000.0,52438000.0,100290000.0,right
278825,231047.0,19154.0,9957788.0,-1373167.0,-600294.0,-629590.0,22030000.0,52438000.0,100290000.0,right
278835,-555471.0,329212.0,9656109.0,72440.0,512940.0,-736652.0,22030000.0,52438000.0,100290000.0,right
278845,-487234.0,217879.0,10328901.0,-710552.0,29295.0,-635449.0,22030000.0,52438000.0,100290000.0,right
278855,-215484.0,-447729.0,9823709.0,-862357.0,-51134.0,-589109.0,22030000.0,52438000.0,100290000.0,right
278865,-786519.0,-805673.0,9645335.0,-87354.0,153935.0,-494297.0,22030000.0,52438000.0,100290000.0,right
278875,-768562.0,-417800.0,9935042.0,27697.0,102268.0,-448489.0,22030000.0,52438000.0,100290000.0,right
278885,-669199.0,-459700.0,9981731.0,-30360.0,63385.0,-329176.0,22030000.0,52438000.0,100290000.0,right
278895,-525543.0,-701522.0,9944620.0,-25567.0,35154.0,-247681.0,22030000.0,52438000.0,100290000.0,right
278905,-495614.0,-164007.0,9986519.0,-6924.0,14914.0,-262062.0,22030000.0,52438000.0,100290000.0,right
278915,-509980.0,-287312.0,10065530.0,5326.0,32491.0,-211461.0,22030000.0,52438000.0,100290000.0,right
278925,-250201.0,-553077.0,10046376.0,-9055.0,13848.0,-115584.0,22030000.0,52438000.0,100290000.0,right
278935,-387872.0,-23942.0,10040391.0,4261.0,2130.0,-82560.0,22030000.0,52438000.0,100290000.0,right
278945,-289707.0,-337592.0,10073910.0,7989.0,14381.0,-35154.0,22030000.0,52438000.0,100290000.0,right
278955,-344775.0,-432166.0,10061939.0,0.0,-6924.0,33556.0,22030000.0,52438000.0,100290000.0,right
278965,-454912.0,41899.0,10190033.0,-532.0,9055.0,37285.0,22030000.0,52438000.0,100290000.0,right
278975,-290904.0,-312452.0,10073910.0,-2130.0,12783.0,-19707.0,22030000.0,52438000.0,100290000.0,right
278986,-173584.0,-466883.0,10014054.0,-5859.0,532.0,-1597.0,22030000.0,52438000.0,100290000.0,right
278996,-409420.0,-55068.0,10156513.0,-1597.0,7989.0,43677.0,22030000.0,52438000.0,100290000.0,right
279006,-319635.0,-436955.0,9891946.0,-5859.0,15979.0,79897.0,22030000.0,52438000.0,100290000.0,right
279016,-337592.0,-512374.0,10032011.0,-7989.0,-1597.0,132096.0,22030000.0,52438000.0,100290000.0,right
279026,-606948.0,-21548.0,9943422.0,-3195.0,18642.0,174708.0,22030000.0,52438000.0,100290000.0,right
279036,-322029.0,-378295.0,10168484.0,-2130.0,2130.0,158196.0,22030000.0,52438000.0,100290000.0,right
279046,-274144.0,-313649.0,9711178.0,-10652.0,-1597.0,67113.0,22030000.0,52438000.0,100290000.0,right
279056,-393858.0,28731.0,9938634.0,-2130.0,5326.0,9587.0,22030000.0,52438000.0,100290000.0,right
279066,-336395.0,-281327.0,10127782.0,-3728.0,2663.0,-18642.0,22030000.0,52438000.0,100290000.0,right
279076,-345972.0,-288510.0,9760260.0,-15446.0,4261.0,-145945.0,22030000.0,52438000.0,100290000.0,right
279086,-499206.0,-219076.0,9923071.0,-3195.0,3195.0,-184296.0,22030000.0,52438000.0,100290000.0,right
279096,-172387.0,-641665.0,9883566.0,-5326.0,1597.0,-104399.0,22030000.0,52438000.0,100290000.0,right
279106,-530331.0,-160416.0,9967365.0,-10120.0,-1597.0,-101203.0,22030000.0,52438000.0,100290000.0,right
279116,-407026.0,-251398.0,9866806.0,1597.0,10120.0,-141151.0,22030000.0,52438000.0,100290000.0,right
279126,-192739.0,-518360.0,9808146.0,-3195.0,-2663.0,-101735.0,22030000.0,52438000.0,100290000.0,right
279136,-293298.0,-63448.0,10034405.0,-6924.0,-3728.0,-119845.0,22030000.0,52438000.0,100290000.0,right
279146,-375901.0,-147247.0,9905114.0,9587.0,-1597.0,-141684.0,22030000.0,52438000.0,100290000.0,right
279156,-156824.0,-577020.0,9863214.0,-9587.0,9587.0,-119845.0,22030000.0,52438000.0,100290000.0,right
279166,-335198.0,-165204.0,10088276.0,-7989.0,2130.0,-69244.0,22030000.0,52438000.0,100290000.0,right
279176,-399843.0,-345972.0,10035602.0,1597.0,23969.0,19175.0,22030000.0,52438000.0,100290000.0,right
279186,-426180.0,-535120.0,10033208.0,-3195.0,2663.0,61254.0,22030000.0,52438000.0,100290000.0,right
279196,-456109.0,-201119.0,10090670.0,532.0,6391.0,44742.0,22030000.0,52438000.0,100290000.0,right
279206,-322029.0,-207104.0,10150527.0,11185.0,5326.0,73505.0,22030000.0,52438000.0,100290000.0,right
279216,-222667.0,-454912.0,9974548.0,3195.0,-1065.0,53264.0,22030000.0,52438000.0,100290000.0,right
279226,-372309.0,-17957.0,10102642.0,5326.0,2663.0,60189.0,22030000.0,52438000.0,100290000.0,right
279236,-331607.0,-360338.0,10134964.0,5859.0,14914.0,53797.0,22030000.0,52438000.0,100290000.0,right
279246,-307664.0,-608145.0,10006871.0,4261.0,-4793.0,82560.0,22030000.0,52438000.0,100290000.0,right
279256,-493220.0,-50279.0,10140950.0,9055.0,9587.0,117715.0,22030000.0,52438000.0,100290000.0,right
279266,-361535.0,-363929.0,10081093.0,7989.0,9055.0,120911.0,22030000.0,52438000.0,100290000.0,right
279276,-305270.0,-353155.0,9963774.0,3195.0,-2663.0,76168.0,22030000.0,52438000.0,100290000.0,right
279286,-444137.0,13168.0,10005674.0,3728.0,12250.0,18110.0,22030000.0,52438000.0,100290000.0,right
279296,-395055.0,-231047.0,10105036.0,4261.0,8522.0,-26099.0,22030000.0,52438000.0,100290000.0,right
279306,-348366.0,-367521.0,9850046.0,-8522.0,6391.0,-142217.0,22030000.0,52438000.0,100290000.0,right
279316,-549486.0,143656.0,9948211.0,10652.0,-10120.0,-225310.0,22030000.0,52438000.0,100290000.0,right
279326,-319635.0,-617722.0,10072713.0,-3728.0,11185.0,-319589.0,22030000.0,52438000.0,100290000.0,right
279336,-257384.0,-374703.0,9810540.0,-5859.0,1065.0,-256203.0,22030000.0,52438000.0,100290000.0,right
279346,-490826.0,-167599.0,9826103.0,5326.0,-2130.0,-132629.0,22030000.0,52438000.0,100290000.0,right
279356,-250201.0,-634482.0,10120599.0,-4261.0,7989.0,-72972.0,22030000.0,52438000.0,100290000.0,right
279366,-294495.0,-290904.0,9768640.0,-1065.0,1065.0,-14914.0,22030000.0,52438000.0,100290000.0,right
279376,-451320.0,-58659.0,9894340.0,4261.0,5859.0,5859.0,22030000.0,52438000.0,100290000.0,right
279386,-220273.0,-563851.0,9862017.0,-5859.0,7989.0,20240.0,22030000.0,52438000.0,100290000.0,right
279396,-472869.0,-193936.0,9972154.0,-7457.0,5859.0,6924.0,22030000.0,52438000.0,100290000.0,right
279406,-447729.0,-96968.0,9917085.0,5326.0,9055.0,-38350.0,22030000.0,52438000.0,100290000.0,right
279416,-257384.0,-509980.0,9796175.0,-5859.0,7989.0,-79364.0,22030000.0,52438000.0,100290000.0,right
279426,-415406.0,-171190.0,10010462.0,532.0,-5326.0,-89484.0,22030000.0,52438000.0,100290000.0,right
279436,-350761.0,-193936.0,10047573.0,1597.0,19175.0,-44209.0,22030000.0,52438000.0,100290000.0,right
279446,-144853.0,-519557.0,9973351.0,1597.0,1065.0,37285.0,22030000.0,52438000.0,100290000.0,right
279456,-475263.0,-40702.0,9999688.0,-532.0,2663.0,83093.0,22000000.0,52479000.0,100290000.0,right
279466,-506389.0,-158022.0,10115810.0,0.0,25034.0,49003.0,22000000.0,52479000.0,100290000.0,right
279476,-284918.0,-512374.0,10027222.0,-7457.0,4793.0,24501.0,22000000.0,52479000.0,100290000.0,right
279486,-567443.0,-104150.0,10060742.0,-4261.0,4793.0,36220.0,22000000.0,52479000.0,100290000.0,right
279496,-359141.0,-320832.0,10113416.0,-1597.0,15446.0,42079.0,22000000.0,52479000.0,100290000.0,right
279507,-295692.0,-447729.0,10091867.0,-7989.0,3728.0,63385.0,22000000.0,52479000.0,100290000.0,right
279516,-356746.0,-80208.0,10127782.0,-3195.0,3195.0,72972.0,22000000.0,52479000.0,100290000.0,right
279526,-277735.0,-153233.0,10126584.0,2130.0,5859.0,109725.0,22000000.0,52479000.0,100290000.0,right
279536,-277735.0,-153233.0,10126584.0,2130.0,5859.0,109725.0,22000000.0,52479000.0,100290000.0,right
279546,-450123.0,-548288.0,9975745.0,-14381.0,11718.0,102268.0,22000000.0,52479000.0,100290000.0,right
279557,-531528.0,-140065.0,10126584.0,-11185.0,20240.0,78299.0,22000000.0,52479000.0,100290000.0,right
279566,-380689.0,-395055.0,10081093.0,-1065.0,17044.0,101203.0,22000000.0,52479000.0,100290000.0,right
279576,-360338.0,-381886.0,10012856.0,-10652.0,532.0,95876.0,22000000.0,52479000.0,100290000.0,right
279586,-457306.0,29928.0,10045179.0,4793.0,-6391.0,55928.0,22000000.0,52479000.0,100290000.0,right
279596,-396252.0,-428575.0,10018842.0,-3195.0,18110.0,-28230.0,22000000.0,52479000.0,100290000.0,right
279607,-299284.0,-426180.0,9996096.0,-12783.0,10652.0,-34622.0,22000000.0,52479000.0,100290000.0,right
279617,-530331.0,-89785.0,10060742.0,-5859.0,17577.0,-12250.0,22000000.0,52479000.0,100290000.0,right
279627,-307664.0,-463292.0,9953000.0,-1597.0,17044.0,8522.0,22000000.0,52479000.0,100290000.0,right
279637,-330409.0,-373506.0,9864411.0,-11718.0,-532.0,4793.0,22000000.0,52479000.0,100290000.0,right
279647,-616525.0,-174782.0,9914691.0,7989.0,2663.0,-3728.0,22000000.0,52479000.0,100290000.0,right
279657,-317241.0,-519557.0,9979337.0,-1065.0,15446.0,33556.0,22000000.0,52479000.0,100290000.0,right
279667,-338789.0,-240624.0,9762655.0,-4261.0,532.0,22903.0,22000000.0,52479000.0,100290000.0,right
279677,-561457.0,-62251.0,9891946.0,3728.0,16512.0,-12250.0,22000000.0,52479000.0,100290000.0,right
279687,-397449.0,-398646.0,10014054.0,-3195.0,23969.0,-55928.0,22000000.0,52479000.0,100290000.0,right
279697,-439349.0,-290904.0,9721952.0,-12250.0,14381.0,-129966.0,22000000.0,52479000.0,100290000.0,right
279707,-714691.0,197527.0,9957788.0,11185.0,532.0,-212526.0,22000000.0,52479000.0,100290000.0,right
279717,-178373.0,-579414.0,9869200.0,3195.0,-13848.0,-421857.0,22000000.0,52479000.0,100290000.0,right
279727,-487234.0,-211893.0,9881171.0,-532.0,-13848.0,-404280.0,22000000.0,52479000.0,100290000.0,right
279737,-470474.0,-313649.0,9924268.0,2130.0,28230.0,-364864.0,22000000.0,52479000.0,100290000.0,right
279747,-173584.0,-606948.0,9901523.0,-4793.0,10120.0,-260997.0,22000000.0,52479000.0,100290000.0,right
279757,-526740.0,-203513.0,10100247.0,-8522.0,16512.0,-202939.0,22000000.0,52479000.0,100290000.0,right
279767,-499206.0,-190344.0,10043982.0,3195.0,28230.0,-187492.0,22000000.0,52479000.0,100290000.0,right
279777,-215484.0,-574625.0,9945817.0,-4793.0,11718.0,-137955.0,22000000.0,52479000.0,100290000.0,right
279787,-468080.0,-65842.0,10020039.0,-5326.0,8522.0,-112388.0,22000000.0,52479000.0,100290000.0,right
279797,-395055.0,-259778.0,10188836.0,12250.0,11185.0,-92680.0,22000000.0,52479000.0,100290000.0,right
279807,-377098.0,-591385.0,9938634.0,-2130.0,-4793.0,-85223.0,22000000.0,52479000.0,100290000.0,right
279817,-470474.0,-161613.0,10155316.0,4261.0,5326.0,-59123.0,22000000.0,52479000.0,100290000.0,right
279827,-344775.0,-287312.0,10223553.0,9587.0,15446.0,-32491.0,22000000.0,52479000.0,100290000.0,right
279837,-336395.0,-444137.0,10028419.0,0.0,-2663.0,-30893.0,22000000.0,52479000.0,100290000.0,right
279847,-537514.0,-37111.0,10088276.0,2663.0,4793.0,-52199.0,22000000.0,52479000.0,100290000.0,right
279857,-524346.0,-302875.0,10112219.0,3728.0,23969.0,-92680.0,22000000.0,52479000.0,100290000.0,right
279867,-338789.0,-567443.0,10057150.0,-13848.0,9055.0,-149674.0,22000000.0,52479000.0,100290000.0,right
279877,-645257.0,5985.0,9947014.0,13848.0,-5859.0,-132096.0,22000000.0,52479000.0,100290000.0,right
279887,-365126.0,-517163.0,10101445.0,3195.0,23969.0,-178969.0,22000000.0,52479000.0,100290000.0,right
279897,-256187.0,-429772.0,9893143.0,-1597.0,-15446.0,-152337.0,22000000.0,52479000.0,100290000.0,right
279907,-486037.0,14365.0,9969759.0,8522.0,3195.0,-117182.0,22000000.0,52479000.0,100290000.0,right
279917,-368718.0,-377098.0,10126584.0,6391.0,11185.0,-155000.0,22000000.0,52479000.0,100290000.0,right
279927,-421392.0,-463292.0,9766246.0,-17577.0,13316.0,-188024.0,22000000.0,52479000.0,100290000.0,right
279937,-532726.0,-84996.0,9943422.0,2663.0,18642.0,-173110.0,22000000.0,52479000.0,100290000.0,right
279947,-314847.0,-623708.0,9871594.0,6391.0,-1597.0,-160327.0,22000000.0,52479000.0,100290000.0,right
279957,-572231.0,-180767.0,9876383.0,-3195.0,-17577.0,-161925.0,22000000.0,52479000.0,100290000.0,right
279967,-556668.0,-196330.0,9803357.0,0.0,32491.0,-255671.0,22000000.0,52479000.0,100290000.0,right
279977,-222667.0,-611737.0,9900325.0,-11185.0,31958.0,-222114.0,22000000.0,52479000.0,100290000.0,right
279987,-372309.0,-225061.0,9834483.0,-1597.0,-18642.0,-157131.0,22000000.0,52479000.0,100290000.0,right
279997,-608145.0,-95770.0,9869200.0,2130.0,22903.0,-129433.0,22000000.0,52479000.0,100290000.0,right
280007,-344775.0,-652439.0,9860820.0,-10652.0,22903.0,-107594.0,22000000.0,52479000.0,100290000.0,right
280017,-511177.0,-213090.0,9984125.0,-20240.0,8522.0,-95344.0,22000000.0,52479000.0,100290000.0,right
280027,-515966.0,-241821.0,10003279.0,2130.0,41546.0,-96942.0,22000000.0,52479000.0,100290000.0,right
280037,-402238.0,-562654.0,9835680.0,-14914.0,20773.0,-80429.0,22000000.0,52479000.0,100290000.0,right
280047,-469277.0,-53871.0,10176864.0,-10120.0,17577.0,-115052.0,22000000.0,52479000.0,100290000.0,right
280057,-529134.0,-219076.0,10037996.0,-1597.0,37285.0,-153935.0,22000000.0,52479000.0,100290000.0,right
280067,-304072.0,-555471.0,9903917.0,-14381.0,25034.0,-155533.0,22000000.0,52479000.0,100290000.0,right
280077,-470474.0,-143656.0,10051165.0,-2663.0,9055.0,-123041.0,22000000.0,52479000.0,100290000.0,right
280087,-697931.0,-150839.0,10138556.0,13848.0,30360.0,-78299.0,22000000.0,52479000.0,100290000.0,right
280097,-378295.0,-670396.0,10023631.0,-11718.0,20240.0,-75636.0,22000000.0,52479000.0,100290000.0,right
280107,-775745.0,104150.0,9937437.0,-10652.0,12783.0,-79897.0,22000000.0,52479000.0,100290000.0,right
280117,-446532.0,-281327.0,10224750.0,13316.0,29828.0,-89484.0,22000000.0,52479000.0,100290000.0,right
280127,-349564.0,-572231.0,10017645.0,-22371.0,3195.0,-139021.0,22000000.0,52479000.0,100290000.0,right
280137,-480052.0,-38308.0,10257072.0,-3728.0,10120.0,-107062.0,22000000.0,52479000.0,100290000.0,right
280147,-429772.0,-417800.0,9877580.0,3195.0,43144.0,-100670.0,22000000.0,52479000.0,100290000.0,right
280157,-864333.0,-391463.0,9613013.0,-34089.0,-1597.0,-91615.0,22000000.0,52479000.0,100290000.0,right
280167,-841587.0,-775745.0,10005674.0,38883.0,41546.0,-158729.0,22000000.0,52479000.0,100290000.0,right
280177,25139.0,-921795.0,10034405.0,42611.0,-51666.0,-237028.0,22000000.0,52479000.0,100290000.0,right
280187,17957.0,0.0,9967365.0,38883.0,-3195.0,-255138.0,22000000.0,52479000.0,100290000.0,right
280197,-301678.0,597371.0,9881171.0,-3195.0,34089.0,-219451.0,22000000.0,52479000.0,100290000.0,right
280208,-177176.0,343578.0,10107430.0,-70309.0,33024.0,-204004.0,22000000.0,52479000.0,100290000.0,right
280218,-332804.0,-294495.0,9630970.0,-73505.0,42079.0,-150206.0,22000000.0,52479000.0,100290000.0,right
280227,-1227065.0,-650045.0,10014054.0,-54862.0,170447.0,-148608.0,22000000.0,52479000.0,100290000.0,right
280238,-705113.0,-920598.0,9951802.0,-137423.0,235430.0,-328644.0,22000000.0,52479000.0,100290000.0,right
280248,-490826.0,-590188.0,9726741.0,-37818.0,-11185.0,-432510.0,22000000.0,52479000.0,100290000.0,right
280258,-524346.0,-102953.0,9961380.0,97474.0,-173643.0,-471393.0,22000000.0,52479000.0,100290000.0,right
280268,-260975.0,-505191.0,10075108.0,-101735.0,177904.0,-533181.0,22000000.0,52479000.0,100290000.0,right
280278,-521951.0,-372309.0,9800963.0,-174176.0,273248.0,-559813.0,22000000.0,52479000.0,100290000.0,right
280288,-580611.0,-243018.0,9914691.0,-124639.0,241289.0,-586445.0,22000000.0,52479000.0,100290000.0,right
280298,-311255.0,-669199.0,10014054.0,-217853.0,367527.0,-611480.0,22000000.0,52479000.0,100290000.0,right
280308,-1969290.0,241821.0,9454990.0,-351547.0,531583.0,-618404.0,22000000.0,52479000.0,100290000.0,right
280318,-5390709.0,872713.0,8042368.0,69244.0,-1493546.0,34089.0,22000000.0,52479000.0,100290000.0,right
280328,16759.0,161613.0,8863605.0,-856498.0,-3533056.0,427183.0,22000000.0,52479000.0,100290000.0,right
280338,966089.0,3311281.0,10217567.0,-795776.0,-1808873.0,397355.0,22000000.0,52479000.0,100290000.0,right
280348,-1758594.0,39505.0,6380742.0,-1112169.0,734522.0,573662.0,22000000.0,52479000.0,100290000.0,right
280358,-544697.0,-2862355.0,9771035.0,250344.0,-254073.0,-21838.0,22000000.0,52479000.0,100290000.0,right
280368,666805.0,-836799.0,10134964.0,-607751.0,-666343.0,-296685.0,22000000.0,52479000.0,100290000.0,right
280378,64645.0,-489629.0,9464567.0,-1593151.0,1022684.0,-488438.0,22000000.0,52479000.0,100290000.0,right
280388,846376.0,-2178790.0,10109825.0,-1371036.0,1539353.0,-1033337.0,22000000.0,52479000.0,100290000.0,right
280398,1052283.0,-1709512.0,11091477.0,-670071.0,162457.0,-1508460.0,22000000.0,52479000.0,100290000.0,right
280408,-537514.0,-2067456.0,9966168.0,-1157444.0,1091929.0,-2102363.0,22000000.0,52479000.0,100290000.0,right
280418,-87391.0,-3705140.0,9292180.0,-1249060.0,1081808.0,-2004888.0,22000000.0,52479000.0,100290000.0,right
280428,-772153.0,-2333220.0,9482525.0,-803766.0,357939.0,-1173956.0,22000000.0,52479000.0,100290000.0,right
280438,-559063.0,-1210305.0,9835680.0,-545964.0,-152870.0,-884728.0,22000000.0,52479000.0,100290000.0,right
280448,-581808.0,-1193545.0,10169681.0,-447957.0,-537442.0,-781395.0,22000000.0,52479000.0,100290000.0,right
280458,-399843.0,-1625712.0,9549564.0,-469795.0,-359537.0,-619470.0,21970000.0,52498000.0,100286000.0,right
280468,-826024.0,-1907039.0,9024021.0,-67113.0,-357939.0,-380843.0,21970000.0,52498000.0,100286000.0,right
280478,-478854.0,-1952531.0,10248692.0,312664.0,-627992.0,-200808.0,21970000.0,52498000.0,100286000.0,right
280488,-313649.0,-1219882.0,9326897.0,298815.0,-510809.0,53264.0,21970000.0,52498000.0,100286000.0,right
280498,-310058.0,-1418607.0,10039193.0,535844.0,-576325.0,484177.0,21970000.0,52498000.0,100286000.0,right
280508,-184359.0,-1131294.0,9979337.0,523593.0,-713748.0,756893.0,21970000.0,52498000.0,100286000.0,right
280518,-375901.0,-925387.0,10309746.0,331839.0,-599229.0,365929.0,21970000.0,52498000.0,100286000.0,right
280528,173584.0,-1030735.0,9935042.0,126237.0,-949712.0,-249812.0,21970000.0,52498000.0,100286000.0,right
280538,348366.0,-1458113.0,9808146.0,-14381.0,-992323.0,-560878.0,21970000.0,52498000.0,100286000.0,right
280548,488432.0,-1614938.0,9280208.0,119845.0,-882598.0,-545964.0,21970000.0,52498000.0,100286000.0,right
280559,615328.0,-1678386.0,10008068.0,430379.0,-1147324.0,-299881.0,21970000.0,52498000.0,100286000.0,right
280568,914612.0,-2254209.0,10665296.0,511342.0,-940657.0,-79897.0,21970000.0,52498000.0,100286000.0,right
280578,908627.0,-1983656.0,10124190.0,542768.0,-753164.0,90017.0,21970000.0,52498000.0,100286000.0,right
280588,920598.0,-888275.0,9611815.0,436771.0,-963560.0,76701.0,21970000.0,52498000.0,100286000.0,right
280598,1246219.0,274144.0,9404711.0,213591.0,-1228287.0,11185.0,21970000.0,52498000.0,100286000.0,right
280608,1246219.0,274144.0,9404711.0,213591.0,-1228287.0,11185.0,21970000.0,52498000.0,100286000.0,right
280618,859544.0,-646454.0,9213169.0,-479916.0,-288162.0,265258.0,21970000.0,52498000.0,100286000.0,right
280628,870318.0,-2327235.0,9751880.0,777666.0,164055.0,503885.0,21970000.0,52498000.0,100286000.0,right
280638,1134886.0,-1485647.0,9937437.0,1293802.0,-299348.0,542236.0,21970000.0,52498000.0,100286000.0,right
280648,962498.0,-867924.0,9557944.0,1524439.0,-119313.0,535311.0,21970000.0,52498000.0,100286000.0,right
280658,1825634.0,-586597.0,11098660.0,1398734.0,127302.0,410139.0,21970000.0,52498000.0,100286000.0,right
280668,1486844.0,120910.0,10204398.0,341427.0,173110.0,180567.0,21970000.0,52498000.0,100286000.0,right
280678,642862.0,384281.0,10011659.0,-515070.0,-271118.0,-142217.0,21970000.0,52498000.0,100286000.0,right
280688,835601.0,-1127703.0,9781809.0,-363798.0,-192818.0,-168849.0,21970000.0,52498000.0,100286000.0,right
280698,639271.0,-1081015.0,9980534.0,-24501.0,7989.0,-25034.0,21970000.0,52498000.0,100286000.0,right
280708,695536.0,-840390.0,10039193.0,-175773.0,-74038.0,-30893.0,21970000.0,52498000.0,100286000.0,right
280718,2290123.0,-2045907.0,9947014.0,-25567.0,-38883.0,36220.0,21970000.0,52498000.0,100286000.0,right
280728,638074.0,-93376.0,10652128.0,7989.0,39948.0,193351.0,21970000.0,52498000.0,100286000.0,right
280738,1217488.0,-1434170.0,10054756.0,-526789.0,-11718.0,177371.0,21970000.0,52498000.0,100286000.0,right
280748,968484.0,-1059466.0,9966168.0,-745175.0,-22371.0,357407.0,21970000.0,52498000.0,100286000.0,right
280758,1199531.0,-2067456.0,9387951.0,-871412.0,-31426.0,172578.0,21970000.0,52498000.0,100286000.0,right
280768,1705920.0,-1801691.0,8766636.0,-189622.0,-18110.0,438369.0,21970000.0,52498000.0,100286000.0,right
280778,691945.0,-1258191.0,9627378.0,861825.0,51666.0,711085.0,21970000.0,52498000.0,100286000.0,right
280788,617722.0,-332804.0,10395940.0,1132410.0,118247.0,611480.0,21970000.0,52498000.0,100286000.0,right
280798,695536.0,90982.0,10020039.0,826137.0,226375.0,405878.0,21970000.0,52498000.0,100286000.0,right
280809,1035523.0,-1325231.0,9925465.0,755295.0,329176.0,241822.0,21970000.0,52498000.0,100286000.0,right
280818,677579.0,-1023552.0,10255875.0,619470.0,237028.0,248214.0,21970000.0,52498000.0,100286000.0,right
280828,3591.0,-1221080.0,10134964.0,135292.0,82560.0,135825.0,21970000.0,52498000.0,100286000.0,right
280838,117319.0,-313649.0,9796175.0,37818.0,66581.0,-601892.0,21970000.0,52498000.0,100286000.0,right
280848,736239.0,-116122.0,10026025.0,121443.0,99072.0,-1309782.0,21970000.0,52498000.0,100286000.0,right
280858,1503604.0,-616525.0,9862017.0,157131.0,106529.0,-1216568.0,21970000.0,52498000.0,100286000.0,right
280869,1201925.0,-772153.0,9838074.0,175241.0,70842.0,-521995.0,21970000.0,52498000.0,100286000.0,right
280879,1422199.0,-1241431.0,9999688.0,239159.0,170980.0,22903.0,21970000.0,52498000.0,100286000.0,right
280889,529134.0,-1254599.0,9490905.0,418128.0,419726.0,397355.0,21970000.0,52498000.0,100286000.0,right
280899,-609342.0,-1054678.0,9932648.0,992856.0,980072.0,274313.0,21970000.0,52498000.0,100286000.0,right
280909,311255.0,-688353.0,10023631.0,1078612.0,903904.0,-167251.0,21970000.0,52498000.0,100286000.0,right
280989,369915.0,-551880.0,9869200.0,-56993.0,-69776.0,-99072.0,21970000.0,52498000.0,100286000.0,right
280999,160416.0,29928.0,9931451.0,-67646.0,-101735.0,51666.0,21970000.0,52498000.0,100286000.0,right
281009,733845.0,-605751.0,10084685.0,50601.0,-2663.0,31958.0,21970000.0,52498000.0,100286000.0,right
281019,-167599.0,-16759.0,9948211.0,72972.0,29295.0,-102801.0,21970000.0,52498000.0,100286000.0,right
281029,1292908.0,-150839.0,10101445.0,231169.0,137423.0,-205069.0,21970000.0,52498000.0,100286000.0,right
281039,530331.0,-190344.0,9990111.0,385104.0,376049.0,268454.0,21970000.0,52498000.0,100286000.0,right
281049,-82602.0,37111.0,10095459.0,526256.0,560346.0,454881.0,21970000.0,52498000.0,100286000.0,right
281059,-79011.0,0.0,10154119.0,534778.0,543833.0,270052.0,21970000.0,52498000.0,100286000.0,right
281069,253793.0,-280130.0,9997294.0,592304.0,637580.0,-126770.0,21970000.0,52498000.0,100286000.0,right
281079,269355.0,99362.0,10101445.0,781395.0,838921.0,-213591.0,21970000.0,52498000.0,100286000.0,right
281089,-100559.0,292101.0,10076305.0,955038.0,1056241.0,-193351.0,21970000.0,52498000.0,100286000.0,right
281099,239427.0,-82602.0,10094262.0,1068492.0,1226156.0,-381376.0,21970000.0,52498000.0,100286000.0,right
281109,-608145.0,798490.0,10014054.0,1080210.0,1306586.0,-477785.0,21970000.0,52498000.0,100286000.0,right
281119,-1282134.0,1066649.0,10075108.0,584847.0,710552.0,-736652.0,21970000.0,52498000.0,100286000.0,right
281129,20351.0,302875.0,9998491.0,-201341.0,-186426.0,-1120159.0,21970000.0,52498000.0,100286000.0,right
281139,-1021158.0,1315653.0,9808146.0,-537974.0,-248746.0,-1217101.0,21970000.0,52498000.0,100286000.0,right
281149,-715888.0,1695146.0,11230345.0,-2751128.0,-1608065.0,-2109820.0,21970000.0,52498000.0,100286000.0,right
281159,214287.0,-1804086.0,9720755.0,-4514194.0,-2910923.0,-2107689.0,21970000.0,52498000.0,100286000.0,right
281169,899050.0,-1097774.0,7962160.0,-408541.0,-317991.0,-569933.0,21970000.0,52498000.0,100286000.0,right
281179,-642862.0,-270553.0,11221965.0,2817177.0,2073600.0,1326294.0,21970000.0,52498000.0,100286000.0,right
281189,-548288.0,936161.0,10881978.0,245550.0,19175.0,810690.0,21970000.0,52498000.0,100286000.0,right
281199,-95770.0,-1110943.0,8543969.0,-2069338.0,-1104712.0,103333.0,21970000.0,52498000.0,100286000.0,right
281209,-59856.0,-348366.0,10583891.0,918285.0,355276.0,-58591.0,21970000.0,52498000.0,100286000.0,right
281219,249004.0,-102953.0,10085882.0,-125172.0,-317991.0,295619.0,21970000.0,52498000.0,100286000.0,right
281229,472869.0,-295692.0,10081093.0,-429847.0,-312131.0,-310001.0,21970000.0,52498000.0,100286000.0,right
281239,-20351.0,-307664.0,10124190.0,144880.0,109192.0,-356341.0,21970000.0,52498000.0,100286000.0,right
281249,-59856.0,59856.0,9832089.0,103333.0,85756.0,-42611.0,21970000.0,52498000.0,100286000.0,right
281259,21548.0,-257384.0,9463370.0,-141684.0,-130498.0,41013.0,21970000.0,52498000.0,100286000.0,right
281269,117319.0,-475263.0,10191230.0,55928.0,42079.0,-1597.0,21970000.0,52498000.0,100286000.0,right
281279,-83799.0,-37111.0,9821314.0,121976.0,106529.0,-51666.0,21970000.0,52498000.0,100286000.0,right
281289,28731.0,-312452.0,9944620.0,-128900.0,-117182.0,-106529.0,21970000.0,52498000.0,100286000.0,right
281299,215484.0,-433363.0,9800963.0,67646.0,58591.0,-149141.0,21970000.0,52498000.0,100286000.0,right
281309,-123305.0,75419.0,9896734.0,143282.0,120911.0,-194949.0,21970000.0,52498000.0,100286000.0,right
281319,-185556.0,-284918.0,9918283.0,-149141.0,-131031.0,-49536.0,21970000.0,52498000.0,100286000.0,right
281329,265764.0,-498009.0,9895537.0,23969.0,9055.0,38883.0,21970000.0,52498000.0,100286000.0,right
281339,-281327.0,-106545.0,10333689.0,79897.0,70309.0,174708.0,21970000.0,52498000.0,100286000.0,right
281349,92179.0,-471672.0,9532804.0,-159261.0,-162457.0,55928.0,21970000.0,52498000.0,100286000.0,right
281359,56265.0,-179570.0,10218764.0,163523.0,128900.0,-31958.0,21970000.0,52498000.0,100286000.0,right
281369,70631.0,79011.0,10115810.0,-10652.0,-8522.0,-96409.0,21970000.0,52498000.0,100286000.0,right
281379,-3591.0,-241821.0,9733923.0,-88419.0,-75636.0,-26099.0,21970000.0,52498000.0,100286000.0,right
281389,198724.0,-397449.0,10053559.0,26099.0,12783.0,-7457.0,21970000.0,52498000.0,100286000.0,right
281399,-296890.0,-61054.0,10210384.0,56460.0,53264.0,69776.0,21970000.0,52498000.0,100286000.0,right
281409,95770.0,-583005.0,9575901.0,-186959.0,-174708.0,64983.0,21970000.0,52498000.0,100286000.0,right
281419,-86193.0,-87391.0,10203201.0,219451.0,180567.0,29828.0,21970000.0,52498000.0,100286000.0,right
281429,35914.0,-171190.0,10574314.0,-109192.0,-107062.0,-41546.0,21970000.0,52498000.0,100286000.0,right
281439,2394.0,-149642.0,9900325.0,19707.0,19707.0,-28230.0,21970000.0,52498000.0,100286000.0,right
281450,164007.0,-51476.0,9907508.0,23436.0,26099.0,-42611.0,21970000.0,52498000.0,100286000.0,right
281459,-216681.0,96968.0,10337281.0,20773.0,22903.0,31958.0,21940000.0,52552000.0,100286000.0,right
281469,150839.0,-426180.0,9832089.0,-64450.0,-43677.0,48471.0,21940000.0,52552000.0,100286000.0,right
281479,-9577.0,-475263.0,9997294.0,0.0,17044.0,140086.0,21940000.0,52552000.0,100286000.0,right
281490,-270553.0,-169993.0,10139753.0,-12783.0,-3195.0,140086.0,21940000.0,52552000.0,100286000.0,right
281500,233441.0,-464489.0,10144542.0,4261.0,-14381.0,-55928.0,21940000.0,52552000.0,100286000.0,right
281510,107742.0,-359141.0,10021236.0,32491.0,25567.0,-90550.0,21940000.0,52552000.0,100286000.0,right
281520,-192739.0,73025.0,10143344.0,1597.0,-9587.0,-63385.0,21940000.0,52552000.0,100286000.0,right
281530,34716.0,-106545.0,10026025.0,10120.0,7989.0,-13848.0,21940000.0,52552000.0,100286000.0,right
281540,80208.0,-428575.0,9975745.0,-18642.0,-12783.0,36220.0,21940000.0,52552000.0,100286000.0,right
281550,-288510.0,-7182.0,10037996.0,-1065.0,532.0,23436.0,21940000.0,52552000.0,100286000.0,right
281560,113728.0,-471672.0,10106233.0,532.0,-8522.0,32491.0,21940000.0,52552000.0,100286000.0,right
281570,-55068.0,-356746.0,9884763.0,-5326.0,-7989.0,41013.0,21940000.0,52552000.0,100286000.0,right
281580,-99362.0,-51476.0,9906311.0,7457.0,-11718.0,19707.0,21940000.0,52552000.0,100286000.0,right
281590,217879.0,-405829.0,10167287.0,4261.0,-3728.0,-26099.0,21940000.0,52552000.0,100286000.0,right
281600,98165.0,-257384.0,9823709.0,-5859.0,-7457.0,-26099.0,21940000.0,52552000.0,100286000.0,right
281610,-137670.0,20351.0,9907508.0,3728.0,4261.0,27697.0,21940000.0,52552000.0,100286000.0,right
281620,146050.0,-521951.0,10115810.0,-4793.0,532.0,84158.0,21940000.0,52552000.0,100286000.0,right
281630,-62251.0,-305270.0,9848849.0,-4261.0,0.0,81495.0,21940000.0,52552000.0,100286000.0,right
281640,-131685.0,-238230.0,9799766.0,7457.0,2130.0,115584.0,21940000.0,52552000.0,100286000.0,right
281650,70631.0,-445335.0,9883566.0,6391.0,1065.0,122509.0,21940000.0,52552000.0,100286000.0,right
281660,70631.0,-445335.0,9883566.0,6391.0,1065.0,122509.0,21940000.0,52552000.0,100286000.0,right
281670,-65842.0,-21548.0,10084685.0,9055.0,1597.0,87354.0,21940000.0,52552000.0,100286000.0,right
281680,-59856.0,-195133.0,9873988.0,14914.0,5859.0,31426.0,21940000.0,52552000.0,100286000.0,right
281690,190344.0,-247807.0,9881171.0,2663.0,6924.0,0.0,21940000.0,52552000.0,100286000.0,right
281700,-99362.0,-65842.0,9920677.0,-5859.0,5859.0,52732.0,21940000.0,52552000.0,100286000.0,right
281710,-232244.0,-69433.0,10017645.0,12250.0,18110.0,71374.0,21940000.0,52552000.0,100286000.0,right
281720,123305.0,-517163.0,9884763.0,-8522.0,-2663.0,67113.0,21940000.0,52552000.0,100286000.0,right
281730,-209499.0,-74222.0,9924268.0,9587.0,14914.0,113986.0,21940000.0,52552000.0,100286000.0,right
281740,-50279.0,-341184.0,10152921.0,8522.0,-1597.0,61787.0,21940000.0,52552000.0,100286000.0,right
281750,228653.0,-324424.0,9945817.0,2130.0,-2130.0,-532.0,21940000.0,52552000.0,100286000.0,right
281760,-74222.0,-23942.0,10014054.0,7457.0,5859.0,532.0,21940000.0,52552000.0,100286000.0,right
281770,-41899.0,-55068.0,10148133.0,5859.0,5859.0,41546.0,21940000.0,52552000.0,100286000.0,right
281780,107742.0,-454912.0,10003279.0,-8522.0,0.0,104931.0,21940000.0,52552000.0,100286000.0,right
281790,-324424.0,44294.0,10036799.0,532.0,4261.0,91082.0,21940000.0,52552000.0,100286000.0,right
281800,-61054.0,-407026.0,10156513.0,1597.0,-8522.0,47938.0,21940000.0,52552000.0,100286000.0,right
281810,93376.0,-345972.0,9994899.0,3728.0,-4793.0,-3728.0,21940000.0,52552000.0,100286000.0,right
281820,-93376.0,57462.0,10192427.0,5859.0,-9587.0,-2663.0,21940000.0,52552000.0,100286000.0,right
281830,63448.0,-265764.0,10004476.0,3728.0,-3195.0,33556.0,21940000.0,52552000.0,100286000.0,right
281840,125699.0,-325621.0,10047573.0,-10120.0,-5326.0,19175.0,21940000.0,52552000.0,100286000.0,right
281850,-244216.0,70631.0,10072713.0,-1597.0,-532.0,24501.0,21940000.0,52552000.0,100286000.0,right
281860,15562.0,-517163.0,9987717.0,-532.0,-2663.0,35687.0,21940000.0,52552000.0,100286000.0,right
281870,61054.0,-478854.0,9974548.0,-6924.0,-10652.0,36752.0,21940000.0,52552000.0,100286000.0,right
281880,-276538.0,88588.0,9956591.0,11718.0,-5859.0,108127.0,21940000.0,52552000.0,100286000.0,right
281890,119713.0,-423786.0,10164893.0,3195.0,-9587.0,41546.0,21940000.0,52552000.0,100286000.0,right
281900,90982.0,-189147.0,9799766.0,-2130.0,-7989.0,7457.0,21940000.0,52552000.0,100286000.0,right
281910,-56265.0,-14365.0,9896734.0,2663.0,-532.0,21305.0,21940000.0,52552000.0,100286000.0,right
281920,59856.0,-454912.0,10084685.0,-2130.0,2130.0,61254.0,21940000.0,52552000.0,100286000.0,right
281930,65842.0,-338789.0,9785400.0,-5859.0,532.0,80962.0,21940000.0,52552000.0,100286000.0,right
281940,-296890.0,-80208.0,9835680.0,12250.0,10652.0,87354.0,21940000.0,52552000.0,100286000.0,right
281950,82602.0,-476460.0,9889551.0,-3195.0,-7989.0,69776.0,21940000.0,52552000.0,100286000.0,right
281960,-71828.0,-148445.0,9925465.0,19175.0,19707.0,1065.0,21940000.0,52552000.0,100286000.0,right
281970,-99362.0,-134079.0,9854834.0,6924.0,-3728.0,18110.0,21940000.0,52552000.0,100286000.0,right
281980,88588.0,-240624.0,9850046.0,3728.0,-3195.0,14381.0,21940000.0,52552000.0,100286000.0,right
281990,-45491.0,-64645.0,10014054.0,-532.0,-6924.0,-99605.0,21940000.0,52552000.0,100286000.0,right
282000,-79011.0,-52674.0,9985322.0,-2663.0,0.0,-88952.0,21940000.0,52552000.0,100286000.0,right
282010,62251.0,-463292.0,9863214.0,-532.0,9587.0,17577.0,21940000.0,52552000.0,100286000.0,right
282020,-258581.0,-159219.0,9954197.0,1065.0,4793.0,2663.0,21940000.0,52552000.0,100286000.0,right
282030,-100559.0,-185556.0,10108627.0,6924.0,-10120.0,-46340.0,21940000.0,52552000.0,100286000.0,right
282040,87391.0,-357944.0,9909903.0,4261.0,-4261.0,-38883.0,21940000.0,52552000.0,100286000.0,right
282050,-76616.0,11971.0,10065530.0,4261.0,-6924.0,-4261.0,21940000.0,52552000.0,100286000.0,right
282060,90982.0,-118516.0,10166090.0,-1065.0,-9055.0,-1065.0,21940000.0,52552000.0,100286000.0,right
282070,175979.0,-432166.0,9986519.0,-2130.0,3728.0,38883.0,21940000.0,52552000.0,100286000.0,right
282080,-152036.0,-148445.0,9998491.0,2130.0,5326.0,76701.0,21940000.0,52552000.0,100286000.0,right
282090,-47885.0,-228653.0,10215173.0,7989.0,3728.0,110258.0,21940000.0,52552000.0,100286000.0,right
282100,-13168.0,-494417.0,9966168.0,-1065.0,0.0,159261.0,21940000.0,52552000.0,100286000.0,right
282111,-201119.0,-113728.0,10079896.0,13848.0,-4261.0,76168.0,21940000.0,52552000.0,100286000.0,right
282121,-7182.0,-281327.0,10212778.0,9587.0,-7989.0,64450.0,21940000.0,52552000.0,100286000.0,right
282131,86193.0,-237033.0,10052362.0,-9587.0,-20773.0,155533.0,21940000.0,52552000.0,100286000.0,right
282141,-63448.0,-9577.0,10107430.0,532.0,-14914.0,196014.0,21940000.0,52552000.0,100286000.0,right
282151,159219.0,-367521.0,9996096.0,0.0,-3195.0,88952.0,21940000.0,52552000.0,100286000.0,right
282161,-28731.0,-393858.0,10079896.0,-3195.0,7457.0,62319.0,21940000.0,52552000.0,100286000.0,right
282171,-347169.0,47885.0,9858426.0,13316.0,9055.0,78831.0,21940000.0,52552000.0,100286000.0,right
282181,86193.0,-329212.0,10190033.0,-2130.0,-5859.0,184828.0,21940000.0,52552000.0,100286000.0,right
282191,-28731.0,-434560.0,9800963.0,3195.0,6924.0,107594.0,21940000.0,52552000.0,100286000.0,right
282201,10774.0,98165.0,9854834.0,23969.0,9055.0,-118247.0,21940000.0,52552000.0,100286000.0,right
282211,37111.0,-328015.0,10113416.0,-2130.0,7457.0,123574.0,21940000.0,52552000.0,100286000.0,right
282221,-50279.0,-213090.0,9736318.0,1597.0,17044.0,78299.0,21940000.0,52552000.0,100286000.0,right
282231,-222667.0,49082.0,10003279.0,24501.0,20773.0,-77766.0,21940000.0,52552000.0,100286000.0,right
282241,47885.0,-532726.0,9753078.0,-58058.0,-65515.0,465002.0,21940000.0,52552000.0,100286000.0,right
282251,-211893.0,-213090.0,9888354.0,15446.0,4793.0,413335.0,21940000.0,52552000.0,100286000.0,right
282261,-74222.0,-183162.0,9889551.0,-18642.0,532.0,324915.0,21940000.0,52552000.0,100286000.0,right
282271,330409.0,-435758.0,9768640.0,-1065.0,-7989.0,307870.0,21940000.0,52552000.0,100286000.0,right
282281,141262.0,-102953.0,10097853.0,31958.0,43677.0,340362.0,21940000.0,52552000.0,100286000.0,right
282291,-131685.0,-110136.0,9936240.0,19707.0,34622.0,317458.0,21940000.0,52552000.0,100286000.0,right
282301,-26337.0,-579414.0,9931451.0,18110.0,28230.0,125705.0,21940000.0,52552000.0,100286000.0,right
282311,-191541.0,-80208.0,9967365.0,29295.0,34089.0,-54862.0,21940000.0,52552000.0,100286000.0,right
282321,-237033.0,-235836.0,10173273.0,45275.0,37818.0,-117715.0,21940000.0,52552000.0,100286000.0,right
282331,-2394.0,-385478.0,10105036.0,31958.0,26099.0,-92148.0,21940000.0,52552000.0,100286000.0,right
282341,-118516.0,64645.0,10269044.0,31958.0,-532.0,-25034.0,21940000.0,52552000.0,100286000.0,right
282351,164007.0,-203513.0,10010462.0,-9055.0,-13848.0,198145.0,21940000.0,52552000.0,100286000.0,right
282361,-56265.0,-113728.0,10101445.0,13316.0,6391.0,282303.0,21940000.0,52552000.0,100286000.0,right
282371,-417800.0,239427.0,9980534.0,18642.0,17044.0,86289.0,21940000.0,52552000.0,100286000.0,right
282381,-61054.0,-238230.0,9978139.0,1597.0,3195.0,-50068.0,21940000.0,52552000.0,100286000.0,right
282391,-16759.0,-61054.0,10301367.0,-3195.0,-5326.0,339829.0,21940000.0,52552000.0,100286000.0,right
282401,-189147.0,-101756.0,9967365.0,-33556.0,-12783.0,755295.0,21940000.0,52552000.0,100286000.0,right
282411,231047.0,-596174.0,10156513.0,3195.0,8522.0,493232.0,21940000.0,52552000.0,100286000.0,right
282421,-45491.0,-238230.0,9772232.0,12250.0,16512.0,323317.0,21940000.0,52552000.0,100286000.0,right
282431,-228653.0,5985.0,9993702.0,31958.0,30893.0,216787.0,21940000.0,52552000.0,100286000.0,right
282441,-15562.0,-289707.0,10125387.0,17044.0,13848.0,183231.0,21940000.0,52552000.0,100286000.0,right
282451,-101756.0,-234638.0,9639350.0,-7989.0,-1597.0,207200.0,21940000.0,52552000.0,100286000.0,right
282461,-304072.0,-25139.0,9947014.0,10652.0,14914.0,227973.0,21920000.0,52624000.0,100286000.0,right
282471,40702.0,-547091.0,9866806.0,10120.0,3195.0,243952.0,21920000.0,52624000.0,100286000.0,right
282481,-243018.0,-31125.0,9967365.0,3728.0,-10652.0,173110.0,21920000.0,52624000.0,100286000.0,right
282491,-27534.0,177176.0,9911100.0,9055.0,-11185.0,-37818.0,21920000.0,52624000.0,100286000.0,right
282501,86193.0,-416603.0,9907508.0,2130.0,8522.0,-15979.0,21920000.0,52624000.0,100286000.0,right
282511,-61054.0,51476.0,9943422.0,-12783.0,-5326.0,98539.0,21920000.0,52624000.0,100286000.0,right
282521,-272947.0,8379.0,10055953.0,15446.0,17044.0,124639.0,21920000.0,52624000.0,100286000.0,right
282531,31125.0,-539908.0,9991308.0,-9587.0,3195.0,69244.0,21920000.0,52624000.0,100286000.0,right
282571,-100559.0,160416.0,10155316.0,-1597.0,-3728.0,-39415.0,21920000.0,52624000.0,100286000.0,right
282581,-4788.0,-96968.0,10152921.0,5326.0,7989.0,-19707.0,21920000.0,52624000.0,100286000.0,right
282591,-84996.0,-392661.0,9935042.0,-15979.0,0.0,98007.0,21920000.0,52624000.0,100286000.0,right
282601,-307664.0,-50279.0,10085882.0,-3728.0,-3728.0,75103.0,21920000.0,52624000.0,100286000.0,right
282611,-99362.0,-366324.0,10054756.0,15446.0,-1065.0,103866.0,21920000.0,52624000.0,100286000.0,right
282621,-93376.0,-228653.0,9987717.0,-12250.0,-21838.0,35154.0,21920000.0,52624000.0,100286000.0,right
282631,-169993.0,111333.0,9944620.0,11185.0,-7457.0,53264.0,21920000.0,52624000.0,100286000.0,right
282641,174782.0,-295692.0,10093065.0,7457.0,-5326.0,131031.0,21920000.0,52624000.0,100286000.0,right
282651,23942.0,-184359.0,9820117.0,-13848.0,-7989.0,87354.0,21920000.0,52624000.0,100286000.0,right
282661,-404632.0,260975.0,9918283.0,2130.0,5859.0,25567.0,21920000.0,52624000.0,100286000.0,right
282671,4788.0,-489629.0,10051165.0,3195.0,3728.0,-20240.0,21920000.0,52624000.0,100286000.0,right
282681,-44294.0,-262173.0,9812934.0,-14914.0,-14914.0,-27165.0,21920000.0,52624000.0,100286000.0,right
282691,-378295.0,-23942.0,9991308.0,22903.0,2663.0,6924.0,21920000.0,52624000.0,100286000.0,right
282701,225061.0,-345972.0,9850046.0,-5326.0,-13848.0,-12783.0,21920000.0,52624000.0,100286000.0,right
282711,-26337.0,38308.0,9998491.0,-7457.0,-14381.0,15446.0,21920000.0,52624000.0,100286000.0,right
282721,-26337.0,38308.0,9998491.0,-7457.0,-14381.0,15446.0,21920000.0,52624000.0,100286000.0,right
282732,-183162.0,101756.0,10011659.0,9587.0,3728.0,19707.0,21920000.0,52624000.0,100286000.0,right
282742,140065.0,-451320.0,9921874.0,-6924.0,0.0,29828.0,21920000.0,52624000.0,100286000.0,right
282752,-197527.0,-46688.0,10012856.0,-6924.0,-3728.0,24501.0,21920000.0,52624000.0,100286000.0,right
282762,-378295.0,-105348.0,10072713.0,6924.0,2663.0,-1065.0,21920000.0,52624000.0,100286000.0,right
282772,123305.0,-403435.0,10011659.0,-6391.0,-13848.0,-64450.0,21920000.0,52624000.0,100286000.0,right
282782,-146050.0,94573.0,10126584.0,4261.0,-12250.0,-78299.0,21920000.0,52624000.0,100286000.0,right
282792,-39505.0,-155627.0,10115810.0,19175.0,3728.0,-20773.0,21920000.0,52624000.0,100286000.0,right
282802,215484.0,-312452.0,10053559.0,-12783.0,-10652.0,30360.0,21920000.0,52624000.0,100286000.0,right
282812,-282524.0,231047.0,10095459.0,-10120.0,-2130.0,44209.0,21920000.0,52624000.0,100286000.0,right
282822,-196330.0,-220273.0,10089473.0,11718.0,10120.0,-31426.0,21920000.0,52624000.0,100286000.0,right
282832,79011.0,-544697.0,9914691.0,-17577.0,-11185.0,-23436.0,21920000.0,52624000.0,100286000.0,right
282842,-396252.0,58659.0,10071516.0,8522.0,-5326.0,-29828.0,21920000.0,52624000.0,100286000.0,right
282852,29928.0,-299284.0,10030813.0,11185.0,-6924.0,-34089.0,21920000.0,52624000.0,100286000.0,right
282862,148445.0,-266961.0,9936240.0,-12250.0,-17577.0,1597.0,21920000.0,52624000.0,100286000.0,right
282872,-284918.0,177176.0,10052362.0,6391.0,1065.0,37818.0,21920000.0,52624000.0,100286000.0,right
282882,51476.0,-232244.0,10026025.0,4261.0,2663.0,8522.0,21920000.0,52624000.0,100286000.0,right
282892,-57462.0,-317241.0,9871594.0,-19707.0,-5326.0,10120.0,21920000.0,52624000.0,100286000.0,right
282902,-378295.0,7182.0,9841666.0,10652.0,5326.0,-33024.0,21920000.0,52624000.0,100286000.0,right
282912,84996.0,-561457.0,10108627.0,1065.0,-3728.0,-12250.0,21920000.0,52624000.0,100286000.0,right
282922,-98165.0,-107742.0,9852440.0,-7457.0,-17044.0,-28763.0,21920000.0,52624000.0,100286000.0,right
282932,-205907.0,74222.0,9896734.0,11185.0,-2663.0,6391.0,21920000.0,52624000.0,100286000.0,right
282942,239427.0,-282524.0,9990111.0,-4261.0,-7457.0,36220.0,21920000.0,52624000.0,100286000.0,right
282952,-57462.0,-62251.0,9856031.0,-12783.0,-6391.0,38350.0,21920000.0,52624000.0,100286000.0,right
282962,-289707.0,51476.0,10032011.0,12250.0,9055.0,-2130.0,21920000.0,52624000.0,100286000.0,right
282972,71828.0,-555471.0,9911100.0,-9055.0,-4793.0,7989.0,21920000.0,52624000.0,100286000.0,right
282982,-276538.0,47885.0,9907508.0,-11185.0,-13316.0,-22371.0,21920000.0,52624000.0,100286000.0,right
282992,-215484.0,-193936.0,10061939.0,26099.0,2663.0,-61254.0,21920000.0,52624000.0,100286000.0,right
283002,314847.0,-336395.0,9997294.0,-7457.0,-21838.0,-46873.0,21920000.0,52624000.0,100286000.0,right
283012,-204710.0,203513.0,10077502.0,-1065.0,-6924.0,60189.0,21920000.0,52624000.0,100286000.0,right
283022,-102953.0,-9577.0,10109825.0,4793.0,5326.0,55395.0,21920000.0,52624000.0,100286000.0,right
283032,21548.0,-344775.0,10023631.0,-14914.0,-2130.0,25034.0,21920000.0,52624000.0,100286000.0,right
283042,-311255.0,-13168.0,10040391.0,-2663.0,-532.0,-33024.0,21920000.0,52624000.0,100286000.0,right
283052,-175979.0,-361535.0,10132570.0,12783.0,4261.0,-7989.0,21920000.0,52624000.0,100286000.0,right
283062,108939.0,-375901.0,9949408.0,-15979.0,-20240.0,-35154.0,21920000.0,52624000.0,100286000.0,right
283072,-269355.0,67039.0,10088276.0,9587.0,-4793.0,-14381.0,21920000.0,52624000.0,100286000.0,right
283082,81405.0,-292101.0,10048771.0,9055.0,-1597.0,10120.0,21920000.0,52624000.0,100286000.0,right
283092,14365.0,-175979.0,9974548.0,-14914.0,-10652.0,51666.0,21920000.0,52624000.0,100286000.0,right
283102,-345972.0,167599.0,10039193.0,-532.0,3195.0,35154.0,21920000.0,52624000.0,100286000.0,right
283112,-3591.0,-407026.0,10089473.0,4793.0,4793.0,-23436.0,21920000.0,52624000.0,100286000.0,right
283122,-7182.0,-390266.0,9814132.0,-17577.0,-14381.0,-19707.0,21920000.0,52624000.0,100286000.0,right
283132,-409420.0,38308.0,9987717.0,21305.0,5859.0,1065.0,21920000.0,52624000.0,100286000.0,right
283142,249004.0,-372309.0,10024828.0,-5326.0,-14914.0,-9587.0,21920000.0,52624000.0,100286000.0,right
283152,-89785.0,-40702.0,9783006.0,-14381.0,-14914.0,54862.0,21920000.0,52624000.0,100286000.0,right
283162,-219076.0,102953.0,10029616.0,11185.0,3728.0,17044.0,21920000.0,52624000.0,100286000.0,right
283172,124502.0,-375901.0,9937437.0,-3728.0,0.0,23969.0,21920000.0,52624000.0,100286000.0,right
283182,-232244.0,-111333.0,9887157.0,-14914.0,-3728.0,17044.0,21920000.0,52624000.0,100286000.0,right
283192,-362732.0,-102953.0,9998491.0,11718.0,5859.0,-13316.0,21920000.0,52624000.0,100286000.0,right
283202,160416.0,-490826.0,9909903.0,-9055.0,-14914.0,-34089.0,21920000.0,52624000.0,100286000.0,right
283212,-216681.0,113728.0,9996096.0,4793.0,-10652.0,-34089.0,21920000.0,52624000.0,100286000.0,right
283222,-22745.0,-81405.0,10170879.0,10120.0,-2663.0,6924.0,21920000.0,52624000.0,100286000.0,right
283232,168796.0,-286115.0,9976942.0,-11185.0,-9055.0,73505.0,21920000.0,52624000.0,100286000.0,right
283242,-202316.0,138867.0,10015251.0,-5326.0,-532.0,48471.0,21920000.0,52624000.0,100286000.0,right
283252,-174782.0,-162810.0,10152921.0,10120.0,7989.0,3195.0,21920000.0,52624000.0,100286000.0,right
283263,40702.0,-448926.0,9925465.0,-14914.0,-12250.0,-12783.0,21920000.0,52624000.0,100286000.0,right
283272,-416603.0,79011.0,10060742.0,5859.0,-4261.0,-30893.0,21920000.0,52624000.0,100286000.0,right
283282,63448.0,-351958.0,10190033.0,9587.0,-5326.0,-36220.0,21920000.0,52624000.0,100286000.0,right
283292,106545.0,-312452.0,9996096.0,-11185.0,-14914.0,-7457.0,21920000.0,52624000.0,100286000.0,right
283302,-276538.0,155627.0,10014054.0,8522.0,2663.0,32491.0,21920000.0,52624000.0,100286000.0,right
283312,-4788.0,-244216.0,10126584.0,532.0,1065.0,50068.0,21920000.0,52624000.0,100286000.0,right
283322,-15562.0,-323227.0,9851243.0,-19175.0,-9587.0,41013.0,21920000.0,52624000.0,100286000.0,right
283332,-435758.0,75419.0,9970957.0,11718.0,5326.0,3195.0,21920000.0,52624000.0,100286000.0,right
283342,152036.0,-456109.0,9998491.0,0.0,-8522.0,-43677.0,21920000.0,52624000.0,100286000.0,right
283352,-59856.0,-160416.0,9900325.0,-4793.0,-14381.0,-59656.0,21920000.0,52624000.0,100286000.0,right
283362,-239427.0,95770.0,9860820.0,12783.0,0.0,-3728.0,21920000.0,52624000.0,100286000.0,right
283373,231047.0,-325621.0,9921874.0,-6391.0,-7457.0,9055.0,21920000.0,52624000.0,100286000.0,right
283383,-82602.0,-38308.0,9900325.0,-14381.0,-6924.0,49536.0,21920000.0,52624000.0,100286000.0,right
283393,-379492.0,40702.0,10036799.0,11185.0,10652.0,30360.0,21920000.0,52624000.0,100286000.0,right
283403,162810.0,-505191.0,9914691.0,-13316.0,-9587.0,8522.0,21920000.0,52624000.0,100286000.0,right
283413,-317241.0,44294.0,9917085.0,-5859.0,-8522.0,-42611.0,21920000.0,52624000.0,100286000.0,right
283423,-197527.0,-213090.0,10160104.0,20240.0,2663.0,-61787.0,21920000.0,52624000.0,100286000.0,right
283433,274144.0,-377098.0,9992505.0,-11718.0,-20773.0,-74570.0,21920000.0,52624000.0,100286000.0,right
283443,-181964.0,118516.0,10136162.0,-1065.0,-7989.0,42079.0,21920000.0,52624000.0,100286000.0,right
283453,-53871.0,-137670.0,10115810.0,10120.0,5326.0,77234.0,21920000.0,52624000.0,100286000.0,right
283463,111333.0,-372309.0,9957788.0,-14914.0,-7457.0,56460.0,21890000.0,52642000.0,100286000.0,right
283473,-430969.0,79011.0,10024828.0,1597.0,3195.0,12783.0,21890000.0,52642000.0,100286000.0,right
283483,-93376.0,-338789.0,10085882.0,11185.0,3728.0,-8522.0,21890000.0,52642000.0,100286000.0,right
283493,-59856.0,-286115.0,9994899.0,-14381.0,-19175.0,-12783.0,21890000.0,52642000.0,100286000.0,right
283503,-250201.0,52674.0,9964971.0,9587.0,-6391.0,9587.0,21890000.0,52642000.0,100286000.0,right
283513,153233.0,-307664.0,10160104.0,9587.0,-5326.0,19175.0,21890000.0,52642000.0,100286000.0,right
283523,58659.0,-171190.0,9788992.0,-13316.0,-10652.0,27165.0,21890000.0,52642000.0,100286000.0,right
283533,-366324.0,117319.0,9982928.0,9055.0,9587.0,33556.0,21890000.0,52642000.0,100286000.0,right
283543,53871.0,-505191.0,10081093.0,-8522.0,-3195.0,-532.0,21890000.0,52642000.0,100286000.0,right
283553,-186753.0,-136473.0,9857229.0,-15446.0,-14381.0,-30360.0,21890000.0,52642000.0,100286000.0,right
283563,-256187.0,-88588.0,9918283.0,21305.0,3195.0,-53264.0,21890000.0,52642000.0,100286000.0,right
283573,222667.0,-380689.0,9812934.0,-1065.0,-12783.0,-31958.0,21890000.0,52642000.0,100286000.0,right
283583,-88588.0,104150.0,9999688.0,-4793.0,-11185.0,35687.0,21890000.0,52642000.0,100286000.0,right
283593,-202316.0,77813.0,10066728.0,4793.0,3728.0,60189.0,21890000.0,52642000.0,100286000.0,right
283603,141262.0,-403435.0,9990111.0,-11185.0,-4261.0,25034.0,21890000.0,52642000.0,100286000.0,right
283613,-250201.0,5985.0,9958985.0,-5326.0,-4261.0,-19175.0,21890000.0,52642000.0,100286000.0,right
283623,-210696.0,-272947.0,10148133.0,15446.0,5859.0,-8522.0,21890000.0,52642000.0,100286000.0,right
283633,57462.0,-317241.0,9963774.0,-13316.0,-18110.0,-64983.0,21890000.0,52642000.0,100286000.0,right
283643,-245413.0,34716.0,10156513.0,6391.0,-6391.0,-39415.0,21890000.0,52642000.0,100286000.0,right
283653,-2394.0,-216681.0,10138556.0,13316.0,-1597.0,8522.0,21890000.0,52642000.0,100286000.0,right
283663,112530.0,-204710.0,9988914.0,-15979.0,-13848.0,50601.0,21890000.0,52642000.0,100286000.0,right
283673,-348366.0,160416.0,10061939.0,4261.0,6924.0,13316.0,21890000.0,52642000.0,100286000.0,right
283683,-75419.0,-418998.0,10096656.0,3728.0,5859.0,-35687.0,21890000.0,52642000.0,100286000.0,right
283693,-11971.0,-374703.0,9851243.0,-18110.0,-13848.0,-47405.0,21890000.0,52642000.0,100286000.0,right
283703,-416603.0,22745.0,9973351.0,19175.0,1597.0,-42079.0,21890000.0,52642000.0,100286000.0,right
283713,191541.0,-378295.0,10041588.0,2663.0,-12250.0,-39948.0,21890000.0,52642000.0,100286000.0,right
283723,34716.0,-58659.0,9790189.0,-7989.0,-17044.0,19707.0,21890000.0,52642000.0,100286000.0,right
283733,-256187.0,172387.0,9951802.0,10120.0,4793.0,39948.0,21890000.0,52642000.0,100286000.0,right
283743,160416.0,-380689.0,9949408.0,-7457.0,532.0,-5859.0,21890000.0,52642000.0,100286000.0,right
283753,-190344.0,-172387.0,9962577.0,-11185.0,-4261.0,-29295.0,21890000.0,52642000.0,100286000.0,right
283763,-362732.0,-123305.0,9925465.0,10120.0,6391.0,-36220.0,21890000.0,52642000.0,100286000.0,right
283773,131685.0,-421392.0,9899128.0,-6391.0,-14914.0,-63917.0,21890000.0,52642000.0,100286000.0,right
283783,131685.0,-421392.0,9899128.0,-6391.0,-14914.0,-63917.0,21890000.0,52642000.0,100286000.0,right
283793,-138867.0,89785.0,10037996.0,2130.0,-14914.0,-22371.0,21890000.0,52642000.0,100286000.0,right
283803,-104150.0,-10774.0,10145739.0,15446.0,0.0,24501.0,21890000.0,52642000.0,100286000.0,right
283813,213090.0,-252595.0,10047573.0,-15446.0,-11185.0,41546.0,21890000.0,52642000.0,100286000.0,right
283823,-251398.0,119713.0,10047573.0,-1065.0,3728.0,14381.0,21890000.0,52642000.0,100286000.0,right
283833,-198724.0,-271750.0,10175667.0,532.0,6391.0,-27697.0,21890000.0,52642000.0,100286000.0,right
283843,75419.0,-498009.0,9945817.0,-15446.0,-11718.0,-55395.0,21890000.0,52642000.0,100286000.0,right
283853,-374703.0,27534.0,10041588.0,12783.0,-2663.0,-49536.0,21890000.0,52642000.0,100286000.0,right
283863,-19154.0,-232244.0,10061939.0,8522.0,-5859.0,-35687.0,21890000.0,52642000.0,100286000.0,right
283873,132882.0,-175979.0,9936240.0,-13848.0,-19175.0,23969.0,21890000.0,52642000.0,100286000.0,right
283883,-195133.0,169993.0,10020039.0,4793.0,2663.0,41013.0,21890000.0,52642000.0,100286000.0,right
283893,-7182.0,-324424.0,10041588.0,3728.0,8522.0,23436.0,21890000.0,52642000.0,100286000.0,right
283903,-22745.0,-362732.0,9845257.0,-19707.0,-7989.0,-28763.0,21890000.0,52642000.0,100286000.0,right
283913,-508783.0,67039.0,9887157.0,9055.0,2130.0,-44209.0,21890000.0,52642000.0,100286000.0,right
283923,130487.0,-453715.0,9998491.0,2663.0,-7989.0,-85223.0,21890000.0,52642000.0,100286000.0,right
283933,4788.0,-126896.0,9895537.0,-9055.0,-18110.0,-49003.0,21890000.0,52642000.0,100286000.0,right
283943,-146050.0,20351.0,9951802.0,14381.0,1597.0,16512.0,21890000.0,52642000.0,100286000.0,right
283953,197527.0,-322029.0,9924268.0,-5326.0,-3195.0,62319.0,21890000.0,52642000.0,100286000.0,right
283963,-226258.0,89785.0,9967365.0,-7989.0,-1597.0,33024.0,21890000.0,52642000.0,100286000.0,right
283973,-278933.0,-137670.0,10054756.0,5326.0,5859.0,-40481.0,21890000.0,52642000.0,100286000.0,right
283984,125699.0,-554274.0,9929057.0,-13316.0,-9587.0,-39948.0,21890000.0,52642000.0,100286000.0,right
283994,-289707.0,53871.0,9997294.0,8522.0,-6924.0,-42611.0,21890000.0,52642000.0,100286000.0,right
284004,-98165.0,-99362.0,10234327.0,11185.0,-4261.0,-14381.0,21890000.0,52642000.0,100286000.0,right
284014,175979.0,-304072.0,10018842.0,-12250.0,-14381.0,44742.0,21890000.0,52642000.0,100286000.0,right
284024,-148445.0,161613.0,10143344.0,1597.0,-3195.0,27165.0,21890000.0,52642000.0,100286000.0,right
284034,-102953.0,-162810.0,10102642.0,5859.0,5859.0,4261.0,21890000.0,52642000.0,100286000.0,right
284044,64645.0,-462095.0,9996096.0,-18642.0,-6924.0,3728.0,21890000.0,52642000.0,100286000.0,right
284054,-447729.0,32322.0,10058348.0,2130.0,0.0,-34089.0,21890000.0,52642000.0,100286000.0,right
284064,-64645.0,-411815.0,10045179.0,12783.0,-532.0,-80429.0,21890000.0,52642000.0,100286000.0,right
284074,95770.0,-287312.0,9863214.0,-13848.0,-22371.0,-42611.0,21890000.0,52642000.0,100286000.0,right
284084,-217879.0,146050.0,9941028.0,10652.0,-1597.0,43144.0,21890000.0,52642000.0,100286000.0,right
284094,191541.0,-225061.0,10052362.0,1597.0,-2130.0,52732.0,21890000.0,52642000.0,100286000.0,right
284104,-105348.0,-216681.0,9788992.0,-17044.0,-3728.0,52199.0,21890000.0,52642000.0,100286000.0,right
284114,-301678.0,1197.0,9862017.0,6924.0,6924.0,-19175.0,21890000.0,52642000.0,100286000.0,right
284124,43096.0,-594977.0,10076305.0,0.0,-1065.0,-9587.0,21890000.0,52642000.0,100286000.0,right
284134,-190344.0,-25139.0,9850046.0,-12250.0,-17577.0,-44209.0,21890000.0,52642000.0,100286000.0,right
284144,-210696.0,-71828.0,9909903.0,15446.0,-2130.0,-53797.0,21890000.0,52642000.0,100286000.0,right
284154,300481.0,-305270.0,9985322.0,-4261.0,-12783.0,0.0,21890000.0,52642000.0,100286000.0,right
284164,-153233.0,98165.0,9979337.0,-7989.0,-2130.0,53264.0,21890000.0,52642000.0,100286000.0,right
284174,-203513.0,47885.0,10079896.0,5326.0,5859.0,9587.0,21890000.0,52642000.0,100286000.0,right
284184,96968.0,-531528.0,9967365.0,-8522.0,-2130.0,-1597.0,21890000.0,52642000.0,100286000.0,right
284194,-328015.0,71828.0,10034405.0,-9055.0,-8522.0,-21305.0,21890000.0,52642000.0,100286000.0,right
284204,-89785.0,-296890.0,10193624.0,22371.0,3195.0,-17577.0,21890000.0,52642000.0,100286000.0,right
284214,180767.0,-408223.0,9956591.0,-15446.0,-17577.0,-13316.0,21890000.0,52642000.0,100286000.0,right
284224,-320832.0,178373.0,10143344.0,4261.0,-3728.0,41546.0,21890000.0,52642000.0,100286000.0,right
284234,-7182.0,-155627.0,10099050.0,7989.0,0.0,13316.0,21890000.0,52642000.0,100286000.0,right
284244,68236.0,-442940.0,9879974.0,-20240.0,-8522.0,12783.0,21890000.0,52642000.0,100286000.0,right
284254,-416603.0,141262.0,9947014.0,7457.0,7457.0,-12250.0,21890000.0,52642000.0,100286000.0,right
284264,2394.0,-460897.0,10205596.0,4261.0,1597.0,-37818.0,21890000.0,52642000.0,100286000.0,right
284274,-88588.0,-239427.0,9783006.0,-13316.0,-17044.0,-52199.0,21890000.0,52642000.0,100286000.0,right
284284,-238230.0,22745.0,9869200.0,14381.0,-2130.0,7989.0,21890000.0,52642000.0,100286000.0,right
284294,225061.0,-341184.0,10064333.0,3728.0,-8522.0,31426.0,21890000.0,52642000.0,100286000.0,right
284304,-80208.0,40702.0,9808146.0,-12783.0,-10120.0,41546.0,21890000.0,52642000.0,100286000.0,right
284314,-243018.0,76616.0,10028419.0,11718.0,9587.0,-8522.0,21890000.0,52642000.0,100286000.0,right
284324,49082.0,-538711.0,9818920.0,-10652.0,-1065.0,-11185.0,21890000.0,52642000.0,100286000.0,right
284334,-241821.0,-102953.0,9991308.0,-8522.0,-8522.0,-46873.0,21890000.0,52642000.0,100286000.0,right
284344,-260975.0,-196330.0,10079896.0,16512.0,2130.0,-19175.0,21890000.0,52642000.0,100286000.0,right
284354,228653.0,-311255.0,9972154.0,-4261.0,-19175.0,-29828.0,21890000.0,52642000.0,100286000.0,right
284364,-229850.0,253793.0,10075108.0,-1065.0,-8522.0,30360.0,21890000.0,52642000.0,100286000.0,right
284374,27534.0,2394.0,10164893.0,8522.0,0.0,5326.0,21890000.0,52642000.0,100286000.0,right
284384,17957.0,-381886.0,10040391.0,-15446.0,0.0,14914.0,21890000.0,52642000.0,100286000.0,right
284394,-277735.0,-4788.0,10095459.0,-2130.0,1065.0,-31958.0,21890000.0,52642000.0,100286000.0,right
284404,-144853.0,-401041.0,10106233.0,12250.0,5326.0,-3728.0,21890000.0,52642000.0,100286000.0,right
284414,22745.0,-341184.0,9974548.0,-13848.0,-19707.0,-41013.0,21890000.0,52642000.0,100286000.0,right
284424,-252595.0,29928.0,9990111.0,7989.0,-7989.0,-3195.0,21890000.0,52642000.0,100286000.0,right
284434,135276.0,-268158.0,10132570.0,10652.0,-3195.0,23969.0,21890000.0,52642000.0,100286000.0,right
284444,9577.0,-74222.0,9891946.0,-15979.0,-11718.0,43677.0,21890000.0,52642000.0,100286000.0,right
284455,-306467.0,89785.0,9925465.0,6924.0,7989.0,0.0,21890000.0,52642000.0,100286000.0,right
284464,-8379.0,-511177.0,10127782.0,-3728.0,2663.0,-12250.0,21840000.0,52690000.0,100286000.0,right
284474,-148445.0,-217879.0,9824906.0,-17044.0,-14381.0,-38350.0,21840000.0,52690000.0,100286000.0,right
284484,-331607.0,-73025.0,9876383.0,27697.0,4261.0,-40481.0,21840000.0,52690000.0,100286000.0,right
284494,250201.0,-355549.0,9845257.0,-5326.0,-15979.0,-34622.0,21840000.0,52690000.0,100286000.0,right
284505,-25139.0,47885.0,10008068.0,-9587.0,-12783.0,39415.0,21840000.0,52690000.0,100286000.0,right
284514,-225061.0,113728.0,9967365.0,9587.0,7457.0,40481.0,21840000.0,52690000.0,100286000.0,right
284524,102953.0,-385478.0,9945817.0,-9587.0,-1597.0,6924.0,21840000.0,52690000.0,100286000.0,right
284534,-211893.0,-43096.0,9973351.0,-8522.0,-6391.0,-19175.0,21840000.0,52690000.0,100286000.0,right
284544,-271750.0,-183162.0,10128979.0,17044.0,6924.0,-9587.0,21840000.0,52690000.0,100286000.0,right
284555,105348.0,-380689.0,9974548.0,-13316.0,-16512.0,-47405.0,21840000.0,52690000.0,100286000.0,right
284564,-172387.0,108939.0,10082290.0,4261.0,-11185.0,-17577.0,21840000.0,52690000.0,100286000.0,right
284574,-49082.0,-148445.0,10108627.0,15446.0,532.0,14914.0,21840000.0,52690000.0,100286000.0,right
284584,112530.0,-271750.0,9962577.0,-14914.0,-9587.0,46873.0,21840000.0,52690000.0,100286000.0,right
284594,-335198.0,152036.0,10099050.0,-2663.0,2663.0,24501.0,21840000.0,52690000.0,100286000.0,right
284605,-101756.0,-387872.0,9998491.0,4793.0,5859.0,-21838.0,21840000.0,52690000.0,100286000.0,right
284614,50279.0,-436955.0,9907508.0,-18110.0,-14381.0,-28230.0,21840000.0,52690000.0,100286000.0,right
284625,-413012.0,43096.0,9987717.0,17577.0,1065.0,-22903.0,21840000.0,52690000.0,100286000.0,right
284635,100559.0,-276538.0,10273832.0,4261.0,-9055.0,-29295.0,21840000.0,52690000.0,100286000.0,right
284645,39505.0,-132882.0,9779415.0,-11718.0,-15979.0,19707.0,21840000.0,52690000.0,100286000.0,right
284655,-268158.0,93376.0,9950605.0,5859.0,2663.0,29828.0,21840000.0,52690000.0,100286000.0,right
284665,55068.0,-368718.0,10196018.0,1065.0,2663.0,18110.0,21840000.0,52690000.0,100286000.0,right
284675,-105348.0,-175979.0,9853637.0,-17577.0,-9055.0,-3195.0,21840000.0,52690000.0,100286000.0,right
284685,-422589.0,-77813.0,9993702.0,11185.0,5859.0,-21838.0,21840000.0,52690000.0,100286000.0,right
284695,111333.0,-475263.0,9763852.0,-3195.0,-10120.0,-64983.0,21840000.0,52690000.0,100286000.0,right
284705,-67039.0,34716.0,10020039.0,-2130.0,-15446.0,-58591.0,21840000.0,52690000.0,100286000.0,right
284715,-164007.0,19154.0,10012856.0,14381.0,1597.0,-16512.0,21840000.0,52690000.0,100286000.0,right
284725,229850.0,-298087.0,9926663.0,-10652.0,-9055.0,27697.0,21840000.0,52690000.0,100286000.0,right
284735,-161613.0,45491.0,10018842.0,-11718.0,-3728.0,45807.0,21840000.0,52690000.0,100286000.0,right
284745,-305270.0,-137670.0,10161301.0,13316.0,11185.0,21305.0,21840000.0,52690000.0,100286000.0,right
284755,57462.0,-417800.0,9933845.0,-16512.0,-15446.0,-31426.0,21840000.0,52690000.0,100286000.0,right
284765,-323227.0,-37111.0,10099050.0,10652.0,-4261.0,-72972.0,21840000.0,52690000.0,100286000.0,right
284775,22745.0,-251398.0,10120599.0,10652.0,-5859.0,-29828.0,21840000.0,52690000.0,100286000.0,right
284785,159219.0,-259778.0,10039193.0,-12250.0,-15979.0,41546.0,21840000.0,52690000.0,100286000.0,right
284795,-307664.0,168796.0,10071516.0,532.0,0.0,49536.0,21840000.0,52690000.0,100286000.0,right
284805,-14365.0,-260975.0,10028419.0,4793.0,4793.0,-11718.0,21840000.0,52690000.0,100286000.0,right
284815,-80208.0,-328015.0,9988914.0,-17044.0,-6924.0,-17044.0,21840000.0,52690000.0,100286000.0,right
284825,-423786.0,10774.0,9919480.0,11718.0,3728.0,-52199.0,21840000.0,52690000.0,100286000.0,right
284835,124502.0,-509980.0,10142147.0,2663.0,-8522.0,-20240.0,21840000.0,52690000.0,100286000.0,right
284845,124502.0,-509980.0,10142147.0,2663.0,-8522.0,-20240.0,21840000.0,52690000.0,100286000.0,right
284855,63448.0,-180767.0,9720755.0,-7457.0,-22903.0,7457.0,21840000.0,52690000.0,100286000.0,right
284865,-131685.0,116122.0,9975745.0,13848.0,0.0,42079.0,21840000.0,52690000.0,100286000.0,right
284875,175979.0,-277735.0,9999688.0,-6391.0,-532.0,64450.0,21840000.0,52690000.0,100286000.0,right
284885,-298087.0,0.0,9756669.0,-21838.0,-1065.0,41013.0,21840000.0,52690000.0,100286000.0,right
284895,-367521.0,-107742.0,10015251.0,15446.0,7457.0,-72972.0,21840000.0,52690000.0,100286000.0,right
284906,118516.0,-585400.0,9877580.0,-7457.0,-12783.0,-42611.0,21840000.0,52690000.0,100286000.0,right
284915,-270553.0,-29928.0,9938634.0,532.0,-14381.0,-33024.0,21840000.0,52690000.0,100286000.0,right
284925,-521951.0,-518360.0,10049968.0,22371.0,-7457.0,-21305.0,21840000.0,52690000.0,100286000.0,right
284935,-454912.0,-956512.0,10036799.0,17044.0,-47938.0,14914.0,21840000.0,52690000.0,100286000.0,right
284945,-454912.0,-233441.0,9986519.0,68711.0,-56460.0,49003.0,21840000.0,52690000.0,100286000.0,right
284956,554274.0,-387872.0,10125387.0,45807.0,-74038.0,136357.0,21840000.0,52690000.0,100286000.0,right
284965,511177.0,-594977.0,10063136.0,19707.0,-29828.0,275379.0,21840000.0,52690000.0,100286000.0,right
284975,198724.0,118516.0,9970957.0,-10120.0,6391.0,550758.0,21840000.0,52690000.0,100286000.0,right
284985,189147.0,104150.0,9891946.0,-46340.0,19707.0,815484.0,21840000.0,52690000.0,100286000.0,right
284995,56265.0,262173.0,10047573.0,-92680.0,-532.0,969952.0,21840000.0,52690000.0,100286000.0,right
285006,-199921.0,512374.0,9943422.0,-45807.0,9055.0,777133.0,21840000.0,52690000.0,100286000.0,right
285015,58659.0,-319635.0,10011659.0,-21838.0,18110.0,542768.0,21840000.0,52690000.0,100286000.0,right
285025,-313649.0,98165.0,9955394.0,-6391.0,6391.0,288162.0,21840000.0,52690000.0,100286000.0,right
285035,-75419.0,535120.0,9942225.0,-4793.0,-3195.0,78299.0,21840000.0,52690000.0,100286000.0,right
285045,588991.0,-45491.0,10039193.0,-59123.0,-21305.0,162990.0,21840000.0,52690000.0,100286000.0,right
285055,-260975.0,-403435.0,9917085.0,-31958.0,45807.0,255671.0,21840000.0,52690000.0,100286000.0,right
285065,-1116929.0,-179570.0,10075108.0,-8522.0,34622.0,186426.0,21840000.0,52690000.0,100286000.0,right
285075,-5985.0,196330.0,9862017.0,-47938.0,-38883.0,92148.0,21840000.0,52690000.0,100286000.0,right
285085,-155627.0,210696.0,9847651.0,-2130.0,-6924.0,-56993.0,21840000.0,52690000.0,100286000.0,right
285095,-81405.0,-579414.0,9976942.0,22371.0,-18110.0,-72972.0,21840000.0,52690000.0,100286000.0,right
285106,165204.0,-244216.0,10205596.0,60721.0,-20240.0,12783.0,21840000.0,52690000.0,100286000.0,right
285115,-144853.0,-436955.0,10046376.0,8522.0,-9587.0,-60189.0,21840000.0,52690000.0,100286000.0,right
285125,-124502.0,-129290.0,10108627.0,38883.0,-6924.0,-173643.0,21840000.0,52690000.0,100286000.0,right
285135,300481.0,-20351.0,10069122.0,-22903.0,-39948.0,-185894.0,21840000.0,52690000.0,100286000.0,right
285145,-50279.0,-262173.0,10047573.0,6924.0,10652.0,-221049.0,21840000.0,52690000.0,100286000.0,right
285225,-14365.0,-365126.0,9923071.0,-4793.0,-23436.0,-126770.0,21840000.0,52690000.0,100286000.0,right
285236,-39505.0,144853.0,10016448.0,11718.0,-12783.0,-108127.0,21840000.0,52690000.0,100286000.0,right
285246,201119.0,-464489.0,9960182.0,1065.0,-11185.0,-10120.0,21840000.0,52690000.0,100286000.0,right
285256,-304072.0,-329212.0,9958985.0,-4793.0,-11185.0,-39948.0,21840000.0,52690000.0,100286000.0,right
285266,-392661.0,150839.0,9972154.0,17577.0,-19175.0,-33556.0,21840000.0,52690000.0,100286000.0,right
285276,-111333.0,-477657.0,9948211.0,7989.0,-20240.0,-101203.0,21840000.0,52690000.0,100286000.0,right
285286,319635.0,-140065.0,10015251.0,6391.0,-31426.0,-72440.0,21840000.0,52690000.0,100286000.0,right
285296,-308861.0,-171190.0,9984125.0,21305.0,-6391.0,13848.0,21840000.0,52690000.0,100286000.0,right
285306,56265.0,-450123.0,9996096.0,12250.0,-26632.0,-20240.0,21840000.0,52690000.0,100286000.0,right
285316,23942.0,317241.0,10032011.0,11718.0,-31958.0,-76701.0,21840000.0,52690000.0,100286000.0,right
285326,-173584.0,106545.0,10053559.0,15979.0,-12783.0,-112921.0,21840000.0,52690000.0,100286000.0,right
285336,187950.0,-434560.0,9980534.0,-5326.0,-20240.0,-142749.0,21840000.0,52690000.0,100286000.0,right
285346,116122.0,159219.0,10085882.0,-1597.0,-14381.0,-92148.0,21840000.0,52690000.0,100286000.0,right
285356,-396252.0,-328015.0,9979337.0,6391.0,11185.0,0.0,21840000.0,52690000.0,100286000.0,right
285366,-112530.0,-464489.0,9931451.0,532.0,-16512.0,-14914.0,21840000.0,52690000.0,100286000.0,right
285376,-117319.0,247807.0,10029616.0,12250.0,-23969.0,-78299.0,21840000.0,52690000.0,100286000.0,right
285386,-156824.0,-216681.0,10040391.0,15979.0,-11185.0,-93213.0,21840000.0,52690000.0,100286000.0,right
285396,409420.0,-360338.0,10024828.0,-532.0,-29295.0,-26632.0,21840000.0,52690000.0,100286000.0,right
285536,216681.0,-652439.0,9994899.0,-12250.0,-22371.0,1597.0,21810000.0,52768000.0,100286000.0,right
285546,-253793.0,-74222.0,9956591.0,-532.0,-12250.0,-71374.0,21810000.0,52768000.0,100286000.0,right
285556,-136473.0,92179.0,10073910.0,11718.0,-11185.0,2130.0,21810000.0,52768000.0,100286000.0,right
285566,99362.0,-389069.0,9986519.0,-9055.0,-26632.0,101735.0,21810000.0,52768000.0,100286000.0,right
285576,-150839.0,140065.0,10053559.0,7989.0,-10652.0,-63385.0,21810000.0,52768000.0,100286000.0,right
285586,8379.0,9577.0,9975745.0,-12250.0,-7457.0,-53797.0,21810000.0,52768000.0,100286000.0,right
285596,270553.0,-490826.0,9996096.0,-20773.0,-13848.0,114519.0,21810000.0,52768000.0,100286000.0,right
285606,-235836.0,119713.0,10005674.0,-3728.0,7989.0,-20773.0,21810000.0,52768000.0,100286000.0,right
285616,-39505.0,-67039.0,10000885.0,-9055.0,8522.0,-5859.0,21810000.0,52768000.0,100286000.0,right
285626,83799.0,-468080.0,9924268.0,-17577.0,0.0,22371.0,21810000.0,52768000.0,100286000.0,right
285636,-93376.0,131685.0,10041588.0,5326.0,17044.0,-52732.0,21810000.0,52768000.0,100286000.0,right
285646,-106545.0,-100559.0,10003279.0,-19175.0,12250.0,4793.0,21810000.0,52768000.0,100286000.0,right
285656,195133.0,-275341.0,9996096.0,-28763.0,-2663.0,71907.0,21810000.0,52768000.0,100286000.0,right
285666,-468080.0,74222.0,10004476.0,-12783.0,14381.0,4261.0,21810000.0,52768000.0,100286000.0,right
285676,289707.0,-168796.0,9981731.0,-13848.0,-3728.0,-13848.0,21810000.0,52768000.0,100286000.0,right
285686,67039.0,-323227.0,9962577.0,-20240.0,2130.0,-40481.0,21810000.0,52768000.0,100286000.0,right
285696,-373506.0,-324424.0,10014054.0,1065.0,18642.0,-58591.0,21810000.0,52768000.0,100286000.0,right
285706,181964.0,-204710.0,9984125.0,-4793.0,-3728.0,-1065.0,21810000.0,52768000.0,100286000.0,right
285716,-277735.0,-283721.0,9968562.0,-12250.0,-10120.0,112388.0,21810000.0,52768000.0,100286000.0,right
285726,-446532.0,110136.0,9975745.0,3728.0,-9587.0,13848.0,21810000.0,52768000.0,100286000.0,right
285736,161613.0,-533923.0,9990111.0,-8522.0,-32491.0,-40481.0,21810000.0,52768000.0,100286000.0,right
285746,-384281.0,-92179.0,9994899.0,1597.0,-31426.0,22903.0,21810000.0,52768000.0,100286000.0,right
285757,-107742.0,-76616.0,10032011.0,13316.0,-33024.0,-10652.0,21810000.0,52768000.0,100286000.0,right
285766,192739.0,-494417.0,9953000.0,3728.0,-39948.0,1065.0,21810000.0,52768000.0,100286000.0,right
285776,-325621.0,-135276.0,9953000.0,10652.0,-29828.0,-17044.0,21810000.0,52768000.0,100286000.0,right
285786,-179570.0,3591.0,9974548.0,16512.0,-34622.0,12250.0,21810000.0,52768000.0,100286000.0,right
285796,88588.0,-654834.0,9948211.0,10652.0,-46340.0,10120.0,21810000.0,52768000.0,100286000.0,right
285807,-418998.0,-95770.0,10008068.0,33556.0,-37818.0,-7457.0,21810000.0,52768000.0,100286000.0,right
285816,222667.0,-282524.0,9997294.0,41013.0,-48471.0,-28763.0,21810000.0,52768000.0,100286000.0,right
285826,-58659.0,-302875.0,9968562.0,37285.0,-49003.0,15446.0,21810000.0,52768000.0,100286000.0,right
285836,-310058.0,231047.0,10040391.0,44209.0,-50068.0,15979.0,21810000.0,52768000.0,100286000.0,right
285846,192739.0,-15562.0,9985322.0,34622.0,-61254.0,1065.0,21810000.0,52768000.0,100286000.0,right
285857,146050.0,-355549.0,9993702.0,20773.0,-61254.0,4793.0,21810000.0,52768000.0,100286000.0,right
285867,-22745.0,185556.0,10042785.0,30893.0,-50601.0,4261.0,21810000.0,52768000.0,100286000.0,right
285877,790110.0,-424983.0,10022434.0,10652.0,-47405.0,47938.0,21810000.0,52768000.0,100286000.0,right
285887,301678.0,-559063.0,10010462.0,6924.0,-17577.0,182165.0,21810000.0,52768000.0,100286000.0,right
285897,-143656.0,64645.0,10012856.0,21838.0,-1065.0,222647.0,21810000.0,52768000.0,100286000.0,right
285907,210696.0,-156824.0,9990111.0,14381.0,-11718.0,237028.0,21810000.0,52768000.0,100286000.0,right
286047,-408223.0,454912.0,10034405.0,-13848.0,31426.0,309468.0,21810000.0,52768000.0,100286000.0,right
286057,-158022.0,537514.0,9907508.0,-3195.0,26099.0,202939.0,21810000.0,52768000.0,100286000.0,right
286067,-318438.0,367521.0,9954197.0,-1597.0,17577.0,78831.0,21810000.0,52768000.0,100286000.0,right
286077,-396252.0,681171.0,10000885.0,4793.0,6924.0,3728.0,21810000.0,52768000.0,100286000.0,right
286087,177176.0,137670.0,9980534.0,-6391.0,-6391.0,-42079.0,21810000.0,52768000.0,100286000.0,right
286097,153233.0,-159219.0,10042785.0,-16512.0,-3728.0,-42611.0,21810000.0,52768000.0,100286000.0,right
286107,-63448.0,181964.0,10036799.0,-10652.0,11185.0,-26632.0,21810000.0,52768000.0,100286000.0,right
286117,408223.0,-337592.0,10071516.0,-24501.0,9587.0,-24501.0,21810000.0,52768000.0,100286000.0,right
286127,10774.0,-89785.0,10035602.0,-27165.0,21838.0,-43144.0,21810000.0,52768000.0,100286000.0,right
286137,-26337.0,162810.0,10222355.0,-28230.0,33024.0,-109725.0,21810000.0,52768000.0,100286000.0,right
286147,7182.0,166402.0,9865609.0,-43144.0,42079.0,-167251.0,21810000.0,52768000.0,100286000.0,right
286157,34716.0,-535120.0,9899128.0,-44742.0,31426.0,-233299.0,21810000.0,52768000.0,100286000.0,right
286167,-31125.0,20351.0,10014054.0,-22903.0,38350.0,-222114.0,21810000.0,52768000.0,100286000.0,right
286177,241821.0,-470474.0,10020039.0,-31426.0,37818.0,-216787.0,21810000.0,52768000.0,100286000.0,right
286187,-494417.0,79011.0,9970957.0,-17044.0,46340.0,-205602.0,21810000.0,52768000.0,100286000.0,right
286197,-113728.0,-101756.0,9960182.0,-6391.0,29295.0,-215722.0,21810000.0,52768000.0,100286000.0,right
286207,76616.0,-556668.0,9966168.0,-17044.0,22371.0,-170447.0,21810000.0,52768000.0,100286000.0,right
286217,-197527.0,-373506.0,10012856.0,-9055.0,34622.0,-139553.0,21810000.0,52768000.0,100286000.0,right
286227,-155627.0,-186753.0,9956591.0,-532.0,38883.0,-78299.0,21810000.0,52768000.0,100286000.0,right
286237,-119713.0,-317241.0,10008068.0,-6924.0,17577.0,-19707.0,21810000.0,52768000.0,100286000.0,right
286247,-490826.0,137670.0,9982928.0,2663.0,9587.0,-84158.0,21810000.0,52768000.0,100286000.0,right
286257,104150.0,-275341.0,9978139.0,-4261.0,-9055.0,-104931.0,21810000.0,52768000.0,100286000.0,right
286267,-113728.0,-363929.0,9920677.0,-6391.0,-15979.0,-55928.0,21810000.0,52768000.0,100286000.0,right
286277,-356746.0,90982.0,10009265.0,7457.0,-19707.0,-79364.0,21810000.0,52768000.0,100286000.0,right
286287,193936.0,-207104.0,10039193.0,1597.0,-34089.0,-87354.0,21810000.0,52768000.0,100286000.0,right
286297,191541.0,-386675.0,10040391.0,0.0,-28763.0,-53797.0,21810000.0,52768000.0,100286000.0,right
286308,-186753.0,51476.0,9996096.0,9587.0,-10120.0,-51666.0,21810000.0,52768000.0,100286000.0,right
286317,391463.0,-428575.0,9961380.0,-2663.0,-13316.0,-24501.0,21810000.0,52768000.0,100286000.0,right
286327,-286115.0,-27534.0,10047573.0,-532.0,-3195.0,3195.0,21810000.0,52768000.0,100286000.0,right
286337,-171190.0,8379.0,10011659.0,4793.0,-5326.0,-52732.0,21810000.0,52768000.0,100286000.0,right
286347,181964.0,-422589.0,9968562.0,-4793.0,-13316.0,-43677.0,21810000.0,52768000.0,100286000.0,right
286357,-187950.0,-235836.0,9957788.0,1065.0,-7457.0,-33556.0,21810000.0,52768000.0,100286000.0,right
286367,-180767.0,19154.0,9980534.0,7457.0,-7457.0,-60721.0,21810000.0,52768000.0,100286000.0,right
286377,189147.0,-450123.0,9990111.0,-2130.0,-15979.0,-34622.0,21810000.0,52768000.0,100286000.0,right
286387,-366324.0,-3591.0,10012856.0,5859.0,-8522.0,-45275.0,21810000.0,52768000.0,100286000.0,right
286397,-1197.0,-26337.0,10054756.0,9055.0,-12783.0,-96942.0,21810000.0,52768000.0,100286000.0,right
286407,220273.0,-391463.0,10041588.0,-3195.0,-14381.0,-60721.0,21810000.0,52768000.0,100286000.0,right
286417,-325621.0,10774.0,9973351.0,7989.0,-4261.0,-58058.0,21810000.0,52768000.0,100286000.0,right
286427,-64645.0,-53871.0,9986519.0,5326.0,-10120.0,-76701.0,21810000.0,52768000.0,100286000.0,right
286437,280130.0,-551880.0,9994899.0,0.0,-15446.0,-70309.0,21810000.0,52768000.0,100286000.0,right
286447,-281327.0,-7182.0,10009265.0,18110.0,-3728.0,-71374.0,21810000.0,52768000.0,100286000.0,right
286458,243018.0,-310058.0,9950605.0,17577.0,-9587.0,-59656.0,21810000.0,52768000.0,100286000.0,right
286467,16759.0,-166402.0,9990111.0,12250.0,-9587.0,9587.0,21780000.0,52796000.0,100286000.0,right
286477,-290904.0,88588.0,10011659.0,17044.0,-3728.0,-33556.0,21780000.0,52796000.0,100286000.0,right
286488,130487.0,-223864.0,9985322.0,3195.0,-19175.0,-20240.0,21780000.0,52796000.0,100286000.0,right
286498,-44294.0,-282524.0,10054756.0,532.0,-20773.0,-10652.0,21780000.0,52796000.0,100286000.0,right
286508,-284918.0,95770.0,9957788.0,9055.0,-17577.0,-31958.0,21780000.0,52796000.0,100286000.0,right
286518,243018.0,-391463.0,9960182.0,-2663.0,-29295.0,-17044.0,21780000.0,52796000.0,100286000.0,right
286528,-238230.0,-44294.0,10034405.0,0.0,-23969.0,-19175.0,21780000.0,52796000.0,100286000.0,right
286538,-28731.0,-25139.0,9986519.0,1065.0,-23969.0,-63385.0,21780000.0,52796000.0,100286000.0,right
286548,263370.0,-402238.0,9996096.0,-8522.0,-26099.0,-33556.0,21780000.0,52796000.0,100286000.0,right
286558,-152036.0,-198724.0,9992505.0,1597.0,-11718.0,-26632.0,21780000.0,52796000.0,100286000.0,right
286568,-122108.0,-5985.0,10030813.0,5326.0,-7457.0,-27165.0,21780000.0,52796000.0,100286000.0,right
286578,256187.0,-420195.0,9966168.0,-4261.0,-10652.0,-7989.0,21780000.0,52796000.0,100286000.0,right
286588,-396252.0,142459.0,10003279.0,3195.0,1597.0,-9587.0,21780000.0,52796000.0,100286000.0,right
286598,286115.0,-83799.0,10028419.0,-4261.0,-6391.0,-35154.0,21780000.0,52796000.0,100286000.0,right
286608,301678.0,-167599.0,10045179.0,-19175.0,532.0,7989.0,21780000.0,52796000.0,100286000.0,right
286618,-130487.0,130487.0,10032011.0,-17044.0,21305.0,-16512.0,21780000.0,52796000.0,100286000.0,right
286628,235836.0,-40702.0,9970957.0,-27697.0,22903.0,-13848.0,21780000.0,52796000.0,100286000.0,right
286638,252595.0,-356746.0,10014054.0,-35687.0,30893.0,5326.0,21780000.0,52796000.0,100286000.0,right
286678,-304072.0,-35914.0,10003279.0,-21305.0,36752.0,-28230.0,21780000.0,52796000.0,100286000.0,right
286688,129290.0,-356746.0,10026025.0,-26099.0,22371.0,-19175.0,21780000.0,52796000.0,100286000.0,right
286698,-68236.0,-347169.0,10048771.0,-22371.0,22903.0,-6391.0,21780000.0,52796000.0,100286000.0,right
286708,-332804.0,4788.0,9976942.0,-15446.0,26099.0,-8522.0,21780000.0,52796000.0,100286000.0,right
286718,174782.0,-602160.0,9958985.0,-25034.0,12783.0,532.0,21780000.0,52796000.0,100286000.0,right
286728,-372309.0,-223864.0,10002082.0,-12783.0,17577.0,10120.0,21780000.0,52796000.0,100286000.0,right
286738,-282524.0,-168796.0,9960182.0,-2130.0,13848.0,-29828.0,21780000.0,52796000.0,100286000.0,right
286748,-20351.0,-496812.0,9955394.0,-2663.0,-1065.0,-4261.0,21780000.0,52796000.0,100286000.0,right
286758,-426180.0,-209499.0,9992505.0,11185.0,-2130.0,-8522.0,21780000.0,52796000.0,100286000.0,right
286768,-289707.0,-69433.0,9975745.0,14914.0,-15446.0,-8522.0,21780000.0,52796000.0,100286000.0,right
286778,79011.0,-462095.0,9960182.0,10120.0,-29828.0,1597.0,21780000.0,52796000.0,100286000.0,right
286788,-339987.0,28731.0,10016448.0,20773.0,-26632.0,532.0,21780000.0,52796000.0,100286000.0,right
286798,-16759.0,-131685.0,9996096.0,17577.0,-33556.0,-11185.0,21780000.0,52796000.0,100286000.0,right
286808,201119.0,-272947.0,10005674.0,10120.0,-38350.0,0.0,21780000.0,52796000.0,100286000.0,right
286818,-239427.0,178373.0,10022434.0,18110.0,-27165.0,-20773.0,21780000.0,52796000.0,100286000.0,right
286828,246610.0,-32322.0,9974548.0,4793.0,-31426.0,-22903.0,21780000.0,52796000.0,100286000.0,right
286838,360338.0,-396252.0,9991308.0,-3195.0,-21838.0,0.0,21780000.0,52796000.0,100286000.0,right
286848,-141262.0,67039.0,10034405.0,4261.0,-3728.0,-1065.0,21780000.0,52796000.0,100286000.0,right
286858,277735.0,-378295.0,9981731.0,-532.0,-3195.0,-10120.0,21780000.0,52796000.0,100286000.0,right
286868,-19154.0,-266961.0,9978139.0,2663.0,2663.0,18642.0,21780000.0,52796000.0,100286000.0,right
286878,-295692.0,25139.0,10023631.0,14381.0,9587.0,-6924.0,21780000.0,52796000.0,100286000.0,right
286888,154430.0,-411815.0,9947014.0,5326.0,-1065.0,-2130.0,21780000.0,52796000.0,100286000.0,right
286898,-257384.0,-249004.0,9997294.0,6924.0,2663.0,13316.0,21780000.0,52796000.0,100286000.0,right
286908,-354352.0,111333.0,9956591.0,10652.0,-4261.0,0.0,21780000.0,52796000.0,100286000.0,right
286918,114925.0,-343578.0,9981731.0,-3728.0,-20773.0,5859.0,21780000.0,52796000.0,100286000.0,right
286928,-187950.0,-68236.0,10016448.0,-2663.0,-18642.0,13848.0,21780000.0,52796000.0,100286000.0,right
286938,-118516.0,51476.0,9997294.0,-6391.0,-15979.0,-4793.0,21780000.0,52796000.0,100286000.0,right
286948,312452.0,-395055.0,9985322.0,-19175.0,-19707.0,-3728.0,21780000.0,52796000.0,100286000.0,right
286958,-226258.0,-29928.0,10016448.0,-9587.0,-3728.0,-10120.0,21780000.0,52796000.0,100286000.0,right
286968,16759.0,-51476.0,10028419.0,-9587.0,-3728.0,-15446.0,21780000.0,52796000.0,100286000.0,right
286978,16759.0,-51476.0,10028419.0,-9587.0,-3728.0,-15446.0,21780000.0,52796000.0,100286000.0,right
286988,320832.0,-374703.0,10035602.0,-18642.0,-2130.0,5859.0,21780000.0,52796000.0,100286000.0,right
286998,-153233.0,92179.0,10008068.0,-11718.0,10120.0,6391.0,21780000.0,52796000.0,100286000.0,right
287008,153233.0,-161613.0,9964971.0,-16512.0,13316.0,-6391.0,21780000.0,52796000.0,100286000.0,right
287018,186753.0,-347169.0,10008068.0,-21305.0,15446.0,18642.0,21780000.0,52796000.0,100286000.0,right
287028,-304072.0,132882.0,10059545.0,-10652.0,27165.0,1597.0,21780000.0,52796000.0,100286000.0,right
287038,178373.0,-294495.0,10039193.0,-15979.0,17577.0,-12250.0,21780000.0,52796000.0,100286000.0,right
287048,-46688.0,-310058.0,10049968.0,-22903.0,17044.0,-2663.0,21780000.0,52796000.0,100286000.0,right
287059,-345972.0,27534.0,9953000.0,-12250.0,18110.0,-6924.0,21780000.0,52796000.0,100286000.0,right
287068,59856.0,-408223.0,9990111.0,-14914.0,6924.0,-11185.0,21780000.0,52796000.0,100286000.0,right
287078,-86193.0,-322029.0,10012856.0,-9055.0,5859.0,2663.0,21780000.0,52796000.0,100286000.0,right
287088,-289707.0,-14365.0,10000885.0,1597.0,11185.0,-15446.0,21780000.0,52796000.0,100286000.0,right
287098,199921.0,-439349.0,9966168.0,-6924.0,-1597.0,-10652.0,21780000.0,52796000.0,100286000.0,right
287109,-152036.0,-338789.0,10012856.0,532.0,5859.0,-7457.0,21780000.0,52796000.0,100286000.0,right
287119,-268158.0,-52674.0,9966168.0,9587.0,7457.0,-21305.0,21780000.0,52796000.0,100286000.0,right
287129,141262.0,-427378.0,9976942.0,2663.0,-2130.0,3195.0,21780000.0,52796000.0,100286000.0,right
287139,-275341.0,-136473.0,10070319.0,4793.0,-532.0,-2663.0,21780000.0,52796000.0,100286000.0,right
287149,-310058.0,-141262.0,9931451.0,15979.0,2663.0,-51134.0,21780000.0,52796000.0,100286000.0,right
287159,148445.0,-128093.0,9991308.0,2130.0,-10120.0,-30893.0,21780000.0,52796000.0,100286000.0,right
287169,-389069.0,-57462.0,9976942.0,-8522.0,-2130.0,-57526.0,21780000.0,52796000.0,100286000.0,right
287179,-196330.0,-144853.0,9962577.0,-7989.0,-4793.0,-153402.0,21780000.0,52796000.0,100286000.0,right
287189,316044.0,-629694.0,9914691.0,-1597.0,-8522.0,-145413.0,21780000.0,52796000.0,100286000.0,right
287199,-44294.0,-517163.0,10065530.0,19175.0,-4793.0,-67646.0,21780000.0,52796000.0,100286000.0,right
287209,-354352.0,168796.0,10035602.0,34622.0,-5859.0,-50601.0,21780000.0,52796000.0,100286000.0,right
287219,-46688.0,-32322.0,10017645.0,21305.0,-24501.0,-79364.0,21780000.0,52796000.0,100286000.0,right
287229,61054.0,-330409.0,10011659.0,8522.0,-31958.0,-74570.0,21780000.0,52796000.0,100286000.0,right
287239,-288510.0,-19154.0,9955394.0,12250.0,-27697.0,-73505.0,21780000.0,52796000.0,100286000.0,right
287249,26337.0,-119713.0,10023631.0,13316.0,-26632.0,-79364.0,21780000.0,52796000.0,100286000.0,right
287259,210696.0,-377098.0,10023631.0,8522.0,-25034.0,-31958.0,21780000.0,52796000.0,100286000.0,right
287269,-161613.0,-93376.0,10033208.0,10652.0,-17044.0,-26099.0,21780000.0,52796000.0,100286000.0,right
287279,-51476.0,44294.0,9981731.0,11718.0,-13848.0,-47405.0,21780000.0,52796000.0,100286000.0,right
287289,317241.0,-233441.0,9980534.0,3728.0,-13848.0,-39948.0,21780000.0,52796000.0,100286000.0,right
287299,113728.0,-278933.0,10024828.0,0.0,-6391.0,-19175.0,21780000.0,52796000.0,100286000.0,right
287309,-208301.0,-41899.0,9981731.0,4261.0,4793.0,-28230.0,21780000.0,52796000.0,100286000.0,right
287319,-141262.0,-144853.0,10027222.0,6391.0,5859.0,-36220.0,21780000.0,52796000.0,100286000.0,right
287329,155627.0,-330409.0,10026025.0,2130.0,-532.0,-21838.0,21780000.0,52796000.0,100286000.0,right
287339,-305270.0,-184359.0,9943422.0,4793.0,4793.0,-4261.0,21780000.0,52796000.0,100286000.0,right
287349,-185556.0,90982.0,10037996.0,7989.0,1065.0,-32491.0,21780000.0,52796000.0,100286000.0,right
287359,154430.0,-186753.0,10026025.0,-532.0,-6391.0,-15446.0,21780000.0,52796000.0,100286000.0,right
287369,26337.0,-360338.0,9925465.0,-6924.0,-7989.0,-9055.0,21780000.0,52796000.0,100286000.0,right
287379,-226258.0,-51476.0,10051165.0,2130.0,0.0,-28763.0,21780000.0,52796000.0,100286000.0,right
287389,10774.0,-62251.0,10006871.0,5326.0,2130.0,-41013.0,21780000.0,52796000.0,100286000.0,right
287399,57462.0,-341184.0,9980534.0,-1065.0,0.0,-20240.0,21780000.0,52796000.0,100286000.0,right
287409,-129290.0,-272947.0,9964971.0,-1065.0,1597.0,-37818.0,21780000.0,52796000.0,100286000.0,right
287419,-95770.0,112530.0,10048771.0,4793.0,1065.0,-31958.0,21780000.0,52796000.0,100286000.0,right
287429,-8379.0,-61054.0,9966168.0,1065.0,5326.0,-21305.0,21780000.0,52796000.0,100286000.0,right
287439,3591.0,-310058.0,10016448.0,-10120.0,10652.0,-69244.0,21780000.0,52796000.0,100286000.0,right
287449,-2394.0,-244216.0,9990111.0,-7989.0,10652.0,-16512.0,21780000.0,52796000.0,100286000.0,right
287459,-95770.0,-44294.0,10003279.0,532.0,18110.0,-11718.0,21780000.0,52796000.0,100286000.0,right
287469,-23942.0,-262173.0,10020039.0,1597.0,19707.0,-59123.0,21740000.0,52862000.0,100276000.0,right
287479,5985.0,-350761.0,10016448.0,-2663.0,19707.0,-59656.0,21740000.0,52862000.0,100276000.0,right
287489,-135276.0,21548.0,9939831.0,-1065.0,21305.0,-54330.0,21740000.0,52862000.0,100276000.0,right
287499,-213090.0,-9577.0,9992505.0,6391.0,23969.0,-90017.0,21740000.0,52862000.0,100276000.0,right
287509,-239427.0,-257384.0,9945817.0,3728.0,20773.0,-70842.0,21740000.0,52862000.0,100276000.0,right
287519,-50279.0,-254990.0,10059545.0,4793.0,9587.0,-85223.0,21740000.0,52862000.0,100276000.0,right
287529,-10774.0,-191541.0,9967365.0,11185.0,6391.0,-110790.0,21740000.0,52862000.0,100276000.0,right
287539,-95770.0,-119713.0,10027222.0,15979.0,12250.0,-109725.0,21740000.0,52862000.0,100276000.0,right
287549,-13168.0,-426180.0,9960182.0,20240.0,6924.0,-49536.0,21740000.0,52862000.0,100276000.0,right
287559,134079.0,-532726.0,10006871.0,16512.0,-532.0,-49536.0,21740000.0,52862000.0,100276000.0,right
287569,-193936.0,-311255.0,9986519.0,27165.0,5326.0,-37285.0,21740000.0,52862000.0,100276000.0,right
287579,-155627.0,167599.0,9976942.0,28763.0,-6924.0,-48471.0,21740000.0,52862000.0,100276000.0,right
287589,-125699.0,105348.0,10033208.0,10652.0,-10120.0,-8522.0,21740000.0,52862000.0,100276000.0,right
287599,-179570.0,92179.0,10045179.0,1065.0,-6924.0,54862.0,21740000.0,52862000.0,100276000.0,right
287610,-56265.0,87391.0,9690826.0,-6924.0,-8522.0,-23436.0,21740000.0,52862000.0,100276000.0,right
287619,-664411.0,-119713.0,9999688.0,6391.0,2663.0,-96409.0,21740000.0,52862000.0,100276000.0,right
287629,-343578.0,-228653.0,10012856.0,22371.0,0.0,-144347.0,21740000.0,52862000.0,100276000.0,right
287639,1051086.0,149642.0,10330098.0,-75103.0,-94278.0,-44742.0,21740000.0,52862000.0,100276000.0,right
287649,328015.0,-116122.0,9848849.0,-68711.0,-39948.0,36752.0,21740000.0,52862000.0,100276000.0,right
287659,-38308.0,-254990.0,9985322.0,30893.0,58591.0,194949.0,21740000.0,52862000.0,100276000.0,right
287669,-190344.0,-283721.0,9961380.0,53797.0,67113.0,161925.0,21740000.0,52862000.0,100276000.0,right
287679,-471672.0,-506389.0,10224750.0,49003.0,48471.0,-11185.0,21740000.0,52862000.0,100276000.0,right
287689,51476.0,-496812.0,9863214.0,-36752.0,-27697.0,-51134.0,21740000.0,52862000.0,100276000.0,right
287699,738633.0,369915.0,10209187.0,-25567.0,-22371.0,1065.0,21740000.0,52862000.0,100276000.0,right
287710,-237033.0,-159219.0,9844060.0,-15446.0,59123.0,-62319.0,21740000.0,52862000.0,100276000.0,right
287719,-694339.0,-586597.0,10000885.0,-532.0,39415.0,33024.0,21740000.0,52862000.0,100276000.0,right
287729,-301678.0,-453715.0,10004476.0,-1065.0,-23969.0,113454.0,21740000.0,52862000.0,100276000.0,right
287740,56265.0,126896.0,10021236.0,5326.0,-33556.0,87886.0,21740000.0,52862000.0,100276000.0,right
287750,55068.0,162810.0,10133767.0,55395.0,9055.0,3195.0,21740000.0,52862000.0,100276000.0,right
287760,101756.0,-146050.0,10030813.0,-29295.0,-3728.0,-68711.0,21740000.0,52862000.0,100276000.0,right
287770,-94573.0,-338789.0,9929057.0,-27697.0,2663.0,-47938.0,21740000.0,52862000.0,100276000.0,right
287780,-154430.0,-251398.0,9741106.0,1065.0,1597.0,-34622.0,21740000.0,52862000.0,100276000.0,right
287790,-244216.0,-126896.0,10235524.0,15446.0,1597.0,4793.0,21740000.0,52862000.0,100276000.0,right
287800,-93376.0,-25139.0,9960182.0,7457.0,-4793.0,37285.0,21740000.0,52862000.0,100276000.0,right
287810,63448.0,-254990.0,9981731.0,-20240.0,-13316.0,52199.0,21740000.0,52862000.0,100276000.0,right
287820,0.0,-246610.0,10070319.0,-9055.0,-5326.0,38883.0,21740000.0,52862000.0,100276000.0,right
287830,-191541.0,-49082.0,9932648.0,25567.0,10120.0,18110.0,21740000.0,52862000.0,100276000.0,right
287840,-183162.0,-185556.0,9821314.0,-19707.0,-7989.0,-35687.0,21740000.0,52862000.0,100276000.0,right
287850,-168796.0,-73025.0,10219961.0,3195.0,-2663.0,-72972.0,21740000.0,52862000.0,100276000.0,right
287860,70631.0,-289707.0,10023631.0,-1065.0,-9055.0,-26099.0,21740000.0,52862000.0,100276000.0,right
287870,-46688.0,-195133.0,9846454.0,0.0,-4793.0,17577.0,21740000.0,52862000.0,100276000.0,right
287880,-149642.0,-160416.0,9985322.0,0.0,2130.0,34622.0,21740000.0,52862000.0,100276000.0,right
287890,-158022.0,-106545.0,9967365.0,-11718.0,-5326.0,19707.0,21740000.0,52862000.0,100276000.0,right
287900,-11971.0,-268158.0,10097853.0,-3728.0,-5859.0,-3728.0,21740000.0,52862000.0,100276000.0,right
287910,-10774.0,-254990.0,10014054.0,-4793.0,-6391.0,-17044.0,21740000.0,52862000.0,100276000.0,right
287920,-181964.0,-89785.0,10041588.0,-1065.0,-3728.0,-18110.0,21740000.0,52862000.0,100276000.0,right
287930,-169993.0,-81405.0,9859623.0,2130.0,-1597.0,-13848.0,21740000.0,52862000.0,100276000.0,right
287940,-84996.0,-126896.0,10084685.0,8522.0,1065.0,-2130.0,21740000.0,52862000.0,100276000.0,right
287950,20351.0,-271750.0,10089473.0,18642.0,2663.0,-14914.0,21740000.0,52862000.0,100276000.0,right
287960,-126896.0,-216681.0,9787795.0,-30360.0,-13848.0,-63917.0,21740000.0,52862000.0,100276000.0,right
287970,-135276.0,3591.0,10157710.0,8522.0,-2663.0,-80962.0,21740000.0,52862000.0,100276000.0,right
287980,-186753.0,-13168.0,9923071.0,15979.0,4793.0,-38350.0,21740000.0,52862000.0,100276000.0,right
287990,-5985.0,-256187.0,10163696.0,-18110.0,-9587.0,-6391.0,21740000.0,52862000.0,100276000.0,right
288000,13168.0,-280130.0,10006871.0,-12250.0,-9587.0,0.0,21740000.0,52862000.0,100276000.0,right
288010,-132882.0,-135276.0,9847651.0,-2130.0,-4793.0,-10120.0,21740000.0,52862000.0,100276000.0,right
288020,-177176.0,-106545.0,10139753.0,10652.0,1597.0,-28230.0,21740000.0,52862000.0,100276000.0,right
288030,-119713.0,-132882.0,9917085.0,17044.0,2130.0,-5326.0,21740000.0,52862000.0,100276000.0,right
288040,-119713.0,-132882.0,9917085.0,17044.0,2130.0,-5326.0,21740000.0,52862000.0,100276000.0,right
288050,100559.0,-227456.0,10016448.0,3195.0,-5859.0,7989.0,21740000.0,52862000.0,100276000.0,right
288060,-69433.0,-305270.0,9895537.0,-36220.0,-18110.0,-6924.0,21740000.0,52862000.0,100276000.0,right
288070,-187950.0,-38308.0,10081093.0,10120.0,1065.0,-25567.0,21740000.0,52862000.0,100276000.0,right
288080,-190344.0,11971.0,9860820.0,2663.0,-2130.0,-9587.0,21740000.0,52862000.0,100276000.0,right
288090,-77813.0,-156824.0,10130176.0,7457.0,532.0,-9587.0,21740000.0,52862000.0,100276000.0,right
288100,47885.0,-268158.0,10034405.0,10120.0,0.0,-10120.0,21740000.0,52862000.0,100276000.0,right
288110,-64645.0,-341184.0,9804555.0,-30360.0,-14381.0,29828.0,21740000.0,52862000.0,100276000.0,right
288120,-144853.0,-100559.0,10042785.0,49003.0,14914.0,-31958.0,21740000.0,52862000.0,100276000.0,right
288130,-126896.0,41899.0,10071516.0,-22371.0,-13316.0,-52199.0,21740000.0,52862000.0,100276000.0,right
288140,-37111.0,-215484.0,10144542.0,-13316.0,-5859.0,-14914.0,21740000.0,52862000.0,100276000.0,right
288150,-53871.0,-324424.0,10000885.0,-1597.0,-4793.0,-14914.0,21740000.0,52862000.0,100276000.0,right
288160,-98165.0,-108939.0,9869200.0,10120.0,-4793.0,-7457.0,21740000.0,52862000.0,100276000.0,right
288170,-74222.0,-209499.0,10106233.0,13316.0,3195.0,-63917.0,21740000.0,52862000.0,100276000.0,right
288180,-155627.0,-80208.0,9974548.0,-18110.0,-4793.0,-112921.0,21740000.0,52862000.0,100276000.0,right
288190,32322.0,-240624.0,10047573.0,-3195.0,-5859.0,-38350.0,21740000.0,52862000.0,100276000.0,right
288200,-61054.0,-158022.0,9875186.0,1065.0,-4793.0,4793.0,21740000.0,52862000.0,100276000.0,right
288210,-119713.0,-56265.0,10029616.0,-12250.0,-9587.0,25567.0,21740000.0,52862000.0,100276000.0,right
288220,-203513.0,-21548.0,9938634.0,17577.0,5326.0,532.0,21740000.0,52862000.0,100276000.0,right
288230,-84996.0,-138867.0,10117007.0,1065.0,-3195.0,-24501.0,21740000.0,52862000.0,100276000.0,right
288240,46688.0,-317241.0,10107430.0,-9055.0,-9055.0,-30893.0,21740000.0,52862000.0,100276000.0,right
288250,-43096.0,-335198.0,9692024.0,-5859.0,-5859.0,532.0,21740000.0,52862000.0,100276000.0,right
288260,-183162.0,-144853.0,10196018.0,22371.0,5326.0,15979.0,21740000.0,52862000.0,100276000.0,right
288270,-89785.0,-62251.0,9939831.0,33024.0,7989.0,-19175.0,21740000.0,52862000.0,100276000.0,right
288280,-140065.0,-142459.0,10119402.0,-44742.0,-19707.0,-90550.0,21740000.0,52862000.0,100276000.0,right
288290,80208.0,-149642.0,10090670.0,-6391.0,-12783.0,-43677.0,21740000.0,52862000.0,100276000.0,right
288300,-86193.0,-204710.0,9891946.0,-9587.0,-7989.0,36752.0,21740000.0,52862000.0,100276000.0,right
288311,-207104.0,-142459.0,9998491.0,23436.0,5859.0,37285.0,21740000.0,52862000.0,100276000.0,right
288320,-49082.0,-58659.0,9964971.0,56460.0,19175.0,21305.0,21740000.0,52862000.0,100276000.0,right
288330,-59856.0,-311255.0,10028419.0,-72972.0,-31958.0,43144.0,21740000.0,52862000.0,100276000.0,right
288340,-15562.0,-405829.0,9889551.0,-10652.0,-11718.0,36752.0,21740000.0,52862000.0,100276000.0,right
288350,-195133.0,-114925.0,10065530.0,43677.0,11718.0,-42079.0,21740000.0,52862000.0,100276000.0,right
288361,-184359.0,0.0,9889551.0,-28230.0,-18110.0,-56460.0,21740000.0,52862000.0,100276000.0,right
288370,-71828.0,-74222.0,10060742.0,7989.0,-1597.0,-29828.0,21740000.0,52862000.0,100276000.0,right
288381,79011.0,-245413.0,10078699.0,30360.0,6391.0,6391.0,21740000.0,52862000.0,100276000.0,right
288391,-104150.0,-263370.0,9883566.0,-39415.0,-17577.0,33024.0,21740000.0,52862000.0,100276000.0,right
288401,-195133.0,-138867.0,10085882.0,-19175.0,-10652.0,6924.0,21740000.0,52862000.0,100276000.0,right
288411,-181964.0,-102953.0,9836877.0,31426.0,7457.0,-28230.0,21740000.0,52862000.0,100276000.0,right
288421,1197.0,-205907.0,10132570.0,28230.0,3195.0,0.0,21740000.0,52862000.0,100276000.0,right
288431,-34716.0,-306467.0,10094262.0,-42079.0,-21305.0,20773.0,21740000.0,52862000.0,100276000.0,right
288441,-58659.0,-192739.0,9720755.0,-13848.0,-11185.0,12783.0,21740000.0,52862000.0,100276000.0,right
288451,-168796.0,-39505.0,10166090.0,28230.0,5859.0,-532.0,21740000.0,52862000.0,100276000.0,right
288461,-113728.0,-39505.0,9862017.0,10652.0,1065.0,15446.0,21740000.0,52862000.0,100276000.0,right
288471,-69433.0,-204710.0,10228341.0,-25567.0,-12250.0,13848.0,21700000.0,52930000.0,100276000.0,right
288481,-9577.0,-247807.0,10024828.0,-2130.0,-6391.0,16512.0,21700000.0,52930000.0,100276000.0,right
288491,-99362.0,-69433.0,9834483.0,20240.0,3195.0,16512.0,21700000.0,52930000.0,100276000.0,right
288501,-161613.0,-137670.0,10169681.0,-29828.0,-14914.0,7457.0,21700000.0,52930000.0,100276000.0,right
288511,-138867.0,-62251.0,9967365.0,20773.0,6391.0,-9055.0,21700000.0,52930000.0,100276000.0,right
288521,32322.0,-287312.0,9999688.0,9587.0,1065.0,-2130.0,21700000.0,52930000.0,100276000.0,right
288531,-19154.0,-369915.0,9976942.0,-33556.0,-16512.0,17577.0,21700000.0,52930000.0,100276000.0,right
288541,-158022.0,-64645.0,9945817.0,10120.0,-3195.0,7989.0,21700000.0,52930000.0,100276000.0,right
288551,-134079.0,-73025.0,10099050.0,9055.0,0.0,26632.0,21700000.0,52930000.0,100276000.0,right
288561,-119713.0,-92179.0,10006871.0,-14914.0,-7457.0,18642.0,21700000.0,52930000.0,100276000.0,right
288571,-39505.0,-259778.0,9998491.0,-4793.0,-6391.0,7989.0,21700000.0,52930000.0,100276000.0,right
288581,14365.0,-296890.0,9982928.0,-6391.0,-11718.0,-1597.0,21700000.0,52930000.0,100276000.0,right
288591,-156824.0,14365.0,10040391.0,13316.0,-2130.0,-2663.0,21700000.0,52930000.0,100276000.0,right
288601,-134079.0,-87391.0,9908705.0,5859.0,2130.0,21305.0,21700000.0,52930000.0,100276000.0,right
288611,-70631.0,-165204.0,10172076.0,11718.0,3728.0,28230.0,21700000.0,52930000.0,100276000.0,right
288621,-64645.0,-368718.0,9991308.0,-25567.0,-12783.0,35687.0,21700000.0,52930000.0,100276000.0,right
288631,-87391.0,-197527.0,9712375.0,-12783.0,-12250.0,13848.0,21700000.0,52930000.0,100276000.0,right
288641,-179570.0,-71828.0,10151724.0,5326.0,-4793.0,-22371.0,21700000.0,52930000.0,100276000.0,right
288651,-63448.0,-57462.0,9842863.0,13848.0,1065.0,-26632.0,21700000.0,52930000.0,100276000.0,right
288661,29928.0,-272947.0,10175667.0,4261.0,532.0,12783.0,21700000.0,52930000.0,100276000.0,right
288671,27534.0,-396252.0,9914691.0,12250.0,2663.0,27697.0,21700000.0,52930000.0,100276000.0,right
288681,-102953.0,-247807.0,9850046.0,-47405.0,-18642.0,-18642.0,21700000.0,52930000.0,100276000.0,right
288691,-271750.0,10774.0,10166090.0,13848.0,1597.0,-42079.0,21700000.0,52930000.0,100276000.0,right
288701,-86193.0,-90982.0,9914691.0,3195.0,-3195.0,10120.0,21700000.0,52930000.0,100276000.0,right
288711,-25139.0,-232244.0,10173273.0,-3195.0,-5326.0,66581.0,21700000.0,52930000.0,100276000.0,right
288721,23942.0,-268158.0,9980534.0,-5859.0,-7457.0,60721.0,21700000.0,52930000.0,100276000.0,right
288731,-104150.0,-189147.0,9890748.0,-9055.0,-6924.0,72972.0,21700000.0,52930000.0,100276000.0,right
288741,-254990.0,-55068.0,10065530.0,11185.0,1065.0,64450.0,21700000.0,52930000.0,100276000.0,right
288751,-96968.0,-152036.0,9893143.0,6391.0,0.0,2130.0,21700000.0,52930000.0,100276000.0,right
288761,-7182.0,-239427.0,10085882.0,-11185.0,-8522.0,-78299.0,21700000.0,52930000.0,100276000.0,right
288771,70631.0,-256187.0,9912297.0,20240.0,-3195.0,2663.0,21700000.0,52930000.0,100276000.0,right
288781,-155627.0,-155627.0,10006871.0,-9587.0,-7457.0,68711.0,21700000.0,52930000.0,100276000.0,right
288791,-229850.0,-26337.0,9891946.0,-30360.0,-13848.0,49003.0,21700000.0,52930000.0,100276000.0,right
288801,-110136.0,-84996.0,10047573.0,24501.0,5859.0,0.0,21700000.0,52930000.0,100276000.0,right
288811,-7182.0,-269355.0,10079896.0,22903.0,2663.0,33024.0,21700000.0,52930000.0,100276000.0,right
288821,-69433.0,-301678.0,9878777.0,-38350.0,-20240.0,42079.0,21700000.0,52930000.0,100276000.0,right
288831,-221470.0,44294.0,10043982.0,-6391.0,-6391.0,25567.0,21700000.0,52930000.0,100276000.0,right
288841,-228653.0,25139.0,9943422.0,32491.0,10652.0,17577.0,21700000.0,52930000.0,100276000.0,right
288851,-5985.0,-221470.0,10212778.0,-12250.0,-10120.0,5859.0,21700000.0,52930000.0,100276000.0,right
288861,39505.0,-391463.0,10016448.0,-30893.0,-18642.0,-4793.0,21700000.0,52930000.0,100276000.0,right
288871,-113728.0,-168796.0,9755472.0,5859.0,-1597.0,6391.0,21700000.0,52930000.0,100276000.0,right
288881,-208301.0,-1197.0,10186441.0,2130.0,-4261.0,26099.0,21700000.0,52930000.0,100276000.0,right
288891,-98165.0,-45491.0,9877580.0,3728.0,-3195.0,24501.0,21700000.0,52930000.0,100276000.0,right
288901,45491.0,-238230.0,10187638.0,-3728.0,-2663.0,8522.0,21700000.0,52930000.0,100276000.0,right
288911,-8379.0,-368718.0,9958985.0,-9055.0,-5859.0,20773.0,21700000.0,52930000.0,100276000.0,right
288921,-128093.0,-238230.0,9828497.0,-6391.0,-6391.0,37285.0,21700000.0,52930000.0,100276000.0,right
288931,-180767.0,-3591.0,10240313.0,15446.0,0.0,22903.0,21700000.0,52930000.0,100276000.0,right
288941,-124502.0,-19154.0,9905114.0,7989.0,-2130.0,-532.0,21700000.0,52930000.0,100276000.0,right
288951,41899.0,-298087.0,10027222.0,12250.0,3728.0,-3728.0,21700000.0,52930000.0,100276000.0,right
288961,-29928.0,-325621.0,9992505.0,-35687.0,-15446.0,-1065.0,21700000.0,52930000.0,100276000.0,right
288971,-210696.0,-49082.0,10015251.0,3195.0,-4261.0,6924.0,21700000.0,52930000.0,100276000.0,right
288982,-135276.0,-101756.0,10042785.0,13316.0,1597.0,26632.0,21700000.0,52930000.0,100276000.0,right
288992,-92179.0,-136473.0,10008068.0,-8522.0,-8522.0,17577.0,21700000.0,52930000.0,100276000.0,right
289002,65842.0,-215484.0,10024828.0,20773.0,1597.0,17044.0,21700000.0,52930000.0,100276000.0,right
289012,-80208.0,-317241.0,9857229.0,-37818.0,-17044.0,26099.0,21700000.0,52930000.0,100276000.0,right
289022,-241821.0,-49082.0,10011659.0,7989.0,-532.0,11185.0,21700000.0,52930000.0,100276000.0,right
289032,-148445.0,-35914.0,9879974.0,24501.0,6391.0,12250.0,21700000.0,52930000.0,100276000.0,right
289042,-125699.0,-205907.0,10291789.0,-31426.0,-17577.0,28230.0,21700000.0,52930000.0,100276000.0,right
289052,99362.0,-351958.0,9976942.0,-4793.0,-11185.0,26632.0,21700000.0,52930000.0,100276000.0,right
289062,-100559.0,-135276.0,9778217.0,15979.0,532.0,16512.0,21700000.0,52930000.0,100276000.0,right
289072,-131685.0,-132882.0,10133767.0,-5326.0,-4261.0,17044.0,21700000.0,52930000.0,100276000.0,right
289082,-189147.0,-49082.0,9891946.0,2130.0,1065.0,11185.0,21700000.0,52930000.0,100276000.0,right
289092,29928.0,-232244.0,10198413.0,21838.0,2130.0,31426.0,21700000.0,52930000.0,100276000.0,right
289102,29928.0,-232244.0,10198413.0,21838.0,2130.0,31426.0,21700000.0,52930000.0,100276000.0,right
289112,7182.0,-381886.0,9973351.0,-40481.0,-21838.0,39415.0,21700000.0,52930000.0,100276000.0,right
289122,-129290.0,-74222.0,9896734.0,12250.0,-1065.0,36220.0,21700000.0,52930000.0,100276000.0,right
289132,-165204.0,-183162.0,10039193.0,-2663.0,-3195.0,20240.0,21700000.0,52930000.0,100276000.0,right
289142,-138867.0,-39505.0,9966168.0,-1597.0,-2130.0,17577.0,21700000.0,52930000.0,100276000.0,right
289152,-3591.0,-204710.0,10149330.0,29295.0,6924.0,41013.0,21700000.0,52930000.0,100276000.0,right
289162,-41899.0,-402238.0,9932648.0,-41546.0,-20773.0,50068.0,21700000.0,52930000.0,100276000.0,right
289172,-120910.0,-82602.0,9935042.0,-17577.0,-15979.0,44742.0,21700000.0,52930000.0,100276000.0,right
289182,-129290.0,-45491.0,10139753.0,22371.0,3728.0,11185.0,21700000.0,52930000.0,100276000.0,right
289192,-58659.0,-130487.0,9950605.0,13848.0,3195.0,25567.0,21700000.0,52930000.0,100276000.0,right
289202,61054.0,-300481.0,9956591.0,3728.0,-1597.0,45275.0,21700000.0,52930000.0,100276000.0,right
289212,-98165.0,-271750.0,9963774.0,-44742.0,-20773.0,35687.0,21700000.0,52930000.0,100276000.0,right
289222,-183162.0,-29928.0,10015251.0,14914.0,-1597.0,25034.0,21700000.0,52930000.0,100276000.0,right
289232,-95770.0,-80208.0,9955394.0,-2663.0,-6391.0,48471.0,21700000.0,52930000.0,100276000.0,right
289242,-61054.0,-141262.0,10088276.0,3195.0,-2130.0,39415.0,21700000.0,52930000.0,100276000.0,right
289252,23942.0,-269355.0,10009265.0,31958.0,9055.0,37818.0,21700000.0,52930000.0,100276000.0,right
289262,-79011.0,-244216.0,9864411.0,-41013.0,-17577.0,39415.0,21700000.0,52930000.0,100276000.0,right
289272,-246610.0,-27534.0,10057150.0,-15446.0,-8522.0,55395.0,21700000.0,52930000.0,100276000.0,right
289282,-128093.0,-29928.0,9860820.0,3728.0,-2130.0,42611.0,21700000.0,52930000.0,100276000.0,right
289292,-87391.0,-227456.0,10252284.0,7989.0,0.0,33024.0,21700000.0,52930000.0,100276000.0,right
289302,51476.0,-341184.0,9935042.0,12250.0,-4261.0,30893.0,21700000.0,52930000.0,100276000.0,right
289312,-77813.0,-272947.0,9803357.0,-30360.0,-15979.0,27165.0,21700000.0,52930000.0,100276000.0,right
289322,-150839.0,-45491.0,10222355.0,23436.0,4261.0,30893.0,21700000.0,52930000.0,100276000.0,right
289332,-100559.0,5985.0,9760260.0,41546.0,11185.0,49003.0,21700000.0,52930000.0,100276000.0,right
289342,-41899.0,-208301.0,10198413.0,-61787.0,-28230.0,55928.0,21700000.0,52930000.0,100276000.0,right
289352,63448.0,-391463.0,9929057.0,-7457.0,-7457.0,54862.0,21700000.0,52930000.0,100276000.0,right
289362,-129290.0,-84996.0,9884763.0,22903.0,5326.0,33556.0,21700000.0,52930000.0,100276000.0,right
289372,-141262.0,-178373.0,10137359.0,-4261.0,-3728.0,19175.0,21700000.0,52930000.0,100276000.0,right
289382,-120910.0,-65842.0,9930254.0,-13316.0,-6391.0,13848.0,21700000.0,52930000.0,100276000.0,right
289392,-39505.0,-169993.0,10070319.0,-5859.0,-6924.0,25034.0,21700000.0,52930000.0,100276000.0,right
289402,1197.0,-378295.0,9943422.0,-8522.0,-10120.0,41013.0,21700000.0,52930000.0,100276000.0,right
289412,-134079.0,-71828.0,9958985.0,19175.0,532.0,22371.0,21700000.0,52930000.0,100276000.0,right
289422,-137670.0,-61054.0,10191230.0,9587.0,2130.0,22903.0,21700000.0,52930000.0,100276000.0,right
289432,-89785.0,-120910.0,9871594.0,-22371.0,-11185.0,30893.0,21700000.0,52930000.0,100276000.0,right
289442,-45491.0,-191541.0,10055953.0,-5326.0,-5326.0,47938.0,21700000.0,52930000.0,100276000.0,right
289452,-99362.0,-266961.0,9830892.0,-9587.0,-7989.0,44742.0,21700000.0,52930000.0,100276000.0,right
289463,-123305.0,-118516.0,10072713.0,12250.0,-4261.0,22903.0,21700000.0,52930000.0,100276000.0,right
289472,-104150.0,-62251.0,9963774.0,10652.0,0.0,49536.0,21670000.0,53024000.0,100278000.0,right
289482,-86193.0,-76616.0,10175667.0,-15446.0,-4793.0,62319.0,21670000.0,53024000.0,100278000.0,right
289492,-92179.0,-282524.0,10048771.0,-12250.0,-6391.0,34089.0,21670000.0,53024000.0,100278000.0,right
289502,-81405.0,-247807.0,9773429.0,-4261.0,-9055.0,13316.0,21670000.0,53024000.0,100278000.0,right
289513,-179570.0,-58659.0,10109825.0,7457.0,-4261.0,13316.0,21670000.0,53024000.0,100278000.0,right
289522,-180767.0,-16759.0,9945817.0,28763.0,6924.0,30360.0,21670000.0,53024000.0,100278000.0,right
289532,69433.0,-245413.0,10136162.0,4793.0,-4261.0,37285.0,21670000.0,53024000.0,100278000.0,right
289542,-10774.0,-313649.0,10034405.0,-35687.0,-15446.0,-17577.0,21670000.0,53024000.0,100278000.0,right
289552,-116122.0,-142459.0,9772232.0,-14914.0,-7989.0,-23436.0,21670000.0,53024000.0,100278000.0,right
289562,-226258.0,-76616.0,10175667.0,21838.0,5326.0,-1065.0,21670000.0,53024000.0,100278000.0,right
289572,-131685.0,-39505.0,9828497.0,44209.0,10120.0,47938.0,21670000.0,53024000.0,100278000.0,right
289582,21548.0,-229850.0,10218764.0,-60189.0,-31426.0,73505.0,21670000.0,53024000.0,100278000.0,right
289592,77813.0,-377098.0,9986519.0,-6924.0,-7989.0,70842.0,21670000.0,53024000.0,100278000.0,right
289602,-126896.0,-108939.0,9755472.0,32491.0,10652.0,34622.0,21670000.0,53024000.0,100278000.0,right
289613,-171190.0,-143656.0,10243904.0,-12250.0,-4261.0,14381.0,21670000.0,53024000.0,100278000.0,right
289622,-196330.0,-69433.0,9896734.0,-18642.0,-8522.0,6391.0,21670000.0,53024000.0,100278000.0,right
289633,-39505.0,-243018.0,10118204.0,4793.0,-5326.0,3728.0,21670000.0,53024000.0,100278000.0,right
289643,55068.0,-316044.0,9954197.0,25567.0,1065.0,7457.0,21670000.0,53024000.0,100278000.0,right
289653,-47885.0,-168796.0,9920677.0,-12783.0,-9587.0,45275.0,21670000.0,53024000.0,100278000.0,right
289663,-173584.0,-90982.0,10109825.0,-29295.0,-15446.0,77766.0,21670000.0,53024000.0,100278000.0,right
289673,-122108.0,-33519.0,9949408.0,23969.0,5859.0,49536.0,21670000.0,53024000.0,100278000.0,right
289683,67039.0,-270553.0,10032011.0,41546.0,11718.0,18642.0,21670000.0,53024000.0,100278000.0,right
289693,-147247.0,-302875.0,10005674.0,-51666.0,-21838.0,-20240.0,21670000.0,53024000.0,100278000.0,right
289703,-119713.0,-118516.0,10069122.0,-30893.0,-18110.0,13848.0,21670000.0,53024000.0,100278000.0,right
289713,-154430.0,-63448.0,9944620.0,43144.0,14381.0,38883.0,21670000.0,53024000.0,100278000.0,right
289723,-101756.0,-126896.0,9911100.0,17044.0,1597.0,45275.0,21670000.0,53024000.0,100278000.0,right
289733,-14365.0,-271750.0,10061939.0,-45275.0,-23436.0,45807.0,21670000.0,53024000.0,100278000.0,right
289743,17957.0,-302875.0,9804555.0,-13316.0,-10120.0,39948.0,21670000.0,53024000.0,100278000.0,right
289753,-247807.0,-70631.0,10033208.0,29295.0,8522.0,26632.0,21670000.0,53024000.0,100278000.0,right
289763,-193936.0,5985.0,9891946.0,19175.0,5326.0,39415.0,21670000.0,53024000.0,100278000.0,right
289773,-118516.0,-165204.0,10184047.0,-42079.0,-19707.0,54330.0,21670000.0,53024000.0,100278000.0,right
289783,102953.0,-266961.0,10105036.0,-5326.0,-11185.0,53797.0,21670000.0,53024000.0,100278000.0,right
289793,-26337.0,-284918.0,9686038.0,-4261.0,-4793.0,62852.0,21670000.0,53024000.0,100278000.0,right
289803,-118516.0,-129290.0,10091867.0,58591.0,22371.0,35687.0,21670000.0,53024000.0,100278000.0,right
289813,-96968.0,-53871.0,9887157.0,-51134.0,-22371.0,21838.0,21670000.0,53024000.0,100278000.0,right
289823,-177176.0,-87391.0,10290592.0,-7457.0,-1597.0,-34622.0,21670000.0,53024000.0,100278000.0,right
289833,88588.0,-271750.0,10021236.0,-2130.0,-8522.0,-28230.0,21670000.0,53024000.0,100278000.0,right
289843,-119713.0,-122108.0,9765049.0,6924.0,-1065.0,41546.0,21670000.0,53024000.0,100278000.0,right
289853,-201119.0,-79011.0,10215173.0,-9055.0,-7989.0,68178.0,21670000.0,53024000.0,100278000.0,right
289863,-146050.0,-98165.0,9917085.0,16512.0,3195.0,57526.0,21670000.0,53024000.0,100278000.0,right
289873,41899.0,-223864.0,10185244.0,35687.0,9055.0,63385.0,21670000.0,53024000.0,100278000.0,right
289883,-61054.0,-356746.0,9974548.0,-56993.0,-23436.0,-5326.0,21670000.0,53024000.0,100278000.0,right
289893,-89785.0,-89785.0,9803357.0,-11718.0,-10652.0,-10120.0,21670000.0,53024000.0,100278000.0,right
289903,-192739.0,-114925.0,10203201.0,0.0,-4793.0,12783.0,21670000.0,53024000.0,100278000.0,right
289913,-93376.0,-16759.0,9984125.0,23969.0,7457.0,36752.0,21670000.0,53024000.0,100278000.0,right
289923,-39505.0,-260975.0,10045179.0,18110.0,4793.0,41546.0,21670000.0,53024000.0,100278000.0,right
289933,-3591.0,-373506.0,9979337.0,-43677.0,-22903.0,21838.0,21670000.0,53024000.0,100278000.0,right
289943,-147247.0,-123305.0,9923071.0,11185.0,-4793.0,20773.0,21670000.0,53024000.0,100278000.0,right
289953,-162810.0,3591.0,10199610.0,47938.0,15446.0,50068.0,21670000.0,53024000.0,100278000.0,right
289963,-75419.0,-59856.0,9964971.0,-51666.0,-25034.0,64450.0,21670000.0,53024000.0,100278000.0,right
289973,52674.0,-319635.0,10095459.0,29828.0,6924.0,66048.0,21670000.0,53024000.0,100278000.0,right
289983,-193936.0,-310058.0,10024828.0,-36752.0,-13316.0,-36752.0,21670000.0,53024000.0,100278000.0,right
289993,-134079.0,-49082.0,9953000.0,-20240.0,-17044.0,-19707.0,21670000.0,53024000.0,100278000.0,right
290003,-110136.0,-37111.0,9838074.0,30360.0,7457.0,17044.0,21670000.0,53024000.0,100278000.0,right
290013,-76616.0,-141262.0,10160104.0,11185.0,1597.0,56993.0,21670000.0,53024000.0,100278000.0,right
290023,79011.0,-357944.0,9993702.0,-30360.0,-17044.0,51666.0,21670000.0,53024000.0,100278000.0,right
290033,-100559.0,-225061.0,9777020.0,-11718.0,-7457.0,39948.0,21670000.0,53024000.0,100278000.0,right
290043,-197527.0,-82602.0,10185244.0,1597.0,-3195.0,30360.0,21670000.0,53024000.0,100278000.0,right
290053,-118516.0,-56265.0,9790189.0,16512.0,3195.0,34622.0,21670000.0,53024000.0,100278000.0,right
290063,-44294.0,-201119.0,10212778.0,16512.0,3195.0,36752.0,21670000.0,53024000.0,100278000.0,right
290073,-3591.0,-421392.0,10042785.0,-29295.0,-14914.0,40481.0,21670000.0,53024000.0,100278000.0,right
290083,-69433.0,-187950.0,9713572.0,-14914.0,-14381.0,49003.0,21670000.0,53024000.0,100278000.0,right
290093,-180767.0,-4788.0,10235524.0,10120.0,-2130.0,22903.0,21670000.0,53024000.0,100278000.0,right
290103,-92179.0,-113728.0,9895537.0,6924.0,0.0,12250.0,21670000.0,53024000.0,100278000.0,right
290113,13168.0,-227456.0,10137359.0,1597.0,-2663.0,18642.0,21670000.0,53024000.0,100278000.0,right
290123,-70631.0,-329212.0,9978139.0,-17044.0,-10120.0,15979.0,21670000.0,53024000.0,100278000.0,right
290133,-94573.0,-82602.0,9884763.0,14914.0,-2130.0,33024.0,21670000.0,53024000.0,100278000.0,right
290143,-164007.0,-34716.0,10216370.0,15979.0,5326.0,36752.0,21670000.0,53024000.0,100278000.0,right
290153,-162810.0,-134079.0,9936240.0,-43144.0,-17577.0,37818.0,21670000.0,53024000.0,100278000.0,right
290163,-162810.0,-134079.0,9936240.0,-43144.0,-17577.0,37818.0,21670000.0,53024000.0,100278000.0,right
290173,31125.0,-274144.0,10041588.0,7457.0,-5326.0,46340.0,21670000.0,53024000.0,100278000.0,right
290183,-15562.0,-272947.0,9810540.0,23969.0,2663.0,6924.0,21670000.0,53024000.0,100278000.0,right
290193,-160416.0,-228653.0,10115810.0,-17577.0,-8522.0,-17577.0,21670000.0,53024000.0,100278000.0,right
290203,-167599.0,-15562.0,9924268.0,-17044.0,-10120.0,-13316.0,21670000.0,53024000.0,100278000.0,right
290213,-136473.0,-96968.0,10076305.0,15979.0,4261.0,-15979.0,21670000.0,53024000.0,100278000.0,right
290223,25139.0,-287312.0,10003279.0,-6391.0,-7457.0,10652.0,21670000.0,53024000.0,100278000.0,right
290234,28731.0,-217879.0,9836877.0,10652.0,-3195.0,47405.0,21670000.0,53024000.0,100278000.0,right
290243,-181964.0,-217879.0,10101445.0,-9587.0,-6391.0,39948.0,21670000.0,53024000.0,100278000.0,right
290254,-148445.0,-34716.0,9803357.0,-6924.0,-5326.0,33024.0,21670000.0,53024000.0,100278000.0,right
290264,-40702.0,-179570.0,10173273.0,1597.0,-3195.0,31426.0,21670000.0,53024000.0,100278000.0,right
290274,-5985.0,-353155.0,9996096.0,-6391.0,-6924.0,22371.0,21670000.0,53024000.0,100278000.0,right
290284,-98165.0,-150839.0,9804555.0,14914.0,-1065.0,5859.0,21670000.0,53024000.0,100278000.0,right
290294,-158022.0,-239427.0,10066728.0,532.0,-2663.0,-37818.0,21670000.0,53024000.0,100278000.0,right
290304,-159219.0,-23942.0,9923071.0,-12783.0,-6924.0,-42611.0,21670000.0,53024000.0,100278000.0,right
290314,38308.0,-178373.0,10182850.0,2663.0,-3728.0,-1065.0,21670000.0,53024000.0,100278000.0,right
290324,-25139.0,-280130.0,10033208.0,-5326.0,-7989.0,47938.0,21670000.0,53024000.0,100278000.0,right
290334,-71828.0,-178373.0,9778217.0,-3728.0,-10652.0,43144.0,21670000.0,53024000.0,100278000.0,right
290344,-179570.0,-113728.0,10190033.0,10652.0,-532.0,27165.0,21670000.0,53024000.0,100278000.0,right
290354,-83799.0,-75419.0,9944620.0,5859.0,-532.0,31426.0,21670000.0,53024000.0,100278000.0,right
290364,5985.0,-319635.0,10045179.0,-15446.0,-9055.0,29828.0,21670000.0,53024000.0,100278000.0,right
290374,26337.0,-293298.0,9918283.0,10652.0,-3195.0,25034.0,21670000.0,53024000.0,100278000.0,right
290384,-177176.0,-131685.0,9986519.0,-10120.0,-7989.0,37818.0,21670000.0,53024000.0,100278000.0,right
290394,-165204.0,-71828.0,10048771.0,1597.0,-1597.0,40481.0,21670000.0,53024000.0,100278000.0,right
290404,-140065.0,-105348.0,10061939.0,15446.0,2663.0,37285.0,21670000.0,53024000.0,100278000.0,right
290414,50279.0,-276538.0,9943422.0,5326.0,-4793.0,33556.0,21670000.0,53024000.0,100278000.0,right
290424,-34716.0,-353155.0,9981731.0,-42079.0,-23436.0,24501.0,21670000.0,53024000.0,100278000.0,right
290434,-186753.0,25139.0,10023631.0,27697.0,2663.0,-3195.0,21670000.0,53024000.0,100278000.0,right
290444,-129290.0,-81405.0,9941028.0,6391.0,532.0,-21838.0,21670000.0,53024000.0,100278000.0,right
290454,-68236.0,-148445.0,10096656.0,-14914.0,-7457.0,0.0,21670000.0,53024000.0,100278000.0,right
290464,33519.0,-243018.0,10054756.0,-8522.0,-11185.0,35687.0,21670000.0,53024000.0,100278000.0,right
290474,-40702.0,-278933.0,9827300.0,-9587.0,-9587.0,44742.0,21660000.0,53077000.0,100278000.0,right
290484,-191541.0,-65842.0,10139753.0,25034.0,5326.0,28230.0,21660000.0,53077000.0,100278000.0,right
290494,-65842.0,-26337.0,9793780.0,14914.0,3195.0,21838.0,21660000.0,53077000.0,100278000.0,right
290504,-99362.0,-183162.0,10279818.0,-34089.0,-13316.0,52199.0,21660000.0,53077000.0,100278000.0,right
290514,38308.0,-283721.0,10093065.0,-12250.0,-12250.0,44209.0,21660000.0,53077000.0,100278000.0,right
290524,-101756.0,-216681.0,9811737.0,532.0,-3195.0,31958.0,21660000.0,53077000.0,100278000.0,right
290534,-251398.0,-1197.0,10234327.0,6924.0,-532.0,54862.0,21660000.0,53077000.0,100278000.0,right
290544,-105348.0,-94573.0,9847651.0,2130.0,-5859.0,47938.0,21660000.0,53077000.0,100278000.0,right
290554,68236.0,-281327.0,10181653.0,-5859.0,-6924.0,48471.0,21660000.0,53077000.0,100278000.0,right
290564,13168.0,-289707.0,9953000.0,13316.0,532.0,64983.0,21660000.0,53077000.0,100278000.0,right
290574,-162810.0,-167599.0,9925465.0,-22903.0,-10652.0,37818.0,21660000.0,53077000.0,100278000.0,right
290584,-210696.0,-69433.0,10053559.0,17577.0,5859.0,13316.0,21660000.0,53077000.0,100278000.0,right
290594,-134079.0,-107742.0,10015251.0,-5859.0,-5326.0,8522.0,21660000.0,53077000.0,100278000.0,right
290604,43096.0,-293298.0,10020039.0,-16512.0,-14914.0,11185.0,21660000.0,53077000.0,100278000.0,right
290614,29928.0,-237033.0,9914691.0,23969.0,-1597.0,48471.0,21660000.0,53077000.0,100278000.0,right
290624,-156824.0,-201119.0,10075108.0,-12783.0,-9587.0,47938.0,21660000.0,53077000.0,100278000.0,right
290634,-118516.0,9577.0,9860820.0,-12250.0,-6391.0,40481.0,21660000.0,53077000.0,100278000.0,right
290644,-98165.0,-90982.0,10112219.0,4793.0,1065.0,45275.0,21660000.0,53077000.0,100278000.0,right
290654,46688.0,-308861.0,10020039.0,-10652.0,-9055.0,50068.0,21660000.0,53077000.0,100278000.0,right
290664,-29928.0,-308861.0,9835680.0,-6391.0,-7989.0,55395.0,21660000.0,53077000.0,100278000.0,right
290674,-226258.0,-45491.0,10085882.0,6391.0,-1597.0,63385.0,21660000.0,53077000.0,100278000.0,right
290684,-142459.0,-79011.0,9901523.0,8522.0,0.0,59123.0,21660000.0,53077000.0,100278000.0,right
290694,39505.0,-190344.0,10179259.0,13848.0,532.0,53264.0,21660000.0,53077000.0,100278000.0,right
290704,5985.0,-335198.0,10090670.0,-34622.0,-15979.0,61787.0,21660000.0,53077000.0,100278000.0,right
290714,-122108.0,-183162.0,9693221.0,-12250.0,-7457.0,33024.0,21660000.0,53077000.0,100278000.0,right
290724,-211893.0,-43096.0,10204398.0,12250.0,1597.0,17577.0,21660000.0,53077000.0,100278000.0,right
290734,-105348.0,-37111.0,9933845.0,11718.0,1065.0,50068.0,21660000.0,53077000.0,100278000.0,right
290744,88588.0,-259778.0,10071516.0,1065.0,-4261.0,64450.0,21660000.0,53077000.0,100278000.0,right
290754,-53871.0,-336395.0,10058348.0,-33024.0,-12783.0,69244.0,21660000.0,53077000.0,100278000.0,right
290764,-112530.0,-142459.0,9889551.0,1597.0,-4793.0,40481.0,21660000.0,53077000.0,100278000.0,right
290774,-114925.0,-122108.0,10053559.0,40481.0,11185.0,39948.0,21660000.0,53077000.0,100278000.0,right
290784,-53871.0,-155627.0,9857229.0,-30893.0,-14381.0,51134.0,21660000.0,53077000.0,100278000.0,right
290794,-114925.0,-241821.0,10089473.0,-15446.0,-5859.0,-13316.0,21660000.0,53077000.0,100278000.0,right
290804,-50279.0,-217879.0,9887157.0,22371.0,-532.0,5859.0,21660000.0,53077000.0,100278000.0,right
290814,-143656.0,-223864.0,10030813.0,-17044.0,-13316.0,43144.0,21660000.0,53077000.0,100278000.0,right
290824,-160416.0,-75419.0,9978139.0,-5326.0,-8522.0,44742.0,21660000.0,53077000.0,100278000.0,right
290834,-99362.0,-37111.0,9991308.0,12250.0,-532.0,46340.0,21660000.0,53077000.0,100278000.0,right
290844,56265.0,-207104.0,10032011.0,36220.0,7989.0,50601.0,21660000.0,53077000.0,100278000.0,right
290854,-71828.0,-310058.0,9799766.0,-42079.0,-18110.0,52732.0,21660000.0,53077000.0,100278000.0,right
290865,-217879.0,-143656.0,10003279.0,-19175.0,-10652.0,49003.0,21660000.0,53077000.0,100278000.0,right
290875,-102953.0,-88588.0,9953000.0,42611.0,12250.0,-532.0,21660000.0,53077000.0,100278000.0,right
290885,-79011.0,-156824.0,10239115.0,-38350.0,-15446.0,-29828.0,21660000.0,53077000.0,100278000.0,right
290895,16759.0,-244216.0,10009265.0,-6924.0,-9587.0,39948.0,21660000.0,53077000.0,100278000.0,right
290905,-108939.0,-112530.0,9763852.0,18642.0,532.0,40481.0,21660000.0,53077000.0,100278000.0,right
290915,-126896.0,-185556.0,10089473.0,1065.0,-2663.0,60721.0,21660000.0,53077000.0,100278000.0,right
290925,-160416.0,-105348.0,9935042.0,-25567.0,-11185.0,86821.0,21660000.0,53077000.0,100278000.0,right
290935,-19154.0,-238230.0,10131373.0,7457.0,-1065.0,28230.0,21660000.0,53077000.0,100278000.0,right
290945,-25139.0,-314847.0,10016448.0,23969.0,3195.0,22371.0,21660000.0,53077000.0,100278000.0,right
290955,-124502.0,-244216.0,9883566.0,-42079.0,-20240.0,-18642.0,21660000.0,53077000.0,100278000.0,right
290965,-184359.0,-53871.0,10217567.0,21305.0,1065.0,-20240.0,21660000.0,53077000.0,100278000.0,right
290975,-37111.0,-87391.0,9809343.0,6924.0,-3728.0,33556.0,21660000.0,53077000.0,100278000.0,right
290985,10774.0,-263370.0,10034405.0,-15979.0,-10120.0,43677.0,21660000.0,53077000.0,100278000.0,right
290995,-25139.0,-324424.0,9991308.0,-1065.0,-6391.0,56993.0,21660000.0,53077000.0,100278000.0,right
291005,-104150.0,-122108.0,9966168.0,35687.0,9587.0,39948.0,21660000.0,53077000.0,100278000.0,right
291015,-130487.0,-146050.0,10020039.0,-37818.0,-18110.0,-5859.0,21660000.0,53077000.0,100278000.0,right
291025,-191541.0,-59856.0,10052362.0,5859.0,2663.0,-66048.0,21660000.0,53077000.0,100278000.0,right
291035,-13168.0,-231047.0,9976942.0,-4261.0,-7989.0,2663.0,21660000.0,53077000.0,100278000.0,right
291045,1197.0,-371112.0,9859623.0,-12783.0,-13316.0,64983.0,21660000.0,53077000.0,100278000.0,right
291055,-196330.0,-39505.0,10108627.0,28230.0,4793.0,44209.0,21660000.0,53077000.0,100278000.0,right
291065,-110136.0,-59856.0,9927860.0,-532.0,-4261.0,31958.0,21660000.0,53077000.0,100278000.0,right
291075,0.0,-169993.0,10152921.0,-13316.0,-7457.0,54862.0,21660000.0,53077000.0,100278000.0,right
291085,-8379.0,-292101.0,9996096.0,1065.0,-4793.0,30360.0,21660000.0,53077000.0,100278000.0,right
291095,-68236.0,-184359.0,9852440.0,2663.0,-1597.0,-5859.0,21660000.0,53077000.0,100278000.0,right
291105,-148445.0,-187950.0,10054756.0,532.0,0.0,11718.0,21660000.0,53077000.0,100278000.0,right
291115,-152036.0,-46688.0,9889551.0,-17044.0,-11185.0,50068.0,21660000.0,53077000.0,100278000.0,right
291125,38308.0,-201119.0,10175667.0,2663.0,-5326.0,41546.0,21660000.0,53077000.0,100278000.0,right
291135,44294.0,-329212.0,10069122.0,1597.0,-5859.0,34622.0,21660000.0,53077000.0,100278000.0,right
291145,-128093.0,-185556.0,9787795.0,5859.0,-1065.0,-30893.0,21660000.0,53077000.0,100278000.0,right
291155,-120910.0,-119713.0,10043982.0,-11185.0,-7989.0,-14914.0,21660000.0,53077000.0,100278000.0,right
291165,-129290.0,-74222.0,10041588.0,-3728.0,-3195.0,26099.0,21660000.0,53077000.0,100278000.0,right
291175,-31125.0,-243018.0,10015251.0,-6391.0,-7457.0,18110.0,21660000.0,53077000.0,100278000.0,right
291185,27534.0,-348366.0,9932648.0,-5859.0,-10652.0,24501.0,21660000.0,53077000.0,100278000.0,right
291195,-130487.0,-89785.0,10072713.0,6924.0,-4793.0,42079.0,21660000.0,53077000.0,100278000.0,right
291205,-102953.0,-95770.0,9933845.0,22903.0,4793.0,41546.0,21660000.0,53077000.0,100278000.0,right
291215,-17957.0,-134079.0,10018842.0,-13848.0,-5859.0,23969.0,21660000.0,53077000.0,100278000.0,right
291225,-17957.0,-134079.0,10018842.0,-13848.0,-5859.0,23969.0,21660000.0,53077000.0,100278000.0,right
291235,-90982.0,-318438.0,9999688.0,-22371.0,-5859.0,-10120.0,21660000.0,53077000.0,100278000.0,right
291245,-101756.0,-214287.0,9809343.0,4261.0,-5326.0,532.0,21660000.0,53077000.0,100278000.0,right
291255,-189147.0,-113728.0,10041588.0,7989.0,-5859.0,20773.0,21660000.0,53077000.0,100278000.0,right
291265,-31125.0,-173584.0,9842863.0,532.0,-3195.0,16512.0,21660000.0,53077000.0,100278000.0,right
291275,-61054.0,-161613.0,10166090.0,-4793.0,-1597.0,-14914.0,21660000.0,53077000.0,100278000.0,right
291285,22745.0,-221470.0,10047573.0,-4793.0,-6924.0,0.0,21660000.0,53077000.0,100278000.0,right
291295,-132882.0,-245413.0,9721952.0,-14381.0,-7989.0,5326.0,21660000.0,53077000.0,100278000.0,right
291305,-201119.0,-49082.0,10148133.0,11718.0,-1065.0,-17044.0,21660000.0,53077000.0,100278000.0,right
291315,-106545.0,-71828.0,9863214.0,6924.0,-2663.0,532.0,21660000.0,53077000.0,100278000.0,right
291325,25139.0,-199921.0,10211581.0,-4793.0,-6924.0,28230.0,21660000.0,53077000.0,100278000.0,right
291335,52674.0,-350761.0,9947014.0,-7457.0,-9055.0,23969.0,21660000.0,53077000.0,100278000.0,right
291345,-144853.0,-76616.0,9894340.0,4793.0,-3728.0,17577.0,21660000.0,53077000.0,100278000.0,right
291355,-202316.0,-153233.0,9914691.0,15446.0,3728.0,12783.0,21660000.0,53077000.0,100278000.0,right
291365,-38308.0,-92179.0,10063136.0,6924.0,-532.0,13848.0,21660000.0,53077000.0,100278000.0,right
291375,-28731.0,-268158.0,10077502.0,-26099.0,-14381.0,30360.0,21660000.0,53077000.0,100278000.0,right
291385,2394.0,-192739.0,9915888.0,10652.0,-5326.0,19707.0,21660000.0,53077000.0,100278000.0,right
291395,-174782.0,-211893.0,10003279.0,-20240.0,-10120.0,10652.0,21660000.0,53077000.0,100278000.0,right
291405,-195133.0,-46688.0,9872791.0,14381.0,2130.0,-3728.0,21660000.0,53077000.0,100278000.0,right
291415,-50279.0,-148445.0,10043982.0,10652.0,1597.0,-6924.0,21660000.0,53077000.0,100278000.0,right
291425,79011.0,-328015.0,10033208.0,6924.0,-3195.0,9055.0,21660000.0,53077000.0,100278000.0,right
291435,-58659.0,-314847.0,9924268.0,-29295.0,-15979.0,23969.0,21660000.0,53077000.0,100278000.0,right
291445,-222667.0,-45491.0,10053559.0,-5859.0,-6391.0,17577.0,21660000.0,53077000.0,100278000.0,right
291455,-90982.0,-26337.0,9814132.0,3728.0,-3728.0,-532.0,21660000.0,53077000.0,100278000.0,right
291466,-38308.0,-165204.0,10193624.0,5326.0,0.0,2130.0,21660000.0,53077000.0,100278000.0,right
291475,-65842.0,-319635.0,10032011.0,-7989.0,-7989.0,18642.0,21650000.0,53145000.0,100286000.0,right
291485,-49082.0,-244216.0,9810540.0,-6391.0,-11718.0,27165.0,21650000.0,53145000.0,100286000.0,right
291496,-180767.0,-82602.0,10136162.0,6924.0,-3195.0,28763.0,21650000.0,53145000.0,100286000.0,right
291506,-56265.0,-38308.0,9826103.0,5326.0,-4793.0,36752.0,21650000.0,53145000.0,100286000.0,right
291516,49082.0,-203513.0,10231933.0,-3728.0,-4261.0,49536.0,21650000.0,53145000.0,100286000.0,right
291526,-27534.0,-342381.0,10085882.0,-2663.0,-3195.0,57526.0,21650000.0,53145000.0,100286000.0,right
291536,-107742.0,-196330.0,9797372.0,7989.0,-532.0,51666.0,21650000.0,53145000.0,100286000.0,right
291546,-130487.0,-202316.0,9987717.0,-6391.0,-2130.0,21838.0,21650000.0,53145000.0,100286000.0,right
291556,-229850.0,-47885.0,9961380.0,-11185.0,-4793.0,-9055.0,21650000.0,53145000.0,100286000.0,right
291566,45491.0,-245413.0,10146936.0,5326.0,-6924.0,1065.0,21650000.0,53145000.0,100286000.0,right
291576,77813.0,-253793.0,9966168.0,20240.0,-3728.0,43677.0,21650000.0,53145000.0,100286000.0,right
291586,-89785.0,-168796.0,9932648.0,-20240.0,-9055.0,52199.0,21650000.0,53145000.0,100286000.0,right
291596,-193936.0,-21548.0,10130176.0,-13848.0,-4793.0,22371.0,21650000.0,53145000.0,100286000.0,right
291606,-178373.0,-114925.0,9960182.0,18110.0,6391.0,18110.0,21650000.0,53145000.0,100286000.0,right
291616,39505.0,-241821.0,10063136.0,29828.0,3728.0,46340.0,21650000.0,53145000.0,100286000.0,right
291626,-10774.0,-365126.0,10008068.0,-41013.0,-21305.0,53797.0,21650000.0,53145000.0,100286000.0,right
291636,-146050.0,-89785.0,9953000.0,-17044.0,-12783.0,56460.0,21650000.0,53145000.0,100286000.0,right
291646,-107742.0,-2394.0,9873988.0,28763.0,7989.0,34622.0,21650000.0,53145000.0,100286000.0,right
291656,-53871.0,-156824.0,10010462.0,18642.0,5326.0,23969.0,21650000.0,53145000.0,100286000.0,right
291666,0.0,-368718.0,10066728.0,-40481.0,-19175.0,33556.0,21650000.0,53145000.0,100286000.0,right
291676,-28731.0,-160416.0,9872791.0,4793.0,-6391.0,53797.0,21650000.0,53145000.0,100286000.0,right
291686,-219076.0,-158022.0,10139753.0,-12783.0,-7989.0,52199.0,21650000.0,53145000.0,100286000.0,right
291696,-108939.0,-77813.0,9781809.0,10120.0,1065.0,29295.0,21650000.0,53145000.0,100286000.0,right
291706,-56265.0,-251398.0,10174470.0,9055.0,-532.0,41546.0,21650000.0,53145000.0,100286000.0,right
291716,61054.0,-266961.0,10156513.0,13848.0,-2663.0,45275.0,21650000.0,53145000.0,100286000.0,right
291726,-81405.0,-256187.0,9703995.0,-43144.0,-22371.0,29828.0,21650000.0,53145000.0,100286000.0,right
291736,-152036.0,-29928.0,10246298.0,27165.0,6391.0,16512.0,21650000.0,53145000.0,100286000.0,right
291746,-105348.0,-33519.0,9888354.0,4261.0,-1597.0,28230.0,21650000.0,53145000.0,100286000.0,right
291756,-7182.0,-219076.0,10174470.0,-23969.0,-11185.0,38883.0,21650000.0,53145000.0,100286000.0,right
291766,11971.0,-360338.0,9963774.0,-11185.0,-7989.0,42079.0,21650000.0,53145000.0,100286000.0,right
291776,-150839.0,-142459.0,9893143.0,17044.0,-532.0,39415.0,21650000.0,53145000.0,100286000.0,right
291786,-196330.0,-29928.0,10211581.0,15446.0,2130.0,38350.0,21650000.0,53145000.0,100286000.0,right
291796,-87391.0,-104150.0,9927860.0,-37818.0,-17577.0,46873.0,21650000.0,53145000.0,100286000.0,right
291806,3591.0,-269355.0,9990111.0,9587.0,532.0,43144.0,21650000.0,53145000.0,100286000.0,right
291816,-22745.0,-280130.0,9853637.0,23436.0,4793.0,25034.0,21650000.0,53145000.0,100286000.0,right
291826,-181964.0,-142459.0,10045179.0,-15979.0,-9055.0,25567.0,21650000.0,53145000.0,100286000.0,right
291836,-221470.0,-34716.0,10006871.0,-29295.0,-15446.0,36752.0,21650000.0,53145000.0,100286000.0,right
291846,-90982.0,-172387.0,10077502.0,19707.0,1065.0,23969.0,21650000.0,53145000.0,100286000.0,right
291856,83799.0,-302875.0,10033208.0,2130.0,-6924.0,19707.0,21650000.0,53145000.0,100286000.0,right
291866,-15562.0,-263370.0,9783006.0,-10120.0,-7989.0,40481.0,21650000.0,53145000.0,100286000.0,right
291876,-237033.0,-46688.0,10091867.0,-6924.0,-4793.0,46340.0,21650000.0,53145000.0,100286000.0,right
291886,-178373.0,5985.0,9888354.0,12250.0,532.0,34089.0,21650000.0,53145000.0,100286000.0,right
291896,14365.0,-228653.0,10206793.0,22371.0,4261.0,13848.0,21650000.0,53145000.0,100286000.0,right
291906,32322.0,-427378.0,10010462.0,-34622.0,-15979.0,18642.0,21650000.0,53145000.0,100286000.0,right
291916,-58659.0,-247807.0,9762655.0,-18110.0,-13316.0,39948.0,21650000.0,53145000.0,100286000.0,right
291926,-180767.0,-37111.0,10198413.0,38883.0,8522.0,35154.0,21650000.0,53145000.0,100286000.0,right
291936,-108939.0,-65842.0,9852440.0,-18642.0,-10120.0,25034.0,21650000.0,53145000.0,100286000.0,right
291946,-81405.0,-284918.0,10196018.0,-10120.0,-4261.0,-1065.0,21650000.0,53145000.0,100286000.0,right
291956,21548.0,-271750.0,10045179.0,25567.0,1597.0,3728.0,21650000.0,53145000.0,100286000.0,right
291966,-63448.0,-241821.0,9763852.0,-25567.0,-17044.0,41546.0,21650000.0,53145000.0,100286000.0,right
291976,-160416.0,9577.0,10182850.0,-9587.0,-8522.0,59123.0,21650000.0,53145000.0,100286000.0,right
291986,-100559.0,8379.0,9998491.0,15446.0,3728.0,35687.0,21650000.0,53145000.0,100286000.0,right
291996,102953.0,-338789.0,9973351.0,18110.0,4261.0,29295.0,21650000.0,53145000.0,100286000.0,right
292006,-104150.0,-363929.0,10026025.0,-33024.0,-12783.0,-16512.0,21650000.0,53145000.0,100286000.0,right
292016,-149642.0,-135276.0,10008068.0,-17577.0,-13848.0,14914.0,21650000.0,53145000.0,100286000.0,right
292026,-106545.0,-59856.0,9939831.0,30360.0,6391.0,38883.0,21650000.0,53145000.0,100286000.0,right
292036,-114925.0,-61054.0,10071516.0,-5326.0,-5859.0,40481.0,21650000.0,53145000.0,100286000.0,right
292046,88588.0,-305270.0,10023631.0,-21838.0,-15446.0,19707.0,21650000.0,53145000.0,100286000.0,right
292057,-7182.0,-166402.0,9903917.0,17044.0,2130.0,37285.0,21650000.0,53145000.0,100286000.0,right
292066,-184359.0,-174782.0,10014054.0,-22903.0,-11718.0,61787.0,21650000.0,53145000.0,100286000.0,right
292076,-105348.0,-65842.0,9851243.0,27165.0,10652.0,50068.0,21650000.0,53145000.0,100286000.0,right
292086,-118516.0,-191541.0,10229538.0,1597.0,532.0,44209.0,21650000.0,53145000.0,100286000.0,right
292096,-32322.0,-396252.0,9964971.0,-27697.0,-18642.0,40481.0,21650000.0,53145000.0,100286000.0,right
292107,-56265.0,-220273.0,9788992.0,-13316.0,-13848.0,33556.0,21650000.0,53145000.0,100286000.0,right
292116,-166402.0,-19154.0,10160104.0,19175.0,2130.0,25034.0,21650000.0,53145000.0,100286000.0,right
292126,-74222.0,-108939.0,9826103.0,532.0,-1065.0,37285.0,21650000.0,53145000.0,100286000.0,right
292137,8379.0,-281327.0,10192427.0,-14381.0,-6391.0,32491.0,21650000.0,53145000.0,100286000.0,right
292147,-49082.0,-339987.0,9960182.0,-5859.0,-6924.0,42611.0,21650000.0,53145000.0,100286000.0,right
292157,-156824.0,-93376.0,9980534.0,2130.0,-5859.0,39948.0,21650000.0,53145000.0,100286000.0,right
292167,-132882.0,-120910.0,9993702.0,26099.0,7457.0,33024.0,21650000.0,53145000.0,100286000.0,right
292177,-58659.0,-154430.0,9931451.0,-18642.0,-11185.0,30360.0,21650000.0,53145000.0,100286000.0,right
292187,-16759.0,-280130.0,10055953.0,-16512.0,-10120.0,33556.0,21650000.0,53145000.0,100286000.0,right
292197,-31125.0,-237033.0,9887157.0,21305.0,1597.0,20240.0,21650000.0,53145000.0,100286000.0,right
292207,-130487.0,-196330.0,10035602.0,-18642.0,-10120.0,18110.0,21650000.0,53145000.0,100286000.0,right
292217,-147247.0,-19154.0,9967365.0,-9587.0,-6924.0,22371.0,21650000.0,53145000.0,100286000.0,right
292227,-131685.0,-111333.0,10063136.0,8522.0,2130.0,7457.0,21650000.0,53145000.0,100286000.0,right
292237,-27534.0,-282524.0,9966168.0,-5859.0,-7457.0,31426.0,21650000.0,53145000.0,100286000.0,right
292247,-22745.0,-181964.0,9992505.0,16512.0,-2130.0,49003.0,21650000.0,53145000.0,100286000.0,right
292257,-190344.0,-128093.0,10059545.0,-27697.0,-15979.0,39948.0,21650000.0,53145000.0,100286000.0,right
292267,-124502.0,-28731.0,9873988.0,1597.0,-1597.0,31426.0,21650000.0,53145000.0,100286000.0,right
292277,-43096.0,-220273.0,10197216.0,7989.0,1597.0,28230.0,21650000.0,53145000.0,100286000.0,right
292287,-43096.0,-220273.0,10197216.0,7989.0,1597.0,28230.0,21650000.0,53145000.0,100286000.0,right
292297,-43096.0,-302875.0,9951802.0,6924.0,-3728.0,20240.0,21650000.0,53145000.0,100286000.0,right
292307,-49082.0,-299284.0,9827300.0,-25567.0,-17577.0,19707.0,21650000.0,53145000.0,100286000.0,right
292317,-156824.0,-76616.0,10176864.0,16512.0,532.0,20773.0,21650000.0,53145000.0,100286000.0,right
292327,-56265.0,-68236.0,9800963.0,3195.0,-3195.0,21838.0,21650000.0,53145000.0,100286000.0,right
292337,25139.0,-269355.0,10211581.0,-10120.0,-7457.0,23436.0,21650000.0,53145000.0,100286000.0,right
292347,14365.0,-243018.0,10075108.0,15979.0,1597.0,17044.0,21650000.0,53145000.0,100286000.0,right
292357,-105348.0,-264567.0,9721952.0,-34089.0,-14914.0,15979.0,21650000.0,53145000.0,100286000.0,right
292367,-165204.0,-31125.0,10207990.0,8522.0,532.0,13848.0,21650000.0,53145000.0,100286000.0,right
292377,-81405.0,-116122.0,9891946.0,1597.0,-4261.0,41546.0,21650000.0,53145000.0,100286000.0,right
292387,-2394.0,-264567.0,10087079.0,-532.0,-4261.0,45807.0,21650000.0,53145000.0,100286000.0,right
292397,-15562.0,-299284.0,9955394.0,-5326.0,-8522.0,28230.0,21650000.0,53145000.0,100286000.0,right
292407,-185556.0,-137670.0,9968562.0,532.0,-5326.0,32491.0,21650000.0,53145000.0,100286000.0,right
292417,-108939.0,-93376.0,10004476.0,30360.0,7989.0,44742.0,21650000.0,53145000.0,100286000.0,right
292427,-65842.0,-125699.0,10005674.0,-17044.0,-9587.0,30360.0,21650000.0,53145000.0,100286000.0,right
292437,22745.0,-302875.0,10010462.0,-20773.0,-12250.0,18642.0,21650000.0,53145000.0,100286000.0,right
292447,-43096.0,-149642.0,9915888.0,22903.0,1065.0,11718.0,21650000.0,53145000.0,100286000.0,right
292457,-177176.0,-177176.0,10017645.0,-15446.0,-11185.0,17044.0,21650000.0,53145000.0,100286000.0,right
292467,-116122.0,-64645.0,9860820.0,9587.0,532.0,15979.0,21650000.0,53145000.0,100286000.0,right
292477,-63448.0,-158022.0,10148133.0,0.0,-2663.0,16512.0,21630000.0,53198000.0,100286000.0,right
292487,65842.0,-371112.0,9994899.0,-23969.0,-15979.0,13848.0,21630000.0,53198000.0,100286000.0,right
292497,-58659.0,-118516.0,9845257.0,18110.0,-532.0,39415.0,21630000.0,53198000.0,100286000.0,right
292508,-201119.0,-154430.0,10096656.0,-18110.0,-10120.0,36752.0,21630000.0,53198000.0,100286000.0,right
292517,-81405.0,-29928.0,9805752.0,13316.0,1065.0,12250.0,21630000.0,53198000.0,100286000.0,right
292527,-39505.0,-154430.0,10285804.0,5859.0,-532.0,36220.0,21630000.0,53198000.0,100286000.0,right
292537,38308.0,-401041.0,10023631.0,-27165.0,-14381.0,22903.0,21630000.0,53198000.0,100286000.0,right
292547,-84996.0,-117319.0,9815329.0,18642.0,-532.0,33024.0,21630000.0,53198000.0,100286000.0,right
292558,-168796.0,-185556.0,10133767.0,-6391.0,-4793.0,43144.0,21630000.0,53198000.0,100286000.0,right
292567,-130487.0,-70631.0,9781809.0,-7457.0,-5326.0,24501.0,21630000.0,53198000.0,100286000.0,right
292577,-21548.0,-221470.0,10217567.0,-2130.0,-7457.0,32491.0,21630000.0,53198000.0,100286000.0,right
292587,20351.0,-362732.0,9950605.0,-6924.0,-11185.0,37285.0,21630000.0,53198000.0,100286000.0,right
292597,-100559.0,-84996.0,9945817.0,6924.0,-3728.0,31426.0,21630000.0,53198000.0,100286000.0,right
292608,-152036.0,-136473.0,10028419.0,19707.0,5326.0,31426.0,21630000.0,53198000.0,100286000.0,right
292617,-67039.0,-159219.0,9879974.0,-16512.0,-6924.0,23436.0,21630000.0,53198000.0,100286000.0,right
292627,2394.0,-284918.0,10219961.0,-13848.0,-9587.0,29295.0,21630000.0,53198000.0,100286000.0,right
292637,-7182.0,-293298.0,9887157.0,13848.0,-2663.0,41546.0,21630000.0,53198000.0,100286000.0,right
292647,-164007.0,-153233.0,9982928.0,-19175.0,-11718.0,46340.0,21630000.0,53198000.0,100286000.0,right
292658,-187950.0,-15562.0,10077502.0,3728.0,-3195.0,32491.0,21630000.0,53198000.0,100286000.0,right
292667,-88588.0,-135276.0,9951802.0,4261.0,-1065.0,24501.0,21630000.0,53198000.0,100286000.0,right
292677,32322.0,-313649.0,10027222.0,-7457.0,-7989.0,33024.0,21630000.0,53198000.0,100286000.0,right
292687,43096.0,-292101.0,9921874.0,19707.0,1597.0,30893.0,21630000.0,53198000.0,100286000.0,right
292697,-192739.0,-253793.0,10028419.0,-13848.0,-7457.0,-31426.0,21630000.0,53198000.0,100286000.0,right
292708,-148445.0,2394.0,9866806.0,-13316.0,-9587.0,-50068.0,21630000.0,53198000.0,100286000.0,right
292717,-75419.0,-68236.0,10071516.0,22903.0,3195.0,14914.0,21630000.0,53198000.0,100286000.0,right
292727,-45491.0,-207104.0,9986519.0,23969.0,5326.0,51666.0,21630000.0,53198000.0,100286000.0,right
292738,-40702.0,-234638.0,9907508.0,-38350.0,-20773.0,37818.0,21630000.0,53198000.0,100286000.0,right
292747,-83799.0,-197527.0,10072713.0,-19175.0,-11718.0,12250.0,21630000.0,53198000.0,100286000.0,right
292758,-104150.0,-71828.0,9832089.0,28230.0,6391.0,-532.0,21630000.0,53198000.0,100286000.0,right
292768,-75419.0,-191541.0,10217567.0,19175.0,3728.0,13316.0,21630000.0,53198000.0,100286000.0,right
292778,22745.0,-348366.0,10037996.0,-35154.0,-18642.0,15979.0,21630000.0,53198000.0,100286000.0,right
292788,-120910.0,-65842.0,9692024.0,1065.0,-6391.0,21838.0,21630000.0,53198000.0,100286000.0,right
292798,-174782.0,-165204.0,10145739.0,532.0,-5326.0,20240.0,21630000.0,53198000.0,100286000.0,right
292808,-105348.0,-143656.0,9806949.0,1597.0,-3728.0,15446.0,21630000.0,53198000.0,100286000.0,right
292818,5985.0,-228653.0,10242707.0,-3195.0,-4261.0,13316.0,21630000.0,53198000.0,100286000.0,right
292828,-3591.0,-162810.0,10154119.0,17577.0,2663.0,532.0,21630000.0,53198000.0,100286000.0,right
292838,-88588.0,-264567.0,9736318.0,-25567.0,-13316.0,-1065.0,21630000.0,53198000.0,100286000.0,right
292848,-165204.0,-84996.0,10192427.0,2130.0,-3195.0,-7457.0,21630000.0,53198000.0,100286000.0,right
292858,-102953.0,-112530.0,9845257.0,8522.0,-1065.0,9587.0,21630000.0,53198000.0,100286000.0,right
292868,19154.0,-270553.0,10100247.0,-5326.0,-7457.0,26099.0,21630000.0,53198000.0,100286000.0,right
292878,-5985.0,-275341.0,9985322.0,18110.0,2130.0,48471.0,21630000.0,53198000.0,100286000.0,right
292888,-112530.0,-167599.0,9945817.0,-43677.0,-20240.0,38883.0,21630000.0,53198000.0,100286000.0,right
292898,-156824.0,-143656.0,9942225.0,32491.0,9587.0,2130.0,21630000.0,53198000.0,100286000.0,right
292908,-51476.0,-132882.0,10041588.0,-10120.0,-7457.0,8522.0,21630000.0,53198000.0,100286000.0,right
292918,23942.0,-290904.0,10034405.0,-16512.0,-10652.0,31426.0,21630000.0,53198000.0,100286000.0,right
292928,20351.0,-223864.0,9923071.0,25567.0,5859.0,29828.0,21630000.0,53198000.0,100286000.0,right
292938,-26337.0,-271750.0,10039193.0,-30360.0,-12250.0,28763.0,21630000.0,53198000.0,100286000.0,right
292948,-148445.0,-410618.0,9885960.0,46340.0,14914.0,-30360.0,21630000.0,53198000.0,100286000.0,right
292958,-158022.0,-360338.0,9905114.0,3728.0,-10652.0,-23436.0,21630000.0,53198000.0,100286000.0,right
292968,-484840.0,-697931.0,10150527.0,3195.0,-22371.0,38883.0,21630000.0,53198000.0,100286000.0,right
292978,-505191.0,-931372.0,9931451.0,50068.0,-27165.0,80962.0,21630000.0,53198000.0,100286000.0,right
292988,-111333.0,-1114534.0,10119402.0,94278.0,-47405.0,64983.0,21630000.0,53198000.0,100286000.0,right
292998,924190.0,-453715.0,10023631.0,76168.0,-49536.0,134227.0,21630000.0,53198000.0,100286000.0,right
293008,735042.0,-235836.0,9957788.0,-31426.0,-10652.0,279107.0,21630000.0,53198000.0,100286000.0,right
293018,-244216.0,-231047.0,9990111.0,-61254.0,46873.0,508679.0,21630000.0,53198000.0,100286000.0,right
293028,201119.0,363929.0,10029616.0,-86289.0,-36220.0,610947.0,21630000.0,53198000.0,100286000.0,right
293038,338789.0,1261782.0,10128979.0,-46340.0,-43677.0,588576.0,21630000.0,53198000.0,100286000.0,right
293048,-331607.0,841587.0,10039193.0,-85756.0,14381.0,585380.0,21630000.0,53198000.0,100286000.0,right
293058,-654834.0,-264567.0,10018842.0,-20240.0,43144.0,476720.0,21630000.0,53198000.0,100286000.0,right
293068,-213090.0,-217879.0,10047573.0,-11185.0,-532.0,320121.0,21630000.0,53198000.0,100286000.0,right
293078,128093.0,-142459.0,9891946.0,-12250.0,-11718.0,228506.0,21630000.0,53198000.0,100286000.0,right
293088,-132882.0,-344775.0,9975745.0,-2130.0,-1065.0,190688.0,21630000.0,53198000.0,100286000.0,right
293098,-185556.0,-22745.0,9988914.0,0.0,-5859.0,194416.0,21630000.0,53198000.0,100286000.0,right
293108,-117319.0,2394.0,10089473.0,532.0,532.0,182165.0,21630000.0,53198000.0,100286000.0,right
293118,-21548.0,-154430.0,9994899.0,-8522.0,6391.0,120911.0,21630000.0,53198000.0,100286000.0,right
293128,-131685.0,-207104.0,9885960.0,-13848.0,9587.0,77766.0,21630000.0,53198000.0,100286000.0,right
293138,-222667.0,-90982.0,10040391.0,-2663.0,10652.0,85756.0,21630000.0,53198000.0,100286000.0,right
293148,-159219.0,-41899.0,9950605.0,2130.0,6924.0,105464.0,21630000.0,53198000.0,100286000.0,right
293158,-183162.0,-114925.0,10002082.0,5326.0,2130.0,129966.0,21630000.0,53198000.0,100286000.0,right
293168,-281327.0,-209499.0,10014054.0,5326.0,-7457.0,72440.0,21630000.0,53198000.0,100286000.0,right
293178,-258581.0,-198724.0,9908705.0,14381.0,-27165.0,-35154.0,21630000.0,53198000.0,100286000.0,right
293188,-196330.0,-65842.0,10012856.0,22903.0,-33556.0,-82027.0,21630000.0,53198000.0,100286000.0,right
293198,-132882.0,40702.0,10003279.0,20773.0,-30360.0,-69776.0,21630000.0,53198000.0,100286000.0,right
293208,16759.0,-119713.0,9992505.0,15446.0,-25567.0,-95876.0,21630000.0,53198000.0,100286000.0,right
293218,146050.0,-295692.0,10034405.0,2663.0,-22371.0,-68711.0,21630000.0,53198000.0,100286000.0,right
293228,105348.0,-173584.0,9982928.0,0.0,-12783.0,-26099.0,21630000.0,53198000.0,100286000.0,right
293238,-161613.0,-58659.0,10008068.0,1597.0,-4261.0,-15979.0,21630000.0,53198000.0,100286000.0,right
293248,3591.0,-8379.0,10063136.0,-532.0,-3728.0,-43144.0,21630000.0,53198000.0,100286000.0,right
293259,-187950.0,-216681.0,10014054.0,-10652.0,-2663.0,-53264.0,21630000.0,53198000.0,100286000.0,right
293268,-101756.0,-283721.0,9948211.0,-14914.0,-4793.0,-87354.0,21630000.0,53198000.0,100286000.0,right
293278,-114925.0,-234638.0,9956591.0,-6924.0,-4793.0,-84158.0,21630000.0,53198000.0,100286000.0,right
293288,-205907.0,-104150.0,9978139.0,3195.0,-5859.0,-60721.0,21630000.0,53198000.0,100286000.0,right
293298,-233441.0,-249004.0,10078699.0,8522.0,-9587.0,-59123.0,21630000.0,53198000.0,100286000.0,right
293309,-49082.0,-366324.0,9998491.0,8522.0,-18110.0,-53797.0,21630000.0,53198000.0,100286000.0,right
293318,119713.0,-271750.0,9902720.0,5326.0,-25034.0,-55928.0,21630000.0,53198000.0,100286000.0,right
293328,87391.0,-154430.0,10039193.0,8522.0,-20773.0,-64450.0,21630000.0,53198000.0,100286000.0,right
293338,-15562.0,-110136.0,9978139.0,8522.0,-14381.0,-22903.0,21630000.0,53198000.0,100286000.0,right
293348,-15562.0,-110136.0,9978139.0,8522.0,-14381.0,-22903.0,21630000.0,53198000.0,100286000.0,right
293359,349564.0,-123305.0,9932648.0,-7457.0,-10652.0,-303609.0,21630000.0,53198000.0,100286000.0,right
293368,349564.0,-123305.0,9932648.0,-7457.0,-10652.0,-303609.0,21630000.0,53198000.0,100286000.0,right
293378,33519.0,-23942.0,9951802.0,-14914.0,10120.0,-28230.0,21630000.0,53198000.0,100286000.0,right
293389,-123305.0,216681.0,10053559.0,-15979.0,17044.0,86289.0,21630000.0,53198000.0,100286000.0,right
293399,-2394.0,-31125.0,9985322.0,-18110.0,21838.0,-6924.0,21630000.0,53198000.0,100286000.0,right
293409,-33519.0,-329212.0,10032011.0,-19707.0,29828.0,-2130.0,21630000.0,53198000.0,100286000.0,right
293419,43096.0,-272947.0,10026025.0,-22371.0,26632.0,26632.0,21630000.0,53198000.0,100286000.0,right
293429,-71828.0,-164007.0,9949408.0,-22903.0,27697.0,18642.0,21630000.0,53198000.0,100286000.0,right
293439,-266961.0,-4788.0,10017645.0,-15446.0,28230.0,-1065.0,21630000.0,53198000.0,100286000.0,right
293449,-222667.0,-79011.0,9992505.0,-13848.0,23969.0,-68711.0,21630000.0,53198000.0,100286000.0,right
293459,-283721.0,-238230.0,10022434.0,-11185.0,17044.0,-100670.0,21630000.0,53198000.0,100286000.0,right
293469,-349564.0,-136473.0,9976942.0,-5859.0,4793.0,-141684.0,21630000.0,53198000.0,100286000.0,right
293479,-258581.0,-183162.0,9924268.0,4793.0,-9055.0,-197079.0,21610000.0,53227000.0,100278000.0,right
293489,-205907.0,-20351.0,9966168.0,13316.0,-15979.0,-178437.0,21610000.0,53227000.0,100278000.0,right
293499,-272947.0,-88588.0,10036799.0,25034.0,-19175.0,-174708.0,21610000.0,53227000.0,100278000.0,right
293509,-165204.0,-232244.0,10015251.0,31958.0,-30360.0,-203471.0,21610000.0,53227000.0,100278000.0,right
293519,5985.0,-525543.0,10010462.0,23436.0,-34622.0,-165653.0,21610000.0,53227000.0,100278000.0,right
293529,39505.0,-363929.0,9949408.0,19707.0,-32491.0,-164588.0,21610000.0,53227000.0,100278000.0,right
293539,20351.0,-226258.0,10010462.0,20773.0,-30360.0,-174708.0,21610000.0,53227000.0,100278000.0,right
293549,-64645.0,-205907.0,10028419.0,21838.0,-26099.0,-135825.0,21610000.0,53227000.0,100278000.0,right
293559,65842.0,-331607.0,10032011.0,14381.0,-29828.0,-107062.0,21610000.0,53227000.0,100278000.0,right
293569,32322.0,-289707.0,9947014.0,6391.0,-27697.0,-61254.0,21610000.0,53227000.0,100278000.0,right
293579,-84996.0,-52674.0,9897931.0,7457.0,-26099.0,-15979.0,21610000.0,53227000.0,100278000.0,right
293589,-79011.0,69433.0,10027222.0,10652.0,-23969.0,-58058.0,21610000.0,53227000.0,100278000.0,right
293599,-246610.0,160416.0,10041588.0,13848.0,-23436.0,-105464.0,21610000.0,53227000.0,100278000.0,right
293609,-57462.0,-19154.0,9991308.0,7989.0,-28763.0,-219451.0,21610000.0,53227000.0,100278000.0,right
293619,39505.0,-203513.0,9993702.0,4261.0,-27165.0,-236495.0,21610000.0,53227000.0,100278000.0,right
293629,89785.0,-53871.0,10020039.0,-7457.0,-22903.0,-157131.0,21610000.0,53227000.0,100278000.0,right
293639,102953.0,-316044.0,10030813.0,-12250.0,-9055.0,-143282.0,21610000.0,53227000.0,100278000.0,right
293649,110136.0,-435758.0,10052362.0,-14381.0,3195.0,-74038.0,21610000.0,53227000.0,100278000.0,right
293659,192739.0,-974469.0,9979337.0,-9587.0,4261.0,-69776.0,21610000.0,53227000.0,100278000.0,right
293669,-29928.0,-219076.0,9964971.0,26099.0,26632.0,-540638.0,21610000.0,53227000.0,100278000.0,right
293679,-411815.0,-308861.0,9991308.0,-23436.0,3728.0,-292956.0,21610000.0,53227000.0,100278000.0,right
293689,-181964.0,-184359.0,9953000.0,17044.0,-7457.0,-81495.0,21610000.0,53227000.0,100278000.0,right
293699,21548.0,-64645.0,10049968.0,28230.0,-12783.0,-33024.0,21610000.0,53227000.0,100278000.0,right
293709,-186753.0,-262173.0,9980534.0,20773.0,-9055.0,28763.0,21610000.0,53227000.0,100278000.0,right
293719,-101756.0,-259778.0,9981731.0,18110.0,-27165.0,70842.0,21610000.0,53227000.0,100278000.0,right
293729,-19154.0,-234638.0,9929057.0,20240.0,-26632.0,37285.0,21610000.0,53227000.0,100278000.0,right
293739,-153233.0,-137670.0,9979337.0,27697.0,-20773.0,42611.0,21610000.0,53227000.0,100278000.0,right
293749,-25139.0,-83799.0,10064333.0,29295.0,-21838.0,46873.0,21610000.0,53227000.0,100278000.0,right
293759,162810.0,-28731.0,10053559.0,21838.0,-17044.0,71374.0,21610000.0,53227000.0,100278000.0,right
293769,138867.0,-172387.0,10032011.0,12783.0,-3195.0,83093.0,21610000.0,53227000.0,100278000.0,right
293779,161613.0,-156824.0,10024828.0,2663.0,2130.0,99605.0,21610000.0,53227000.0,100278000.0,right
293789,79011.0,-111333.0,9915888.0,-2663.0,8522.0,110258.0,21610000.0,53227000.0,100278000.0,right
293799,120910.0,39505.0,10099050.0,-6391.0,18110.0,88952.0,21610000.0,53227000.0,100278000.0,right
293949,-199921.0,-304072.0,9686038.0,-6391.0,4261.0,113986.0,21610000.0,53227000.0,100278000.0,right
293959,-526740.0,-447729.0,10040391.0,6391.0,-10652.0,172578.0,21610000.0,53227000.0,100278000.0,right
293969,620117.0,427378.0,10468966.0,-10120.0,-46873.0,96409.0,21610000.0,53227000.0,100278000.0,right
293979,1084606.0,385478.0,10066728.0,-122509.0,-64450.0,-13848.0,21610000.0,53227000.0,100278000.0,right
293989,-51476.0,-985244.0,9423865.0,-9055.0,80962.0,109725.0,21610000.0,53227000.0,100278000.0,right
293999,-663214.0,-676382.0,10084685.0,192818.0,175241.0,-644504.0,21610000.0,53227000.0,100278000.0,right
294010,-747013.0,-293298.0,9939831.0,-15979.0,10652.0,-869282.0,21610000.0,53227000.0,100278000.0,right
294020,-456109.0,-369915.0,10054756.0,2663.0,-29295.0,-431445.0,21610000.0,53227000.0,100278000.0,right
294030,-20351.0,86193.0,9804555.0,34089.0,-28230.0,-233832.0,21610000.0,53227000.0,100278000.0,right
294040,219076.0,-4788.0,9877580.0,-10652.0,-38883.0,-129966.0,21610000.0,53227000.0,100278000.0,right
294050,187950.0,329212.0,10175667.0,92680.0,26099.0,-117715.0,21610000.0,53227000.0,100278000.0,right
294060,100559.0,484840.0,10202004.0,112388.0,50068.0,400018.0,21610000.0,53227000.0,100278000.0,right
294070,-283721.0,-580611.0,9786597.0,-278575.0,-101735.0,806962.0,21610000.0,53227000.0,100278000.0,right
294080,-307664.0,-517163.0,10040391.0,-68711.0,-19175.0,518799.0,21610000.0,53227000.0,100278000.0,right
294090,-198724.0,-7182.0,10033208.0,22371.0,-2663.0,387235.0,21610000.0,53227000.0,100278000.0,right
294100,-156824.0,-47885.0,10010462.0,-3195.0,-16512.0,255671.0,21610000.0,53227000.0,100278000.0,right
294110,10774.0,-217879.0,9817723.0,-532.0,-11185.0,79364.0,21610000.0,53227000.0,100278000.0,right
294120,99362.0,-264567.0,10014054.0,-2663.0,-5326.0,115052.0,21610000.0,53227000.0,100278000.0,right
294130,-90982.0,-229850.0,10190033.0,-3728.0,1597.0,169382.0,21610000.0,53227000.0,100278000.0,right
294140,-92179.0,-260975.0,10011659.0,-9587.0,-5859.0,164055.0,21610000.0,53227000.0,100278000.0,right
294150,-86193.0,-256187.0,10088276.0,-532.0,-4793.0,-16512.0,21610000.0,53227000.0,100278000.0,right
294160,-39505.0,-160416.0,9784203.0,-6924.0,-9587.0,-44742.0,21610000.0,53227000.0,100278000.0,right
294170,-46688.0,-172387.0,9955394.0,2130.0,-3195.0,50601.0,21610000.0,53227000.0,100278000.0,right
294180,-92179.0,-84996.0,10202004.0,-6391.0,-3195.0,94811.0,21610000.0,53227000.0,100278000.0,right
294190,-79011.0,-316044.0,9772232.0,20773.0,5859.0,-63917.0,21610000.0,53227000.0,100278000.0,right
294200,-82602.0,-87391.0,10046376.0,69776.0,26632.0,-371788.0,21610000.0,53227000.0,100278000.0,right
294210,14365.0,-204710.0,10138556.0,9587.0,-1065.0,-121443.0,21610000.0,53227000.0,100278000.0,right
294220,-46688.0,-207104.0,9986519.0,-23969.0,-14381.0,31958.0,21610000.0,53227000.0,100278000.0,right
294230,-166402.0,-164007.0,10008068.0,-30360.0,-6391.0,-7989.0,21610000.0,53227000.0,100278000.0,right
294240,-57462.0,-120910.0,9743501.0,-31426.0,-18642.0,-30360.0,21610000.0,53227000.0,100278000.0,right
294250,-130487.0,-197527.0,9962577.0,-19707.0,-10120.0,66048.0,21610000.0,53227000.0,100278000.0,right
294260,-108939.0,-83799.0,10018842.0,2663.0,-2663.0,120911.0,21610000.0,53227000.0,100278000.0,right
294270,-65842.0,-250201.0,10186441.0,-5326.0,-6924.0,85756.0,21610000.0,53227000.0,100278000.0,right
294280,-43096.0,-107742.0,9883566.0,4793.0,-3728.0,82560.0,21610000.0,53227000.0,100278000.0,right
294290,-74222.0,-101756.0,9923071.0,-3728.0,-1597.0,68178.0,21610000.0,53227000.0,100278000.0,right
294300,-75419.0,-137670.0,10113416.0,0.0,-2130.0,51666.0,21610000.0,53227000.0,100278000.0,right
294310,-96968.0,-215484.0,10055953.0,-4793.0,-4793.0,67113.0,21610000.0,53227000.0,100278000.0,right
294320,-15562.0,-304072.0,10234327.0,-3195.0,-6924.0,105464.0,21610000.0,53227000.0,100278000.0,right
294330,-75419.0,-167599.0,9568718.0,-3728.0,-7989.0,152870.0,21610000.0,53227000.0,100278000.0,right
294340,-62251.0,-113728.0,10030813.0,-5326.0,-7457.0,134760.0,21610000.0,53227000.0,100278000.0,right
294350,-102953.0,-98165.0,9947014.0,-5859.0,-3728.0,100670.0,21610000.0,53227000.0,100278000.0,right
294360,-125699.0,-161613.0,10255875.0,-1065.0,-4261.0,103333.0,21610000.0,53227000.0,100278000.0,right
294370,15562.0,-505191.0,9784203.0,25034.0,1065.0,-181633.0,21610000.0,53227000.0,100278000.0,right
294380,-62251.0,-15562.0,9963774.0,23969.0,17044.0,-688714.0,21610000.0,53227000.0,100278000.0,right
294390,-169993.0,-158022.0,10193624.0,-36220.0,-7457.0,-403747.0,21610000.0,53227000.0,100278000.0,right
294400,-95770.0,-179570.0,10034405.0,3728.0,-6924.0,-164588.0,21610000.0,53227000.0,100278000.0,right
294410,-95770.0,-179570.0,10034405.0,3728.0,-6924.0,-164588.0,21610000.0,53227000.0,100278000.0,right
294420,217879.0,-172387.0,10167287.0,0.0,-14914.0,-31426.0,21610000.0,53227000.0,100278000.0,right
294430,-281327.0,-180767.0,9653715.0,-5859.0,-2663.0,147010.0,21610000.0,53227000.0,100278000.0,right
294440,41899.0,-156824.0,10009265.0,-2663.0,-13316.0,121976.0,21610000.0,53227000.0,100278000.0,right
294450,-87391.0,-158022.0,10034405.0,-6391.0,-8522.0,104399.0,21610000.0,53227000.0,100278000.0,right
294460,-92179.0,-186753.0,10209187.0,-5326.0,-4261.0,105997.0,21610000.0,53227000.0,100278000.0,right
294470,-117319.0,-100559.0,9796175.0,-2130.0,-3195.0,88952.0,21610000.0,53227000.0,100278000.0,right
294480,-131685.0,-73025.0,9920677.0,0.0,0.0,62852.0,21610000.0,53270000.0,100288000.0,right
294490,-77813.0,-219076.0,10083488.0,-1065.0,2130.0,84691.0,21610000.0,53270000.0,100288000.0,right
294500,-162810.0,-196330.0,10124190.0,-1597.0,-3195.0,172045.0,21610000.0,53270000.0,100288000.0,right
294510,83799.0,-264567.0,10064333.0,-9055.0,-14914.0,213591.0,21610000.0,53270000.0,100288000.0,right
294520,-189147.0,-245413.0,9917085.0,-6391.0,-2663.0,219451.0,21610000.0,53270000.0,100288000.0,right
294530,-82602.0,-155627.0,9938634.0,-5326.0,-9587.0,179502.0,21610000.0,53270000.0,100288000.0,right
294540,-87391.0,-246610.0,9879974.0,-1597.0,-10120.0,189622.0,21610000.0,53270000.0,100288000.0,right
294550,-90982.0,-112530.0,10235524.0,-532.0,-6924.0,213059.0,21610000.0,53270000.0,100288000.0,right
294561,-51476.0,-92179.0,9868003.0,-5859.0,-5859.0,229038.0,21610000.0,53270000.0,100288000.0,right
294570,-37111.0,-538711.0,9999688.0,37285.0,7989.0,-102268.0,21610000.0,53270000.0,100288000.0,right
294580,-113728.0,-251398.0,9829694.0,44742.0,15979.0,-854367.0,21610000.0,53270000.0,100288000.0,right
294590,-136473.0,-181964.0,10253481.0,19707.0,1065.0,-507613.0,21610000.0,53270000.0,100288000.0,right
294600,-56265.0,68236.0,10115810.0,96942.0,35687.0,-256736.0,21610000.0,53270000.0,100288000.0,right
294611,-56265.0,-99362.0,10039193.0,-132629.0,-56993.0,-226375.0,21610000.0,53270000.0,100288000.0,right
294621,-177176.0,38308.0,9699206.0,148608.0,56993.0,-238093.0,21610000.0,53270000.0,100288000.0,right
294631,-79011.0,-280130.0,10029616.0,-14914.0,-14914.0,-217853.0,21610000.0,53270000.0,100288000.0,right
294641,-57462.0,-175979.0,10071516.0,-101735.0,-48471.0,-139553.0,21610000.0,53270000.0,100288000.0,right
294651,-155627.0,20351.0,10158907.0,-8522.0,-8522.0,-39415.0,21610000.0,53270000.0,100288000.0,right
294661,27534.0,-5985.0,9822512.0,-32491.0,-26099.0,348352.0,21610000.0,53270000.0,100288000.0,right
294671,-150839.0,-219076.0,9822512.0,3728.0,6924.0,313729.0,21610000.0,53270000.0,100288000.0,right
294681,40702.0,-130487.0,10330098.0,-27165.0,-10652.0,196014.0,21610000.0,53270000.0,100288000.0,right
294691,-167599.0,-319635.0,9947014.0,-17044.0,-5859.0,223179.0,21610000.0,53270000.0,100288000.0,right
294701,-26337.0,-396252.0,9994899.0,-4261.0,-9055.0,175241.0,21610000.0,53270000.0,100288000.0,right
294711,-99362.0,-158022.0,9729135.0,26099.0,5859.0,77234.0,21610000.0,53270000.0,100288000.0,right
294721,-117319.0,-146050.0,10039193.0,-1065.0,-4793.0,7457.0,21610000.0,53270000.0,100288000.0,right
294731,-152036.0,-122108.0,10009265.0,-20773.0,-13848.0,-99072.0,21610000.0,53270000.0,100288000.0,right
294741,-29928.0,-185556.0,10143344.0,3195.0,-4261.0,-161392.0,21610000.0,53270000.0,100288000.0,right
294751,-39505.0,-141262.0,9875186.0,2130.0,-532.0,-67646.0,21610000.0,53270000.0,100288000.0,right
294761,-56265.0,-144853.0,9857229.0,-532.0,-1065.0,62319.0,21610000.0,53270000.0,100288000.0,right
294771,-252595.0,-132882.0,10137359.0,2130.0,0.0,49536.0,21610000.0,53270000.0,100288000.0,right
294781,-52674.0,-137670.0,10113416.0,-2663.0,-9587.0,-19175.0,21610000.0,53270000.0,100288000.0,right
294791,37111.0,-320832.0,10205596.0,-5859.0,-9587.0,11185.0,21610000.0,53270000.0,100288000.0,right
294801,-55068.0,-235836.0,9733923.0,-4793.0,-7989.0,88952.0,21610000.0,53270000.0,100288000.0,right
294811,-50279.0,-131685.0,9941028.0,-5859.0,-6924.0,86289.0,21610000.0,53270000.0,100288000.0,right
294821,-141262.0,-171190.0,9875186.0,-2130.0,-2130.0,35687.0,21610000.0,53270000.0,100288000.0,right
294831,-117319.0,-168796.0,10254678.0,-3728.0,-4793.0,52199.0,21610000.0,53270000.0,100288000.0,right
294841,-73025.0,-181964.0,9826103.0,5859.0,0.0,60189.0,21610000.0,53270000.0,100288000.0,right
294851,-98165.0,-165204.0,9866806.0,532.0,-2663.0,21838.0,21610000.0,53270000.0,100288000.0,right
294861,-19154.0,-156824.0,10072713.0,-2130.0,-7989.0,35154.0,21610000.0,53270000.0,100288000.0,right
294871,-29928.0,-158022.0,10122993.0,26632.0,5859.0,33024.0,21610000.0,53270000.0,100288000.0,right
294881,-190344.0,-165204.0,10127782.0,-33556.0,-15446.0,63917.0,21610000.0,53270000.0,100288000.0,right
294891,45491.0,-368718.0,9894340.0,-17577.0,-16512.0,72972.0,21610000.0,53270000.0,100288000.0,right
294901,-20351.0,-173584.0,9853637.0,35154.0,7989.0,4261.0,21610000.0,53270000.0,100288000.0,right
294911,-73025.0,-143656.0,9957788.0,-20773.0,-11718.0,-2130.0,21610000.0,53270000.0,100288000.0,right
294921,-204710.0,-37111.0,10218764.0,-20240.0,-10120.0,49536.0,21610000.0,53270000.0,100288000.0,right
294931,-137670.0,-181964.0,9863214.0,6391.0,-3195.0,41546.0,21610000.0,53270000.0,100288000.0,right
294941,-34716.0,-83799.0,9984125.0,1597.0,-7457.0,69244.0,21610000.0,53270000.0,100288000.0,right
294951,-89785.0,-214287.0,9875186.0,-4793.0,-4793.0,104399.0,21610000.0,53270000.0,100288000.0,right
294961,-59856.0,-101756.0,10325309.0,-1065.0,-7457.0,96942.0,21610000.0,53270000.0,100288000.0,right
294971,26337.0,-278933.0,9913494.0,-4793.0,-9055.0,86821.0,21610000.0,53270000.0,100288000.0,right
294981,34716.0,-259778.0,10134964.0,18642.0,4261.0,62319.0,21610000.0,53270000.0,100288000.0,right
294991,-172387.0,-171190.0,9693221.0,-17044.0,-4261.0,43677.0,21610000.0,53270000.0,100288000.0,right
295001,-111333.0,-64645.0,10006871.0,-21305.0,-11185.0,22371.0,21610000.0,53270000.0,100288000.0,right
295012,-178373.0,-196330.0,10035602.0,8522.0,-4261.0,34089.0,21610000.0,53270000.0,100288000.0,right
295021,28731.0,-258581.0,10103839.0,-6391.0,-10120.0,79897.0,21610000.0,53270000.0,100288000.0,right
295031,-113728.0,-23942.0,9868003.0,4261.0,532.0,135292.0,21610000.0,53270000.0,100288000.0,right
295041,-161613.0,-111333.0,9881171.0,-5859.0,-5859.0,106529.0,21610000.0,53270000.0,100288000.0,right
295051,65842.0,-177176.0,10207990.0,2130.0,-6391.0,46340.0,21610000.0,53270000.0,100288000.0,right
295061,-49082.0,-238230.0,9994899.0,26632.0,10120.0,-17577.0,21610000.0,53270000.0,100288000.0,right
295071,-130487.0,-247807.0,10231933.0,-33024.0,-14381.0,55928.0,21610000.0,53270000.0,100288000.0,right
295081,-106545.0,-204710.0,9657307.0,-12250.0,-10120.0,96942.0,21610000.0,53270000.0,100288000.0,right
295091,-25139.0,-130487.0,10011659.0,-1597.0,-7457.0,92680.0,21610000.0,53270000.0,100288000.0,right
295101,-213090.0,-100559.0,9914691.0,-2130.0,-4793.0,97474.0,21610000.0,53270000.0,100288000.0,right
295111,-77813.0,-269355.0,10282212.0,18110.0,532.0,36220.0,21610000.0,53270000.0,100288000.0,right
295121,21548.0,-198724.0,9862017.0,22371.0,3728.0,-4261.0,21610000.0,53270000.0,100288000.0,right
295131,-93376.0,-65842.0,9889551.0,-36752.0,-15979.0,17044.0,21610000.0,53270000.0,100288000.0,right
295141,-68236.0,-131685.0,9941028.0,22903.0,7457.0,69776.0,21610000.0,53270000.0,100288000.0,right
295151,-49082.0,-211893.0,10163696.0,-31426.0,-17577.0,100137.0,21610000.0,53270000.0,100288000.0,right
295161,-57462.0,-270553.0,10059545.0,-9587.0,-9055.0,125705.0,21610000.0,53270000.0,100288000.0,right
295171,-69433.0,-270553.0,10045179.0,14381.0,0.0,75103.0,21610000.0,53270000.0,100288000.0,right
295181,-4788.0,-233441.0,9742303.0,-3728.0,-8522.0,26099.0,21610000.0,53270000.0,100288000.0,right
295191,-183162.0,-75419.0,9976942.0,-17044.0,-10120.0,49536.0,21610000.0,53270000.0,100288000.0,right
295201,-253793.0,5985.0,10283409.0,-2130.0,-5859.0,50601.0,21610000.0,53270000.0,100288000.0,right
295212,0.0,-238230.0,9947014.0,-4793.0,-11185.0,21305.0,21610000.0,53270000.0,100288000.0,right
295221,46688.0,-141262.0,9847651.0,6924.0,-2663.0,91082.0,21610000.0,53270000.0,100288000.0,right
295231,-124502.0,-122108.0,9900325.0,13848.0,5326.0,149141.0,21610000.0,53270000.0,100288000.0,right
295241,-102953.0,-199921.0,10207990.0,-14381.0,-7989.0,140086.0,21610000.0,53270000.0,100288000.0,right
295251,-104150.0,-229850.0,9960182.0,-2130.0,-6391.0,37285.0,21610000.0,53270000.0,100288000.0,right
295262,40702.0,-209499.0,10290592.0,-10120.0,-10652.0,35154.0,21610000.0,53270000.0,100288000.0,right
295272,-11971.0,-201119.0,9653715.0,-5859.0,-5326.0,86821.0,21610000.0,53270000.0,100288000.0,right
295282,-107742.0,-283721.0,9991308.0,2130.0,2663.0,60721.0,21610000.0,53270000.0,100288000.0,right
295292,-180767.0,-106545.0,9852440.0,-12250.0,-6924.0,42611.0,21610000.0,53270000.0,100288000.0,right
295302,-183162.0,-252595.0,10284607.0,-3195.0,-7989.0,75636.0,21610000.0,53270000.0,100288000.0,right
295312,-33519.0,-158022.0,9838074.0,19175.0,-2663.0,89484.0,21610000.0,53270000.0,100288000.0,right
295322,-49082.0,2394.0,9967365.0,2663.0,-3195.0,26099.0,21610000.0,53270000.0,100288000.0,right
295332,-31125.0,-132882.0,9926663.0,-14914.0,-6924.0,41013.0,21610000.0,53270000.0,100288000.0,right
295342,21548.0,-252595.0,10192427.0,7989.0,-1597.0,83093.0,21610000.0,53270000.0,100288000.0,right
295352,-49082.0,-300481.0,10041588.0,-11718.0,-6924.0,102268.0,21610000.0,53270000.0,100288000.0,right
295362,-131685.0,-148445.0,10170879.0,-6391.0,-6924.0,86821.0,21610000.0,53270000.0,100288000.0,right
295372,-38308.0,-213090.0,9559141.0,-6924.0,-9055.0,39948.0,21610000.0,53270000.0,100288000.0,right
295382,-81405.0,-221470.0,10055953.0,-1597.0,-3195.0,60721.0,21610000.0,53270000.0,100288000.0,right
295392,-186753.0,-89785.0,10156513.0,-2663.0,-2130.0,95344.0,21610000.0,53270000.0,100288000.0,right
295402,-146050.0,-166402.0,10108627.0,18110.0,2663.0,52732.0,21610000.0,53270000.0,100288000.0,right
295412,-45491.0,-160416.0,9779415.0,-25034.0,-17044.0,29828.0,21610000.0,53270000.0,100288000.0,right
295422,-31125.0,-181964.0,9810540.0,-1597.0,-4793.0,24501.0,21610000.0,53270000.0,100288000.0,right
295432,-45491.0,-69433.0,10354041.0,1597.0,-3195.0,72972.0,21610000.0,53270000.0,100288000.0,right
295442,-62251.0,-294495.0,9828497.0,41546.0,12250.0,51666.0,21610000.0,53270000.0,100288000.0,right
295452,-34716.0,-399843.0,10204398.0,25567.0,5859.0,-21305.0,21610000.0,53270000.0,100288000.0,right
295462,-113728.0,-26337.0,9654912.0,153402.0,58591.0,3195.0,21610000.0,53270000.0,100288000.0,right
295472,-113728.0,-26337.0,9654912.0,153402.0,58591.0,3195.0,21610000.0,53270000.0,100288000.0,right
295482,-166402.0,-13168.0,10026025.0,-90017.0,-42611.0,-6924.0,21610000.0,53341000.0,100286000.0,right
295492,-49082.0,-277735.0,9798569.0,-111323.0,-47405.0,-33024.0,21610000.0,53341000.0,100286000.0,right
295502,-67039.0,-209499.0,10417489.0,-37285.0,-19707.0,95876.0,21610000.0,53341000.0,100286000.0,right
295512,-67039.0,-169993.0,9895537.0,1065.0,-3728.0,144880.0,21610000.0,53341000.0,100286000.0,right
295522,-86193.0,-117319.0,9862017.0,13316.0,3728.0,94278.0,21610000.0,53341000.0,100286000.0,right
295532,-118516.0,-152036.0,9912297.0,-9055.0,-3728.0,-47938.0,21610000.0,53341000.0,100286000.0,right
295542,-4788.0,-247807.0,10187638.0,0.0,-4793.0,-12783.0,21610000.0,53341000.0,100286000.0,right
295552,-20351.0,-308861.0,9984125.0,-3195.0,-5859.0,51134.0,21610000.0,53341000.0,100286000.0,right
295562,-128093.0,-177176.0,10258270.0,-5859.0,-3728.0,73505.0,21610000.0,53341000.0,100286000.0,right
295572,-80208.0,-112530.0,9630970.0,-7457.0,-5859.0,45807.0,21610000.0,53341000.0,100286000.0,right
295582,11971.0,-353155.0,9985322.0,-2130.0,-5859.0,49003.0,21610000.0,53341000.0,100286000.0,right
295592,-152036.0,-107742.0,10132570.0,-1065.0,-4793.0,115052.0,21610000.0,53341000.0,100286000.0,right
295602,-137670.0,-105348.0,10126584.0,5326.0,-2663.0,85223.0,21610000.0,53341000.0,100286000.0,right
295612,-86193.0,-107742.0,9902720.0,-3195.0,-6391.0,12783.0,21610000.0,53341000.0,100286000.0,right
295622,61054.0,-143656.0,9824906.0,9055.0,1065.0,15979.0,21610000.0,53341000.0,100286000.0,right
295632,-134079.0,-148445.0,10209187.0,-10652.0,-3195.0,59656.0,21610000.0,53341000.0,100286000.0,right
295642,-82602.0,-262173.0,10026025.0,1065.0,-6391.0,74570.0,21610000.0,53341000.0,100286000.0,right
295652,2394.0,-305270.0,10253481.0,-6391.0,-10120.0,44742.0,21610000.0,53341000.0,100286000.0,right
295662,-131685.0,-143656.0,9713572.0,-3728.0,-4261.0,31958.0,21610000.0,53341000.0,100286000.0,right
295672,-68236.0,-136473.0,9979337.0,-9587.0,-8522.0,37818.0,21610000.0,53341000.0,100286000.0,right
295682,-49082.0,-209499.0,9860820.0,-6924.0,-10652.0,61787.0,21610000.0,53341000.0,100286000.0,right
295692,-153233.0,-146050.0,10447417.0,5326.0,-1065.0,38883.0,21610000.0,53341000.0,100286000.0,right
295702,-71828.0,-124502.0,9875186.0,-3728.0,-2130.0,-32491.0,21610000.0,53341000.0,100286000.0,right
295712,-87391.0,-148445.0,9846454.0,-1597.0,-2663.0,64450.0,21610000.0,53341000.0,100286000.0,right
295722,-75419.0,-203513.0,9859623.0,1597.0,-3728.0,125705.0,21610000.0,53341000.0,100286000.0,right
295732,-116122.0,-120910.0,10374392.0,-3195.0,-6924.0,50601.0,21610000.0,53341000.0,100286000.0,right
295742,39505.0,-312452.0,9889551.0,-3195.0,-10652.0,47405.0,21610000.0,53341000.0,100286000.0,right
295752,55068.0,-277735.0,10212778.0,33556.0,9055.0,18110.0,21610000.0,53341000.0,100286000.0,right
295762,-116122.0,-165204.0,9712375.0,23969.0,9055.0,52732.0,21610000.0,53341000.0,100286000.0,right
295772,-183162.0,-58659.0,9931451.0,106529.0,41013.0,113454.0,21610000.0,53341000.0,100286000.0,right
295782,-144853.0,-146050.0,9939831.0,-30893.0,-23436.0,106529.0,21610000.0,53341000.0,100286000.0,right
295792,-166402.0,-272947.0,10234327.0,-36752.0,-9055.0,-14381.0,21610000.0,53341000.0,100286000.0,right
295802,-46688.0,-17957.0,9868003.0,-73505.0,-36220.0,-46340.0,21610000.0,53341000.0,100286000.0,right
295813,-9577.0,-183162.0,9771035.0,20773.0,-1597.0,65515.0,21610000.0,53341000.0,100286000.0,right
295822,-26337.0,-288510.0,10015251.0,-5326.0,-11718.0,122509.0,21610000.0,53341000.0,100286000.0,right
295832,-2394.0,-144853.0,10137359.0,91615.0,41546.0,107594.0,21610000.0,53341000.0,100286000.0,right
295842,-227456.0,-367521.0,10060742.0,-117182.0,-48471.0,-6924.0,21610000.0,53341000.0,100286000.0,right
295852,45491.0,-130487.0,9881171.0,47405.0,11718.0,21838.0,21610000.0,53341000.0,100286000.0,right
295862,-53871.0,-84996.0,9869200.0,27165.0,5859.0,97474.0,21610000.0,53341000.0,100286000.0,right
295872,-119713.0,-107742.0,9960182.0,-13316.0,-10120.0,95876.0,21610000.0,53341000.0,100286000.0,right
295882,-148445.0,-110136.0,10363618.0,-18110.0,-9055.0,66048.0,21610000.0,53341000.0,100286000.0,right
295893,-90982.0,-187950.0,10057150.0,-14914.0,-12250.0,47938.0,21610000.0,53341000.0,100286000.0,right
295903,-75419.0,-228653.0,9592661.0,-12250.0,-12250.0,22371.0,21610000.0,53341000.0,100286000.0,right
295913,-46688.0,-146050.0,9921874.0,-532.0,-5859.0,6391.0,21610000.0,53341000.0,100286000.0,right
295923,-15562.0,-210696.0,10270241.0,-12783.0,-14381.0,33024.0,21610000.0,53341000.0,100286000.0,right
295933,-9577.0,-134079.0,9929057.0,20773.0,9587.0,45807.0,21610000.0,53341000.0,100286000.0,right
295943,-141262.0,-306467.0,10398335.0,12250.0,6924.0,42611.0,21610000.0,53341000.0,100286000.0,right
295953,-83799.0,-177176.0,9456188.0,10652.0,1597.0,46873.0,21610000.0,53341000.0,100286000.0,right
295963,-130487.0,-226258.0,10144542.0,-10120.0,-10120.0,52732.0,21610000.0,53341000.0,100286000.0,right
295973,-43096.0,-70631.0,9890748.0,8522.0,-5326.0,52199.0,21610000.0,53341000.0,100286000.0,right
295983,-108939.0,-167599.0,10338478.0,-23969.0,-13848.0,63385.0,21610000.0,53341000.0,100286000.0,right
295993,-28731.0,-169993.0,9852440.0,-9055.0,-6391.0,64983.0,21610000.0,53341000.0,100286000.0,right
296003,-94573.0,-247807.0,9648927.0,-1065.0,-532.0,58591.0,21610000.0,53341000.0,100286000.0,right
296013,-95770.0,-195133.0,10103839.0,-12250.0,-9055.0,68711.0,21610000.0,53341000.0,100286000.0,right
296023,-45491.0,-148445.0,10216370.0,14914.0,0.0,61254.0,21610000.0,53341000.0,100286000.0,right
296033,-55068.0,-195133.0,10184047.0,9055.0,-1065.0,58591.0,21610000.0,53341000.0,100286000.0,right
296043,-51476.0,-209499.0,9896734.0,10120.0,0.0,49003.0,21610000.0,53341000.0,100286000.0,right
296053,-45491.0,-172387.0,9671672.0,-4261.0,-4261.0,46340.0,21610000.0,53341000.0,100286000.0,right
296063,-99362.0,-181964.0,10139753.0,3728.0,-1597.0,48471.0,21610000.0,53341000.0,100286000.0,right
296073,-162810.0,-114925.0,10168484.0,-11718.0,-9055.0,58591.0,21610000.0,53341000.0,100286000.0,right
296083,-75419.0,-183162.0,10070319.0,-13848.0,-11718.0,67646.0,21610000.0,53341000.0,100286000.0,right
296093,-96968.0,-178373.0,9775823.0,-12250.0,-10120.0,73505.0,21610000.0,53341000.0,100286000.0,right
296103,-32322.0,-211893.0,9701601.0,-9055.0,-7457.0,74038.0,21610000.0,53341000.0,100286000.0,right
296113,-16759.0,-207104.0,10356435.0,-1597.0,-5859.0,63385.0,21610000.0,53341000.0,100286000.0,right
296123,-57462.0,-171190.0,9881171.0,19175.0,7457.0,58058.0,21610000.0,53341000.0,100286000.0,right
296133,-113728.0,-210696.0,10489317.0,-6924.0,-6391.0,73505.0,21610000.0,53341000.0,100286000.0,right
296143,-21548.0,-196330.0,9514847.0,15446.0,-532.0,60189.0,21610000.0,53341000.0,100286000.0,right
296153,-61054.0,-179570.0,9985322.0,3195.0,-4261.0,46873.0,21610000.0,53341000.0,100286000.0,right
296163,-89785.0,-82602.0,9917085.0,-13316.0,-10652.0,56460.0,21610000.0,53341000.0,100286000.0,right
296173,-51476.0,-98165.0,10413897.0,-7989.0,-5859.0,53264.0,21610000.0,53341000.0,100286000.0,right
296183,-111333.0,-201119.0,9938634.0,-14914.0,-4793.0,57526.0,21610000.0,53341000.0,100286000.0,right
296193,-67039.0,-260975.0,9660898.0,-15446.0,-6924.0,70309.0,21610000.0,53341000.0,100286000.0,right
296203,-129290.0,-213090.0,9852440.0,0.0,-3195.0,76168.0,21610000.0,53341000.0,100286000.0,right
296213,-21548.0,-207104.0,10407912.0,-7457.0,-14914.0,81495.0,21610000.0,53341000.0,100286000.0,right
296223,41899.0,-120910.0,9862017.0,19175.0,2130.0,70842.0,21610000.0,53341000.0,100286000.0,right
296233,-149642.0,-227456.0,10429460.0,19707.0,6391.0,62852.0,21610000.0,53341000.0,100286000.0,right
296243,-37111.0,-152036.0,9420273.0,-7989.0,-8522.0,67113.0,21610000.0,53341000.0,100286000.0,right
296253,-70631.0,-238230.0,10117007.0,-6391.0,-5326.0,66048.0,21610000.0,53341000.0,100286000.0,right
296263,-193936.0,-168796.0,9914691.0,5859.0,-3195.0,66581.0,21610000.0,53341000.0,100286000.0,right
296273,-77813.0,-172387.0,10294184.0,-15979.0,-15979.0,64983.0,21610000.0,53341000.0,100286000.0,right
296283,-87391.0,-77813.0,9935042.0,-15979.0,-13848.0,69776.0,21610000.0,53341000.0,100286000.0,right
296293,-11971.0,-192739.0,9688432.0,-6924.0,-6924.0,26632.0,21610000.0,53341000.0,100286000.0,right
296303,3591.0,-239427.0,10048771.0,-5326.0,-5326.0,36220.0,21610000.0,53341000.0,100286000.0,right
296313,-110136.0,-174782.0,10127782.0,12783.0,5326.0,61787.0,21610000.0,53341000.0,100286000.0,right
296323,-240624.0,-214287.0,10200807.0,9055.0,2130.0,44209.0,21610000.0,53341000.0,100286000.0,right
296333,-9577.0,-205907.0,9976942.0,-13316.0,-18642.0,27165.0,21610000.0,53341000.0,100286000.0,right
296343,111333.0,-138867.0,9621392.0,22371.0,2663.0,26099.0,21610000.0,53341000.0,100286000.0,right
296353,-119713.0,-65842.0,10122993.0,7989.0,5859.0,44742.0,21610000.0,53341000.0,100286000.0,right
296363,-244216.0,-79011.0,10160104.0,-14914.0,-5859.0,33556.0,21610000.0,53341000.0,100286000.0,right
296373,-79011.0,-180767.0,10042785.0,-24501.0,-14381.0,33556.0,21610000.0,53341000.0,100286000.0,right
296383,-104150.0,-272947.0,9834483.0,-11718.0,-10652.0,86289.0,21610000.0,53341000.0,100286000.0,right
296393,-19154.0,-137670.0,9779415.0,6924.0,-3728.0,86821.0,21610000.0,53341000.0,100286000.0,right
296403,-79011.0,-129290.0,10307352.0,-6391.0,-10120.0,53797.0,21610000.0,53341000.0,100286000.0,right
296414,22745.0,-152036.0,9964971.0,-7457.0,-6924.0,47938.0,21610000.0,53341000.0,100286000.0,right
296423,-141262.0,-228653.0,10451009.0,21305.0,10652.0,60721.0,21610000.0,53341000.0,100286000.0,right
296433,-111333.0,-156824.0,9542381.0,10652.0,532.0,42611.0,21610000.0,53341000.0,100286000.0,right
296443,-52674.0,-231047.0,10003279.0,-18642.0,-15979.0,36220.0,21610000.0,53341000.0,100286000.0,right
296453,-108939.0,-106545.0,9943422.0,6924.0,-3728.0,64983.0,21610000.0,53341000.0,100286000.0,right
296463,-88588.0,-95770.0,10345661.0,-11718.0,-9587.0,62319.0,21610000.0,53341000.0,100286000.0,right
296474,-95770.0,-146050.0,9926663.0,-17577.0,-11185.0,33024.0,21610000.0,53341000.0,100286000.0,right
296483,3591.0,-243018.0,9677658.0,-13316.0,-10120.0,40481.0,21590000.0,53393000.0,100286000.0,right
296494,-80208.0,-216681.0,9954197.0,1597.0,-2663.0,64983.0,21590000.0,53393000.0,100286000.0,right
296504,-129290.0,-88588.0,10188836.0,33556.0,8522.0,54862.0,21590000.0,53393000.0,100286000.0,right
296514,-59856.0,-202316.0,10082290.0,-36220.0,-23436.0,45807.0,21590000.0,53393000.0,100286000.0,right
296524,27534.0,-322029.0,10103839.0,10652.0,-2663.0,49003.0,21590000.0,53393000.0,100286000.0,right
296534,27534.0,-322029.0,10103839.0,10652.0,-2663.0,49003.0,21590000.0,53393000.0,100286000.0,right
296544,-2394.0,-80208.0,9741106.0,34089.0,13316.0,82560.0,21590000.0,53393000.0,100286000.0,right
296554,-240624.0,-37111.0,10051165.0,-8522.0,-2663.0,63385.0,21590000.0,53393000.0,100286000.0,right
296564,-99362.0,-113728.0,10185244.0,-30360.0,-18110.0,532.0,21590000.0,53393000.0,100286000.0,right
296574,-51476.0,-247807.0,10103839.0,-6924.0,-7457.0,54330.0,21590000.0,53393000.0,100286000.0,right
296584,-99362.0,-135276.0,9791386.0,-4261.0,-8522.0,92148.0,21590000.0,53393000.0,100286000.0,right
296594,-52674.0,-84996.0,9833286.0,-2663.0,-4793.0,56460.0,21590000.0,53393000.0,100286000.0,right
296604,-136473.0,-221470.0,10300169.0,-15979.0,-9055.0,34089.0,21590000.0,53393000.0,100286000.0,right
296614,9577.0,-220273.0,9909903.0,-1065.0,-5859.0,48471.0,21590000.0,53393000.0,100286000.0,right
296624,-68236.0,-274144.0,10436643.0,30360.0,11718.0,63385.0,21590000.0,53393000.0,100286000.0,right
296634,-11971.0,-209499.0,9615407.0,0.0,-3195.0,69244.0,21590000.0,53393000.0,100286000.0,right
296644,-95770.0,-143656.0,9990111.0,-2130.0,-4793.0,72972.0,21590000.0,53393000.0,100286000.0,right
296654,-193936.0,-86193.0,9930254.0,4261.0,-2663.0,45275.0,21590000.0,53393000.0,100286000.0,right
296664,-87391.0,-168796.0,10315732.0,-20240.0,-14914.0,28230.0,21590000.0,53393000.0,100286000.0,right
296674,-25139.0,-187950.0,9973351.0,-19175.0,-11718.0,43677.0,21590000.0,53393000.0,100286000.0,right
296684,0.0,-233441.0,9677658.0,-8522.0,-4793.0,78831.0,21590000.0,53393000.0,100286000.0,right
296694,-95770.0,-178373.0,9974548.0,-1065.0,-3195.0,76701.0,21590000.0,53393000.0,100286000.0,right
296704,-40702.0,-69433.0,10176864.0,10120.0,-1597.0,50068.0,21590000.0,53393000.0,100286000.0,right
296714,-101756.0,-175979.0,10175667.0,1065.0,-1065.0,36752.0,21590000.0,53393000.0,100286000.0,right
296724,-8379.0,-307664.0,9979337.0,-6391.0,-7989.0,47938.0,21590000.0,53393000.0,100286000.0,right
296734,-70631.0,-153233.0,9774626.0,29828.0,10120.0,70842.0,21590000.0,53393000.0,100286000.0,right
296744,-155627.0,-64645.0,10065530.0,-17577.0,-10652.0,68711.0,21590000.0,53393000.0,100286000.0,right
296754,-184359.0,-149642.0,10140950.0,-15979.0,-10652.0,48471.0,21590000.0,53393000.0,100286000.0,right
296764,-17957.0,-220273.0,9997294.0,-13848.0,-12250.0,58058.0,21590000.0,53393000.0,100286000.0,right
296774,-38308.0,-243018.0,9796175.0,-12250.0,-10120.0,59656.0,21590000.0,53393000.0,100286000.0,right
296784,-11971.0,-155627.0,9900325.0,-4793.0,-5326.0,59123.0,21590000.0,53393000.0,100286000.0,right
296794,-130487.0,-208301.0,10265452.0,-3195.0,-3728.0,75636.0,21590000.0,53393000.0,100286000.0,right
296804,-58659.0,-137670.0,9863214.0,21838.0,5326.0,60721.0,21590000.0,53393000.0,100286000.0,right
296814,-43096.0,-278933.0,10273832.0,-6924.0,-7457.0,59656.0,21590000.0,53393000.0,100286000.0,right
296824,-22745.0,-99362.0,9721952.0,30893.0,11185.0,54330.0,21590000.0,53393000.0,100286000.0,right
296834,-76616.0,-181964.0,9972154.0,-53264.0,-23969.0,60721.0,21590000.0,53393000.0,100286000.0,right
296844,-152036.0,-125699.0,9996096.0,31958.0,10120.0,65515.0,21590000.0,53393000.0,100286000.0,right
296854,-104150.0,-250201.0,10240313.0,-20773.0,-12783.0,41546.0,21590000.0,53393000.0,100286000.0,right
296865,-101756.0,-178373.0,9883566.0,-20240.0,-12250.0,36752.0,21590000.0,53393000.0,100286000.0,right
296874,20351.0,-142459.0,9707586.0,-4793.0,-7457.0,62852.0,21590000.0,53393000.0,100286000.0,right
296884,-101756.0,-165204.0,10045179.0,-2663.0,-4261.0,72440.0,21590000.0,53393000.0,100286000.0,right
296894,-53871.0,-198724.0,10176864.0,-1065.0,-6924.0,69776.0,21590000.0,53393000.0,100286000.0,right
296904,-116122.0,-245413.0,10221158.0,26632.0,7989.0,51134.0,21590000.0,53393000.0,100286000.0,right
296914,8379.0,-231047.0,9877580.0,-6924.0,-6391.0,17577.0,21590000.0,53393000.0,100286000.0,right
296924,-63448.0,-131685.0,9646532.0,-6924.0,-5859.0,37285.0,21590000.0,53393000.0,100286000.0,right
296934,-118516.0,-108939.0,10149330.0,17577.0,4261.0,69244.0,21590000.0,53393000.0,100286000.0,right
296944,-147247.0,-155627.0,10224750.0,-24501.0,-14914.0,72440.0,21590000.0,53393000.0,100286000.0,right
296954,-107742.0,-209499.0,10130176.0,-29828.0,-20773.0,25567.0,21590000.0,53393000.0,100286000.0,right
296964,51476.0,-187950.0,9574704.0,-4261.0,-6391.0,-17577.0,21590000.0,53393000.0,100286000.0,right
296974,-81405.0,-213090.0,9932648.0,-2130.0,1065.0,38350.0,21590000.0,53393000.0,100286000.0,right
296984,8379.0,-223864.0,10320521.0,1597.0,-6391.0,61254.0,21590000.0,53393000.0,100286000.0,right
296994,-73025.0,-129290.0,10029616.0,20240.0,10120.0,39415.0,21590000.0,53393000.0,100286000.0,right
297004,-142459.0,-274144.0,10342069.0,-26632.0,-12783.0,77766.0,21590000.0,53393000.0,100286000.0,right
297014,26337.0,-136473.0,9496890.0,47938.0,13316.0,77234.0,21590000.0,53393000.0,100286000.0,right
297024,-123305.0,-231047.0,10120599.0,-10652.0,-5326.0,34089.0,21590000.0,53393000.0,100286000.0,right
297034,-134079.0,-89785.0,9918283.0,-26099.0,-15446.0,23436.0,21590000.0,53393000.0,100286000.0,right
297044,-76616.0,-201119.0,10315732.0,532.0,-3728.0,44209.0,21590000.0,53393000.0,100286000.0,right
297054,-92179.0,-231047.0,9908705.0,-7457.0,-6924.0,58058.0,21590000.0,53393000.0,100286000.0,right
297064,5985.0,-158022.0,9647730.0,-11185.0,-10652.0,84158.0,21590000.0,53393000.0,100286000.0,right
297074,-132882.0,-137670.0,10136162.0,-4793.0,-3195.0,79364.0,21590000.0,53393000.0,100286000.0,right
297084,-79011.0,-90982.0,10082290.0,21305.0,5326.0,21305.0,21590000.0,53393000.0,100286000.0,right
297094,-17957.0,-232244.0,10316929.0,-7457.0,-5326.0,14381.0,21590000.0,53393000.0,100286000.0,right
297104,4788.0,-262173.0,9762655.0,3195.0,-1597.0,49536.0,21590000.0,53393000.0,100286000.0,right
297115,-106545.0,-126896.0,9773429.0,13848.0,1597.0,31426.0,21590000.0,53393000.0,100286000.0,right
297125,-53871.0,-153233.0,10073910.0,-20773.0,-13316.0,5326.0,21590000.0,53393000.0,100286000.0,right
297135,-175979.0,-184359.0,10207990.0,-11718.0,-3728.0,6924.0,21590000.0,53393000.0,100286000.0,right
297145,-58659.0,-246610.0,9987717.0,-12250.0,-9055.0,40481.0,21590000.0,53393000.0,100286000.0,right
297155,-104150.0,-274144.0,9580690.0,-9587.0,-8522.0,79897.0,21590000.0,53393000.0,100286000.0,right
297165,23942.0,-207104.0,9969759.0,-15979.0,-17577.0,98007.0,21590000.0,53393000.0,100286000.0,right
297175,-37111.0,-130487.0,10346858.0,30360.0,9587.0,80962.0,21590000.0,53393000.0,100286000.0,right
297185,-71828.0,-172387.0,9878777.0,-10652.0,-6924.0,63385.0,21590000.0,53393000.0,100286000.0,right
297195,-107742.0,-210696.0,10388758.0,14914.0,5326.0,70309.0,21590000.0,53393000.0,100286000.0,right
297205,-57462.0,-152036.0,9537593.0,14381.0,4793.0,82560.0,21590000.0,53393000.0,100286000.0,right
297215,-141262.0,-238230.0,10158907.0,-13848.0,-10652.0,77766.0,21590000.0,53393000.0,100286000.0,right
297225,-87391.0,-112530.0,9973351.0,-7457.0,-10652.0,51134.0,21590000.0,53393000.0,100286000.0,right
297235,-86193.0,-161613.0,10186441.0,-18642.0,-11185.0,30360.0,21590000.0,53393000.0,100286000.0,right
297245,-99362.0,-167599.0,9749486.0,-16512.0,-13848.0,39415.0,21590000.0,53393000.0,100286000.0,right
297255,-1197.0,-199921.0,9651321.0,-7457.0,-10120.0,39948.0,21590000.0,53393000.0,100286000.0,right
297265,-86193.0,-226258.0,10267847.0,4261.0,-532.0,22903.0,21590000.0,53393000.0,100286000.0,right
297275,-17957.0,-135276.0,9968562.0,-532.0,-2130.0,19175.0,21590000.0,53393000.0,100286000.0,right
297285,-132882.0,-237033.0,10415095.0,21305.0,6391.0,39948.0,21590000.0,53393000.0,100286000.0,right
297295,-26337.0,-220273.0,9609421.0,7457.0,-3195.0,60721.0,21590000.0,53393000.0,100286000.0,right
297305,-104150.0,-156824.0,9982928.0,8522.0,-4261.0,37818.0,21590000.0,53393000.0,100286000.0,right
297315,-84996.0,-96968.0,9987717.0,-20773.0,-14914.0,42611.0,21590000.0,53393000.0,100286000.0,right
297325,-41899.0,-107742.0,10349252.0,6391.0,-3728.0,42079.0,21590000.0,53393000.0,100286000.0,right
297335,-131685.0,-207104.0,10009265.0,-23969.0,-11185.0,14381.0,21590000.0,53393000.0,100286000.0,right
297345,-63448.0,-211893.0,9571113.0,-15446.0,-7989.0,19175.0,21590000.0,53393000.0,100286000.0,right
297355,-131685.0,-178373.0,9930254.0,15446.0,2130.0,31426.0,21590000.0,53393000.0,100286000.0,right
297365,-10774.0,-134079.0,10259467.0,-7457.0,-10652.0,38883.0,21590000.0,53393000.0,100286000.0,right
297375,-32322.0,-172387.0,10126584.0,19175.0,4261.0,13316.0,21590000.0,53393000.0,100286000.0,right
297385,3591.0,-287312.0,10026025.0,-1597.0,-3195.0,23436.0,21590000.0,53393000.0,100286000.0,right
297395,-125699.0,-162810.0,9556747.0,12783.0,4261.0,11185.0,21590000.0,53393000.0,100286000.0,right
297405,-132882.0,-197527.0,10182850.0,-11718.0,-9587.0,29828.0,21590000.0,53393000.0,100286000.0,right
297415,-81405.0,-124502.0,10084685.0,-4793.0,-11185.0,39415.0,21590000.0,53393000.0,100286000.0,right
297425,-46688.0,-213090.0,10245101.0,-17044.0,-13848.0,29828.0,21590000.0,53393000.0,100286000.0,right
297435,-89785.0,-205907.0,9580690.0,-13316.0,-10120.0,35687.0,21590000.0,53393000.0,100286000.0,right
297445,-61054.0,-173584.0,9824906.0,-3195.0,-5326.0,41013.0,21590000.0,53393000.0,100286000.0,right
297455,-35914.0,-204710.0,10451009.0,9587.0,-2130.0,29295.0,21590000.0,53393000.0,100286000.0,right
297465,-53871.0,-149642.0,9873988.0,-1065.0,-5326.0,6391.0,21590000.0,53393000.0,100286000.0,right
297475,-80208.0,-280130.0,10409109.0,8522.0,-532.0,29828.0,21590000.0,53393000.0,100286000.0,right
297485,-17957.0,-172387.0,9517242.0,26632.0,7457.0,41013.0,21590000.0,53451000.0,100278000.0,right
297495,-82602.0,-214287.0,10118204.0,-17577.0,-10120.0,19707.0,21590000.0,53451000.0,100278000.0,right
297505,-100559.0,-82602.0,9878777.0,-11718.0,-9587.0,33556.0,21590000.0,53451000.0,100278000.0,right
297515,-74222.0,-168796.0,10379180.0,0.0,-5326.0,56460.0,21590000.0,53451000.0,100278000.0,right
297525,-67039.0,-238230.0,9800963.0,-17577.0,-9587.0,51134.0,21590000.0,53451000.0,100278000.0,right
297535,-35914.0,-221470.0,9634561.0,-15446.0,-9055.0,49536.0,21590000.0,53451000.0,100278000.0,right
297545,-57462.0,-164007.0,10222355.0,3195.0,-1065.0,36752.0,21590000.0,53451000.0,100278000.0,right
297555,-37111.0,-128093.0,10066728.0,7457.0,0.0,59656.0,21590000.0,53451000.0,100278000.0,right
297565,-152036.0,-245413.0,10399532.0,22371.0,7457.0,69244.0,21590000.0,53451000.0,100278000.0,right
297575,-14365.0,-260975.0,9693221.0,-3728.0,-8522.0,70309.0,21590000.0,53451000.0,100278000.0,right
297585,-70631.0,-174782.0,9883566.0,10652.0,-1065.0,43677.0,21590000.0,53451000.0,100278000.0,right
297595,-70631.0,-174782.0,9883566.0,10652.0,-1065.0,43677.0,21590000.0,53451000.0,100278000.0,right
297605,-31125.0,-117319.0,9987717.0,-20240.0,-12783.0,28763.0,21590000.0,53451000.0,100278000.0,right
297615,-95770.0,-130487.0,10358829.0,-8522.0,-4793.0,50601.0,21590000.0,53451000.0,100278000.0,right
297625,-96968.0,-214287.0,9986519.0,-12250.0,-7457.0,77234.0,21590000.0,53451000.0,100278000.0,right
297635,-63448.0,-282524.0,9507664.0,-14381.0,-10652.0,64450.0,21590000.0,53451000.0,100278000.0,right
297645,-110136.0,-169993.0,10036799.0,-1065.0,-1597.0,34089.0,21590000.0,53451000.0,100278000.0,right
297655,4788.0,-141262.0,10307352.0,-7989.0,-9587.0,64450.0,21590000.0,53451000.0,100278000.0,right
297666,-70631.0,-141262.0,10017645.0,32491.0,12250.0,64450.0,21590000.0,53451000.0,100278000.0,right
297675,-53871.0,-332804.0,10136162.0,6391.0,-1597.0,57526.0,21590000.0,53451000.0,100278000.0,right
297685,-70631.0,-168796.0,9524424.0,-1065.0,-5326.0,27697.0,21590000.0,53451000.0,100278000.0,right
297695,-123305.0,-214287.0,10217567.0,-20240.0,-10652.0,36220.0,21590000.0,53451000.0,100278000.0,right
297705,-114925.0,-104150.0,10020039.0,4261.0,-2130.0,60721.0,21590000.0,53451000.0,100278000.0,right
297715,-31125.0,-247807.0,10312141.0,-20240.0,-14381.0,53264.0,21590000.0,53451000.0,100278000.0,right
297725,-57462.0,-215484.0,9474145.0,-17044.0,-10652.0,48471.0,21590000.0,53451000.0,100278000.0,right
297735,0.0,-223864.0,9796175.0,-19707.0,-13316.0,102268.0,21590000.0,53451000.0,100278000.0,right
297746,-167599.0,-189147.0,10501288.0,30893.0,17044.0,103866.0,21590000.0,53451000.0,100278000.0,right
297756,-28731.0,-186753.0,9857229.0,3728.0,-4261.0,82560.0,21590000.0,53451000.0,100278000.0,right
297766,-134079.0,-284918.0,10440234.0,-4261.0,-6391.0,33556.0,21590000.0,53451000.0,100278000.0,right
297776,-10774.0,-146050.0,9324502.0,4793.0,-6391.0,58058.0,21590000.0,53451000.0,100278000.0,right
297786,-51476.0,-125699.0,10205596.0,20773.0,5326.0,80429.0,21590000.0,53451000.0,100278000.0,right
297796,-142459.0,-123305.0,9879974.0,-19707.0,-9587.0,74570.0,21590000.0,53451000.0,100278000.0,right
297806,-86193.0,-161613.0,10302564.0,-14914.0,-9587.0,53264.0,21590000.0,53451000.0,100278000.0,right
297816,-166402.0,-196330.0,9763852.0,-13848.0,-9587.0,17044.0,21590000.0,53451000.0,100278000.0,right
297826,-44294.0,-239427.0,9674067.0,-10120.0,-11185.0,20773.0,21590000.0,53451000.0,100278000.0,right
297836,-40702.0,-210696.0,10237918.0,6924.0,-5326.0,14914.0,21590000.0,53451000.0,100278000.0,right
297846,52674.0,-98165.0,9893143.0,27165.0,9055.0,7989.0,21590000.0,53451000.0,100278000.0,right
297856,-100559.0,-296890.0,10415095.0,-47938.0,-19175.0,50068.0,21590000.0,53451000.0,100278000.0,right
297866,-59856.0,-209499.0,9681249.0,67646.0,25567.0,50068.0,21590000.0,53451000.0,100278000.0,right
297876,-108939.0,-257384.0,9933845.0,-47938.0,-25567.0,22371.0,21590000.0,53451000.0,100278000.0,right
297886,-27534.0,-65842.0,9951802.0,20773.0,2130.0,36752.0,21590000.0,53451000.0,100278000.0,right
297896,-114925.0,-184359.0,10321718.0,-27165.0,-14381.0,101735.0,21590000.0,53451000.0,100278000.0,right
297906,-106545.0,-245413.0,9970957.0,-15979.0,-11185.0,89484.0,21590000.0,53451000.0,100278000.0,right
297916,-35914.0,-172387.0,9693221.0,1597.0,0.0,22903.0,21590000.0,53451000.0,100278000.0,right
297926,-25139.0,-241821.0,9955394.0,-30360.0,-15979.0,60721.0,21590000.0,53451000.0,100278000.0,right
297936,-26337.0,-92179.0,10283409.0,50601.0,17044.0,75103.0,21590000.0,53451000.0,100278000.0,right
297946,-89785.0,-228653.0,10200807.0,-20773.0,-11718.0,91615.0,21590000.0,53451000.0,100278000.0,right
297956,-5985.0,-220273.0,9973351.0,30360.0,10120.0,42611.0,21590000.0,53451000.0,100278000.0,right
297966,-73025.0,-186753.0,9638152.0,-33556.0,-16512.0,43677.0,21590000.0,53451000.0,100278000.0,right
297976,-95770.0,-71828.0,10072713.0,25034.0,7457.0,68178.0,21590000.0,53451000.0,100278000.0,right
297986,-213090.0,-209499.0,10259467.0,-13848.0,-10120.0,54330.0,21590000.0,53451000.0,100278000.0,right
297996,-159219.0,-178373.0,10121796.0,-36752.0,-21305.0,34089.0,21590000.0,53451000.0,100278000.0,right
298006,-58659.0,-112530.0,9676461.0,-9055.0,-10120.0,31958.0,21590000.0,53451000.0,100278000.0,right
298016,43096.0,-235836.0,9834483.0,2130.0,-8522.0,49003.0,21590000.0,53451000.0,100278000.0,right
298026,-33519.0,-173584.0,10332492.0,42079.0,17044.0,23969.0,21590000.0,53451000.0,100278000.0,right
298036,-110136.0,-299284.0,9908705.0,-74570.0,-31958.0,-43144.0,21590000.0,53451000.0,100278000.0,right
298046,-22745.0,-168796.0,10389955.0,83093.0,29828.0,23436.0,21590000.0,53451000.0,100278000.0,right
298056,-123305.0,-249004.0,9403513.0,-40481.0,-24501.0,104399.0,21590000.0,53451000.0,100278000.0,right
298066,-49082.0,-161613.0,10246298.0,22371.0,1597.0,104931.0,21590000.0,53451000.0,100278000.0,right
298076,-123305.0,-198724.0,10051165.0,-18642.0,-12783.0,47938.0,21590000.0,53451000.0,100278000.0,right
298086,-26337.0,-168796.0,10412700.0,-29295.0,-15446.0,-17577.0,21590000.0,53451000.0,100278000.0,right
298096,-51476.0,-167599.0,9614210.0,1065.0,-2130.0,3728.0,21590000.0,53451000.0,100278000.0,right
298106,-68236.0,-231047.0,9684841.0,13848.0,2130.0,78831.0,21590000.0,53451000.0,100278000.0,right
298116,-71828.0,-180767.0,10433052.0,-6924.0,-5326.0,95344.0,21590000.0,53451000.0,100278000.0,right
298126,-57462.0,-175979.0,9741106.0,3728.0,1065.0,91615.0,21590000.0,53451000.0,100278000.0,right
298136,-140065.0,-295692.0,10563540.0,9587.0,1065.0,90017.0,21590000.0,53451000.0,100278000.0,right
298146,-67039.0,-205907.0,9366402.0,16512.0,-2663.0,55395.0,21590000.0,53451000.0,100278000.0,right
298156,-67039.0,-181964.0,10152921.0,-4261.0,-9587.0,31426.0,21590000.0,53451000.0,100278000.0,right
298166,-123305.0,-50279.0,9879974.0,-10652.0,-10652.0,23436.0,21590000.0,53451000.0,100278000.0,right
298176,-69433.0,-172387.0,10377983.0,-9587.0,-9587.0,11718.0,21590000.0,53451000.0,100278000.0,right
298186,-37111.0,-164007.0,9766246.0,-12250.0,-9055.0,23436.0,21590000.0,53451000.0,100278000.0,right
298196,-17957.0,-211893.0,9727938.0,-8522.0,-4261.0,39415.0,21590000.0,53451000.0,100278000.0,right
298206,-41899.0,-229850.0,10140950.0,-6391.0,-4793.0,49536.0,21590000.0,53451000.0,100278000.0,right
298216,14365.0,-172387.0,10059545.0,11185.0,-2663.0,59123.0,21590000.0,53451000.0,100278000.0,right
298226,-110136.0,-271750.0,10461783.0,18642.0,6391.0,67646.0,21590000.0,53451000.0,100278000.0,right
298236,16759.0,-247807.0,9554353.0,-6924.0,-8522.0,86821.0,21590000.0,53451000.0,100278000.0,right
298246,-105348.0,-191541.0,10009265.0,6924.0,1065.0,67113.0,21590000.0,53451000.0,100278000.0,right
298256,-129290.0,-143656.0,9866806.0,-11185.0,-9587.0,44742.0,21590000.0,53451000.0,100278000.0,right
298266,-82602.0,-147247.0,10434249.0,-4261.0,-6391.0,50068.0,21590000.0,53451000.0,100278000.0,right
298276,-96968.0,-155627.0,9846454.0,-17044.0,-11185.0,56993.0,21590000.0,53451000.0,100278000.0,right
298286,2394.0,-205907.0,9731529.0,-13848.0,-9587.0,58591.0,21590000.0,53451000.0,100278000.0,right
298296,-58659.0,-214287.0,9912297.0,-4793.0,-3728.0,66581.0,21590000.0,53451000.0,100278000.0,right
298306,-67039.0,-141262.0,10318126.0,12783.0,532.0,56460.0,21590000.0,53451000.0,100278000.0,right
298316,-57462.0,-233441.0,10115810.0,5326.0,532.0,43144.0,21590000.0,53451000.0,100278000.0,right
298326,-69433.0,-258581.0,10004476.0,4793.0,-1597.0,37818.0,21590000.0,53451000.0,100278000.0,right
298336,-33519.0,-196330.0,9618998.0,3728.0,-1597.0,48471.0,21590000.0,53451000.0,100278000.0,right
298346,-86193.0,-214287.0,10121796.0,3195.0,-1597.0,63385.0,21590000.0,53451000.0,100278000.0,right
298356,-160416.0,-181964.0,10234327.0,-17044.0,-13848.0,76168.0,21590000.0,53451000.0,100278000.0,right
298366,-82602.0,-148445.0,10003279.0,-15446.0,-12783.0,81495.0,21590000.0,53451000.0,100278000.0,right
298376,-86193.0,-156824.0,9730332.0,-14914.0,-10120.0,56460.0,21590000.0,53451000.0,100278000.0,right
298386,-34716.0,-262173.0,9755472.0,-12783.0,-9055.0,51134.0,21590000.0,53451000.0,100278000.0,right
298397,-7182.0,-205907.0,10454600.0,13848.0,532.0,38883.0,21590000.0,53451000.0,100278000.0,right
298407,-23942.0,-191541.0,9893143.0,25567.0,11185.0,47938.0,21590000.0,53451000.0,100278000.0,right
298417,-201119.0,-280130.0,10327704.0,-32491.0,-14381.0,80962.0,21590000.0,53451000.0,100278000.0,right
298427,11971.0,-225061.0,9378374.0,11718.0,-3728.0,67646.0,21590000.0,53451000.0,100278000.0,right
298437,-43096.0,-178373.0,10255875.0,35687.0,6924.0,35154.0,21590000.0,53451000.0,100278000.0,right
298447,-117319.0,-117319.0,9949408.0,-36752.0,-18110.0,53264.0,21590000.0,53451000.0,100278000.0,right
298457,-142459.0,-82602.0,10265452.0,-21838.0,-11185.0,71907.0,21590000.0,53451000.0,100278000.0,right
298467,-100559.0,-211893.0,9784203.0,-3195.0,-5859.0,33024.0,21590000.0,53451000.0,100278000.0,right
298477,14365.0,-337592.0,9674067.0,-3195.0,-5859.0,27697.0,21590000.0,53451000.0,100278000.0,right
298487,-23942.0,-147247.0,10362421.0,12783.0,0.0,35687.0,21560000.0,53479000.0,100278000.0,right
298497,-44294.0,-165204.0,10004476.0,-36752.0,-18110.0,81495.0,21560000.0,53479000.0,100278000.0,right
298507,-63448.0,-205907.0,10419883.0,39948.0,13848.0,88952.0,21560000.0,53479000.0,100278000.0,right
298517,-23942.0,-201119.0,9675264.0,18642.0,5859.0,64983.0,21560000.0,53479000.0,100278000.0,right
298527,-117319.0,-257384.0,9976942.0,-43144.0,-19707.0,47938.0,21560000.0,53479000.0,100278000.0,right
298537,-140065.0,-100559.0,9923071.0,15979.0,1597.0,61254.0,21560000.0,53479000.0,100278000.0,right
298547,-99362.0,-122108.0,10401926.0,-6924.0,-10652.0,74570.0,21560000.0,53479000.0,100278000.0,right
298557,-92179.0,-181964.0,9894340.0,-20773.0,-14381.0,59123.0,21560000.0,53479000.0,100278000.0,right
298567,-5985.0,-254990.0,9660898.0,-14381.0,-10120.0,52732.0,21560000.0,53479000.0,100278000.0,right
298577,-21548.0,-174782.0,10054756.0,532.0,-5326.0,39948.0,21560000.0,53479000.0,100278000.0,right
298587,-27534.0,-122108.0,10173273.0,6391.0,-1597.0,44742.0,21560000.0,53479000.0,100278000.0,right
298597,-68236.0,-215484.0,10221158.0,4261.0,532.0,41013.0,21560000.0,53479000.0,100278000.0,right
298607,-68236.0,-298087.0,9878777.0,8522.0,2130.0,54862.0,21560000.0,53479000.0,100278000.0,right
298617,-137670.0,-199921.0,9658504.0,1065.0,-5326.0,56993.0,21560000.0,53479000.0,100278000.0,right
298627,-49082.0,-147247.0,10087079.0,-4261.0,-11185.0,49536.0,21560000.0,53479000.0,100278000.0,right
298637,-32322.0,-120910.0,10144542.0,-14914.0,-11185.0,73505.0,21560000.0,53479000.0,100278000.0,right
298647,-40702.0,-210696.0,10176864.0,-11718.0,-11185.0,90550.0,21560000.0,53479000.0,100278000.0,right
298657,-92179.0,-246610.0,9486116.0,-7457.0,-3728.0,71907.0,21560000.0,53479000.0,100278000.0,right
298667,-92179.0,-246610.0,9486116.0,-7457.0,-3728.0,71907.0,21560000.0,53479000.0,100278000.0,right
298677,-64645.0,-179570.0,10042785.0,-12783.0,-5859.0,74570.0,21560000.0,53479000.0,100278000.0,right
298687,-71828.0,-225061.0,10342069.0,4261.0,-6924.0,85756.0,21560000.0,53479000.0,100278000.0,right
298697,35914.0,-155627.0,10107430.0,7989.0,-4261.0,64450.0,21560000.0,53479000.0,100278000.0,right
298707,-38308.0,-293298.0,10185244.0,7989.0,1597.0,33556.0,21560000.0,53479000.0,100278000.0,right
298717,3591.0,-132882.0,9520833.0,12250.0,6391.0,84691.0,21560000.0,53479000.0,100278000.0,right
298727,-185556.0,-174782.0,10202004.0,3195.0,3195.0,115584.0,21560000.0,53479000.0,100278000.0,right
298737,-147247.0,-143656.0,9970957.0,-22903.0,-15979.0,83625.0,21560000.0,53479000.0,100278000.0,right
298747,-138867.0,-202316.0,10278621.0,-12250.0,-11718.0,57526.0,21560000.0,53479000.0,100278000.0,right
298757,-43096.0,-142459.0,9757866.0,-6391.0,-9587.0,59656.0,21560000.0,53479000.0,100278000.0,right
298767,-32322.0,-237033.0,9720755.0,-7457.0,-4793.0,58591.0,21560000.0,53479000.0,100278000.0,right
298777,-107742.0,-222667.0,10227144.0,-3195.0,-4261.0,26099.0,21560000.0,53479000.0,100278000.0,right
298787,-10774.0,-135276.0,9935042.0,6924.0,-1065.0,44209.0,21560000.0,53479000.0,100278000.0,right
298797,-142459.0,-286115.0,10375589.0,15979.0,4261.0,70842.0,21560000.0,53479000.0,100278000.0,right
298807,-16759.0,-237033.0,9656109.0,-1597.0,-7989.0,60721.0,21560000.0,53479000.0,100278000.0,right
298817,-95770.0,-191541.0,9997294.0,2663.0,-4793.0,37285.0,21560000.0,53479000.0,100278000.0,right
298827,-33519.0,-102953.0,9930254.0,-10652.0,-8522.0,46340.0,21560000.0,53479000.0,100278000.0,right
298837,-99362.0,-219076.0,10260664.0,-11185.0,-4793.0,56460.0,21560000.0,53479000.0,100278000.0,right
298847,-116122.0,-243018.0,9943422.0,-17044.0,-8522.0,61254.0,21560000.0,53479000.0,100278000.0,right
298857,-19154.0,-207104.0,9580690.0,-13316.0,-12783.0,90017.0,21560000.0,53479000.0,100278000.0,right
298867,-77813.0,-229850.0,10090670.0,10652.0,532.0,67113.0,21560000.0,53479000.0,100278000.0,right
298877,23942.0,-111333.0,10154119.0,3728.0,-1065.0,43677.0,21560000.0,53479000.0,100278000.0,right
298887,-52674.0,-208301.0,10198413.0,-5326.0,-6924.0,65515.0,21560000.0,53479000.0,100278000.0,right
298897,1197.0,-251398.0,9906311.0,36220.0,10652.0,68178.0,21560000.0,53479000.0,100278000.0,right
298907,-120910.0,-186753.0,9688432.0,-14914.0,-8522.0,52199.0,21560000.0,53479000.0,100278000.0,right
298917,-141262.0,-141262.0,10058348.0,-9055.0,-7457.0,54862.0,21560000.0,53479000.0,100278000.0,right
298927,-102953.0,-148445.0,10257072.0,-1597.0,-7989.0,63917.0,21560000.0,53479000.0,100278000.0,right
298937,-64645.0,-223864.0,10082290.0,-19707.0,-13316.0,47938.0,21560000.0,53479000.0,100278000.0,right
298947,-16759.0,-208301.0,9536396.0,-14914.0,-6924.0,43144.0,21560000.0,53479000.0,100278000.0,right
298957,-58659.0,-209499.0,9860820.0,-7989.0,-4793.0,79364.0,21560000.0,53479000.0,100278000.0,right
298967,3591.0,-158022.0,10451009.0,19707.0,1065.0,66048.0,21560000.0,53479000.0,100278000.0,right
298977,-93376.0,-214287.0,10069122.0,10652.0,3195.0,24501.0,21560000.0,53479000.0,100278000.0,right
298987,-110136.0,-326818.0,10182850.0,-21305.0,-12783.0,58058.0,21560000.0,53479000.0,100278000.0,right
298998,15562.0,-113728.0,9550761.0,37285.0,9587.0,71907.0,21560000.0,53479000.0,100278000.0,right
299008,-112530.0,-237033.0,10181653.0,-9587.0,-9055.0,30893.0,21560000.0,53479000.0,100278000.0,right
299018,-111333.0,-142459.0,10053559.0,-30360.0,-15979.0,38350.0,21560000.0,53479000.0,100278000.0,right
299028,-185556.0,-225061.0,10182850.0,-2130.0,-4261.0,82560.0,21560000.0,53479000.0,100278000.0,right
299038,-32322.0,-250201.0,9668081.0,-11718.0,-15446.0,58058.0,21560000.0,53479000.0,100278000.0,right
299048,21548.0,-118516.0,9967365.0,-4793.0,-8522.0,21305.0,21560000.0,53479000.0,100278000.0,right
299058,-40702.0,-253793.0,10154119.0,-23436.0,-11718.0,69776.0,21560000.0,53479000.0,100278000.0,right
299068,-10774.0,-177176.0,9887157.0,42079.0,13316.0,88419.0,21560000.0,53479000.0,100278000.0,right
299078,-112530.0,-311255.0,10322915.0,-1065.0,-2130.0,59656.0,21560000.0,53479000.0,100278000.0,right
299088,5985.0,-214287.0,9598647.0,-2663.0,-5326.0,72440.0,21560000.0,53479000.0,100278000.0,right
299098,-116122.0,-214287.0,10051165.0,6924.0,-2663.0,86289.0,21560000.0,53479000.0,100278000.0,right
299108,-58659.0,-92179.0,9919480.0,-6924.0,-9587.0,73505.0,21560000.0,53479000.0,100278000.0,right
299118,-79011.0,-180767.0,10252284.0,-13848.0,-6924.0,78299.0,21560000.0,53479000.0,100278000.0,right
299128,-114925.0,-169993.0,9942225.0,-17577.0,-10120.0,91615.0,21560000.0,53479000.0,100278000.0,right
299138,-39505.0,-254990.0,9686038.0,-10120.0,-5326.0,73505.0,21560000.0,53479000.0,100278000.0,right
299148,-92179.0,-204710.0,10125387.0,5859.0,-1065.0,37285.0,21560000.0,53479000.0,100278000.0,right
299158,-13168.0,-129290.0,10073910.0,-1065.0,-4261.0,28763.0,21560000.0,53479000.0,100278000.0,right
299168,-63448.0,-219076.0,10289395.0,5326.0,-2130.0,37818.0,21560000.0,53479000.0,100278000.0,right
299178,-2394.0,-262173.0,9775823.0,11718.0,-532.0,43144.0,21560000.0,53479000.0,100278000.0,right
299188,-65842.0,-204710.0,9866806.0,14914.0,5859.0,44742.0,21560000.0,53479000.0,100278000.0,right
299198,-104150.0,-209499.0,9988914.0,-31426.0,-16512.0,63385.0,21560000.0,53479000.0,100278000.0,right
299208,-55068.0,-177176.0,10269044.0,-6391.0,-9587.0,75636.0,21560000.0,53479000.0,100278000.0,right
299218,-108939.0,-239427.0,9997294.0,-13316.0,-12250.0,63917.0,21560000.0,53479000.0,100278000.0,right
299228,9577.0,-178373.0,9674067.0,-11718.0,-11185.0,73505.0,21560000.0,53479000.0,100278000.0,right
299238,-118516.0,-148445.0,9830892.0,-2130.0,-1065.0,94811.0,21560000.0,53479000.0,100278000.0,right
299248,-128093.0,-195133.0,10445023.0,1065.0,-6924.0,63385.0,21560000.0,53479000.0,100278000.0,right
299258,21548.0,-223864.0,9883566.0,3728.0,-7457.0,42611.0,21560000.0,53479000.0,100278000.0,right
299268,-87391.0,-280130.0,10400729.0,20773.0,2663.0,46340.0,21560000.0,53479000.0,100278000.0,right
299278,9577.0,-117319.0,9487313.0,13316.0,1597.0,47938.0,21560000.0,53479000.0,100278000.0,right
299288,-201119.0,-132882.0,10124190.0,-11718.0,-6391.0,52732.0,21560000.0,53479000.0,100278000.0,right
299298,-155627.0,-108939.0,9968562.0,-15446.0,-11185.0,29295.0,21560000.0,53479000.0,100278000.0,right
299308,-37111.0,-235836.0,10273832.0,-2663.0,-10120.0,41013.0,21560000.0,53479000.0,100278000.0,right
299318,-58659.0,-231047.0,9850046.0,-13848.0,-12250.0,29295.0,21560000.0,53479000.0,100278000.0,right
299328,4788.0,-169993.0,9650124.0,-11185.0,-7457.0,16512.0,21560000.0,53479000.0,100278000.0,right
299338,-50279.0,-196330.0,10187638.0,-10652.0,-6924.0,47938.0,21560000.0,53479000.0,100278000.0,right
299348,-106545.0,-196330.0,10020039.0,18110.0,7457.0,52199.0,21560000.0,53479000.0,100278000.0,right
299358,-124502.0,-268158.0,10367209.0,17044.0,3195.0,48471.0,21560000.0,53479000.0,100278000.0,right
299368,26337.0,-294495.0,9751880.0,-7457.0,-10652.0,59123.0,21560000.0,53479000.0,100278000.0,right
299378,-9577.0,-179570.0,9912297.0,19707.0,1597.0,55928.0,21560000.0,53479000.0,100278000.0,right
299388,-104150.0,-50279.0,9906311.0,-4261.0,-5859.0,43677.0,21560000.0,53479000.0,100278000.0,right
299398,-147247.0,-117319.0,10283409.0,-26632.0,-11718.0,31426.0,21560000.0,53479000.0,100278000.0,right
299408,-40702.0,-263370.0,9933845.0,-12783.0,-9055.0,37818.0,21560000.0,53479000.0,100278000.0,right
299418,-14365.0,-307664.0,9682446.0,-5859.0,-6924.0,57526.0,21560000.0,53479000.0,100278000.0,right
299428,-88588.0,-187950.0,9985322.0,-1065.0,-3728.0,64450.0,21560000.0,53479000.0,100278000.0,right
299438,-88588.0,-168796.0,10245101.0,-9055.0,-7989.0,88419.0,21560000.0,53479000.0,100278000.0,right
299448,-69433.0,-172387.0,9914691.0,20240.0,2130.0,67113.0,21560000.0,53479000.0,100278000.0,right
299458,-50279.0,-256187.0,10248692.0,10120.0,-2130.0,27165.0,21560000.0,53479000.0,100278000.0,right
299468,-20351.0,-172387.0,9656109.0,9587.0,532.0,33556.0,21560000.0,53479000.0,100278000.0,right
299478,-112530.0,-222667.0,10127782.0,-13848.0,-8522.0,64983.0,21560000.0,53479000.0,100278000.0,right
299488,-123305.0,-155627.0,10020039.0,-6924.0,-9587.0,74038.0,21550000.0,53500000.0,100286000.0,right
299498,-49082.0,-220273.0,10075108.0,-15446.0,-12783.0,56993.0,21550000.0,53500000.0,100286000.0,right
299509,-77813.0,-154430.0,9805752.0,-14914.0,-8522.0,42079.0,21550000.0,53500000.0,100286000.0,right
299519,-61054.0,-246610.0,9768640.0,-8522.0,-3195.0,53797.0,21550000.0,53500000.0,100286000.0,right
299528,-40702.0,-284918.0,10211581.0,-4793.0,-10652.0,67113.0,21550000.0,53500000.0,100286000.0,right
299538,7182.0,-150839.0,9954197.0,24501.0,4793.0,55395.0,21550000.0,53500000.0,100286000.0,right
299548,-46688.0,-202316.0,10363618.0,-9055.0,-6391.0,74038.0,21550000.0,53500000.0,100286000.0,right
299558,-20351.0,-203513.0,9718361.0,5326.0,532.0,84691.0,21550000.0,53500000.0,100286000.0,right
299568,-52674.0,-249004.0,9942225.0,13316.0,1597.0,64450.0,21550000.0,53500000.0,100286000.0,right
299578,-94573.0,-208301.0,9919480.0,-2663.0,-5326.0,53264.0,21550000.0,53500000.0,100286000.0,right
299588,-124502.0,-162810.0,10188836.0,-45807.0,-18642.0,68711.0,21550000.0,53500000.0,100286000.0,right
299598,-126896.0,-204710.0,9905114.0,10652.0,-2130.0,110790.0,21550000.0,53500000.0,100286000.0,right
299609,-47885.0,-167599.0,9774626.0,532.0,-9055.0,81495.0,21550000.0,53500000.0,100286000.0,right
299618,33519.0,-265764.0,9960182.0,-33556.0,-22903.0,62319.0,21550000.0,53500000.0,100286000.0,right
299629,31125.0,-177176.0,10391152.0,31426.0,8522.0,52732.0,21550000.0,53500000.0,100286000.0,right
299638,-112530.0,-217879.0,10000885.0,10652.0,7457.0,52199.0,21550000.0,53500000.0,100286000.0,right
299649,-226258.0,-196330.0,10257072.0,-20240.0,-11185.0,62319.0,21550000.0,53500000.0,100286000.0,right
299659,50279.0,-231047.0,9463370.0,17044.0,-1597.0,41546.0,21550000.0,53500000.0,100286000.0,right
299669,-33519.0,-140065.0,10132570.0,30893.0,7457.0,38883.0,21550000.0,53500000.0,100286000.0,right
299679,-183162.0,-134079.0,9992505.0,-49536.0,-21305.0,55395.0,21550000.0,53500000.0,100286000.0,right
299689,-119713.0,-162810.0,10212778.0,-14381.0,-6924.0,46873.0,21550000.0,53500000.0,100286000.0,right
299699,4788.0,-262173.0,9862017.0,4793.0,-6391.0,47405.0,21550000.0,53500000.0,100286000.0,right
299709,-25139.0,-234638.0,9857229.0,1597.0,-1597.0,46873.0,21550000.0,53500000.0,100286000.0,right
299719,-25139.0,-234638.0,9857229.0,1597.0,-1597.0,46873.0,21550000.0,53500000.0,100286000.0,right
